ARM GAS  C:\Users\Lenovo\AppData\Local\Temp\ccHfIZ2m.s 			page 1


   1              		.syntax unified
   2              		.cpu cortex-m0
   3              		.fpu softvfp
   4              		.eabi_attribute 20, 1
   5              		.eabi_attribute 21, 1
   6              		.eabi_attribute 23, 3
   7              		.eabi_attribute 24, 1
   8              		.eabi_attribute 25, 1
   9              		.eabi_attribute 26, 1
  10              		.eabi_attribute 30, 1
  11              		.eabi_attribute 34, 0
  12              		.eabi_attribute 18, 4
  13              		.thumb
  14              		.syntax unified
  15              		.file	"aios.c"
  16              		.text
  17              	.Ltext0:
  18              		.cfi_sections	.debug_frame
  19              		.section	.text.AiosInit,"ax",%progbits
  20              		.align	2
  21              		.global	AiosInit
  22              		.code	16
  23              		.thumb_func
  24              		.type	AiosInit, %function
  25              	AiosInit:
  26              	.LFB36:
  27              		.file 1 "aios.c"
   1:aios.c        **** /*******************************************************************************
   2:aios.c        **** * File Name: aios.c
   3:aios.c        **** *
   4:aios.c        **** * Version 1.10
   5:aios.c        **** *
   6:aios.c        **** * Description:
   7:aios.c        **** *  This file contains AIO service related code.
   8:aios.c        **** *
   9:aios.c        **** * Hardware Dependency:
  10:aios.c        **** *  CY8CKIT-042 BLE
  11:aios.c        **** *
  12:aios.c        **** ********************************************************************************
  13:aios.c        **** * Copyright 2018, Cypress Semiconductor Corporation.  All rights reserved.
  14:aios.c        **** * You may use this file only in accordance with the license, terms, conditions,
  15:aios.c        **** * disclaimers, and limitations in the end user license agreement accompanying
  16:aios.c        **** * the software package with which this file was provided.
  17:aios.c        **** *******************************************************************************/
  18:aios.c        **** 
  19:aios.c        **** #include "aios.h"
  20:aios.c        **** #include "debug.h"
  21:aios.c        **** 
  22:aios.c        **** /******************************************************************************
  23:aios.c        **** * Function Name: AiosInit
  24:aios.c        **** *******************************************************************************
  25:aios.c        **** *
  26:aios.c        **** * Summary:
  27:aios.c        **** *    Registers the AIOS CallBack.
  28:aios.c        **** *
  29:aios.c        **** ******************************************************************************/
  30:aios.c        **** void AiosInit(void)
ARM GAS  C:\Users\Lenovo\AppData\Local\Temp\ccHfIZ2m.s 			page 2


  31:aios.c        **** {
  28              		.loc 1 31 0
  29              		.cfi_startproc
  30              		@ args = 0, pretend = 0, frame = 0
  31              		@ frame_needed = 0, uses_anonymous_args = 0
  32 0000 10B5     		push	{r4, lr}
  33              		.cfi_def_cfa_offset 8
  34              		.cfi_offset 4, -8
  35              		.cfi_offset 14, -4
  32:aios.c        ****     CyBle_AiosRegisterAttrCallback(AiosCallBack);
  36              		.loc 1 32 0
  37 0002 0248     		ldr	r0, .L2
  38 0004 FFF7FEFF 		bl	CyBle_AiosRegisterAttrCallback
  39              	.LVL0:
  33:aios.c        **** }
  40              		.loc 1 33 0
  41              		@ sp needed
  42 0008 10BD     		pop	{r4, pc}
  43              	.L3:
  44 000a C046     		.align	2
  45              	.L2:
  46 000c 00000000 		.word	AiosCallBack
  47              		.cfi_endproc
  48              	.LFE36:
  49              		.size	AiosInit, .-AiosInit
  50              		.section	.text.PrintCharacteristic,"ax",%progbits
  51              		.align	2
  52              		.global	PrintCharacteristic
  53              		.code	16
  54              		.thumb_func
  55              		.type	PrintCharacteristic, %function
  56              	PrintCharacteristic:
  57              	.LFB38:
  34:aios.c        **** 
  35:aios.c        **** /*******************************************************************************
  36:aios.c        **** * Function Name: AiosCallBack()
  37:aios.c        **** ********************************************************************************
  38:aios.c        **** *
  39:aios.c        **** * Summary:
  40:aios.c        **** *   This is an event callback function to receive service specific events from
  41:aios.c        **** *   Autonation IO Service.
  42:aios.c        **** *
  43:aios.c        **** * Parameters:
  44:aios.c        **** *  event - the event code
  45:aios.c        **** *  *eventParam - the event parameters
  46:aios.c        **** *
  47:aios.c        **** * Return:
  48:aios.c        **** *  None.
  49:aios.c        **** *
  50:aios.c        **** ********************************************************************************/
  51:aios.c        **** void AiosCallBack(uint32 event, void* eventParam)
  52:aios.c        **** {
  53:aios.c        ****     CYBLE_AIOS_CHAR_VALUE_T *locCharValue;
  54:aios.c        ****     CYBLE_AIOS_DESCR_VALUE_T *locDescrValue;
  55:aios.c        ****     uint8 i;
  56:aios.c        ****     
  57:aios.c        ****     if(0u != eventParam)
ARM GAS  C:\Users\Lenovo\AppData\Local\Temp\ccHfIZ2m.s 			page 3


  58:aios.c        ****     {
  59:aios.c        ****         /* This dummy operation is to avoid warning about unused eventParam */
  60:aios.c        ****     }
  61:aios.c        **** 
  62:aios.c        ****     switch(event)
  63:aios.c        ****     {
  64:aios.c        ****     case CYBLE_EVT_AIOSS_NOTIFICATION_ENABLED:
  65:aios.c        ****         DBG_PRINTF("CYBLE_EVT_AIOSS_NOTIFICATION_ENABLED: ");
  66:aios.c        ****         PrintCharacteristic(((CYBLE_AIOS_CHAR_VALUE_T *) eventParam)->charIndex);
  67:aios.c        ****         DBG_PRINTF(" characteristic, instance: %d",((CYBLE_AIOS_CHAR_VALUE_T *) eventParam)->charIn
  68:aios.c        ****         DBG_PRINTF(" notification is Enabled \r\n");
  69:aios.c        ****         break;
  70:aios.c        ****                 
  71:aios.c        ****     case CYBLE_EVT_AIOSS_NOTIFICATION_DISABLED:
  72:aios.c        ****         DBG_PRINTF("CYBLE_EVT_AIOSS_NOTIFICATION_DISABLED: ");
  73:aios.c        ****         PrintCharacteristic(((CYBLE_AIOS_CHAR_VALUE_T *)eventParam)->charIndex);
  74:aios.c        ****         DBG_PRINTF(" characteristic, instance: %d",((CYBLE_AIOS_CHAR_VALUE_T *) eventParam)->charIn
  75:aios.c        ****         DBG_PRINTF(" notification is Disabled \r\n");
  76:aios.c        ****         break;
  77:aios.c        **** 
  78:aios.c        ****     case CYBLE_EVT_AIOSS_INDICATION_ENABLED:
  79:aios.c        ****         DBG_PRINTF("CYBLE_EVT_AIOSS_INDICATION_ENABLED: ");
  80:aios.c        ****         PrintCharacteristic(((CYBLE_AIOS_CHAR_VALUE_T *) eventParam)->charIndex);
  81:aios.c        ****         DBG_PRINTF(" characteristic, instance: %d",((CYBLE_AIOS_CHAR_VALUE_T *) eventParam)->charIn
  82:aios.c        ****         DBG_PRINTF(" indication is Enabled \r\n");
  83:aios.c        ****         break;
  84:aios.c        ****         
  85:aios.c        ****     case CYBLE_EVT_AIOSS_INDICATION_DISABLED:
  86:aios.c        ****         DBG_PRINTF("CYBLE_EVT_AIOSS_INDICATION_DISABLED: ");
  87:aios.c        ****         PrintCharacteristic(((CYBLE_AIOS_CHAR_VALUE_T *)eventParam)->charIndex);
  88:aios.c        ****         DBG_PRINTF(" characteristic, instance: %d",((CYBLE_AIOS_CHAR_VALUE_T *) eventParam)->charIn
  89:aios.c        ****         DBG_PRINTF(" indication is Disabled \r\n");
  90:aios.c        ****         break;
  91:aios.c        ****     
  92:aios.c        ****     case CYBLE_EVT_AIOSS_INDICATION_CONFIRMED:
  93:aios.c        ****         DBG_PRINTF("CYBLE_EVT_AIOSS_INDICATION_CONFIRMED: ");
  94:aios.c        ****         PrintCharacteristic(((CYBLE_AIOS_CHAR_VALUE_T *)eventParam)->charIndex);
  95:aios.c        ****         DBG_PRINTF(" characteristic, instance: %d",((CYBLE_AIOS_CHAR_VALUE_T *) eventParam)->charIn
  96:aios.c        ****         DBG_PRINTF(" indication is Confirmed \r\n");
  97:aios.c        ****         break;
  98:aios.c        **** 
  99:aios.c        ****     case CYBLE_EVT_AIOSS_CHAR_WRITE:
 100:aios.c        ****         locCharValue=eventParam;
 101:aios.c        ****         DBG_PRINTF("CYBLE_EVT_AIOSS_CHAR_WRITE charIndex - "); 
 102:aios.c        ****         PrintCharacteristic(locCharValue->charIndex);        
 103:aios.c        ****         DBG_PRINTF(", charInstance - %d, ", locCharValue->charInstance);
 104:aios.c        ****         DBG_PRINTF("value - %d (0x%2.2X)  len - %d\r\n",(locCharValue->value->len == 1) ? locCharVa
 105:aios.c        ****                                                     (locCharValue->value->len == 1) ? locCharValue-
 106:aios.c        ****                                                      locCharValue->value->len);
 107:aios.c        ****         break;
 108:aios.c        ****         
 109:aios.c        ****     case CYBLE_EVT_AIOSS_DESCR_WRITE:
 110:aios.c        ****         locDescrValue=eventParam;
 111:aios.c        ****         DBG_PRINTF("CYBLE_EVT_AIOSS_DESCR_WRITE charIndex - "); 
 112:aios.c        ****         PrintCharacteristic(locDescrValue->charIndex);        
 113:aios.c        ****         DBG_PRINTF(", charInstance -  %d,",locDescrValue->charInstance);
 114:aios.c        ****         DBG_PRINTF(" descrIndex - ");
ARM GAS  C:\Users\Lenovo\AppData\Local\Temp\ccHfIZ2m.s 			page 4


 115:aios.c        ****         PrintDescriptor(locDescrValue->descrIndex);
 116:aios.c        ****         DBG_PRINTF(", ");
 117:aios.c        ****         
 118:aios.c        ****         if (locDescrValue->value->len <= 2)
 119:aios.c        ****         {
 120:aios.c        ****             DBG_PRINTF("value - %d (0x%2.2X)  ", (locDescrValue->value->len == 1) ? locDescrValue->
 121:aios.c        ****                                       (locDescrValue->value->len == 1) ? locDescrValue->value->val[
 122:aios.c        ****         }
 123:aios.c        ****         else
 124:aios.c        ****         {   
 125:aios.c        ****             DBG_PRINTF("value - ");
 126:aios.c        ****             for(i = 0; i < locDescrValue->value->len; i++)
 127:aios.c        ****             {
 128:aios.c        ****                 DBG_PRINTF("%2.2X ", locDescrValue->value->val[i]);
 129:aios.c        ****             }    
 130:aios.c        ****             DBG_PRINTF(" (");
 131:aios.c        ****             for(i = 0; i < locDescrValue->value->len; i++)
 132:aios.c        ****             {
 133:aios.c        ****                 DBG_PRINTF("%c", (locDescrValue->value->val[i] >= 0x20) ? locDescrValue->value->val
 134:aios.c        ****             }    
 135:aios.c        ****             DBG_PRINTF(")  ");
 136:aios.c        ****         }
 137:aios.c        ****         DBG_PRINTF("len - %d\r\n", locDescrValue->value->len);
 138:aios.c        ****         break;
 139:aios.c        ****         
 140:aios.c        ****     default:
 141:aios.c        ****         DBG_PRINTF("unknown AIOS event: 0x%lx \r\n", event);
 142:aios.c        ****         break;
 143:aios.c        ****     }
 144:aios.c        **** }
 145:aios.c        **** 
 146:aios.c        **** /*******************************************************************************
 147:aios.c        **** * Function Name: PrintCharacteristic
 148:aios.c        **** ********************************************************************************
 149:aios.c        **** *
 150:aios.c        **** * Summary:
 151:aios.c        **** *  Prints the characteristic name of Automation IO service.
 152:aios.c        **** *
 153:aios.c        **** * Parameters:  
 154:aios.c        **** *  charIndex: Characteristic index.
 155:aios.c        **** *
 156:aios.c        **** * Return: 
 157:aios.c        **** *  None
 158:aios.c        **** *
 159:aios.c        **** *******************************************************************************/
 160:aios.c        **** void PrintCharacteristic(CYBLE_AIOS_CHAR_INDEX_T charIndex)
 161:aios.c        **** {
  58              		.loc 1 161 0
  59              		.cfi_startproc
  60              		@ args = 0, pretend = 0, frame = 0
  61              		@ frame_needed = 0, uses_anonymous_args = 0
  62              	.LVL1:
  63 0000 10B5     		push	{r4, lr}
  64              		.cfi_def_cfa_offset 8
  65              		.cfi_offset 4, -8
  66              		.cfi_offset 14, -4
 162:aios.c        ****     switch(charIndex)
ARM GAS  C:\Users\Lenovo\AppData\Local\Temp\ccHfIZ2m.s 			page 5


  67              		.loc 1 162 0
  68 0002 0128     		cmp	r0, #1
  69 0004 08D0     		beq	.L6
  70 0006 0028     		cmp	r0, #0
  71 0008 02D0     		beq	.L7
  72 000a 0228     		cmp	r0, #2
  73 000c 08D0     		beq	.L8
  74 000e 0AE0     		b	.L4
  75              	.L7:
 163:aios.c        ****     {
 164:aios.c        ****     case CYBLE_AIOS_DIGITAL:
 165:aios.c        ****         DBG_PRINTF("DIGITAL");
  76              		.loc 1 165 0
  77 0010 0548     		ldr	r0, .L9
  78              	.LVL2:
  79 0012 FFF7FEFF 		bl	printf
  80              	.LVL3:
 166:aios.c        ****         break;
  81              		.loc 1 166 0
  82 0016 06E0     		b	.L4
  83              	.LVL4:
  84              	.L6:
 167:aios.c        ****     case CYBLE_AIOS_ANALOG:
 168:aios.c        ****         DBG_PRINTF("ANALOG");
  85              		.loc 1 168 0
  86 0018 0448     		ldr	r0, .L9+4
  87              	.LVL5:
  88 001a FFF7FEFF 		bl	printf
  89              	.LVL6:
 169:aios.c        ****         break;
  90              		.loc 1 169 0
  91 001e 02E0     		b	.L4
  92              	.LVL7:
  93              	.L8:
 170:aios.c        ****     case CYBLE_AIOS_AGGREGATE:
 171:aios.c        ****         DBG_PRINTF("AGGREGATE");
  94              		.loc 1 171 0
  95 0020 0348     		ldr	r0, .L9+8
  96              	.LVL8:
  97 0022 FFF7FEFF 		bl	printf
  98              	.LVL9:
  99              	.L4:
 172:aios.c        ****         break;
 173:aios.c        ****     default:
 174:aios.c        ****         break;
 175:aios.c        ****     }
 176:aios.c        **** }
 100              		.loc 1 176 0
 101              		@ sp needed
 102 0026 10BD     		pop	{r4, pc}
 103              	.L10:
 104              		.align	2
 105              	.L9:
 106 0028 00000000 		.word	.LC1
 107 002c 08000000 		.word	.LC3
 108 0030 10000000 		.word	.LC5
 109              		.cfi_endproc
ARM GAS  C:\Users\Lenovo\AppData\Local\Temp\ccHfIZ2m.s 			page 6


 110              	.LFE38:
 111              		.size	PrintCharacteristic, .-PrintCharacteristic
 112              		.section	.text.PrintDescriptor,"ax",%progbits
 113              		.align	2
 114              		.global	PrintDescriptor
 115              		.code	16
 116              		.thumb_func
 117              		.type	PrintDescriptor, %function
 118              	PrintDescriptor:
 119              	.LFB39:
 177:aios.c        **** 
 178:aios.c        **** 
 179:aios.c        **** /*******************************************************************************
 180:aios.c        **** * Function Name: PrintDescriptor
 181:aios.c        **** ********************************************************************************
 182:aios.c        **** *
 183:aios.c        **** * Summary:
 184:aios.c        **** *  Prints the characteristic descriptor name of Automation IO service.
 185:aios.c        **** *
 186:aios.c        **** * Parameters:  
 187:aios.c        **** *  descrIndex: Characteristic index.
 188:aios.c        **** *
 189:aios.c        **** * Return: 
 190:aios.c        **** *  None
 191:aios.c        **** *
 192:aios.c        **** *******************************************************************************/
 193:aios.c        **** void PrintDescriptor(CYBLE_AIOS_DESCR_INDEX_T descrIndex)
 194:aios.c        **** {
 120              		.loc 1 194 0
 121              		.cfi_startproc
 122              		@ args = 0, pretend = 0, frame = 0
 123              		@ frame_needed = 0, uses_anonymous_args = 0
 124              	.LVL10:
 125 0000 10B5     		push	{r4, lr}
 126              		.cfi_def_cfa_offset 8
 127              		.cfi_offset 4, -8
 128              		.cfi_offset 14, -4
 195:aios.c        ****     switch(descrIndex)
 129              		.loc 1 195 0
 130 0002 0628     		cmp	r0, #6
 131 0004 1ED8     		bhi	.L11
 132 0006 8000     		lsls	r0, r0, #2
 133              	.LVL11:
 134 0008 0F4B     		ldr	r3, .L21
 135 000a 1B58     		ldr	r3, [r3, r0]
 136 000c 9F46     		mov	pc, r3
 137              		.section	.rodata
 138              		.align	2
 139              	.L14:
 140 0000 0E000000 		.word	.L13
 141 0004 16000000 		.word	.L15
 142 0008 1E000000 		.word	.L16
 143 000c 26000000 		.word	.L17
 144 0010 2E000000 		.word	.L18
 145 0014 36000000 		.word	.L19
 146 0018 3E000000 		.word	.L20
 147              		.section	.text.PrintDescriptor
ARM GAS  C:\Users\Lenovo\AppData\Local\Temp\ccHfIZ2m.s 			page 7


 148              	.L13:
 196:aios.c        ****     {
 197:aios.c        ****     case CYBLE_AIOS_CCCD:
 198:aios.c        ****         DBG_PRINTF("CCCD");
 149              		.loc 1 198 0
 150 000e 0F48     		ldr	r0, .L21+4
 151 0010 FFF7FEFF 		bl	printf
 152              	.LVL12:
 199:aios.c        ****         break;
 153              		.loc 1 199 0
 154 0014 16E0     		b	.L11
 155              	.L15:
 200:aios.c        ****     case CYBLE_AIOS_CHAR_PRESENTATION_FORMAT:
 201:aios.c        ****         DBG_PRINTF("CHAR_PRESENTATION_FORMAT");
 156              		.loc 1 201 0
 157 0016 0E48     		ldr	r0, .L21+8
 158 0018 FFF7FEFF 		bl	printf
 159              	.LVL13:
 202:aios.c        ****         break;
 160              		.loc 1 202 0
 161 001c 12E0     		b	.L11
 162              	.L16:
 203:aios.c        ****     case CYBLE_AIOS_CHAR_USER_DESCRIPTION_DESCR:
 204:aios.c        ****         DBG_PRINTF("CHAR_USER_DESCRIPTION_DESCR");
 163              		.loc 1 204 0
 164 001e 0D48     		ldr	r0, .L21+12
 165 0020 FFF7FEFF 		bl	printf
 166              	.LVL14:
 205:aios.c        ****         break;
 167              		.loc 1 205 0
 168 0024 0EE0     		b	.L11
 169              	.L17:
 206:aios.c        ****     case CYBLE_AIOS_CHAR_EXTENDED_PROPERTIES:
 207:aios.c        ****         DBG_PRINTF("CHAR_EXTENDED_PROPERTIES");
 170              		.loc 1 207 0
 171 0026 0C48     		ldr	r0, .L21+16
 172 0028 FFF7FEFF 		bl	printf
 173              	.LVL15:
 208:aios.c        ****         break;
 174              		.loc 1 208 0
 175 002c 0AE0     		b	.L11
 176              	.L18:
 209:aios.c        ****     case CYBLE_AIOS_VALUE_TRIGGER_SETTINGS:
 210:aios.c        ****         DBG_PRINTF("VALUE_TRIGGER_SETTINGS");
 177              		.loc 1 210 0
 178 002e 0B48     		ldr	r0, .L21+20
 179 0030 FFF7FEFF 		bl	printf
 180              	.LVL16:
 211:aios.c        ****         break;
 181              		.loc 1 211 0
 182 0034 06E0     		b	.L11
 183              	.L19:
 212:aios.c        ****     case CYBLE_AIOS_TIME_TRIGGER_SETTINGS:
 213:aios.c        ****         DBG_PRINTF("TIME_TRIGGER_SETTINGS");
 184              		.loc 1 213 0
 185 0036 0A48     		ldr	r0, .L21+24
 186 0038 FFF7FEFF 		bl	printf
ARM GAS  C:\Users\Lenovo\AppData\Local\Temp\ccHfIZ2m.s 			page 8


 187              	.LVL17:
 214:aios.c        ****         break;
 188              		.loc 1 214 0
 189 003c 02E0     		b	.L11
 190              	.L20:
 215:aios.c        ****     case CYBLE_AIOS_VRD:
 216:aios.c        ****         DBG_PRINTF("VRD");
 191              		.loc 1 216 0
 192 003e 0948     		ldr	r0, .L21+28
 193 0040 FFF7FEFF 		bl	printf
 194              	.LVL18:
 195              	.L11:
 217:aios.c        ****         break;
 218:aios.c        ****     default:
 219:aios.c        ****         break;
 220:aios.c        ****     }
 221:aios.c        **** }
 196              		.loc 1 221 0
 197              		@ sp needed
 198 0044 10BD     		pop	{r4, pc}
 199              	.L22:
 200 0046 C046     		.align	2
 201              	.L21:
 202 0048 00000000 		.word	.L14
 203 004c 1C000000 		.word	.LC8
 204 0050 24000000 		.word	.LC10
 205 0054 40000000 		.word	.LC12
 206 0058 5C000000 		.word	.LC14
 207 005c 78000000 		.word	.LC16
 208 0060 90000000 		.word	.LC18
 209 0064 A8000000 		.word	.LC20
 210              		.cfi_endproc
 211              	.LFE39:
 212              		.size	PrintDescriptor, .-PrintDescriptor
 213              		.section	.text.AiosCallBack,"ax",%progbits
 214              		.align	2
 215              		.global	AiosCallBack
 216              		.code	16
 217              		.thumb_func
 218              		.type	AiosCallBack, %function
 219              	AiosCallBack:
 220              	.LFB37:
  52:aios.c        ****     CYBLE_AIOS_CHAR_VALUE_T *locCharValue;
 221              		.loc 1 52 0
 222              		.cfi_startproc
 223              		@ args = 0, pretend = 0, frame = 0
 224              		@ frame_needed = 0, uses_anonymous_args = 0
 225              	.LVL19:
 226 0000 70B5     		push	{r4, r5, r6, lr}
 227              		.cfi_def_cfa_offset 16
 228              		.cfi_offset 4, -16
 229              		.cfi_offset 5, -12
 230              		.cfi_offset 6, -8
 231              		.cfi_offset 14, -4
 232 0002 0C00     		movs	r4, r1
  62:aios.c        ****     {
 233              		.loc 1 62 0
ARM GAS  C:\Users\Lenovo\AppData\Local\Temp\ccHfIZ2m.s 			page 9


 234 0004 0300     		movs	r3, r0
 235 0006 143B     		subs	r3, r3, #20
 236 0008 FF3B     		subs	r3, r3, #255
 237 000a 062B     		cmp	r3, #6
 238 000c 00D9     		bls	.LCB183
 239 000e CDE0     		b	.L24	@long jump
 240              	.LCB183:
 241 0010 9B00     		lsls	r3, r3, #2
 242 0012 694A     		ldr	r2, .L50
 243 0014 D358     		ldr	r3, [r2, r3]
 244 0016 9F46     		mov	pc, r3
 245              		.section	.rodata
 246              		.align	2
 247              	.L26:
 248 001c 18000000 		.word	.L25
 249 0020 34000000 		.word	.L27
 250 0024 50000000 		.word	.L28
 251 0028 6C000000 		.word	.L29
 252 002c 88000000 		.word	.L30
 253 0030 A4000000 		.word	.L31
 254 0034 F2000000 		.word	.L32
 255              		.section	.text.AiosCallBack
 256              	.L25:
  65:aios.c        ****         PrintCharacteristic(((CYBLE_AIOS_CHAR_VALUE_T *) eventParam)->charIndex);
 257              		.loc 1 65 0
 258 0018 6848     		ldr	r0, .L50+4
 259              	.LVL20:
 260 001a FFF7FEFF 		bl	printf
 261              	.LVL21:
  66:aios.c        ****         DBG_PRINTF(" characteristic, instance: %d",((CYBLE_AIOS_CHAR_VALUE_T *) eventParam)->charIn
 262              		.loc 1 66 0
 263 001e A078     		ldrb	r0, [r4, #2]
 264 0020 FFF7FEFF 		bl	PrintCharacteristic
 265              	.LVL22:
  67:aios.c        ****         DBG_PRINTF(" notification is Enabled \r\n");
 266              		.loc 1 67 0
 267 0024 E178     		ldrb	r1, [r4, #3]
 268 0026 6648     		ldr	r0, .L50+8
 269 0028 FFF7FEFF 		bl	printf
 270              	.LVL23:
  68:aios.c        ****         break;
 271              		.loc 1 68 0
 272 002c 6548     		ldr	r0, .L50+12
 273 002e FFF7FEFF 		bl	puts
 274              	.LVL24:
  69:aios.c        ****                 
 275              		.loc 1 69 0
 276 0032 BFE0     		b	.L23
 277              	.LVL25:
 278              	.L27:
  72:aios.c        ****         PrintCharacteristic(((CYBLE_AIOS_CHAR_VALUE_T *)eventParam)->charIndex);
 279              		.loc 1 72 0
 280 0034 6448     		ldr	r0, .L50+16
 281              	.LVL26:
 282 0036 FFF7FEFF 		bl	printf
 283              	.LVL27:
  73:aios.c        ****         DBG_PRINTF(" characteristic, instance: %d",((CYBLE_AIOS_CHAR_VALUE_T *) eventParam)->charIn
ARM GAS  C:\Users\Lenovo\AppData\Local\Temp\ccHfIZ2m.s 			page 10


 284              		.loc 1 73 0
 285 003a A078     		ldrb	r0, [r4, #2]
 286 003c FFF7FEFF 		bl	PrintCharacteristic
 287              	.LVL28:
  74:aios.c        ****         DBG_PRINTF(" notification is Disabled \r\n");
 288              		.loc 1 74 0
 289 0040 E178     		ldrb	r1, [r4, #3]
 290 0042 5F48     		ldr	r0, .L50+8
 291 0044 FFF7FEFF 		bl	printf
 292              	.LVL29:
  75:aios.c        ****         break;
 293              		.loc 1 75 0
 294 0048 6048     		ldr	r0, .L50+20
 295 004a FFF7FEFF 		bl	puts
 296              	.LVL30:
  76:aios.c        **** 
 297              		.loc 1 76 0
 298 004e B1E0     		b	.L23
 299              	.LVL31:
 300              	.L28:
  79:aios.c        ****         PrintCharacteristic(((CYBLE_AIOS_CHAR_VALUE_T *) eventParam)->charIndex);
 301              		.loc 1 79 0
 302 0050 5F48     		ldr	r0, .L50+24
 303              	.LVL32:
 304 0052 FFF7FEFF 		bl	printf
 305              	.LVL33:
  80:aios.c        ****         DBG_PRINTF(" characteristic, instance: %d",((CYBLE_AIOS_CHAR_VALUE_T *) eventParam)->charIn
 306              		.loc 1 80 0
 307 0056 A078     		ldrb	r0, [r4, #2]
 308 0058 FFF7FEFF 		bl	PrintCharacteristic
 309              	.LVL34:
  81:aios.c        ****         DBG_PRINTF(" indication is Enabled \r\n");
 310              		.loc 1 81 0
 311 005c E178     		ldrb	r1, [r4, #3]
 312 005e 5848     		ldr	r0, .L50+8
 313 0060 FFF7FEFF 		bl	printf
 314              	.LVL35:
  82:aios.c        ****         break;
 315              		.loc 1 82 0
 316 0064 5B48     		ldr	r0, .L50+28
 317 0066 FFF7FEFF 		bl	puts
 318              	.LVL36:
  83:aios.c        ****         
 319              		.loc 1 83 0
 320 006a A3E0     		b	.L23
 321              	.LVL37:
 322              	.L29:
  86:aios.c        ****         PrintCharacteristic(((CYBLE_AIOS_CHAR_VALUE_T *)eventParam)->charIndex);
 323              		.loc 1 86 0
 324 006c 5A48     		ldr	r0, .L50+32
 325              	.LVL38:
 326 006e FFF7FEFF 		bl	printf
 327              	.LVL39:
  87:aios.c        ****         DBG_PRINTF(" characteristic, instance: %d",((CYBLE_AIOS_CHAR_VALUE_T *) eventParam)->charIn
 328              		.loc 1 87 0
 329 0072 A078     		ldrb	r0, [r4, #2]
 330 0074 FFF7FEFF 		bl	PrintCharacteristic
ARM GAS  C:\Users\Lenovo\AppData\Local\Temp\ccHfIZ2m.s 			page 11


 331              	.LVL40:
  88:aios.c        ****         DBG_PRINTF(" indication is Disabled \r\n");
 332              		.loc 1 88 0
 333 0078 E178     		ldrb	r1, [r4, #3]
 334 007a 5148     		ldr	r0, .L50+8
 335 007c FFF7FEFF 		bl	printf
 336              	.LVL41:
  89:aios.c        ****         break;
 337              		.loc 1 89 0
 338 0080 5648     		ldr	r0, .L50+36
 339 0082 FFF7FEFF 		bl	puts
 340              	.LVL42:
  90:aios.c        ****     
 341              		.loc 1 90 0
 342 0086 95E0     		b	.L23
 343              	.LVL43:
 344              	.L30:
  93:aios.c        ****         PrintCharacteristic(((CYBLE_AIOS_CHAR_VALUE_T *)eventParam)->charIndex);
 345              		.loc 1 93 0
 346 0088 5548     		ldr	r0, .L50+40
 347              	.LVL44:
 348 008a FFF7FEFF 		bl	printf
 349              	.LVL45:
  94:aios.c        ****         DBG_PRINTF(" characteristic, instance: %d",((CYBLE_AIOS_CHAR_VALUE_T *) eventParam)->charIn
 350              		.loc 1 94 0
 351 008e A078     		ldrb	r0, [r4, #2]
 352 0090 FFF7FEFF 		bl	PrintCharacteristic
 353              	.LVL46:
  95:aios.c        ****         DBG_PRINTF(" indication is Confirmed \r\n");
 354              		.loc 1 95 0
 355 0094 E178     		ldrb	r1, [r4, #3]
 356 0096 4A48     		ldr	r0, .L50+8
 357 0098 FFF7FEFF 		bl	printf
 358              	.LVL47:
  96:aios.c        ****         break;
 359              		.loc 1 96 0
 360 009c 5148     		ldr	r0, .L50+44
 361 009e FFF7FEFF 		bl	puts
 362              	.LVL48:
  97:aios.c        **** 
 363              		.loc 1 97 0
 364 00a2 87E0     		b	.L23
 365              	.LVL49:
 366              	.L31:
 101:aios.c        ****         PrintCharacteristic(locCharValue->charIndex);        
 367              		.loc 1 101 0
 368 00a4 5048     		ldr	r0, .L50+48
 369              	.LVL50:
 370 00a6 FFF7FEFF 		bl	printf
 371              	.LVL51:
 102:aios.c        ****         DBG_PRINTF(", charInstance - %d, ", locCharValue->charInstance);
 372              		.loc 1 102 0
 373 00aa A078     		ldrb	r0, [r4, #2]
 374 00ac FFF7FEFF 		bl	PrintCharacteristic
 375              	.LVL52:
 103:aios.c        ****         DBG_PRINTF("value - %d (0x%2.2X)  len - %d\r\n",(locCharValue->value->len == 1) ? locCharVa
 376              		.loc 1 103 0
ARM GAS  C:\Users\Lenovo\AppData\Local\Temp\ccHfIZ2m.s 			page 12


 377 00b0 E178     		ldrb	r1, [r4, #3]
 378 00b2 4E48     		ldr	r0, .L50+52
 379 00b4 FFF7FEFF 		bl	printf
 380              	.LVL53:
 104:aios.c        ****                                                     (locCharValue->value->len == 1) ? locCharValue-
 381              		.loc 1 104 0
 382 00b8 6368     		ldr	r3, [r4, #4]
 383 00ba 9A88     		ldrh	r2, [r3, #4]
 384 00bc 012A     		cmp	r2, #1
 385 00be 02D1     		bne	.L34
 104:aios.c        ****                                                     (locCharValue->value->len == 1) ? locCharValue-
 386              		.loc 1 104 0 is_stmt 0 discriminator 1
 387 00c0 1B68     		ldr	r3, [r3]
 388 00c2 1D78     		ldrb	r5, [r3]
 389 00c4 03E0     		b	.L35
 390              	.L34:
 104:aios.c        ****                                                     (locCharValue->value->len == 1) ? locCharValue-
 391              		.loc 1 104 0 discriminator 2
 392 00c6 1868     		ldr	r0, [r3]
 393 00c8 FFF7FEFF 		bl	CyBle_Get16ByPtr
 394              	.LVL54:
 395 00cc 0500     		movs	r5, r0
 396              	.L35:
 104:aios.c        ****                                                     (locCharValue->value->len == 1) ? locCharValue-
 397              		.loc 1 104 0 discriminator 4
 398 00ce 6368     		ldr	r3, [r4, #4]
 399 00d0 9A88     		ldrh	r2, [r3, #4]
 400 00d2 012A     		cmp	r2, #1
 401 00d4 02D1     		bne	.L36
 104:aios.c        ****                                                     (locCharValue->value->len == 1) ? locCharValue-
 402              		.loc 1 104 0 discriminator 5
 403 00d6 1B68     		ldr	r3, [r3]
 404 00d8 1A78     		ldrb	r2, [r3]
 405 00da 03E0     		b	.L37
 406              	.L36:
 104:aios.c        ****                                                     (locCharValue->value->len == 1) ? locCharValue-
 407              		.loc 1 104 0 discriminator 6
 408 00dc 1868     		ldr	r0, [r3]
 409 00de FFF7FEFF 		bl	CyBle_Get16ByPtr
 410              	.LVL55:
 411 00e2 0200     		movs	r2, r0
 412              	.L37:
 104:aios.c        ****                                                     (locCharValue->value->len == 1) ? locCharValue-
 413              		.loc 1 104 0 discriminator 8
 414 00e4 6368     		ldr	r3, [r4, #4]
 415 00e6 9B88     		ldrh	r3, [r3, #4]
 416 00e8 2900     		movs	r1, r5
 417 00ea 4148     		ldr	r0, .L50+56
 418 00ec FFF7FEFF 		bl	printf
 419              	.LVL56:
 107:aios.c        ****         
 420              		.loc 1 107 0 is_stmt 1 discriminator 8
 421 00f0 60E0     		b	.L23
 422              	.LVL57:
 423              	.L32:
 111:aios.c        ****         PrintCharacteristic(locDescrValue->charIndex);        
 424              		.loc 1 111 0
ARM GAS  C:\Users\Lenovo\AppData\Local\Temp\ccHfIZ2m.s 			page 13


 425 00f2 4048     		ldr	r0, .L50+60
 426              	.LVL58:
 427 00f4 FFF7FEFF 		bl	printf
 428              	.LVL59:
 112:aios.c        ****         DBG_PRINTF(", charInstance -  %d,",locDescrValue->charInstance);
 429              		.loc 1 112 0
 430 00f8 A078     		ldrb	r0, [r4, #2]
 431 00fa FFF7FEFF 		bl	PrintCharacteristic
 432              	.LVL60:
 113:aios.c        ****         DBG_PRINTF(" descrIndex - ");
 433              		.loc 1 113 0
 434 00fe E178     		ldrb	r1, [r4, #3]
 435 0100 3D48     		ldr	r0, .L50+64
 436 0102 FFF7FEFF 		bl	printf
 437              	.LVL61:
 114:aios.c        ****         PrintDescriptor(locDescrValue->descrIndex);
 438              		.loc 1 114 0
 439 0106 3D48     		ldr	r0, .L50+68
 440 0108 FFF7FEFF 		bl	printf
 441              	.LVL62:
 115:aios.c        ****         DBG_PRINTF(", ");
 442              		.loc 1 115 0
 443 010c 2079     		ldrb	r0, [r4, #4]
 444 010e FFF7FEFF 		bl	PrintDescriptor
 445              	.LVL63:
 116:aios.c        ****         
 446              		.loc 1 116 0
 447 0112 3B48     		ldr	r0, .L50+72
 448 0114 FFF7FEFF 		bl	printf
 449              	.LVL64:
 118:aios.c        ****         {
 450              		.loc 1 118 0
 451 0118 A368     		ldr	r3, [r4, #8]
 452 011a 9A88     		ldrh	r2, [r3, #4]
 453 011c 022A     		cmp	r2, #2
 454 011e 18D8     		bhi	.L38
 120:aios.c        ****                                       (locDescrValue->value->len == 1) ? locDescrValue->value->val[
 455              		.loc 1 120 0
 456 0120 012A     		cmp	r2, #1
 457 0122 02D1     		bne	.L39
 120:aios.c        ****                                       (locDescrValue->value->len == 1) ? locDescrValue->value->val[
 458              		.loc 1 120 0 is_stmt 0 discriminator 1
 459 0124 1B68     		ldr	r3, [r3]
 460 0126 1D78     		ldrb	r5, [r3]
 461 0128 03E0     		b	.L40
 462              	.L39:
 120:aios.c        ****                                       (locDescrValue->value->len == 1) ? locDescrValue->value->val[
 463              		.loc 1 120 0 discriminator 2
 464 012a 1868     		ldr	r0, [r3]
 465 012c FFF7FEFF 		bl	CyBle_Get16ByPtr
 466              	.LVL65:
 467 0130 0500     		movs	r5, r0
 468              	.L40:
 120:aios.c        ****                                       (locDescrValue->value->len == 1) ? locDescrValue->value->val[
 469              		.loc 1 120 0 discriminator 4
 470 0132 A368     		ldr	r3, [r4, #8]
 471 0134 9A88     		ldrh	r2, [r3, #4]
ARM GAS  C:\Users\Lenovo\AppData\Local\Temp\ccHfIZ2m.s 			page 14


 472 0136 012A     		cmp	r2, #1
 473 0138 02D1     		bne	.L41
 120:aios.c        ****                                       (locDescrValue->value->len == 1) ? locDescrValue->value->val[
 474              		.loc 1 120 0 discriminator 5
 475 013a 1B68     		ldr	r3, [r3]
 476 013c 1A78     		ldrb	r2, [r3]
 477 013e 03E0     		b	.L42
 478              	.L41:
 120:aios.c        ****                                       (locDescrValue->value->len == 1) ? locDescrValue->value->val[
 479              		.loc 1 120 0 discriminator 6
 480 0140 1868     		ldr	r0, [r3]
 481 0142 FFF7FEFF 		bl	CyBle_Get16ByPtr
 482              	.LVL66:
 483 0146 0200     		movs	r2, r0
 484              	.L42:
 120:aios.c        ****                                       (locDescrValue->value->len == 1) ? locDescrValue->value->val[
 485              		.loc 1 120 0 discriminator 8
 486 0148 2900     		movs	r1, r5
 487 014a 2E48     		ldr	r0, .L50+76
 488 014c FFF7FEFF 		bl	printf
 489              	.LVL67:
 490 0150 26E0     		b	.L43
 491              	.L38:
 125:aios.c        ****             for(i = 0; i < locDescrValue->value->len; i++)
 492              		.loc 1 125 0 is_stmt 1
 493 0152 2D48     		ldr	r0, .L50+80
 494 0154 FFF7FEFF 		bl	printf
 495              	.LVL68:
 126:aios.c        ****             {
 496              		.loc 1 126 0
 497 0158 0025     		movs	r5, #0
 498 015a 06E0     		b	.L44
 499              	.LVL69:
 500              	.L45:
 128:aios.c        ****             }    
 501              		.loc 1 128 0 discriminator 3
 502 015c 1368     		ldr	r3, [r2]
 503 015e 595D     		ldrb	r1, [r3, r5]
 504 0160 2A48     		ldr	r0, .L50+84
 505 0162 FFF7FEFF 		bl	printf
 506              	.LVL70:
 126:aios.c        ****             {
 507              		.loc 1 126 0 discriminator 3
 508 0166 0135     		adds	r5, r5, #1
 509              	.LVL71:
 510 0168 EDB2     		uxtb	r5, r5
 511              	.LVL72:
 512              	.L44:
 126:aios.c        ****             {
 513              		.loc 1 126 0 is_stmt 0 discriminator 1
 514 016a ABB2     		uxth	r3, r5
 515 016c A268     		ldr	r2, [r4, #8]
 516 016e 9188     		ldrh	r1, [r2, #4]
 517 0170 8B42     		cmp	r3, r1
 518 0172 F3D3     		bcc	.L45
 130:aios.c        ****             for(i = 0; i < locDescrValue->value->len; i++)
 519              		.loc 1 130 0 is_stmt 1
ARM GAS  C:\Users\Lenovo\AppData\Local\Temp\ccHfIZ2m.s 			page 15


 520 0174 2648     		ldr	r0, .L50+88
 521 0176 FFF7FEFF 		bl	printf
 522              	.LVL73:
 131:aios.c        ****             {
 523              		.loc 1 131 0
 524 017a 0025     		movs	r5, #0
 525 017c 08E0     		b	.L46
 526              	.LVL74:
 527              	.L48:
 133:aios.c        ****             }    
 528              		.loc 1 133 0
 529 017e 1368     		ldr	r3, [r2]
 530 0180 585D     		ldrb	r0, [r3, r5]
 531 0182 1F28     		cmp	r0, #31
 532 0184 00D8     		bhi	.L47
 533 0186 2A20     		movs	r0, #42
 534              	.L47:
 133:aios.c        ****             }    
 535              		.loc 1 133 0 is_stmt 0 discriminator 4
 536 0188 FFF7FEFF 		bl	putchar
 537              	.LVL75:
 131:aios.c        ****             {
 538              		.loc 1 131 0 is_stmt 1 discriminator 4
 539 018c 0135     		adds	r5, r5, #1
 540              	.LVL76:
 541 018e EDB2     		uxtb	r5, r5
 542              	.LVL77:
 543              	.L46:
 131:aios.c        ****             {
 544              		.loc 1 131 0 is_stmt 0 discriminator 2
 545 0190 ABB2     		uxth	r3, r5
 546 0192 A268     		ldr	r2, [r4, #8]
 547 0194 9188     		ldrh	r1, [r2, #4]
 548 0196 8B42     		cmp	r3, r1
 549 0198 F1D3     		bcc	.L48
 135:aios.c        ****         }
 550              		.loc 1 135 0 is_stmt 1
 551 019a 1E48     		ldr	r0, .L50+92
 552 019c FFF7FEFF 		bl	printf
 553              	.LVL78:
 554              	.L43:
 137:aios.c        ****         break;
 555              		.loc 1 137 0
 556 01a0 A368     		ldr	r3, [r4, #8]
 557 01a2 9988     		ldrh	r1, [r3, #4]
 558 01a4 1C48     		ldr	r0, .L50+96
 559 01a6 FFF7FEFF 		bl	printf
 560              	.LVL79:
 138:aios.c        ****         
 561              		.loc 1 138 0
 562 01aa 03E0     		b	.L23
 563              	.LVL80:
 564              	.L24:
 141:aios.c        ****         break;
 565              		.loc 1 141 0
 566 01ac 0100     		movs	r1, r0
 567              	.LVL81:
ARM GAS  C:\Users\Lenovo\AppData\Local\Temp\ccHfIZ2m.s 			page 16


 568 01ae 1B48     		ldr	r0, .L50+100
 569              	.LVL82:
 570 01b0 FFF7FEFF 		bl	printf
 571              	.LVL83:
 572              	.L23:
 144:aios.c        **** 
 573              		.loc 1 144 0
 574              		@ sp needed
 575              	.LVL84:
 576 01b4 70BD     		pop	{r4, r5, r6, pc}
 577              	.L51:
 578 01b6 C046     		.align	2
 579              	.L50:
 580 01b8 1C000000 		.word	.L26
 581 01bc AC000000 		.word	.LC23
 582 01c0 D4000000 		.word	.LC25
 583 01c4 F4000000 		.word	.LC27
 584 01c8 10010000 		.word	.LC29
 585 01cc 38010000 		.word	.LC31
 586 01d0 54010000 		.word	.LC33
 587 01d4 7C010000 		.word	.LC35
 588 01d8 98010000 		.word	.LC37
 589 01dc C0010000 		.word	.LC39
 590 01e0 DC010000 		.word	.LC41
 591 01e4 04020000 		.word	.LC43
 592 01e8 20020000 		.word	.LC45
 593 01ec 48020000 		.word	.LC47
 594 01f0 60020000 		.word	.LC49
 595 01f4 84020000 		.word	.LC51
 596 01f8 B0020000 		.word	.LC53
 597 01fc C8020000 		.word	.LC55
 598 0200 D8020000 		.word	.LC57
 599 0204 DC020000 		.word	.LC59
 600 0208 F4020000 		.word	.LC61
 601 020c 00030000 		.word	.LC63
 602 0210 08030000 		.word	.LC65
 603 0214 0C030000 		.word	.LC67
 604 0218 10030000 		.word	.LC69
 605 021c 1C030000 		.word	.LC71
 606              		.cfi_endproc
 607              	.LFE37:
 608              		.size	AiosCallBack, .-AiosCallBack
 609              		.section	.text.StartAdvertisement,"ax",%progbits
 610              		.align	2
 611              		.global	StartAdvertisement
 612              		.code	16
 613              		.thumb_func
 614              		.type	StartAdvertisement, %function
 615              	StartAdvertisement:
 616              	.LFB40:
 222:aios.c        **** 
 223:aios.c        **** /*******************************************************************************
 224:aios.c        **** * Function Name: StartAdvertisement
 225:aios.c        **** ********************************************************************************
 226:aios.c        **** *
 227:aios.c        **** * Summary:
 228:aios.c        **** *   Initiates the advertisement procedure. 
ARM GAS  C:\Users\Lenovo\AppData\Local\Temp\ccHfIZ2m.s 			page 17


 229:aios.c        **** *   Prints the Device Address.
 230:aios.c        **** *
 231:aios.c        **** * Parameters:  
 232:aios.c        **** *   None.
 233:aios.c        **** *
 234:aios.c        **** * Return:
 235:aios.c        **** *   None.
 236:aios.c        **** *
 237:aios.c        **** *******************************************************************************/
 238:aios.c        **** void StartAdvertisement(void)
 239:aios.c        **** {
 617              		.loc 1 239 0
 618              		.cfi_startproc
 619              		@ args = 0, pretend = 0, frame = 8
 620              		@ frame_needed = 0, uses_anonymous_args = 0
 621 0000 10B5     		push	{r4, lr}
 622              		.cfi_def_cfa_offset 8
 623              		.cfi_offset 4, -8
 624              		.cfi_offset 14, -4
 625 0002 82B0     		sub	sp, sp, #8
 626              		.cfi_def_cfa_offset 16
 240:aios.c        ****     CYBLE_GAP_BD_ADDR_T localAddr;
 241:aios.c        ****     uint16 i;
 242:aios.c        ****     apiResult = CyBle_GappStartAdvertisement(CYBLE_ADVERTISING_FAST);
 627              		.loc 1 242 0
 628 0004 0020     		movs	r0, #0
 629 0006 FFF7FEFF 		bl	CyBle_GappStartAdvertisement
 630              	.LVL85:
 631 000a 114B     		ldr	r3, .L57
 632 000c 1880     		strh	r0, [r3]
 243:aios.c        ****     if(apiResult != CYBLE_ERROR_OK)
 633              		.loc 1 243 0
 634 000e 0028     		cmp	r0, #0
 635 0010 05D0     		beq	.L53
 244:aios.c        ****     {
 245:aios.c        ****         DBG_PRINTF("StartAdvertisement API Error: ");
 636              		.loc 1 245 0
 637 0012 1048     		ldr	r0, .L57+4
 638 0014 FFF7FEFF 		bl	printf
 639              	.LVL86:
 246:aios.c        ****         PrintApiResult();
 640              		.loc 1 246 0
 641 0018 FFF7FEFF 		bl	PrintApiResult
 642              	.LVL87:
 643 001c 16E0     		b	.L52
 644              	.L53:
 247:aios.c        ****     }
 248:aios.c        ****     else
 249:aios.c        ****     {
 250:aios.c        ****         DBG_PRINTF("Start Advertisement with addr: ");
 645              		.loc 1 250 0
 646 001e 0E48     		ldr	r0, .L57+8
 647 0020 FFF7FEFF 		bl	printf
 648              	.LVL88:
 251:aios.c        ****         CyBle_GetDeviceAddress(&localAddr);
 649              		.loc 1 251 0
 650 0024 6846     		mov	r0, sp
ARM GAS  C:\Users\Lenovo\AppData\Local\Temp\ccHfIZ2m.s 			page 18


 651 0026 FFF7FEFF 		bl	CyBle_GetDeviceAddress
 652              	.LVL89:
 252:aios.c        ****         for(i = CYBLE_GAP_BD_ADDR_SIZE; i > 0u; i--)
 653              		.loc 1 252 0
 654 002a 0623     		movs	r3, #6
 655 002c 06E0     		b	.L55
 656              	.LVL90:
 657              	.L56:
 253:aios.c        ****         {
 254:aios.c        ****             DBG_PRINTF("%2.2x", localAddr.bdAddr[i-1]);
 658              		.loc 1 254 0 discriminator 3
 659 002e 5C1E     		subs	r4, r3, #1
 660 0030 6B46     		mov	r3, sp
 661              	.LVL91:
 662 0032 195D     		ldrb	r1, [r3, r4]
 663 0034 0948     		ldr	r0, .L57+12
 664 0036 FFF7FEFF 		bl	printf
 665              	.LVL92:
 252:aios.c        ****         for(i = CYBLE_GAP_BD_ADDR_SIZE; i > 0u; i--)
 666              		.loc 1 252 0 discriminator 3
 667 003a A3B2     		uxth	r3, r4
 668              	.LVL93:
 669              	.L55:
 252:aios.c        ****         for(i = CYBLE_GAP_BD_ADDR_SIZE; i > 0u; i--)
 670              		.loc 1 252 0 is_stmt 0 discriminator 1
 671 003c 002B     		cmp	r3, #0
 672 003e F6D1     		bne	.L56
 255:aios.c        ****         }
 256:aios.c        ****         DBG_PRINTF("\r\n");
 673              		.loc 1 256 0 is_stmt 1
 674 0040 0748     		ldr	r0, .L57+16
 675 0042 FFF7FEFF 		bl	puts
 676              	.LVL94:
 257:aios.c        ****         Advertising_LED_Write(LED_ON);
 677              		.loc 1 257 0
 678 0046 0020     		movs	r0, #0
 679 0048 FFF7FEFF 		bl	Advertising_LED_Write
 680              	.LVL95:
 681              	.L52:
 258:aios.c        ****     }
 259:aios.c        **** }
 682              		.loc 1 259 0
 683 004c 02B0     		add	sp, sp, #8
 684              		@ sp needed
 685 004e 10BD     		pop	{r4, pc}
 686              	.L58:
 687              		.align	2
 688              	.L57:
 689 0050 00000000 		.word	apiResult
 690 0054 3C030000 		.word	.LC74
 691 0058 5C030000 		.word	.LC76
 692 005c 7C030000 		.word	.LC78
 693 0060 84030000 		.word	.LC80
 694              		.cfi_endproc
 695              	.LFE40:
 696              		.size	StartAdvertisement, .-StartAdvertisement
 697              		.section	.rodata.str1.4,"aMS",%progbits,1
ARM GAS  C:\Users\Lenovo\AppData\Local\Temp\ccHfIZ2m.s 			page 19


 698              		.align	2
 699              	.LC1:
 700 0000 44494749 		.ascii	"DIGITAL\000"
 700      54414C00 
 701              	.LC3:
 702 0008 414E414C 		.ascii	"ANALOG\000"
 702      4F4700
 703 000f 00       		.space	1
 704              	.LC5:
 705 0010 41474752 		.ascii	"AGGREGATE\000"
 705      45474154 
 705      4500
 706 001a 0000     		.space	2
 707              	.LC8:
 708 001c 43434344 		.ascii	"CCCD\000"
 708      00
 709 0021 000000   		.space	3
 710              	.LC10:
 711 0024 43484152 		.ascii	"CHAR_PRESENTATION_FORMAT\000"
 711      5F505245 
 711      53454E54 
 711      4154494F 
 711      4E5F464F 
 712 003d 000000   		.space	3
 713              	.LC12:
 714 0040 43484152 		.ascii	"CHAR_USER_DESCRIPTION_DESCR\000"
 714      5F555345 
 714      525F4445 
 714      53435249 
 714      5054494F 
 715              	.LC14:
 716 005c 43484152 		.ascii	"CHAR_EXTENDED_PROPERTIES\000"
 716      5F455854 
 716      454E4445 
 716      445F5052 
 716      4F504552 
 717 0075 000000   		.space	3
 718              	.LC16:
 719 0078 56414C55 		.ascii	"VALUE_TRIGGER_SETTINGS\000"
 719      455F5452 
 719      49474745 
 719      525F5345 
 719      5454494E 
 720 008f 00       		.space	1
 721              	.LC18:
 722 0090 54494D45 		.ascii	"TIME_TRIGGER_SETTINGS\000"
 722      5F545249 
 722      47474552 
 722      5F534554 
 722      54494E47 
 723 00a6 0000     		.space	2
 724              	.LC20:
 725 00a8 56524400 		.ascii	"VRD\000"
 726              	.LC23:
 727 00ac 4359424C 		.ascii	"CYBLE_EVT_AIOSS_NOTIFICATION_ENABLED: \000"
 727      455F4556 
 727      545F4149 
ARM GAS  C:\Users\Lenovo\AppData\Local\Temp\ccHfIZ2m.s 			page 20


 727      4F53535F 
 727      4E4F5449 
 728 00d3 00       		.space	1
 729              	.LC25:
 730 00d4 20636861 		.ascii	" characteristic, instance: %d\000"
 730      72616374 
 730      65726973 
 730      7469632C 
 730      20696E73 
 731 00f2 0000     		.space	2
 732              	.LC27:
 733 00f4 206E6F74 		.ascii	" notification is Enabled \015\000"
 733      69666963 
 733      6174696F 
 733      6E206973 
 733      20456E61 
 734 010f 00       		.space	1
 735              	.LC29:
 736 0110 4359424C 		.ascii	"CYBLE_EVT_AIOSS_NOTIFICATION_DISABLED: \000"
 736      455F4556 
 736      545F4149 
 736      4F53535F 
 736      4E4F5449 
 737              	.LC31:
 738 0138 206E6F74 		.ascii	" notification is Disabled \015\000"
 738      69666963 
 738      6174696F 
 738      6E206973 
 738      20446973 
 739              	.LC33:
 740 0154 4359424C 		.ascii	"CYBLE_EVT_AIOSS_INDICATION_ENABLED: \000"
 740      455F4556 
 740      545F4149 
 740      4F53535F 
 740      494E4449 
 741 0179 000000   		.space	3
 742              	.LC35:
 743 017c 20696E64 		.ascii	" indication is Enabled \015\000"
 743      69636174 
 743      696F6E20 
 743      69732045 
 743      6E61626C 
 744 0195 000000   		.space	3
 745              	.LC37:
 746 0198 4359424C 		.ascii	"CYBLE_EVT_AIOSS_INDICATION_DISABLED: \000"
 746      455F4556 
 746      545F4149 
 746      4F53535F 
 746      494E4449 
 747 01be 0000     		.space	2
 748              	.LC39:
 749 01c0 20696E64 		.ascii	" indication is Disabled \015\000"
 749      69636174 
 749      696F6E20 
 749      69732044 
 749      69736162 
 750 01da 0000     		.space	2
ARM GAS  C:\Users\Lenovo\AppData\Local\Temp\ccHfIZ2m.s 			page 21


 751              	.LC41:
 752 01dc 4359424C 		.ascii	"CYBLE_EVT_AIOSS_INDICATION_CONFIRMED: \000"
 752      455F4556 
 752      545F4149 
 752      4F53535F 
 752      494E4449 
 753 0203 00       		.space	1
 754              	.LC43:
 755 0204 20696E64 		.ascii	" indication is Confirmed \015\000"
 755      69636174 
 755      696F6E20 
 755      69732043 
 755      6F6E6669 
 756 021f 00       		.space	1
 757              	.LC45:
 758 0220 4359424C 		.ascii	"CYBLE_EVT_AIOSS_CHAR_WRITE charIndex - \000"
 758      455F4556 
 758      545F4149 
 758      4F53535F 
 758      43484152 
 759              	.LC47:
 760 0248 2C206368 		.ascii	", charInstance - %d, \000"
 760      6172496E 
 760      7374616E 
 760      6365202D 
 760      2025642C 
 761 025e 0000     		.space	2
 762              	.LC49:
 763 0260 76616C75 		.ascii	"value - %d (0x%2.2X)  len - %d\015\012\000"
 763      65202D20 
 763      25642028 
 763      30782532 
 763      2E325829 
 764 0281 000000   		.space	3
 765              	.LC51:
 766 0284 4359424C 		.ascii	"CYBLE_EVT_AIOSS_DESCR_WRITE charIndex - \000"
 766      455F4556 
 766      545F4149 
 766      4F53535F 
 766      44455343 
 767 02ad 000000   		.space	3
 768              	.LC53:
 769 02b0 2C206368 		.ascii	", charInstance -  %d,\000"
 769      6172496E 
 769      7374616E 
 769      6365202D 
 769      20202564 
 770 02c6 0000     		.space	2
 771              	.LC55:
 772 02c8 20646573 		.ascii	" descrIndex - \000"
 772      6372496E 
 772      64657820 
 772      2D2000
 773 02d7 00       		.space	1
 774              	.LC57:
 775 02d8 2C2000   		.ascii	", \000"
 776 02db 00       		.space	1
ARM GAS  C:\Users\Lenovo\AppData\Local\Temp\ccHfIZ2m.s 			page 22


 777              	.LC59:
 778 02dc 76616C75 		.ascii	"value - %d (0x%2.2X)  \000"
 778      65202D20 
 778      25642028 
 778      30782532 
 778      2E325829 
 779 02f3 00       		.space	1
 780              	.LC61:
 781 02f4 76616C75 		.ascii	"value - \000"
 781      65202D20 
 781      00
 782 02fd 000000   		.space	3
 783              	.LC63:
 784 0300 25322E32 		.ascii	"%2.2X \000"
 784      582000
 785 0307 00       		.space	1
 786              	.LC65:
 787 0308 202800   		.ascii	" (\000"
 788 030b 00       		.space	1
 789              	.LC67:
 790 030c 29202000 		.ascii	")  \000"
 791              	.LC69:
 792 0310 6C656E20 		.ascii	"len - %d\015\012\000"
 792      2D202564 
 792      0D0A00
 793 031b 00       		.space	1
 794              	.LC71:
 795 031c 756E6B6E 		.ascii	"unknown AIOS event: 0x%lx \015\012\000"
 795      6F776E20 
 795      41494F53 
 795      20657665 
 795      6E743A20 
 796 0339 000000   		.space	3
 797              	.LC74:
 798 033c 53746172 		.ascii	"StartAdvertisement API Error: \000"
 798      74416476 
 798      65727469 
 798      73656D65 
 798      6E742041 
 799 035b 00       		.space	1
 800              	.LC76:
 801 035c 53746172 		.ascii	"Start Advertisement with addr: \000"
 801      74204164 
 801      76657274 
 801      6973656D 
 801      656E7420 
 802              	.LC78:
 803 037c 25322E32 		.ascii	"%2.2x\000"
 803      7800
 804 0382 0000     		.space	2
 805              	.LC80:
 806 0384 0D00     		.ascii	"\015\000"
 807              		.text
 808              	.Letext0:
 809              		.file 2 "Generated_Source\\PSoC4/cytypes.h"
 810              		.file 3 "Generated_Source\\PSoC4/BLE_1_Stack.h"
 811              		.file 4 "Generated_Source\\PSoC4/BLE_1_StackGatt.h"
ARM GAS  C:\Users\Lenovo\AppData\Local\Temp\ccHfIZ2m.s 			page 23


 812              		.file 5 "Generated_Source\\PSoC4/BLE_1_aios.h"
 813              		.file 6 "Generated_Source\\PSoC4/BLE_1_eventHandler.h"
 814              		.file 7 "d:\\psoc\\psoc creator\\4.4\\psoc creator\\import\\gnu\\arm\\5.4.1\\arm-none-eabi\\includ
 815              		.file 8 "Generated_Source\\PSoC4/BLE_1.h"
 816              		.file 9 "<built-in>"
 817              		.file 10 "debug.h"
 818              		.file 11 "Generated_Source\\PSoC4/Advertising_LED.h"
 819              		.file 12 "aios.h"
 820              		.section	.debug_info,"",%progbits
 821              	.Ldebug_info0:
 822 0000 B9120000 		.4byte	0x12b9
 823 0004 0400     		.2byte	0x4
 824 0006 00000000 		.4byte	.Ldebug_abbrev0
 825 000a 04       		.byte	0x4
 826 000b 01       		.uleb128 0x1
 827 000c 0B100000 		.4byte	.LASF438
 828 0010 0C       		.byte	0xc
 829 0011 7F170000 		.4byte	.LASF439
 830 0015 83260000 		.4byte	.LASF440
 831 0019 00000000 		.4byte	.Ldebug_ranges0+0
 832 001d 00000000 		.4byte	0
 833 0021 00000000 		.4byte	.Ldebug_line0
 834 0025 02       		.uleb128 0x2
 835 0026 01       		.byte	0x1
 836 0027 06       		.byte	0x6
 837 0028 92320000 		.4byte	.LASF0
 838 002c 02       		.uleb128 0x2
 839 002d 01       		.byte	0x1
 840 002e 08       		.byte	0x8
 841 002f 472E0000 		.4byte	.LASF1
 842 0033 02       		.uleb128 0x2
 843 0034 02       		.byte	0x2
 844 0035 05       		.byte	0x5
 845 0036 FD060000 		.4byte	.LASF2
 846 003a 02       		.uleb128 0x2
 847 003b 02       		.byte	0x2
 848 003c 07       		.byte	0x7
 849 003d C4320000 		.4byte	.LASF3
 850 0041 02       		.uleb128 0x2
 851 0042 04       		.byte	0x4
 852 0043 05       		.byte	0x5
 853 0044 3A260000 		.4byte	.LASF4
 854 0048 02       		.uleb128 0x2
 855 0049 04       		.byte	0x4
 856 004a 07       		.byte	0x7
 857 004b 552B0000 		.4byte	.LASF5
 858 004f 02       		.uleb128 0x2
 859 0050 08       		.byte	0x8
 860 0051 05       		.byte	0x5
 861 0052 671A0000 		.4byte	.LASF6
 862 0056 02       		.uleb128 0x2
 863 0057 08       		.byte	0x8
 864 0058 07       		.byte	0x7
 865 0059 6C0C0000 		.4byte	.LASF7
 866 005d 03       		.uleb128 0x3
 867 005e 04       		.byte	0x4
 868 005f 05       		.byte	0x5
ARM GAS  C:\Users\Lenovo\AppData\Local\Temp\ccHfIZ2m.s 			page 24


 869 0060 696E7400 		.ascii	"int\000"
 870 0064 02       		.uleb128 0x2
 871 0065 04       		.byte	0x4
 872 0066 07       		.byte	0x7
 873 0067 0E2A0000 		.4byte	.LASF8
 874 006b 04       		.uleb128 0x4
 875 006c A0330000 		.4byte	.LASF9
 876 0070 02       		.byte	0x2
 877 0071 D201     		.2byte	0x1d2
 878 0073 2C000000 		.4byte	0x2c
 879 0077 04       		.uleb128 0x4
 880 0078 A9170000 		.4byte	.LASF10
 881 007c 02       		.byte	0x2
 882 007d D301     		.2byte	0x1d3
 883 007f 3A000000 		.4byte	0x3a
 884 0083 04       		.uleb128 0x4
 885 0084 3C1F0000 		.4byte	.LASF11
 886 0088 02       		.byte	0x2
 887 0089 D401     		.2byte	0x1d4
 888 008b 48000000 		.4byte	0x48
 889 008f 02       		.uleb128 0x2
 890 0090 04       		.byte	0x4
 891 0091 04       		.byte	0x4
 892 0092 D30A0000 		.4byte	.LASF12
 893 0096 02       		.uleb128 0x2
 894 0097 08       		.byte	0x8
 895 0098 04       		.byte	0x4
 896 0099 28120000 		.4byte	.LASF13
 897 009d 02       		.uleb128 0x2
 898 009e 01       		.byte	0x1
 899 009f 08       		.byte	0x8
 900 00a0 30160000 		.4byte	.LASF14
 901 00a4 02       		.uleb128 0x2
 902 00a5 08       		.byte	0x8
 903 00a6 04       		.byte	0x4
 904 00a7 80220000 		.4byte	.LASF15
 905 00ab 02       		.uleb128 0x2
 906 00ac 04       		.byte	0x4
 907 00ad 07       		.byte	0x7
 908 00ae 71240000 		.4byte	.LASF16
 909 00b2 05       		.uleb128 0x5
 910 00b3 04       		.byte	0x4
 911 00b4 06       		.uleb128 0x6
 912 00b5 04       		.byte	0x4
 913 00b6 6B000000 		.4byte	0x6b
 914 00ba 07       		.uleb128 0x7
 915 00bb 02       		.byte	0x2
 916 00bc 3A000000 		.4byte	0x3a
 917 00c0 03       		.byte	0x3
 918 00c1 EA03     		.2byte	0x3ea
 919 00c3 99010000 		.4byte	0x199
 920 00c7 08       		.uleb128 0x8
 921 00c8 A6330000 		.4byte	.LASF17
 922 00cc 00       		.byte	0
 923 00cd 08       		.uleb128 0x8
 924 00ce D8270000 		.4byte	.LASF18
 925 00d2 01       		.byte	0x1
ARM GAS  C:\Users\Lenovo\AppData\Local\Temp\ccHfIZ2m.s 			page 25


 926 00d3 08       		.uleb128 0x8
 927 00d4 51040000 		.4byte	.LASF19
 928 00d8 02       		.byte	0x2
 929 00d9 08       		.uleb128 0x8
 930 00da 63150000 		.4byte	.LASF20
 931 00de 03       		.byte	0x3
 932 00df 08       		.uleb128 0x8
 933 00e0 0A170000 		.4byte	.LASF21
 934 00e4 04       		.byte	0x4
 935 00e5 08       		.uleb128 0x8
 936 00e6 93130000 		.4byte	.LASF22
 937 00ea 05       		.byte	0x5
 938 00eb 08       		.uleb128 0x8
 939 00ec 6D2C0000 		.4byte	.LASF23
 940 00f0 06       		.byte	0x6
 941 00f1 08       		.uleb128 0x8
 942 00f2 75050000 		.4byte	.LASF24
 943 00f6 07       		.byte	0x7
 944 00f7 08       		.uleb128 0x8
 945 00f8 B8230000 		.4byte	.LASF25
 946 00fc 08       		.byte	0x8
 947 00fd 08       		.uleb128 0x8
 948 00fe D3020000 		.4byte	.LASF26
 949 0102 09       		.byte	0x9
 950 0103 08       		.uleb128 0x8
 951 0104 11230000 		.4byte	.LASF27
 952 0108 0A       		.byte	0xa
 953 0109 08       		.uleb128 0x8
 954 010a 660B0000 		.4byte	.LASF28
 955 010e 0B       		.byte	0xb
 956 010f 08       		.uleb128 0x8
 957 0110 19160000 		.4byte	.LASF29
 958 0114 0C       		.byte	0xc
 959 0115 08       		.uleb128 0x8
 960 0116 981E0000 		.4byte	.LASF30
 961 011a 0D       		.byte	0xd
 962 011b 08       		.uleb128 0x8
 963 011c A42B0000 		.4byte	.LASF31
 964 0120 0E       		.byte	0xe
 965 0121 08       		.uleb128 0x8
 966 0122 B0200000 		.4byte	.LASF32
 967 0126 0F       		.byte	0xf
 968 0127 08       		.uleb128 0x8
 969 0128 6F1D0000 		.4byte	.LASF33
 970 012c 10       		.byte	0x10
 971 012d 08       		.uleb128 0x8
 972 012e 3D0A0000 		.4byte	.LASF34
 973 0132 11       		.byte	0x11
 974 0133 08       		.uleb128 0x8
 975 0134 7D330000 		.4byte	.LASF35
 976 0138 12       		.byte	0x12
 977 0139 08       		.uleb128 0x8
 978 013a 491B0000 		.4byte	.LASF36
 979 013e 13       		.byte	0x13
 980 013f 08       		.uleb128 0x8
 981 0140 8A180000 		.4byte	.LASF37
 982 0144 27       		.byte	0x27
ARM GAS  C:\Users\Lenovo\AppData\Local\Temp\ccHfIZ2m.s 			page 26


 983 0145 08       		.uleb128 0x8
 984 0146 79160000 		.4byte	.LASF38
 985 014a 28       		.byte	0x28
 986 014b 08       		.uleb128 0x8
 987 014c 50170000 		.4byte	.LASF39
 988 0150 29       		.byte	0x29
 989 0151 08       		.uleb128 0x8
 990 0152 06040000 		.4byte	.LASF40
 991 0156 2A       		.byte	0x2a
 992 0157 08       		.uleb128 0x8
 993 0158 88150000 		.4byte	.LASF41
 994 015c 2B       		.byte	0x2b
 995 015d 08       		.uleb128 0x8
 996 015e D6230000 		.4byte	.LASF42
 997 0162 2C       		.byte	0x2c
 998 0163 08       		.uleb128 0x8
 999 0164 67060000 		.4byte	.LASF43
 1000 0168 2D       		.byte	0x2d
 1001 0169 08       		.uleb128 0x8
 1002 016a 3D330000 		.4byte	.LASF44
 1003 016e FE       		.byte	0xfe
 1004 016f 08       		.uleb128 0x8
 1005 0170 DF1B0000 		.4byte	.LASF45
 1006 0174 FF       		.byte	0xff
 1007 0175 09       		.uleb128 0x9
 1008 0176 63190000 		.4byte	.LASF46
 1009 017a 0001     		.2byte	0x100
 1010 017c 09       		.uleb128 0x9
 1011 017d D5110000 		.4byte	.LASF47
 1012 0181 0101     		.2byte	0x101
 1013 0183 09       		.uleb128 0x9
 1014 0184 9D240000 		.4byte	.LASF48
 1015 0188 0201     		.2byte	0x102
 1016 018a 09       		.uleb128 0x9
 1017 018b 4D060000 		.4byte	.LASF49
 1018 018f 0301     		.2byte	0x103
 1019 0191 09       		.uleb128 0x9
 1020 0192 7C190000 		.4byte	.LASF50
 1021 0196 0401     		.2byte	0x104
 1022 0198 00       		.byte	0
 1023 0199 04       		.uleb128 0x4
 1024 019a 79200000 		.4byte	.LASF51
 1025 019e 03       		.byte	0x3
 1026 019f 5C04     		.2byte	0x45c
 1027 01a1 BA000000 		.4byte	0xba
 1028 01a5 0A       		.uleb128 0xa
 1029 01a6 07       		.byte	0x7
 1030 01a7 03       		.byte	0x3
 1031 01a8 2A05     		.2byte	0x52a
 1032 01aa C9010000 		.4byte	0x1c9
 1033 01ae 0B       		.uleb128 0xb
 1034 01af 152B0000 		.4byte	.LASF52
 1035 01b3 03       		.byte	0x3
 1036 01b4 2D05     		.2byte	0x52d
 1037 01b6 C9010000 		.4byte	0x1c9
 1038 01ba 00       		.byte	0
 1039 01bb 0B       		.uleb128 0xb
ARM GAS  C:\Users\Lenovo\AppData\Local\Temp\ccHfIZ2m.s 			page 27


 1040 01bc 1F2E0000 		.4byte	.LASF53
 1041 01c0 03       		.byte	0x3
 1042 01c1 2F05     		.2byte	0x52f
 1043 01c3 6B000000 		.4byte	0x6b
 1044 01c7 06       		.byte	0x6
 1045 01c8 00       		.byte	0
 1046 01c9 0C       		.uleb128 0xc
 1047 01ca 6B000000 		.4byte	0x6b
 1048 01ce D9010000 		.4byte	0x1d9
 1049 01d2 0D       		.uleb128 0xd
 1050 01d3 AB000000 		.4byte	0xab
 1051 01d7 05       		.byte	0x5
 1052 01d8 00       		.byte	0
 1053 01d9 04       		.uleb128 0x4
 1054 01da ED280000 		.4byte	.LASF54
 1055 01de 03       		.byte	0x3
 1056 01df 3005     		.2byte	0x530
 1057 01e1 A5010000 		.4byte	0x1a5
 1058 01e5 0E       		.uleb128 0xe
 1059 01e6 01       		.byte	0x1
 1060 01e7 2C000000 		.4byte	0x2c
 1061 01eb 04       		.byte	0x4
 1062 01ec A5       		.byte	0xa5
 1063 01ed DC020000 		.4byte	0x2dc
 1064 01f1 08       		.uleb128 0x8
 1065 01f2 72090000 		.4byte	.LASF55
 1066 01f6 00       		.byte	0
 1067 01f7 08       		.uleb128 0x8
 1068 01f8 1D210000 		.4byte	.LASF56
 1069 01fc 01       		.byte	0x1
 1070 01fd 08       		.uleb128 0x8
 1071 01fe EF220000 		.4byte	.LASF57
 1072 0202 02       		.byte	0x2
 1073 0203 08       		.uleb128 0x8
 1074 0204 AC0E0000 		.4byte	.LASF58
 1075 0208 03       		.byte	0x3
 1076 0209 08       		.uleb128 0x8
 1077 020a BF2E0000 		.4byte	.LASF59
 1078 020e 04       		.byte	0x4
 1079 020f 08       		.uleb128 0x8
 1080 0210 0B030000 		.4byte	.LASF60
 1081 0214 05       		.byte	0x5
 1082 0215 08       		.uleb128 0x8
 1083 0216 19350000 		.4byte	.LASF61
 1084 021a 06       		.byte	0x6
 1085 021b 08       		.uleb128 0x8
 1086 021c 39180000 		.4byte	.LASF62
 1087 0220 07       		.byte	0x7
 1088 0221 08       		.uleb128 0x8
 1089 0222 35160000 		.4byte	.LASF63
 1090 0226 08       		.byte	0x8
 1091 0227 08       		.uleb128 0x8
 1092 0228 C8140000 		.4byte	.LASF64
 1093 022c 09       		.byte	0x9
 1094 022d 08       		.uleb128 0x8
 1095 022e A4310000 		.4byte	.LASF65
 1096 0232 0A       		.byte	0xa
ARM GAS  C:\Users\Lenovo\AppData\Local\Temp\ccHfIZ2m.s 			page 28


 1097 0233 08       		.uleb128 0x8
 1098 0234 DA2E0000 		.4byte	.LASF66
 1099 0238 0B       		.byte	0xb
 1100 0239 08       		.uleb128 0x8
 1101 023a EF260000 		.4byte	.LASF67
 1102 023e 0C       		.byte	0xc
 1103 023f 08       		.uleb128 0x8
 1104 0240 430E0000 		.4byte	.LASF68
 1105 0244 0D       		.byte	0xd
 1106 0245 08       		.uleb128 0x8
 1107 0246 CF0E0000 		.4byte	.LASF69
 1108 024a 0E       		.byte	0xe
 1109 024b 08       		.uleb128 0x8
 1110 024c BF1D0000 		.4byte	.LASF70
 1111 0250 0F       		.byte	0xf
 1112 0251 08       		.uleb128 0x8
 1113 0252 38200000 		.4byte	.LASF71
 1114 0256 10       		.byte	0x10
 1115 0257 08       		.uleb128 0x8
 1116 0258 0A1E0000 		.4byte	.LASF72
 1117 025c 11       		.byte	0x11
 1118 025d 08       		.uleb128 0x8
 1119 025e 66300000 		.4byte	.LASF73
 1120 0262 80       		.byte	0x80
 1121 0263 08       		.uleb128 0x8
 1122 0264 2D150000 		.4byte	.LASF74
 1123 0268 80       		.byte	0x80
 1124 0269 08       		.uleb128 0x8
 1125 026a 0B220000 		.4byte	.LASF75
 1126 026e 80       		.byte	0x80
 1127 026f 08       		.uleb128 0x8
 1128 0270 FF0C0000 		.4byte	.LASF76
 1129 0274 80       		.byte	0x80
 1130 0275 08       		.uleb128 0x8
 1131 0276 5A070000 		.4byte	.LASF77
 1132 027a 80       		.byte	0x80
 1133 027b 08       		.uleb128 0x8
 1134 027c 0C260000 		.4byte	.LASF78
 1135 0280 80       		.byte	0x80
 1136 0281 08       		.uleb128 0x8
 1137 0282 60110000 		.4byte	.LASF79
 1138 0286 80       		.byte	0x80
 1139 0287 08       		.uleb128 0x8
 1140 0288 7A270000 		.4byte	.LASF80
 1141 028c 80       		.byte	0x80
 1142 028d 08       		.uleb128 0x8
 1143 028e A80A0000 		.4byte	.LASF81
 1144 0292 81       		.byte	0x81
 1145 0293 08       		.uleb128 0x8
 1146 0294 66250000 		.4byte	.LASF82
 1147 0298 81       		.byte	0x81
 1148 0299 08       		.uleb128 0x8
 1149 029a 5E200000 		.4byte	.LASF83
 1150 029e 81       		.byte	0x81
 1151 029f 08       		.uleb128 0x8
 1152 02a0 C71A0000 		.4byte	.LASF84
 1153 02a4 81       		.byte	0x81
ARM GAS  C:\Users\Lenovo\AppData\Local\Temp\ccHfIZ2m.s 			page 29


 1154 02a5 08       		.uleb128 0x8
 1155 02a6 F4330000 		.4byte	.LASF85
 1156 02aa 82       		.byte	0x82
 1157 02ab 08       		.uleb128 0x8
 1158 02ac AB250000 		.4byte	.LASF86
 1159 02b0 A0       		.byte	0xa0
 1160 02b1 08       		.uleb128 0x8
 1161 02b2 8C200000 		.4byte	.LASF87
 1162 02b6 A0       		.byte	0xa0
 1163 02b7 08       		.uleb128 0x8
 1164 02b8 7A340000 		.4byte	.LASF88
 1165 02bc A1       		.byte	0xa1
 1166 02bd 08       		.uleb128 0x8
 1167 02be 491D0000 		.4byte	.LASF89
 1168 02c2 A2       		.byte	0xa2
 1169 02c3 08       		.uleb128 0x8
 1170 02c4 EC290000 		.4byte	.LASF90
 1171 02c8 A3       		.byte	0xa3
 1172 02c9 08       		.uleb128 0x8
 1173 02ca A4270000 		.4byte	.LASF91
 1174 02ce FD       		.byte	0xfd
 1175 02cf 08       		.uleb128 0x8
 1176 02d0 7A070000 		.4byte	.LASF92
 1177 02d4 FE       		.byte	0xfe
 1178 02d5 08       		.uleb128 0x8
 1179 02d6 22250000 		.4byte	.LASF93
 1180 02da FF       		.byte	0xff
 1181 02db 00       		.byte	0
 1182 02dc 04       		.uleb128 0x4
 1183 02dd F8000000 		.4byte	.LASF94
 1184 02e1 04       		.byte	0x4
 1185 02e2 5F01     		.2byte	0x15f
 1186 02e4 E5010000 		.4byte	0x1e5
 1187 02e8 0A       		.uleb128 0xa
 1188 02e9 02       		.byte	0x2
 1189 02ea 04       		.byte	0x4
 1190 02eb 9301     		.2byte	0x193
 1191 02ed 0C030000 		.4byte	0x30c
 1192 02f1 0B       		.uleb128 0xb
 1193 02f2 FC310000 		.4byte	.LASF95
 1194 02f6 04       		.byte	0x4
 1195 02f7 9A01     		.2byte	0x19a
 1196 02f9 6B000000 		.4byte	0x6b
 1197 02fd 00       		.byte	0
 1198 02fe 0B       		.uleb128 0xb
 1199 02ff ED0E0000 		.4byte	.LASF96
 1200 0303 04       		.byte	0x4
 1201 0304 A001     		.2byte	0x1a0
 1202 0306 6B000000 		.4byte	0x6b
 1203 030a 01       		.byte	0x1
 1204 030b 00       		.byte	0
 1205 030c 04       		.uleb128 0x4
 1206 030d 23040000 		.4byte	.LASF97
 1207 0311 04       		.byte	0x4
 1208 0312 A201     		.2byte	0x1a2
 1209 0314 E8020000 		.4byte	0x2e8
 1210 0318 0A       		.uleb128 0xa
ARM GAS  C:\Users\Lenovo\AppData\Local\Temp\ccHfIZ2m.s 			page 30


 1211 0319 08       		.byte	0x8
 1212 031a 04       		.byte	0x4
 1213 031b BE01     		.2byte	0x1be
 1214 031d 49030000 		.4byte	0x349
 1215 0321 0F       		.uleb128 0xf
 1216 0322 76616C00 		.ascii	"val\000"
 1217 0326 04       		.byte	0x4
 1218 0327 C101     		.2byte	0x1c1
 1219 0329 B4000000 		.4byte	0xb4
 1220 032d 00       		.byte	0
 1221 032e 0F       		.uleb128 0xf
 1222 032f 6C656E00 		.ascii	"len\000"
 1223 0333 04       		.byte	0x4
 1224 0334 C401     		.2byte	0x1c4
 1225 0336 77000000 		.4byte	0x77
 1226 033a 04       		.byte	0x4
 1227 033b 0B       		.uleb128 0xb
 1228 033c C1280000 		.4byte	.LASF98
 1229 0340 04       		.byte	0x4
 1230 0341 CB01     		.2byte	0x1cb
 1231 0343 77000000 		.4byte	0x77
 1232 0347 06       		.byte	0x6
 1233 0348 00       		.byte	0
 1234 0349 04       		.uleb128 0x4
 1235 034a 6C170000 		.4byte	.LASF99
 1236 034e 04       		.byte	0x4
 1237 034f CD01     		.2byte	0x1cd
 1238 0351 18030000 		.4byte	0x318
 1239 0355 0E       		.uleb128 0xe
 1240 0356 01       		.byte	0x1
 1241 0357 2C000000 		.4byte	0x2c
 1242 035b 05       		.byte	0x5
 1243 035c 2B       		.byte	0x2b
 1244 035d 7A030000 		.4byte	0x37a
 1245 0361 08       		.uleb128 0x8
 1246 0362 47070000 		.4byte	.LASF100
 1247 0366 00       		.byte	0
 1248 0367 08       		.uleb128 0x8
 1249 0368 D4250000 		.4byte	.LASF101
 1250 036c 01       		.byte	0x1
 1251 036d 08       		.uleb128 0x8
 1252 036e 431F0000 		.4byte	.LASF102
 1253 0372 02       		.byte	0x2
 1254 0373 08       		.uleb128 0x8
 1255 0374 8A110000 		.4byte	.LASF103
 1256 0378 03       		.byte	0x3
 1257 0379 00       		.byte	0
 1258 037a 10       		.uleb128 0x10
 1259 037b DF170000 		.4byte	.LASF104
 1260 037f 05       		.byte	0x5
 1261 0380 30       		.byte	0x30
 1262 0381 55030000 		.4byte	0x355
 1263 0385 0E       		.uleb128 0xe
 1264 0386 01       		.byte	0x1
 1265 0387 2C000000 		.4byte	0x2c
 1266 038b 05       		.byte	0x5
 1267 038c 34       		.byte	0x34
ARM GAS  C:\Users\Lenovo\AppData\Local\Temp\ccHfIZ2m.s 			page 31


 1268 038d C8030000 		.4byte	0x3c8
 1269 0391 08       		.uleb128 0x8
 1270 0392 A0110000 		.4byte	.LASF105
 1271 0396 00       		.byte	0
 1272 0397 08       		.uleb128 0x8
 1273 0398 04060000 		.4byte	.LASF106
 1274 039c 01       		.byte	0x1
 1275 039d 08       		.uleb128 0x8
 1276 039e B81B0000 		.4byte	.LASF107
 1277 03a2 02       		.byte	0x2
 1278 03a3 08       		.uleb128 0x8
 1279 03a4 4B320000 		.4byte	.LASF108
 1280 03a8 03       		.byte	0x3
 1281 03a9 08       		.uleb128 0x8
 1282 03aa BD0B0000 		.4byte	.LASF109
 1283 03ae 04       		.byte	0x4
 1284 03af 08       		.uleb128 0x8
 1285 03b0 00190000 		.4byte	.LASF110
 1286 03b4 05       		.byte	0x5
 1287 03b5 08       		.uleb128 0x8
 1288 03b6 95270000 		.4byte	.LASF111
 1289 03ba 06       		.byte	0x6
 1290 03bb 08       		.uleb128 0x8
 1291 03bc E4120000 		.4byte	.LASF112
 1292 03c0 06       		.byte	0x6
 1293 03c1 08       		.uleb128 0x8
 1294 03c2 082E0000 		.4byte	.LASF113
 1295 03c6 07       		.byte	0x7
 1296 03c7 00       		.byte	0
 1297 03c8 10       		.uleb128 0x10
 1298 03c9 BA020000 		.4byte	.LASF114
 1299 03cd 05       		.byte	0x5
 1300 03ce 3E       		.byte	0x3e
 1301 03cf 85030000 		.4byte	0x385
 1302 03d3 11       		.uleb128 0x11
 1303 03d4 0C       		.byte	0xc
 1304 03d5 05       		.byte	0x5
 1305 03d6 84       		.byte	0x84
 1306 03d7 18040000 		.4byte	0x418
 1307 03db 12       		.uleb128 0x12
 1308 03dc 60350000 		.4byte	.LASF115
 1309 03e0 05       		.byte	0x5
 1310 03e1 86       		.byte	0x86
 1311 03e2 0C030000 		.4byte	0x30c
 1312 03e6 00       		.byte	0
 1313 03e7 12       		.uleb128 0x12
 1314 03e8 CE270000 		.4byte	.LASF116
 1315 03ec 05       		.byte	0x5
 1316 03ed 87       		.byte	0x87
 1317 03ee 7A030000 		.4byte	0x37a
 1318 03f2 02       		.byte	0x2
 1319 03f3 12       		.uleb128 0x12
 1320 03f4 7B2D0000 		.4byte	.LASF117
 1321 03f8 05       		.byte	0x5
 1322 03f9 88       		.byte	0x88
 1323 03fa 6B000000 		.4byte	0x6b
 1324 03fe 03       		.byte	0x3
ARM GAS  C:\Users\Lenovo\AppData\Local\Temp\ccHfIZ2m.s 			page 32


 1325 03ff 12       		.uleb128 0x12
 1326 0400 B3350000 		.4byte	.LASF118
 1327 0404 05       		.byte	0x5
 1328 0405 89       		.byte	0x89
 1329 0406 18040000 		.4byte	0x418
 1330 040a 04       		.byte	0x4
 1331 040b 12       		.uleb128 0x12
 1332 040c 990F0000 		.4byte	.LASF119
 1333 0410 05       		.byte	0x5
 1334 0411 8A       		.byte	0x8a
 1335 0412 DC020000 		.4byte	0x2dc
 1336 0416 08       		.byte	0x8
 1337 0417 00       		.byte	0
 1338 0418 06       		.uleb128 0x6
 1339 0419 04       		.byte	0x4
 1340 041a 49030000 		.4byte	0x349
 1341 041e 10       		.uleb128 0x10
 1342 041f 412D0000 		.4byte	.LASF120
 1343 0423 05       		.byte	0x5
 1344 0424 8B       		.byte	0x8b
 1345 0425 D3030000 		.4byte	0x3d3
 1346 0429 11       		.uleb128 0x11
 1347 042a 0C       		.byte	0xc
 1348 042b 05       		.byte	0x5
 1349 042c 8E       		.byte	0x8e
 1350 042d 7A040000 		.4byte	0x47a
 1351 0431 12       		.uleb128 0x12
 1352 0432 60350000 		.4byte	.LASF115
 1353 0436 05       		.byte	0x5
 1354 0437 90       		.byte	0x90
 1355 0438 0C030000 		.4byte	0x30c
 1356 043c 00       		.byte	0
 1357 043d 12       		.uleb128 0x12
 1358 043e CE270000 		.4byte	.LASF116
 1359 0442 05       		.byte	0x5
 1360 0443 91       		.byte	0x91
 1361 0444 7A030000 		.4byte	0x37a
 1362 0448 02       		.byte	0x2
 1363 0449 12       		.uleb128 0x12
 1364 044a 7B2D0000 		.4byte	.LASF117
 1365 044e 05       		.byte	0x5
 1366 044f 92       		.byte	0x92
 1367 0450 6B000000 		.4byte	0x6b
 1368 0454 03       		.byte	0x3
 1369 0455 12       		.uleb128 0x12
 1370 0456 D4130000 		.4byte	.LASF121
 1371 045a 05       		.byte	0x5
 1372 045b 93       		.byte	0x93
 1373 045c C8030000 		.4byte	0x3c8
 1374 0460 04       		.byte	0x4
 1375 0461 12       		.uleb128 0x12
 1376 0462 990F0000 		.4byte	.LASF119
 1377 0466 05       		.byte	0x5
 1378 0467 94       		.byte	0x94
 1379 0468 DC020000 		.4byte	0x2dc
 1380 046c 05       		.byte	0x5
 1381 046d 12       		.uleb128 0x12
ARM GAS  C:\Users\Lenovo\AppData\Local\Temp\ccHfIZ2m.s 			page 33


 1382 046e B3350000 		.4byte	.LASF118
 1383 0472 05       		.byte	0x5
 1384 0473 95       		.byte	0x95
 1385 0474 18040000 		.4byte	0x418
 1386 0478 08       		.byte	0x8
 1387 0479 00       		.byte	0
 1388 047a 10       		.uleb128 0x10
 1389 047b A70F0000 		.4byte	.LASF122
 1390 047f 05       		.byte	0x5
 1391 0480 96       		.byte	0x96
 1392 0481 29040000 		.4byte	0x429
 1393 0485 0E       		.uleb128 0xe
 1394 0486 02       		.byte	0x2
 1395 0487 3A000000 		.4byte	0x3a
 1396 048b 06       		.byte	0x6
 1397 048c B1       		.byte	0xb1
 1398 048d 9C0C0000 		.4byte	0xc9c
 1399 0491 09       		.uleb128 0x9
 1400 0492 BC080000 		.4byte	.LASF123
 1401 0496 0001     		.2byte	0x100
 1402 0498 09       		.uleb128 0x9
 1403 0499 BE2F0000 		.4byte	.LASF124
 1404 049d 0101     		.2byte	0x101
 1405 049f 09       		.uleb128 0x9
 1406 04a0 9D1D0000 		.4byte	.LASF125
 1407 04a4 0201     		.2byte	0x102
 1408 04a6 09       		.uleb128 0x9
 1409 04a7 F3150000 		.4byte	.LASF126
 1410 04ab 0301     		.2byte	0x103
 1411 04ad 09       		.uleb128 0x9
 1412 04ae 4F230000 		.4byte	.LASF127
 1413 04b2 0401     		.2byte	0x104
 1414 04b4 09       		.uleb128 0x9
 1415 04b5 E61D0000 		.4byte	.LASF128
 1416 04b9 0501     		.2byte	0x105
 1417 04bb 09       		.uleb128 0x9
 1418 04bc 23110000 		.4byte	.LASF129
 1419 04c0 0601     		.2byte	0x106
 1420 04c2 09       		.uleb128 0x9
 1421 04c3 161C0000 		.4byte	.LASF130
 1422 04c7 0701     		.2byte	0x107
 1423 04c9 09       		.uleb128 0x9
 1424 04ca 56020000 		.4byte	.LASF131
 1425 04ce 0801     		.2byte	0x108
 1426 04d0 09       		.uleb128 0x9
 1427 04d1 9E320000 		.4byte	.LASF132
 1428 04d5 0901     		.2byte	0x109
 1429 04d7 09       		.uleb128 0x9
 1430 04d8 FC100000 		.4byte	.LASF133
 1431 04dc 0A01     		.2byte	0x10a
 1432 04de 09       		.uleb128 0x9
 1433 04df 99020000 		.4byte	.LASF134
 1434 04e3 0B01     		.2byte	0x10b
 1435 04e5 09       		.uleb128 0x9
 1436 04e6 062D0000 		.4byte	.LASF135
 1437 04ea 0C01     		.2byte	0x10c
 1438 04ec 09       		.uleb128 0x9
ARM GAS  C:\Users\Lenovo\AppData\Local\Temp\ccHfIZ2m.s 			page 34


 1439 04ed 8A0E0000 		.4byte	.LASF136
 1440 04f1 0D01     		.2byte	0x10d
 1441 04f3 09       		.uleb128 0x9
 1442 04f4 6D000000 		.4byte	.LASF137
 1443 04f8 0E01     		.2byte	0x10e
 1444 04fa 09       		.uleb128 0x9
 1445 04fb 00000000 		.4byte	.LASF138
 1446 04ff 0F01     		.2byte	0x10f
 1447 0501 09       		.uleb128 0x9
 1448 0502 39220000 		.4byte	.LASF139
 1449 0506 1001     		.2byte	0x110
 1450 0508 09       		.uleb128 0x9
 1451 0509 B1010000 		.4byte	.LASF140
 1452 050d 1101     		.2byte	0x111
 1453 050f 09       		.uleb128 0x9
 1454 0510 33020000 		.4byte	.LASF141
 1455 0514 1201     		.2byte	0x112
 1456 0516 09       		.uleb128 0x9
 1457 0517 C00F0000 		.4byte	.LASF142
 1458 051b 1301     		.2byte	0x113
 1459 051d 09       		.uleb128 0x9
 1460 051e F3340000 		.4byte	.LASF143
 1461 0522 1401     		.2byte	0x114
 1462 0524 09       		.uleb128 0x9
 1463 0525 82140000 		.4byte	.LASF144
 1464 0529 1501     		.2byte	0x115
 1465 052b 09       		.uleb128 0x9
 1466 052c 040B0000 		.4byte	.LASF145
 1467 0530 1601     		.2byte	0x116
 1468 0532 09       		.uleb128 0x9
 1469 0533 39140000 		.4byte	.LASF146
 1470 0537 1701     		.2byte	0x117
 1471 0539 09       		.uleb128 0x9
 1472 053a 95000000 		.4byte	.LASF147
 1473 053e 1801     		.2byte	0x118
 1474 0540 09       		.uleb128 0x9
 1475 0541 280B0000 		.4byte	.LASF148
 1476 0545 1901     		.2byte	0x119
 1477 0547 09       		.uleb128 0x9
 1478 0548 1C140000 		.4byte	.LASF149
 1479 054c 1A01     		.2byte	0x11a
 1480 054e 09       		.uleb128 0x9
 1481 054f 830C0000 		.4byte	.LASF150
 1482 0553 1B01     		.2byte	0x11b
 1483 0555 09       		.uleb128 0x9
 1484 0556 B1130000 		.4byte	.LASF151
 1485 055a 1C01     		.2byte	0x11c
 1486 055c 09       		.uleb128 0x9
 1487 055d E02F0000 		.4byte	.LASF152
 1488 0561 1D01     		.2byte	0x11d
 1489 0563 09       		.uleb128 0x9
 1490 0564 8F350000 		.4byte	.LASF153
 1491 0568 1E01     		.2byte	0x11e
 1492 056a 09       		.uleb128 0x9
 1493 056b 28060000 		.4byte	.LASF154
 1494 056f 1F01     		.2byte	0x11f
 1495 0571 09       		.uleb128 0x9
ARM GAS  C:\Users\Lenovo\AppData\Local\Temp\ccHfIZ2m.s 			page 35


 1496 0572 6E030000 		.4byte	.LASF155
 1497 0576 2001     		.2byte	0x120
 1498 0578 09       		.uleb128 0x9
 1499 0579 241D0000 		.4byte	.LASF156
 1500 057d 2101     		.2byte	0x121
 1501 057f 09       		.uleb128 0x9
 1502 0580 E50F0000 		.4byte	.LASF157
 1503 0584 2201     		.2byte	0x122
 1504 0586 09       		.uleb128 0x9
 1505 0587 27050000 		.4byte	.LASF158
 1506 058b 2301     		.2byte	0x123
 1507 058d 09       		.uleb128 0x9
 1508 058e 1C2B0000 		.4byte	.LASF159
 1509 0592 2401     		.2byte	0x124
 1510 0594 09       		.uleb128 0x9
 1511 0595 F4190000 		.4byte	.LASF160
 1512 0599 2501     		.2byte	0x125
 1513 059b 09       		.uleb128 0x9
 1514 059c 5E140000 		.4byte	.LASF161
 1515 05a0 2601     		.2byte	0x126
 1516 05a2 09       		.uleb128 0x9
 1517 05a3 DB180000 		.4byte	.LASF162
 1518 05a7 2701     		.2byte	0x127
 1519 05a9 09       		.uleb128 0x9
 1520 05aa 61220000 		.4byte	.LASF163
 1521 05ae 2801     		.2byte	0x128
 1522 05b0 09       		.uleb128 0x9
 1523 05b1 750F0000 		.4byte	.LASF164
 1524 05b5 2901     		.2byte	0x129
 1525 05b7 09       		.uleb128 0x9
 1526 05b8 E5160000 		.4byte	.LASF165
 1527 05bc 2A01     		.2byte	0x12a
 1528 05be 09       		.uleb128 0x9
 1529 05bf 9A300000 		.4byte	.LASF166
 1530 05c3 2B01     		.2byte	0x12b
 1531 05c5 09       		.uleb128 0x9
 1532 05c6 AB2C0000 		.4byte	.LASF167
 1533 05ca 2C01     		.2byte	0x12c
 1534 05cc 09       		.uleb128 0x9
 1535 05cd 260C0000 		.4byte	.LASF168
 1536 05d1 2D01     		.2byte	0x12d
 1537 05d3 09       		.uleb128 0x9
 1538 05d4 3E340000 		.4byte	.LASF169
 1539 05d8 2E01     		.2byte	0x12e
 1540 05da 09       		.uleb128 0x9
 1541 05db 44310000 		.4byte	.LASF170
 1542 05df 2F01     		.2byte	0x12f
 1543 05e1 09       		.uleb128 0x9
 1544 05e2 610A0000 		.4byte	.LASF171
 1545 05e6 3001     		.2byte	0x130
 1546 05e8 09       		.uleb128 0x9
 1547 05e9 B4300000 		.4byte	.LASF172
 1548 05ed 3101     		.2byte	0x131
 1549 05ef 09       		.uleb128 0x9
 1550 05f0 8C0D0000 		.4byte	.LASF173
 1551 05f4 3201     		.2byte	0x132
 1552 05f6 09       		.uleb128 0x9
ARM GAS  C:\Users\Lenovo\AppData\Local\Temp\ccHfIZ2m.s 			page 36


 1553 05f7 04300000 		.4byte	.LASF174
 1554 05fb 3301     		.2byte	0x133
 1555 05fd 09       		.uleb128 0x9
 1556 05fe 8D030000 		.4byte	.LASF175
 1557 0602 3401     		.2byte	0x134
 1558 0604 09       		.uleb128 0x9
 1559 0605 19280000 		.4byte	.LASF176
 1560 0609 3501     		.2byte	0x135
 1561 060b 09       		.uleb128 0x9
 1562 060c 2B230000 		.4byte	.LASF177
 1563 0610 3601     		.2byte	0x136
 1564 0612 09       		.uleb128 0x9
 1565 0613 680E0000 		.4byte	.LASF178
 1566 0617 3701     		.2byte	0x137
 1567 0619 09       		.uleb128 0x9
 1568 061a AF030000 		.4byte	.LASF179
 1569 061e 3801     		.2byte	0x138
 1570 0620 09       		.uleb128 0x9
 1571 0621 0F2F0000 		.4byte	.LASF180
 1572 0625 3901     		.2byte	0x139
 1573 0627 09       		.uleb128 0x9
 1574 0628 860B0000 		.4byte	.LASF181
 1575 062c 3A01     		.2byte	0x13a
 1576 062e 09       		.uleb128 0x9
 1577 062f CB280000 		.4byte	.LASF182
 1578 0633 3B01     		.2byte	0x13b
 1579 0635 09       		.uleb128 0x9
 1580 0636 441A0000 		.4byte	.LASF183
 1581 063a 3C01     		.2byte	0x13c
 1582 063c 09       		.uleb128 0x9
 1583 063d BA1F0000 		.4byte	.LASF184
 1584 0641 3D01     		.2byte	0x13d
 1585 0643 09       		.uleb128 0x9
 1586 0644 CA290000 		.4byte	.LASF185
 1587 0648 3E01     		.2byte	0x13e
 1588 064a 09       		.uleb128 0x9
 1589 064b D5000000 		.4byte	.LASF186
 1590 064f 3F01     		.2byte	0x13f
 1591 0651 09       		.uleb128 0x9
 1592 0652 332F0000 		.4byte	.LASF187
 1593 0656 4001     		.2byte	0x140
 1594 0658 09       		.uleb128 0x9
 1595 0659 842A0000 		.4byte	.LASF188
 1596 065d 4101     		.2byte	0x141
 1597 065f 09       		.uleb128 0x9
 1598 0660 1E0E0000 		.4byte	.LASF189
 1599 0664 4201     		.2byte	0x142
 1600 0666 09       		.uleb128 0x9
 1601 0667 EA050000 		.4byte	.LASF190
 1602 066b 4301     		.2byte	0x143
 1603 066d 09       		.uleb128 0x9
 1604 066e 611C0000 		.4byte	.LASF191
 1605 0672 4401     		.2byte	0x144
 1606 0674 09       		.uleb128 0x9
 1607 0675 440B0000 		.4byte	.LASF192
 1608 0679 4501     		.2byte	0x145
 1609 067b 09       		.uleb128 0x9
ARM GAS  C:\Users\Lenovo\AppData\Local\Temp\ccHfIZ2m.s 			page 37


 1610 067c 77120000 		.4byte	.LASF193
 1611 0680 4601     		.2byte	0x146
 1612 0682 09       		.uleb128 0x9
 1613 0683 6F130000 		.4byte	.LASF194
 1614 0687 4701     		.2byte	0x147
 1615 0689 09       		.uleb128 0x9
 1616 068a 12240000 		.4byte	.LASF195
 1617 068e 4801     		.2byte	0x148
 1618 0690 09       		.uleb128 0x9
 1619 0691 58270000 		.4byte	.LASF196
 1620 0695 4901     		.2byte	0x149
 1621 0697 09       		.uleb128 0x9
 1622 0698 7D1C0000 		.4byte	.LASF197
 1623 069c 4A01     		.2byte	0x14a
 1624 069e 09       		.uleb128 0x9
 1625 069f 86170000 		.4byte	.LASF198
 1626 06a3 4B01     		.2byte	0x14b
 1627 06a5 09       		.uleb128 0x9
 1628 06a6 A5140000 		.4byte	.LASF199
 1629 06aa 4C01     		.2byte	0x14c
 1630 06ac 09       		.uleb128 0x9
 1631 06ad 480C0000 		.4byte	.LASF200
 1632 06b1 4D01     		.2byte	0x14d
 1633 06b3 09       		.uleb128 0x9
 1634 06b4 A6220000 		.4byte	.LASF201
 1635 06b8 4E01     		.2byte	0x14e
 1636 06ba 09       		.uleb128 0x9
 1637 06bb 360D0000 		.4byte	.LASF202
 1638 06bf 4F01     		.2byte	0x14f
 1639 06c1 09       		.uleb128 0x9
 1640 06c2 B9350000 		.4byte	.LASF203
 1641 06c6 5001     		.2byte	0x150
 1642 06c8 09       		.uleb128 0x9
 1643 06c9 2E1B0000 		.4byte	.LASF204
 1644 06cd 5101     		.2byte	0x151
 1645 06cf 09       		.uleb128 0x9
 1646 06d0 C82D0000 		.4byte	.LASF205
 1647 06d4 5201     		.2byte	0x152
 1648 06d6 09       		.uleb128 0x9
 1649 06d7 0A050000 		.4byte	.LASF206
 1650 06db 5301     		.2byte	0x153
 1651 06dd 09       		.uleb128 0x9
 1652 06de B7190000 		.4byte	.LASF207
 1653 06e2 5401     		.2byte	0x154
 1654 06e4 09       		.uleb128 0x9
 1655 06e5 A82A0000 		.4byte	.LASF208
 1656 06e9 5501     		.2byte	0x155
 1657 06eb 09       		.uleb128 0x9
 1658 06ec 87250000 		.4byte	.LASF209
 1659 06f0 5601     		.2byte	0x156
 1660 06f2 09       		.uleb128 0x9
 1661 06f3 4A130000 		.4byte	.LASF210
 1662 06f7 5701     		.2byte	0x157
 1663 06f9 09       		.uleb128 0x9
 1664 06fa 1A340000 		.4byte	.LASF211
 1665 06fe 5801     		.2byte	0x158
 1666 0700 09       		.uleb128 0x9
ARM GAS  C:\Users\Lenovo\AppData\Local\Temp\ccHfIZ2m.s 			page 38


 1667 0701 742F0000 		.4byte	.LASF212
 1668 0705 5901     		.2byte	0x159
 1669 0707 09       		.uleb128 0x9
 1670 0708 021D0000 		.4byte	.LASF213
 1671 070c 5A01     		.2byte	0x15a
 1672 070e 09       		.uleb128 0x9
 1673 070f 46010000 		.4byte	.LASF214
 1674 0713 5B01     		.2byte	0x15b
 1675 0715 09       		.uleb128 0x9
 1676 0716 0F020000 		.4byte	.LASF215
 1677 071a 5C01     		.2byte	0x15c
 1678 071c 09       		.uleb128 0x9
 1679 071d FB130000 		.4byte	.LASF216
 1680 0721 5D01     		.2byte	0x15d
 1681 0723 09       		.uleb128 0x9
 1682 0724 18080000 		.4byte	.LASF217
 1683 0728 5E01     		.2byte	0x15e
 1684 072a 09       		.uleb128 0x9
 1685 072b 882D0000 		.4byte	.LASF218
 1686 072f 5F01     		.2byte	0x15f
 1687 0731 09       		.uleb128 0x9
 1688 0732 18270000 		.4byte	.LASF219
 1689 0736 6001     		.2byte	0x160
 1690 0738 09       		.uleb128 0x9
 1691 0739 B5330000 		.4byte	.LASF220
 1692 073d 6101     		.2byte	0x161
 1693 073f 09       		.uleb128 0x9
 1694 0740 4B000000 		.4byte	.LASF221
 1695 0744 6201     		.2byte	0x162
 1696 0746 09       		.uleb128 0x9
 1697 0747 4E240000 		.4byte	.LASF222
 1698 074b 6301     		.2byte	0x163
 1699 074d 09       		.uleb128 0x9
 1700 074e E5240000 		.4byte	.LASF223
 1701 0752 6401     		.2byte	0x164
 1702 0754 09       		.uleb128 0x9
 1703 0755 3D2A0000 		.4byte	.LASF224
 1704 0759 6501     		.2byte	0x165
 1705 075b 09       		.uleb128 0x9
 1706 075c 792E0000 		.4byte	.LASF225
 1707 0760 6601     		.2byte	0x166
 1708 0762 09       		.uleb128 0x9
 1709 0763 91060000 		.4byte	.LASF226
 1710 0767 6701     		.2byte	0x167
 1711 0769 09       		.uleb128 0x9
 1712 076a 9A120000 		.4byte	.LASF227
 1713 076e 6801     		.2byte	0x168
 1714 0770 09       		.uleb128 0x9
 1715 0771 612A0000 		.4byte	.LASF228
 1716 0775 6901     		.2byte	0x169
 1717 0777 09       		.uleb128 0x9
 1718 0778 34270000 		.4byte	.LASF229
 1719 077c 6A01     		.2byte	0x16a
 1720 077e 09       		.uleb128 0x9
 1721 077f 3A080000 		.4byte	.LASF230
 1722 0783 6B01     		.2byte	0x16b
 1723 0785 09       		.uleb128 0x9
ARM GAS  C:\Users\Lenovo\AppData\Local\Temp\ccHfIZ2m.s 			page 39


 1724 0786 A1080000 		.4byte	.LASF231
 1725 078a 6C01     		.2byte	0x16c
 1726 078c 09       		.uleb128 0x9
 1727 078d 9E340000 		.4byte	.LASF232
 1728 0791 6D01     		.2byte	0x16d
 1729 0793 09       		.uleb128 0x9
 1730 0794 99100000 		.4byte	.LASF233
 1731 0798 6E01     		.2byte	0x16e
 1732 079a 09       		.uleb128 0x9
 1733 079b DF0B0000 		.4byte	.LASF234
 1734 079f 6F01     		.2byte	0x16f
 1735 07a1 09       		.uleb128 0x9
 1736 07a2 2F120000 		.4byte	.LASF235
 1737 07a6 7001     		.2byte	0x170
 1738 07a8 09       		.uleb128 0x9
 1739 07a9 020C0000 		.4byte	.LASF236
 1740 07ad 7101     		.2byte	0x171
 1741 07af 09       		.uleb128 0x9
 1742 07b0 F4320000 		.4byte	.LASF237
 1743 07b4 7201     		.2byte	0x172
 1744 07b6 09       		.uleb128 0x9
 1745 07b7 D1070000 		.4byte	.LASF238
 1746 07bb 7301     		.2byte	0x173
 1747 07bd 09       		.uleb128 0x9
 1748 07be A9090000 		.4byte	.LASF239
 1749 07c2 7401     		.2byte	0x174
 1750 07c4 09       		.uleb128 0x9
 1751 07c5 08250000 		.4byte	.LASF240
 1752 07c9 7501     		.2byte	0x175
 1753 07cb 09       		.uleb128 0x9
 1754 07cc AE290000 		.4byte	.LASF241
 1755 07d0 7601     		.2byte	0x176
 1756 07d2 09       		.uleb128 0x9
 1757 07d3 581F0000 		.4byte	.LASF242
 1758 07d7 7701     		.2byte	0x177
 1759 07d9 09       		.uleb128 0x9
 1760 07da 52050000 		.4byte	.LASF243
 1761 07de 7801     		.2byte	0x178
 1762 07e0 09       		.uleb128 0x9
 1763 07e1 CB220000 		.4byte	.LASF244
 1764 07e5 7901     		.2byte	0x179
 1765 07e7 09       		.uleb128 0x9
 1766 07e8 86090000 		.4byte	.LASF245
 1767 07ec 7A01     		.2byte	0x17a
 1768 07ee 09       		.uleb128 0x9
 1769 07ef 20300000 		.4byte	.LASF246
 1770 07f3 7B01     		.2byte	0x17b
 1771 07f5 09       		.uleb128 0x9
 1772 07f6 6B350000 		.4byte	.LASF247
 1773 07fa 7C01     		.2byte	0x17c
 1774 07fc 09       		.uleb128 0x9
 1775 07fd B0000000 		.4byte	.LASF248
 1776 0801 7D01     		.2byte	0x17d
 1777 0803 09       		.uleb128 0x9
 1778 0804 9D2E0000 		.4byte	.LASF249
 1779 0808 7E01     		.2byte	0x17e
 1780 080a 09       		.uleb128 0x9
ARM GAS  C:\Users\Lenovo\AppData\Local\Temp\ccHfIZ2m.s 			page 40


 1781 080b E8210000 		.4byte	.LASF250
 1782 080f 7F01     		.2byte	0x17f
 1783 0811 09       		.uleb128 0x9
 1784 0812 EF1B0000 		.4byte	.LASF251
 1785 0816 8001     		.2byte	0x180
 1786 0818 09       		.uleb128 0x9
 1787 0819 7A1F0000 		.4byte	.LASF252
 1788 081d 8101     		.2byte	0x181
 1789 081f 09       		.uleb128 0x9
 1790 0820 AF040000 		.4byte	.LASF253
 1791 0824 8201     		.2byte	0x182
 1792 0826 09       		.uleb128 0x9
 1793 0827 BB340000 		.4byte	.LASF254
 1794 082b 8301     		.2byte	0x183
 1795 082d 09       		.uleb128 0x9
 1796 082e 272D0000 		.4byte	.LASF255
 1797 0832 8401     		.2byte	0x184
 1798 0834 09       		.uleb128 0x9
 1799 0835 3E110000 		.4byte	.LASF256
 1800 0839 8501     		.2byte	0x185
 1801 083b 09       		.uleb128 0x9
 1802 083c 9E0C0000 		.4byte	.LASF257
 1803 0840 8601     		.2byte	0x186
 1804 0842 09       		.uleb128 0x9
 1805 0843 E8020000 		.4byte	.LASF258
 1806 0847 8701     		.2byte	0x187
 1807 0849 09       		.uleb128 0x9
 1808 084a 872C0000 		.4byte	.LASF259
 1809 084e 8801     		.2byte	0x188
 1810 0850 09       		.uleb128 0x9
 1811 0851 DF080000 		.4byte	.LASF260
 1812 0855 8901     		.2byte	0x189
 1813 0857 09       		.uleb128 0x9
 1814 0858 C10C0000 		.4byte	.LASF261
 1815 085c 8A01     		.2byte	0x18a
 1816 085e 09       		.uleb128 0x9
 1817 085f C4210000 		.4byte	.LASF262
 1818 0863 8B01     		.2byte	0x18b
 1819 0865 09       		.uleb128 0x9
 1820 0866 F12A0000 		.4byte	.LASF263
 1821 086a 8C01     		.2byte	0x18c
 1822 086c 09       		.uleb128 0x9
 1823 086d 8C010000 		.4byte	.LASF264
 1824 0871 8D01     		.2byte	0x18d
 1825 0873 09       		.uleb128 0x9
 1826 0874 5F160000 		.4byte	.LASF265
 1827 0878 8E01     		.2byte	0x18e
 1828 087a 09       		.uleb128 0x9
 1829 087b 62080000 		.4byte	.LASF266
 1830 087f 8F01     		.2byte	0x18f
 1831 0881 09       		.uleb128 0x9
 1832 0882 CA040000 		.4byte	.LASF267
 1833 0886 9001     		.2byte	0x190
 1834 0888 09       		.uleb128 0x9
 1835 0889 96230000 		.4byte	.LASF268
 1836 088d 9101     		.2byte	0x191
 1837 088f 09       		.uleb128 0x9
ARM GAS  C:\Users\Lenovo\AppData\Local\Temp\ccHfIZ2m.s 			page 41


 1838 0890 21310000 		.4byte	.LASF269
 1839 0894 9201     		.2byte	0x192
 1840 0896 09       		.uleb128 0x9
 1841 0897 672B0000 		.4byte	.LASF270
 1842 089b 9301     		.2byte	0x193
 1843 089d 09       		.uleb128 0x9
 1844 089e 53120000 		.4byte	.LASF271
 1845 08a2 9401     		.2byte	0x194
 1846 08a4 09       		.uleb128 0x9
 1847 08a5 3C1C0000 		.4byte	.LASF272
 1848 08a9 9501     		.2byte	0x195
 1849 08ab 09       		.uleb128 0x9
 1850 08ac E6250000 		.4byte	.LASF273
 1851 08b0 9601     		.2byte	0x196
 1852 08b2 09       		.uleb128 0x9
 1853 08b3 36030000 		.4byte	.LASF274
 1854 08b7 9701     		.2byte	0x197
 1855 08b9 09       		.uleb128 0x9
 1856 08ba BD170000 		.4byte	.LASF275
 1857 08be 9801     		.2byte	0x198
 1858 08c0 09       		.uleb128 0x9
 1859 08c1 221A0000 		.4byte	.LASF276
 1860 08c5 9901     		.2byte	0x199
 1861 08c7 09       		.uleb128 0x9
 1862 08c8 A00B0000 		.4byte	.LASF277
 1863 08cc 9A01     		.2byte	0x19a
 1864 08ce 09       		.uleb128 0x9
 1865 08cf 29320000 		.4byte	.LASF278
 1866 08d3 9B01     		.2byte	0x19b
 1867 08d5 09       		.uleb128 0x9
 1868 08d6 D7320000 		.4byte	.LASF279
 1869 08da 9C01     		.2byte	0x19c
 1870 08dc 09       		.uleb128 0x9
 1871 08dd AD050000 		.4byte	.LASF280
 1872 08e1 9D01     		.2byte	0x19d
 1873 08e3 09       		.uleb128 0x9
 1874 08e4 BB150000 		.4byte	.LASF281
 1875 08e8 9E01     		.2byte	0x19e
 1876 08ea 09       		.uleb128 0x9
 1877 08eb D8100000 		.4byte	.LASF282
 1878 08ef 9F01     		.2byte	0x19f
 1879 08f1 09       		.uleb128 0x9
 1880 08f2 F7170000 		.4byte	.LASF283
 1881 08f6 A001     		.2byte	0x1a0
 1882 08f8 09       		.uleb128 0x9
 1883 08f9 7B210000 		.4byte	.LASF284
 1884 08fd A101     		.2byte	0x1a1
 1885 08ff 09       		.uleb128 0x9
 1886 0900 B0110000 		.4byte	.LASF285
 1887 0904 A201     		.2byte	0x1a2
 1888 0906 09       		.uleb128 0x9
 1889 0907 FF1E0000 		.4byte	.LASF286
 1890 090b A301     		.2byte	0x1a3
 1891 090d 09       		.uleb128 0x9
 1892 090e D7340000 		.4byte	.LASF287
 1893 0912 A401     		.2byte	0x1a4
 1894 0914 09       		.uleb128 0x9
ARM GAS  C:\Users\Lenovo\AppData\Local\Temp\ccHfIZ2m.s 			page 42


 1895 0915 A01C0000 		.4byte	.LASF288
 1896 0919 A501     		.2byte	0x1a5
 1897 091b 09       		.uleb128 0x9
 1898 091c F6270000 		.4byte	.LASF289
 1899 0920 A601     		.2byte	0x1a6
 1900 0922 09       		.uleb128 0x9
 1901 0923 941B0000 		.4byte	.LASF290
 1902 0927 A701     		.2byte	0x1a7
 1903 0929 09       		.uleb128 0x9
 1904 092a 67310000 		.4byte	.LASF291
 1905 092e A801     		.2byte	0x1a8
 1906 0930 09       		.uleb128 0x9
 1907 0931 9B1A0000 		.4byte	.LASF292
 1908 0935 A901     		.2byte	0x1a9
 1909 0937 09       		.uleb128 0x9
 1910 0938 DE1C0000 		.4byte	.LASF293
 1911 093c AA01     		.2byte	0x1aa
 1912 093e 09       		.uleb128 0x9
 1913 093f CF330000 		.4byte	.LASF294
 1914 0943 AB01     		.2byte	0x1ab
 1915 0945 09       		.uleb128 0x9
 1916 0946 392B0000 		.4byte	.LASF295
 1917 094a AC01     		.2byte	0x1ac
 1918 094c 09       		.uleb128 0x9
 1919 094d C72C0000 		.4byte	.LASF296
 1920 0951 AD01     		.2byte	0x1ad
 1921 0953 09       		.uleb128 0x9
 1922 0954 7A240000 		.4byte	.LASF297
 1923 0958 AE01     		.2byte	0x1ae
 1924 095a 09       		.uleb128 0x9
 1925 095b 191F0000 		.4byte	.LASF298
 1926 095f AF01     		.2byte	0x1af
 1927 0961 09       		.uleb128 0x9
 1928 0962 C0120000 		.4byte	.LASF299
 1929 0966 B001     		.2byte	0x1b0
 1930 0968 09       		.uleb128 0x9
 1931 0969 93190000 		.4byte	.LASF300
 1932 096d B101     		.2byte	0x1b1
 1933 096f 09       		.uleb128 0x9
 1934 0970 7C080000 		.4byte	.LASF301
 1935 0974 B201     		.2byte	0x1b2
 1936 0976 09       		.uleb128 0x9
 1937 0977 3E350000 		.4byte	.LASF302
 1938 097b B301     		.2byte	0x1b3
 1939 097d 09       		.uleb128 0x9
 1940 097e F02B0000 		.4byte	.LASF303
 1941 0982 B401     		.2byte	0x1b4
 1942 0984 09       		.uleb128 0x9
 1943 0985 BD1E0000 		.4byte	.LASF304
 1944 0989 B501     		.2byte	0x1b5
 1945 098b 09       		.uleb128 0x9
 1946 098c F0140000 		.4byte	.LASF305
 1947 0990 B601     		.2byte	0x1b6
 1948 0992 09       		.uleb128 0x9
 1949 0993 2A010000 		.4byte	.LASF306
 1950 0997 B701     		.2byte	0x1b7
 1951 0999 09       		.uleb128 0x9
ARM GAS  C:\Users\Lenovo\AppData\Local\Temp\ccHfIZ2m.s 			page 43


 1952 099a 8C220000 		.4byte	.LASF307
 1953 099e B801     		.2byte	0x1b8
 1954 09a0 09       		.uleb128 0x9
 1955 09a1 0B0F0000 		.4byte	.LASF308
 1956 09a5 B901     		.2byte	0x1b9
 1957 09a7 09       		.uleb128 0x9
 1958 09a8 2D170000 		.4byte	.LASF309
 1959 09ac BA01     		.2byte	0x1ba
 1960 09ae 09       		.uleb128 0x9
 1961 09af 05120000 		.4byte	.LASF310
 1962 09b3 BB01     		.2byte	0x1bb
 1963 09b5 09       		.uleb128 0x9
 1964 09b6 2D0F0000 		.4byte	.LASF311
 1965 09ba BC01     		.2byte	0x1bc
 1966 09bc 09       		.uleb128 0x9
 1967 09bd 29070000 		.4byte	.LASF312
 1968 09c1 BD01     		.2byte	0x1bd
 1969 09c3 09       		.uleb128 0x9
 1970 09c4 8A310000 		.4byte	.LASF313
 1971 09c8 BE01     		.2byte	0x1be
 1972 09ca 09       		.uleb128 0x9
 1973 09cb C3160000 		.4byte	.LASF314
 1974 09cf BF01     		.2byte	0x1bf
 1975 09d1 09       		.uleb128 0x9
 1976 09d2 F2200000 		.4byte	.LASF315
 1977 09d6 C001     		.2byte	0x1c0
 1978 09d8 09       		.uleb128 0x9
 1979 09d9 27130000 		.4byte	.LASF316
 1980 09dd C101     		.2byte	0x1c1
 1981 09df 09       		.uleb128 0x9
 1982 09e0 D50D0000 		.4byte	.LASF317
 1983 09e4 C201     		.2byte	0x1c2
 1984 09e6 09       		.uleb128 0x9
 1985 09e7 552E0000 		.4byte	.LASF318
 1986 09eb C301     		.2byte	0x1c3
 1987 09ed 09       		.uleb128 0x9
 1988 09ee E11E0000 		.4byte	.LASF319
 1989 09f2 C401     		.2byte	0x1c4
 1990 09f4 09       		.uleb128 0x9
 1991 09f5 E92C0000 		.4byte	.LASF320
 1992 09f9 C501     		.2byte	0x1c5
 1993 09fb 09       		.uleb128 0x9
 1994 09fc D6010000 		.4byte	.LASF321
 1995 0a00 C601     		.2byte	0x1c6
 1996 0a02 09       		.uleb128 0x9
 1997 0a03 6F040000 		.4byte	.LASF322
 1998 0a07 C701     		.2byte	0x1c7
 1999 0a09 09       		.uleb128 0x9
 2000 0a0a 242E0000 		.4byte	.LASF323
 2001 0a0e C801     		.2byte	0x1c8
 2002 0a10 09       		.uleb128 0x9
 2003 0a11 2F1E0000 		.4byte	.LASF324
 2004 0a15 C901     		.2byte	0x1c9
 2005 0a17 09       		.uleb128 0x9
 2006 0a18 04130000 		.4byte	.LASF325
 2007 0a1c CA01     		.2byte	0x1ca
 2008 0a1e 09       		.uleb128 0x9
ARM GAS  C:\Users\Lenovo\AppData\Local\Temp\ccHfIZ2m.s 			page 44


 2009 0a1f CE090000 		.4byte	.LASF326
 2010 0a23 CB01     		.2byte	0x1cb
 2011 0a25 09       		.uleb128 0x9
 2012 0a26 D9060000 		.4byte	.LASF327
 2013 0a2a CC01     		.2byte	0x1cc
 2014 0a2c 09       		.uleb128 0x9
 2015 0a2d DF0A0000 		.4byte	.LASF328
 2016 0a31 CD01     		.2byte	0x1cd
 2017 0a33 09       		.uleb128 0x9
 2018 0a34 37040000 		.4byte	.LASF329
 2019 0a38 CE01     		.2byte	0x1ce
 2020 0a3a 09       		.uleb128 0x9
 2021 0a3b DA190000 		.4byte	.LASF330
 2022 0a3f CF01     		.2byte	0x1cf
 2023 0a41 09       		.uleb128 0x9
 2024 0a42 C21C0000 		.4byte	.LASF331
 2025 0a46 D001     		.2byte	0x1d0
 2026 0a48 09       		.uleb128 0x9
 2027 0a49 592D0000 		.4byte	.LASF332
 2028 0a4d D101     		.2byte	0x1d1
 2029 0a4f 09       		.uleb128 0x9
 2030 0a50 03360000 		.4byte	.LASF333
 2031 0a54 D201     		.2byte	0x1d2
 2032 0a56 09       		.uleb128 0x9
 2033 0a57 CD2B0000 		.4byte	.LASF334
 2034 0a5b D301     		.2byte	0x1d3
 2035 0a5d 09       		.uleb128 0x9
 2036 0a5e 19330000 		.4byte	.LASF335
 2037 0a62 D401     		.2byte	0x1d4
 2038 0a64 09       		.uleb128 0x9
 2039 0a65 6F320000 		.4byte	.LASF336
 2040 0a69 D501     		.2byte	0x1d5
 2041 0a6b 09       		.uleb128 0x9
 2042 0a6c E32D0000 		.4byte	.LASF337
 2043 0a70 D601     		.2byte	0x1d6
 2044 0a72 09       		.uleb128 0x9
 2045 0a73 F80D0000 		.4byte	.LASF338
 2046 0a77 D701     		.2byte	0x1d7
 2047 0a79 09       		.uleb128 0x9
 2048 0a7a E40C0000 		.4byte	.LASF339
 2049 0a7e D801     		.2byte	0x1d8
 2050 0a80 09       		.uleb128 0x9
 2051 0a81 46190000 		.4byte	.LASF340
 2052 0a85 D901     		.2byte	0x1d9
 2053 0a87 09       		.uleb128 0x9
 2054 0a88 28000000 		.4byte	.LASF341
 2055 0a8c DA01     		.2byte	0x1da
 2056 0a8e 09       		.uleb128 0x9
 2057 0a8f 5F280000 		.4byte	.LASF342
 2058 0a93 DB01     		.2byte	0x1db
 2059 0a95 09       		.uleb128 0x9
 2060 0a96 56210000 		.4byte	.LASF343
 2061 0a9a DC01     		.2byte	0x1dc
 2062 0a9c 09       		.uleb128 0x9
 2063 0a9d 23090000 		.4byte	.LASF344
 2064 0aa1 DD01     		.2byte	0x1dd
 2065 0aa3 09       		.uleb128 0x9
ARM GAS  C:\Users\Lenovo\AppData\Local\Temp\ccHfIZ2m.s 			page 45


 2066 0aa4 65290000 		.4byte	.LASF345
 2067 0aa8 DE01     		.2byte	0x1de
 2068 0aaa 09       		.uleb128 0x9
 2069 0aab A22D0000 		.4byte	.LASF346
 2070 0aaf DF01     		.2byte	0x1df
 2071 0ab1 09       		.uleb128 0x9
 2072 0ab2 42290000 		.4byte	.LASF347
 2073 0ab6 E001     		.2byte	0x1e0
 2074 0ab8 09       		.uleb128 0x9
 2075 0ab9 EE230000 		.4byte	.LASF348
 2076 0abd E101     		.2byte	0x1e1
 2077 0abf 09       		.uleb128 0x9
 2078 0ac0 21190000 		.4byte	.LASF349
 2079 0ac4 E201     		.2byte	0x1e2
 2080 0ac6 09       		.uleb128 0x9
 2081 0ac7 1C180000 		.4byte	.LASF350
 2082 0acb E301     		.2byte	0x1e3
 2083 0acd 09       		.uleb128 0x9
 2084 0ace 3B210000 		.4byte	.LASF351
 2085 0ad2 E401     		.2byte	0x1e4
 2086 0ad4 09       		.uleb128 0x9
 2087 0ad5 850A0000 		.4byte	.LASF352
 2088 0ad9 E501     		.2byte	0x1e5
 2089 0adb 09       		.uleb128 0x9
 2090 0adc 510F0000 		.4byte	.LASF353
 2091 0ae0 E601     		.2byte	0x1e6
 2092 0ae2 09       		.uleb128 0x9
 2093 0ae3 E6040000 		.4byte	.LASF354
 2094 0ae7 E701     		.2byte	0x1e7
 2095 0ae9 09       		.uleb128 0x9
 2096 0aea C0240000 		.4byte	.LASF355
 2097 0aee E801     		.2byte	0x1e8
 2098 0af0 09       		.uleb128 0x9
 2099 0af1 F30E0000 		.4byte	.LASF356
 2100 0af5 E901     		.2byte	0x1e9
 2101 0af7 09       		.uleb128 0x9
 2102 0af8 D8300000 		.4byte	.LASF357
 2103 0afc EA01     		.2byte	0x1ea
 2104 0afe 09       		.uleb128 0x9
 2105 0aff 941F0000 		.4byte	.LASF358
 2106 0b03 EB01     		.2byte	0x1eb
 2107 0b05 09       		.uleb128 0x9
 2108 0b06 DE1F0000 		.4byte	.LASF359
 2109 0b0a EC01     		.2byte	0x1ec
 2110 0b0c 09       		.uleb128 0x9
 2111 0b0d 42300000 		.4byte	.LASF360
 2112 0b11 ED01     		.2byte	0x1ed
 2113 0b13 09       		.uleb128 0x9
 2114 0b14 3E250000 		.4byte	.LASF361
 2115 0b18 EE01     		.2byte	0x1ee
 2116 0b1a 09       		.uleb128 0x9
 2117 0b1b 522C0000 		.4byte	.LASF362
 2118 0b1f EF01     		.2byte	0x1ef
 2119 0b21 09       		.uleb128 0x9
 2120 0b22 25290000 		.4byte	.LASF363
 2121 0b26 F001     		.2byte	0x1f0
 2122 0b28 09       		.uleb128 0x9
ARM GAS  C:\Users\Lenovo\AppData\Local\Temp\ccHfIZ2m.s 			page 46


 2123 0b29 F4010000 		.4byte	.LASF364
 2124 0b2d F101     		.2byte	0x1f1
 2125 0b2f 09       		.uleb128 0x9
 2126 0b30 B6060000 		.4byte	.LASF365
 2127 0b34 F201     		.2byte	0x1f2
 2128 0b36 09       		.uleb128 0x9
 2129 0b37 0A1B0000 		.4byte	.LASF366
 2130 0b3b F301     		.2byte	0x1f3
 2131 0b3d 09       		.uleb128 0x9
 2132 0b3e B4100000 		.4byte	.LASF367
 2133 0b42 F401     		.2byte	0x1f4
 2134 0b44 09       		.uleb128 0x9
 2135 0b45 3E090000 		.4byte	.LASF368
 2136 0b49 F501     		.2byte	0x1f5
 2137 0b4b 09       		.uleb128 0x9
 2138 0b4c DD310000 		.4byte	.LASF369
 2139 0b50 F601     		.2byte	0x1f6
 2140 0b52 09       		.uleb128 0x9
 2141 0b53 0A150000 		.4byte	.LASF370
 2142 0b57 F701     		.2byte	0x1f7
 2143 0b59 09       		.uleb128 0x9
 2144 0b5a CC2A0000 		.4byte	.LASF371
 2145 0b5e F801     		.2byte	0x1f8
 2146 0b60 09       		.uleb128 0x9
 2147 0b61 AC180000 		.4byte	.LASF372
 2148 0b65 F901     		.2byte	0x1f9
 2149 0b67 09       		.uleb128 0x9
 2150 0b68 150A0000 		.4byte	.LASF373
 2151 0b6c FA01     		.2byte	0x1fa
 2152 0b6e 09       		.uleb128 0x9
 2153 0b6f D5200000 		.4byte	.LASF374
 2154 0b73 FB01     		.2byte	0x1fb
 2155 0b75 09       		.uleb128 0x9
 2156 0b76 59330000 		.4byte	.LASF375
 2157 0b7a FC01     		.2byte	0x1fc
 2158 0b7c 09       		.uleb128 0x9
 2159 0b7d 13200000 		.4byte	.LASF376
 2160 0b81 FD01     		.2byte	0x1fd
 2161 0b83 09       		.uleb128 0x9
 2162 0b84 01290000 		.4byte	.LASF377
 2163 0b88 FE01     		.2byte	0x1fe
 2164 0b8a 09       		.uleb128 0x9
 2165 0b8b 992F0000 		.4byte	.LASF378
 2166 0b8f FF01     		.2byte	0x1ff
 2167 0b91 09       		.uleb128 0x9
 2168 0b92 0E010000 		.4byte	.LASF379
 2169 0b96 0002     		.2byte	0x200
 2170 0b98 09       		.uleb128 0x9
 2171 0b99 AF070000 		.4byte	.LASF380
 2172 0b9d 0102     		.2byte	0x201
 2173 0b9f 09       		.uleb128 0x9
 2174 0ba0 F2090000 		.4byte	.LASF381
 2175 0ba4 0202     		.2byte	0x202
 2176 0ba6 09       		.uleb128 0x9
 2177 0ba7 511E0000 		.4byte	.LASF382
 2178 0bab 0302     		.2byte	0x203
 2179 0bad 09       		.uleb128 0x9
ARM GAS  C:\Users\Lenovo\AppData\Local\Temp\ccHfIZ2m.s 			page 47


 2180 0bae 2C240000 		.4byte	.LASF383
 2181 0bb2 0402     		.2byte	0x204
 2182 0bb4 09       		.uleb128 0x9
 2183 0bb5 711B0000 		.4byte	.LASF384
 2184 0bb9 0502     		.2byte	0x205
 2185 0bbb 09       		.uleb128 0x9
 2186 0bbc 83280000 		.4byte	.LASF385
 2187 0bc0 0602     		.2byte	0x206
 2188 0bc2 09       		.uleb128 0x9
 2189 0bc3 72230000 		.4byte	.LASF386
 2190 0bc7 0702     		.2byte	0x207
 2191 0bc9 09       		.uleb128 0x9
 2192 0bca 2D2C0000 		.4byte	.LASF387
 2193 0bce 0802     		.2byte	0x208
 2194 0bd0 09       		.uleb128 0x9
 2195 0bd1 61340000 		.4byte	.LASF388
 2196 0bd5 0902     		.2byte	0x209
 2197 0bd7 09       		.uleb128 0x9
 2198 0bd8 132C0000 		.4byte	.LASF389
 2199 0bdc 0A02     		.2byte	0x20a
 2200 0bde 09       		.uleb128 0x9
 2201 0bdf D0050000 		.4byte	.LASF390
 2202 0be3 0B02     		.2byte	0x20b
 2203 0be5 09       		.uleb128 0x9
 2204 0be6 DF130000 		.4byte	.LASF391
 2205 0bea 0C02     		.2byte	0x20c
 2206 0bec 09       		.uleb128 0x9
 2207 0bed 07070000 		.4byte	.LASF392
 2208 0bf1 0D02     		.2byte	0x20d
 2209 0bf3 09       		.uleb128 0x9
 2210 0bf4 F5070000 		.4byte	.LASF393
 2211 0bf8 0E02     		.2byte	0x20e
 2212 0bfa 09       		.uleb128 0x9
 2213 0bfb D2030000 		.4byte	.LASF394
 2214 0bff 0F02     		.2byte	0x20f
 2215 0c01 09       		.uleb128 0x9
 2216 0c02 66180000 		.4byte	.LASF395
 2217 0c06 1002     		.2byte	0x210
 2218 0c08 09       		.uleb128 0x9
 2219 0c09 91040000 		.4byte	.LASF396
 2220 0c0d 1102     		.2byte	0x211
 2221 0c0f 09       		.uleb128 0x9
 2222 0c10 9F210000 		.4byte	.LASF397
 2223 0c14 1202     		.2byte	0x212
 2224 0c16 09       		.uleb128 0x9
 2225 0c17 751A0000 		.4byte	.LASF398
 2226 0c1b 1302     		.2byte	0x213
 2227 0c1d 09       		.uleb128 0x9
 2228 0c1e 751E0000 		.4byte	.LASF399
 2229 0c22 1402     		.2byte	0x214
 2230 0c24 09       		.uleb128 0x9
 2231 0c25 FD300000 		.4byte	.LASF400
 2232 0c29 1502     		.2byte	0x215
 2233 0c2b 09       		.uleb128 0x9
 2234 0c2c 5E260000 		.4byte	.LASF401
 2235 0c30 1602     		.2byte	0x216
 2236 0c32 09       		.uleb128 0x9
ARM GAS  C:\Users\Lenovo\AppData\Local\Temp\ccHfIZ2m.s 			page 48


 2237 0c33 43260000 		.4byte	.LASF402
 2238 0c37 1702     		.2byte	0x217
 2239 0c39 09       		.uleb128 0x9
 2240 0c3a 7C020000 		.4byte	.LASF403
 2241 0c3e 1802     		.2byte	0x218
 2242 0c40 09       		.uleb128 0x9
 2243 0c41 92050000 		.4byte	.LASF404
 2244 0c45 1902     		.2byte	0x219
 2245 0c47 09       		.uleb128 0x9
 2246 0c48 8A290000 		.4byte	.LASF405
 2247 0c4c 1A02     		.2byte	0x21a
 2248 0c4e 09       		.uleb128 0x9
 2249 0c4f 69010000 		.4byte	.LASF406
 2250 0c53 1B02     		.2byte	0x21b
 2251 0c55 09       		.uleb128 0x9
 2252 0c56 05320000 		.4byte	.LASF407
 2253 0c5a 1C02     		.2byte	0x21c
 2254 0c5c 09       		.uleb128 0x9
 2255 0c5d 9E160000 		.4byte	.LASF408
 2256 0c61 1D02     		.2byte	0x21d
 2257 0c63 09       		.uleb128 0x9
 2258 0c64 1B2A0000 		.4byte	.LASF409
 2259 0c68 1E02     		.2byte	0x21e
 2260 0c6a 09       		.uleb128 0x9
 2261 0c6b 3C280000 		.4byte	.LASF410
 2262 0c6f 1F02     		.2byte	0x21f
 2263 0c71 09       		.uleb128 0x9
 2264 0c72 B10D0000 		.4byte	.LASF411
 2265 0c76 2002     		.2byte	0x220
 2266 0c78 09       		.uleb128 0x9
 2267 0c79 A7280000 		.4byte	.LASF412
 2268 0c7d 2102     		.2byte	0x221
 2269 0c7f 09       		.uleb128 0x9
 2270 0c80 01090000 		.4byte	.LASF413
 2271 0c84 2202     		.2byte	0x222
 2272 0c86 09       		.uleb128 0x9
 2273 0c87 690D0000 		.4byte	.LASF414
 2274 0c8b 2302     		.2byte	0x223
 2275 0c8d 09       		.uleb128 0x9
 2276 0c8e DF350000 		.4byte	.LASF415
 2277 0c92 2402     		.2byte	0x224
 2278 0c94 09       		.uleb128 0x9
 2279 0c95 8A2B0000 		.4byte	.LASF416
 2280 0c99 00E0     		.2byte	0xe000
 2281 0c9b 00       		.byte	0
 2282 0c9c 13       		.uleb128 0x13
 2283 0c9d D2180000 		.4byte	.LASF417
 2284 0ca1 01       		.byte	0x1
 2285 0ca2 1E       		.byte	0x1e
 2286 0ca3 00000000 		.4byte	.LFB36
 2287 0ca7 10000000 		.4byte	.LFE36-.LFB36
 2288 0cab 01       		.uleb128 0x1
 2289 0cac 9C       		.byte	0x9c
 2290 0cad C50C0000 		.4byte	0xcc5
 2291 0cb1 14       		.uleb128 0x14
 2292 0cb2 08000000 		.4byte	.LVL0
 2293 0cb6 4E120000 		.4byte	0x124e
ARM GAS  C:\Users\Lenovo\AppData\Local\Temp\ccHfIZ2m.s 			page 49


 2294 0cba 15       		.uleb128 0x15
 2295 0cbb 01       		.uleb128 0x1
 2296 0cbc 50       		.byte	0x50
 2297 0cbd 05       		.uleb128 0x5
 2298 0cbe 03       		.byte	0x3
 2299 0cbf 00000000 		.4byte	AiosCallBack
 2300 0cc3 00       		.byte	0
 2301 0cc4 00       		.byte	0
 2302 0cc5 13       		.uleb128 0x13
 2303 0cc6 DF150000 		.4byte	.LASF418
 2304 0cca 01       		.byte	0x1
 2305 0ccb A0       		.byte	0xa0
 2306 0ccc 00000000 		.4byte	.LFB38
 2307 0cd0 34000000 		.4byte	.LFE38-.LFB38
 2308 0cd4 01       		.uleb128 0x1
 2309 0cd5 9C       		.byte	0x9c
 2310 0cd6 2B0D0000 		.4byte	0xd2b
 2311 0cda 16       		.uleb128 0x16
 2312 0cdb CE270000 		.4byte	.LASF116
 2313 0cdf 01       		.byte	0x1
 2314 0ce0 A0       		.byte	0xa0
 2315 0ce1 7A030000 		.4byte	0x37a
 2316 0ce5 00000000 		.4byte	.LLST0
 2317 0ce9 17       		.uleb128 0x17
 2318 0cea 16000000 		.4byte	.LVL3
 2319 0cee 59120000 		.4byte	0x1259
 2320 0cf2 000D0000 		.4byte	0xd00
 2321 0cf6 15       		.uleb128 0x15
 2322 0cf7 01       		.uleb128 0x1
 2323 0cf8 50       		.byte	0x50
 2324 0cf9 05       		.uleb128 0x5
 2325 0cfa 03       		.byte	0x3
 2326 0cfb 00000000 		.4byte	.LC1
 2327 0cff 00       		.byte	0
 2328 0d00 17       		.uleb128 0x17
 2329 0d01 1E000000 		.4byte	.LVL6
 2330 0d05 59120000 		.4byte	0x1259
 2331 0d09 170D0000 		.4byte	0xd17
 2332 0d0d 15       		.uleb128 0x15
 2333 0d0e 01       		.uleb128 0x1
 2334 0d0f 50       		.byte	0x50
 2335 0d10 05       		.uleb128 0x5
 2336 0d11 03       		.byte	0x3
 2337 0d12 08000000 		.4byte	.LC3
 2338 0d16 00       		.byte	0
 2339 0d17 14       		.uleb128 0x14
 2340 0d18 26000000 		.4byte	.LVL9
 2341 0d1c 59120000 		.4byte	0x1259
 2342 0d20 15       		.uleb128 0x15
 2343 0d21 01       		.uleb128 0x1
 2344 0d22 50       		.byte	0x50
 2345 0d23 05       		.uleb128 0x5
 2346 0d24 03       		.byte	0x3
 2347 0d25 10000000 		.4byte	.LC5
 2348 0d29 00       		.byte	0
 2349 0d2a 00       		.byte	0
 2350 0d2b 13       		.uleb128 0x13
ARM GAS  C:\Users\Lenovo\AppData\Local\Temp\ccHfIZ2m.s 			page 50


 2351 0d2c 42050000 		.4byte	.LASF419
 2352 0d30 01       		.byte	0x1
 2353 0d31 C1       		.byte	0xc1
 2354 0d32 00000000 		.4byte	.LFB39
 2355 0d36 68000000 		.4byte	.LFE39-.LFB39
 2356 0d3a 01       		.uleb128 0x1
 2357 0d3b 9C       		.byte	0x9c
 2358 0d3c ED0D0000 		.4byte	0xded
 2359 0d40 16       		.uleb128 0x16
 2360 0d41 D4130000 		.4byte	.LASF121
 2361 0d45 01       		.byte	0x1
 2362 0d46 C1       		.byte	0xc1
 2363 0d47 C8030000 		.4byte	0x3c8
 2364 0d4b 53000000 		.4byte	.LLST1
 2365 0d4f 17       		.uleb128 0x17
 2366 0d50 14000000 		.4byte	.LVL12
 2367 0d54 59120000 		.4byte	0x1259
 2368 0d58 660D0000 		.4byte	0xd66
 2369 0d5c 15       		.uleb128 0x15
 2370 0d5d 01       		.uleb128 0x1
 2371 0d5e 50       		.byte	0x50
 2372 0d5f 05       		.uleb128 0x5
 2373 0d60 03       		.byte	0x3
 2374 0d61 1C000000 		.4byte	.LC8
 2375 0d65 00       		.byte	0
 2376 0d66 17       		.uleb128 0x17
 2377 0d67 1C000000 		.4byte	.LVL13
 2378 0d6b 59120000 		.4byte	0x1259
 2379 0d6f 7D0D0000 		.4byte	0xd7d
 2380 0d73 15       		.uleb128 0x15
 2381 0d74 01       		.uleb128 0x1
 2382 0d75 50       		.byte	0x50
 2383 0d76 05       		.uleb128 0x5
 2384 0d77 03       		.byte	0x3
 2385 0d78 24000000 		.4byte	.LC10
 2386 0d7c 00       		.byte	0
 2387 0d7d 17       		.uleb128 0x17
 2388 0d7e 24000000 		.4byte	.LVL14
 2389 0d82 59120000 		.4byte	0x1259
 2390 0d86 940D0000 		.4byte	0xd94
 2391 0d8a 15       		.uleb128 0x15
 2392 0d8b 01       		.uleb128 0x1
 2393 0d8c 50       		.byte	0x50
 2394 0d8d 05       		.uleb128 0x5
 2395 0d8e 03       		.byte	0x3
 2396 0d8f 40000000 		.4byte	.LC12
 2397 0d93 00       		.byte	0
 2398 0d94 17       		.uleb128 0x17
 2399 0d95 2C000000 		.4byte	.LVL15
 2400 0d99 59120000 		.4byte	0x1259
 2401 0d9d AB0D0000 		.4byte	0xdab
 2402 0da1 15       		.uleb128 0x15
 2403 0da2 01       		.uleb128 0x1
 2404 0da3 50       		.byte	0x50
 2405 0da4 05       		.uleb128 0x5
 2406 0da5 03       		.byte	0x3
 2407 0da6 5C000000 		.4byte	.LC14
ARM GAS  C:\Users\Lenovo\AppData\Local\Temp\ccHfIZ2m.s 			page 51


 2408 0daa 00       		.byte	0
 2409 0dab 17       		.uleb128 0x17
 2410 0dac 34000000 		.4byte	.LVL16
 2411 0db0 59120000 		.4byte	0x1259
 2412 0db4 C20D0000 		.4byte	0xdc2
 2413 0db8 15       		.uleb128 0x15
 2414 0db9 01       		.uleb128 0x1
 2415 0dba 50       		.byte	0x50
 2416 0dbb 05       		.uleb128 0x5
 2417 0dbc 03       		.byte	0x3
 2418 0dbd 78000000 		.4byte	.LC16
 2419 0dc1 00       		.byte	0
 2420 0dc2 17       		.uleb128 0x17
 2421 0dc3 3C000000 		.4byte	.LVL17
 2422 0dc7 59120000 		.4byte	0x1259
 2423 0dcb D90D0000 		.4byte	0xdd9
 2424 0dcf 15       		.uleb128 0x15
 2425 0dd0 01       		.uleb128 0x1
 2426 0dd1 50       		.byte	0x50
 2427 0dd2 05       		.uleb128 0x5
 2428 0dd3 03       		.byte	0x3
 2429 0dd4 90000000 		.4byte	.LC18
 2430 0dd8 00       		.byte	0
 2431 0dd9 14       		.uleb128 0x14
 2432 0dda 44000000 		.4byte	.LVL18
 2433 0dde 59120000 		.4byte	0x1259
 2434 0de2 15       		.uleb128 0x15
 2435 0de3 01       		.uleb128 0x1
 2436 0de4 50       		.byte	0x50
 2437 0de5 05       		.uleb128 0x5
 2438 0de6 03       		.byte	0x3
 2439 0de7 A8000000 		.4byte	.LC20
 2440 0deb 00       		.byte	0
 2441 0dec 00       		.byte	0
 2442 0ded 13       		.uleb128 0x13
 2443 0dee B0170000 		.4byte	.LASF420
 2444 0df2 01       		.byte	0x1
 2445 0df3 33       		.byte	0x33
 2446 0df4 00000000 		.4byte	.LFB37
 2447 0df8 20020000 		.4byte	.LFE37-.LFB37
 2448 0dfc 01       		.uleb128 0x1
 2449 0dfd 9C       		.byte	0x9c
 2450 0dfe 6B110000 		.4byte	0x116b
 2451 0e02 16       		.uleb128 0x16
 2452 0e03 D90A0000 		.4byte	.LASF421
 2453 0e07 01       		.byte	0x1
 2454 0e08 33       		.byte	0x33
 2455 0e09 83000000 		.4byte	0x83
 2456 0e0d 74000000 		.4byte	.LLST2
 2457 0e11 16       		.uleb128 0x16
 2458 0e12 63030000 		.4byte	.LASF422
 2459 0e16 01       		.byte	0x1
 2460 0e17 33       		.byte	0x33
 2461 0e18 B2000000 		.4byte	0xb2
 2462 0e1c 4F010000 		.4byte	.LLST3
 2463 0e20 18       		.uleb128 0x18
 2464 0e21 56030000 		.4byte	.LASF423
ARM GAS  C:\Users\Lenovo\AppData\Local\Temp\ccHfIZ2m.s 			page 52


 2465 0e25 01       		.byte	0x1
 2466 0e26 35       		.byte	0x35
 2467 0e27 6B110000 		.4byte	0x116b
 2468 0e2b 15020000 		.4byte	.LLST4
 2469 0e2f 18       		.uleb128 0x18
 2470 0e30 5B0D0000 		.4byte	.LASF424
 2471 0e34 01       		.byte	0x1
 2472 0e35 36       		.byte	0x36
 2473 0e36 71110000 		.4byte	0x1171
 2474 0e3a 33020000 		.4byte	.LLST5
 2475 0e3e 19       		.uleb128 0x19
 2476 0e3f 6900     		.ascii	"i\000"
 2477 0e41 01       		.byte	0x1
 2478 0e42 37       		.byte	0x37
 2479 0e43 6B000000 		.4byte	0x6b
 2480 0e47 51020000 		.4byte	.LLST6
 2481 0e4b 17       		.uleb128 0x17
 2482 0e4c 1E000000 		.4byte	.LVL21
 2483 0e50 59120000 		.4byte	0x1259
 2484 0e54 620E0000 		.4byte	0xe62
 2485 0e58 15       		.uleb128 0x15
 2486 0e59 01       		.uleb128 0x1
 2487 0e5a 50       		.byte	0x50
 2488 0e5b 05       		.uleb128 0x5
 2489 0e5c 03       		.byte	0x3
 2490 0e5d AC000000 		.4byte	.LC23
 2491 0e61 00       		.byte	0
 2492 0e62 1A       		.uleb128 0x1a
 2493 0e63 24000000 		.4byte	.LVL22
 2494 0e67 C50C0000 		.4byte	0xcc5
 2495 0e6b 17       		.uleb128 0x17
 2496 0e6c 2C000000 		.4byte	.LVL23
 2497 0e70 59120000 		.4byte	0x1259
 2498 0e74 820E0000 		.4byte	0xe82
 2499 0e78 15       		.uleb128 0x15
 2500 0e79 01       		.uleb128 0x1
 2501 0e7a 50       		.byte	0x50
 2502 0e7b 05       		.uleb128 0x5
 2503 0e7c 03       		.byte	0x3
 2504 0e7d D4000000 		.4byte	.LC25
 2505 0e81 00       		.byte	0
 2506 0e82 17       		.uleb128 0x17
 2507 0e83 32000000 		.4byte	.LVL24
 2508 0e87 64120000 		.4byte	0x1264
 2509 0e8b 990E0000 		.4byte	0xe99
 2510 0e8f 15       		.uleb128 0x15
 2511 0e90 01       		.uleb128 0x1
 2512 0e91 50       		.byte	0x50
 2513 0e92 05       		.uleb128 0x5
 2514 0e93 03       		.byte	0x3
 2515 0e94 F4000000 		.4byte	.LC27
 2516 0e98 00       		.byte	0
 2517 0e99 17       		.uleb128 0x17
 2518 0e9a 3A000000 		.4byte	.LVL27
 2519 0e9e 59120000 		.4byte	0x1259
 2520 0ea2 B00E0000 		.4byte	0xeb0
 2521 0ea6 15       		.uleb128 0x15
ARM GAS  C:\Users\Lenovo\AppData\Local\Temp\ccHfIZ2m.s 			page 53


 2522 0ea7 01       		.uleb128 0x1
 2523 0ea8 50       		.byte	0x50
 2524 0ea9 05       		.uleb128 0x5
 2525 0eaa 03       		.byte	0x3
 2526 0eab 10010000 		.4byte	.LC29
 2527 0eaf 00       		.byte	0
 2528 0eb0 1A       		.uleb128 0x1a
 2529 0eb1 40000000 		.4byte	.LVL28
 2530 0eb5 C50C0000 		.4byte	0xcc5
 2531 0eb9 17       		.uleb128 0x17
 2532 0eba 48000000 		.4byte	.LVL29
 2533 0ebe 59120000 		.4byte	0x1259
 2534 0ec2 D00E0000 		.4byte	0xed0
 2535 0ec6 15       		.uleb128 0x15
 2536 0ec7 01       		.uleb128 0x1
 2537 0ec8 50       		.byte	0x50
 2538 0ec9 05       		.uleb128 0x5
 2539 0eca 03       		.byte	0x3
 2540 0ecb D4000000 		.4byte	.LC25
 2541 0ecf 00       		.byte	0
 2542 0ed0 17       		.uleb128 0x17
 2543 0ed1 4E000000 		.4byte	.LVL30
 2544 0ed5 64120000 		.4byte	0x1264
 2545 0ed9 E70E0000 		.4byte	0xee7
 2546 0edd 15       		.uleb128 0x15
 2547 0ede 01       		.uleb128 0x1
 2548 0edf 50       		.byte	0x50
 2549 0ee0 05       		.uleb128 0x5
 2550 0ee1 03       		.byte	0x3
 2551 0ee2 38010000 		.4byte	.LC31
 2552 0ee6 00       		.byte	0
 2553 0ee7 17       		.uleb128 0x17
 2554 0ee8 56000000 		.4byte	.LVL33
 2555 0eec 59120000 		.4byte	0x1259
 2556 0ef0 FE0E0000 		.4byte	0xefe
 2557 0ef4 15       		.uleb128 0x15
 2558 0ef5 01       		.uleb128 0x1
 2559 0ef6 50       		.byte	0x50
 2560 0ef7 05       		.uleb128 0x5
 2561 0ef8 03       		.byte	0x3
 2562 0ef9 54010000 		.4byte	.LC33
 2563 0efd 00       		.byte	0
 2564 0efe 1A       		.uleb128 0x1a
 2565 0eff 5C000000 		.4byte	.LVL34
 2566 0f03 C50C0000 		.4byte	0xcc5
 2567 0f07 17       		.uleb128 0x17
 2568 0f08 64000000 		.4byte	.LVL35
 2569 0f0c 59120000 		.4byte	0x1259
 2570 0f10 1E0F0000 		.4byte	0xf1e
 2571 0f14 15       		.uleb128 0x15
 2572 0f15 01       		.uleb128 0x1
 2573 0f16 50       		.byte	0x50
 2574 0f17 05       		.uleb128 0x5
 2575 0f18 03       		.byte	0x3
 2576 0f19 D4000000 		.4byte	.LC25
 2577 0f1d 00       		.byte	0
 2578 0f1e 17       		.uleb128 0x17
ARM GAS  C:\Users\Lenovo\AppData\Local\Temp\ccHfIZ2m.s 			page 54


 2579 0f1f 6A000000 		.4byte	.LVL36
 2580 0f23 64120000 		.4byte	0x1264
 2581 0f27 350F0000 		.4byte	0xf35
 2582 0f2b 15       		.uleb128 0x15
 2583 0f2c 01       		.uleb128 0x1
 2584 0f2d 50       		.byte	0x50
 2585 0f2e 05       		.uleb128 0x5
 2586 0f2f 03       		.byte	0x3
 2587 0f30 7C010000 		.4byte	.LC35
 2588 0f34 00       		.byte	0
 2589 0f35 17       		.uleb128 0x17
 2590 0f36 72000000 		.4byte	.LVL39
 2591 0f3a 59120000 		.4byte	0x1259
 2592 0f3e 4C0F0000 		.4byte	0xf4c
 2593 0f42 15       		.uleb128 0x15
 2594 0f43 01       		.uleb128 0x1
 2595 0f44 50       		.byte	0x50
 2596 0f45 05       		.uleb128 0x5
 2597 0f46 03       		.byte	0x3
 2598 0f47 98010000 		.4byte	.LC37
 2599 0f4b 00       		.byte	0
 2600 0f4c 1A       		.uleb128 0x1a
 2601 0f4d 78000000 		.4byte	.LVL40
 2602 0f51 C50C0000 		.4byte	0xcc5
 2603 0f55 17       		.uleb128 0x17
 2604 0f56 80000000 		.4byte	.LVL41
 2605 0f5a 59120000 		.4byte	0x1259
 2606 0f5e 6C0F0000 		.4byte	0xf6c
 2607 0f62 15       		.uleb128 0x15
 2608 0f63 01       		.uleb128 0x1
 2609 0f64 50       		.byte	0x50
 2610 0f65 05       		.uleb128 0x5
 2611 0f66 03       		.byte	0x3
 2612 0f67 D4000000 		.4byte	.LC25
 2613 0f6b 00       		.byte	0
 2614 0f6c 17       		.uleb128 0x17
 2615 0f6d 86000000 		.4byte	.LVL42
 2616 0f71 64120000 		.4byte	0x1264
 2617 0f75 830F0000 		.4byte	0xf83
 2618 0f79 15       		.uleb128 0x15
 2619 0f7a 01       		.uleb128 0x1
 2620 0f7b 50       		.byte	0x50
 2621 0f7c 05       		.uleb128 0x5
 2622 0f7d 03       		.byte	0x3
 2623 0f7e C0010000 		.4byte	.LC39
 2624 0f82 00       		.byte	0
 2625 0f83 17       		.uleb128 0x17
 2626 0f84 8E000000 		.4byte	.LVL45
 2627 0f88 59120000 		.4byte	0x1259
 2628 0f8c 9A0F0000 		.4byte	0xf9a
 2629 0f90 15       		.uleb128 0x15
 2630 0f91 01       		.uleb128 0x1
 2631 0f92 50       		.byte	0x50
 2632 0f93 05       		.uleb128 0x5
 2633 0f94 03       		.byte	0x3
 2634 0f95 DC010000 		.4byte	.LC41
 2635 0f99 00       		.byte	0
ARM GAS  C:\Users\Lenovo\AppData\Local\Temp\ccHfIZ2m.s 			page 55


 2636 0f9a 1A       		.uleb128 0x1a
 2637 0f9b 94000000 		.4byte	.LVL46
 2638 0f9f C50C0000 		.4byte	0xcc5
 2639 0fa3 17       		.uleb128 0x17
 2640 0fa4 9C000000 		.4byte	.LVL47
 2641 0fa8 59120000 		.4byte	0x1259
 2642 0fac BA0F0000 		.4byte	0xfba
 2643 0fb0 15       		.uleb128 0x15
 2644 0fb1 01       		.uleb128 0x1
 2645 0fb2 50       		.byte	0x50
 2646 0fb3 05       		.uleb128 0x5
 2647 0fb4 03       		.byte	0x3
 2648 0fb5 D4000000 		.4byte	.LC25
 2649 0fb9 00       		.byte	0
 2650 0fba 17       		.uleb128 0x17
 2651 0fbb A2000000 		.4byte	.LVL48
 2652 0fbf 64120000 		.4byte	0x1264
 2653 0fc3 D10F0000 		.4byte	0xfd1
 2654 0fc7 15       		.uleb128 0x15
 2655 0fc8 01       		.uleb128 0x1
 2656 0fc9 50       		.byte	0x50
 2657 0fca 05       		.uleb128 0x5
 2658 0fcb 03       		.byte	0x3
 2659 0fcc 04020000 		.4byte	.LC43
 2660 0fd0 00       		.byte	0
 2661 0fd1 17       		.uleb128 0x17
 2662 0fd2 AA000000 		.4byte	.LVL51
 2663 0fd6 59120000 		.4byte	0x1259
 2664 0fda E80F0000 		.4byte	0xfe8
 2665 0fde 15       		.uleb128 0x15
 2666 0fdf 01       		.uleb128 0x1
 2667 0fe0 50       		.byte	0x50
 2668 0fe1 05       		.uleb128 0x5
 2669 0fe2 03       		.byte	0x3
 2670 0fe3 20020000 		.4byte	.LC45
 2671 0fe7 00       		.byte	0
 2672 0fe8 1A       		.uleb128 0x1a
 2673 0fe9 B0000000 		.4byte	.LVL52
 2674 0fed C50C0000 		.4byte	0xcc5
 2675 0ff1 17       		.uleb128 0x17
 2676 0ff2 B8000000 		.4byte	.LVL53
 2677 0ff6 59120000 		.4byte	0x1259
 2678 0ffa 08100000 		.4byte	0x1008
 2679 0ffe 15       		.uleb128 0x15
 2680 0fff 01       		.uleb128 0x1
 2681 1000 50       		.byte	0x50
 2682 1001 05       		.uleb128 0x5
 2683 1002 03       		.byte	0x3
 2684 1003 48020000 		.4byte	.LC47
 2685 1007 00       		.byte	0
 2686 1008 1A       		.uleb128 0x1a
 2687 1009 CC000000 		.4byte	.LVL54
 2688 100d 73120000 		.4byte	0x1273
 2689 1011 1A       		.uleb128 0x1a
 2690 1012 E2000000 		.4byte	.LVL55
 2691 1016 73120000 		.4byte	0x1273
 2692 101a 17       		.uleb128 0x17
ARM GAS  C:\Users\Lenovo\AppData\Local\Temp\ccHfIZ2m.s 			page 56


 2693 101b F0000000 		.4byte	.LVL56
 2694 101f 59120000 		.4byte	0x1259
 2695 1023 37100000 		.4byte	0x1037
 2696 1027 15       		.uleb128 0x15
 2697 1028 01       		.uleb128 0x1
 2698 1029 50       		.byte	0x50
 2699 102a 05       		.uleb128 0x5
 2700 102b 03       		.byte	0x3
 2701 102c 60020000 		.4byte	.LC49
 2702 1030 15       		.uleb128 0x15
 2703 1031 01       		.uleb128 0x1
 2704 1032 51       		.byte	0x51
 2705 1033 02       		.uleb128 0x2
 2706 1034 75       		.byte	0x75
 2707 1035 00       		.sleb128 0
 2708 1036 00       		.byte	0
 2709 1037 17       		.uleb128 0x17
 2710 1038 F8000000 		.4byte	.LVL59
 2711 103c 59120000 		.4byte	0x1259
 2712 1040 4E100000 		.4byte	0x104e
 2713 1044 15       		.uleb128 0x15
 2714 1045 01       		.uleb128 0x1
 2715 1046 50       		.byte	0x50
 2716 1047 05       		.uleb128 0x5
 2717 1048 03       		.byte	0x3
 2718 1049 84020000 		.4byte	.LC51
 2719 104d 00       		.byte	0
 2720 104e 1A       		.uleb128 0x1a
 2721 104f FE000000 		.4byte	.LVL60
 2722 1053 C50C0000 		.4byte	0xcc5
 2723 1057 17       		.uleb128 0x17
 2724 1058 06010000 		.4byte	.LVL61
 2725 105c 59120000 		.4byte	0x1259
 2726 1060 6E100000 		.4byte	0x106e
 2727 1064 15       		.uleb128 0x15
 2728 1065 01       		.uleb128 0x1
 2729 1066 50       		.byte	0x50
 2730 1067 05       		.uleb128 0x5
 2731 1068 03       		.byte	0x3
 2732 1069 B0020000 		.4byte	.LC53
 2733 106d 00       		.byte	0
 2734 106e 17       		.uleb128 0x17
 2735 106f 0C010000 		.4byte	.LVL62
 2736 1073 59120000 		.4byte	0x1259
 2737 1077 85100000 		.4byte	0x1085
 2738 107b 15       		.uleb128 0x15
 2739 107c 01       		.uleb128 0x1
 2740 107d 50       		.byte	0x50
 2741 107e 05       		.uleb128 0x5
 2742 107f 03       		.byte	0x3
 2743 1080 C8020000 		.4byte	.LC55
 2744 1084 00       		.byte	0
 2745 1085 1A       		.uleb128 0x1a
 2746 1086 12010000 		.4byte	.LVL63
 2747 108a 2B0D0000 		.4byte	0xd2b
 2748 108e 17       		.uleb128 0x17
 2749 108f 18010000 		.4byte	.LVL64
ARM GAS  C:\Users\Lenovo\AppData\Local\Temp\ccHfIZ2m.s 			page 57


 2750 1093 59120000 		.4byte	0x1259
 2751 1097 A5100000 		.4byte	0x10a5
 2752 109b 15       		.uleb128 0x15
 2753 109c 01       		.uleb128 0x1
 2754 109d 50       		.byte	0x50
 2755 109e 05       		.uleb128 0x5
 2756 109f 03       		.byte	0x3
 2757 10a0 D8020000 		.4byte	.LC57
 2758 10a4 00       		.byte	0
 2759 10a5 1A       		.uleb128 0x1a
 2760 10a6 30010000 		.4byte	.LVL65
 2761 10aa 73120000 		.4byte	0x1273
 2762 10ae 1A       		.uleb128 0x1a
 2763 10af 46010000 		.4byte	.LVL66
 2764 10b3 73120000 		.4byte	0x1273
 2765 10b7 17       		.uleb128 0x17
 2766 10b8 50010000 		.4byte	.LVL67
 2767 10bc 59120000 		.4byte	0x1259
 2768 10c0 D4100000 		.4byte	0x10d4
 2769 10c4 15       		.uleb128 0x15
 2770 10c5 01       		.uleb128 0x1
 2771 10c6 50       		.byte	0x50
 2772 10c7 05       		.uleb128 0x5
 2773 10c8 03       		.byte	0x3
 2774 10c9 DC020000 		.4byte	.LC59
 2775 10cd 15       		.uleb128 0x15
 2776 10ce 01       		.uleb128 0x1
 2777 10cf 51       		.byte	0x51
 2778 10d0 02       		.uleb128 0x2
 2779 10d1 75       		.byte	0x75
 2780 10d2 00       		.sleb128 0
 2781 10d3 00       		.byte	0
 2782 10d4 17       		.uleb128 0x17
 2783 10d5 58010000 		.4byte	.LVL68
 2784 10d9 59120000 		.4byte	0x1259
 2785 10dd EB100000 		.4byte	0x10eb
 2786 10e1 15       		.uleb128 0x15
 2787 10e2 01       		.uleb128 0x1
 2788 10e3 50       		.byte	0x50
 2789 10e4 05       		.uleb128 0x5
 2790 10e5 03       		.byte	0x3
 2791 10e6 F4020000 		.4byte	.LC61
 2792 10ea 00       		.byte	0
 2793 10eb 17       		.uleb128 0x17
 2794 10ec 66010000 		.4byte	.LVL70
 2795 10f0 59120000 		.4byte	0x1259
 2796 10f4 02110000 		.4byte	0x1102
 2797 10f8 15       		.uleb128 0x15
 2798 10f9 01       		.uleb128 0x1
 2799 10fa 50       		.byte	0x50
 2800 10fb 05       		.uleb128 0x5
 2801 10fc 03       		.byte	0x3
 2802 10fd 00030000 		.4byte	.LC63
 2803 1101 00       		.byte	0
 2804 1102 17       		.uleb128 0x17
 2805 1103 7A010000 		.4byte	.LVL73
 2806 1107 59120000 		.4byte	0x1259
ARM GAS  C:\Users\Lenovo\AppData\Local\Temp\ccHfIZ2m.s 			page 58


 2807 110b 19110000 		.4byte	0x1119
 2808 110f 15       		.uleb128 0x15
 2809 1110 01       		.uleb128 0x1
 2810 1111 50       		.byte	0x50
 2811 1112 05       		.uleb128 0x5
 2812 1113 03       		.byte	0x3
 2813 1114 08030000 		.4byte	.LC65
 2814 1118 00       		.byte	0
 2815 1119 1A       		.uleb128 0x1a
 2816 111a 8C010000 		.4byte	.LVL75
 2817 111e 7F120000 		.4byte	0x127f
 2818 1122 17       		.uleb128 0x17
 2819 1123 A0010000 		.4byte	.LVL78
 2820 1127 59120000 		.4byte	0x1259
 2821 112b 39110000 		.4byte	0x1139
 2822 112f 15       		.uleb128 0x15
 2823 1130 01       		.uleb128 0x1
 2824 1131 50       		.byte	0x50
 2825 1132 05       		.uleb128 0x5
 2826 1133 03       		.byte	0x3
 2827 1134 0C030000 		.4byte	.LC67
 2828 1138 00       		.byte	0
 2829 1139 17       		.uleb128 0x17
 2830 113a AA010000 		.4byte	.LVL79
 2831 113e 59120000 		.4byte	0x1259
 2832 1142 50110000 		.4byte	0x1150
 2833 1146 15       		.uleb128 0x15
 2834 1147 01       		.uleb128 0x1
 2835 1148 50       		.byte	0x50
 2836 1149 05       		.uleb128 0x5
 2837 114a 03       		.byte	0x3
 2838 114b 10030000 		.4byte	.LC69
 2839 114f 00       		.byte	0
 2840 1150 14       		.uleb128 0x14
 2841 1151 B4010000 		.4byte	.LVL83
 2842 1155 59120000 		.4byte	0x1259
 2843 1159 15       		.uleb128 0x15
 2844 115a 01       		.uleb128 0x1
 2845 115b 50       		.byte	0x50
 2846 115c 05       		.uleb128 0x5
 2847 115d 03       		.byte	0x3
 2848 115e 1C030000 		.4byte	.LC71
 2849 1162 15       		.uleb128 0x15
 2850 1163 01       		.uleb128 0x1
 2851 1164 51       		.byte	0x51
 2852 1165 03       		.uleb128 0x3
 2853 1166 F3       		.byte	0xf3
 2854 1167 01       		.uleb128 0x1
 2855 1168 50       		.byte	0x50
 2856 1169 00       		.byte	0
 2857 116a 00       		.byte	0
 2858 116b 06       		.uleb128 0x6
 2859 116c 04       		.byte	0x4
 2860 116d 1E040000 		.4byte	0x41e
 2861 1171 06       		.uleb128 0x6
 2862 1172 04       		.byte	0x4
 2863 1173 7A040000 		.4byte	0x47a
ARM GAS  C:\Users\Lenovo\AppData\Local\Temp\ccHfIZ2m.s 			page 59


 2864 1177 13       		.uleb128 0x13
 2865 1178 FC2E0000 		.4byte	.LASF425
 2866 117c 01       		.byte	0x1
 2867 117d EE       		.byte	0xee
 2868 117e 00000000 		.4byte	.LFB40
 2869 1182 64000000 		.4byte	.LFE40-.LFB40
 2870 1186 01       		.uleb128 0x1
 2871 1187 9C       		.byte	0x9c
 2872 1188 43120000 		.4byte	0x1243
 2873 118c 1B       		.uleb128 0x1b
 2874 118d 181A0000 		.4byte	.LASF426
 2875 1191 01       		.byte	0x1
 2876 1192 F0       		.byte	0xf0
 2877 1193 D9010000 		.4byte	0x1d9
 2878 1197 02       		.uleb128 0x2
 2879 1198 91       		.byte	0x91
 2880 1199 70       		.sleb128 -16
 2881 119a 19       		.uleb128 0x19
 2882 119b 6900     		.ascii	"i\000"
 2883 119d 01       		.byte	0x1
 2884 119e F1       		.byte	0xf1
 2885 119f 77000000 		.4byte	0x77
 2886 11a3 9D020000 		.4byte	.LLST7
 2887 11a7 17       		.uleb128 0x17
 2888 11a8 0A000000 		.4byte	.LVL85
 2889 11ac 8E120000 		.4byte	0x128e
 2890 11b0 BA110000 		.4byte	0x11ba
 2891 11b4 15       		.uleb128 0x15
 2892 11b5 01       		.uleb128 0x1
 2893 11b6 50       		.byte	0x50
 2894 11b7 01       		.uleb128 0x1
 2895 11b8 30       		.byte	0x30
 2896 11b9 00       		.byte	0
 2897 11ba 17       		.uleb128 0x17
 2898 11bb 18000000 		.4byte	.LVL86
 2899 11bf 59120000 		.4byte	0x1259
 2900 11c3 D1110000 		.4byte	0x11d1
 2901 11c7 15       		.uleb128 0x15
 2902 11c8 01       		.uleb128 0x1
 2903 11c9 50       		.byte	0x50
 2904 11ca 05       		.uleb128 0x5
 2905 11cb 03       		.byte	0x3
 2906 11cc 3C030000 		.4byte	.LC74
 2907 11d0 00       		.byte	0
 2908 11d1 1A       		.uleb128 0x1a
 2909 11d2 1C000000 		.4byte	.LVL87
 2910 11d6 9A120000 		.4byte	0x129a
 2911 11da 17       		.uleb128 0x17
 2912 11db 24000000 		.4byte	.LVL88
 2913 11df 59120000 		.4byte	0x1259
 2914 11e3 F1110000 		.4byte	0x11f1
 2915 11e7 15       		.uleb128 0x15
 2916 11e8 01       		.uleb128 0x1
 2917 11e9 50       		.byte	0x50
 2918 11ea 05       		.uleb128 0x5
 2919 11eb 03       		.byte	0x3
 2920 11ec 5C030000 		.4byte	.LC76
ARM GAS  C:\Users\Lenovo\AppData\Local\Temp\ccHfIZ2m.s 			page 60


 2921 11f0 00       		.byte	0
 2922 11f1 17       		.uleb128 0x17
 2923 11f2 2A000000 		.4byte	.LVL89
 2924 11f6 A5120000 		.4byte	0x12a5
 2925 11fa 05120000 		.4byte	0x1205
 2926 11fe 15       		.uleb128 0x15
 2927 11ff 01       		.uleb128 0x1
 2928 1200 50       		.byte	0x50
 2929 1201 02       		.uleb128 0x2
 2930 1202 7D       		.byte	0x7d
 2931 1203 00       		.sleb128 0
 2932 1204 00       		.byte	0
 2933 1205 17       		.uleb128 0x17
 2934 1206 3A000000 		.4byte	.LVL92
 2935 120a 59120000 		.4byte	0x1259
 2936 120e 1C120000 		.4byte	0x121c
 2937 1212 15       		.uleb128 0x15
 2938 1213 01       		.uleb128 0x1
 2939 1214 50       		.byte	0x50
 2940 1215 05       		.uleb128 0x5
 2941 1216 03       		.byte	0x3
 2942 1217 7C030000 		.4byte	.LC78
 2943 121b 00       		.byte	0
 2944 121c 17       		.uleb128 0x17
 2945 121d 46000000 		.4byte	.LVL94
 2946 1221 64120000 		.4byte	0x1264
 2947 1225 33120000 		.4byte	0x1233
 2948 1229 15       		.uleb128 0x15
 2949 122a 01       		.uleb128 0x1
 2950 122b 50       		.byte	0x50
 2951 122c 05       		.uleb128 0x5
 2952 122d 03       		.byte	0x3
 2953 122e 84030000 		.4byte	.LC80
 2954 1232 00       		.byte	0
 2955 1233 14       		.uleb128 0x14
 2956 1234 4C000000 		.4byte	.LVL95
 2957 1238 B1120000 		.4byte	0x12b1
 2958 123c 15       		.uleb128 0x15
 2959 123d 01       		.uleb128 0x1
 2960 123e 50       		.byte	0x50
 2961 123f 01       		.uleb128 0x1
 2962 1240 30       		.byte	0x30
 2963 1241 00       		.byte	0
 2964 1242 00       		.byte	0
 2965 1243 1C       		.uleb128 0x1c
 2966 1244 3A1A0000 		.4byte	.LASF441
 2967 1248 0C       		.byte	0xc
 2968 1249 54       		.byte	0x54
 2969 124a 99010000 		.4byte	0x199
 2970 124e 1D       		.uleb128 0x1d
 2971 124f EB1A0000 		.4byte	.LASF427
 2972 1253 EB1A0000 		.4byte	.LASF427
 2973 1257 05       		.byte	0x5
 2974 1258 B5       		.byte	0xb5
 2975 1259 1D       		.uleb128 0x1d
 2976 125a C01A0000 		.4byte	.LASF428
 2977 125e C01A0000 		.4byte	.LASF428
ARM GAS  C:\Users\Lenovo\AppData\Local\Temp\ccHfIZ2m.s 			page 61


 2978 1262 07       		.byte	0x7
 2979 1263 BB       		.byte	0xbb
 2980 1264 1E       		.uleb128 0x1e
 2981 1265 85110000 		.4byte	.LASF430
 2982 1269 57180000 		.4byte	.LASF432
 2983 126d 09       		.byte	0x9
 2984 126e 00       		.byte	0
 2985 126f 85110000 		.4byte	.LASF430
 2986 1273 1F       		.uleb128 0x1f
 2987 1274 F5030000 		.4byte	.LASF429
 2988 1278 F5030000 		.4byte	.LASF429
 2989 127c 08       		.byte	0x8
 2990 127d 6202     		.2byte	0x262
 2991 127f 1E       		.uleb128 0x1e
 2992 1280 A7070000 		.4byte	.LASF431
 2993 1284 01200000 		.4byte	.LASF433
 2994 1288 09       		.byte	0x9
 2995 1289 00       		.byte	0
 2996 128a A7070000 		.4byte	.LASF431
 2997 128e 1F       		.uleb128 0x1f
 2998 128f 572F0000 		.4byte	.LASF434
 2999 1293 572F0000 		.4byte	.LASF434
 3000 1297 08       		.byte	0x8
 3001 1298 8002     		.2byte	0x280
 3002 129a 1D       		.uleb128 0x1d
 3003 129b 63090000 		.4byte	.LASF435
 3004 129f 63090000 		.4byte	.LASF435
 3005 12a3 0A       		.byte	0xa
 3006 12a4 36       		.byte	0x36
 3007 12a5 1F       		.uleb128 0x1f
 3008 12a6 EE110000 		.4byte	.LASF436
 3009 12aa EE110000 		.4byte	.LASF436
 3010 12ae 03       		.byte	0x3
 3011 12af 1408     		.2byte	0x814
 3012 12b1 1D       		.uleb128 0x1d
 3013 12b2 C7310000 		.4byte	.LASF437
 3014 12b6 C7310000 		.4byte	.LASF437
 3015 12ba 0B       		.byte	0xb
 3016 12bb 33       		.byte	0x33
 3017 12bc 00       		.byte	0
 3018              		.section	.debug_abbrev,"",%progbits
 3019              	.Ldebug_abbrev0:
 3020 0000 01       		.uleb128 0x1
 3021 0001 11       		.uleb128 0x11
 3022 0002 01       		.byte	0x1
 3023 0003 25       		.uleb128 0x25
 3024 0004 0E       		.uleb128 0xe
 3025 0005 13       		.uleb128 0x13
 3026 0006 0B       		.uleb128 0xb
 3027 0007 03       		.uleb128 0x3
 3028 0008 0E       		.uleb128 0xe
 3029 0009 1B       		.uleb128 0x1b
 3030 000a 0E       		.uleb128 0xe
 3031 000b 55       		.uleb128 0x55
 3032 000c 17       		.uleb128 0x17
 3033 000d 11       		.uleb128 0x11
 3034 000e 01       		.uleb128 0x1
ARM GAS  C:\Users\Lenovo\AppData\Local\Temp\ccHfIZ2m.s 			page 62


 3035 000f 10       		.uleb128 0x10
 3036 0010 17       		.uleb128 0x17
 3037 0011 00       		.byte	0
 3038 0012 00       		.byte	0
 3039 0013 02       		.uleb128 0x2
 3040 0014 24       		.uleb128 0x24
 3041 0015 00       		.byte	0
 3042 0016 0B       		.uleb128 0xb
 3043 0017 0B       		.uleb128 0xb
 3044 0018 3E       		.uleb128 0x3e
 3045 0019 0B       		.uleb128 0xb
 3046 001a 03       		.uleb128 0x3
 3047 001b 0E       		.uleb128 0xe
 3048 001c 00       		.byte	0
 3049 001d 00       		.byte	0
 3050 001e 03       		.uleb128 0x3
 3051 001f 24       		.uleb128 0x24
 3052 0020 00       		.byte	0
 3053 0021 0B       		.uleb128 0xb
 3054 0022 0B       		.uleb128 0xb
 3055 0023 3E       		.uleb128 0x3e
 3056 0024 0B       		.uleb128 0xb
 3057 0025 03       		.uleb128 0x3
 3058 0026 08       		.uleb128 0x8
 3059 0027 00       		.byte	0
 3060 0028 00       		.byte	0
 3061 0029 04       		.uleb128 0x4
 3062 002a 16       		.uleb128 0x16
 3063 002b 00       		.byte	0
 3064 002c 03       		.uleb128 0x3
 3065 002d 0E       		.uleb128 0xe
 3066 002e 3A       		.uleb128 0x3a
 3067 002f 0B       		.uleb128 0xb
 3068 0030 3B       		.uleb128 0x3b
 3069 0031 05       		.uleb128 0x5
 3070 0032 49       		.uleb128 0x49
 3071 0033 13       		.uleb128 0x13
 3072 0034 00       		.byte	0
 3073 0035 00       		.byte	0
 3074 0036 05       		.uleb128 0x5
 3075 0037 0F       		.uleb128 0xf
 3076 0038 00       		.byte	0
 3077 0039 0B       		.uleb128 0xb
 3078 003a 0B       		.uleb128 0xb
 3079 003b 00       		.byte	0
 3080 003c 00       		.byte	0
 3081 003d 06       		.uleb128 0x6
 3082 003e 0F       		.uleb128 0xf
 3083 003f 00       		.byte	0
 3084 0040 0B       		.uleb128 0xb
 3085 0041 0B       		.uleb128 0xb
 3086 0042 49       		.uleb128 0x49
 3087 0043 13       		.uleb128 0x13
 3088 0044 00       		.byte	0
 3089 0045 00       		.byte	0
 3090 0046 07       		.uleb128 0x7
 3091 0047 04       		.uleb128 0x4
ARM GAS  C:\Users\Lenovo\AppData\Local\Temp\ccHfIZ2m.s 			page 63


 3092 0048 01       		.byte	0x1
 3093 0049 0B       		.uleb128 0xb
 3094 004a 0B       		.uleb128 0xb
 3095 004b 49       		.uleb128 0x49
 3096 004c 13       		.uleb128 0x13
 3097 004d 3A       		.uleb128 0x3a
 3098 004e 0B       		.uleb128 0xb
 3099 004f 3B       		.uleb128 0x3b
 3100 0050 05       		.uleb128 0x5
 3101 0051 01       		.uleb128 0x1
 3102 0052 13       		.uleb128 0x13
 3103 0053 00       		.byte	0
 3104 0054 00       		.byte	0
 3105 0055 08       		.uleb128 0x8
 3106 0056 28       		.uleb128 0x28
 3107 0057 00       		.byte	0
 3108 0058 03       		.uleb128 0x3
 3109 0059 0E       		.uleb128 0xe
 3110 005a 1C       		.uleb128 0x1c
 3111 005b 0B       		.uleb128 0xb
 3112 005c 00       		.byte	0
 3113 005d 00       		.byte	0
 3114 005e 09       		.uleb128 0x9
 3115 005f 28       		.uleb128 0x28
 3116 0060 00       		.byte	0
 3117 0061 03       		.uleb128 0x3
 3118 0062 0E       		.uleb128 0xe
 3119 0063 1C       		.uleb128 0x1c
 3120 0064 05       		.uleb128 0x5
 3121 0065 00       		.byte	0
 3122 0066 00       		.byte	0
 3123 0067 0A       		.uleb128 0xa
 3124 0068 13       		.uleb128 0x13
 3125 0069 01       		.byte	0x1
 3126 006a 0B       		.uleb128 0xb
 3127 006b 0B       		.uleb128 0xb
 3128 006c 3A       		.uleb128 0x3a
 3129 006d 0B       		.uleb128 0xb
 3130 006e 3B       		.uleb128 0x3b
 3131 006f 05       		.uleb128 0x5
 3132 0070 01       		.uleb128 0x1
 3133 0071 13       		.uleb128 0x13
 3134 0072 00       		.byte	0
 3135 0073 00       		.byte	0
 3136 0074 0B       		.uleb128 0xb
 3137 0075 0D       		.uleb128 0xd
 3138 0076 00       		.byte	0
 3139 0077 03       		.uleb128 0x3
 3140 0078 0E       		.uleb128 0xe
 3141 0079 3A       		.uleb128 0x3a
 3142 007a 0B       		.uleb128 0xb
 3143 007b 3B       		.uleb128 0x3b
 3144 007c 05       		.uleb128 0x5
 3145 007d 49       		.uleb128 0x49
 3146 007e 13       		.uleb128 0x13
 3147 007f 38       		.uleb128 0x38
 3148 0080 0B       		.uleb128 0xb
ARM GAS  C:\Users\Lenovo\AppData\Local\Temp\ccHfIZ2m.s 			page 64


 3149 0081 00       		.byte	0
 3150 0082 00       		.byte	0
 3151 0083 0C       		.uleb128 0xc
 3152 0084 01       		.uleb128 0x1
 3153 0085 01       		.byte	0x1
 3154 0086 49       		.uleb128 0x49
 3155 0087 13       		.uleb128 0x13
 3156 0088 01       		.uleb128 0x1
 3157 0089 13       		.uleb128 0x13
 3158 008a 00       		.byte	0
 3159 008b 00       		.byte	0
 3160 008c 0D       		.uleb128 0xd
 3161 008d 21       		.uleb128 0x21
 3162 008e 00       		.byte	0
 3163 008f 49       		.uleb128 0x49
 3164 0090 13       		.uleb128 0x13
 3165 0091 2F       		.uleb128 0x2f
 3166 0092 0B       		.uleb128 0xb
 3167 0093 00       		.byte	0
 3168 0094 00       		.byte	0
 3169 0095 0E       		.uleb128 0xe
 3170 0096 04       		.uleb128 0x4
 3171 0097 01       		.byte	0x1
 3172 0098 0B       		.uleb128 0xb
 3173 0099 0B       		.uleb128 0xb
 3174 009a 49       		.uleb128 0x49
 3175 009b 13       		.uleb128 0x13
 3176 009c 3A       		.uleb128 0x3a
 3177 009d 0B       		.uleb128 0xb
 3178 009e 3B       		.uleb128 0x3b
 3179 009f 0B       		.uleb128 0xb
 3180 00a0 01       		.uleb128 0x1
 3181 00a1 13       		.uleb128 0x13
 3182 00a2 00       		.byte	0
 3183 00a3 00       		.byte	0
 3184 00a4 0F       		.uleb128 0xf
 3185 00a5 0D       		.uleb128 0xd
 3186 00a6 00       		.byte	0
 3187 00a7 03       		.uleb128 0x3
 3188 00a8 08       		.uleb128 0x8
 3189 00a9 3A       		.uleb128 0x3a
 3190 00aa 0B       		.uleb128 0xb
 3191 00ab 3B       		.uleb128 0x3b
 3192 00ac 05       		.uleb128 0x5
 3193 00ad 49       		.uleb128 0x49
 3194 00ae 13       		.uleb128 0x13
 3195 00af 38       		.uleb128 0x38
 3196 00b0 0B       		.uleb128 0xb
 3197 00b1 00       		.byte	0
 3198 00b2 00       		.byte	0
 3199 00b3 10       		.uleb128 0x10
 3200 00b4 16       		.uleb128 0x16
 3201 00b5 00       		.byte	0
 3202 00b6 03       		.uleb128 0x3
 3203 00b7 0E       		.uleb128 0xe
 3204 00b8 3A       		.uleb128 0x3a
 3205 00b9 0B       		.uleb128 0xb
ARM GAS  C:\Users\Lenovo\AppData\Local\Temp\ccHfIZ2m.s 			page 65


 3206 00ba 3B       		.uleb128 0x3b
 3207 00bb 0B       		.uleb128 0xb
 3208 00bc 49       		.uleb128 0x49
 3209 00bd 13       		.uleb128 0x13
 3210 00be 00       		.byte	0
 3211 00bf 00       		.byte	0
 3212 00c0 11       		.uleb128 0x11
 3213 00c1 13       		.uleb128 0x13
 3214 00c2 01       		.byte	0x1
 3215 00c3 0B       		.uleb128 0xb
 3216 00c4 0B       		.uleb128 0xb
 3217 00c5 3A       		.uleb128 0x3a
 3218 00c6 0B       		.uleb128 0xb
 3219 00c7 3B       		.uleb128 0x3b
 3220 00c8 0B       		.uleb128 0xb
 3221 00c9 01       		.uleb128 0x1
 3222 00ca 13       		.uleb128 0x13
 3223 00cb 00       		.byte	0
 3224 00cc 00       		.byte	0
 3225 00cd 12       		.uleb128 0x12
 3226 00ce 0D       		.uleb128 0xd
 3227 00cf 00       		.byte	0
 3228 00d0 03       		.uleb128 0x3
 3229 00d1 0E       		.uleb128 0xe
 3230 00d2 3A       		.uleb128 0x3a
 3231 00d3 0B       		.uleb128 0xb
 3232 00d4 3B       		.uleb128 0x3b
 3233 00d5 0B       		.uleb128 0xb
 3234 00d6 49       		.uleb128 0x49
 3235 00d7 13       		.uleb128 0x13
 3236 00d8 38       		.uleb128 0x38
 3237 00d9 0B       		.uleb128 0xb
 3238 00da 00       		.byte	0
 3239 00db 00       		.byte	0
 3240 00dc 13       		.uleb128 0x13
 3241 00dd 2E       		.uleb128 0x2e
 3242 00de 01       		.byte	0x1
 3243 00df 3F       		.uleb128 0x3f
 3244 00e0 19       		.uleb128 0x19
 3245 00e1 03       		.uleb128 0x3
 3246 00e2 0E       		.uleb128 0xe
 3247 00e3 3A       		.uleb128 0x3a
 3248 00e4 0B       		.uleb128 0xb
 3249 00e5 3B       		.uleb128 0x3b
 3250 00e6 0B       		.uleb128 0xb
 3251 00e7 27       		.uleb128 0x27
 3252 00e8 19       		.uleb128 0x19
 3253 00e9 11       		.uleb128 0x11
 3254 00ea 01       		.uleb128 0x1
 3255 00eb 12       		.uleb128 0x12
 3256 00ec 06       		.uleb128 0x6
 3257 00ed 40       		.uleb128 0x40
 3258 00ee 18       		.uleb128 0x18
 3259 00ef 9742     		.uleb128 0x2117
 3260 00f1 19       		.uleb128 0x19
 3261 00f2 01       		.uleb128 0x1
 3262 00f3 13       		.uleb128 0x13
ARM GAS  C:\Users\Lenovo\AppData\Local\Temp\ccHfIZ2m.s 			page 66


 3263 00f4 00       		.byte	0
 3264 00f5 00       		.byte	0
 3265 00f6 14       		.uleb128 0x14
 3266 00f7 898201   		.uleb128 0x4109
 3267 00fa 01       		.byte	0x1
 3268 00fb 11       		.uleb128 0x11
 3269 00fc 01       		.uleb128 0x1
 3270 00fd 31       		.uleb128 0x31
 3271 00fe 13       		.uleb128 0x13
 3272 00ff 00       		.byte	0
 3273 0100 00       		.byte	0
 3274 0101 15       		.uleb128 0x15
 3275 0102 8A8201   		.uleb128 0x410a
 3276 0105 00       		.byte	0
 3277 0106 02       		.uleb128 0x2
 3278 0107 18       		.uleb128 0x18
 3279 0108 9142     		.uleb128 0x2111
 3280 010a 18       		.uleb128 0x18
 3281 010b 00       		.byte	0
 3282 010c 00       		.byte	0
 3283 010d 16       		.uleb128 0x16
 3284 010e 05       		.uleb128 0x5
 3285 010f 00       		.byte	0
 3286 0110 03       		.uleb128 0x3
 3287 0111 0E       		.uleb128 0xe
 3288 0112 3A       		.uleb128 0x3a
 3289 0113 0B       		.uleb128 0xb
 3290 0114 3B       		.uleb128 0x3b
 3291 0115 0B       		.uleb128 0xb
 3292 0116 49       		.uleb128 0x49
 3293 0117 13       		.uleb128 0x13
 3294 0118 02       		.uleb128 0x2
 3295 0119 17       		.uleb128 0x17
 3296 011a 00       		.byte	0
 3297 011b 00       		.byte	0
 3298 011c 17       		.uleb128 0x17
 3299 011d 898201   		.uleb128 0x4109
 3300 0120 01       		.byte	0x1
 3301 0121 11       		.uleb128 0x11
 3302 0122 01       		.uleb128 0x1
 3303 0123 31       		.uleb128 0x31
 3304 0124 13       		.uleb128 0x13
 3305 0125 01       		.uleb128 0x1
 3306 0126 13       		.uleb128 0x13
 3307 0127 00       		.byte	0
 3308 0128 00       		.byte	0
 3309 0129 18       		.uleb128 0x18
 3310 012a 34       		.uleb128 0x34
 3311 012b 00       		.byte	0
 3312 012c 03       		.uleb128 0x3
 3313 012d 0E       		.uleb128 0xe
 3314 012e 3A       		.uleb128 0x3a
 3315 012f 0B       		.uleb128 0xb
 3316 0130 3B       		.uleb128 0x3b
 3317 0131 0B       		.uleb128 0xb
 3318 0132 49       		.uleb128 0x49
 3319 0133 13       		.uleb128 0x13
ARM GAS  C:\Users\Lenovo\AppData\Local\Temp\ccHfIZ2m.s 			page 67


 3320 0134 02       		.uleb128 0x2
 3321 0135 17       		.uleb128 0x17
 3322 0136 00       		.byte	0
 3323 0137 00       		.byte	0
 3324 0138 19       		.uleb128 0x19
 3325 0139 34       		.uleb128 0x34
 3326 013a 00       		.byte	0
 3327 013b 03       		.uleb128 0x3
 3328 013c 08       		.uleb128 0x8
 3329 013d 3A       		.uleb128 0x3a
 3330 013e 0B       		.uleb128 0xb
 3331 013f 3B       		.uleb128 0x3b
 3332 0140 0B       		.uleb128 0xb
 3333 0141 49       		.uleb128 0x49
 3334 0142 13       		.uleb128 0x13
 3335 0143 02       		.uleb128 0x2
 3336 0144 17       		.uleb128 0x17
 3337 0145 00       		.byte	0
 3338 0146 00       		.byte	0
 3339 0147 1A       		.uleb128 0x1a
 3340 0148 898201   		.uleb128 0x4109
 3341 014b 00       		.byte	0
 3342 014c 11       		.uleb128 0x11
 3343 014d 01       		.uleb128 0x1
 3344 014e 31       		.uleb128 0x31
 3345 014f 13       		.uleb128 0x13
 3346 0150 00       		.byte	0
 3347 0151 00       		.byte	0
 3348 0152 1B       		.uleb128 0x1b
 3349 0153 34       		.uleb128 0x34
 3350 0154 00       		.byte	0
 3351 0155 03       		.uleb128 0x3
 3352 0156 0E       		.uleb128 0xe
 3353 0157 3A       		.uleb128 0x3a
 3354 0158 0B       		.uleb128 0xb
 3355 0159 3B       		.uleb128 0x3b
 3356 015a 0B       		.uleb128 0xb
 3357 015b 49       		.uleb128 0x49
 3358 015c 13       		.uleb128 0x13
 3359 015d 02       		.uleb128 0x2
 3360 015e 18       		.uleb128 0x18
 3361 015f 00       		.byte	0
 3362 0160 00       		.byte	0
 3363 0161 1C       		.uleb128 0x1c
 3364 0162 34       		.uleb128 0x34
 3365 0163 00       		.byte	0
 3366 0164 03       		.uleb128 0x3
 3367 0165 0E       		.uleb128 0xe
 3368 0166 3A       		.uleb128 0x3a
 3369 0167 0B       		.uleb128 0xb
 3370 0168 3B       		.uleb128 0x3b
 3371 0169 0B       		.uleb128 0xb
 3372 016a 49       		.uleb128 0x49
 3373 016b 13       		.uleb128 0x13
 3374 016c 3F       		.uleb128 0x3f
 3375 016d 19       		.uleb128 0x19
 3376 016e 3C       		.uleb128 0x3c
ARM GAS  C:\Users\Lenovo\AppData\Local\Temp\ccHfIZ2m.s 			page 68


 3377 016f 19       		.uleb128 0x19
 3378 0170 00       		.byte	0
 3379 0171 00       		.byte	0
 3380 0172 1D       		.uleb128 0x1d
 3381 0173 2E       		.uleb128 0x2e
 3382 0174 00       		.byte	0
 3383 0175 3F       		.uleb128 0x3f
 3384 0176 19       		.uleb128 0x19
 3385 0177 3C       		.uleb128 0x3c
 3386 0178 19       		.uleb128 0x19
 3387 0179 6E       		.uleb128 0x6e
 3388 017a 0E       		.uleb128 0xe
 3389 017b 03       		.uleb128 0x3
 3390 017c 0E       		.uleb128 0xe
 3391 017d 3A       		.uleb128 0x3a
 3392 017e 0B       		.uleb128 0xb
 3393 017f 3B       		.uleb128 0x3b
 3394 0180 0B       		.uleb128 0xb
 3395 0181 00       		.byte	0
 3396 0182 00       		.byte	0
 3397 0183 1E       		.uleb128 0x1e
 3398 0184 2E       		.uleb128 0x2e
 3399 0185 00       		.byte	0
 3400 0186 3F       		.uleb128 0x3f
 3401 0187 19       		.uleb128 0x19
 3402 0188 3C       		.uleb128 0x3c
 3403 0189 19       		.uleb128 0x19
 3404 018a 6E       		.uleb128 0x6e
 3405 018b 0E       		.uleb128 0xe
 3406 018c 03       		.uleb128 0x3
 3407 018d 0E       		.uleb128 0xe
 3408 018e 3A       		.uleb128 0x3a
 3409 018f 0B       		.uleb128 0xb
 3410 0190 3B       		.uleb128 0x3b
 3411 0191 0B       		.uleb128 0xb
 3412 0192 6E       		.uleb128 0x6e
 3413 0193 0E       		.uleb128 0xe
 3414 0194 00       		.byte	0
 3415 0195 00       		.byte	0
 3416 0196 1F       		.uleb128 0x1f
 3417 0197 2E       		.uleb128 0x2e
 3418 0198 00       		.byte	0
 3419 0199 3F       		.uleb128 0x3f
 3420 019a 19       		.uleb128 0x19
 3421 019b 3C       		.uleb128 0x3c
 3422 019c 19       		.uleb128 0x19
 3423 019d 6E       		.uleb128 0x6e
 3424 019e 0E       		.uleb128 0xe
 3425 019f 03       		.uleb128 0x3
 3426 01a0 0E       		.uleb128 0xe
 3427 01a1 3A       		.uleb128 0x3a
 3428 01a2 0B       		.uleb128 0xb
 3429 01a3 3B       		.uleb128 0x3b
 3430 01a4 05       		.uleb128 0x5
 3431 01a5 00       		.byte	0
 3432 01a6 00       		.byte	0
 3433 01a7 00       		.byte	0
ARM GAS  C:\Users\Lenovo\AppData\Local\Temp\ccHfIZ2m.s 			page 69


 3434              		.section	.debug_loc,"",%progbits
 3435              	.Ldebug_loc0:
 3436              	.LLST0:
 3437 0000 00000000 		.4byte	.LVL1
 3438 0004 12000000 		.4byte	.LVL2
 3439 0008 0100     		.2byte	0x1
 3440 000a 50       		.byte	0x50
 3441 000b 12000000 		.4byte	.LVL2
 3442 000f 18000000 		.4byte	.LVL4
 3443 0013 0400     		.2byte	0x4
 3444 0015 F3       		.byte	0xf3
 3445 0016 01       		.uleb128 0x1
 3446 0017 50       		.byte	0x50
 3447 0018 9F       		.byte	0x9f
 3448 0019 18000000 		.4byte	.LVL4
 3449 001d 1A000000 		.4byte	.LVL5
 3450 0021 0100     		.2byte	0x1
 3451 0023 50       		.byte	0x50
 3452 0024 1A000000 		.4byte	.LVL5
 3453 0028 20000000 		.4byte	.LVL7
 3454 002c 0400     		.2byte	0x4
 3455 002e F3       		.byte	0xf3
 3456 002f 01       		.uleb128 0x1
 3457 0030 50       		.byte	0x50
 3458 0031 9F       		.byte	0x9f
 3459 0032 20000000 		.4byte	.LVL7
 3460 0036 22000000 		.4byte	.LVL8
 3461 003a 0100     		.2byte	0x1
 3462 003c 50       		.byte	0x50
 3463 003d 22000000 		.4byte	.LVL8
 3464 0041 34000000 		.4byte	.LFE38
 3465 0045 0400     		.2byte	0x4
 3466 0047 F3       		.byte	0xf3
 3467 0048 01       		.uleb128 0x1
 3468 0049 50       		.byte	0x50
 3469 004a 9F       		.byte	0x9f
 3470 004b 00000000 		.4byte	0
 3471 004f 00000000 		.4byte	0
 3472              	.LLST1:
 3473 0053 00000000 		.4byte	.LVL10
 3474 0057 08000000 		.4byte	.LVL11
 3475 005b 0100     		.2byte	0x1
 3476 005d 50       		.byte	0x50
 3477 005e 08000000 		.4byte	.LVL11
 3478 0062 68000000 		.4byte	.LFE39
 3479 0066 0400     		.2byte	0x4
 3480 0068 F3       		.byte	0xf3
 3481 0069 01       		.uleb128 0x1
 3482 006a 50       		.byte	0x50
 3483 006b 9F       		.byte	0x9f
 3484 006c 00000000 		.4byte	0
 3485 0070 00000000 		.4byte	0
 3486              	.LLST2:
 3487 0074 00000000 		.4byte	.LVL19
 3488 0078 1A000000 		.4byte	.LVL20
 3489 007c 0100     		.2byte	0x1
 3490 007e 50       		.byte	0x50
ARM GAS  C:\Users\Lenovo\AppData\Local\Temp\ccHfIZ2m.s 			page 70


 3491 007f 1A000000 		.4byte	.LVL20
 3492 0083 34000000 		.4byte	.LVL25
 3493 0087 0400     		.2byte	0x4
 3494 0089 F3       		.byte	0xf3
 3495 008a 01       		.uleb128 0x1
 3496 008b 50       		.byte	0x50
 3497 008c 9F       		.byte	0x9f
 3498 008d 34000000 		.4byte	.LVL25
 3499 0091 36000000 		.4byte	.LVL26
 3500 0095 0100     		.2byte	0x1
 3501 0097 50       		.byte	0x50
 3502 0098 36000000 		.4byte	.LVL26
 3503 009c 50000000 		.4byte	.LVL31
 3504 00a0 0400     		.2byte	0x4
 3505 00a2 F3       		.byte	0xf3
 3506 00a3 01       		.uleb128 0x1
 3507 00a4 50       		.byte	0x50
 3508 00a5 9F       		.byte	0x9f
 3509 00a6 50000000 		.4byte	.LVL31
 3510 00aa 52000000 		.4byte	.LVL32
 3511 00ae 0100     		.2byte	0x1
 3512 00b0 50       		.byte	0x50
 3513 00b1 52000000 		.4byte	.LVL32
 3514 00b5 6C000000 		.4byte	.LVL37
 3515 00b9 0400     		.2byte	0x4
 3516 00bb F3       		.byte	0xf3
 3517 00bc 01       		.uleb128 0x1
 3518 00bd 50       		.byte	0x50
 3519 00be 9F       		.byte	0x9f
 3520 00bf 6C000000 		.4byte	.LVL37
 3521 00c3 6E000000 		.4byte	.LVL38
 3522 00c7 0100     		.2byte	0x1
 3523 00c9 50       		.byte	0x50
 3524 00ca 6E000000 		.4byte	.LVL38
 3525 00ce 88000000 		.4byte	.LVL43
 3526 00d2 0400     		.2byte	0x4
 3527 00d4 F3       		.byte	0xf3
 3528 00d5 01       		.uleb128 0x1
 3529 00d6 50       		.byte	0x50
 3530 00d7 9F       		.byte	0x9f
 3531 00d8 88000000 		.4byte	.LVL43
 3532 00dc 8A000000 		.4byte	.LVL44
 3533 00e0 0100     		.2byte	0x1
 3534 00e2 50       		.byte	0x50
 3535 00e3 8A000000 		.4byte	.LVL44
 3536 00e7 A4000000 		.4byte	.LVL49
 3537 00eb 0400     		.2byte	0x4
 3538 00ed F3       		.byte	0xf3
 3539 00ee 01       		.uleb128 0x1
 3540 00ef 50       		.byte	0x50
 3541 00f0 9F       		.byte	0x9f
 3542 00f1 A4000000 		.4byte	.LVL49
 3543 00f5 A6000000 		.4byte	.LVL50
 3544 00f9 0100     		.2byte	0x1
 3545 00fb 50       		.byte	0x50
 3546 00fc A6000000 		.4byte	.LVL50
 3547 0100 F2000000 		.4byte	.LVL57
ARM GAS  C:\Users\Lenovo\AppData\Local\Temp\ccHfIZ2m.s 			page 71


 3548 0104 0400     		.2byte	0x4
 3549 0106 F3       		.byte	0xf3
 3550 0107 01       		.uleb128 0x1
 3551 0108 50       		.byte	0x50
 3552 0109 9F       		.byte	0x9f
 3553 010a F2000000 		.4byte	.LVL57
 3554 010e F4000000 		.4byte	.LVL58
 3555 0112 0100     		.2byte	0x1
 3556 0114 50       		.byte	0x50
 3557 0115 F4000000 		.4byte	.LVL58
 3558 0119 AC010000 		.4byte	.LVL80
 3559 011d 0400     		.2byte	0x4
 3560 011f F3       		.byte	0xf3
 3561 0120 01       		.uleb128 0x1
 3562 0121 50       		.byte	0x50
 3563 0122 9F       		.byte	0x9f
 3564 0123 AC010000 		.4byte	.LVL80
 3565 0127 B0010000 		.4byte	.LVL82
 3566 012b 0100     		.2byte	0x1
 3567 012d 50       		.byte	0x50
 3568 012e B0010000 		.4byte	.LVL82
 3569 0132 B3010000 		.4byte	.LVL83-1
 3570 0136 0100     		.2byte	0x1
 3571 0138 51       		.byte	0x51
 3572 0139 B3010000 		.4byte	.LVL83-1
 3573 013d 20020000 		.4byte	.LFE37
 3574 0141 0400     		.2byte	0x4
 3575 0143 F3       		.byte	0xf3
 3576 0144 01       		.uleb128 0x1
 3577 0145 50       		.byte	0x50
 3578 0146 9F       		.byte	0x9f
 3579 0147 00000000 		.4byte	0
 3580 014b 00000000 		.4byte	0
 3581              	.LLST3:
 3582 014f 00000000 		.4byte	.LVL19
 3583 0153 1D000000 		.4byte	.LVL21-1
 3584 0157 0100     		.2byte	0x1
 3585 0159 51       		.byte	0x51
 3586 015a 1D000000 		.4byte	.LVL21-1
 3587 015e 34000000 		.4byte	.LVL25
 3588 0162 0100     		.2byte	0x1
 3589 0164 54       		.byte	0x54
 3590 0165 34000000 		.4byte	.LVL25
 3591 0169 39000000 		.4byte	.LVL27-1
 3592 016d 0100     		.2byte	0x1
 3593 016f 51       		.byte	0x51
 3594 0170 39000000 		.4byte	.LVL27-1
 3595 0174 50000000 		.4byte	.LVL31
 3596 0178 0100     		.2byte	0x1
 3597 017a 54       		.byte	0x54
 3598 017b 50000000 		.4byte	.LVL31
 3599 017f 55000000 		.4byte	.LVL33-1
 3600 0183 0100     		.2byte	0x1
 3601 0185 51       		.byte	0x51
 3602 0186 55000000 		.4byte	.LVL33-1
 3603 018a 6C000000 		.4byte	.LVL37
 3604 018e 0100     		.2byte	0x1
ARM GAS  C:\Users\Lenovo\AppData\Local\Temp\ccHfIZ2m.s 			page 72


 3605 0190 54       		.byte	0x54
 3606 0191 6C000000 		.4byte	.LVL37
 3607 0195 71000000 		.4byte	.LVL39-1
 3608 0199 0100     		.2byte	0x1
 3609 019b 51       		.byte	0x51
 3610 019c 71000000 		.4byte	.LVL39-1
 3611 01a0 88000000 		.4byte	.LVL43
 3612 01a4 0100     		.2byte	0x1
 3613 01a6 54       		.byte	0x54
 3614 01a7 88000000 		.4byte	.LVL43
 3615 01ab 8D000000 		.4byte	.LVL45-1
 3616 01af 0100     		.2byte	0x1
 3617 01b1 51       		.byte	0x51
 3618 01b2 8D000000 		.4byte	.LVL45-1
 3619 01b6 A4000000 		.4byte	.LVL49
 3620 01ba 0100     		.2byte	0x1
 3621 01bc 54       		.byte	0x54
 3622 01bd A4000000 		.4byte	.LVL49
 3623 01c1 A9000000 		.4byte	.LVL51-1
 3624 01c5 0100     		.2byte	0x1
 3625 01c7 51       		.byte	0x51
 3626 01c8 A9000000 		.4byte	.LVL51-1
 3627 01cc F2000000 		.4byte	.LVL57
 3628 01d0 0100     		.2byte	0x1
 3629 01d2 54       		.byte	0x54
 3630 01d3 F2000000 		.4byte	.LVL57
 3631 01d7 F7000000 		.4byte	.LVL59-1
 3632 01db 0100     		.2byte	0x1
 3633 01dd 51       		.byte	0x51
 3634 01de F7000000 		.4byte	.LVL59-1
 3635 01e2 AC010000 		.4byte	.LVL80
 3636 01e6 0100     		.2byte	0x1
 3637 01e8 54       		.byte	0x54
 3638 01e9 AC010000 		.4byte	.LVL80
 3639 01ed AE010000 		.4byte	.LVL81
 3640 01f1 0100     		.2byte	0x1
 3641 01f3 51       		.byte	0x51
 3642 01f4 AE010000 		.4byte	.LVL81
 3643 01f8 B4010000 		.4byte	.LVL84
 3644 01fc 0100     		.2byte	0x1
 3645 01fe 54       		.byte	0x54
 3646 01ff B4010000 		.4byte	.LVL84
 3647 0203 20020000 		.4byte	.LFE37
 3648 0207 0400     		.2byte	0x4
 3649 0209 F3       		.byte	0xf3
 3650 020a 01       		.uleb128 0x1
 3651 020b 51       		.byte	0x51
 3652 020c 9F       		.byte	0x9f
 3653 020d 00000000 		.4byte	0
 3654 0211 00000000 		.4byte	0
 3655              	.LLST4:
 3656 0215 A4000000 		.4byte	.LVL49
 3657 0219 A9000000 		.4byte	.LVL51-1
 3658 021d 0100     		.2byte	0x1
 3659 021f 51       		.byte	0x51
 3660 0220 A9000000 		.4byte	.LVL51-1
 3661 0224 F2000000 		.4byte	.LVL57
ARM GAS  C:\Users\Lenovo\AppData\Local\Temp\ccHfIZ2m.s 			page 73


 3662 0228 0100     		.2byte	0x1
 3663 022a 54       		.byte	0x54
 3664 022b 00000000 		.4byte	0
 3665 022f 00000000 		.4byte	0
 3666              	.LLST5:
 3667 0233 F2000000 		.4byte	.LVL57
 3668 0237 F7000000 		.4byte	.LVL59-1
 3669 023b 0100     		.2byte	0x1
 3670 023d 51       		.byte	0x51
 3671 023e F7000000 		.4byte	.LVL59-1
 3672 0242 AC010000 		.4byte	.LVL80
 3673 0246 0100     		.2byte	0x1
 3674 0248 54       		.byte	0x54
 3675 0249 00000000 		.4byte	0
 3676 024d 00000000 		.4byte	0
 3677              	.LLST6:
 3678 0251 58010000 		.4byte	.LVL68
 3679 0255 5C010000 		.4byte	.LVL69
 3680 0259 0200     		.2byte	0x2
 3681 025b 30       		.byte	0x30
 3682 025c 9F       		.byte	0x9f
 3683 025d 5C010000 		.4byte	.LVL69
 3684 0261 68010000 		.4byte	.LVL71
 3685 0265 0100     		.2byte	0x1
 3686 0267 55       		.byte	0x55
 3687 0268 6A010000 		.4byte	.LVL72
 3688 026c 7A010000 		.4byte	.LVL73
 3689 0270 0100     		.2byte	0x1
 3690 0272 55       		.byte	0x55
 3691 0273 7A010000 		.4byte	.LVL73
 3692 0277 7E010000 		.4byte	.LVL74
 3693 027b 0200     		.2byte	0x2
 3694 027d 30       		.byte	0x30
 3695 027e 9F       		.byte	0x9f
 3696 027f 7E010000 		.4byte	.LVL74
 3697 0283 8E010000 		.4byte	.LVL76
 3698 0287 0100     		.2byte	0x1
 3699 0289 55       		.byte	0x55
 3700 028a 90010000 		.4byte	.LVL77
 3701 028e A0010000 		.4byte	.LVL78
 3702 0292 0100     		.2byte	0x1
 3703 0294 55       		.byte	0x55
 3704 0295 00000000 		.4byte	0
 3705 0299 00000000 		.4byte	0
 3706              	.LLST7:
 3707 029d 2A000000 		.4byte	.LVL89
 3708 02a1 2E000000 		.4byte	.LVL90
 3709 02a5 0200     		.2byte	0x2
 3710 02a7 36       		.byte	0x36
 3711 02a8 9F       		.byte	0x9f
 3712 02a9 2E000000 		.4byte	.LVL90
 3713 02ad 32000000 		.4byte	.LVL91
 3714 02b1 0100     		.2byte	0x1
 3715 02b3 53       		.byte	0x53
 3716 02b4 3C000000 		.4byte	.LVL93
 3717 02b8 45000000 		.4byte	.LVL94-1
 3718 02bc 0100     		.2byte	0x1
ARM GAS  C:\Users\Lenovo\AppData\Local\Temp\ccHfIZ2m.s 			page 74


 3719 02be 53       		.byte	0x53
 3720 02bf 00000000 		.4byte	0
 3721 02c3 00000000 		.4byte	0
 3722              		.section	.debug_aranges,"",%progbits
 3723 0000 3C000000 		.4byte	0x3c
 3724 0004 0200     		.2byte	0x2
 3725 0006 00000000 		.4byte	.Ldebug_info0
 3726 000a 04       		.byte	0x4
 3727 000b 00       		.byte	0
 3728 000c 0000     		.2byte	0
 3729 000e 0000     		.2byte	0
 3730 0010 00000000 		.4byte	.LFB36
 3731 0014 10000000 		.4byte	.LFE36-.LFB36
 3732 0018 00000000 		.4byte	.LFB38
 3733 001c 34000000 		.4byte	.LFE38-.LFB38
 3734 0020 00000000 		.4byte	.LFB39
 3735 0024 68000000 		.4byte	.LFE39-.LFB39
 3736 0028 00000000 		.4byte	.LFB37
 3737 002c 20020000 		.4byte	.LFE37-.LFB37
 3738 0030 00000000 		.4byte	.LFB40
 3739 0034 64000000 		.4byte	.LFE40-.LFB40
 3740 0038 00000000 		.4byte	0
 3741 003c 00000000 		.4byte	0
 3742              		.section	.debug_ranges,"",%progbits
 3743              	.Ldebug_ranges0:
 3744 0000 00000000 		.4byte	.LFB36
 3745 0004 10000000 		.4byte	.LFE36
 3746 0008 00000000 		.4byte	.LFB38
 3747 000c 34000000 		.4byte	.LFE38
 3748 0010 00000000 		.4byte	.LFB39
 3749 0014 68000000 		.4byte	.LFE39
 3750 0018 00000000 		.4byte	.LFB37
 3751 001c 20020000 		.4byte	.LFE37
 3752 0020 00000000 		.4byte	.LFB40
 3753 0024 64000000 		.4byte	.LFE40
 3754 0028 00000000 		.4byte	0
 3755 002c 00000000 		.4byte	0
 3756              		.section	.debug_line,"",%progbits
 3757              	.Ldebug_line0:
 3758 0000 50020000 		.section	.debug_str,"MS",%progbits,1
 3758      02002E01 
 3758      00000201 
 3758      FB0E0D00 
 3758      01010101 
 3759              	.LASF138:
 3760 0000 4359424C 		.ascii	"CYBLE_EVT_GATTC_INCL_DISCOVERY_COMPLETE\000"
 3760      455F4556 
 3760      545F4741 
 3760      5454435F 
 3760      494E434C 
 3761              	.LASF341:
 3762 0028 4359424C 		.ascii	"CYBLE_EVT_PASSC_READ_CHAR_RESPONSE\000"
 3762      455F4556 
 3762      545F5041 
 3762      5353435F 
 3762      52454144 
 3763              	.LASF221:
ARM GAS  C:\Users\Lenovo\AppData\Local\Temp\ccHfIZ2m.s 			page 75


 3764 004b 4359424C 		.ascii	"CYBLE_EVT_CPSC_READ_CHAR_RESPONSE\000"
 3764      455F4556 
 3764      545F4350 
 3764      53435F52 
 3764      4541445F 
 3765              	.LASF137:
 3766 006d 4359424C 		.ascii	"CYBLE_EVT_GATTC_SRVC_DISCOVERY_COMPLETE\000"
 3766      455F4556 
 3766      545F4741 
 3766      5454435F 
 3766      53525643 
 3767              	.LASF147:
 3768 0095 4359424C 		.ascii	"CYBLE_EVT_AIOSS_CHAR_WRITE\000"
 3768      455F4556 
 3768      545F4149 
 3768      4F53535F 
 3768      43484152 
 3769              	.LASF248:
 3770 00b0 4359424C 		.ascii	"CYBLE_EVT_ESSS_NOTIFICATION_DISABLED\000"
 3770      455F4556 
 3770      545F4553 
 3770      53535F4E 
 3770      4F544946 
 3771              	.LASF186:
 3772 00d5 4359424C 		.ascii	"CYBLE_EVT_BLSS_INDICATION_DISABLED\000"
 3772      455F4556 
 3772      545F424C 
 3772      53535F49 
 3772      4E444943 
 3773              	.LASF94:
 3774 00f8 4359424C 		.ascii	"CYBLE_GATT_ERR_CODE_T\000"
 3774      455F4741 
 3774      54545F45 
 3774      52525F43 
 3774      4F44455F 
 3775              	.LASF379:
 3776 010e 4359424C 		.ascii	"CYBLE_EVT_TPSC_NOTIFICATION\000"
 3776      455F4556 
 3776      545F5450 
 3776      53435F4E 
 3776      4F544946 
 3777              	.LASF306:
 3778 012a 4359424C 		.ascii	"CYBLE_EVT_HTSC_NOTIFICATION\000"
 3778      455F4556 
 3778      545F4854 
 3778      53435F4E 
 3778      4F544946 
 3779              	.LASF214:
 3780 0146 4359424C 		.ascii	"CYBLE_EVT_CPSS_INDICATION_DISABLED\000"
 3780      455F4556 
 3780      545F4350 
 3780      53535F49 
 3780      4E444943 
 3781              	.LASF406:
 3782 0169 4359424C 		.ascii	"CYBLE_EVT_WPTSC_READ_CHAR_RESPONSE\000"
 3782      455F4556 
 3782      545F5750 
ARM GAS  C:\Users\Lenovo\AppData\Local\Temp\ccHfIZ2m.s 			page 76


 3782      5453435F 
 3782      52454144 
 3783              	.LASF264:
 3784 018c 4359424C 		.ascii	"CYBLE_EVT_GLSS_NOTIFICATION_DISABLED\000"
 3784      455F4556 
 3784      545F474C 
 3784      53535F4E 
 3784      4F544946 
 3785              	.LASF140:
 3786 01b1 4359424C 		.ascii	"CYBLE_EVT_GATTC_DISC_SKIPPED_SERVICE\000"
 3786      455F4556 
 3786      545F4741 
 3786      5454435F 
 3786      44495343 
 3787              	.LASF321:
 3788 01d6 4359424C 		.ascii	"CYBLE_EVT_LLSS_WRITE_CHAR_REQ\000"
 3788      455F4556 
 3788      545F4C4C 
 3788      53535F57 
 3788      52495445 
 3789              	.LASF364:
 3790 01f4 4359424C 		.ascii	"CYBLE_EVT_RSCSC_INDICATION\000"
 3790      455F4556 
 3790      545F5253 
 3790      4353435F 
 3790      494E4449 
 3791              	.LASF215:
 3792 020f 4359424C 		.ascii	"CYBLE_EVT_CPSS_INDICATION_CONFIRMED\000"
 3792      455F4556 
 3792      545F4350 
 3792      53535F49 
 3792      4E444943 
 3793              	.LASF141:
 3794 0233 4359424C 		.ascii	"CYBLE_EVT_GATTC_DISCOVERY_COMPLETE\000"
 3794      455F4556 
 3794      545F4741 
 3794      5454435F 
 3794      44495343 
 3795              	.LASF131:
 3796 0256 4359424C 		.ascii	"CYBLE_EVT_GATTC_INCL_DISCOVERY_FAILED\000"
 3796      455F4556 
 3796      545F4741 
 3796      5454435F 
 3796      494E434C 
 3797              	.LASF403:
 3798 027c 4359424C 		.ascii	"CYBLE_EVT_WPTSC_NOTIFICATION\000"
 3798      455F4556 
 3798      545F5750 
 3798      5453435F 
 3798      4E4F5449 
 3799              	.LASF134:
 3800 0299 4359424C 		.ascii	"CYBLE_EVT_GATTC_SRVC_DUPLICATION\000"
 3800      455F4556 
 3800      545F4741 
 3800      5454435F 
 3800      53525643 
 3801              	.LASF114:
ARM GAS  C:\Users\Lenovo\AppData\Local\Temp\ccHfIZ2m.s 			page 77


 3802 02ba 4359424C 		.ascii	"CYBLE_AIOS_DESCR_INDEX_T\000"
 3802      455F4149 
 3802      4F535F44 
 3802      45534352 
 3802      5F494E44 
 3803              	.LASF26:
 3804 02d3 4359424C 		.ascii	"CYBLE_ERROR_GAP_ROLE\000"
 3804      455F4552 
 3804      524F525F 
 3804      4741505F 
 3804      524F4C45 
 3805              	.LASF258:
 3806 02e8 4359424C 		.ascii	"CYBLE_EVT_ESSC_READ_DESCR_RESPONSE\000"
 3806      455F4556 
 3806      545F4553 
 3806      53435F52 
 3806      4541445F 
 3807              	.LASF60:
 3808 030b 4359424C 		.ascii	"CYBLE_GATT_ERR_INSUFFICIENT_AUTHENTICATION\000"
 3808      455F4741 
 3808      54545F45 
 3808      52525F49 
 3808      4E535546 
 3809              	.LASF274:
 3810 0336 4359424C 		.ascii	"CYBLE_EVT_HIDSS_BOOT_MODE_ENTER\000"
 3810      455F4556 
 3810      545F4849 
 3810      4453535F 
 3810      424F4F54 
 3811              	.LASF423:
 3812 0356 6C6F6343 		.ascii	"locCharValue\000"
 3812      68617256 
 3812      616C7565 
 3812      00
 3813              	.LASF422:
 3814 0363 6576656E 		.ascii	"eventParam\000"
 3814      74506172 
 3814      616D00
 3815              	.LASF155:
 3816 036e 4359424C 		.ascii	"CYBLE_EVT_AIOSC_ERROR_RESPONSE\000"
 3816      455F4556 
 3816      545F4149 
 3816      4F53435F 
 3816      4552524F 
 3817              	.LASF175:
 3818 038d 4359424C 		.ascii	"CYBLE_EVT_BASC_READ_CHAR_RESPONSE\000"
 3818      455F4556 
 3818      545F4241 
 3818      53435F52 
 3818      4541445F 
 3819              	.LASF179:
 3820 03af 4359424C 		.ascii	"CYBLE_EVT_BCSS_INDICATION_DISABLED\000"
 3820      455F4556 
 3820      545F4243 
 3820      53535F49 
 3820      4E444943 
 3821              	.LASF394:
ARM GAS  C:\Users\Lenovo\AppData\Local\Temp\ccHfIZ2m.s 			page 78


 3822 03d2 4359424C 		.ascii	"CYBLE_EVT_UDSC_READ_DESCR_RESPONSE\000"
 3822      455F4556 
 3822      545F5544 
 3822      53435F52 
 3822      4541445F 
 3823              	.LASF429:
 3824 03f5 4379426C 		.ascii	"CyBle_Get16ByPtr\000"
 3824      655F4765 
 3824      74313642 
 3824      79507472 
 3824      00
 3825              	.LASF40:
 3826 0406 4359424C 		.ascii	"CYBLE_ERROR_HARDWARE_FAILURE\000"
 3826      455F4552 
 3826      524F525F 
 3826      48415244 
 3826      57415245 
 3827              	.LASF97:
 3828 0423 4359424C 		.ascii	"CYBLE_CONN_HANDLE_T\000"
 3828      455F434F 
 3828      4E4E5F48 
 3828      414E444C 
 3828      455F5400 
 3829              	.LASF329:
 3830 0437 4359424C 		.ascii	"CYBLE_EVT_LNSS_WRITE_CHAR\000"
 3830      455F4556 
 3830      545F4C4E 
 3830      53535F57 
 3830      52495445 
 3831              	.LASF19:
 3832 0451 4359424C 		.ascii	"CYBLE_ERROR_INVALID_OPERATION\000"
 3832      455F4552 
 3832      524F525F 
 3832      494E5641 
 3832      4C49445F 
 3833              	.LASF322:
 3834 046f 4359424C 		.ascii	"CYBLE_EVT_LLSC_READ_CHAR_RESPONSE\000"
 3834      455F4556 
 3834      545F4C4C 
 3834      53435F52 
 3834      4541445F 
 3835              	.LASF396:
 3836 0491 4359424C 		.ascii	"CYBLE_EVT_UDSC_ERROR_RESPONSE\000"
 3836      455F4556 
 3836      545F5544 
 3836      53435F45 
 3836      52524F52 
 3837              	.LASF253:
 3838 04af 4359424C 		.ascii	"CYBLE_EVT_ESSS_DESCR_WRITE\000"
 3838      455F4556 
 3838      545F4553 
 3838      53535F44 
 3838      45534352 
 3839              	.LASF267:
 3840 04ca 4359424C 		.ascii	"CYBLE_EVT_GLSC_NOTIFICATION\000"
 3840      455F4556 
 3840      545F474C 
ARM GAS  C:\Users\Lenovo\AppData\Local\Temp\ccHfIZ2m.s 			page 79


 3840      53435F4E 
 3840      4F544946 
 3841              	.LASF354:
 3842 04e6 4359424C 		.ascii	"CYBLE_EVT_PLXSC_READ_DESCR_RESPONSE\000"
 3842      455F4556 
 3842      545F504C 
 3842      5853435F 
 3842      52454144 
 3843              	.LASF206:
 3844 050a 4359424C 		.ascii	"CYBLE_EVT_CGMSC_NOTIFICATION\000"
 3844      455F4556 
 3844      545F4347 
 3844      4D53435F 
 3844      4E4F5449 
 3845              	.LASF158:
 3846 0527 4359424C 		.ascii	"CYBLE_EVT_ANCSS_WRITE_CHAR\000"
 3846      455F4556 
 3846      545F414E 
 3846      4353535F 
 3846      57524954 
 3847              	.LASF419:
 3848 0542 5072696E 		.ascii	"PrintDescriptor\000"
 3848      74446573 
 3848      63726970 
 3848      746F7200 
 3849              	.LASF243:
 3850 0552 4359424C 		.ascii	"CYBLE_EVT_CTSC_READ_DESCR_RESPONSE\000"
 3850      455F4556 
 3850      545F4354 
 3850      53435F52 
 3850      4541445F 
 3851              	.LASF24:
 3852 0575 4359424C 		.ascii	"CYBLE_ERROR_NO_DEVICE_ENTITY\000"
 3852      455F4552 
 3852      524F525F 
 3852      4E4F5F44 
 3852      45564943 
 3853              	.LASF404:
 3854 0592 4359424C 		.ascii	"CYBLE_EVT_WPTSC_INDICATION\000"
 3854      455F4556 
 3854      545F5750 
 3854      5453435F 
 3854      494E4449 
 3855              	.LASF280:
 3856 05ad 4359424C 		.ascii	"CYBLE_EVT_HIDSC_READ_CHAR_RESPONSE\000"
 3856      455F4556 
 3856      545F4849 
 3856      4453435F 
 3856      52454144 
 3857              	.LASF390:
 3858 05d0 4359424C 		.ascii	"CYBLE_EVT_UDSC_INDICATION\000"
 3858      455F4556 
 3858      545F5544 
 3858      53435F49 
 3858      4E444943 
 3859              	.LASF190:
 3860 05ea 4359424C 		.ascii	"CYBLE_EVT_BLSC_INDICATION\000"
ARM GAS  C:\Users\Lenovo\AppData\Local\Temp\ccHfIZ2m.s 			page 80


 3860      455F4556 
 3860      545F424C 
 3860      53435F49 
 3860      4E444943 
 3861              	.LASF106:
 3862 0604 4359424C 		.ascii	"CYBLE_AIOS_CHAR_PRESENTATION_FORMAT\000"
 3862      455F4149 
 3862      4F535F43 
 3862      4841525F 
 3862      50524553 
 3863              	.LASF154:
 3864 0628 4359424C 		.ascii	"CYBLE_EVT_AIOSC_WRITE_DESCR_RESPONSE\000"
 3864      455F4556 
 3864      545F4149 
 3864      4F53435F 
 3864      57524954 
 3865              	.LASF49:
 3866 064d 4359424C 		.ascii	"CYBLE_ERROR_INVALID_STATE\000"
 3866      455F4552 
 3866      524F525F 
 3866      494E5641 
 3866      4C49445F 
 3867              	.LASF43:
 3868 0667 4359424C 		.ascii	"CYBLE_ERROR_LL_SAME_TRANSACTION_COLLISION\000"
 3868      455F4552 
 3868      524F525F 
 3868      4C4C5F53 
 3868      414D455F 
 3869              	.LASF226:
 3870 0691 4359424C 		.ascii	"CYBLE_EVT_CSCSS_NOTIFICATION_ENABLED\000"
 3870      455F4556 
 3870      545F4353 
 3870      4353535F 
 3870      4E4F5449 
 3871              	.LASF365:
 3872 06b6 4359424C 		.ascii	"CYBLE_EVT_RSCSC_READ_CHAR_RESPONSE\000"
 3872      455F4556 
 3872      545F5253 
 3872      4353435F 
 3872      52454144 
 3873              	.LASF327:
 3874 06d9 4359424C 		.ascii	"CYBLE_EVT_LNSS_NOTIFICATION_ENABLED\000"
 3874      455F4556 
 3874      545F4C4E 
 3874      53535F4E 
 3874      4F544946 
 3875              	.LASF2:
 3876 06fd 73686F72 		.ascii	"short int\000"
 3876      7420696E 
 3876      7400
 3877              	.LASF392:
 3878 0707 4359424C 		.ascii	"CYBLE_EVT_UDSC_READ_CHAR_RESPONSE\000"
 3878      455F4556 
 3878      545F5544 
 3878      53435F52 
 3878      4541445F 
 3879              	.LASF312:
ARM GAS  C:\Users\Lenovo\AppData\Local\Temp\ccHfIZ2m.s 			page 81


 3880 0729 4359424C 		.ascii	"CYBLE_EVT_IASS_WRITE_CHAR_CMD\000"
 3880      455F4556 
 3880      545F4941 
 3880      53535F57 
 3880      52495445 
 3881              	.LASF100:
 3882 0747 4359424C 		.ascii	"CYBLE_AIOS_DIGITAL\000"
 3882      455F4149 
 3882      4F535F44 
 3882      49474954 
 3882      414C00
 3883              	.LASF77:
 3884 075a 4359424C 		.ascii	"CYBLE_GATT_ERR_HTS_OUT_OF_RANGE\000"
 3884      455F4741 
 3884      54545F45 
 3884      52525F48 
 3884      54535F4F 
 3885              	.LASF92:
 3886 077a 4359424C 		.ascii	"CYBLE_GATT_ERR_PROCEDURE_ALREADY_IN_PROGRESS\000"
 3886      455F4741 
 3886      54545F45 
 3886      52525F50 
 3886      524F4345 
 3887              	.LASF431:
 3888 07a7 70757463 		.ascii	"putchar\000"
 3888      68617200 
 3889              	.LASF380:
 3890 07af 4359424C 		.ascii	"CYBLE_EVT_TPSC_READ_CHAR_RESPONSE\000"
 3890      455F4556 
 3890      545F5450 
 3890      53435F52 
 3890      4541445F 
 3891              	.LASF238:
 3892 07d1 4359424C 		.ascii	"CYBLE_EVT_CTSS_NOTIFICATION_ENABLED\000"
 3892      455F4556 
 3892      545F4354 
 3892      53535F4E 
 3892      4F544946 
 3893              	.LASF393:
 3894 07f5 4359424C 		.ascii	"CYBLE_EVT_UDSC_WRITE_CHAR_RESPONSE\000"
 3894      455F4556 
 3894      545F5544 
 3894      53435F57 
 3894      52495445 
 3895              	.LASF217:
 3896 0818 4359424C 		.ascii	"CYBLE_EVT_CPSS_BROADCAST_DISABLED\000"
 3896      455F4556 
 3896      545F4350 
 3896      53535F42 
 3896      524F4144 
 3897              	.LASF230:
 3898 083a 4359424C 		.ascii	"CYBLE_EVT_CSCSS_INDICATION_CONFIRMATION\000"
 3898      455F4556 
 3898      545F4353 
 3898      4353535F 
 3898      494E4449 
 3899              	.LASF266:
ARM GAS  C:\Users\Lenovo\AppData\Local\Temp\ccHfIZ2m.s 			page 82


 3900 0862 4359424C 		.ascii	"CYBLE_EVT_GLSC_INDICATION\000"
 3900      455F4556 
 3900      545F474C 
 3900      53435F49 
 3900      4E444943 
 3901              	.LASF301:
 3902 087c 4359424C 		.ascii	"CYBLE_EVT_HTSS_NOTIFICATION_DISABLED\000"
 3902      455F4556 
 3902      545F4854 
 3902      53535F4E 
 3902      4F544946 
 3903              	.LASF231:
 3904 08a1 4359424C 		.ascii	"CYBLE_EVT_CSCSS_CHAR_WRITE\000"
 3904      455F4556 
 3904      545F4353 
 3904      4353535F 
 3904      43484152 
 3905              	.LASF123:
 3906 08bc 4359424C 		.ascii	"CYBLE_AUTHENTICATION_REQUEST_REPLY\000"
 3906      455F4155 
 3906      5448454E 
 3906      54494341 
 3906      54494F4E 
 3907              	.LASF260:
 3908 08df 4359424C 		.ascii	"CYBLE_EVT_GLSS_INDICATION_ENABLED\000"
 3908      455F4556 
 3908      545F474C 
 3908      53535F49 
 3908      4E444943 
 3909              	.LASF413:
 3910 0901 4359424C 		.ascii	"CYBLE_EVT_WSSC_READ_CHAR_RESPONSE\000"
 3910      455F4556 
 3910      545F5753 
 3910      53435F52 
 3910      4541445F 
 3911              	.LASF344:
 3912 0923 4359424C 		.ascii	"CYBLE_EVT_PLXSS_WRITE_CHAR\000"
 3912      455F4556 
 3912      545F504C 
 3912      5853535F 
 3912      57524954 
 3913              	.LASF368:
 3914 093e 4359424C 		.ascii	"CYBLE_EVT_RSCSC_WRITE_DESCR_RESPONSE\000"
 3914      455F4556 
 3914      545F5253 
 3914      4353435F 
 3914      57524954 
 3915              	.LASF435:
 3916 0963 5072696E 		.ascii	"PrintApiResult\000"
 3916      74417069 
 3916      52657375 
 3916      6C7400
 3917              	.LASF55:
 3918 0972 4359424C 		.ascii	"CYBLE_GATT_ERR_NONE\000"
 3918      455F4741 
 3918      54545F45 
 3918      52525F4E 
ARM GAS  C:\Users\Lenovo\AppData\Local\Temp\ccHfIZ2m.s 			page 83


 3918      4F4E4500 
 3919              	.LASF245:
 3920 0986 4359424C 		.ascii	"CYBLE_EVT_CTSC_WRITE_CHAR_RESPONSE\000"
 3920      455F4556 
 3920      545F4354 
 3920      53435F57 
 3920      52495445 
 3921              	.LASF239:
 3922 09a9 4359424C 		.ascii	"CYBLE_EVT_CTSS_NOTIFICATION_DISABLED\000"
 3922      455F4556 
 3922      545F4354 
 3922      53535F4E 
 3922      4F544946 
 3923              	.LASF326:
 3924 09ce 4359424C 		.ascii	"CYBLE_EVT_LNSS_INDICATION_CONFIRMED\000"
 3924      455F4556 
 3924      545F4C4E 
 3924      53535F49 
 3924      4E444943 
 3925              	.LASF381:
 3926 09f2 4359424C 		.ascii	"CYBLE_EVT_TPSC_READ_DESCR_RESPONSE\000"
 3926      455F4556 
 3926      545F5450 
 3926      53435F52 
 3926      4541445F 
 3927              	.LASF373:
 3928 0a15 4359424C 		.ascii	"CYBLE_EVT_SCPSS_SCAN_INT_WIN_CHAR_WRITE\000"
 3928      455F4556 
 3928      545F5343 
 3928      5053535F 
 3928      5343414E 
 3929              	.LASF34:
 3930 0a3d 4359424C 		.ascii	"CYBLE_ERROR_L2CAP_CHANNEL_NOT_FOUND\000"
 3930      455F4552 
 3930      524F525F 
 3930      4C324341 
 3930      505F4348 
 3931              	.LASF171:
 3932 0a61 4359424C 		.ascii	"CYBLE_EVT_ANSC_WRITE_DESCR_RESPONSE\000"
 3932      455F4556 
 3932      545F414E 
 3932      53435F57 
 3932      52495445 
 3933              	.LASF352:
 3934 0a85 4359424C 		.ascii	"CYBLE_EVT_PLXSC_READ_CHAR_RESPONSE\000"
 3934      455F4556 
 3934      545F504C 
 3934      5853435F 
 3934      52454144 
 3935              	.LASF81:
 3936 0aa8 4359424C 		.ascii	"CYBLE_GATTS_ERR_CCCD_IMPROPERLY_CONFIGURED\000"
 3936      455F4741 
 3936      5454535F 
 3936      4552525F 
 3936      43434344 
 3937              	.LASF12:
 3938 0ad3 666C6F61 		.ascii	"float\000"
ARM GAS  C:\Users\Lenovo\AppData\Local\Temp\ccHfIZ2m.s 			page 84


 3938      7400
 3939              	.LASF421:
 3940 0ad9 6576656E 		.ascii	"event\000"
 3940      7400
 3941              	.LASF328:
 3942 0adf 4359424C 		.ascii	"CYBLE_EVT_LNSS_NOTIFICATION_DISABLED\000"
 3942      455F4556 
 3942      545F4C4E 
 3942      53535F4E 
 3942      4F544946 
 3943              	.LASF145:
 3944 0b04 4359424C 		.ascii	"CYBLE_EVT_AIOSS_INDICATION_DISABLED\000"
 3944      455F4556 
 3944      545F4149 
 3944      4F53535F 
 3944      494E4449 
 3945              	.LASF148:
 3946 0b28 4359424C 		.ascii	"CYBLE_EVT_AIOSS_DESCR_WRITE\000"
 3946      455F4556 
 3946      545F4149 
 3946      4F53535F 
 3946      44455343 
 3947              	.LASF192:
 3948 0b44 4359424C 		.ascii	"CYBLE_EVT_BLSC_READ_CHAR_RESPONSE\000"
 3948      455F4556 
 3948      545F424C 
 3948      53435F52 
 3948      4541445F 
 3949              	.LASF28:
 3950 0b66 4359424C 		.ascii	"CYBLE_ERROR_BT_ON_NOT_COMPLETED\000"
 3950      455F4552 
 3950      524F525F 
 3950      42545F4F 
 3950      4E5F4E4F 
 3951              	.LASF181:
 3952 0b86 4359424C 		.ascii	"CYBLE_EVT_BCSC_INDICATION\000"
 3952      455F4556 
 3952      545F4243 
 3952      53435F49 
 3952      4E444943 
 3953              	.LASF277:
 3954 0ba0 4359424C 		.ascii	"CYBLE_EVT_HIDSS_EXIT_SUSPEND\000"
 3954      455F4556 
 3954      545F4849 
 3954      4453535F 
 3954      45584954 
 3955              	.LASF109:
 3956 0bbd 4359424C 		.ascii	"CYBLE_AIOS_VALUE_TRIGGER_SETTINGS\000"
 3956      455F4149 
 3956      4F535F56 
 3956      414C5545 
 3956      5F545249 
 3957              	.LASF234:
 3958 0bdf 4359424C 		.ascii	"CYBLE_EVT_CSCSC_READ_CHAR_RESPONSE\000"
 3958      455F4556 
 3958      545F4353 
 3958      4353435F 
ARM GAS  C:\Users\Lenovo\AppData\Local\Temp\ccHfIZ2m.s 			page 85


 3958      52454144 
 3959              	.LASF236:
 3960 0c02 4359424C 		.ascii	"CYBLE_EVT_CSCSC_READ_DESCR_RESPONSE\000"
 3960      455F4556 
 3960      545F4353 
 3960      4353435F 
 3960      52454144 
 3961              	.LASF168:
 3962 0c26 4359424C 		.ascii	"CYBLE_EVT_ANSC_READ_CHAR_RESPONSE\000"
 3962      455F4556 
 3962      545F414E 
 3962      53435F52 
 3962      4541445F 
 3963              	.LASF200:
 3964 0c48 4359424C 		.ascii	"CYBLE_EVT_CGMSS_INDICATION_DISABLED\000"
 3964      455F4556 
 3964      545F4347 
 3964      4D53535F 
 3964      494E4449 
 3965              	.LASF7:
 3966 0c6c 6C6F6E67 		.ascii	"long long unsigned int\000"
 3966      206C6F6E 
 3966      6720756E 
 3966      7369676E 
 3966      65642069 
 3967              	.LASF150:
 3968 0c83 4359424C 		.ascii	"CYBLE_EVT_AIOSC_INDICATION\000"
 3968      455F4556 
 3968      545F4149 
 3968      4F53435F 
 3968      494E4449 
 3969              	.LASF257:
 3970 0c9e 4359424C 		.ascii	"CYBLE_EVT_ESSC_WRITE_CHAR_RESPONSE\000"
 3970      455F4556 
 3970      545F4553 
 3970      53435F57 
 3970      52495445 
 3971              	.LASF261:
 3972 0cc1 4359424C 		.ascii	"CYBLE_EVT_GLSS_INDICATION_DISABLED\000"
 3972      455F4556 
 3972      545F474C 
 3972      53535F49 
 3972      4E444943 
 3973              	.LASF339:
 3974 0ce4 4359424C 		.ascii	"CYBLE_EVT_PASSS_WRITE_CHAR\000"
 3974      455F4556 
 3974      545F5041 
 3974      5353535F 
 3974      57524954 
 3975              	.LASF76:
 3976 0cff 4359424C 		.ascii	"CYBLE_GATT_ERR_CPS_INAPPROPRIATE_CONNECTION_PARAMET"
 3976      455F4741 
 3976      54545F45 
 3976      52525F43 
 3976      50535F49 
 3977 0d32 45525300 		.ascii	"ERS\000"
 3978              	.LASF202:
ARM GAS  C:\Users\Lenovo\AppData\Local\Temp\ccHfIZ2m.s 			page 86


 3979 0d36 4359424C 		.ascii	"CYBLE_EVT_CGMSS_NOTIFICATION_ENABLED\000"
 3979      455F4556 
 3979      545F4347 
 3979      4D53535F 
 3979      4E4F5449 
 3980              	.LASF424:
 3981 0d5b 6C6F6344 		.ascii	"locDescrValue\000"
 3981      65736372 
 3981      56616C75 
 3981      6500
 3982              	.LASF414:
 3983 0d69 4359424C 		.ascii	"CYBLE_EVT_WSSC_READ_DESCR_RESPONSE\000"
 3983      455F4556 
 3983      545F5753 
 3983      53435F52 
 3983      4541445F 
 3984              	.LASF173:
 3985 0d8c 4359424C 		.ascii	"CYBLE_EVT_BASS_NOTIFICATION_DISABLED\000"
 3985      455F4556 
 3985      545F4241 
 3985      53535F4E 
 3985      4F544946 
 3986              	.LASF411:
 3987 0db1 4359424C 		.ascii	"CYBLE_EVT_WSSS_INDICATION_CONFIRMED\000"
 3987      455F4556 
 3987      545F5753 
 3987      53535F49 
 3987      4E444943 
 3988              	.LASF317:
 3989 0dd5 4359424C 		.ascii	"CYBLE_EVT_IPSC_READ_DESCR_RESPONSE\000"
 3989      455F4556 
 3989      545F4950 
 3989      53435F52 
 3989      4541445F 
 3990              	.LASF338:
 3991 0df8 4359424C 		.ascii	"CYBLE_EVT_PASSS_NOTIFICATION_DISABLED\000"
 3991      455F4556 
 3991      545F5041 
 3991      5353535F 
 3991      4E4F5449 
 3992              	.LASF189:
 3993 0e1e 4359424C 		.ascii	"CYBLE_EVT_BLSS_NOTIFICATION_DISABLED\000"
 3993      455F4556 
 3993      545F424C 
 3993      53535F4E 
 3993      4F544946 
 3994              	.LASF68:
 3995 0e43 4359424C 		.ascii	"CYBLE_GATT_ERR_INVALID_ATTRIBUTE_LEN\000"
 3995      455F4741 
 3995      54545F45 
 3995      52525F49 
 3995      4E56414C 
 3996              	.LASF178:
 3997 0e68 4359424C 		.ascii	"CYBLE_EVT_BCSS_INDICATION_ENABLED\000"
 3997      455F4556 
 3997      545F4243 
 3997      53535F49 
ARM GAS  C:\Users\Lenovo\AppData\Local\Temp\ccHfIZ2m.s 			page 87


 3997      4E444943 
 3998              	.LASF136:
 3999 0e8a 4359424C 		.ascii	"CYBLE_EVT_GATTC_DESCR_DUPLICATION\000"
 3999      455F4556 
 3999      545F4741 
 3999      5454435F 
 3999      44455343 
 4000              	.LASF58:
 4001 0eac 4359424C 		.ascii	"CYBLE_GATT_ERR_WRITE_NOT_PERMITTED\000"
 4001      455F4741 
 4001      54545F45 
 4001      52525F57 
 4001      52495445 
 4002              	.LASF69:
 4003 0ecf 4359424C 		.ascii	"CYBLE_GATT_ERR_UNLIKELY_ERROR\000"
 4003      455F4741 
 4003      54545F45 
 4003      52525F55 
 4003      4E4C494B 
 4004              	.LASF96:
 4005 0eed 61747449 		.ascii	"attId\000"
 4005      6400
 4006              	.LASF356:
 4007 0ef3 4359424C 		.ascii	"CYBLE_EVT_PLXSC_TIMEOUT\000"
 4007      455F4556 
 4007      545F504C 
 4007      5853435F 
 4007      54494D45 
 4008              	.LASF308:
 4009 0f0b 4359424C 		.ascii	"CYBLE_EVT_HTSC_READ_CHAR_RESPONSE\000"
 4009      455F4556 
 4009      545F4854 
 4009      53435F52 
 4009      4541445F 
 4010              	.LASF311:
 4011 0f2d 4359424C 		.ascii	"CYBLE_EVT_HTSC_WRITE_DESCR_RESPONSE\000"
 4011      455F4556 
 4011      545F4854 
 4011      53435F57 
 4011      52495445 
 4012              	.LASF353:
 4013 0f51 4359424C 		.ascii	"CYBLE_EVT_PLXSC_WRITE_CHAR_RESPONSE\000"
 4013      455F4556 
 4013      545F504C 
 4013      5853435F 
 4013      57524954 
 4014              	.LASF164:
 4015 0f75 4359424C 		.ascii	"CYBLE_EVT_ANSS_NOTIFICATION_ENABLED\000"
 4015      455F4556 
 4015      545F414E 
 4015      53535F4E 
 4015      4F544946 
 4016              	.LASF119:
 4017 0f99 67617474 		.ascii	"gattErrorCode\000"
 4017      4572726F 
 4017      72436F64 
 4017      6500
ARM GAS  C:\Users\Lenovo\AppData\Local\Temp\ccHfIZ2m.s 			page 88


 4018              	.LASF122:
 4019 0fa7 4359424C 		.ascii	"CYBLE_AIOS_DESCR_VALUE_T\000"
 4019      455F4149 
 4019      4F535F44 
 4019      45534352 
 4019      5F56414C 
 4020              	.LASF142:
 4021 0fc0 4359424C 		.ascii	"CYBLE_EVT_AIOSS_NOTIFICATION_ENABLED\000"
 4021      455F4556 
 4021      545F4149 
 4021      4F53535F 
 4021      4E4F5449 
 4022              	.LASF157:
 4023 0fe5 4359424C 		.ascii	"CYBLE_EVT_ANCSS_NOTIFICATION_DISABLED\000"
 4023      455F4556 
 4023      545F414E 
 4023      4353535F 
 4023      4E4F5449 
 4024              	.LASF438:
 4025 100b 474E5520 		.ascii	"GNU C11 5.4.1 20160609 (release) [ARM/embedded-5-br"
 4025      43313120 
 4025      352E342E 
 4025      31203230 
 4025      31363036 
 4026 103e 616E6368 		.ascii	"anch revision 237715] -mcpu=cortex-m0 -mthumb -g -O"
 4026      20726576 
 4026      6973696F 
 4026      6E203233 
 4026      37373135 
 4027 1071 67202D66 		.ascii	"g -ffunction-sections -ffat-lto-objects\000"
 4027      66756E63 
 4027      74696F6E 
 4027      2D736563 
 4027      74696F6E 
 4028              	.LASF233:
 4029 1099 4359424C 		.ascii	"CYBLE_EVT_CSCSC_INDICATION\000"
 4029      455F4556 
 4029      545F4353 
 4029      4353435F 
 4029      494E4449 
 4030              	.LASF367:
 4031 10b4 4359424C 		.ascii	"CYBLE_EVT_RSCSC_READ_DESCR_RESPONSE\000"
 4031      455F4556 
 4031      545F5253 
 4031      4353435F 
 4031      52454144 
 4032              	.LASF282:
 4033 10d8 4359424C 		.ascii	"CYBLE_EVT_HIDSC_READ_DESCR_RESPONSE\000"
 4033      455F4556 
 4033      545F4849 
 4033      4453435F 
 4033      52454144 
 4034              	.LASF133:
 4035 10fc 4359424C 		.ascii	"CYBLE_EVT_GATTC_DESCR_DISCOVERY_FAILED\000"
 4035      455F4556 
 4035      545F4741 
 4035      5454435F 
ARM GAS  C:\Users\Lenovo\AppData\Local\Temp\ccHfIZ2m.s 			page 89


 4035      44455343 
 4036              	.LASF129:
 4037 1123 4359424C 		.ascii	"CYBLE_EVT_GATTC_INDICATION\000"
 4037      455F4556 
 4037      545F4741 
 4037      5454435F 
 4037      494E4449 
 4038              	.LASF256:
 4039 113e 4359424C 		.ascii	"CYBLE_EVT_ESSC_READ_CHAR_RESPONSE\000"
 4039      455F4556 
 4039      545F4553 
 4039      53435F52 
 4039      4541445F 
 4040              	.LASF79:
 4041 1160 4359424C 		.ascii	"CYBLE_GATT_ERR_OP_CODE_NOT_SUPPORTED\000"
 4041      455F4741 
 4041      54545F45 
 4041      52525F4F 
 4041      505F434F 
 4042              	.LASF430:
 4043 1185 70757473 		.ascii	"puts\000"
 4043      00
 4044              	.LASF103:
 4045 118a 4359424C 		.ascii	"CYBLE_AIOS_CHAR_COUNT\000"
 4045      455F4149 
 4045      4F535F43 
 4045      4841525F 
 4045      434F554E 
 4046              	.LASF105:
 4047 11a0 4359424C 		.ascii	"CYBLE_AIOS_CCCD\000"
 4047      455F4149 
 4047      4F535F43 
 4047      43434400 
 4048              	.LASF285:
 4049 11b0 4359424C 		.ascii	"CYBLE_EVT_HPSS_NOTIFICATION_DISABLED\000"
 4049      455F4556 
 4049      545F4850 
 4049      53535F4E 
 4049      4F544946 
 4050              	.LASF47:
 4051 11d5 4359424C 		.ascii	"CYBLE_ERROR_IND_DISABLED\000"
 4051      455F4552 
 4051      524F525F 
 4051      494E445F 
 4051      44495341 
 4052              	.LASF436:
 4053 11ee 4379426C 		.ascii	"CyBle_GetDeviceAddress\000"
 4053      655F4765 
 4053      74446576 
 4053      69636541 
 4053      64647265 
 4054              	.LASF310:
 4055 1205 4359424C 		.ascii	"CYBLE_EVT_HTSC_READ_DESCR_RESPONSE\000"
 4055      455F4556 
 4055      545F4854 
 4055      53435F52 
 4055      4541445F 
ARM GAS  C:\Users\Lenovo\AppData\Local\Temp\ccHfIZ2m.s 			page 90


 4056              	.LASF13:
 4057 1228 646F7562 		.ascii	"double\000"
 4057      6C6500
 4058              	.LASF235:
 4059 122f 4359424C 		.ascii	"CYBLE_EVT_CSCSC_WRITE_CHAR_RESPONSE\000"
 4059      455F4556 
 4059      545F4353 
 4059      4353435F 
 4059      57524954 
 4060              	.LASF271:
 4061 1253 4359424C 		.ascii	"CYBLE_EVT_GLSC_WRITE_DESCR_RESPONSE\000"
 4061      455F4556 
 4061      545F474C 
 4061      53435F57 
 4061      52495445 
 4062              	.LASF193:
 4063 1277 4359424C 		.ascii	"CYBLE_EVT_BLSC_READ_DESCR_RESPONSE\000"
 4063      455F4556 
 4063      545F424C 
 4063      53435F52 
 4063      4541445F 
 4064              	.LASF227:
 4065 129a 4359424C 		.ascii	"CYBLE_EVT_CSCSS_NOTIFICATION_DISABLED\000"
 4065      455F4556 
 4065      545F4353 
 4065      4353535F 
 4065      4E4F5449 
 4066              	.LASF299:
 4067 12c0 4359424C 		.ascii	"CYBLE_EVT_HRSC_WRITE_DESCR_RESPONSE\000"
 4067      455F4556 
 4067      545F4852 
 4067      53435F57 
 4067      52495445 
 4068              	.LASF112:
 4069 12e4 4359424C 		.ascii	"CYBLE_AIOS_NUM_OF_DIGITAL_DESCR\000"
 4069      455F4149 
 4069      4F535F4E 
 4069      554D5F4F 
 4069      465F4449 
 4070              	.LASF325:
 4071 1304 4359424C 		.ascii	"CYBLE_EVT_LNSS_INDICATION_DISABLED\000"
 4071      455F4556 
 4071      545F4C4E 
 4071      53535F49 
 4071      4E444943 
 4072              	.LASF316:
 4073 1327 4359424C 		.ascii	"CYBLE_EVT_IPSC_WRITE_CHAR_RESPONSE\000"
 4073      455F4556 
 4073      545F4950 
 4073      53435F57 
 4073      52495445 
 4074              	.LASF210:
 4075 134a 4359424C 		.ascii	"CYBLE_EVT_CGMSC_WRITE_DESCR_RESPONSE\000"
 4075      455F4556 
 4075      545F4347 
 4075      4D53435F 
 4075      57524954 
ARM GAS  C:\Users\Lenovo\AppData\Local\Temp\ccHfIZ2m.s 			page 91


 4076              	.LASF194:
 4077 136f 4359424C 		.ascii	"CYBLE_EVT_BLSC_WRITE_DESCR_RESPONSE\000"
 4077      455F4556 
 4077      545F424C 
 4077      53435F57 
 4077      52495445 
 4078              	.LASF22:
 4079 1393 4359424C 		.ascii	"CYBLE_ERROR_OOB_NOT_AVAILABLE\000"
 4079      455F4552 
 4079      524F525F 
 4079      4F4F425F 
 4079      4E4F545F 
 4080              	.LASF151:
 4081 13b1 4359424C 		.ascii	"CYBLE_EVT_AIOSC_READ_CHAR_RESPONSE\000"
 4081      455F4556 
 4081      545F4149 
 4081      4F53435F 
 4081      52454144 
 4082              	.LASF121:
 4083 13d4 64657363 		.ascii	"descrIndex\000"
 4083      72496E64 
 4083      657800
 4084              	.LASF391:
 4085 13df 4359424C 		.ascii	"CYBLE_EVT_UDSC_NOTIFICATION\000"
 4085      455F4556 
 4085      545F5544 
 4085      53435F4E 
 4085      4F544946 
 4086              	.LASF216:
 4087 13fb 4359424C 		.ascii	"CYBLE_EVT_CPSS_BROADCAST_ENABLED\000"
 4087      455F4556 
 4087      545F4350 
 4087      53535F42 
 4087      524F4144 
 4088              	.LASF149:
 4089 141c 4359424C 		.ascii	"CYBLE_EVT_AIOSC_NOTIFICATION\000"
 4089      455F4556 
 4089      545F4149 
 4089      4F53435F 
 4089      4E4F5449 
 4090              	.LASF146:
 4091 1439 4359424C 		.ascii	"CYBLE_EVT_AIOSS_INDICATION_CONFIRMED\000"
 4091      455F4556 
 4091      545F4149 
 4091      4F53535F 
 4091      494E4449 
 4092              	.LASF161:
 4093 145e 4359424C 		.ascii	"CYBLE_EVT_ANCSC_READ_DESCR_RESPONSE\000"
 4093      455F4556 
 4093      545F414E 
 4093      4353435F 
 4093      52454144 
 4094              	.LASF144:
 4095 1482 4359424C 		.ascii	"CYBLE_EVT_AIOSS_INDICATION_ENABLED\000"
 4095      455F4556 
 4095      545F4149 
 4095      4F53535F 
ARM GAS  C:\Users\Lenovo\AppData\Local\Temp\ccHfIZ2m.s 			page 92


 4095      494E4449 
 4096              	.LASF199:
 4097 14a5 4359424C 		.ascii	"CYBLE_EVT_CGMSS_INDICATION_ENABLED\000"
 4097      455F4556 
 4097      545F4347 
 4097      4D53535F 
 4097      494E4449 
 4098              	.LASF64:
 4099 14c8 4359424C 		.ascii	"CYBLE_GATT_ERR_PREPARE_WRITE_QUEUE_FULL\000"
 4099      455F4741 
 4099      54545F45 
 4099      52525F50 
 4099      52455041 
 4100              	.LASF305:
 4101 14f0 4359424C 		.ascii	"CYBLE_EVT_HTSS_CHAR_WRITE\000"
 4101      455F4556 
 4101      545F4854 
 4101      53535F43 
 4101      4841525F 
 4102              	.LASF370:
 4103 150a 4359424C 		.ascii	"CYBLE_EVT_RTUSC_READ_CHAR_RESPONSE\000"
 4103      455F4556 
 4103      545F5254 
 4103      5553435F 
 4103      52454144 
 4104              	.LASF74:
 4105 152d 4359424C 		.ascii	"CYBLE_GATT_ERR_HEART_RATE_CONTROL_POINT_NOT_SUPPORT"
 4105      455F4741 
 4105      54545F45 
 4105      52525F48 
 4105      45415254 
 4106 1560 454400   		.ascii	"ED\000"
 4107              	.LASF20:
 4108 1563 4359424C 		.ascii	"CYBLE_ERROR_MEMORY_ALLOCATION_FAILED\000"
 4108      455F4552 
 4108      524F525F 
 4108      4D454D4F 
 4108      52595F41 
 4109              	.LASF41:
 4110 1588 4359424C 		.ascii	"CYBLE_ERROR_UNSUPPORTED_FEATURE_OR_PARAMETER_VALUE\000"
 4110      455F4552 
 4110      524F525F 
 4110      554E5355 
 4110      50504F52 
 4111              	.LASF281:
 4112 15bb 4359424C 		.ascii	"CYBLE_EVT_HIDSC_WRITE_CHAR_RESPONSE\000"
 4112      455F4556 
 4112      545F4849 
 4112      4453435F 
 4112      57524954 
 4113              	.LASF418:
 4114 15df 5072696E 		.ascii	"PrintCharacteristic\000"
 4114      74436861 
 4114      72616374 
 4114      65726973 
 4114      74696300 
 4115              	.LASF126:
ARM GAS  C:\Users\Lenovo\AppData\Local\Temp\ccHfIZ2m.s 			page 93


 4116 15f3 4359424C 		.ascii	"CYBLE_KEY_EXCHANGE_INFO_REQUEST_REPLY\000"
 4116      455F4B45 
 4116      595F4558 
 4116      4348414E 
 4116      47455F49 
 4117              	.LASF29:
 4118 1619 4359424C 		.ascii	"CYBLE_ERROR_SEC_FAILED\000"
 4118      455F4552 
 4118      524F525F 
 4118      5345435F 
 4118      4641494C 
 4119              	.LASF14:
 4120 1630 63686172 		.ascii	"char\000"
 4120      00
 4121              	.LASF63:
 4122 1635 4359424C 		.ascii	"CYBLE_GATT_ERR_INSUFFICIENT_AUTHORIZATION\000"
 4122      455F4741 
 4122      54545F45 
 4122      52525F49 
 4122      4E535546 
 4123              	.LASF265:
 4124 165f 4359424C 		.ascii	"CYBLE_EVT_GLSS_WRITE_CHAR\000"
 4124      455F4556 
 4124      545F474C 
 4124      53535F57 
 4124      52495445 
 4125              	.LASF38:
 4126 1679 4359424C 		.ascii	"CYBLE_ERROR_FLASH_WRITE_NOT_PERMITED\000"
 4126      455F4552 
 4126      524F525F 
 4126      464C4153 
 4126      485F5752 
 4127              	.LASF408:
 4128 169e 4359424C 		.ascii	"CYBLE_EVT_WPTSC_WRITE_DESCR_RESPONSE\000"
 4128      455F4556 
 4128      545F5750 
 4128      5453435F 
 4128      57524954 
 4129              	.LASF314:
 4130 16c3 4359424C 		.ascii	"CYBLE_EVT_IPSC_READ_CHAR_RESPONSE\000"
 4130      455F4556 
 4130      545F4950 
 4130      53435F52 
 4130      4541445F 
 4131              	.LASF165:
 4132 16e5 4359424C 		.ascii	"CYBLE_EVT_ANSS_NOTIFICATION_DISABLED\000"
 4132      455F4556 
 4132      545F414E 
 4132      53535F4E 
 4132      4F544946 
 4133              	.LASF21:
 4134 170a 4359424C 		.ascii	"CYBLE_ERROR_INSUFFICIENT_RESOURCES\000"
 4134      455F4552 
 4134      524F525F 
 4134      494E5355 
 4134      46464943 
 4135              	.LASF309:
ARM GAS  C:\Users\Lenovo\AppData\Local\Temp\ccHfIZ2m.s 			page 94


 4136 172d 4359424C 		.ascii	"CYBLE_EVT_HTSC_WRITE_CHAR_RESPONSE\000"
 4136      455F4556 
 4136      545F4854 
 4136      53435F57 
 4136      52495445 
 4137              	.LASF39:
 4138 1750 4359424C 		.ascii	"CYBLE_ERROR_MIC_AUTH_FAILED\000"
 4138      455F4552 
 4138      524F525F 
 4138      4D49435F 
 4138      41555448 
 4139              	.LASF99:
 4140 176c 4359424C 		.ascii	"CYBLE_GATT_VALUE_T\000"
 4140      455F4741 
 4140      54545F56 
 4140      414C5545 
 4140      5F5400
 4141              	.LASF439:
 4142 177f 61696F73 		.ascii	"aios.c\000"
 4142      2E6300
 4143              	.LASF198:
 4144 1786 4359424C 		.ascii	"CYBLE_EVT_BMSC_READ_DESCR_RESPONSE\000"
 4144      455F4556 
 4144      545F424D 
 4144      53435F52 
 4144      4541445F 
 4145              	.LASF10:
 4146 17a9 75696E74 		.ascii	"uint16\000"
 4146      313600
 4147              	.LASF420:
 4148 17b0 41696F73 		.ascii	"AiosCallBack\000"
 4148      43616C6C 
 4148      4261636B 
 4148      00
 4149              	.LASF275:
 4150 17bd 4359424C 		.ascii	"CYBLE_EVT_HIDSS_REPORT_MODE_ENTER\000"
 4150      455F4556 
 4150      545F4849 
 4150      4453535F 
 4150      5245504F 
 4151              	.LASF104:
 4152 17df 4359424C 		.ascii	"CYBLE_AIOS_CHAR_INDEX_T\000"
 4152      455F4149 
 4152      4F535F43 
 4152      4841525F 
 4152      494E4445 
 4153              	.LASF283:
 4154 17f7 4359424C 		.ascii	"CYBLE_EVT_HIDSC_WRITE_DESCR_RESPONSE\000"
 4154      455F4556 
 4154      545F4849 
 4154      4453435F 
 4154      57524954 
 4155              	.LASF350:
 4156 181c 4359424C 		.ascii	"CYBLE_EVT_PLXSC_NOTIFICATION\000"
 4156      455F4556 
 4156      545F504C 
 4156      5853435F 
ARM GAS  C:\Users\Lenovo\AppData\Local\Temp\ccHfIZ2m.s 			page 95


 4156      4E4F5449 
 4157              	.LASF62:
 4158 1839 4359424C 		.ascii	"CYBLE_GATT_ERR_INVALID_OFFSET\000"
 4158      455F4741 
 4158      54545F45 
 4158      52525F49 
 4158      4E56414C 
 4159              	.LASF432:
 4160 1857 5F5F6275 		.ascii	"__builtin_puts\000"
 4160      696C7469 
 4160      6E5F7075 
 4160      747300
 4161              	.LASF395:
 4162 1866 4359424C 		.ascii	"CYBLE_EVT_UDSC_WRITE_DESCR_RESPONSE\000"
 4162      455F4556 
 4162      545F5544 
 4162      53435F57 
 4162      52495445 
 4163              	.LASF37:
 4164 188a 4359424C 		.ascii	"CYBLE_ERROR_DEVICE_ALREADY_EXISTS\000"
 4164      455F4552 
 4164      524F525F 
 4164      44455649 
 4164      43455F41 
 4165              	.LASF372:
 4166 18ac 4359424C 		.ascii	"CYBLE_EVT_SCPSS_NOTIFICATION_DISABLED\000"
 4166      455F4556 
 4166      545F5343 
 4166      5053535F 
 4166      4E4F5449 
 4167              	.LASF417:
 4168 18d2 41696F73 		.ascii	"AiosInit\000"
 4168      496E6974 
 4168      00
 4169              	.LASF162:
 4170 18db 4359424C 		.ascii	"CYBLE_EVT_ANCSC_WRITE_DESCR_RESPONSE\000"
 4170      455F4556 
 4170      545F414E 
 4170      4353435F 
 4170      57524954 
 4171              	.LASF110:
 4172 1900 4359424C 		.ascii	"CYBLE_AIOS_TIME_TRIGGER_SETTINGS\000"
 4172      455F4149 
 4172      4F535F54 
 4172      494D455F 
 4172      54524947 
 4173              	.LASF349:
 4174 1921 4359424C 		.ascii	"CYBLE_EVT_PLXSS_INDICATION_CONFIRMED\000"
 4174      455F4556 
 4174      545F504C 
 4174      5853535F 
 4174      494E4449 
 4175              	.LASF340:
 4176 1946 4359424C 		.ascii	"CYBLE_EVT_PASSC_NOTIFICATION\000"
 4176      455F4556 
 4176      545F5041 
 4176      5353435F 
ARM GAS  C:\Users\Lenovo\AppData\Local\Temp\ccHfIZ2m.s 			page 96


 4176      4E4F5449 
 4177              	.LASF46:
 4178 1963 4359424C 		.ascii	"CYBLE_ERROR_NTF_DISABLED\000"
 4178      455F4552 
 4178      524F525F 
 4178      4E54465F 
 4178      44495341 
 4179              	.LASF50:
 4180 197c 4359424C 		.ascii	"CYBLE_ERROR_STACK_BUSY\000"
 4180      455F4552 
 4180      524F525F 
 4180      53544143 
 4180      4B5F4255 
 4181              	.LASF300:
 4182 1993 4359424C 		.ascii	"CYBLE_EVT_HTSS_NOTIFICATION_ENABLED\000"
 4182      455F4556 
 4182      545F4854 
 4182      53535F4E 
 4182      4F544946 
 4183              	.LASF207:
 4184 19b7 4359424C 		.ascii	"CYBLE_EVT_CGMSC_READ_CHAR_RESPONSE\000"
 4184      455F4556 
 4184      545F4347 
 4184      4D53435F 
 4184      52454144 
 4185              	.LASF330:
 4186 19da 4359424C 		.ascii	"CYBLE_EVT_LNSC_INDICATION\000"
 4186      455F4556 
 4186      545F4C4E 
 4186      53435F49 
 4186      4E444943 
 4187              	.LASF160:
 4188 19f4 4359424C 		.ascii	"CYBLE_EVT_ANCSC_WRITE_CHAR_RESPONSE\000"
 4188      455F4556 
 4188      545F414E 
 4188      4353435F 
 4188      57524954 
 4189              	.LASF426:
 4190 1a18 6C6F6361 		.ascii	"localAddr\000"
 4190      6C416464 
 4190      7200
 4191              	.LASF276:
 4192 1a22 4359424C 		.ascii	"CYBLE_EVT_HIDSS_SUSPEND\000"
 4192      455F4556 
 4192      545F4849 
 4192      4453535F 
 4192      53555350 
 4193              	.LASF441:
 4194 1a3a 61706952 		.ascii	"apiResult\000"
 4194      6573756C 
 4194      7400
 4195              	.LASF183:
 4196 1a44 4359424C 		.ascii	"CYBLE_EVT_BCSC_READ_DESCR_RESPONSE\000"
 4196      455F4556 
 4196      545F4243 
 4196      53435F52 
 4196      4541445F 
ARM GAS  C:\Users\Lenovo\AppData\Local\Temp\ccHfIZ2m.s 			page 97


 4197              	.LASF6:
 4198 1a67 6C6F6E67 		.ascii	"long long int\000"
 4198      206C6F6E 
 4198      6720696E 
 4198      7400
 4199              	.LASF398:
 4200 1a75 4359424C 		.ascii	"CYBLE_EVT_WPTSS_NOTIFICATION_DISABLED\000"
 4200      455F4556 
 4200      545F5750 
 4200      5453535F 
 4200      4E4F5449 
 4201              	.LASF292:
 4202 1a9b 4359424C 		.ascii	"CYBLE_EVT_HRSS_ENERGY_EXPENDED_RESET\000"
 4202      455F4556 
 4202      545F4852 
 4202      53535F45 
 4202      4E455247 
 4203              	.LASF428:
 4204 1ac0 7072696E 		.ascii	"printf\000"
 4204      746600
 4205              	.LASF84:
 4206 1ac7 4359424C 		.ascii	"CYBLE_GATTS_ERR_HPS_INVALID_REQUEST\000"
 4206      455F4741 
 4206      5454535F 
 4206      4552525F 
 4206      4850535F 
 4207              	.LASF427:
 4208 1aeb 4379426C 		.ascii	"CyBle_AiosRegisterAttrCallback\000"
 4208      655F4169 
 4208      6F735265 
 4208      67697374 
 4208      65724174 
 4209              	.LASF366:
 4210 1b0a 4359424C 		.ascii	"CYBLE_EVT_RSCSC_WRITE_CHAR_RESPONSE\000"
 4210      455F4556 
 4210      545F5253 
 4210      4353435F 
 4210      57524954 
 4211              	.LASF204:
 4212 1b2e 4359424C 		.ascii	"CYBLE_EVT_CGMSS_WRITE_CHAR\000"
 4212      455F4556 
 4212      545F4347 
 4212      4D53535F 
 4212      57524954 
 4213              	.LASF36:
 4214 1b49 4359424C 		.ascii	"CYBLE_ERROR_GATT_DB_INVALID_ATTR_HANDLE\000"
 4214      455F4552 
 4214      524F525F 
 4214      47415454 
 4214      5F44425F 
 4215              	.LASF384:
 4216 1b71 4359424C 		.ascii	"CYBLE_EVT_UDSS_INDICATION_DISABLED\000"
 4216      455F4556 
 4216      545F5544 
 4216      53535F49 
 4216      4E444943 
 4217              	.LASF290:
ARM GAS  C:\Users\Lenovo\AppData\Local\Temp\ccHfIZ2m.s 			page 98


 4218 1b94 4359424C 		.ascii	"CYBLE_EVT_HPSC_WRITE_DESCR_RESPONSE\000"
 4218      455F4556 
 4218      545F4850 
 4218      53435F57 
 4218      52495445 
 4219              	.LASF107:
 4220 1bb8 4359424C 		.ascii	"CYBLE_AIOS_CHAR_USER_DESCRIPTION_DESCR\000"
 4220      455F4149 
 4220      4F535F43 
 4220      4841525F 
 4220      55534552 
 4221              	.LASF45:
 4222 1bdf 4359424C 		.ascii	"CYBLE_ERROR_MAX\000"
 4222      455F4552 
 4222      524F525F 
 4222      4D415800 
 4223              	.LASF251:
 4224 1bef 4359424C 		.ascii	"CYBLE_EVT_ESSS_INDICATION_CONFIRMATION\000"
 4224      455F4556 
 4224      545F4553 
 4224      53535F49 
 4224      4E444943 
 4225              	.LASF130:
 4226 1c16 4359424C 		.ascii	"CYBLE_EVT_GATTC_SRVC_DISCOVERY_FAILED\000"
 4226      455F4556 
 4226      545F4741 
 4226      5454435F 
 4226      53525643 
 4227              	.LASF272:
 4228 1c3c 4359424C 		.ascii	"CYBLE_EVT_HIDSS_NOTIFICATION_ENABLED\000"
 4228      455F4556 
 4228      545F4849 
 4228      4453535F 
 4228      4E4F5449 
 4229              	.LASF191:
 4230 1c61 4359424C 		.ascii	"CYBLE_EVT_BLSC_NOTIFICATION\000"
 4230      455F4556 
 4230      545F424C 
 4230      53435F4E 
 4230      4F544946 
 4231              	.LASF197:
 4232 1c7d 4359424C 		.ascii	"CYBLE_EVT_BMSC_WRITE_CHAR_RESPONSE\000"
 4232      455F4556 
 4232      545F424D 
 4232      53435F57 
 4232      52495445 
 4233              	.LASF288:
 4234 1ca0 4359424C 		.ascii	"CYBLE_EVT_HPSC_READ_CHAR_RESPONSE\000"
 4234      455F4556 
 4234      545F4850 
 4234      53435F52 
 4234      4541445F 
 4235              	.LASF331:
 4236 1cc2 4359424C 		.ascii	"CYBLE_EVT_LNSC_NOTIFICATION\000"
 4236      455F4556 
 4236      545F4C4E 
 4236      53435F4E 
ARM GAS  C:\Users\Lenovo\AppData\Local\Temp\ccHfIZ2m.s 			page 99


 4236      4F544946 
 4237              	.LASF293:
 4238 1cde 4359424C 		.ascii	"CYBLE_EVT_HRSS_NOTIFICATION_ENABLED\000"
 4238      455F4556 
 4238      545F4852 
 4238      53535F4E 
 4238      4F544946 
 4239              	.LASF213:
 4240 1d02 4359424C 		.ascii	"CYBLE_EVT_CPSS_INDICATION_ENABLED\000"
 4240      455F4556 
 4240      545F4350 
 4240      53535F49 
 4240      4E444943 
 4241              	.LASF156:
 4242 1d24 4359424C 		.ascii	"CYBLE_EVT_ANCSS_NOTIFICATION_ENABLED\000"
 4242      455F4556 
 4242      545F414E 
 4242      4353535F 
 4242      4E4F5449 
 4243              	.LASF89:
 4244 1d49 4359424C 		.ascii	"CYBLE_GATT_ERR_ANCS_INVALID_PARAMETER\000"
 4244      455F4741 
 4244      54545F45 
 4244      52525F41 
 4244      4E43535F 
 4245              	.LASF33:
 4246 1d6f 4359424C 		.ascii	"CYBLE_ERROR_L2CAP_CONNECTION_ENTITY_NOT_FOUND\000"
 4246      455F4552 
 4246      524F525F 
 4246      4C324341 
 4246      505F434F 
 4247              	.LASF125:
 4248 1d9d 4359424C 		.ascii	"CYBLE_LONG_TERM_KEY_REQUEST_REPLY\000"
 4248      455F4C4F 
 4248      4E475F54 
 4248      45524D5F 
 4248      4B45595F 
 4249              	.LASF70:
 4250 1dbf 4359424C 		.ascii	"CYBLE_GATT_ERR_INSUFFICIENT_ENCRYPTION\000"
 4250      455F4741 
 4250      54545F45 
 4250      52525F49 
 4250      4E535546 
 4251              	.LASF128:
 4252 1de6 4359424C 		.ascii	"CYBLE_EVT_GATTS_INDICATION_DISABLED\000"
 4252      455F4556 
 4252      545F4741 
 4252      5454535F 
 4252      494E4449 
 4253              	.LASF72:
 4254 1e0a 4359424C 		.ascii	"CYBLE_GATT_ERR_INSUFFICIENT_RESOURCE\000"
 4254      455F4741 
 4254      54545F45 
 4254      52525F49 
 4254      4E535546 
 4255              	.LASF324:
 4256 1e2f 4359424C 		.ascii	"CYBLE_EVT_LNSS_INDICATION_ENABLED\000"
ARM GAS  C:\Users\Lenovo\AppData\Local\Temp\ccHfIZ2m.s 			page 100


 4256      455F4556 
 4256      545F4C4E 
 4256      53535F49 
 4256      4E444943 
 4257              	.LASF382:
 4258 1e51 4359424C 		.ascii	"CYBLE_EVT_TPSC_WRITE_DESCR_RESPONSE\000"
 4258      455F4556 
 4258      545F5450 
 4258      53435F57 
 4258      52495445 
 4259              	.LASF399:
 4260 1e75 4359424C 		.ascii	"CYBLE_EVT_WPTSS_INDICATION_ENABLED\000"
 4260      455F4556 
 4260      545F5750 
 4260      5453535F 
 4260      494E4449 
 4261              	.LASF30:
 4262 1e98 4359424C 		.ascii	"CYBLE_ERROR_L2CAP_PSM_WRONG_ENCODING\000"
 4262      455F4552 
 4262      524F525F 
 4262      4C324341 
 4262      505F5053 
 4263              	.LASF304:
 4264 1ebd 4359424C 		.ascii	"CYBLE_EVT_HTSS_INDICATION_CONFIRMED\000"
 4264      455F4556 
 4264      545F4854 
 4264      53535F49 
 4264      4E444943 
 4265              	.LASF319:
 4266 1ee1 4359424C 		.ascii	"CYBLE_EVT_IPSC_ERROR_RESPONSE\000"
 4266      455F4556 
 4266      545F4950 
 4266      53435F45 
 4266      52524F52 
 4267              	.LASF286:
 4268 1eff 4359424C 		.ascii	"CYBLE_EVT_HPSS_CHAR_WRITE\000"
 4268      455F4556 
 4268      545F4850 
 4268      53535F43 
 4268      4841525F 
 4269              	.LASF298:
 4270 1f19 4359424C 		.ascii	"CYBLE_EVT_HRSC_READ_DESCR_RESPONSE\000"
 4270      455F4556 
 4270      545F4852 
 4270      53435F52 
 4270      4541445F 
 4271              	.LASF11:
 4272 1f3c 75696E74 		.ascii	"uint32\000"
 4272      333200
 4273              	.LASF102:
 4274 1f43 4359424C 		.ascii	"CYBLE_AIOS_AGGREGATE\000"
 4274      455F4149 
 4274      4F535F41 
 4274      47475245 
 4274      47415445 
 4275              	.LASF242:
 4276 1f58 4359424C 		.ascii	"CYBLE_EVT_CTSC_READ_CHAR_RESPONSE\000"
ARM GAS  C:\Users\Lenovo\AppData\Local\Temp\ccHfIZ2m.s 			page 101


 4276      455F4556 
 4276      545F4354 
 4276      53435F52 
 4276      4541445F 
 4277              	.LASF252:
 4278 1f7a 4359424C 		.ascii	"CYBLE_EVT_ESSS_CHAR_WRITE\000"
 4278      455F4556 
 4278      545F4553 
 4278      53535F43 
 4278      4841525F 
 4279              	.LASF358:
 4280 1f94 4359424C 		.ascii	"CYBLE_EVT_RSCSS_NOTIFICATION_DISABLED\000"
 4280      455F4556 
 4280      545F5253 
 4280      4353535F 
 4280      4E4F5449 
 4281              	.LASF184:
 4282 1fba 4359424C 		.ascii	"CYBLE_EVT_BCSC_WRITE_DESCR_RESPONSE\000"
 4282      455F4556 
 4282      545F4243 
 4282      53435F57 
 4282      52495445 
 4283              	.LASF359:
 4284 1fde 4359424C 		.ascii	"CYBLE_EVT_RSCSS_INDICATION_ENABLED\000"
 4284      455F4556 
 4284      545F5253 
 4284      4353535F 
 4284      494E4449 
 4285              	.LASF433:
 4286 2001 5F5F6275 		.ascii	"__builtin_putchar\000"
 4286      696C7469 
 4286      6E5F7075 
 4286      74636861 
 4286      7200
 4287              	.LASF376:
 4288 2013 4359424C 		.ascii	"CYBLE_EVT_SCPSC_WRITE_DESCR_RESPONSE\000"
 4288      455F4556 
 4288      545F5343 
 4288      5053435F 
 4288      57524954 
 4289              	.LASF71:
 4290 2038 4359424C 		.ascii	"CYBLE_GATT_ERR_UNSUPPORTED_GROUP_TYPE\000"
 4290      455F4741 
 4290      54545F45 
 4290      52525F55 
 4290      4E535550 
 4291              	.LASF83:
 4292 205e 4359424C 		.ascii	"CYBLE_GATT_ERR_INVALID_CRC\000"
 4292      455F4741 
 4292      54545F45 
 4292      52525F49 
 4292      4E56414C 
 4293              	.LASF51:
 4294 2079 4359424C 		.ascii	"CYBLE_API_RESULT_T\000"
 4294      455F4150 
 4294      495F5245 
 4294      53554C54 
ARM GAS  C:\Users\Lenovo\AppData\Local\Temp\ccHfIZ2m.s 			page 102


 4294      5F5400
 4295              	.LASF87:
 4296 208c 4359424C 		.ascii	"CYBLE_GATT_ERR_ANCS_UNKNOWN_COMMAND\000"
 4296      455F4741 
 4296      54545F45 
 4296      52525F41 
 4296      4E43535F 
 4297              	.LASF32:
 4298 20b0 4359424C 		.ascii	"CYBLE_ERROR_L2CAP_PSM_NOT_REGISTERED\000"
 4298      455F4552 
 4298      524F525F 
 4298      4C324341 
 4298      505F5053 
 4299              	.LASF374:
 4300 20d5 4359424C 		.ascii	"CYBLE_EVT_SCPSC_NOTIFICATION\000"
 4300      455F4556 
 4300      545F5343 
 4300      5053435F 
 4300      4E4F5449 
 4301              	.LASF315:
 4302 20f2 4359424C 		.ascii	"CYBLE_EVT_IPSC_READ_MULTIPLE_CHAR_RESPONSE\000"
 4302      455F4556 
 4302      545F4950 
 4302      53435F52 
 4302      4541445F 
 4303              	.LASF56:
 4304 211d 4359424C 		.ascii	"CYBLE_GATT_ERR_INVALID_HANDLE\000"
 4304      455F4741 
 4304      54545F45 
 4304      52525F49 
 4304      4E56414C 
 4305              	.LASF351:
 4306 213b 4359424C 		.ascii	"CYBLE_EVT_PLXSC_INDICATION\000"
 4306      455F4556 
 4306      545F504C 
 4306      5853435F 
 4306      494E4449 
 4307              	.LASF343:
 4308 2156 4359424C 		.ascii	"CYBLE_EVT_PASSC_WRITE_DESCR_RESPONSE\000"
 4308      455F4556 
 4308      545F5041 
 4308      5353435F 
 4308      57524954 
 4309              	.LASF284:
 4310 217b 4359424C 		.ascii	"CYBLE_EVT_HPSS_NOTIFICATION_ENABLED\000"
 4310      455F4556 
 4310      545F4850 
 4310      53535F4E 
 4310      4F544946 
 4311              	.LASF397:
 4312 219f 4359424C 		.ascii	"CYBLE_EVT_WPTSS_NOTIFICATION_ENABLED\000"
 4312      455F4556 
 4312      545F5750 
 4312      5453535F 
 4312      4E4F5449 
 4313              	.LASF262:
 4314 21c4 4359424C 		.ascii	"CYBLE_EVT_GLSS_INDICATION_CONFIRMED\000"
ARM GAS  C:\Users\Lenovo\AppData\Local\Temp\ccHfIZ2m.s 			page 103


 4314      455F4556 
 4314      545F474C 
 4314      53535F49 
 4314      4E444943 
 4315              	.LASF250:
 4316 21e8 4359424C 		.ascii	"CYBLE_EVT_ESSS_INDICATION_DISABLED\000"
 4316      455F4556 
 4316      545F4553 
 4316      53535F49 
 4316      4E444943 
 4317              	.LASF75:
 4318 220b 4359424C 		.ascii	"CYBLE_GATT_ERR_USER_DATA_ACCESS_NOT_PERMITTED\000"
 4318      455F4741 
 4318      54545F45 
 4318      52525F55 
 4318      5345525F 
 4319              	.LASF139:
 4320 2239 4359424C 		.ascii	"CYBLE_EVT_GATTC_CHAR_DISCOVERY_COMPLETE\000"
 4320      455F4556 
 4320      545F4741 
 4320      5454435F 
 4320      43484152 
 4321              	.LASF163:
 4322 2261 4359424C 		.ascii	"CYBLE_EVT_ANCSC_ERROR_RESPONSE\000"
 4322      455F4556 
 4322      545F414E 
 4322      4353435F 
 4322      4552524F 
 4323              	.LASF15:
 4324 2280 6C6F6E67 		.ascii	"long double\000"
 4324      20646F75 
 4324      626C6500 
 4325              	.LASF307:
 4326 228c 4359424C 		.ascii	"CYBLE_EVT_HTSC_INDICATION\000"
 4326      455F4556 
 4326      545F4854 
 4326      53435F49 
 4326      4E444943 
 4327              	.LASF201:
 4328 22a6 4359424C 		.ascii	"CYBLE_EVT_CGMSS_INDICATION_CONFIRMED\000"
 4328      455F4556 
 4328      545F4347 
 4328      4D53535F 
 4328      494E4449 
 4329              	.LASF244:
 4330 22cb 4359424C 		.ascii	"CYBLE_EVT_CTSC_WRITE_DESCR_RESPONSE\000"
 4330      455F4556 
 4330      545F4354 
 4330      53435F57 
 4330      52495445 
 4331              	.LASF57:
 4332 22ef 4359424C 		.ascii	"CYBLE_GATT_ERR_READ_NOT_PERMITTED\000"
 4332      455F4741 
 4332      54545F45 
 4332      52525F52 
 4332      4541445F 
 4333              	.LASF27:
ARM GAS  C:\Users\Lenovo\AppData\Local\Temp\ccHfIZ2m.s 			page 104


 4334 2311 4359424C 		.ascii	"CYBLE_ERROR_TX_POWER_READ\000"
 4334      455F4552 
 4334      524F525F 
 4334      54585F50 
 4334      4F574552 
 4335              	.LASF177:
 4336 232b 4359424C 		.ascii	"CYBLE_EVT_BASC_WRITE_DESCR_RESPONSE\000"
 4336      455F4556 
 4336      545F4241 
 4336      53435F57 
 4336      52495445 
 4337              	.LASF127:
 4338 234f 4359424C 		.ascii	"CYBLE_EVT_GATTS_INDICATION_ENABLED\000"
 4338      455F4556 
 4338      545F4741 
 4338      5454535F 
 4338      494E4449 
 4339              	.LASF386:
 4340 2372 4359424C 		.ascii	"CYBLE_EVT_UDSS_NOTIFICATION_ENABLED\000"
 4340      455F4556 
 4340      545F5544 
 4340      53535F4E 
 4340      4F544946 
 4341              	.LASF268:
 4342 2396 4359424C 		.ascii	"CYBLE_EVT_GLSC_READ_CHAR_RESPONSE\000"
 4342      455F4556 
 4342      545F474C 
 4342      53435F52 
 4342      4541445F 
 4343              	.LASF25:
 4344 23b8 4359424C 		.ascii	"CYBLE_ERROR_REPEATED_ATTEMPTS\000"
 4344      455F4552 
 4344      524F525F 
 4344      52455045 
 4344      41544544 
 4345              	.LASF42:
 4346 23d6 4359424C 		.ascii	"CYBLE_ERROR_FLASH_WRITE\000"
 4346      455F4552 
 4346      524F525F 
 4346      464C4153 
 4346      485F5752 
 4347              	.LASF348:
 4348 23ee 4359424C 		.ascii	"CYBLE_EVT_PLXSS_INDICATION_DISABLED\000"
 4348      455F4556 
 4348      545F504C 
 4348      5853535F 
 4348      494E4449 
 4349              	.LASF195:
 4350 2412 4359424C 		.ascii	"CYBLE_EVT_BMSS_WRITE_CHAR\000"
 4350      455F4556 
 4350      545F424D 
 4350      53535F57 
 4350      52495445 
 4351              	.LASF383:
 4352 242c 4359424C 		.ascii	"CYBLE_EVT_UDSS_INDICATION_ENABLED\000"
 4352      455F4556 
 4352      545F5544 
ARM GAS  C:\Users\Lenovo\AppData\Local\Temp\ccHfIZ2m.s 			page 105


 4352      53535F49 
 4352      4E444943 
 4353              	.LASF222:
 4354 244e 4359424C 		.ascii	"CYBLE_EVT_CPSC_WRITE_CHAR_RESPONSE\000"
 4354      455F4556 
 4354      545F4350 
 4354      53435F57 
 4354      52495445 
 4355              	.LASF16:
 4356 2471 73697A65 		.ascii	"sizetype\000"
 4356      74797065 
 4356      00
 4357              	.LASF297:
 4358 247a 4359424C 		.ascii	"CYBLE_EVT_HRSC_WRITE_CHAR_RESPONSE\000"
 4358      455F4556 
 4358      545F4852 
 4358      53435F57 
 4358      52495445 
 4359              	.LASF48:
 4360 249d 4359424C 		.ascii	"CYBLE_ERROR_CHAR_IS_NOT_DISCOVERED\000"
 4360      455F4552 
 4360      524F525F 
 4360      43484152 
 4360      5F49535F 
 4361              	.LASF355:
 4362 24c0 4359424C 		.ascii	"CYBLE_EVT_PLXSC_WRITE_DESCR_RESPONSE\000"
 4362      455F4556 
 4362      545F504C 
 4362      5853435F 
 4362      57524954 
 4363              	.LASF223:
 4364 24e5 4359424C 		.ascii	"CYBLE_EVT_CPSC_READ_DESCR_RESPONSE\000"
 4364      455F4556 
 4364      545F4350 
 4364      53435F52 
 4364      4541445F 
 4365              	.LASF240:
 4366 2508 4359424C 		.ascii	"CYBLE_EVT_CTSS_CHAR_WRITE\000"
 4366      455F4556 
 4366      545F4354 
 4366      53535F43 
 4366      4841525F 
 4367              	.LASF93:
 4368 2522 4359424C 		.ascii	"CYBLE_GATT_ERR_OUT_OF_RANGE\000"
 4368      455F4741 
 4368      54545F45 
 4368      52525F4F 
 4368      55545F4F 
 4369              	.LASF361:
 4370 253e 4359424C 		.ascii	"CYBLE_EVT_RSCSS_INDICATION_CONFIRMATION\000"
 4370      455F4556 
 4370      545F5253 
 4370      4353535F 
 4370      494E4449 
 4371              	.LASF82:
 4372 2566 4359424C 		.ascii	"CYBLE_GATTS_ERR_OPERATION_FAILED\000"
 4372      455F4741 
ARM GAS  C:\Users\Lenovo\AppData\Local\Temp\ccHfIZ2m.s 			page 106


 4372      5454535F 
 4372      4552525F 
 4372      4F504552 
 4373              	.LASF209:
 4374 2587 4359424C 		.ascii	"CYBLE_EVT_CGMSC_READ_DESCR_RESPONSE\000"
 4374      455F4556 
 4374      545F4347 
 4374      4D53435F 
 4374      52454144 
 4375              	.LASF86:
 4376 25ab 4359424C 		.ascii	"CYBLE_GATT_ERR_ANS_COMMAND_NOT_SUPPORTED\000"
 4376      455F4741 
 4376      54545F45 
 4376      52525F41 
 4376      4E535F43 
 4377              	.LASF101:
 4378 25d4 4359424C 		.ascii	"CYBLE_AIOS_ANALOG\000"
 4378      455F4149 
 4378      4F535F41 
 4378      4E414C4F 
 4378      4700
 4379              	.LASF273:
 4380 25e6 4359424C 		.ascii	"CYBLE_EVT_HIDSS_NOTIFICATION_DISABLED\000"
 4380      455F4556 
 4380      545F4849 
 4380      4453535F 
 4380      4E4F5449 
 4381              	.LASF78:
 4382 260c 4359424C 		.ascii	"CYBLE_GATTS_ERR_PROCEDURE_ALREADY_IN_PROGRESS\000"
 4382      455F4741 
 4382      5454535F 
 4382      4552525F 
 4382      50524F43 
 4383              	.LASF4:
 4384 263a 6C6F6E67 		.ascii	"long int\000"
 4384      20696E74 
 4384      00
 4385              	.LASF402:
 4386 2643 4359424C 		.ascii	"CYBLE_EVT_WPTSS_WRITE_CHAR\000"
 4386      455F4556 
 4386      545F5750 
 4386      5453535F 
 4386      57524954 
 4387              	.LASF401:
 4388 265e 4359424C 		.ascii	"CYBLE_EVT_WPTSS_INDICATION_CONFIRMED\000"
 4388      455F4556 
 4388      545F5750 
 4388      5453535F 
 4388      494E4449 
 4389              	.LASF440:
 4390 2683 443A5C55 		.ascii	"D:\\UCU\\POC\\PSoC_Projects_Embedded\\PSoC_LAB4\\la"
 4390      43555C50 
 4390      4F435C50 
 4390      536F435F 
 4390      50726F6A 
 4391 26b1 62362D70 		.ascii	"b6-psoc-3-shevchuk-lykhanskyi\\Lab_4_1_BLE_Automati"
 4391      736F632D 
ARM GAS  C:\Users\Lenovo\AppData\Local\Temp\ccHfIZ2m.s 			page 107


 4391      332D7368 
 4391      65766368 
 4391      756B2D6C 
 4392 26e3 6F6E5F49 		.ascii	"on_IO.cydsn\000"
 4392      4F2E6379 
 4392      64736E00 
 4393              	.LASF67:
 4394 26ef 4359424C 		.ascii	"CYBLE_GATT_ERR_INSUFFICIENT_ENC_KEY_SIZE\000"
 4394      455F4741 
 4394      54545F45 
 4394      52525F49 
 4394      4E535546 
 4395              	.LASF219:
 4396 2718 4359424C 		.ascii	"CYBLE_EVT_CPSC_NOTIFICATION\000"
 4396      455F4556 
 4396      545F4350 
 4396      53435F4E 
 4396      4F544946 
 4397              	.LASF229:
 4398 2734 4359424C 		.ascii	"CYBLE_EVT_CSCSS_INDICATION_DISABLED\000"
 4398      455F4556 
 4398      545F4353 
 4398      4353535F 
 4398      494E4449 
 4399              	.LASF196:
 4400 2758 4359424C 		.ascii	"CYBLE_EVT_BMSC_READ_CHAR_RESPONSE\000"
 4400      455F4556 
 4400      545F424D 
 4400      53435F52 
 4400      4541445F 
 4401              	.LASF80:
 4402 277a 4359424C 		.ascii	"CYBLE_GATT_ERR_MISSING_CRC\000"
 4402      455F4741 
 4402      54545F45 
 4402      52525F4D 
 4402      49535349 
 4403              	.LASF111:
 4404 2795 4359424C 		.ascii	"CYBLE_AIOS_VRD\000"
 4404      455F4149 
 4404      4F535F56 
 4404      524400
 4405              	.LASF91:
 4406 27a4 4359424C 		.ascii	"CYBLE_GATT_ERR_CCCD_IMPROPERLY_CONFIGURED\000"
 4406      455F4741 
 4406      54545F45 
 4406      52525F43 
 4406      4343445F 
 4407              	.LASF116:
 4408 27ce 63686172 		.ascii	"charIndex\000"
 4408      496E6465 
 4408      7800
 4409              	.LASF18:
 4410 27d8 4359424C 		.ascii	"CYBLE_ERROR_INVALID_PARAMETER\000"
 4410      455F4552 
 4410      524F525F 
 4410      494E5641 
 4410      4C49445F 
ARM GAS  C:\Users\Lenovo\AppData\Local\Temp\ccHfIZ2m.s 			page 108


 4411              	.LASF289:
 4412 27f6 4359424C 		.ascii	"CYBLE_EVT_HPSC_READ_DESCR_RESPONSE\000"
 4412      455F4556 
 4412      545F4850 
 4412      53435F52 
 4412      4541445F 
 4413              	.LASF176:
 4414 2819 4359424C 		.ascii	"CYBLE_EVT_BASC_READ_DESCR_RESPONSE\000"
 4414      455F4556 
 4414      545F4241 
 4414      53435F52 
 4414      4541445F 
 4415              	.LASF410:
 4416 283c 4359424C 		.ascii	"CYBLE_EVT_WSSS_INDICATION_DISABLED\000"
 4416      455F4556 
 4416      545F5753 
 4416      53535F49 
 4416      4E444943 
 4417              	.LASF342:
 4418 285f 4359424C 		.ascii	"CYBLE_EVT_PASSC_READ_DESCR_RESPONSE\000"
 4418      455F4556 
 4418      545F5041 
 4418      5353435F 
 4418      52454144 
 4419              	.LASF385:
 4420 2883 4359424C 		.ascii	"CYBLE_EVT_UDSS_INDICATION_CONFIRMED\000"
 4420      455F4556 
 4420      545F5544 
 4420      53535F49 
 4420      4E444943 
 4421              	.LASF412:
 4422 28a7 4359424C 		.ascii	"CYBLE_EVT_WSSC_INDICATION\000"
 4422      455F4556 
 4422      545F5753 
 4422      53435F49 
 4422      4E444943 
 4423              	.LASF98:
 4424 28c1 61637475 		.ascii	"actualLen\000"
 4424      616C4C65 
 4424      6E00
 4425              	.LASF182:
 4426 28cb 4359424C 		.ascii	"CYBLE_EVT_BCSC_READ_CHAR_RESPONSE\000"
 4426      455F4556 
 4426      545F4243 
 4426      53435F52 
 4426      4541445F 
 4427              	.LASF54:
 4428 28ed 4359424C 		.ascii	"CYBLE_GAP_BD_ADDR_T\000"
 4428      455F4741 
 4428      505F4244 
 4428      5F414444 
 4428      525F5400 
 4429              	.LASF377:
 4430 2901 4359424C 		.ascii	"CYBLE_EVT_TPSS_NOTIFICATION_ENABLED\000"
 4430      455F4556 
 4430      545F5450 
 4430      53535F4E 
ARM GAS  C:\Users\Lenovo\AppData\Local\Temp\ccHfIZ2m.s 			page 109


 4430      4F544946 
 4431              	.LASF363:
 4432 2925 4359424C 		.ascii	"CYBLE_EVT_RSCSC_NOTIFICATION\000"
 4432      455F4556 
 4432      545F5253 
 4432      4353435F 
 4432      4E4F5449 
 4433              	.LASF347:
 4434 2942 4359424C 		.ascii	"CYBLE_EVT_PLXSS_INDICATION_ENABLED\000"
 4434      455F4556 
 4434      545F504C 
 4434      5853535F 
 4434      494E4449 
 4435              	.LASF345:
 4436 2965 4359424C 		.ascii	"CYBLE_EVT_PLXSS_NOTIFICATION_ENABLED\000"
 4436      455F4556 
 4436      545F504C 
 4436      5853535F 
 4436      4E4F5449 
 4437              	.LASF405:
 4438 298a 4359424C 		.ascii	"CYBLE_EVT_WPTSC_WRITE_CHAR_RESPONSE\000"
 4438      455F4556 
 4438      545F5750 
 4438      5453435F 
 4438      57524954 
 4439              	.LASF241:
 4440 29ae 4359424C 		.ascii	"CYBLE_EVT_CTSC_NOTIFICATION\000"
 4440      455F4556 
 4440      545F4354 
 4440      53435F4E 
 4440      4F544946 
 4441              	.LASF185:
 4442 29ca 4359424C 		.ascii	"CYBLE_EVT_BLSS_INDICATION_ENABLED\000"
 4442      455F4556 
 4442      545F424C 
 4442      53535F49 
 4442      4E444943 
 4443              	.LASF90:
 4444 29ec 4359424C 		.ascii	"CYBLE_GATT_ERR_ANCS_ACTION_FAILED\000"
 4444      455F4741 
 4444      54545F45 
 4444      52525F41 
 4444      4E43535F 
 4445              	.LASF8:
 4446 2a0e 756E7369 		.ascii	"unsigned int\000"
 4446      676E6564 
 4446      20696E74 
 4446      00
 4447              	.LASF409:
 4448 2a1b 4359424C 		.ascii	"CYBLE_EVT_WSSS_INDICATION_ENABLED\000"
 4448      455F4556 
 4448      545F5753 
 4448      53535F49 
 4448      4E444943 
 4449              	.LASF224:
 4450 2a3d 4359424C 		.ascii	"CYBLE_EVT_CPSC_WRITE_DESCR_RESPONSE\000"
 4450      455F4556 
ARM GAS  C:\Users\Lenovo\AppData\Local\Temp\ccHfIZ2m.s 			page 110


 4450      545F4350 
 4450      53435F57 
 4450      52495445 
 4451              	.LASF228:
 4452 2a61 4359424C 		.ascii	"CYBLE_EVT_CSCSS_INDICATION_ENABLED\000"
 4452      455F4556 
 4452      545F4353 
 4452      4353535F 
 4452      494E4449 
 4453              	.LASF188:
 4454 2a84 4359424C 		.ascii	"CYBLE_EVT_BLSS_NOTIFICATION_ENABLED\000"
 4454      455F4556 
 4454      545F424C 
 4454      53535F4E 
 4454      4F544946 
 4455              	.LASF208:
 4456 2aa8 4359424C 		.ascii	"CYBLE_EVT_CGMSC_WRITE_CHAR_RESPONSE\000"
 4456      455F4556 
 4456      545F4347 
 4456      4D53435F 
 4456      57524954 
 4457              	.LASF371:
 4458 2acc 4359424C 		.ascii	"CYBLE_EVT_SCPSS_NOTIFICATION_ENABLED\000"
 4458      455F4556 
 4458      545F5343 
 4458      5053535F 
 4458      4E4F5449 
 4459              	.LASF263:
 4460 2af1 4359424C 		.ascii	"CYBLE_EVT_GLSS_NOTIFICATION_ENABLED\000"
 4460      455F4556 
 4460      545F474C 
 4460      53535F4E 
 4460      4F544946 
 4461              	.LASF52:
 4462 2b15 62644164 		.ascii	"bdAddr\000"
 4462      647200
 4463              	.LASF159:
 4464 2b1c 4359424C 		.ascii	"CYBLE_EVT_ANCSC_NOTIFICATION\000"
 4464      455F4556 
 4464      545F414E 
 4464      4353435F 
 4464      4E4F5449 
 4465              	.LASF295:
 4466 2b39 4359424C 		.ascii	"CYBLE_EVT_HRSC_NOTIFICATION\000"
 4466      455F4556 
 4466      545F4852 
 4466      53435F4E 
 4466      4F544946 
 4467              	.LASF5:
 4468 2b55 6C6F6E67 		.ascii	"long unsigned int\000"
 4468      20756E73 
 4468      69676E65 
 4468      6420696E 
 4468      7400
 4469              	.LASF270:
 4470 2b67 4359424C 		.ascii	"CYBLE_EVT_GLSC_READ_DESCR_RESPONSE\000"
 4470      455F4556 
ARM GAS  C:\Users\Lenovo\AppData\Local\Temp\ccHfIZ2m.s 			page 111


 4470      545F474C 
 4470      53435F52 
 4470      4541445F 
 4471              	.LASF416:
 4472 2b8a 4359424C 		.ascii	"CYBLE_DEBUG_EVT_BLESS_INT\000"
 4472      455F4445 
 4472      4255475F 
 4472      4556545F 
 4472      424C4553 
 4473              	.LASF31:
 4474 2ba4 4359424C 		.ascii	"CYBLE_ERROR_L2CAP_PSM_ALREADY_REGISTERED\000"
 4474      455F4552 
 4474      524F525F 
 4474      4C324341 
 4474      505F5053 
 4475              	.LASF334:
 4476 2bcd 4359424C 		.ascii	"CYBLE_EVT_LNSC_READ_DESCR_RESPONSE\000"
 4476      455F4556 
 4476      545F4C4E 
 4476      53435F52 
 4476      4541445F 
 4477              	.LASF303:
 4478 2bf0 4359424C 		.ascii	"CYBLE_EVT_HTSS_INDICATION_DISABLED\000"
 4478      455F4556 
 4478      545F4854 
 4478      53535F49 
 4478      4E444943 
 4479              	.LASF389:
 4480 2c13 4359424C 		.ascii	"CYBLE_EVT_UDSS_WRITE_CHAR\000"
 4480      455F4556 
 4480      545F5544 
 4480      53535F57 
 4480      52495445 
 4481              	.LASF387:
 4482 2c2d 4359424C 		.ascii	"CYBLE_EVT_UDSS_NOTIFICATION_DISABLED\000"
 4482      455F4556 
 4482      545F5544 
 4482      53535F4E 
 4482      4F544946 
 4483              	.LASF362:
 4484 2c52 4359424C 		.ascii	"CYBLE_EVT_RSCSS_CHAR_WRITE\000"
 4484      455F4556 
 4484      545F5253 
 4484      4353535F 
 4484      43484152 
 4485              	.LASF23:
 4486 2c6d 4359424C 		.ascii	"CYBLE_ERROR_NO_CONNECTION\000"
 4486      455F4552 
 4486      524F525F 
 4486      4E4F5F43 
 4486      4F4E4E45 
 4487              	.LASF259:
 4488 2c87 4359424C 		.ascii	"CYBLE_EVT_ESSC_WRITE_DESCR_RESPONSE\000"
 4488      455F4556 
 4488      545F4553 
 4488      53435F57 
 4488      52495445 
ARM GAS  C:\Users\Lenovo\AppData\Local\Temp\ccHfIZ2m.s 			page 112


 4489              	.LASF167:
 4490 2cab 4359424C 		.ascii	"CYBLE_EVT_ANSC_NOTIFICATION\000"
 4490      455F4556 
 4490      545F414E 
 4490      53435F4E 
 4490      4F544946 
 4491              	.LASF296:
 4492 2cc7 4359424C 		.ascii	"CYBLE_EVT_HRSC_READ_CHAR_RESPONSE\000"
 4492      455F4556 
 4492      545F4852 
 4492      53435F52 
 4492      4541445F 
 4493              	.LASF320:
 4494 2ce9 4359424C 		.ascii	"CYBLE_EVT_IPSC_READ_BLOB_RSP\000"
 4494      455F4556 
 4494      545F4950 
 4494      53435F52 
 4494      4541445F 
 4495              	.LASF135:
 4496 2d06 4359424C 		.ascii	"CYBLE_EVT_GATTC_CHAR_DUPLICATION\000"
 4496      455F4556 
 4496      545F4741 
 4496      5454435F 
 4496      43484152 
 4497              	.LASF255:
 4498 2d27 4359424C 		.ascii	"CYBLE_EVT_ESSC_INDICATION\000"
 4498      455F4556 
 4498      545F4553 
 4498      53435F49 
 4498      4E444943 
 4499              	.LASF120:
 4500 2d41 4359424C 		.ascii	"CYBLE_AIOS_CHAR_VALUE_T\000"
 4500      455F4149 
 4500      4F535F43 
 4500      4841525F 
 4500      56414C55 
 4501              	.LASF332:
 4502 2d59 4359424C 		.ascii	"CYBLE_EVT_LNSC_READ_CHAR_RESPONSE\000"
 4502      455F4556 
 4502      545F4C4E 
 4502      53435F52 
 4502      4541445F 
 4503              	.LASF117:
 4504 2d7b 63686172 		.ascii	"charInstance\000"
 4504      496E7374 
 4504      616E6365 
 4504      00
 4505              	.LASF218:
 4506 2d88 4359424C 		.ascii	"CYBLE_EVT_CPSS_CHAR_WRITE\000"
 4506      455F4556 
 4506      545F4350 
 4506      53535F43 
 4506      4841525F 
 4507              	.LASF346:
 4508 2da2 4359424C 		.ascii	"CYBLE_EVT_PLXSS_NOTIFICATION_DISABLED\000"
 4508      455F4556 
 4508      545F504C 
ARM GAS  C:\Users\Lenovo\AppData\Local\Temp\ccHfIZ2m.s 			page 113


 4508      5853535F 
 4508      4E4F5449 
 4509              	.LASF205:
 4510 2dc8 4359424C 		.ascii	"CYBLE_EVT_CGMSC_INDICATION\000"
 4510      455F4556 
 4510      545F4347 
 4510      4D53435F 
 4510      494E4449 
 4511              	.LASF337:
 4512 2de3 4359424C 		.ascii	"CYBLE_EVT_PASSS_NOTIFICATION_ENABLED\000"
 4512      455F4556 
 4512      545F5041 
 4512      5353535F 
 4512      4E4F5449 
 4513              	.LASF113:
 4514 2e08 4359424C 		.ascii	"CYBLE_AIOS_DESCR_COUNT\000"
 4514      455F4149 
 4514      4F535F44 
 4514      45534352 
 4514      5F434F55 
 4515              	.LASF53:
 4516 2e1f 74797065 		.ascii	"type\000"
 4516      00
 4517              	.LASF323:
 4518 2e24 4359424C 		.ascii	"CYBLE_EVT_LLSC_WRITE_CHAR_RESPONSE\000"
 4518      455F4556 
 4518      545F4C4C 
 4518      53435F57 
 4518      52495445 
 4519              	.LASF1:
 4520 2e47 756E7369 		.ascii	"unsigned char\000"
 4520      676E6564 
 4520      20636861 
 4520      7200
 4521              	.LASF318:
 4522 2e55 4359424C 		.ascii	"CYBLE_EVT_IPSC_WRITE_DESCR_RESPONSE\000"
 4522      455F4556 
 4522      545F4950 
 4522      53435F57 
 4522      52495445 
 4523              	.LASF225:
 4524 2e79 4359424C 		.ascii	"CYBLE_EVT_CPSC_SCAN_PROGRESS_RESULT\000"
 4524      455F4556 
 4524      545F4350 
 4524      53435F53 
 4524      43414E5F 
 4525              	.LASF249:
 4526 2e9d 4359424C 		.ascii	"CYBLE_EVT_ESSS_INDICATION_ENABLED\000"
 4526      455F4556 
 4526      545F4553 
 4526      53535F49 
 4526      4E444943 
 4527              	.LASF59:
 4528 2ebf 4359424C 		.ascii	"CYBLE_GATT_ERR_INVALID_PDU\000"
 4528      455F4741 
 4528      54545F45 
 4528      52525F49 
ARM GAS  C:\Users\Lenovo\AppData\Local\Temp\ccHfIZ2m.s 			page 114


 4528      4E56414C 
 4529              	.LASF66:
 4530 2eda 4359424C 		.ascii	"CYBLE_GATT_ERR_ATTRIBUTE_NOT_LONG\000"
 4530      455F4741 
 4530      54545F45 
 4530      52525F41 
 4530      54545249 
 4531              	.LASF425:
 4532 2efc 53746172 		.ascii	"StartAdvertisement\000"
 4532      74416476 
 4532      65727469 
 4532      73656D65 
 4532      6E7400
 4533              	.LASF180:
 4534 2f0f 4359424C 		.ascii	"CYBLE_EVT_BCSS_INDICATION_CONFIRMED\000"
 4534      455F4556 
 4534      545F4243 
 4534      53535F49 
 4534      4E444943 
 4535              	.LASF187:
 4536 2f33 4359424C 		.ascii	"CYBLE_EVT_BLSS_INDICATION_CONFIRMED\000"
 4536      455F4556 
 4536      545F424C 
 4536      53535F49 
 4536      4E444943 
 4537              	.LASF434:
 4538 2f57 4379426C 		.ascii	"CyBle_GappStartAdvertisement\000"
 4538      655F4761 
 4538      70705374 
 4538      61727441 
 4538      64766572 
 4539              	.LASF212:
 4540 2f74 4359424C 		.ascii	"CYBLE_EVT_CPSS_NOTIFICATION_DISABLED\000"
 4540      455F4556 
 4540      545F4350 
 4540      53535F4E 
 4540      4F544946 
 4541              	.LASF378:
 4542 2f99 4359424C 		.ascii	"CYBLE_EVT_TPSS_NOTIFICATION_DISABLED\000"
 4542      455F4556 
 4542      545F5450 
 4542      53535F4E 
 4542      4F544946 
 4543              	.LASF124:
 4544 2fbe 4359424C 		.ascii	"CYBLE_PASSKEY_ENTRY_REQUEST_REPLY\000"
 4544      455F5041 
 4544      53534B45 
 4544      595F454E 
 4544      5452595F 
 4545              	.LASF152:
 4546 2fe0 4359424C 		.ascii	"CYBLE_EVT_AIOSC_WRITE_CHAR_RESPONSE\000"
 4546      455F4556 
 4546      545F4149 
 4546      4F53435F 
 4546      57524954 
 4547              	.LASF174:
 4548 3004 4359424C 		.ascii	"CYBLE_EVT_BASC_NOTIFICATION\000"
ARM GAS  C:\Users\Lenovo\AppData\Local\Temp\ccHfIZ2m.s 			page 115


 4548      455F4556 
 4548      545F4241 
 4548      53435F4E 
 4548      4F544946 
 4549              	.LASF246:
 4550 3020 4359424C 		.ascii	"CYBLE_EVT_DISC_READ_CHAR_RESPONSE\000"
 4550      455F4556 
 4550      545F4449 
 4550      53435F52 
 4550      4541445F 
 4551              	.LASF360:
 4552 3042 4359424C 		.ascii	"CYBLE_EVT_RSCSS_INDICATION_DISABLED\000"
 4552      455F4556 
 4552      545F5253 
 4552      4353535F 
 4552      494E4449 
 4553              	.LASF73:
 4554 3066 4359424C 		.ascii	"CYBLE_GATT_ERR_TRIGGER_CODITION_VALUE_NOT_SUPPORTED"
 4554      455F4741 
 4554      54545F45 
 4554      52525F54 
 4554      52494747 
 4555 3099 00       		.ascii	"\000"
 4556              	.LASF166:
 4557 309a 4359424C 		.ascii	"CYBLE_EVT_ANSS_CHAR_WRITE\000"
 4557      455F4556 
 4557      545F414E 
 4557      53535F43 
 4557      4841525F 
 4558              	.LASF172:
 4559 30b4 4359424C 		.ascii	"CYBLE_EVT_BASS_NOTIFICATION_ENABLED\000"
 4559      455F4556 
 4559      545F4241 
 4559      53535F4E 
 4559      4F544946 
 4560              	.LASF357:
 4561 30d8 4359424C 		.ascii	"CYBLE_EVT_RSCSS_NOTIFICATION_ENABLED\000"
 4561      455F4556 
 4561      545F5253 
 4561      4353535F 
 4561      4E4F5449 
 4562              	.LASF400:
 4563 30fd 4359424C 		.ascii	"CYBLE_EVT_WPTSS_INDICATION_DISABLED\000"
 4563      455F4556 
 4563      545F5750 
 4563      5453535F 
 4563      494E4449 
 4564              	.LASF269:
 4565 3121 4359424C 		.ascii	"CYBLE_EVT_GLSC_WRITE_CHAR_RESPONSE\000"
 4565      455F4556 
 4565      545F474C 
 4565      53435F57 
 4565      52495445 
 4566              	.LASF170:
 4567 3144 4359424C 		.ascii	"CYBLE_EVT_ANSC_READ_DESCR_RESPONSE\000"
 4567      455F4556 
 4567      545F414E 
ARM GAS  C:\Users\Lenovo\AppData\Local\Temp\ccHfIZ2m.s 			page 116


 4567      53435F52 
 4567      4541445F 
 4568              	.LASF291:
 4569 3167 4359424C 		.ascii	"CYBLE_EVT_HPSC_WRITE_CHAR_RESPONSE\000"
 4569      455F4556 
 4569      545F4850 
 4569      53435F57 
 4569      52495445 
 4570              	.LASF313:
 4571 318a 4359424C 		.ascii	"CYBLE_EVT_IPSS_WRITE_CHAR\000"
 4571      455F4556 
 4571      545F4950 
 4571      53535F57 
 4571      52495445 
 4572              	.LASF65:
 4573 31a4 4359424C 		.ascii	"CYBLE_GATT_ERR_ATTRIBUTE_NOT_FOUND\000"
 4573      455F4741 
 4573      54545F45 
 4573      52525F41 
 4573      54545249 
 4574              	.LASF437:
 4575 31c7 41647665 		.ascii	"Advertising_LED_Write\000"
 4575      72746973 
 4575      696E675F 
 4575      4C45445F 
 4575      57726974 
 4576              	.LASF369:
 4577 31dd 4359424C 		.ascii	"CYBLE_EVT_RTUSS_WRITE_CHAR_CMD\000"
 4577      455F4556 
 4577      545F5254 
 4577      5553535F 
 4577      57524954 
 4578              	.LASF95:
 4579 31fc 62644861 		.ascii	"bdHandle\000"
 4579      6E646C65 
 4579      00
 4580              	.LASF407:
 4581 3205 4359424C 		.ascii	"CYBLE_EVT_WPTSC_READ_DESCR_RESPONSE\000"
 4581      455F4556 
 4581      545F5750 
 4581      5453435F 
 4581      52454144 
 4582              	.LASF278:
 4583 3229 4359424C 		.ascii	"CYBLE_EVT_HIDSS_REPORT_CHAR_WRITE\000"
 4583      455F4556 
 4583      545F4849 
 4583      4453535F 
 4583      5245504F 
 4584              	.LASF108:
 4585 324b 4359424C 		.ascii	"CYBLE_AIOS_CHAR_EXTENDED_PROPERTIES\000"
 4585      455F4149 
 4585      4F535F43 
 4585      4841525F 
 4585      45585445 
 4586              	.LASF336:
 4587 326f 4359424C 		.ascii	"CYBLE_EVT_NDCSC_READ_CHAR_RESPONSE\000"
 4587      455F4556 
ARM GAS  C:\Users\Lenovo\AppData\Local\Temp\ccHfIZ2m.s 			page 117


 4587      545F4E44 
 4587      4353435F 
 4587      52454144 
 4588              	.LASF0:
 4589 3292 7369676E 		.ascii	"signed char\000"
 4589      65642063 
 4589      68617200 
 4590              	.LASF132:
 4591 329e 4359424C 		.ascii	"CYBLE_EVT_GATTC_CHAR_DISCOVERY_FAILED\000"
 4591      455F4556 
 4591      545F4741 
 4591      5454435F 
 4591      43484152 
 4592              	.LASF3:
 4593 32c4 73686F72 		.ascii	"short unsigned int\000"
 4593      7420756E 
 4593      7369676E 
 4593      65642069 
 4593      6E7400
 4594              	.LASF279:
 4595 32d7 4359424C 		.ascii	"CYBLE_EVT_HIDSC_NOTIFICATION\000"
 4595      455F4556 
 4595      545F4849 
 4595      4453435F 
 4595      4E4F5449 
 4596              	.LASF237:
 4597 32f4 4359424C 		.ascii	"CYBLE_EVT_CSCSC_WRITE_DESCR_RESPONSE\000"
 4597      455F4556 
 4597      545F4353 
 4597      4353435F 
 4597      57524954 
 4598              	.LASF335:
 4599 3319 4359424C 		.ascii	"CYBLE_EVT_LNSC_WRITE_DESCR_RESPONSE\000"
 4599      455F4556 
 4599      545F4C4E 
 4599      53435F57 
 4599      52495445 
 4600              	.LASF44:
 4601 333d 4359424C 		.ascii	"CYBLE_ERROR_CONTROLLER_BUSY\000"
 4601      455F4552 
 4601      524F525F 
 4601      434F4E54 
 4601      524F4C4C 
 4602              	.LASF375:
 4603 3359 4359424C 		.ascii	"CYBLE_EVT_SCPSC_READ_DESCR_RESPONSE\000"
 4603      455F4556 
 4603      545F5343 
 4603      5053435F 
 4603      52454144 
 4604              	.LASF35:
 4605 337d 4359424C 		.ascii	"CYBLE_ERROR_L2CAP_PSM_NOT_IN_RANGE\000"
 4605      455F4552 
 4605      524F525F 
 4605      4C324341 
 4605      505F5053 
 4606              	.LASF9:
 4607 33a0 75696E74 		.ascii	"uint8\000"
ARM GAS  C:\Users\Lenovo\AppData\Local\Temp\ccHfIZ2m.s 			page 118


 4607      3800
 4608              	.LASF17:
 4609 33a6 4359424C 		.ascii	"CYBLE_ERROR_OK\000"
 4609      455F4552 
 4609      524F525F 
 4609      4F4B00
 4610              	.LASF220:
 4611 33b5 4359424C 		.ascii	"CYBLE_EVT_CPSC_INDICATION\000"
 4611      455F4556 
 4611      545F4350 
 4611      53435F49 
 4611      4E444943 
 4612              	.LASF294:
 4613 33cf 4359424C 		.ascii	"CYBLE_EVT_HRSS_NOTIFICATION_DISABLED\000"
 4613      455F4556 
 4613      545F4852 
 4613      53535F4E 
 4613      4F544946 
 4614              	.LASF85:
 4615 33f4 4359424C 		.ascii	"CYBLE_GATTS_ERR_NETWORK_NOT_AVAILABLE\000"
 4615      455F4741 
 4615      5454535F 
 4615      4552525F 
 4615      4E455457 
 4616              	.LASF211:
 4617 341a 4359424C 		.ascii	"CYBLE_EVT_CPSS_NOTIFICATION_ENABLED\000"
 4617      455F4556 
 4617      545F4350 
 4617      53535F4E 
 4617      4F544946 
 4618              	.LASF169:
 4619 343e 4359424C 		.ascii	"CYBLE_EVT_ANSC_WRITE_CHAR_RESPONSE\000"
 4619      455F4556 
 4619      545F414E 
 4619      53435F57 
 4619      52495445 
 4620              	.LASF388:
 4621 3461 4359424C 		.ascii	"CYBLE_EVT_UDSS_READ_CHAR\000"
 4621      455F4556 
 4621      545F5544 
 4621      53535F52 
 4621      4541445F 
 4622              	.LASF88:
 4623 347a 4359424C 		.ascii	"CYBLE_GATT_ERR_ANCS_INVALID_COMMAND\000"
 4623      455F4741 
 4623      54545F45 
 4623      52525F41 
 4623      4E43535F 
 4624              	.LASF232:
 4625 349e 4359424C 		.ascii	"CYBLE_EVT_CSCSC_NOTIFICATION\000"
 4625      455F4556 
 4625      545F4353 
 4625      4353435F 
 4625      4E4F5449 
 4626              	.LASF254:
 4627 34bb 4359424C 		.ascii	"CYBLE_EVT_ESSC_NOTIFICATION\000"
 4627      455F4556 
ARM GAS  C:\Users\Lenovo\AppData\Local\Temp\ccHfIZ2m.s 			page 119


 4627      545F4553 
 4627      53435F4E 
 4627      4F544946 
 4628              	.LASF287:
 4629 34d7 4359424C 		.ascii	"CYBLE_EVT_HPSC_NOTIFICATION\000"
 4629      455F4556 
 4629      545F4850 
 4629      53435F4E 
 4629      4F544946 
 4630              	.LASF143:
 4631 34f3 4359424C 		.ascii	"CYBLE_EVT_AIOSS_NOTIFICATION_DISABLED\000"
 4631      455F4556 
 4631      545F4149 
 4631      4F53535F 
 4631      4E4F5449 
 4632              	.LASF61:
 4633 3519 4359424C 		.ascii	"CYBLE_GATT_ERR_REQUEST_NOT_SUPPORTED\000"
 4633      455F4741 
 4633      54545F45 
 4633      52525F52 
 4633      45515545 
 4634              	.LASF302:
 4635 353e 4359424C 		.ascii	"CYBLE_EVT_HTSS_INDICATION_ENABLED\000"
 4635      455F4556 
 4635      545F4854 
 4635      53535F49 
 4635      4E444943 
 4636              	.LASF115:
 4637 3560 636F6E6E 		.ascii	"connHandle\000"
 4637      48616E64 
 4637      6C6500
 4638              	.LASF247:
 4639 356b 4359424C 		.ascii	"CYBLE_EVT_ESSS_NOTIFICATION_ENABLED\000"
 4639      455F4556 
 4639      545F4553 
 4639      53535F4E 
 4639      4F544946 
 4640              	.LASF153:
 4641 358f 4359424C 		.ascii	"CYBLE_EVT_AIOSC_READ_DESCR_RESPONSE\000"
 4641      455F4556 
 4641      545F4149 
 4641      4F53435F 
 4641      52454144 
 4642              	.LASF118:
 4643 35b3 76616C75 		.ascii	"value\000"
 4643      6500
 4644              	.LASF203:
 4645 35b9 4359424C 		.ascii	"CYBLE_EVT_CGMSS_NOTIFICATION_DISABLED\000"
 4645      455F4556 
 4645      545F4347 
 4645      4D53535F 
 4645      4E4F5449 
 4646              	.LASF415:
 4647 35df 4359424C 		.ascii	"CYBLE_EVT_WSSC_WRITE_DESCR_RESPONSE\000"
 4647      455F4556 
 4647      545F5753 
 4647      53435F57 
ARM GAS  C:\Users\Lenovo\AppData\Local\Temp\ccHfIZ2m.s 			page 120


 4647      52495445 
 4648              	.LASF333:
 4649 3603 4359424C 		.ascii	"CYBLE_EVT_LNSC_WRITE_CHAR_RESPONSE\000"
 4649      455F4556 
 4649      545F4C4E 
 4649      53435F57 
 4649      52495445 
 4650              		.ident	"GCC: (GNU Tools for ARM Embedded Processors) 5.4.1 20160609 (release) [ARM/embedded-5-bran
