ARM GAS  C:\Users\Lenovo\AppData\Local\Temp\cco0TkLK.s 			page 1


   1              		.syntax unified
   2              		.cpu cortex-m0
   3              		.fpu softvfp
   4              		.eabi_attribute 20, 1
   5              		.eabi_attribute 21, 1
   6              		.eabi_attribute 23, 3
   7              		.eabi_attribute 24, 1
   8              		.eabi_attribute 25, 1
   9              		.eabi_attribute 26, 1
  10              		.eabi_attribute 30, 1
  11              		.eabi_attribute 34, 0
  12              		.eabi_attribute 18, 4
  13              		.thumb
  14              		.syntax unified
  15              		.file	"BLE_1.c"
  16              		.text
  17              	.Ltext0:
  18              		.cfi_sections	.debug_frame
  19              		.section	.text.CyBle_ChangeAdLocalName,"ax",%progbits
  20              		.align	2
  21              		.code	16
  22              		.thumb_func
  23              		.type	CyBle_ChangeAdLocalName, %function
  24              	CyBle_ChangeAdLocalName:
  25              	.LFB11:
  26              		.file 1 "Generated_Source\\PSoC4\\BLE_1.c"
   1:Generated_Source\PSoC4/BLE_1.c **** /***************************************************************************//**
   2:Generated_Source\PSoC4/BLE_1.c **** * \file CYBLE.c
   3:Generated_Source\PSoC4/BLE_1.c **** * \version 3.40
   4:Generated_Source\PSoC4/BLE_1.c **** * 
   5:Generated_Source\PSoC4/BLE_1.c **** * \brief
   6:Generated_Source\PSoC4/BLE_1.c **** *  This file contains the source code for the Common APIs of the BLE Component.
   7:Generated_Source\PSoC4/BLE_1.c **** * 
   8:Generated_Source\PSoC4/BLE_1.c **** ********************************************************************************
   9:Generated_Source\PSoC4/BLE_1.c **** * \copyright
  10:Generated_Source\PSoC4/BLE_1.c **** * Copyright 2014-2016, Cypress Semiconductor Corporation.  All rights reserved.
  11:Generated_Source\PSoC4/BLE_1.c **** * You may use this file only in accordance with the license, terms, conditions,
  12:Generated_Source\PSoC4/BLE_1.c **** * disclaimers, and limitations in the end user license agreement accompanying
  13:Generated_Source\PSoC4/BLE_1.c **** * the software package with which this file was provided.
  14:Generated_Source\PSoC4/BLE_1.c **** *******************************************************************************/
  15:Generated_Source\PSoC4/BLE_1.c **** 
  16:Generated_Source\PSoC4/BLE_1.c **** #include "BLE_1_eventHandler.h"
  17:Generated_Source\PSoC4/BLE_1.c **** #include "BLE_1_HAL_PVT.h"
  18:Generated_Source\PSoC4/BLE_1.c **** #include <stdlib.h>
  19:Generated_Source\PSoC4/BLE_1.c **** 
  20:Generated_Source\PSoC4/BLE_1.c **** 
  21:Generated_Source\PSoC4/BLE_1.c **** /***************************************
  22:Generated_Source\PSoC4/BLE_1.c **** * Function Prototypes
  23:Generated_Source\PSoC4/BLE_1.c **** ***************************************/
  24:Generated_Source\PSoC4/BLE_1.c **** 
  25:Generated_Source\PSoC4/BLE_1.c **** #if(CYBLE_GATT_ROLE_SERVER)
  26:Generated_Source\PSoC4/BLE_1.c ****     #if(CYBLE_GAP_ROLE_PERIPHERAL)
  27:Generated_Source\PSoC4/BLE_1.c ****         static void CyBle_ChangeAdLocalName(const char8 name[], uint8 dest);
  28:Generated_Source\PSoC4/BLE_1.c ****     #endif /* (CYBLE_GAP_ROLE_PERIPHERAL) */
  29:Generated_Source\PSoC4/BLE_1.c **** #endif /* (CYBLE_GATT_ROLE_SERVER) */
  30:Generated_Source\PSoC4/BLE_1.c ****     
  31:Generated_Source\PSoC4/BLE_1.c **** 
ARM GAS  C:\Users\Lenovo\AppData\Local\Temp\cco0TkLK.s 			page 2


  32:Generated_Source\PSoC4/BLE_1.c **** /***************************************
  33:Generated_Source\PSoC4/BLE_1.c **** * Global Variables
  34:Generated_Source\PSoC4/BLE_1.c **** ***************************************/
  35:Generated_Source\PSoC4/BLE_1.c **** 
  36:Generated_Source\PSoC4/BLE_1.c **** /* Indicates whether the BLE has been initialized. The variable is initialized to
  37:Generated_Source\PSoC4/BLE_1.c ****    0 and set to 1 the first time CyBle_Start() is called. This allows the component
  38:Generated_Source\PSoC4/BLE_1.c ****    to restart without reinitialization after the first call to the CyBle_Start() 
  39:Generated_Source\PSoC4/BLE_1.c ****    routine. If reinitialization of the component is required, the variable should 
  40:Generated_Source\PSoC4/BLE_1.c ****    be set to 0 before the CyBle_Start() routine is called. Alternatively, the BLE
  41:Generated_Source\PSoC4/BLE_1.c ****    can be reinitialized by calling the CyBle_Init() function.
  42:Generated_Source\PSoC4/BLE_1.c **** */
  43:Generated_Source\PSoC4/BLE_1.c **** uint8  cyBle_initVar = 0u;
  44:Generated_Source\PSoC4/BLE_1.c **** 
  45:Generated_Source\PSoC4/BLE_1.c **** /* Allocate RAM memory for stack. This buffer could be reused by application when 
  46:Generated_Source\PSoC4/BLE_1.c ****    BLE component is stopped. For export mode buffer is allocated in heap.
  47:Generated_Source\PSoC4/BLE_1.c **** */
  48:Generated_Source\PSoC4/BLE_1.c **** #if(CYBLE_SHARING_MODE_EXPORT)
  49:Generated_Source\PSoC4/BLE_1.c ****     
  50:Generated_Source\PSoC4/BLE_1.c **** uint8 *cyBle_stackMemoryRam = NULL;
  51:Generated_Source\PSoC4/BLE_1.c **** 
  52:Generated_Source\PSoC4/BLE_1.c **** #else
  53:Generated_Source\PSoC4/BLE_1.c **** 
  54:Generated_Source\PSoC4/BLE_1.c **** CYBLE_CYALIGNED_BEGIN CY_NOINIT uint8 cyBle_stackMemoryRam[CYBLE_STACK_RAM_SIZE] CYBLE_CYALIGNED_EN
  55:Generated_Source\PSoC4/BLE_1.c **** 
  56:Generated_Source\PSoC4/BLE_1.c **** #endif  /* CYBLE_SHARING_MODE_EXPORT */
  57:Generated_Source\PSoC4/BLE_1.c **** 
  58:Generated_Source\PSoC4/BLE_1.c **** #if(CYBLE_GAP_ROLE_PERIPHERAL || CYBLE_GAP_ROLE_BROADCASTER)
  59:Generated_Source\PSoC4/BLE_1.c **** 
  60:Generated_Source\PSoC4/BLE_1.c **** CYBLE_GAPP_DISC_PARAM_T cyBle_discoveryParam =
  61:Generated_Source\PSoC4/BLE_1.c **** {
  62:Generated_Source\PSoC4/BLE_1.c ****     0x0020u,    /* uint16 advertising_interval_min */
  63:Generated_Source\PSoC4/BLE_1.c ****     0x0030u,    /* uint16 advertising_interval_max */
  64:Generated_Source\PSoC4/BLE_1.c ****     CYBLE_GAPP_CONNECTABLE_UNDIRECTED_ADV, /* uint8 advertising_type */
  65:Generated_Source\PSoC4/BLE_1.c ****     0x00u,      /* uint8 own_addr_type */
  66:Generated_Source\PSoC4/BLE_1.c ****     0x00u,      /* uint8 direct_addr_type */
  67:Generated_Source\PSoC4/BLE_1.c ****     {0x1Fu, 0x00u, 0x00u, 0x50u, 0xA0u, 0x00u}, /* uint8* direct_addr */
  68:Generated_Source\PSoC4/BLE_1.c ****     0x07u,      /* uint8 advertising_channel_map */
  69:Generated_Source\PSoC4/BLE_1.c ****     0x00u,      /* uint8 advertising_filter_policy */
  70:Generated_Source\PSoC4/BLE_1.c **** };
  71:Generated_Source\PSoC4/BLE_1.c **** 
  72:Generated_Source\PSoC4/BLE_1.c **** CYBLE_GAPP_DISC_DATA_T cyBle_discoveryData =
  73:Generated_Source\PSoC4/BLE_1.c **** {
  74:Generated_Source\PSoC4/BLE_1.c ****     { 0x02u, 0x01u, 0x06u, 0x0Eu, 0x09u, 0x41u, 0x75u,
  75:Generated_Source\PSoC4/BLE_1.c ****     0x74u, 0x6Fu, 0x6Du, 0x61u, 0x74u, 0x69u, 0x6Fu, 0x6Eu,
  76:Generated_Source\PSoC4/BLE_1.c ****     0x20u, 0x49u, 0x4Fu, 0x03u, 0x03u, 0x15u, 0x18u, 0x00u,
  77:Generated_Source\PSoC4/BLE_1.c ****     0x00u, 0x00u, 0x00u, 0x00u, 0x00u, 0x00u, 0x00u, 0x00u }, /* uint8 advertising_data[CYBLE_MAX_A
  78:Generated_Source\PSoC4/BLE_1.c ****     0x16u,      /* uint8 adv_data_length */
  79:Generated_Source\PSoC4/BLE_1.c **** };
  80:Generated_Source\PSoC4/BLE_1.c **** 
  81:Generated_Source\PSoC4/BLE_1.c **** CYBLE_GAPP_SCAN_RSP_DATA_T cyBle_scanRspData =
  82:Generated_Source\PSoC4/BLE_1.c **** {
  83:Generated_Source\PSoC4/BLE_1.c ****     { 0x00u, 0x00u, 0x00u, 0x00u, 0x00u, 0x00u, 0x00u,
  84:Generated_Source\PSoC4/BLE_1.c ****     0x00u, 0x00u, 0x00u, 0x00u, 0x00u, 0x00u, 0x00u, 0x00u,
  85:Generated_Source\PSoC4/BLE_1.c ****     0x00u, 0x00u, 0x00u, 0x00u, 0x00u, 0x00u, 0x00u, 0x00u,
  86:Generated_Source\PSoC4/BLE_1.c ****     0x00u, 0x00u, 0x00u, 0x00u, 0x00u, 0x00u, 0x00u, 0x00u }, /* uint8 scan_rsp_data[CYBLE_MAX_SCAN
  87:Generated_Source\PSoC4/BLE_1.c ****     0x00u,      /* uint8 scan_rsp_data_length */
  88:Generated_Source\PSoC4/BLE_1.c **** };
ARM GAS  C:\Users\Lenovo\AppData\Local\Temp\cco0TkLK.s 			page 3


  89:Generated_Source\PSoC4/BLE_1.c **** 
  90:Generated_Source\PSoC4/BLE_1.c **** /* This variable of type CYBLE_GAPP_DISC_MODE_INFO_T is present only when 
  91:Generated_Source\PSoC4/BLE_1.c ****    the BLE component is configured for Peripheral GAP role or Central and 
  92:Generated_Source\PSoC4/BLE_1.c ****    Peripheral GAP role. It contains the Advertisement settings and also the 
  93:Generated_Source\PSoC4/BLE_1.c ****    Advertisement and Scan response data parameters entered in the customizer.
  94:Generated_Source\PSoC4/BLE_1.c ****    This variable can be used by advanced users to change Advertisement settings,
  95:Generated_Source\PSoC4/BLE_1.c ****    Advertisement or Scan response data in runtime. 
  96:Generated_Source\PSoC4/BLE_1.c **** */
  97:Generated_Source\PSoC4/BLE_1.c **** CYBLE_GAPP_DISC_MODE_INFO_T cyBle_discoveryModeInfo =
  98:Generated_Source\PSoC4/BLE_1.c **** {
  99:Generated_Source\PSoC4/BLE_1.c ****     0x02u,      /* uint8 discMode */
 100:Generated_Source\PSoC4/BLE_1.c ****     &cyBle_discoveryParam,
 101:Generated_Source\PSoC4/BLE_1.c ****     &cyBle_discoveryData,
 102:Generated_Source\PSoC4/BLE_1.c ****     &cyBle_scanRspData,
 103:Generated_Source\PSoC4/BLE_1.c ****     0x00B4u,    /* uint16 advTo */
 104:Generated_Source\PSoC4/BLE_1.c **** };
 105:Generated_Source\PSoC4/BLE_1.c **** 
 106:Generated_Source\PSoC4/BLE_1.c **** 
 107:Generated_Source\PSoC4/BLE_1.c **** #endif /* CYBLE_GAP_ROLE_PERIPHERAL || CYBLE_GAP_ROLE_BROADCASTER */
 108:Generated_Source\PSoC4/BLE_1.c **** 
 109:Generated_Source\PSoC4/BLE_1.c **** #if(CYBLE_GAP_ROLE_CENTRAL)
 110:Generated_Source\PSoC4/BLE_1.c ****     
 111:Generated_Source\PSoC4/BLE_1.c **** CYBLE_GAPC_CONN_PARAM_T cyBle_connectionParameters;
 112:Generated_Source\PSoC4/BLE_1.c **** 
 113:Generated_Source\PSoC4/BLE_1.c **** /* Connecting timeout is set to 30 seconds in CyBle_Init function. 
 114:Generated_Source\PSoC4/BLE_1.c ****    Not zero value starts timer in CyBle_GapcConnectDevice() API fucntion.
 115:Generated_Source\PSoC4/BLE_1.c **** */
 116:Generated_Source\PSoC4/BLE_1.c **** uint16 cyBle_connectingTimeout;
 117:Generated_Source\PSoC4/BLE_1.c ****     
 118:Generated_Source\PSoC4/BLE_1.c **** #endif /* CYBLE_GAP_ROLE_CENTRAL */
 119:Generated_Source\PSoC4/BLE_1.c **** 
 120:Generated_Source\PSoC4/BLE_1.c **** #if(CYBLE_GAP_ROLE_CENTRAL || CYBLE_GAP_ROLE_OBSERVER)
 121:Generated_Source\PSoC4/BLE_1.c ****     
 122:Generated_Source\PSoC4/BLE_1.c **** 
 123:Generated_Source\PSoC4/BLE_1.c ****     
 124:Generated_Source\PSoC4/BLE_1.c **** #endif /* CYBLE_GAP_ROLE_CENTRAL || CYBLE_GAP_ROLE_OBSERVER */
 125:Generated_Source\PSoC4/BLE_1.c **** 
 126:Generated_Source\PSoC4/BLE_1.c **** #if((CYBLE_GAP_ROLE_PERIPHERAL || CYBLE_GAP_ROLE_CENTRAL) && (CYBLE_BONDING_REQUIREMENT == CYBLE_BO
 127:Generated_Source\PSoC4/BLE_1.c **** 
 128:Generated_Source\PSoC4/BLE_1.c **** uint8 cyBle_peerBonding;
 129:Generated_Source\PSoC4/BLE_1.c **** uint8 cyBle_pendingFlashWrite;
 130:Generated_Source\PSoC4/BLE_1.c ****     
 131:Generated_Source\PSoC4/BLE_1.c **** #if(CYBLE_GATT_DB_CCCD_COUNT != 0u)
 132:Generated_Source\PSoC4/BLE_1.c ****     static uint8 cyBle_pendingFlashClearCccdHandle;
 133:Generated_Source\PSoC4/BLE_1.c **** #endif /* CYBLE_GATT_DB_CCCD_COUNT != 0u */
 134:Generated_Source\PSoC4/BLE_1.c ****     
 135:Generated_Source\PSoC4/BLE_1.c **** #endif  /* (CYBLE_BONDING_REQUIREMENT == CYBLE_BONDING_YES) */
 136:Generated_Source\PSoC4/BLE_1.c **** 
 137:Generated_Source\PSoC4/BLE_1.c **** CYBLE_CALLBACK_T CyBle_ApplCallback;
 138:Generated_Source\PSoC4/BLE_1.c **** CYBLE_GAP_BD_ADDR_T cyBle_deviceAddress = {{0x1Fu, 0x00u, 0x00u, 0x50u, 0xA0u, 0x00u}, 0x00u };
 139:Generated_Source\PSoC4/BLE_1.c **** CYBLE_GAP_BD_ADDR_T * cyBle_sflashDeviceAddress = CYBLE_SFLASH_DEVICE_ADDRESS_PTR;
 140:Generated_Source\PSoC4/BLE_1.c **** 
 141:Generated_Source\PSoC4/BLE_1.c **** 
 142:Generated_Source\PSoC4/BLE_1.c **** /******************************************************************************
 143:Generated_Source\PSoC4/BLE_1.c **** * Function Name: CyBle_Init
 144:Generated_Source\PSoC4/BLE_1.c **** ***************************************************************************//**
 145:Generated_Source\PSoC4/BLE_1.c **** *
ARM GAS  C:\Users\Lenovo\AppData\Local\Temp\cco0TkLK.s 			page 4


 146:Generated_Source\PSoC4/BLE_1.c **** *   Initializes the component with the parameters set in the customizer.
 147:Generated_Source\PSoC4/BLE_1.c **** * 
 148:Generated_Source\PSoC4/BLE_1.c **** *  \return
 149:Generated_Source\PSoC4/BLE_1.c **** *   None
 150:Generated_Source\PSoC4/BLE_1.c **** * 
 151:Generated_Source\PSoC4/BLE_1.c **** ******************************************************************************/
 152:Generated_Source\PSoC4/BLE_1.c **** void CyBle_Init(void)
 153:Generated_Source\PSoC4/BLE_1.c **** {
 154:Generated_Source\PSoC4/BLE_1.c ****     cyBle_eventHandlerFlag = 0u;
 155:Generated_Source\PSoC4/BLE_1.c ****     cyBle_busyStatus = CYBLE_STACK_STATE_FREE;
 156:Generated_Source\PSoC4/BLE_1.c **** 
 157:Generated_Source\PSoC4/BLE_1.c ****     #if(CYBLE_GAP_ROLE_PERIPHERAL || CYBLE_GAP_ROLE_BROADCASTER) 
 158:Generated_Source\PSoC4/BLE_1.c ****         cyBle_advertisingIntervalType = CYBLE_ADVERTISING_FAST; 
 159:Generated_Source\PSoC4/BLE_1.c ****     #endif /* (CYBLE_GAP_ROLE_PERIPHERAL || CYBLE_GAP_ROLE_BROADCASTER)  */
 160:Generated_Source\PSoC4/BLE_1.c ****     #if(CYBLE_GAP_ROLE_CENTRAL || CYBLE_GAP_ROLE_OBSERVER)
 161:Generated_Source\PSoC4/BLE_1.c ****         cyBle_scanningIntervalType = CYBLE_SCANNING_FAST; 
 162:Generated_Source\PSoC4/BLE_1.c ****     #endif /* (CYBLE_GAP_ROLE_CENTRAL || CYBLE_GAP_ROLE_OBSERVER) */
 163:Generated_Source\PSoC4/BLE_1.c ****         
 164:Generated_Source\PSoC4/BLE_1.c ****     /* Init default connection parameters. 
 165:Generated_Source\PSoC4/BLE_1.c ****        Application may change it before initiating a connection */
 166:Generated_Source\PSoC4/BLE_1.c ****     #if(CYBLE_GAP_ROLE_CENTRAL)
 167:Generated_Source\PSoC4/BLE_1.c ****         cyBle_connectionParameters.scanIntv = cyBle_discoveryInfo.scanIntv;
 168:Generated_Source\PSoC4/BLE_1.c ****         cyBle_connectionParameters.scanWindow = cyBle_discoveryInfo.scanWindow;
 169:Generated_Source\PSoC4/BLE_1.c ****         cyBle_connectionParameters.ownAddrType = cyBle_discoveryInfo.ownAddrType;
 170:Generated_Source\PSoC4/BLE_1.c ****         cyBle_connectionParameters.initiatorFilterPolicy = cyBle_discoveryInfo.scanFilterPolicy;
 171:Generated_Source\PSoC4/BLE_1.c ****         cyBle_connectionParameters.connIntvMin = CYBLE_GAPC_CONNECTION_INTERVAL_MIN;
 172:Generated_Source\PSoC4/BLE_1.c ****         cyBle_connectionParameters.connIntvMax = CYBLE_GAPC_CONNECTION_INTERVAL_MAX;
 173:Generated_Source\PSoC4/BLE_1.c ****         cyBle_connectionParameters.connLatency = CYBLE_GAPC_CONNECTION_SLAVE_LATENCY;
 174:Generated_Source\PSoC4/BLE_1.c ****         cyBle_connectionParameters.supervisionTO = CYBLE_GAPC_CONNECTION_TIME_OUT;
 175:Generated_Source\PSoC4/BLE_1.c ****         cyBle_connectionParameters.minCeLength = 0x0000u;
 176:Generated_Source\PSoC4/BLE_1.c ****         cyBle_connectionParameters.maxCeLength = 0xFFFFu;
 177:Generated_Source\PSoC4/BLE_1.c ****         
 178:Generated_Source\PSoC4/BLE_1.c ****         cyBle_connectingTimeout = CYBLE_GAPC_CONNECTING_TIMEOUT;
 179:Generated_Source\PSoC4/BLE_1.c ****     #endif /* CYBLE_GAP_ROLE_CENTRAL */
 180:Generated_Source\PSoC4/BLE_1.c **** 
 181:Generated_Source\PSoC4/BLE_1.c ****     CyBle_ServiceInit();
 182:Generated_Source\PSoC4/BLE_1.c **** 
 183:Generated_Source\PSoC4/BLE_1.c ****     #if((CYBLE_GAP_ROLE_PERIPHERAL || CYBLE_GAP_ROLE_CENTRAL) && (CYBLE_BONDING_REQUIREMENT == CYBL
 184:Generated_Source\PSoC4/BLE_1.c ****         cyBle_pendingFlashWrite = 0u;
 185:Generated_Source\PSoC4/BLE_1.c ****         cyBle_peerBonding = CYBLE_GAP_BONDING_NONE;
 186:Generated_Source\PSoC4/BLE_1.c ****     #endif  /* (CYBLE_BONDING_REQUIREMENT == CYBLE_BONDING_YES) */
 187:Generated_Source\PSoC4/BLE_1.c **** 
 188:Generated_Source\PSoC4/BLE_1.c **** }
 189:Generated_Source\PSoC4/BLE_1.c **** 
 190:Generated_Source\PSoC4/BLE_1.c **** 
 191:Generated_Source\PSoC4/BLE_1.c **** /******************************************************************************
 192:Generated_Source\PSoC4/BLE_1.c **** * Function Name: CyBle_ServiceInit
 193:Generated_Source\PSoC4/BLE_1.c **** ***************************************************************************//**
 194:Generated_Source\PSoC4/BLE_1.c **** * 
 195:Generated_Source\PSoC4/BLE_1.c **** *  Initializes all included services.
 196:Generated_Source\PSoC4/BLE_1.c **** * 
 197:Generated_Source\PSoC4/BLE_1.c **** * \return
 198:Generated_Source\PSoC4/BLE_1.c **** *  None
 199:Generated_Source\PSoC4/BLE_1.c **** * 
 200:Generated_Source\PSoC4/BLE_1.c **** ******************************************************************************/
 201:Generated_Source\PSoC4/BLE_1.c **** void CyBle_ServiceInit(void)
 202:Generated_Source\PSoC4/BLE_1.c **** {
ARM GAS  C:\Users\Lenovo\AppData\Local\Temp\cco0TkLK.s 			page 5


 203:Generated_Source\PSoC4/BLE_1.c ****     #if(CYBLE_GATT_ROLE_CLIENT)
 204:Generated_Source\PSoC4/BLE_1.c ****         /* Check service range before clearing to support partial discovery */
 205:Generated_Source\PSoC4/BLE_1.c ****         if(cyBle_serverInfo[CYBLE_SRVI_GAP].range.startHandle == CYBLE_GATT_INVALID_ATTR_HANDLE_VAL
 206:Generated_Source\PSoC4/BLE_1.c ****         {
 207:Generated_Source\PSoC4/BLE_1.c ****             (void)memset(&cyBle_gapc, 0, sizeof(cyBle_gapc));
 208:Generated_Source\PSoC4/BLE_1.c ****         }
 209:Generated_Source\PSoC4/BLE_1.c ****         if(cyBle_serverInfo[CYBLE_SRVI_GATT].range.startHandle == CYBLE_GATT_INVALID_ATTR_HANDLE_VA
 210:Generated_Source\PSoC4/BLE_1.c ****         {
 211:Generated_Source\PSoC4/BLE_1.c ****             (void)memset(&cyBle_gattc, 0, sizeof(cyBle_gattc));
 212:Generated_Source\PSoC4/BLE_1.c ****         }
 213:Generated_Source\PSoC4/BLE_1.c ****     #endif /* CYBLE_GATT_ROLE_CLIENT */
 214:Generated_Source\PSoC4/BLE_1.c **** 
 215:Generated_Source\PSoC4/BLE_1.c ****    	#ifdef CYBLE_AIOS
 216:Generated_Source\PSoC4/BLE_1.c ****         CyBle_AiosInit();
 217:Generated_Source\PSoC4/BLE_1.c ****     #endif /* CYBLE_AIOS */
 218:Generated_Source\PSoC4/BLE_1.c **** 
 219:Generated_Source\PSoC4/BLE_1.c **** 	#ifdef CYBLE_ANCS
 220:Generated_Source\PSoC4/BLE_1.c ****         CyBle_AncsInit();
 221:Generated_Source\PSoC4/BLE_1.c ****     #endif /* CYBLE_ANCS */
 222:Generated_Source\PSoC4/BLE_1.c **** 	
 223:Generated_Source\PSoC4/BLE_1.c ****     #ifdef CYBLE_ANS
 224:Generated_Source\PSoC4/BLE_1.c ****         CyBle_AnsInit();
 225:Generated_Source\PSoC4/BLE_1.c ****     #endif /* CYBLE_ANS */
 226:Generated_Source\PSoC4/BLE_1.c ****     
 227:Generated_Source\PSoC4/BLE_1.c ****     #ifdef CYBLE_BAS
 228:Generated_Source\PSoC4/BLE_1.c ****         CyBle_BasInit();
 229:Generated_Source\PSoC4/BLE_1.c ****     #endif /* CYBLE_BAS */
 230:Generated_Source\PSoC4/BLE_1.c ****     
 231:Generated_Source\PSoC4/BLE_1.c ****     #ifdef CYBLE_BCS
 232:Generated_Source\PSoC4/BLE_1.c ****         CyBle_BcsInit();
 233:Generated_Source\PSoC4/BLE_1.c ****     #endif /* CYBLE_BCS */
 234:Generated_Source\PSoC4/BLE_1.c **** 
 235:Generated_Source\PSoC4/BLE_1.c ****     #ifdef CYBLE_BLS
 236:Generated_Source\PSoC4/BLE_1.c ****         CyBle_BlsInit();
 237:Generated_Source\PSoC4/BLE_1.c ****     #endif /* CYBLE_BLS */
 238:Generated_Source\PSoC4/BLE_1.c ****     
 239:Generated_Source\PSoC4/BLE_1.c ****     #ifdef CYBLE_BMS
 240:Generated_Source\PSoC4/BLE_1.c ****         CyBle_BmsInit();
 241:Generated_Source\PSoC4/BLE_1.c ****     #endif /* CYBLE_BMS */
 242:Generated_Source\PSoC4/BLE_1.c ****     
 243:Generated_Source\PSoC4/BLE_1.c ****     #ifdef CYBLE_CGMS
 244:Generated_Source\PSoC4/BLE_1.c ****         CyBle_CgmsInit();
 245:Generated_Source\PSoC4/BLE_1.c ****     #endif /* CYBLE_CGMS */
 246:Generated_Source\PSoC4/BLE_1.c **** 
 247:Generated_Source\PSoC4/BLE_1.c ****     #ifdef CYBLE_CPS
 248:Generated_Source\PSoC4/BLE_1.c ****         CyBle_CpsInit();
 249:Generated_Source\PSoC4/BLE_1.c ****     #endif /* CYBLE_CPS */
 250:Generated_Source\PSoC4/BLE_1.c **** 
 251:Generated_Source\PSoC4/BLE_1.c ****     #ifdef CYBLE_CSCS
 252:Generated_Source\PSoC4/BLE_1.c ****         CyBle_CscsInit();
 253:Generated_Source\PSoC4/BLE_1.c ****     #endif /* CYBLE_CSCS */
 254:Generated_Source\PSoC4/BLE_1.c ****     
 255:Generated_Source\PSoC4/BLE_1.c ****     #ifdef CYBLE_CTS
 256:Generated_Source\PSoC4/BLE_1.c ****         CyBle_CtsInit();
 257:Generated_Source\PSoC4/BLE_1.c ****     #endif /* CYBLE_CTS */
 258:Generated_Source\PSoC4/BLE_1.c **** 
 259:Generated_Source\PSoC4/BLE_1.c ****     #ifdef CYBLE_CUSTOM
ARM GAS  C:\Users\Lenovo\AppData\Local\Temp\cco0TkLK.s 			page 6


 260:Generated_Source\PSoC4/BLE_1.c ****         CyBle_CustomInit();
 261:Generated_Source\PSoC4/BLE_1.c ****     #endif /* CYBLE_CUSTOM */
 262:Generated_Source\PSoC4/BLE_1.c **** 
 263:Generated_Source\PSoC4/BLE_1.c ****     #ifdef CYBLE_DIS
 264:Generated_Source\PSoC4/BLE_1.c ****         CyBle_DisInit();
 265:Generated_Source\PSoC4/BLE_1.c ****     #endif /* CYBLE_DIS */
 266:Generated_Source\PSoC4/BLE_1.c **** 
 267:Generated_Source\PSoC4/BLE_1.c ****     #ifdef CYBLE_ESS
 268:Generated_Source\PSoC4/BLE_1.c ****         CyBle_EssInit();
 269:Generated_Source\PSoC4/BLE_1.c ****     #endif /* CYBLE_ESS */
 270:Generated_Source\PSoC4/BLE_1.c ****     
 271:Generated_Source\PSoC4/BLE_1.c ****     #ifdef CYBLE_GLS
 272:Generated_Source\PSoC4/BLE_1.c ****         CyBle_GlsInit();
 273:Generated_Source\PSoC4/BLE_1.c ****     #endif /* CYBLE_GLS */
 274:Generated_Source\PSoC4/BLE_1.c ****     
 275:Generated_Source\PSoC4/BLE_1.c ****     #ifdef CYBLE_HIDS
 276:Generated_Source\PSoC4/BLE_1.c ****         CyBle_HidsInit();
 277:Generated_Source\PSoC4/BLE_1.c ****     #endif /* CYBLE_HIDS */
 278:Generated_Source\PSoC4/BLE_1.c **** 
 279:Generated_Source\PSoC4/BLE_1.c ****     #ifdef CYBLE_HPS
 280:Generated_Source\PSoC4/BLE_1.c ****         CyBle_HpsInit();
 281:Generated_Source\PSoC4/BLE_1.c ****     #endif /* CYBLE_HPS */
 282:Generated_Source\PSoC4/BLE_1.c **** 
 283:Generated_Source\PSoC4/BLE_1.c ****     #ifdef CYBLE_HRS
 284:Generated_Source\PSoC4/BLE_1.c ****         CyBle_HrsInit();
 285:Generated_Source\PSoC4/BLE_1.c ****     #endif /* CYBLE_HRS */
 286:Generated_Source\PSoC4/BLE_1.c ****     
 287:Generated_Source\PSoC4/BLE_1.c ****     #ifdef CYBLE_HTS
 288:Generated_Source\PSoC4/BLE_1.c ****         CyBle_HtsInit();
 289:Generated_Source\PSoC4/BLE_1.c ****     #endif /* CYBLE_RSCS */
 290:Generated_Source\PSoC4/BLE_1.c **** 
 291:Generated_Source\PSoC4/BLE_1.c ****     #ifdef CYBLE_IAS
 292:Generated_Source\PSoC4/BLE_1.c ****         CyBle_IasInit();
 293:Generated_Source\PSoC4/BLE_1.c ****     #endif /* CYBLE_IAS */
 294:Generated_Source\PSoC4/BLE_1.c **** 
 295:Generated_Source\PSoC4/BLE_1.c ****     #ifdef CYBLE_IPS
 296:Generated_Source\PSoC4/BLE_1.c ****         CyBle_IpsInit();
 297:Generated_Source\PSoC4/BLE_1.c ****     #endif /* CYBLE_IPS */
 298:Generated_Source\PSoC4/BLE_1.c ****     
 299:Generated_Source\PSoC4/BLE_1.c ****     #ifdef CYBLE_LLS
 300:Generated_Source\PSoC4/BLE_1.c ****         CyBle_LlsInit();
 301:Generated_Source\PSoC4/BLE_1.c ****     #endif /* CYBLE_LLS */
 302:Generated_Source\PSoC4/BLE_1.c **** 
 303:Generated_Source\PSoC4/BLE_1.c ****     #ifdef CYBLE_LNS
 304:Generated_Source\PSoC4/BLE_1.c ****         CyBle_LnsInit();
 305:Generated_Source\PSoC4/BLE_1.c ****     #endif /* CYBLE_LNS */
 306:Generated_Source\PSoC4/BLE_1.c ****     
 307:Generated_Source\PSoC4/BLE_1.c ****     #ifdef CYBLE_NDCS
 308:Generated_Source\PSoC4/BLE_1.c ****         CyBle_NdcsInit();
 309:Generated_Source\PSoC4/BLE_1.c ****     #endif /* CYBLE_NDCS */
 310:Generated_Source\PSoC4/BLE_1.c ****     
 311:Generated_Source\PSoC4/BLE_1.c ****     #ifdef CYBLE_PASS
 312:Generated_Source\PSoC4/BLE_1.c ****         CyBle_PassInit();
 313:Generated_Source\PSoC4/BLE_1.c ****     #endif /* CYBLE_PASS */
 314:Generated_Source\PSoC4/BLE_1.c ****     
 315:Generated_Source\PSoC4/BLE_1.c ****     #ifdef CYBLE_PLXS
 316:Generated_Source\PSoC4/BLE_1.c ****         CyBle_PlxsInit();
ARM GAS  C:\Users\Lenovo\AppData\Local\Temp\cco0TkLK.s 			page 7


 317:Generated_Source\PSoC4/BLE_1.c ****     #endif /* CYBLE_PLXS */
 318:Generated_Source\PSoC4/BLE_1.c ****     
 319:Generated_Source\PSoC4/BLE_1.c ****     #ifdef CYBLE_RSCS
 320:Generated_Source\PSoC4/BLE_1.c ****         CyBle_RscsInit();
 321:Generated_Source\PSoC4/BLE_1.c ****     #endif /* CYBLE_RSCS */
 322:Generated_Source\PSoC4/BLE_1.c **** 
 323:Generated_Source\PSoC4/BLE_1.c ****     #ifdef CYBLE_RTUS
 324:Generated_Source\PSoC4/BLE_1.c ****         CyBle_RtusInit();
 325:Generated_Source\PSoC4/BLE_1.c ****     #endif /* CYBLE_RTUS */
 326:Generated_Source\PSoC4/BLE_1.c **** 
 327:Generated_Source\PSoC4/BLE_1.c ****     #ifdef CYBLE_SCPS
 328:Generated_Source\PSoC4/BLE_1.c ****         CyBle_ScpsInit();
 329:Generated_Source\PSoC4/BLE_1.c ****     #endif /* CYBLE_SCPS */
 330:Generated_Source\PSoC4/BLE_1.c ****     
 331:Generated_Source\PSoC4/BLE_1.c ****     #ifdef CYBLE_TPS
 332:Generated_Source\PSoC4/BLE_1.c ****         CyBle_TpsInit();
 333:Generated_Source\PSoC4/BLE_1.c ****     #endif /* CYBLE_TPS */
 334:Generated_Source\PSoC4/BLE_1.c ****     
 335:Generated_Source\PSoC4/BLE_1.c ****     #ifdef CYBLE_UDS
 336:Generated_Source\PSoC4/BLE_1.c ****         CyBle_UdsInit();
 337:Generated_Source\PSoC4/BLE_1.c ****     #endif /* CYBLE_UDS */
 338:Generated_Source\PSoC4/BLE_1.c **** 
 339:Generated_Source\PSoC4/BLE_1.c ****     #ifdef CYBLE_WPTS
 340:Generated_Source\PSoC4/BLE_1.c ****         CyBle_WptsInit();
 341:Generated_Source\PSoC4/BLE_1.c ****     #endif /* CYBLE_WPTS */
 342:Generated_Source\PSoC4/BLE_1.c **** 
 343:Generated_Source\PSoC4/BLE_1.c ****     #ifdef CYBLE_WSS
 344:Generated_Source\PSoC4/BLE_1.c ****         CyBle_WssInit();
 345:Generated_Source\PSoC4/BLE_1.c ****     #endif /* CYBLE_WSS */
 346:Generated_Source\PSoC4/BLE_1.c **** }
 347:Generated_Source\PSoC4/BLE_1.c **** 
 348:Generated_Source\PSoC4/BLE_1.c **** 
 349:Generated_Source\PSoC4/BLE_1.c **** /******************************************************************************
 350:Generated_Source\PSoC4/BLE_1.c **** * Function Name: CyBle_Start
 351:Generated_Source\PSoC4/BLE_1.c **** ***************************************************************************//**
 352:Generated_Source\PSoC4/BLE_1.c **** * 
 353:Generated_Source\PSoC4/BLE_1.c **** *  This function initializes the BLE Stack, which consists of the BLE Stack 
 354:Generated_Source\PSoC4/BLE_1.c **** *  Manager, BLE Controller, and BLE Host modules. It takes care of initializing
 355:Generated_Source\PSoC4/BLE_1.c **** *  the Profile layer, schedulers, Timer and other platform related
 356:Generated_Source\PSoC4/BLE_1.c **** *  resources required for the BLE component. It also registers the callback 
 357:Generated_Source\PSoC4/BLE_1.c **** *  function for BLE events that will be registered in the BLE stack.
 358:Generated_Source\PSoC4/BLE_1.c **** * 
 359:Generated_Source\PSoC4/BLE_1.c **** *  Note that this function does not reset the BLE Stack.
 360:Generated_Source\PSoC4/BLE_1.c **** * 
 361:Generated_Source\PSoC4/BLE_1.c **** *  For HCI-Mode of operation, this function will not initialize the BLE Host 
 362:Generated_Source\PSoC4/BLE_1.c **** *  module.
 363:Generated_Source\PSoC4/BLE_1.c **** * 
 364:Generated_Source\PSoC4/BLE_1.c **** *  Calling this function results in the generation of CYBLE_EVT_STACK_ON event
 365:Generated_Source\PSoC4/BLE_1.c **** *  on successful initialization of the BLE Stack.
 366:Generated_Source\PSoC4/BLE_1.c **** * 
 367:Generated_Source\PSoC4/BLE_1.c **** *  \param callbackFunc: Event callback function to receive events from BLE stack.
 368:Generated_Source\PSoC4/BLE_1.c **** *   CYBLE_CALLBACK_T is a function pointer type.
 369:Generated_Source\PSoC4/BLE_1.c **** * 
 370:Generated_Source\PSoC4/BLE_1.c **** * \return
 371:Generated_Source\PSoC4/BLE_1.c **** *  CYBLE_API_RESULT_T : Return value indicates if the function succeeded or 
 372:Generated_Source\PSoC4/BLE_1.c **** *  failed. Following are the possible error codes.
 373:Generated_Source\PSoC4/BLE_1.c **** * 
ARM GAS  C:\Users\Lenovo\AppData\Local\Temp\cco0TkLK.s 			page 8


 374:Generated_Source\PSoC4/BLE_1.c **** *   <table>
 375:Generated_Source\PSoC4/BLE_1.c **** *  	  <tr>
 376:Generated_Source\PSoC4/BLE_1.c **** *       <th>Error codes</th>
 377:Generated_Source\PSoC4/BLE_1.c **** *       <th>Description</th>
 378:Generated_Source\PSoC4/BLE_1.c **** *     </tr>
 379:Generated_Source\PSoC4/BLE_1.c **** *     <tr>
 380:Generated_Source\PSoC4/BLE_1.c **** *       <td>CYBLE_ERROR_OK</td>
 381:Generated_Source\PSoC4/BLE_1.c **** *       <td>On successful operation.</td>
 382:Generated_Source\PSoC4/BLE_1.c **** *     </tr>
 383:Generated_Source\PSoC4/BLE_1.c **** *     <tr>
 384:Generated_Source\PSoC4/BLE_1.c **** *       <td>CYBLE_ERROR_INVALID_PARAMETER</td>
 385:Generated_Source\PSoC4/BLE_1.c **** *       <td>On passing a NULL pointer to the function. 
 386:Generated_Source\PSoC4/BLE_1.c **** *		</td>
 387:Generated_Source\PSoC4/BLE_1.c **** *     </tr>
 388:Generated_Source\PSoC4/BLE_1.c **** *     <tr>
 389:Generated_Source\PSoC4/BLE_1.c **** *       <td>CYBLE_ERROR_REPEATED_ATTEMPTS</td>
 390:Generated_Source\PSoC4/BLE_1.c **** *       <td>On invoking this function more than once without calling CyBle_Shutdown() 
 391:Generated_Source\PSoC4/BLE_1.c **** *           function between calls to this function.</td>
 392:Generated_Source\PSoC4/BLE_1.c **** *     </tr>
 393:Generated_Source\PSoC4/BLE_1.c **** *     <tr>
 394:Generated_Source\PSoC4/BLE_1.c **** *       <td>CYBLE_ERROR_MEMORY_ALLOCATION_FAILED</td>
 395:Generated_Source\PSoC4/BLE_1.c **** *       <td>There is insufficient memory available.</td>
 396:Generated_Source\PSoC4/BLE_1.c **** *     </tr>
 397:Generated_Source\PSoC4/BLE_1.c **** *   </table>
 398:Generated_Source\PSoC4/BLE_1.c **** * 
 399:Generated_Source\PSoC4/BLE_1.c **** *  \globalvars
 400:Generated_Source\PSoC4/BLE_1.c **** *   The CyBle_initVar variable is used to indicate initial
 401:Generated_Source\PSoC4/BLE_1.c **** *   configuration of this component. The variable is initialized to zero (0u)
 402:Generated_Source\PSoC4/BLE_1.c **** *   and set to one (1u) the first time CyBle_Start() is called. This
 403:Generated_Source\PSoC4/BLE_1.c **** *   allows for component initialization without re-initialization in all
 404:Generated_Source\PSoC4/BLE_1.c **** *   subsequent calls to the CyBle_Start() routine.
 405:Generated_Source\PSoC4/BLE_1.c **** * 
 406:Generated_Source\PSoC4/BLE_1.c **** ******************************************************************************/
 407:Generated_Source\PSoC4/BLE_1.c **** CYBLE_API_RESULT_T CyBle_Start(CYBLE_CALLBACK_T callbackFunc)
 408:Generated_Source\PSoC4/BLE_1.c **** {
 409:Generated_Source\PSoC4/BLE_1.c ****     CYBLE_API_RESULT_T apiResult = CYBLE_ERROR_OK;
 410:Generated_Source\PSoC4/BLE_1.c ****     
 411:Generated_Source\PSoC4/BLE_1.c ****     #if(CYBLE_MODE_PROFILE)
 412:Generated_Source\PSoC4/BLE_1.c ****     
 413:Generated_Source\PSoC4/BLE_1.c ****     CYBLE_STK_APP_DATA_BUFF_T cyBle_stackDataBuff[CYBLE_STACK_APP_MIN_POOL] = 
 414:Generated_Source\PSoC4/BLE_1.c ****     {
 415:Generated_Source\PSoC4/BLE_1.c ****         {CYBLE_GATT_MTU_PLUS_L2CAP_MEM_EXT, CYBLE_GATT_MTU_BUFF_COUNT + CYBLE_GATT_MAX_ATTR_BUFF_CO
 416:Generated_Source\PSoC4/BLE_1.c ****         {CYBLE_L2CAP_PSM_PLUS_L2CAP_MEM_EXT, CYBLE_L2CAP_PSM_COUNT},
 417:Generated_Source\PSoC4/BLE_1.c ****         {CYBLE_L2CAP_CBFC_PLUS_L2CAP_MEM_EXT, 2u * CYBLE_L2CAP_LOGICAL_CHANNEL_COUNT},
 418:Generated_Source\PSoC4/BLE_1.c ****         {CYBLE_L2CAP_MTU_PLUS_L2CAP_MEM_EXT, CYBLE_L2CAP_LOGICAL_CHANNEL_COUNT},
 419:Generated_Source\PSoC4/BLE_1.c ****         {CYBLE_L2CAP_MPS_PLUS_L2CAP_MEM_EXT, CYBLE_L2CAP_LOGICAL_CHANNEL_COUNT * (CYBLE_L2CAP_MTU_M
 420:Generated_Source\PSoC4/BLE_1.c ****     }; 
 421:Generated_Source\PSoC4/BLE_1.c **** 
 422:Generated_Source\PSoC4/BLE_1.c ****     #endif /* CYBLE_MODE_PROFILE */
 423:Generated_Source\PSoC4/BLE_1.c ****     
 424:Generated_Source\PSoC4/BLE_1.c ****     /* If not initialized then initialize all the required hardware and software */
 425:Generated_Source\PSoC4/BLE_1.c ****     if(cyBle_initVar == 0u)
 426:Generated_Source\PSoC4/BLE_1.c ****     {
 427:Generated_Source\PSoC4/BLE_1.c ****         CyBle_Init();
 428:Generated_Source\PSoC4/BLE_1.c ****         cyBle_initVar = 1u;
 429:Generated_Source\PSoC4/BLE_1.c ****     }
 430:Generated_Source\PSoC4/BLE_1.c ****     
ARM GAS  C:\Users\Lenovo\AppData\Local\Temp\cco0TkLK.s 			page 9


 431:Generated_Source\PSoC4/BLE_1.c ****     if(callbackFunc != NULL)
 432:Generated_Source\PSoC4/BLE_1.c ****     {
 433:Generated_Source\PSoC4/BLE_1.c ****         CyBle_ApplCallback = callbackFunc;
 434:Generated_Source\PSoC4/BLE_1.c ****         
 435:Generated_Source\PSoC4/BLE_1.c ****     #if(CYBLE_SHARING_MODE_EXPORT)
 436:Generated_Source\PSoC4/BLE_1.c ****         if(cyBle_stackMemoryRam == NULL)
 437:Generated_Source\PSoC4/BLE_1.c ****         {
 438:Generated_Source\PSoC4/BLE_1.c ****             cyBle_stackMemoryRam = (uint8 *)malloc(CYBLE_STACK_RAM_SIZE);
 439:Generated_Source\PSoC4/BLE_1.c ****             if(cyBle_stackMemoryRam == NULL)
 440:Generated_Source\PSoC4/BLE_1.c ****             {
 441:Generated_Source\PSoC4/BLE_1.c ****                 apiResult = CYBLE_ERROR_MEMORY_ALLOCATION_FAILED;
 442:Generated_Source\PSoC4/BLE_1.c ****             }
 443:Generated_Source\PSoC4/BLE_1.c ****         }
 444:Generated_Source\PSoC4/BLE_1.c ****     #endif /* CYBLE_SHARING_MODE_EXPORT */
 445:Generated_Source\PSoC4/BLE_1.c ****         if(apiResult == CYBLE_ERROR_OK)
 446:Generated_Source\PSoC4/BLE_1.c ****         {
 447:Generated_Source\PSoC4/BLE_1.c ****             CYBLE_DLE_CONFIG_PARAM_T dleConfigParams;
 448:Generated_Source\PSoC4/BLE_1.c ****             CYBLE_PRIVACY_1_2_CONFIG_PARAM_T privacyConfigParams;
 449:Generated_Source\PSoC4/BLE_1.c ****             CYBLE_STACK_CONFIG_PARAM_T stackConfig;
 450:Generated_Source\PSoC4/BLE_1.c ****             uint16 featureHeapReq;
 451:Generated_Source\PSoC4/BLE_1.c ****             
 452:Generated_Source\PSoC4/BLE_1.c ****             stackConfig.privacyConfig = &privacyConfigParams;
 453:Generated_Source\PSoC4/BLE_1.c ****             stackConfig.dleConfig = &dleConfigParams;
 454:Generated_Source\PSoC4/BLE_1.c ****             
 455:Generated_Source\PSoC4/BLE_1.c ****             /* Configure default BLE 4.1 features and enabled 4.2 features */
 456:Generated_Source\PSoC4/BLE_1.c ****             stackConfig.feature_mask = CYBLE_DLE_FEATURE | CYBLE_LL_PRIVACY_FEATURE | 
 457:Generated_Source\PSoC4/BLE_1.c ****                                        CYBLE_SECURE_CONN_FEATURE;
 458:Generated_Source\PSoC4/BLE_1.c **** 
 459:Generated_Source\PSoC4/BLE_1.c ****             /* Configure DLE */
 460:Generated_Source\PSoC4/BLE_1.c ****             dleConfigParams.dleMaxTxCapability = CYBLE_LL_MAX_TX_PAYLOAD_SIZE;
 461:Generated_Source\PSoC4/BLE_1.c ****             dleConfigParams.dleMaxRxCapability = CYBLE_LL_MAX_RX_PAYLOAD_SIZE;
 462:Generated_Source\PSoC4/BLE_1.c ****             dleConfigParams.dleNumTxBuffer = CYBLE_LL_DEFAULT_NUM_ACL_TX_PACKETS;
 463:Generated_Source\PSoC4/BLE_1.c ****         #if(CYBLE_DLE_FEATURE_ENABLED)
 464:Generated_Source\PSoC4/BLE_1.c ****             CyBle_EnableDleFeature();              /* Enable DLE code in stack */
 465:Generated_Source\PSoC4/BLE_1.c ****         #endif /* CYBLE_DLE_FEATURE_ENABLED */
 466:Generated_Source\PSoC4/BLE_1.c ****         
 467:Generated_Source\PSoC4/BLE_1.c ****             /* Configure LL Privacy */
 468:Generated_Source\PSoC4/BLE_1.c ****             privacyConfigParams.resolvingListSize = CYBLE_MAX_RESOLVABLE_DEVICES;
 469:Generated_Source\PSoC4/BLE_1.c ****         #if(CYBLE_LL_PRIVACY_FEATURE_ENABLED)
 470:Generated_Source\PSoC4/BLE_1.c ****             CyBle_EnablePrivacyFeature();          /* Enable LL Privacy code in stack */
 471:Generated_Source\PSoC4/BLE_1.c ****         #endif /* CYBLE_LL_PRIVACY_FEATURE_ENABLED */
 472:Generated_Source\PSoC4/BLE_1.c **** 
 473:Generated_Source\PSoC4/BLE_1.c ****             apiResult = CyBle_StackSetFeatureConfig(&stackConfig, &featureHeapReq);
 474:Generated_Source\PSoC4/BLE_1.c ****             }
 475:Generated_Source\PSoC4/BLE_1.c ****     
 476:Generated_Source\PSoC4/BLE_1.c ****         if(apiResult == CYBLE_ERROR_OK)
 477:Generated_Source\PSoC4/BLE_1.c ****         {
 478:Generated_Source\PSoC4/BLE_1.c ****         
 479:Generated_Source\PSoC4/BLE_1.c ****         #if(CYBLE_MODE_PROFILE)
 480:Generated_Source\PSoC4/BLE_1.c ****             #if(CYBLE_BONDING_REQUIREMENT == CYBLE_BONDING_YES)
 481:Generated_Source\PSoC4/BLE_1.c ****                 apiResult = CyBle_StackInit(&CyBle_EventHandler, cyBle_stackMemoryRam, 
 482:Generated_Source\PSoC4/BLE_1.c ****                     CYBLE_STACK_RAM_SIZE - CYBLE_GATT_PREPARE_WRITE_BUFF_LEN, cyBle_stackDataBuff, 
 483:Generated_Source\PSoC4/BLE_1.c ****                     CYBLE_STACK_APP_MIN_POOL, cyBle_flashStorage.stackFlashptr, CYBLE_STACK_FLASH_S
 484:Generated_Source\PSoC4/BLE_1.c ****             #else
 485:Generated_Source\PSoC4/BLE_1.c ****                 apiResult = CyBle_StackInit(&CyBle_EventHandler, cyBle_stackMemoryRam, 
 486:Generated_Source\PSoC4/BLE_1.c ****                     CYBLE_STACK_RAM_SIZE - CYBLE_GATT_PREPARE_WRITE_BUFF_LEN, cyBle_stackDataBuff, 
 487:Generated_Source\PSoC4/BLE_1.c ****                     CYBLE_STACK_APP_MIN_POOL, NULL, 0u);
ARM GAS  C:\Users\Lenovo\AppData\Local\Temp\cco0TkLK.s 			page 10


 488:Generated_Source\PSoC4/BLE_1.c ****             #endif  /* CYBLE_BONDING_REQUIREMENT == CYBLE_BONDING_YES */
 489:Generated_Source\PSoC4/BLE_1.c ****         #else /* HCI mode */
 490:Generated_Source\PSoC4/BLE_1.c ****             /* The following will perform preparation to use HCI over UART or over
 491:Generated_Source\PSoC4/BLE_1.c ****                software. But the following fucntions will not initialize the HCI
 492:Generated_Source\PSoC4/BLE_1.c ****                Transport. This will be done as part of Stack initialization, so
 493:Generated_Source\PSoC4/BLE_1.c ****                the functions should be called prior CyBle_StackInit().
 494:Generated_Source\PSoC4/BLE_1.c ****             */
 495:Generated_Source\PSoC4/BLE_1.c ****             #if (CYBLE_HCI_TYPE == CYBLE_HCI_OVER_UART)
 496:Generated_Source\PSoC4/BLE_1.c ****                 CyBle_HciUartTransportEnable();
 497:Generated_Source\PSoC4/BLE_1.c ****             #else
 498:Generated_Source\PSoC4/BLE_1.c ****                 CyBle_HciSoftTransportEnable();
 499:Generated_Source\PSoC4/BLE_1.c ****             #endif /* (CYBLE_HCI_TYPE == CYBLE_HCI_OVER_UART) */
 500:Generated_Source\PSoC4/BLE_1.c ****             /* This will initialize BLE stack for HCI mode operation */
 501:Generated_Source\PSoC4/BLE_1.c ****             apiResult = CyBle_StackInit(&CyBle_EventHandler, cyBle_stackMemoryRam, CYBLE_STACK_RAM_
 502:Generated_Source\PSoC4/BLE_1.c ****                 NULL, 0u, NULL, 0u);
 503:Generated_Source\PSoC4/BLE_1.c ****         #endif /* CYBLE_MODE_PROFILE */
 504:Generated_Source\PSoC4/BLE_1.c **** 
 505:Generated_Source\PSoC4/BLE_1.c ****             if(apiResult == CYBLE_ERROR_OK)
 506:Generated_Source\PSoC4/BLE_1.c ****             {
 507:Generated_Source\PSoC4/BLE_1.c ****                 CyBle_SetState(CYBLE_STATE_INITIALIZING);
 508:Generated_Source\PSoC4/BLE_1.c ****                 
 509:Generated_Source\PSoC4/BLE_1.c ****             #if (CYBLE_GATT_ROLE_CLIENT)
 510:Generated_Source\PSoC4/BLE_1.c ****                 CyBle_SetClientState(CYBLE_CLIENT_STATE_DISCONNECTED);
 511:Generated_Source\PSoC4/BLE_1.c ****             #endif /* CYBLE_GATT_ROLE_CLIENT */
 512:Generated_Source\PSoC4/BLE_1.c ****                 
 513:Generated_Source\PSoC4/BLE_1.c ****             #if(CYBLE_GATT_ROLE_SERVER)
 514:Generated_Source\PSoC4/BLE_1.c ****                 apiResult = CyBle_GattsDbRegister(cyBle_gattDB, CYBLE_GATT_DB_INDEX_COUNT, CYBLE_GA
 515:Generated_Source\PSoC4/BLE_1.c ****             #endif /* CYBLE_GATT_ROLE_SERVER */
 516:Generated_Source\PSoC4/BLE_1.c ****             }
 517:Generated_Source\PSoC4/BLE_1.c ****         }
 518:Generated_Source\PSoC4/BLE_1.c ****     }
 519:Generated_Source\PSoC4/BLE_1.c ****     else
 520:Generated_Source\PSoC4/BLE_1.c ****     {
 521:Generated_Source\PSoC4/BLE_1.c ****         apiResult = CYBLE_ERROR_INVALID_PARAMETER;
 522:Generated_Source\PSoC4/BLE_1.c ****     }
 523:Generated_Source\PSoC4/BLE_1.c **** 
 524:Generated_Source\PSoC4/BLE_1.c ****     return (apiResult);
 525:Generated_Source\PSoC4/BLE_1.c **** }
 526:Generated_Source\PSoC4/BLE_1.c **** 
 527:Generated_Source\PSoC4/BLE_1.c **** 
 528:Generated_Source\PSoC4/BLE_1.c **** /******************************************************************************
 529:Generated_Source\PSoC4/BLE_1.c **** * Function Name: CyBle_Stop
 530:Generated_Source\PSoC4/BLE_1.c **** ***************************************************************************//**
 531:Generated_Source\PSoC4/BLE_1.c **** * 
 532:Generated_Source\PSoC4/BLE_1.c **** *  This function stops any ongoing operation in the BLE Stack and forces the 
 533:Generated_Source\PSoC4/BLE_1.c **** *  BLE Stack to shut down. The only function that can be called after calling
 534:Generated_Source\PSoC4/BLE_1.c **** *  this function is CyBle_Start(). 
 535:Generated_Source\PSoC4/BLE_1.c **** * 
 536:Generated_Source\PSoC4/BLE_1.c **** * \return
 537:Generated_Source\PSoC4/BLE_1.c **** *  None
 538:Generated_Source\PSoC4/BLE_1.c **** * 
 539:Generated_Source\PSoC4/BLE_1.c **** ******************************************************************************/
 540:Generated_Source\PSoC4/BLE_1.c **** void CyBle_Stop(void)
 541:Generated_Source\PSoC4/BLE_1.c **** {
 542:Generated_Source\PSoC4/BLE_1.c ****     CyBle_Shutdown();                         /* Stop all ongoing activities */
 543:Generated_Source\PSoC4/BLE_1.c ****     CyBle_SetState(CYBLE_STATE_STOPPED);
 544:Generated_Source\PSoC4/BLE_1.c ****     #if(CYBLE_SHARING_MODE_EXPORT)
ARM GAS  C:\Users\Lenovo\AppData\Local\Temp\cco0TkLK.s 			page 11


 545:Generated_Source\PSoC4/BLE_1.c ****         if(cyBle_stackMemoryRam != NULL)
 546:Generated_Source\PSoC4/BLE_1.c ****         {
 547:Generated_Source\PSoC4/BLE_1.c ****             free(cyBle_stackMemoryRam);
 548:Generated_Source\PSoC4/BLE_1.c ****         }
 549:Generated_Source\PSoC4/BLE_1.c ****     #endif /* CYBLE_SHARING_MODE_EXPORT */
 550:Generated_Source\PSoC4/BLE_1.c **** }
 551:Generated_Source\PSoC4/BLE_1.c **** 
 552:Generated_Source\PSoC4/BLE_1.c **** 
 553:Generated_Source\PSoC4/BLE_1.c **** #if((CYBLE_GAP_ROLE_PERIPHERAL || CYBLE_GAP_ROLE_CENTRAL) && (CYBLE_BONDING_REQUIREMENT == CYBLE_BO
 554:Generated_Source\PSoC4/BLE_1.c **** 
 555:Generated_Source\PSoC4/BLE_1.c ****     
 556:Generated_Source\PSoC4/BLE_1.c **** /******************************************************************************
 557:Generated_Source\PSoC4/BLE_1.c **** * Function Name: CyBle_StoreBondingData
 558:Generated_Source\PSoC4/BLE_1.c **** ***************************************************************************//**
 559:Generated_Source\PSoC4/BLE_1.c **** * 
 560:Generated_Source\PSoC4/BLE_1.c **** *  This function writes the new bonding data from RAM to the dedicated Flash 
 561:Generated_Source\PSoC4/BLE_1.c **** *  location as defined by the component. It performs data comparing between RAM
 562:Generated_Source\PSoC4/BLE_1.c **** *  and Flash before writing to Flash. If there is no change between RAM and Flash
 563:Generated_Source\PSoC4/BLE_1.c **** *  data, then no write is performed. It writes only one flash row in one call.
 564:Generated_Source\PSoC4/BLE_1.c **** *  Application should keep calling this function till it return CYBLE_ERROR_OK. 
 565:Generated_Source\PSoC4/BLE_1.c **** *  This function is available only when Bonding requirement is selected in
 566:Generated_Source\PSoC4/BLE_1.c **** *  Security settings.    
 567:Generated_Source\PSoC4/BLE_1.c **** * 
 568:Generated_Source\PSoC4/BLE_1.c **** *  \param isForceWrite:  If value is set to 0, then stack will check if flash write 
 569:Generated_Source\PSoC4/BLE_1.c **** *                 is permissible. 
 570:Generated_Source\PSoC4/BLE_1.c **** *  
 571:Generated_Source\PSoC4/BLE_1.c **** * \return
 572:Generated_Source\PSoC4/BLE_1.c **** *  Return value is of type CYBLE_API_RESULT_T.
 573:Generated_Source\PSoC4/BLE_1.c **** *
 574:Generated_Source\PSoC4/BLE_1.c **** *   Errors codes                         | Description
 575:Generated_Source\PSoC4/BLE_1.c **** *   ----------------------------------   | ------------------------------------
 576:Generated_Source\PSoC4/BLE_1.c **** *   CYBLE_ERROR_OK                       | On successful operation
 577:Generated_Source\PSoC4/BLE_1.c **** *   CYBLE_ERROR_FLASH_WRITE_NOT_PERMITED | Flash Write is not complete
 578:Generated_Source\PSoC4/BLE_1.c **** *   CYBLE_ERROR_INVALID_PARAMETER        | Invalid input parameter  
 579:Generated_Source\PSoC4/BLE_1.c **** *   CYBLE_ERROR_FLASH_WRITE              | Error in flash Write	
 580:Generated_Source\PSoC4/BLE_1.c ****     
 581:Generated_Source\PSoC4/BLE_1.c **** *  \sideeffect
 582:Generated_Source\PSoC4/BLE_1.c **** *   For BLE devices with 128K of Flash memory this function will automatically 
 583:Generated_Source\PSoC4/BLE_1.c **** *   modify the clock settings for the device.
 584:Generated_Source\PSoC4/BLE_1.c **** *   Writing to flash requires changes to be done to the IMO (set to 48 MHz)
 585:Generated_Source\PSoC4/BLE_1.c **** *   and HFCLK (source set to IMO) settings. The configuration is restored before
 586:Generated_Source\PSoC4/BLE_1.c **** *   returning. This will impact the operation of most of the hardware in the
 587:Generated_Source\PSoC4/BLE_1.c **** *   device.
 588:Generated_Source\PSoC4/BLE_1.c **** * 
 589:Generated_Source\PSoC4/BLE_1.c **** *  \globalvars
 590:Generated_Source\PSoC4/BLE_1.c **** *   The cyBle_pendingFlashWrite variable is used to detect status
 591:Generated_Source\PSoC4/BLE_1.c **** *   of pending write to flash operation for stack data and CCCD.
 592:Generated_Source\PSoC4/BLE_1.c **** *   This function automatically clears pending bits after write operation 
 593:Generated_Source\PSoC4/BLE_1.c **** *   complete.
 594:Generated_Source\PSoC4/BLE_1.c **** *     
 595:Generated_Source\PSoC4/BLE_1.c **** ******************************************************************************/
 596:Generated_Source\PSoC4/BLE_1.c **** CYBLE_API_RESULT_T CyBle_StoreBondingData(uint8 isForceWrite)
 597:Generated_Source\PSoC4/BLE_1.c **** {
 598:Generated_Source\PSoC4/BLE_1.c ****     CYBLE_API_RESULT_T apiResult = CYBLE_ERROR_OK;
 599:Generated_Source\PSoC4/BLE_1.c ****     
 600:Generated_Source\PSoC4/BLE_1.c ****     /* Store Stack data */
 601:Generated_Source\PSoC4/BLE_1.c ****     if((cyBle_pendingFlashWrite & CYBLE_PENDING_STACK_FLASH_WRITE_BIT) != 0u)
ARM GAS  C:\Users\Lenovo\AppData\Local\Temp\cco0TkLK.s 			page 12


 602:Generated_Source\PSoC4/BLE_1.c ****     {
 603:Generated_Source\PSoC4/BLE_1.c ****         apiResult = CyBle_StoreStackData(isForceWrite);
 604:Generated_Source\PSoC4/BLE_1.c ****         if(apiResult == CYBLE_ERROR_OK)
 605:Generated_Source\PSoC4/BLE_1.c ****         {
 606:Generated_Source\PSoC4/BLE_1.c ****             cyBle_pendingFlashWrite &= (uint8)~CYBLE_PENDING_STACK_FLASH_WRITE_BIT;
 607:Generated_Source\PSoC4/BLE_1.c ****             /* Change apiResult if there are more pending data to store */
 608:Generated_Source\PSoC4/BLE_1.c ****             if((cyBle_pendingFlashWrite & CYBLE_PENDING_CCCD_FLASH_WRITE_BIT) != 0u)
 609:Generated_Source\PSoC4/BLE_1.c ****             {
 610:Generated_Source\PSoC4/BLE_1.c ****                 apiResult = CYBLE_ERROR_FLASH_WRITE_NOT_PERMITED;
 611:Generated_Source\PSoC4/BLE_1.c ****             }
 612:Generated_Source\PSoC4/BLE_1.c ****         }
 613:Generated_Source\PSoC4/BLE_1.c ****     }
 614:Generated_Source\PSoC4/BLE_1.c **** #if(CYBLE_GATT_DB_CCCD_COUNT != 0u)
 615:Generated_Source\PSoC4/BLE_1.c ****     /* Store CCCD values */
 616:Generated_Source\PSoC4/BLE_1.c ****     if( ((apiResult == CYBLE_ERROR_OK) || (isForceWrite != 0u)) && 
 617:Generated_Source\PSoC4/BLE_1.c ****         ((cyBle_pendingFlashWrite & CYBLE_PENDING_CCCD_FLASH_WRITE_BIT) != 0u) &&
 618:Generated_Source\PSoC4/BLE_1.c ****         (cyBle_connHandle.bdHandle <= CYBLE_GAP_MAX_BONDED_DEVICE))
 619:Generated_Source\PSoC4/BLE_1.c ****     {
 620:Generated_Source\PSoC4/BLE_1.c ****         apiResult = CyBle_StoreAppData(cyBle_attValuesCCCD, cyBle_flashStorage.attValuesCCCDFlashMe
 621:Generated_Source\PSoC4/BLE_1.c ****                         cyBle_connHandle.bdHandle], CYBLE_GATT_DB_CCCD_COUNT, isForceWrite);
 622:Generated_Source\PSoC4/BLE_1.c ****         if(apiResult == CYBLE_ERROR_OK)
 623:Generated_Source\PSoC4/BLE_1.c ****         {
 624:Generated_Source\PSoC4/BLE_1.c ****             cyBle_pendingFlashWrite &= (uint8)~CYBLE_PENDING_CCCD_FLASH_WRITE_BIT;
 625:Generated_Source\PSoC4/BLE_1.c ****         }
 626:Generated_Source\PSoC4/BLE_1.c ****     }
 627:Generated_Source\PSoC4/BLE_1.c ****     /* Clear requested CCCD values */
 628:Generated_Source\PSoC4/BLE_1.c ****     if( ((apiResult == CYBLE_ERROR_OK) || (isForceWrite != 0u)) && 
 629:Generated_Source\PSoC4/BLE_1.c ****         ((cyBle_pendingFlashWrite & CYBLE_PENDING_CCCD_FLASH_CLEAR_MASK) != 0u) )
 630:Generated_Source\PSoC4/BLE_1.c ****     {
 631:Generated_Source\PSoC4/BLE_1.c ****         if((cyBle_pendingFlashWrite & CYBLE_PENDING_CCCD_FLASH_CLEAR_ALL_BIT) != 0u)
 632:Generated_Source\PSoC4/BLE_1.c ****         {
 633:Generated_Source\PSoC4/BLE_1.c ****             /* Remove cccd values for all bonded devices */
 634:Generated_Source\PSoC4/BLE_1.c ****             uint8 defaultValuesCCCD[CYBLE_GAP_MAX_BONDED_DEVICE + 1u][CYBLE_GATT_DB_CCCD_COUNT];
 635:Generated_Source\PSoC4/BLE_1.c ****             
 636:Generated_Source\PSoC4/BLE_1.c ****             (void)memset(defaultValuesCCCD, 0, sizeof(defaultValuesCCCD));
 637:Generated_Source\PSoC4/BLE_1.c **** 
 638:Generated_Source\PSoC4/BLE_1.c ****             apiResult = CyBle_StoreAppData((uint8 *)defaultValuesCCCD, 
 639:Generated_Source\PSoC4/BLE_1.c ****                 (const uint8 *)cyBle_flashStorage.attValuesCCCDFlashMemory, sizeof(defaultValuesCCC
 640:Generated_Source\PSoC4/BLE_1.c ****             if(apiResult == CYBLE_ERROR_OK)
 641:Generated_Source\PSoC4/BLE_1.c ****             {
 642:Generated_Source\PSoC4/BLE_1.c ****                 cyBle_pendingFlashWrite &= (uint8)~CYBLE_PENDING_CCCD_FLASH_CLEAR_ALL_BIT;
 643:Generated_Source\PSoC4/BLE_1.c ****             }
 644:Generated_Source\PSoC4/BLE_1.c ****         }
 645:Generated_Source\PSoC4/BLE_1.c ****         else /* Remove cccd values for particular device */
 646:Generated_Source\PSoC4/BLE_1.c ****         {
 647:Generated_Source\PSoC4/BLE_1.c ****             uint8 defaultValuesCCCD[CYBLE_GATT_DB_CCCD_COUNT] = {0u};
 648:Generated_Source\PSoC4/BLE_1.c ****             
 649:Generated_Source\PSoC4/BLE_1.c ****             apiResult = CyBle_StoreAppData(defaultValuesCCCD, cyBle_flashStorage.attValuesCCCDFlash
 650:Generated_Source\PSoC4/BLE_1.c ****                                     cyBle_pendingFlashClearCccdHandle], CYBLE_GATT_DB_CCCD_COUNT, i
 651:Generated_Source\PSoC4/BLE_1.c ****             if(apiResult == CYBLE_ERROR_OK)
 652:Generated_Source\PSoC4/BLE_1.c ****             {
 653:Generated_Source\PSoC4/BLE_1.c ****                 cyBle_pendingFlashWrite &= (uint8)~CYBLE_PENDING_CCCD_FLASH_CLEAR_BIT;
 654:Generated_Source\PSoC4/BLE_1.c ****             }
 655:Generated_Source\PSoC4/BLE_1.c ****         }
 656:Generated_Source\PSoC4/BLE_1.c ****     }
 657:Generated_Source\PSoC4/BLE_1.c **** #endif /* CYBLE_GATT_DB_CCCD_COUNT != 0u */
 658:Generated_Source\PSoC4/BLE_1.c ****     return(apiResult);
ARM GAS  C:\Users\Lenovo\AppData\Local\Temp\cco0TkLK.s 			page 13


 659:Generated_Source\PSoC4/BLE_1.c **** }
 660:Generated_Source\PSoC4/BLE_1.c **** 
 661:Generated_Source\PSoC4/BLE_1.c **** 
 662:Generated_Source\PSoC4/BLE_1.c **** /******************************************************************************
 663:Generated_Source\PSoC4/BLE_1.c **** * Function Name: CyBle_GapRemoveBondedDevice
 664:Generated_Source\PSoC4/BLE_1.c **** ***************************************************************************//**
 665:Generated_Source\PSoC4/BLE_1.c **** * 
 666:Generated_Source\PSoC4/BLE_1.c **** *  This function marks the device untrusted. It removes the bonding information
 667:Generated_Source\PSoC4/BLE_1.c **** *  of the device including CCCD values. This function removes device from the
 668:Generated_Source\PSoC4/BLE_1.c **** *  white list also when autopopulate white list with bonded devices option is
 669:Generated_Source\PSoC4/BLE_1.c **** *  enabled.
 670:Generated_Source\PSoC4/BLE_1.c **** * 
 671:Generated_Source\PSoC4/BLE_1.c **** *  This function is available only when Bonding requirement is selected in
 672:Generated_Source\PSoC4/BLE_1.c **** *  Security settings.    
 673:Generated_Source\PSoC4/BLE_1.c **** *
 674:Generated_Source\PSoC4/BLE_1.c **** *  \param bdAddr: Pointer to peer device address, of type CYBLE_GAP_BD_ADDR_T.
 675:Generated_Source\PSoC4/BLE_1.c **** *                 If device address is set to 0, then all devices shall be
 676:Generated_Source\PSoC4/BLE_1.c **** *                 removed from trusted list and white list.
 677:Generated_Source\PSoC4/BLE_1.c **** *
 678:Generated_Source\PSoC4/BLE_1.c **** * \return
 679:Generated_Source\PSoC4/BLE_1.c **** *  CYBLE_API_RESULT_T : Return value indicates if the function succeeded or
 680:Generated_Source\PSoC4/BLE_1.c **** *  failed. Following are the possible error codes.
 681:Generated_Source\PSoC4/BLE_1.c **** *
 682:Generated_Source\PSoC4/BLE_1.c **** *   Errors codes                     | Description
 683:Generated_Source\PSoC4/BLE_1.c **** *   ---------------------------------| ------------------------------------
 684:Generated_Source\PSoC4/BLE_1.c **** *   CYBLE_ERROR_OK                   | On successful operation.
 685:Generated_Source\PSoC4/BLE_1.c **** *   CYBLE_ERROR_INVALID_PARAMETER    | On specifying NULL as input parameter for 'bdAddr'.
 686:Generated_Source\PSoC4/BLE_1.c **** *   CYBLE_ERROR_INVALID_OPERATION    | Whitelist is already in use or there is pending write to fla
 687:Generated_Source\PSoC4/BLE_1.c **** *   CYBLE_ERROR_NO_DEVICE_ENTITY     | Device does not exist in the bond list.
 688:Generated_Source\PSoC4/BLE_1.c **** *
 689:Generated_Source\PSoC4/BLE_1.c **** *  \globalvars
 690:Generated_Source\PSoC4/BLE_1.c **** *   The bdHandle is set in cyBle_pendingFlashWrite variable to indicate that
 691:Generated_Source\PSoC4/BLE_1.c **** *   data should be stored to flash by CyBle_StoreBondingData() afterwards. 
 692:Generated_Source\PSoC4/BLE_1.c **** *     
 693:Generated_Source\PSoC4/BLE_1.c **** ******************************************************************************/
 694:Generated_Source\PSoC4/BLE_1.c **** CYBLE_API_RESULT_T CyBle_GapRemoveBondedDevice(CYBLE_GAP_BD_ADDR_T* bdAddr)
 695:Generated_Source\PSoC4/BLE_1.c **** {
 696:Generated_Source\PSoC4/BLE_1.c ****     CYBLE_API_RESULT_T apiResult = CYBLE_ERROR_OK;
 697:Generated_Source\PSoC4/BLE_1.c ****     
 698:Generated_Source\PSoC4/BLE_1.c ****     if(cyBle_pendingFlashWrite == 0u)
 699:Generated_Source\PSoC4/BLE_1.c ****     {
 700:Generated_Source\PSoC4/BLE_1.c ****         
 701:Generated_Source\PSoC4/BLE_1.c ****     #if(CYBLE_GATT_DB_CCCD_COUNT != 0u)
 702:Generated_Source\PSoC4/BLE_1.c ****         /* Request to clear CCCD values which will be done by CyBle_StoreBondingData() */
 703:Generated_Source\PSoC4/BLE_1.c ****         uint8 bDevHandle;
 704:Generated_Source\PSoC4/BLE_1.c ****         CYBLE_GAP_BD_ADDR_T invalidBdAddr = {{0u,0u,0u,0u,0u,0u}, 0u};
 705:Generated_Source\PSoC4/BLE_1.c **** 
 706:Generated_Source\PSoC4/BLE_1.c ****         if(memcmp(((uint8 *) &(bdAddr->bdAddr)), ((uint8 *) &(invalidBdAddr.bdAddr)), CYBLE_GAP_BD_
 707:Generated_Source\PSoC4/BLE_1.c **** 	    {
 708:Generated_Source\PSoC4/BLE_1.c ****             /* Request to remove all bonded devices by CyBle_StoreBondingData() */
 709:Generated_Source\PSoC4/BLE_1.c ****             cyBle_pendingFlashWrite |= CYBLE_PENDING_CCCD_FLASH_CLEAR_ALL_BIT;
 710:Generated_Source\PSoC4/BLE_1.c ****         }
 711:Generated_Source\PSoC4/BLE_1.c ****         else
 712:Generated_Source\PSoC4/BLE_1.c ****         {
 713:Generated_Source\PSoC4/BLE_1.c ****             /* Get the BD handle from Address */
 714:Generated_Source\PSoC4/BLE_1.c ****             apiResult = CyBle_GapGetPeerBdHandle(&bDevHandle, bdAddr);
 715:Generated_Source\PSoC4/BLE_1.c ****             if(apiResult == CYBLE_ERROR_OK)
ARM GAS  C:\Users\Lenovo\AppData\Local\Temp\cco0TkLK.s 			page 14


 716:Generated_Source\PSoC4/BLE_1.c ****             {
 717:Generated_Source\PSoC4/BLE_1.c ****                 /* Store BD handle to clear cccd values by CyBle_StoreBondingData() */
 718:Generated_Source\PSoC4/BLE_1.c ****                 cyBle_pendingFlashWrite |= CYBLE_PENDING_CCCD_FLASH_CLEAR_BIT;
 719:Generated_Source\PSoC4/BLE_1.c ****                 cyBle_pendingFlashClearCccdHandle = bDevHandle;
 720:Generated_Source\PSoC4/BLE_1.c ****             }
 721:Generated_Source\PSoC4/BLE_1.c ****         }
 722:Generated_Source\PSoC4/BLE_1.c ****     #endif /* CYBLE_GATT_DB_CCCD_COUNT != 0u */
 723:Generated_Source\PSoC4/BLE_1.c ****         if(apiResult == CYBLE_ERROR_OK)
 724:Generated_Source\PSoC4/BLE_1.c ****         {
 725:Generated_Source\PSoC4/BLE_1.c ****             apiResult = CyBle_GapRemoveDeviceFromWhiteList(bdAddr);
 726:Generated_Source\PSoC4/BLE_1.c ****         }
 727:Generated_Source\PSoC4/BLE_1.c ****     }
 728:Generated_Source\PSoC4/BLE_1.c ****     else
 729:Generated_Source\PSoC4/BLE_1.c ****     {
 730:Generated_Source\PSoC4/BLE_1.c ****         apiResult = CYBLE_ERROR_INVALID_OPERATION;
 731:Generated_Source\PSoC4/BLE_1.c ****     }
 732:Generated_Source\PSoC4/BLE_1.c ****     
 733:Generated_Source\PSoC4/BLE_1.c ****     return(apiResult);
 734:Generated_Source\PSoC4/BLE_1.c **** }
 735:Generated_Source\PSoC4/BLE_1.c **** 
 736:Generated_Source\PSoC4/BLE_1.c **** 
 737:Generated_Source\PSoC4/BLE_1.c **** #endif /* (CYBLE_GAP_ROLE_PERIPHERAL || CYBLE_GAP_ROLE_CENTRAL) && (CYBLE_BONDING_REQUIREMENT == CY
 738:Generated_Source\PSoC4/BLE_1.c **** 
 739:Generated_Source\PSoC4/BLE_1.c **** 
 740:Generated_Source\PSoC4/BLE_1.c **** #if(CYBLE_GAP_ROLE_PERIPHERAL || CYBLE_GAP_ROLE_BROADCASTER)
 741:Generated_Source\PSoC4/BLE_1.c **** 
 742:Generated_Source\PSoC4/BLE_1.c ****     /******************************************************************************
 743:Generated_Source\PSoC4/BLE_1.c ****     *  Function Name: CyBle_GappStartAdvertisement
 744:Generated_Source\PSoC4/BLE_1.c ****     ***************************************************************************//**
 745:Generated_Source\PSoC4/BLE_1.c ****     *     
 746:Generated_Source\PSoC4/BLE_1.c ****     *  This function is used to start the advertisement using the advertisement data 
 747:Generated_Source\PSoC4/BLE_1.c ****     *  set in the component customizer's GUI. After invoking this function, the 
 748:Generated_Source\PSoC4/BLE_1.c ****     *  device will be available for connection by the devices configured for GAP 
 749:Generated_Source\PSoC4/BLE_1.c ****     *  central role. It is only included if the device is configured for GAP 
 750:Generated_Source\PSoC4/BLE_1.c ****     *  Peripheral or GAP Peripheral + Central role.
 751:Generated_Source\PSoC4/BLE_1.c ****     *  
 752:Generated_Source\PSoC4/BLE_1.c ****     *  On start of advertisement, GAP Peripheral receives the
 753:Generated_Source\PSoC4/BLE_1.c ****     *  CYBLE_EVT_GAPP_ADVERTISEMENT_START_STOP event. The following events are 
 754:Generated_Source\PSoC4/BLE_1.c ****     *  possible on invoking this function:
 755:Generated_Source\PSoC4/BLE_1.c ****     *  
 756:Generated_Source\PSoC4/BLE_1.c ****     *  * CYBLE_EVT_GAP_DEVICE_CONNECTED - If the device connects to a GAP Central and 
 757:Generated_Source\PSoC4/BLE_1.c ****     *    Link Layer Privacy is disabled in component customizer.
 758:Generated_Source\PSoC4/BLE_1.c ****     *  * CYBLE_EVT_GAP_ENHANCE_CONN_COMPLETE - If the device connects to a GAP Central and 
 759:Generated_Source\PSoC4/BLE_1.c ****     *    Link Layer Privacy is enabled in component customizer.
 760:Generated_Source\PSoC4/BLE_1.c ****     *  * CYBLE_EVT_TIMEOUT: If no device in GAP Central mode connects to this 
 761:Generated_Source\PSoC4/BLE_1.c ****     *                       device within the specified timeout limit. Stack 
 762:Generated_Source\PSoC4/BLE_1.c ****     *                       automatically initiate stop advertising when Slow 
 763:Generated_Source\PSoC4/BLE_1.c ****     *                       advertising was initiated, or starts Slow advertising
 764:Generated_Source\PSoC4/BLE_1.c ****     *                       after Fast advertising timeout occur.
 765:Generated_Source\PSoC4/BLE_1.c ****     *  * CYBLE_EVT_GAPP_ADVERTISEMENT_START_STOP: If device started or stopped
 766:Generated_Source\PSoC4/BLE_1.c ****     *                                               advertising. Use CyBle_GetState()
 767:Generated_Source\PSoC4/BLE_1.c ****     *                                               to determine the state. Sequential 
 768:Generated_Source\PSoC4/BLE_1.c ****     *                                               advertising could be started when
 769:Generated_Source\PSoC4/BLE_1.c ****     *                                               CYBLE_STATE_DISCONNECTED state is
 770:Generated_Source\PSoC4/BLE_1.c ****     *                                               returned.
 771:Generated_Source\PSoC4/BLE_1.c ****     * 
 772:Generated_Source\PSoC4/BLE_1.c ****     *  \param advertisingIntervalType: Fast or slow advertising interval with timings
ARM GAS  C:\Users\Lenovo\AppData\Local\Temp\cco0TkLK.s 			page 15


 773:Generated_Source\PSoC4/BLE_1.c ****     *                                 entered in Advertising settings section of the
 774:Generated_Source\PSoC4/BLE_1.c ****     *                                 customizer.
 775:Generated_Source\PSoC4/BLE_1.c ****     *  * CYBLE_ADVERTISING_FAST   0x00u
 776:Generated_Source\PSoC4/BLE_1.c ****     *  * CYBLE_ADVERTISING_SLOW   0x01u
 777:Generated_Source\PSoC4/BLE_1.c ****     *  * CYBLE_ADVERTISING_CUSTOM 0x02u
 778:Generated_Source\PSoC4/BLE_1.c ****     * 
 779:Generated_Source\PSoC4/BLE_1.c ****     * \return
 780:Generated_Source\PSoC4/BLE_1.c ****     *  CYBLE_API_RESULT_T : Return value indicates if the function succeeded or
 781:Generated_Source\PSoC4/BLE_1.c ****     *  failed. Following are the possible error codes.
 782:Generated_Source\PSoC4/BLE_1.c ****     * 
 783:Generated_Source\PSoC4/BLE_1.c ****     *   Errors codes                      |  Description
 784:Generated_Source\PSoC4/BLE_1.c ****     *   --------------------------------- |  --------------------------------
 785:Generated_Source\PSoC4/BLE_1.c ****     *   CYBLE_ERROR_OK                    |  On successful operation.
 786:Generated_Source\PSoC4/BLE_1.c ****     *   CYBLE_ERROR_INVALID_PARAMETER     |  On passing an invalid parameter.
 787:Generated_Source\PSoC4/BLE_1.c ****     *   CYBLE_ERROR_INVALID_STATE         |  On calling this function not in Disconnected state.
 788:Generated_Source\PSoC4/BLE_1.c ****     *
 789:Generated_Source\PSoC4/BLE_1.c ****     * 
 790:Generated_Source\PSoC4/BLE_1.c ****     *******************************************************************************/
 791:Generated_Source\PSoC4/BLE_1.c ****     CYBLE_API_RESULT_T CyBle_GappStartAdvertisement(uint8 advertisingIntervalType)
 792:Generated_Source\PSoC4/BLE_1.c ****     {
 793:Generated_Source\PSoC4/BLE_1.c ****         CYBLE_API_RESULT_T apiResult;
 794:Generated_Source\PSoC4/BLE_1.c ****         
 795:Generated_Source\PSoC4/BLE_1.c ****         if(advertisingIntervalType > CYBLE_ADVERTISING_CUSTOM)
 796:Generated_Source\PSoC4/BLE_1.c ****         {
 797:Generated_Source\PSoC4/BLE_1.c ****             apiResult = CYBLE_ERROR_INVALID_PARAMETER;
 798:Generated_Source\PSoC4/BLE_1.c ****         }
 799:Generated_Source\PSoC4/BLE_1.c ****         else if((CYBLE_STATE_DISCONNECTED == CyBle_GetState()) && ((cyBle_eventHandlerFlag & CYBLE_
 800:Generated_Source\PSoC4/BLE_1.c ****         {   
 801:Generated_Source\PSoC4/BLE_1.c ****             if(advertisingIntervalType == CYBLE_ADVERTISING_FAST)
 802:Generated_Source\PSoC4/BLE_1.c ****             {
 803:Generated_Source\PSoC4/BLE_1.c ****                 cyBle_discoveryModeInfo.advTo = CYBLE_FAST_ADV_TIMEOUT;
 804:Generated_Source\PSoC4/BLE_1.c ****                 cyBle_discoveryModeInfo.advParam->advIntvMin = CYBLE_FAST_ADV_INT_MIN;
 805:Generated_Source\PSoC4/BLE_1.c ****                 cyBle_discoveryModeInfo.advParam->advIntvMax = CYBLE_FAST_ADV_INT_MAX;
 806:Generated_Source\PSoC4/BLE_1.c ****             }
 807:Generated_Source\PSoC4/BLE_1.c ****             else if(advertisingIntervalType == CYBLE_ADVERTISING_SLOW)
 808:Generated_Source\PSoC4/BLE_1.c ****             {
 809:Generated_Source\PSoC4/BLE_1.c ****                 cyBle_discoveryModeInfo.advTo = CYBLE_SLOW_ADV_TIMEOUT;
 810:Generated_Source\PSoC4/BLE_1.c ****                 cyBle_discoveryModeInfo.advParam->advIntvMin = CYBLE_SLOW_ADV_INT_MIN;
 811:Generated_Source\PSoC4/BLE_1.c ****                 cyBle_discoveryModeInfo.advParam->advIntvMax = CYBLE_SLOW_ADV_INT_MAX;
 812:Generated_Source\PSoC4/BLE_1.c ****             }       
 813:Generated_Source\PSoC4/BLE_1.c ****             else /* Do not update advertising intervals */
 814:Generated_Source\PSoC4/BLE_1.c ****             {
 815:Generated_Source\PSoC4/BLE_1.c ****             }
 816:Generated_Source\PSoC4/BLE_1.c ****             cyBle_advertisingIntervalType = advertisingIntervalType;
 817:Generated_Source\PSoC4/BLE_1.c ****             apiResult = CyBle_GappEnterDiscoveryMode(&cyBle_discoveryModeInfo);
 818:Generated_Source\PSoC4/BLE_1.c ****         
 819:Generated_Source\PSoC4/BLE_1.c ****             if(apiResult == CYBLE_ERROR_OK)
 820:Generated_Source\PSoC4/BLE_1.c ****             {
 821:Generated_Source\PSoC4/BLE_1.c ****                 cyBle_eventHandlerFlag |= CYBLE_START_FLAG;
 822:Generated_Source\PSoC4/BLE_1.c ****             }
 823:Generated_Source\PSoC4/BLE_1.c ****         }
 824:Generated_Source\PSoC4/BLE_1.c ****         else
 825:Generated_Source\PSoC4/BLE_1.c ****         {
 826:Generated_Source\PSoC4/BLE_1.c ****             apiResult = CYBLE_ERROR_INVALID_STATE;
 827:Generated_Source\PSoC4/BLE_1.c ****         }
 828:Generated_Source\PSoC4/BLE_1.c **** 
 829:Generated_Source\PSoC4/BLE_1.c ****         return (apiResult);
ARM GAS  C:\Users\Lenovo\AppData\Local\Temp\cco0TkLK.s 			page 16


 830:Generated_Source\PSoC4/BLE_1.c ****     }
 831:Generated_Source\PSoC4/BLE_1.c **** 
 832:Generated_Source\PSoC4/BLE_1.c ****     
 833:Generated_Source\PSoC4/BLE_1.c ****     /******************************************************************************
 834:Generated_Source\PSoC4/BLE_1.c ****     * Function Name: CyBle_GappStopAdvertisement
 835:Generated_Source\PSoC4/BLE_1.c ****     ***************************************************************************//**
 836:Generated_Source\PSoC4/BLE_1.c ****     * 
 837:Generated_Source\PSoC4/BLE_1.c ****     *   This function can be used to exit from discovery mode. After the execution 
 838:Generated_Source\PSoC4/BLE_1.c ****     *   of this function, there will no longer be any advertisements. On stopping 
 839:Generated_Source\PSoC4/BLE_1.c ****     *   advertising, GAP Peripheral receives CYBLE_EVT_GAPP_ADVERTISEMENT_START_STOP
 840:Generated_Source\PSoC4/BLE_1.c ****     *   event. It is expected that the application layer tracks the function call 
 841:Generated_Source\PSoC4/BLE_1.c ****     *   performed before occurrence of this event as this event can occur on making 
 842:Generated_Source\PSoC4/BLE_1.c ****     *   a call to Cy_BleGappStartAdvertisement(), CyBle_GappEnterDiscoveryMode(), 
 843:Generated_Source\PSoC4/BLE_1.c ****     *   or CyBle_GappStartAdvertisement() functions as well.
 844:Generated_Source\PSoC4/BLE_1.c ****     *   
 845:Generated_Source\PSoC4/BLE_1.c ****     *   The following event occurs on invoking this function:
 846:Generated_Source\PSoC4/BLE_1.c ****     *   * CYBLE_EVT_GAPP_ADVERTISEMENT_START_STOP
 847:Generated_Source\PSoC4/BLE_1.c ****     * 
 848:Generated_Source\PSoC4/BLE_1.c ****     *  \return
 849:Generated_Source\PSoC4/BLE_1.c ****     *   None
 850:Generated_Source\PSoC4/BLE_1.c ****     * 
 851:Generated_Source\PSoC4/BLE_1.c ****     *******************************************************************************/
 852:Generated_Source\PSoC4/BLE_1.c ****     void CyBle_GappStopAdvertisement(void)
 853:Generated_Source\PSoC4/BLE_1.c ****     {
 854:Generated_Source\PSoC4/BLE_1.c ****         CyBle_GappExitDiscoveryMode();
 855:Generated_Source\PSoC4/BLE_1.c ****         cyBle_eventHandlerFlag |= CYBLE_STOP_FLAG;
 856:Generated_Source\PSoC4/BLE_1.c ****     }
 857:Generated_Source\PSoC4/BLE_1.c ****     
 858:Generated_Source\PSoC4/BLE_1.c ****     
 859:Generated_Source\PSoC4/BLE_1.c ****     /******************************************************************************
 860:Generated_Source\PSoC4/BLE_1.c ****     * Function Name: CyBle_ChangeAdDeviceAddress
 861:Generated_Source\PSoC4/BLE_1.c ****     ***************************************************************************//**
 862:Generated_Source\PSoC4/BLE_1.c ****     * 
 863:Generated_Source\PSoC4/BLE_1.c ****     *  This function is used to set the Bluetooth device address into the 
 864:Generated_Source\PSoC4/BLE_1.c ****     *  advertisement or scan response data structure.
 865:Generated_Source\PSoC4/BLE_1.c ****     * 
 866:Generated_Source\PSoC4/BLE_1.c ****     *  \param bdAddr: Bluetooth Device address. The variable is of type CYBLE_GAP_BD_ADDR_T
 867:Generated_Source\PSoC4/BLE_1.c ****     *  \param dest: 0 - selects advertisement structure, not zero value selects scan 
 868:Generated_Source\PSoC4/BLE_1.c ****     *               response structure.
 869:Generated_Source\PSoC4/BLE_1.c ****     * 
 870:Generated_Source\PSoC4/BLE_1.c ****     * \return
 871:Generated_Source\PSoC4/BLE_1.c ****     *  None
 872:Generated_Source\PSoC4/BLE_1.c ****     *  
 873:Generated_Source\PSoC4/BLE_1.c ****     *******************************************************************************/
 874:Generated_Source\PSoC4/BLE_1.c ****     void CyBle_ChangeAdDeviceAddress(const CYBLE_GAP_BD_ADDR_T* bdAddr, uint8 dest)
 875:Generated_Source\PSoC4/BLE_1.c ****     {
 876:Generated_Source\PSoC4/BLE_1.c ****         uint8 i;
 877:Generated_Source\PSoC4/BLE_1.c ****         uint8 *destBuffer = NULL;
 878:Generated_Source\PSoC4/BLE_1.c ****         
 879:Generated_Source\PSoC4/BLE_1.c ****         if(dest == 0u)      /* Destination - advertising structure */
 880:Generated_Source\PSoC4/BLE_1.c ****         {
 881:Generated_Source\PSoC4/BLE_1.c ****             #ifdef CYBLE_ADV_PKT_INDEX_BLUETOOTH_DEVICE_ADDRESS
 882:Generated_Source\PSoC4/BLE_1.c ****                 destBuffer = &cyBle_discoveryData.advData[CYBLE_ADV_PKT_INDEX_BLUETOOTH_DEVICE_ADDR
 883:Generated_Source\PSoC4/BLE_1.c ****             #endif /* CYBLE_ADV_PKT_INDEX_BLUETOOTH_DEVICE_ADDRESS */
 884:Generated_Source\PSoC4/BLE_1.c ****         }
 885:Generated_Source\PSoC4/BLE_1.c ****         else                /* Destination - scan response structure */
 886:Generated_Source\PSoC4/BLE_1.c ****         {
ARM GAS  C:\Users\Lenovo\AppData\Local\Temp\cco0TkLK.s 			page 17


 887:Generated_Source\PSoC4/BLE_1.c ****             #ifdef CYBLE_SCN_PKT_INDEX_BLUETOOTH_DEVICE_ADDRESS
 888:Generated_Source\PSoC4/BLE_1.c ****                 destBuffer = &cyBle_scanRspData.scanRspData[CYBLE_SCN_PKT_INDEX_BLUETOOTH_DEVICE_AD
 889:Generated_Source\PSoC4/BLE_1.c ****             #endif /* CYBLE_SCN_PKT_INDEX_BLUETOOTH_DEVICE_ADDRESS */    
 890:Generated_Source\PSoC4/BLE_1.c ****         }
 891:Generated_Source\PSoC4/BLE_1.c ****         
 892:Generated_Source\PSoC4/BLE_1.c ****         if(destBuffer != NULL)
 893:Generated_Source\PSoC4/BLE_1.c ****         {
 894:Generated_Source\PSoC4/BLE_1.c ****             /* Update Device Address type */
 895:Generated_Source\PSoC4/BLE_1.c ****             destBuffer[0u] = bdAddr->type;
 896:Generated_Source\PSoC4/BLE_1.c ****             
 897:Generated_Source\PSoC4/BLE_1.c ****             for(i = 0u; i < CYBLE_GAP_BD_ADDR_SIZE; i++)
 898:Generated_Source\PSoC4/BLE_1.c ****             {
 899:Generated_Source\PSoC4/BLE_1.c ****                 destBuffer[i + 1u] = bdAddr->bdAddr[i];
 900:Generated_Source\PSoC4/BLE_1.c ****             }
 901:Generated_Source\PSoC4/BLE_1.c ****         }
 902:Generated_Source\PSoC4/BLE_1.c ****     }
 903:Generated_Source\PSoC4/BLE_1.c ****   
 904:Generated_Source\PSoC4/BLE_1.c **** #endif /* CYBLE_GAP_ROLE_PERIPHERAL || CYBLE_GAP_ROLE_BROADCASTER */
 905:Generated_Source\PSoC4/BLE_1.c **** 
 906:Generated_Source\PSoC4/BLE_1.c **** 
 907:Generated_Source\PSoC4/BLE_1.c **** #if(CYBLE_GAP_ROLE_CENTRAL || CYBLE_GAP_ROLE_OBSERVER)
 908:Generated_Source\PSoC4/BLE_1.c **** 
 909:Generated_Source\PSoC4/BLE_1.c ****     /******************************************************************************
 910:Generated_Source\PSoC4/BLE_1.c ****     * Function Name: CyBle_GapcStartScan
 911:Generated_Source\PSoC4/BLE_1.c ****     ***************************************************************************//**
 912:Generated_Source\PSoC4/BLE_1.c ****     * 
 913:Generated_Source\PSoC4/BLE_1.c ****     *   This function is used for discovering GAP peripheral devices that are 
 914:Generated_Source\PSoC4/BLE_1.c ****     *   available for connection. It performs the scanning routine using the 
 915:Generated_Source\PSoC4/BLE_1.c ****     *   parameters entered in the component's customizer.
 916:Generated_Source\PSoC4/BLE_1.c ****     *   
 917:Generated_Source\PSoC4/BLE_1.c ****     *   As soon as the discovery operation starts, CYBLE_EVT_GAPC_SCAN_START_STOP 
 918:Generated_Source\PSoC4/BLE_1.c ****     *   event is generated. The CYBLE_EVT_GAPC_SCAN_PROGRESS_RESULT event is 
 919:Generated_Source\PSoC4/BLE_1.c ****     *   generated when a GAP peripheral device is located. There are three discovery
 920:Generated_Source\PSoC4/BLE_1.c ****     *   procedures can be selected in the customizer's GUI:
 921:Generated_Source\PSoC4/BLE_1.c ****     *   
 922:Generated_Source\PSoC4/BLE_1.c ****     *   * Observation procedure: A device performing the observer role receives only
 923:Generated_Source\PSoC4/BLE_1.c ****     *                            advertisement data from devices irrespective of 
 924:Generated_Source\PSoC4/BLE_1.c ****     *                            their discoverable mode settings. Advertisement 
 925:Generated_Source\PSoC4/BLE_1.c ****     *                            data received is provided by the event,      
 926:Generated_Source\PSoC4/BLE_1.c ****     *                            CYBLE_EVT_GAPC_SCAN_PROGRESS_RESULT. This procedure
 927:Generated_Source\PSoC4/BLE_1.c ****     *                            requires the scanType sub parameter to be passive
 928:Generated_Source\PSoC4/BLE_1.c ****     *                            scanning. 
 929:Generated_Source\PSoC4/BLE_1.c ****     *   
 930:Generated_Source\PSoC4/BLE_1.c ****     *   * Limited Discovery procedure: A device performing the limited discovery
 931:Generated_Source\PSoC4/BLE_1.c ****     *                                  procedure receives advertisement data and 
 932:Generated_Source\PSoC4/BLE_1.c ****     *                                  scan# response data from devices in the 
 933:Generated_Source\PSoC4/BLE_1.c ****     *                                  limited discoverable mode only. Received data
 934:Generated_Source\PSoC4/BLE_1.c ****     *                                  is provided by the event, 
 935:Generated_Source\PSoC4/BLE_1.c ****     *                                  CYBLE_EVT_GAPC_SCAN_PROGRESS_RESULT. This 
 936:Generated_Source\PSoC4/BLE_1.c ****     *                                  procedure requires the scanType sub-parameter 
 937:Generated_Source\PSoC4/BLE_1.c ****     *                                  to be active scanning.
 938:Generated_Source\PSoC4/BLE_1.c ****     *   
 939:Generated_Source\PSoC4/BLE_1.c ****     *   * General Discovery procedure: A device performing the general discovery 
 940:Generated_Source\PSoC4/BLE_1.c ****     *                                  procedure receives the advertisement data and
 941:Generated_Source\PSoC4/BLE_1.c ****     *                                  scan response data from devices in both 
 942:Generated_Source\PSoC4/BLE_1.c ****     *                                  limited discoverable mode and the general 
 943:Generated_Source\PSoC4/BLE_1.c ****     *                                  discoverable mode. Received data is provided
ARM GAS  C:\Users\Lenovo\AppData\Local\Temp\cco0TkLK.s 			page 18


 944:Generated_Source\PSoC4/BLE_1.c ****     *                                  by the event,
 945:Generated_Source\PSoC4/BLE_1.c ****     *                                  CYBLE_EVT_GAPC_SCAN_PROGRESS_RESULT. This 
 946:Generated_Source\PSoC4/BLE_1.c ****     *                                  procedure requires the scanType sub-parameter
 947:Generated_Source\PSoC4/BLE_1.c ****     *                                  to be active scanning.
 948:Generated_Source\PSoC4/BLE_1.c ****     *   
 949:Generated_Source\PSoC4/BLE_1.c ****     *   Every Advertisement / Scan response packet received results in a new event, 
 950:Generated_Source\PSoC4/BLE_1.c ****     *   CYBLE_EVT_GAPC_SCAN_PROGRESS_RESULT.
 951:Generated_Source\PSoC4/BLE_1.c ****     *   If 'scanTo' sub-parameter is a non-zero value, then upon commencement of 
 952:Generated_Source\PSoC4/BLE_1.c ****     *   discovery procedure and elapsed time = 'scanTo', CYBLE_EVT_TIMEOUT event
 953:Generated_Source\PSoC4/BLE_1.c ****     *   is generated with the event parameter indicating CYBLE_GAP_SCAN_TO.
 954:Generated_Source\PSoC4/BLE_1.c ****     *   Possible generated events are:
 955:Generated_Source\PSoC4/BLE_1.c ****     *   * CYBLE_EVT_GAPC_SCAN_START_STOP: If a device started or stopped scanning. 
 956:Generated_Source\PSoC4/BLE_1.c ****     *                                     Use CyBle_GetState() to determine the 
 957:Generated_Source\PSoC4/BLE_1.c ****     *                                     state. Sequential scanning could be 
 958:Generated_Source\PSoC4/BLE_1.c ****     *                                     started when CYBLE_STATE_DISCONNECTED 
 959:Generated_Source\PSoC4/BLE_1.c ****     *                                     state is returned. 
 960:Generated_Source\PSoC4/BLE_1.c ****     *   * CYBLE_EVT_GAPC_SCAN_PROGRESS_RESULT 
 961:Generated_Source\PSoC4/BLE_1.c ****     *   * CYBLE_EVT_TIMEOUT (CYBLE_GAP_SCAN_TO)
 962:Generated_Source\PSoC4/BLE_1.c ****     * 
 963:Generated_Source\PSoC4/BLE_1.c ****     *   \param scanningIntervalType:  Fast or slow scanning interval with
 964:Generated_Source\PSoC4/BLE_1.c ****     *       timings entered in Scan settings section of the customizer.
 965:Generated_Source\PSoC4/BLE_1.c ****     * 	  * CYBLE_SCANNING_FAST   0x00u
 966:Generated_Source\PSoC4/BLE_1.c ****     * 	  * CYBLE_SCANNING_SLOW   0x01u
 967:Generated_Source\PSoC4/BLE_1.c ****     * 	  * CYBLE_SCANNING_CUSTOM 0x02u
 968:Generated_Source\PSoC4/BLE_1.c ****     * 
 969:Generated_Source\PSoC4/BLE_1.c ****     * \return
 970:Generated_Source\PSoC4/BLE_1.c ****     *  CYBLE_API_RESULT_T : Return value indicates if the function succeeded or
 971:Generated_Source\PSoC4/BLE_1.c ****     *  failed. Following are the possible error codes.
 972:Generated_Source\PSoC4/BLE_1.c ****     *
 973:Generated_Source\PSoC4/BLE_1.c ****     *   Errors codes                       | Description
 974:Generated_Source\PSoC4/BLE_1.c ****     *   ---------------------------------- | -----------------------------------
 975:Generated_Source\PSoC4/BLE_1.c ****     *   CYBLE_ERROR_OK                     | On successful operation.
 976:Generated_Source\PSoC4/BLE_1.c ****     *   CYBLE_ERROR_STACK_INTERNAL         | An error occurred in the BLE stack.
 977:Generated_Source\PSoC4/BLE_1.c ****     *   CYBLE_ERROR_INVALID_PARAMETER      | On passing an invalid parameter.
 978:Generated_Source\PSoC4/BLE_1.c ****     *  
 979:Generated_Source\PSoC4/BLE_1.c ****     *******************************************************************************/
 980:Generated_Source\PSoC4/BLE_1.c ****     CYBLE_API_RESULT_T CyBle_GapcStartScan(uint8 scanningIntervalType)
 981:Generated_Source\PSoC4/BLE_1.c ****     {
 982:Generated_Source\PSoC4/BLE_1.c ****         CYBLE_API_RESULT_T apiResult;
 983:Generated_Source\PSoC4/BLE_1.c **** 
 984:Generated_Source\PSoC4/BLE_1.c ****         if(scanningIntervalType > CYBLE_SCANNING_CUSTOM)
 985:Generated_Source\PSoC4/BLE_1.c ****         {
 986:Generated_Source\PSoC4/BLE_1.c ****             apiResult = CYBLE_ERROR_INVALID_PARAMETER;
 987:Generated_Source\PSoC4/BLE_1.c ****         }
 988:Generated_Source\PSoC4/BLE_1.c ****         else
 989:Generated_Source\PSoC4/BLE_1.c ****         {
 990:Generated_Source\PSoC4/BLE_1.c ****             if(scanningIntervalType == CYBLE_SCANNING_FAST)
 991:Generated_Source\PSoC4/BLE_1.c ****             {
 992:Generated_Source\PSoC4/BLE_1.c ****                 cyBle_discoveryInfo.scanTo = CYBLE_FAST_SCAN_TIMEOUT;
 993:Generated_Source\PSoC4/BLE_1.c ****                 cyBle_discoveryInfo.scanIntv = CYBLE_FAST_SCAN_INTERVAL;
 994:Generated_Source\PSoC4/BLE_1.c ****                 cyBle_discoveryInfo.scanWindow = CYBLE_FAST_SCAN_WINDOW;
 995:Generated_Source\PSoC4/BLE_1.c ****             }
 996:Generated_Source\PSoC4/BLE_1.c ****             else if(scanningIntervalType == CYBLE_SCANNING_SLOW)
 997:Generated_Source\PSoC4/BLE_1.c ****             {
 998:Generated_Source\PSoC4/BLE_1.c ****                 cyBle_discoveryInfo.scanTo = CYBLE_SLOW_SCAN_TIMEOUT;
 999:Generated_Source\PSoC4/BLE_1.c ****                 cyBle_discoveryInfo.scanIntv = CYBLE_SLOW_SCAN_INTERVAL;
1000:Generated_Source\PSoC4/BLE_1.c ****                 cyBle_discoveryInfo.scanWindow = CYBLE_SLOW_SCAN_WINDOW;
ARM GAS  C:\Users\Lenovo\AppData\Local\Temp\cco0TkLK.s 			page 19


1001:Generated_Source\PSoC4/BLE_1.c ****             }       
1002:Generated_Source\PSoC4/BLE_1.c ****             else /* Do not update scanning intervals */
1003:Generated_Source\PSoC4/BLE_1.c ****             {
1004:Generated_Source\PSoC4/BLE_1.c ****             }
1005:Generated_Source\PSoC4/BLE_1.c ****             
1006:Generated_Source\PSoC4/BLE_1.c ****             cyBle_scanningIntervalType = scanningIntervalType;
1007:Generated_Source\PSoC4/BLE_1.c ****             apiResult = CyBle_GapcStartDiscovery(&cyBle_discoveryInfo);
1008:Generated_Source\PSoC4/BLE_1.c ****         
1009:Generated_Source\PSoC4/BLE_1.c ****             if(apiResult == CYBLE_ERROR_OK)
1010:Generated_Source\PSoC4/BLE_1.c ****             {
1011:Generated_Source\PSoC4/BLE_1.c ****                 cyBle_eventHandlerFlag |= CYBLE_START_FLAG;
1012:Generated_Source\PSoC4/BLE_1.c ****             }
1013:Generated_Source\PSoC4/BLE_1.c ****         }
1014:Generated_Source\PSoC4/BLE_1.c ****        
1015:Generated_Source\PSoC4/BLE_1.c ****         return (apiResult);
1016:Generated_Source\PSoC4/BLE_1.c ****     }
1017:Generated_Source\PSoC4/BLE_1.c ****     
1018:Generated_Source\PSoC4/BLE_1.c ****     
1019:Generated_Source\PSoC4/BLE_1.c ****     /******************************************************************************
1020:Generated_Source\PSoC4/BLE_1.c ****     * Function Name: CyBle_GapcStopScan
1021:Generated_Source\PSoC4/BLE_1.c ****     ***************************************************************************//**
1022:Generated_Source\PSoC4/BLE_1.c ****     * 
1023:Generated_Source\PSoC4/BLE_1.c ****     *   This function used to stop the discovery of devices. On stopping discovery
1024:Generated_Source\PSoC4/BLE_1.c ****     *   operation, CYBLE_EVT_GAPC_SCAN_START_STOP event is generated. Application
1025:Generated_Source\PSoC4/BLE_1.c ****     *   layer needs to keep track of the function call made before receiving this
1026:Generated_Source\PSoC4/BLE_1.c ****     *   event to associate this event with either the start or stop discovery
1027:Generated_Source\PSoC4/BLE_1.c ****     *   function.
1028:Generated_Source\PSoC4/BLE_1.c ****     * 
1029:Generated_Source\PSoC4/BLE_1.c ****     *   Possible events generated are:
1030:Generated_Source\PSoC4/BLE_1.c ****     *    * CYBLE_EVT_GAPC_SCAN_START_STOP
1031:Generated_Source\PSoC4/BLE_1.c ****     * 
1032:Generated_Source\PSoC4/BLE_1.c ****     *  \return
1033:Generated_Source\PSoC4/BLE_1.c ****     *   None
1034:Generated_Source\PSoC4/BLE_1.c ****     * 
1035:Generated_Source\PSoC4/BLE_1.c ****     *******************************************************************************/
1036:Generated_Source\PSoC4/BLE_1.c ****     void CyBle_GapcStopScan(void)
1037:Generated_Source\PSoC4/BLE_1.c ****     {
1038:Generated_Source\PSoC4/BLE_1.c ****         CyBle_GapcStopDiscovery();
1039:Generated_Source\PSoC4/BLE_1.c ****         
1040:Generated_Source\PSoC4/BLE_1.c ****         cyBle_eventHandlerFlag |= CYBLE_STOP_FLAG;
1041:Generated_Source\PSoC4/BLE_1.c ****     }
1042:Generated_Source\PSoC4/BLE_1.c **** 
1043:Generated_Source\PSoC4/BLE_1.c ****     
1044:Generated_Source\PSoC4/BLE_1.c **** #endif /* CYBLE_GAP_ROLE_CENTRAL || CYBLE_GAP_ROLE_OBSERVER */
1045:Generated_Source\PSoC4/BLE_1.c **** 
1046:Generated_Source\PSoC4/BLE_1.c **** 
1047:Generated_Source\PSoC4/BLE_1.c **** #if(CYBLE_GAP_ROLE_CENTRAL)
1048:Generated_Source\PSoC4/BLE_1.c **** 
1049:Generated_Source\PSoC4/BLE_1.c ****     /******************************************************************************
1050:Generated_Source\PSoC4/BLE_1.c ****     * Function Name: CyBle_GapcConnectDevice
1051:Generated_Source\PSoC4/BLE_1.c ****     ***************************************************************************//**
1052:Generated_Source\PSoC4/BLE_1.c ****     * 
1053:Generated_Source\PSoC4/BLE_1.c ****     *  This function is used to send a connection request to the remote device with
1054:Generated_Source\PSoC4/BLE_1.c ****     *  the connection parameters set in the component customizer. This function needs
1055:Generated_Source\PSoC4/BLE_1.c ****     *  to be called only once after the target device is discovered by 
1056:Generated_Source\PSoC4/BLE_1.c ****     *  CyBle_GapcStartScan() and further scanning has stopped. Scanning is 
1057:Generated_Source\PSoC4/BLE_1.c ****     *  successfully stopped on invoking CyBle_GapcStopScan() and then receiving the
ARM GAS  C:\Users\Lenovo\AppData\Local\Temp\cco0TkLK.s 			page 20


1058:Generated_Source\PSoC4/BLE_1.c ****     *  event CYBLE_EVT_GAPC_SCAN_START_STOP with sub-parameter 'success' = 0x01u.
1059:Generated_Source\PSoC4/BLE_1.c ****     *  
1060:Generated_Source\PSoC4/BLE_1.c ****     *  On successful connection, the following events are generated at the GAP 
1061:Generated_Source\PSoC4/BLE_1.c ****     *  Central device (as well as the GAP Peripheral device), in the following order.
1062:Generated_Source\PSoC4/BLE_1.c ****     *  * CYBLE_EVT_GATT_CONNECT_IND
1063:Generated_Source\PSoC4/BLE_1.c ****     *  * CYBLE_EVT_GAP_DEVICE_CONNECTED - If the device connects to a GAP Central and 
1064:Generated_Source\PSoC4/BLE_1.c ****     *    Link Layer Privacy is disabled in component customizer.
1065:Generated_Source\PSoC4/BLE_1.c ****     *  * CYBLE_EVT_GAP_ENHANCE_CONN_COMPLETE - If the device connects to a GAP Central and 
1066:Generated_Source\PSoC4/BLE_1.c ****     *    Link Layer Privacy is enabled in component customizer.
1067:Generated_Source\PSoC4/BLE_1.c ****     *  * CYBLE_EVT_GAP_DEVICE_CONNECTED
1068:Generated_Source\PSoC4/BLE_1.c ****     *  
1069:Generated_Source\PSoC4/BLE_1.c ****     *  A procedure is considered to have timed out if a connection response packet is 
1070:Generated_Source\PSoC4/BLE_1.c ****     *  not received within time set by cyBle_connectingTimeout global variable
1071:Generated_Source\PSoC4/BLE_1.c ****     *  (30 seconds by default). CYBLE_EVT_TIMEOUT event with CYBLE_GENERIC_TO parameter
1072:Generated_Source\PSoC4/BLE_1.c ****     *  will indicate about connection procedure timeout. Connection will automatically
1073:Generated_Source\PSoC4/BLE_1.c ****     *  be canceled and state will be changed to CYBLE_STATE_DISCONNECTED.
1074:Generated_Source\PSoC4/BLE_1.c ****     * 
1075:Generated_Source\PSoC4/BLE_1.c ****     *  \param address: The device address of the remote device to connect to. 
1076:Generated_Source\PSoC4/BLE_1.c ****     *  
1077:Generated_Source\PSoC4/BLE_1.c ****     * \return
1078:Generated_Source\PSoC4/BLE_1.c ****     *  CYBLE_API_RESULT_T : Return value indicates if the function succeeded or 
1079:Generated_Source\PSoC4/BLE_1.c ****     *  failed. Following are the possible error codes.
1080:Generated_Source\PSoC4/BLE_1.c ****     *
1081:Generated_Source\PSoC4/BLE_1.c ****     *   Errors codes                       | Description
1082:Generated_Source\PSoC4/BLE_1.c ****     *   ------------                       | -----------
1083:Generated_Source\PSoC4/BLE_1.c ****     *   CYBLE_ERROR_OK                     | On successful operation.
1084:Generated_Source\PSoC4/BLE_1.c ****     *   CYBLE_ERROR_STACK_INTERNAL         | On error occurred in the BLE stack.
1085:Generated_Source\PSoC4/BLE_1.c ****     *   CYBLE_ERROR_INVALID_PARAMETER      | On passing an invalid parameter.
1086:Generated_Source\PSoC4/BLE_1.c ****     *   CYBLE_ERROR_INVALID_STATE          | On calling this function not in Disconnected state.
1087:Generated_Source\PSoC4/BLE_1.c ****     *  
1088:Generated_Source\PSoC4/BLE_1.c ****     ******************************************************************************/
1089:Generated_Source\PSoC4/BLE_1.c ****     CYBLE_API_RESULT_T CyBle_GapcConnectDevice(const CYBLE_GAP_BD_ADDR_T * address)
1090:Generated_Source\PSoC4/BLE_1.c ****     {
1091:Generated_Source\PSoC4/BLE_1.c ****         CYBLE_API_RESULT_T apiResult;
1092:Generated_Source\PSoC4/BLE_1.c ****         uint8 i;
1093:Generated_Source\PSoC4/BLE_1.c **** 
1094:Generated_Source\PSoC4/BLE_1.c ****         if(CyBle_GetState() != CYBLE_STATE_DISCONNECTED)
1095:Generated_Source\PSoC4/BLE_1.c ****         {
1096:Generated_Source\PSoC4/BLE_1.c ****             apiResult = CYBLE_ERROR_INVALID_STATE;
1097:Generated_Source\PSoC4/BLE_1.c ****         }
1098:Generated_Source\PSoC4/BLE_1.c ****         else if(address == NULL)
1099:Generated_Source\PSoC4/BLE_1.c ****         {
1100:Generated_Source\PSoC4/BLE_1.c ****             apiResult = CYBLE_ERROR_INVALID_PARAMETER;
1101:Generated_Source\PSoC4/BLE_1.c ****         }
1102:Generated_Source\PSoC4/BLE_1.c ****         else
1103:Generated_Source\PSoC4/BLE_1.c ****         {
1104:Generated_Source\PSoC4/BLE_1.c ****             for(i = 0u; i < CYBLE_GAP_BD_ADDR_SIZE; i++)
1105:Generated_Source\PSoC4/BLE_1.c ****             {
1106:Generated_Source\PSoC4/BLE_1.c ****                 cyBle_connectionParameters.peerBdAddr[i] = address->bdAddr[i];
1107:Generated_Source\PSoC4/BLE_1.c ****             }
1108:Generated_Source\PSoC4/BLE_1.c ****             cyBle_connectionParameters.peerAddrType = address -> type;
1109:Generated_Source\PSoC4/BLE_1.c ****             apiResult = CyBle_GapcInitConnection(&cyBle_connectionParameters);
1110:Generated_Source\PSoC4/BLE_1.c ****             
1111:Generated_Source\PSoC4/BLE_1.c ****             if(apiResult == CYBLE_ERROR_OK)
1112:Generated_Source\PSoC4/BLE_1.c ****             {
1113:Generated_Source\PSoC4/BLE_1.c ****                 CyBle_SetState(CYBLE_STATE_CONNECTING);
1114:Generated_Source\PSoC4/BLE_1.c ****                 if(cyBle_connectingTimeout != 0u)
ARM GAS  C:\Users\Lenovo\AppData\Local\Temp\cco0TkLK.s 			page 21


1115:Generated_Source\PSoC4/BLE_1.c ****                 {
1116:Generated_Source\PSoC4/BLE_1.c ****                     (void)CyBle_StartTimer(cyBle_connectingTimeout);
1117:Generated_Source\PSoC4/BLE_1.c ****                 }
1118:Generated_Source\PSoC4/BLE_1.c ****             }
1119:Generated_Source\PSoC4/BLE_1.c ****         }
1120:Generated_Source\PSoC4/BLE_1.c ****         return (apiResult);
1121:Generated_Source\PSoC4/BLE_1.c ****     }
1122:Generated_Source\PSoC4/BLE_1.c ****     
1123:Generated_Source\PSoC4/BLE_1.c **** 
1124:Generated_Source\PSoC4/BLE_1.c ****     /******************************************************************************
1125:Generated_Source\PSoC4/BLE_1.c ****     * Function Name: CyBle_GapcCancelDeviceConnection
1126:Generated_Source\PSoC4/BLE_1.c ****     ***************************************************************************//**
1127:Generated_Source\PSoC4/BLE_1.c ****     * 
1128:Generated_Source\PSoC4/BLE_1.c ****     *  This function cancels a previously initiated connection with the remote 
1129:Generated_Source\PSoC4/BLE_1.c ****     *  device. It is a blocking function. No event is generated on calling this 
1130:Generated_Source\PSoC4/BLE_1.c ****     *  function. If the devices are already connected then this function should not
1131:Generated_Source\PSoC4/BLE_1.c ****     *  be used. If you intend to disconnect from an existing connection, the function
1132:Generated_Source\PSoC4/BLE_1.c ****     *  CyBle_GapDisconnect() should be used.
1133:Generated_Source\PSoC4/BLE_1.c ****     * 
1134:Generated_Source\PSoC4/BLE_1.c ****     * \return
1135:Generated_Source\PSoC4/BLE_1.c ****     *  CYBLE_API_RESULT_T : Return value indicates if the function succeeded or 
1136:Generated_Source\PSoC4/BLE_1.c ****     *  failed. Following are the possible error codes.
1137:Generated_Source\PSoC4/BLE_1.c ****     *
1138:Generated_Source\PSoC4/BLE_1.c ****     *   Errors codes                       | Description
1139:Generated_Source\PSoC4/BLE_1.c ****     *   ---------------------------------- | --------------------------------------
1140:Generated_Source\PSoC4/BLE_1.c ****     *   CYBLE_ERROR_OK                     | On successful operation.
1141:Generated_Source\PSoC4/BLE_1.c ****     *   CYBLE_ERROR_STACK_INTERNAL         | An error occurred in the BLE stack.
1142:Generated_Source\PSoC4/BLE_1.c ****     *   CYBLE_ERROR_INVALID_STATE          | On calling this function not in Connecting state.
1143:Generated_Source\PSoC4/BLE_1.c ****     *  
1144:Generated_Source\PSoC4/BLE_1.c ****     *******************************************************************************/
1145:Generated_Source\PSoC4/BLE_1.c ****     CYBLE_API_RESULT_T CyBle_GapcCancelDeviceConnection(void)
1146:Generated_Source\PSoC4/BLE_1.c ****     {
1147:Generated_Source\PSoC4/BLE_1.c ****         CYBLE_API_RESULT_T apiResult;
1148:Generated_Source\PSoC4/BLE_1.c ****         
1149:Generated_Source\PSoC4/BLE_1.c ****         if(CyBle_GetState() != CYBLE_STATE_CONNECTING)
1150:Generated_Source\PSoC4/BLE_1.c ****         {
1151:Generated_Source\PSoC4/BLE_1.c ****             apiResult = CYBLE_ERROR_INVALID_STATE;
1152:Generated_Source\PSoC4/BLE_1.c ****         }
1153:Generated_Source\PSoC4/BLE_1.c ****         else 
1154:Generated_Source\PSoC4/BLE_1.c ****         {
1155:Generated_Source\PSoC4/BLE_1.c ****             apiResult = CyBle_GapcCancelConnection();
1156:Generated_Source\PSoC4/BLE_1.c ****             
1157:Generated_Source\PSoC4/BLE_1.c ****             if(cyBle_connectingTimeout != 0u)
1158:Generated_Source\PSoC4/BLE_1.c ****             {
1159:Generated_Source\PSoC4/BLE_1.c ****                 (void)CyBle_StopTimer();
1160:Generated_Source\PSoC4/BLE_1.c ****             }
1161:Generated_Source\PSoC4/BLE_1.c **** 
1162:Generated_Source\PSoC4/BLE_1.c ****             if(apiResult == CYBLE_ERROR_OK)
1163:Generated_Source\PSoC4/BLE_1.c ****             {
1164:Generated_Source\PSoC4/BLE_1.c ****                 CyBle_SetState(CYBLE_STATE_DISCONNECTED);
1165:Generated_Source\PSoC4/BLE_1.c ****             }
1166:Generated_Source\PSoC4/BLE_1.c ****         }
1167:Generated_Source\PSoC4/BLE_1.c ****         return (apiResult);
1168:Generated_Source\PSoC4/BLE_1.c ****     }    
1169:Generated_Source\PSoC4/BLE_1.c **** 
1170:Generated_Source\PSoC4/BLE_1.c ****     
1171:Generated_Source\PSoC4/BLE_1.c **** #endif /* CYBLE_GAP_ROLE_CENTRAL */
ARM GAS  C:\Users\Lenovo\AppData\Local\Temp\cco0TkLK.s 			page 22


1172:Generated_Source\PSoC4/BLE_1.c **** 
1173:Generated_Source\PSoC4/BLE_1.c **** 
1174:Generated_Source\PSoC4/BLE_1.c **** #if(CYBLE_GATT_ROLE_SERVER)
1175:Generated_Source\PSoC4/BLE_1.c **** 
1176:Generated_Source\PSoC4/BLE_1.c **** #if(CYBLE_GAP_ROLE_PERIPHERAL)
1177:Generated_Source\PSoC4/BLE_1.c **** 
1178:Generated_Source\PSoC4/BLE_1.c ****         /******************************************************************************
1179:Generated_Source\PSoC4/BLE_1.c ****         * Function Name: CyBle_ChangeAdLocalName
1180:Generated_Source\PSoC4/BLE_1.c ****         ***************************************************************************//**
1181:Generated_Source\PSoC4/BLE_1.c ****         *  This function is used to set the local device name in the advertisement or 
1182:Generated_Source\PSoC4/BLE_1.c ****         *  scan response data structure.
1183:Generated_Source\PSoC4/BLE_1.c ****         * 
1184:Generated_Source\PSoC4/BLE_1.c ****         *  \param name: The local device name string to be set in advertisement data 
1185:Generated_Source\PSoC4/BLE_1.c ****         *            structure.
1186:Generated_Source\PSoC4/BLE_1.c ****         *  \param dest: 0 - advertisement structure, not zero value selects scan response
1187:Generated_Source\PSoC4/BLE_1.c ****         *              structure.
1188:Generated_Source\PSoC4/BLE_1.c ****         * 
1189:Generated_Source\PSoC4/BLE_1.c ****         * \return
1190:Generated_Source\PSoC4/BLE_1.c ****         *  None
1191:Generated_Source\PSoC4/BLE_1.c ****         *  
1192:Generated_Source\PSoC4/BLE_1.c ****         *******************************************************************************/
1193:Generated_Source\PSoC4/BLE_1.c ****         static void CyBle_ChangeAdLocalName(const char8 name[], uint8 dest)
1194:Generated_Source\PSoC4/BLE_1.c ****         {
  27              		.loc 1 1194 0
  28              		.cfi_startproc
  29              		@ args = 0, pretend = 0, frame = 0
  30              		@ frame_needed = 0, uses_anonymous_args = 0
  31              	.LVL0:
  32 0000 70B5     		push	{r4, r5, r6, lr}
  33              		.cfi_def_cfa_offset 16
  34              		.cfi_offset 4, -16
  35              		.cfi_offset 5, -12
  36              		.cfi_offset 6, -8
  37              		.cfi_offset 14, -4
  38              	.LVL1:
1195:Generated_Source\PSoC4/BLE_1.c ****             uint8 i;
1196:Generated_Source\PSoC4/BLE_1.c ****             uint8 flag = 0u;
1197:Generated_Source\PSoC4/BLE_1.c ****             uint8 adLength = 0u;
1198:Generated_Source\PSoC4/BLE_1.c ****             uint8 byteCounter = 0u;
1199:Generated_Source\PSoC4/BLE_1.c ****             uint8 *destBuffer;
1200:Generated_Source\PSoC4/BLE_1.c ****             uint8 maxLength;
1201:Generated_Source\PSoC4/BLE_1.c ****             
1202:Generated_Source\PSoC4/BLE_1.c ****             if(dest == 0u)      /* Destination - advertising structure */
  39              		.loc 1 1202 0
  40 0002 0029     		cmp	r1, #0
  41 0004 05D1     		bne	.L2
  42              	.LVL2:
1203:Generated_Source\PSoC4/BLE_1.c ****             {
1204:Generated_Source\PSoC4/BLE_1.c ****                 destBuffer = cyBle_discoveryData.advData;
1205:Generated_Source\PSoC4/BLE_1.c ****                 maxLength = cyBle_discoveryData.advDataLen;
  43              		.loc 1 1205 0
  44 0006 1A49     		ldr	r1, .L14
  45              	.LVL3:
  46 0008 CE7F     		ldrb	r6, [r1, #31]
  47              	.LVL4:
  48              	.L4:
1206:Generated_Source\PSoC4/BLE_1.c ****             }
ARM GAS  C:\Users\Lenovo\AppData\Local\Temp\cco0TkLK.s 			page 23


1207:Generated_Source\PSoC4/BLE_1.c ****             else                /* Destination - scan response structure */
1208:Generated_Source\PSoC4/BLE_1.c ****             {
1209:Generated_Source\PSoC4/BLE_1.c ****                 destBuffer = cyBle_scanRspData.scanRspData;
1210:Generated_Source\PSoC4/BLE_1.c ****                 maxLength = cyBle_scanRspData.scanRspDataLen;
1211:Generated_Source\PSoC4/BLE_1.c ****             }
1212:Generated_Source\PSoC4/BLE_1.c ****             
1213:Generated_Source\PSoC4/BLE_1.c ****             while((byteCounter < maxLength) && (flag == 0u))
1214:Generated_Source\PSoC4/BLE_1.c ****             {
1215:Generated_Source\PSoC4/BLE_1.c ****                 adLength = destBuffer[byteCounter];
1216:Generated_Source\PSoC4/BLE_1.c ****                 
1217:Generated_Source\PSoC4/BLE_1.c ****                 if(0u != adLength)
1218:Generated_Source\PSoC4/BLE_1.c ****                 {
1219:Generated_Source\PSoC4/BLE_1.c ****                     /* Increment byte counter so it can point to AD type */
1220:Generated_Source\PSoC4/BLE_1.c ****                     byteCounter++;
1221:Generated_Source\PSoC4/BLE_1.c ****                     
1222:Generated_Source\PSoC4/BLE_1.c ****                     if((destBuffer[byteCounter] == CYBLE_SHORT_LOCAL_NAME) || 
1223:Generated_Source\PSoC4/BLE_1.c ****                        (destBuffer[byteCounter] == CYBLE_COMPLETE_LOCAL_NAME))
1224:Generated_Source\PSoC4/BLE_1.c ****                     {
1225:Generated_Source\PSoC4/BLE_1.c ****                         /* Start of the Local Name AD type was fount. Set flag and exit the loop. *
1226:Generated_Source\PSoC4/BLE_1.c ****                         flag = 1u;
  49              		.loc 1 1226 0
  50 000a 0023     		movs	r3, #0
  51 000c 0024     		movs	r4, #0
  52 000e 0025     		movs	r5, #0
  53 0010 10E0     		b	.L3
  54              	.LVL5:
  55              	.L2:
1210:Generated_Source\PSoC4/BLE_1.c ****             }
  56              		.loc 1 1210 0
  57 0012 1849     		ldr	r1, .L14+4
  58              	.LVL6:
  59 0014 CE7F     		ldrb	r6, [r1, #31]
  60              	.LVL7:
  61 0016 F8E7     		b	.L4
  62              	.LVL8:
  63              	.L7:
1215:Generated_Source\PSoC4/BLE_1.c ****                 
  64              		.loc 1 1215 0
  65 0018 CC5C     		ldrb	r4, [r1, r3]
  66              	.LVL9:
1217:Generated_Source\PSoC4/BLE_1.c ****                 {
  67              		.loc 1 1217 0
  68 001a 002C     		cmp	r4, #0
  69 001c 0ED0     		beq	.L5
1220:Generated_Source\PSoC4/BLE_1.c ****                     
  70              		.loc 1 1220 0
  71 001e 0133     		adds	r3, r3, #1
  72              	.LVL10:
  73 0020 DBB2     		uxtb	r3, r3
  74              	.LVL11:
1222:Generated_Source\PSoC4/BLE_1.c ****                        (destBuffer[byteCounter] == CYBLE_COMPLETE_LOCAL_NAME))
  75              		.loc 1 1222 0
  76 0022 CA5C     		ldrb	r2, [r1, r3]
  77 0024 083A     		subs	r2, r2, #8
  78 0026 D2B2     		uxtb	r2, r2
  79 0028 012A     		cmp	r2, #1
  80 002a 02D9     		bls	.L13
ARM GAS  C:\Users\Lenovo\AppData\Local\Temp\cco0TkLK.s 			page 24


1227:Generated_Source\PSoC4/BLE_1.c ****                     }
1228:Generated_Source\PSoC4/BLE_1.c ****                     else
1229:Generated_Source\PSoC4/BLE_1.c ****                     {
1230:Generated_Source\PSoC4/BLE_1.c ****                         byteCounter += adLength;
  81              		.loc 1 1230 0
  82 002c E318     		adds	r3, r4, r3
  83              	.LVL12:
  84 002e DBB2     		uxtb	r3, r3
  85              	.LVL13:
  86 0030 00E0     		b	.L3
  87              	.L13:
1226:Generated_Source\PSoC4/BLE_1.c ****                     }
  88              		.loc 1 1226 0
  89 0032 0125     		movs	r5, #1
  90              	.LVL14:
  91              	.L3:
1213:Generated_Source\PSoC4/BLE_1.c ****             {
  92              		.loc 1 1213 0
  93 0034 B342     		cmp	r3, r6
  94 0036 01D2     		bcs	.L5
1213:Generated_Source\PSoC4/BLE_1.c ****             {
  95              		.loc 1 1213 0 is_stmt 0 discriminator 1
  96 0038 002D     		cmp	r5, #0
  97 003a EDD0     		beq	.L7
  98              	.L5:
1231:Generated_Source\PSoC4/BLE_1.c ****                     }
1232:Generated_Source\PSoC4/BLE_1.c ****                 }
1233:Generated_Source\PSoC4/BLE_1.c ****                 else
1234:Generated_Source\PSoC4/BLE_1.c ****                 {
1235:Generated_Source\PSoC4/BLE_1.c ****                     /* The end of advertisement data structure was encountered though exit the loop
1236:Generated_Source\PSoC4/BLE_1.c ****                     break;
1237:Generated_Source\PSoC4/BLE_1.c ****                 }
1238:Generated_Source\PSoC4/BLE_1.c ****             }
1239:Generated_Source\PSoC4/BLE_1.c ****             
1240:Generated_Source\PSoC4/BLE_1.c ****             if(0u != flag)
  99              		.loc 1 1240 0 is_stmt 1
 100 003c 002D     		cmp	r5, #0
 101 003e 16D0     		beq	.L1
1241:Generated_Source\PSoC4/BLE_1.c ****             {
1242:Generated_Source\PSoC4/BLE_1.c ****                 /* Reuse "adLength" to hold location of the last character of local name in 
1243:Generated_Source\PSoC4/BLE_1.c ****                    AD structure. */
1244:Generated_Source\PSoC4/BLE_1.c ****                 adLength += byteCounter;
 102              		.loc 1 1244 0
 103 0040 E418     		adds	r4, r4, r3
 104              	.LVL15:
 105 0042 E4B2     		uxtb	r4, r4
 106              	.LVL16:
1245:Generated_Source\PSoC4/BLE_1.c ****                 
1246:Generated_Source\PSoC4/BLE_1.c ****                 /* Increment byte counter to point to start of the local Name string */
1247:Generated_Source\PSoC4/BLE_1.c ****                 byteCounter++;
 107              		.loc 1 1247 0
 108 0044 0133     		adds	r3, r3, #1
 109              	.LVL17:
 110 0046 DBB2     		uxtb	r3, r3
 111              	.LVL18:
1248:Generated_Source\PSoC4/BLE_1.c ****                 
1249:Generated_Source\PSoC4/BLE_1.c ****                 for(i = byteCounter; ((i < (adLength)) && (CYBLE_NULL_CHARCTER != name[i - byteCoun
ARM GAS  C:\Users\Lenovo\AppData\Local\Temp\cco0TkLK.s 			page 25


 112              		.loc 1 1249 0
 113 0048 1A00     		movs	r2, r3
 114 004a 02E0     		b	.L9
 115              	.LVL19:
 116              	.L11:
1250:Generated_Source\PSoC4/BLE_1.c ****                 {
1251:Generated_Source\PSoC4/BLE_1.c ****                     destBuffer[i] = (uint8)name[i - byteCounter];
 117              		.loc 1 1251 0 discriminator 4
 118 004c 8D54     		strb	r5, [r1, r2]
1249:Generated_Source\PSoC4/BLE_1.c ****                 {
 119              		.loc 1 1249 0 discriminator 4
 120 004e 0132     		adds	r2, r2, #1
 121              	.LVL20:
 122 0050 D2B2     		uxtb	r2, r2
 123              	.LVL21:
 124              	.L9:
1249:Generated_Source\PSoC4/BLE_1.c ****                 {
 125              		.loc 1 1249 0 is_stmt 0 discriminator 1
 126 0052 A242     		cmp	r2, r4
 127 0054 09D2     		bcs	.L10
1249:Generated_Source\PSoC4/BLE_1.c ****                 {
 128              		.loc 1 1249 0 discriminator 3
 129 0056 D51A     		subs	r5, r2, r3
 130 0058 455D     		ldrb	r5, [r0, r5]
 131 005a 002D     		cmp	r5, #0
 132 005c F6D1     		bne	.L11
 133 005e 04E0     		b	.L10
 134              	.LVL22:
 135              	.L12:
1252:Generated_Source\PSoC4/BLE_1.c ****                 }
1253:Generated_Source\PSoC4/BLE_1.c ****                 
1254:Generated_Source\PSoC4/BLE_1.c ****                 /* This loop handles the case when new local name is shorted than old one.
1255:Generated_Source\PSoC4/BLE_1.c ****                    In this case all remaining characters should be null characters. */
1256:Generated_Source\PSoC4/BLE_1.c ****                 while(adLength > i)
1257:Generated_Source\PSoC4/BLE_1.c ****                 {
1258:Generated_Source\PSoC4/BLE_1.c ****                     /* Terminate string */
1259:Generated_Source\PSoC4/BLE_1.c ****                     destBuffer[i] = (uint8)CYBLE_NULL_CHARCTER;
 136              		.loc 1 1259 0 is_stmt 1
 137 0060 8B18     		adds	r3, r1, r2
 138 0062 0020     		movs	r0, #0
 139 0064 1870     		strb	r0, [r3]
1260:Generated_Source\PSoC4/BLE_1.c ****                     i++;
 140              		.loc 1 1260 0
 141 0066 0132     		adds	r2, r2, #1
 142              	.LVL23:
 143 0068 D2B2     		uxtb	r2, r2
 144              	.LVL24:
 145              	.L10:
1256:Generated_Source\PSoC4/BLE_1.c ****                 {
 146              		.loc 1 1256 0
 147 006a A242     		cmp	r2, r4
 148 006c F8D3     		bcc	.L12
 149              	.LVL25:
 150              	.L1:
1261:Generated_Source\PSoC4/BLE_1.c ****                 }
1262:Generated_Source\PSoC4/BLE_1.c ****             }
1263:Generated_Source\PSoC4/BLE_1.c ****         }
ARM GAS  C:\Users\Lenovo\AppData\Local\Temp\cco0TkLK.s 			page 26


 151              		.loc 1 1263 0
 152              		@ sp needed
 153              	.LVL26:
 154              	.LVL27:
 155 006e 70BD     		pop	{r4, r5, r6, pc}
 156              	.L15:
 157              		.align	2
 158              	.L14:
 159 0070 00000000 		.word	.LANCHOR0
 160 0074 00000000 		.word	.LANCHOR1
 161              		.cfi_endproc
 162              	.LFE11:
 163              		.size	CyBle_ChangeAdLocalName, .-CyBle_ChangeAdLocalName
 164              		.section	.text.CyBle_ServiceInit,"ax",%progbits
 165              		.align	2
 166              		.global	CyBle_ServiceInit
 167              		.code	16
 168              		.thumb_func
 169              		.type	CyBle_ServiceInit, %function
 170              	CyBle_ServiceInit:
 171              	.LFB3:
 202:Generated_Source\PSoC4/BLE_1.c ****     #if(CYBLE_GATT_ROLE_CLIENT)
 172              		.loc 1 202 0
 173              		.cfi_startproc
 174              		@ args = 0, pretend = 0, frame = 0
 175              		@ frame_needed = 0, uses_anonymous_args = 0
 176 0000 10B5     		push	{r4, lr}
 177              		.cfi_def_cfa_offset 8
 178              		.cfi_offset 4, -8
 179              		.cfi_offset 14, -4
 216:Generated_Source\PSoC4/BLE_1.c ****     #endif /* CYBLE_AIOS */
 180              		.loc 1 216 0
 181 0002 FFF7FEFF 		bl	CyBle_AiosInit
 182              	.LVL28:
 346:Generated_Source\PSoC4/BLE_1.c **** 
 183              		.loc 1 346 0
 184              		@ sp needed
 185 0006 10BD     		pop	{r4, pc}
 186              		.cfi_endproc
 187              	.LFE3:
 188              		.size	CyBle_ServiceInit, .-CyBle_ServiceInit
 189              		.section	.text.CyBle_Init,"ax",%progbits
 190              		.align	2
 191              		.global	CyBle_Init
 192              		.code	16
 193              		.thumb_func
 194              		.type	CyBle_Init, %function
 195              	CyBle_Init:
 196              	.LFB2:
 153:Generated_Source\PSoC4/BLE_1.c ****     cyBle_eventHandlerFlag = 0u;
 197              		.loc 1 153 0
 198              		.cfi_startproc
 199              		@ args = 0, pretend = 0, frame = 0
 200              		@ frame_needed = 0, uses_anonymous_args = 0
 201 0000 10B5     		push	{r4, lr}
 202              		.cfi_def_cfa_offset 8
 203              		.cfi_offset 4, -8
ARM GAS  C:\Users\Lenovo\AppData\Local\Temp\cco0TkLK.s 			page 27


 204              		.cfi_offset 14, -4
 154:Generated_Source\PSoC4/BLE_1.c ****     cyBle_busyStatus = CYBLE_STACK_STATE_FREE;
 205              		.loc 1 154 0
 206 0002 0024     		movs	r4, #0
 207 0004 064B     		ldr	r3, .L18
 208 0006 1C70     		strb	r4, [r3]
 155:Generated_Source\PSoC4/BLE_1.c **** 
 209              		.loc 1 155 0
 210 0008 064B     		ldr	r3, .L18+4
 211 000a 1C70     		strb	r4, [r3]
 158:Generated_Source\PSoC4/BLE_1.c ****     #endif /* (CYBLE_GAP_ROLE_PERIPHERAL || CYBLE_GAP_ROLE_BROADCASTER)  */
 212              		.loc 1 158 0
 213 000c 064B     		ldr	r3, .L18+8
 214 000e 1C70     		strb	r4, [r3]
 181:Generated_Source\PSoC4/BLE_1.c **** 
 215              		.loc 1 181 0
 216 0010 FFF7FEFF 		bl	CyBle_ServiceInit
 217              	.LVL29:
 184:Generated_Source\PSoC4/BLE_1.c ****         cyBle_peerBonding = CYBLE_GAP_BONDING_NONE;
 218              		.loc 1 184 0
 219 0014 054B     		ldr	r3, .L18+12
 220 0016 1C70     		strb	r4, [r3]
 185:Generated_Source\PSoC4/BLE_1.c ****     #endif  /* (CYBLE_BONDING_REQUIREMENT == CYBLE_BONDING_YES) */
 221              		.loc 1 185 0
 222 0018 054B     		ldr	r3, .L18+16
 223 001a 1C70     		strb	r4, [r3]
 188:Generated_Source\PSoC4/BLE_1.c **** 
 224              		.loc 1 188 0
 225              		@ sp needed
 226 001c 10BD     		pop	{r4, pc}
 227              	.L19:
 228 001e C046     		.align	2
 229              	.L18:
 230 0020 00000000 		.word	cyBle_eventHandlerFlag
 231 0024 00000000 		.word	cyBle_busyStatus
 232 0028 00000000 		.word	cyBle_advertisingIntervalType
 233 002c 00000000 		.word	cyBle_pendingFlashWrite
 234 0030 00000000 		.word	cyBle_peerBonding
 235              		.cfi_endproc
 236              	.LFE2:
 237              		.size	CyBle_Init, .-CyBle_Init
 238              		.section	.text.CyBle_Start,"ax",%progbits
 239              		.align	2
 240              		.global	CyBle_Start
 241              		.code	16
 242              		.thumb_func
 243              		.type	CyBle_Start, %function
 244              	CyBle_Start:
 245              	.LFB4:
 408:Generated_Source\PSoC4/BLE_1.c ****     CYBLE_API_RESULT_T apiResult = CYBLE_ERROR_OK;
 246              		.loc 1 408 0
 247              		.cfi_startproc
 248              		@ args = 0, pretend = 0, frame = 48
 249              		@ frame_needed = 0, uses_anonymous_args = 0
 250              	.LVL30:
 251 0000 10B5     		push	{r4, lr}
 252              		.cfi_def_cfa_offset 8
ARM GAS  C:\Users\Lenovo\AppData\Local\Temp\cco0TkLK.s 			page 28


 253              		.cfi_offset 4, -8
 254              		.cfi_offset 14, -4
 255 0002 90B0     		sub	sp, sp, #64
 256              		.cfi_def_cfa_offset 72
 257 0004 0400     		movs	r4, r0
 258              	.LVL31:
 413:Generated_Source\PSoC4/BLE_1.c ****     {
 259              		.loc 1 413 0
 260 0006 1422     		movs	r2, #20
 261 0008 2049     		ldr	r1, .L24
 262 000a 0BA8     		add	r0, sp, #44
 263              	.LVL32:
 264 000c FFF7FEFF 		bl	memcpy
 265              	.LVL33:
 425:Generated_Source\PSoC4/BLE_1.c ****     {
 266              		.loc 1 425 0
 267 0010 2023     		movs	r3, #32
 268 0012 1F4A     		ldr	r2, .L24+4
 269 0014 D35C     		ldrb	r3, [r2, r3]
 270 0016 002B     		cmp	r3, #0
 271 0018 05D1     		bne	.L21
 427:Generated_Source\PSoC4/BLE_1.c ****         cyBle_initVar = 1u;
 272              		.loc 1 427 0
 273 001a FFF7FEFF 		bl	CyBle_Init
 274              	.LVL34:
 428:Generated_Source\PSoC4/BLE_1.c ****     }
 275              		.loc 1 428 0
 276 001e 0121     		movs	r1, #1
 277 0020 2023     		movs	r3, #32
 278 0022 1B4A     		ldr	r2, .L24+4
 279 0024 D154     		strb	r1, [r2, r3]
 280              	.L21:
 431:Generated_Source\PSoC4/BLE_1.c ****     {
 281              		.loc 1 431 0
 282 0026 002C     		cmp	r4, #0
 283 0028 2CD0     		beq	.L23
 433:Generated_Source\PSoC4/BLE_1.c ****         
 284              		.loc 1 433 0
 285 002a 1A4B     		ldr	r3, .L24+8
 286 002c 1C60     		str	r4, [r3]
 287              	.LBB2:
 452:Generated_Source\PSoC4/BLE_1.c ****             stackConfig.dleConfig = &dleConfigParams;
 288              		.loc 1 452 0
 289 002e 08A8     		add	r0, sp, #32
 290 0030 05AA     		add	r2, sp, #20
 291 0032 4260     		str	r2, [r0, #4]
 453:Generated_Source\PSoC4/BLE_1.c ****             
 292              		.loc 1 453 0
 293 0034 06AB     		add	r3, sp, #24
 294 0036 0893     		str	r3, [sp, #32]
 456:Generated_Source\PSoC4/BLE_1.c ****                                        CYBLE_SECURE_CONN_FEATURE;
 295              		.loc 1 456 0
 296 0038 0421     		movs	r1, #4
 297 003a 0181     		strh	r1, [r0, #8]
 460:Generated_Source\PSoC4/BLE_1.c ****             dleConfigParams.dleMaxRxCapability = CYBLE_LL_MAX_RX_PAYLOAD_SIZE;
 298              		.loc 1 460 0
 299 003c 1731     		adds	r1, r1, #23
ARM GAS  C:\Users\Lenovo\AppData\Local\Temp\cco0TkLK.s 			page 29


 300 003e 1980     		strh	r1, [r3]
 461:Generated_Source\PSoC4/BLE_1.c ****             dleConfigParams.dleNumTxBuffer = CYBLE_LL_DEFAULT_NUM_ACL_TX_PACKETS;
 301              		.loc 1 461 0
 302 0040 5980     		strh	r1, [r3, #2]
 462:Generated_Source\PSoC4/BLE_1.c ****         #if(CYBLE_DLE_FEATURE_ENABLED)
 303              		.loc 1 462 0
 304 0042 0421     		movs	r1, #4
 305 0044 1971     		strb	r1, [r3, #4]
 468:Generated_Source\PSoC4/BLE_1.c ****         #if(CYBLE_LL_PRIVACY_FEATURE_ENABLED)
 306              		.loc 1 468 0
 307 0046 0823     		movs	r3, #8
 308 0048 1370     		strb	r3, [r2]
 473:Generated_Source\PSoC4/BLE_1.c ****             }
 309              		.loc 1 473 0
 310 004a 1621     		movs	r1, #22
 311 004c 6944     		add	r1, r1, sp
 312 004e FFF7FEFF 		bl	CyBle_StackSetFeatureConfig
 313              	.LVL35:
 314              	.LBE2:
 476:Generated_Source\PSoC4/BLE_1.c ****         {
 315              		.loc 1 476 0
 316 0052 0028     		cmp	r0, #0
 317 0054 17D1     		bne	.L22
 481:Generated_Source\PSoC4/BLE_1.c ****                     CYBLE_STACK_RAM_SIZE - CYBLE_GATT_PREPARE_WRITE_BUFF_LEN, cyBle_stackDataBuff, 
 318              		.loc 1 481 0
 319 0056 104B     		ldr	r3, .L24+12
 320 0058 0293     		str	r3, [sp, #8]
 321 005a 104B     		ldr	r3, .L24+16
 322 005c 0193     		str	r3, [sp, #4]
 323 005e 0523     		movs	r3, #5
 324 0060 0093     		str	r3, [sp]
 325 0062 0BAB     		add	r3, sp, #44
 326 0064 0E4A     		ldr	r2, .L24+20
 327 0066 0F49     		ldr	r1, .L24+24
 328 0068 0F48     		ldr	r0, .L24+28
 329              	.LVL36:
 330 006a FFF7FEFF 		bl	CyBle_StackInit
 331              	.LVL37:
 505:Generated_Source\PSoC4/BLE_1.c ****             {
 332              		.loc 1 505 0
 333 006e 0028     		cmp	r0, #0
 334 0070 09D1     		bne	.L22
 507:Generated_Source\PSoC4/BLE_1.c ****                 
 335              		.loc 1 507 0
 336 0072 0122     		movs	r2, #1
 337 0074 0D4B     		ldr	r3, .L24+32
 338 0076 1A70     		strb	r2, [r3]
 514:Generated_Source\PSoC4/BLE_1.c ****             #endif /* CYBLE_GATT_ROLE_SERVER */
 339              		.loc 1 514 0
 340 0078 1532     		adds	r2, r2, #21
 341 007a 5621     		movs	r1, #86
 342 007c 0C48     		ldr	r0, .L24+36
 343              	.LVL38:
 344 007e FFF7FEFF 		bl	CyBle_GattsDbRegister
 345              	.LVL39:
 346 0082 00E0     		b	.L22
 347              	.LVL40:
ARM GAS  C:\Users\Lenovo\AppData\Local\Temp\cco0TkLK.s 			page 30


 348              	.L23:
 521:Generated_Source\PSoC4/BLE_1.c ****     }
 349              		.loc 1 521 0
 350 0084 0120     		movs	r0, #1
 351              	.LVL41:
 352              	.L22:
 525:Generated_Source\PSoC4/BLE_1.c **** 
 353              		.loc 1 525 0
 354 0086 10B0     		add	sp, sp, #64
 355              		@ sp needed
 356              	.LVL42:
 357 0088 10BD     		pop	{r4, pc}
 358              	.L25:
 359 008a C046     		.align	2
 360              	.L24:
 361 008c 00000000 		.word	.LANCHOR2
 362 0090 00000000 		.word	.LANCHOR1
 363 0094 00000000 		.word	CyBle_ApplCallback
 364 0098 79020000 		.word	633
 365 009c 00000000 		.word	cyBle_flashStorage
 366 00a0 3C0E0000 		.word	3644
 367 00a4 00000000 		.word	.LANCHOR3
 368 00a8 00000000 		.word	CyBle_EventHandler
 369 00ac 00000000 		.word	cyBle_state
 370 00b0 00000000 		.word	cyBle_gattDB
 371              		.cfi_endproc
 372              	.LFE4:
 373              		.size	CyBle_Start, .-CyBle_Start
 374              		.section	.text.CyBle_Stop,"ax",%progbits
 375              		.align	2
 376              		.global	CyBle_Stop
 377              		.code	16
 378              		.thumb_func
 379              		.type	CyBle_Stop, %function
 380              	CyBle_Stop:
 381              	.LFB5:
 541:Generated_Source\PSoC4/BLE_1.c ****     CyBle_Shutdown();                         /* Stop all ongoing activities */
 382              		.loc 1 541 0
 383              		.cfi_startproc
 384              		@ args = 0, pretend = 0, frame = 0
 385              		@ frame_needed = 0, uses_anonymous_args = 0
 386 0000 10B5     		push	{r4, lr}
 387              		.cfi_def_cfa_offset 8
 388              		.cfi_offset 4, -8
 389              		.cfi_offset 14, -4
 542:Generated_Source\PSoC4/BLE_1.c ****     CyBle_SetState(CYBLE_STATE_STOPPED);
 390              		.loc 1 542 0
 391 0002 FFF7FEFF 		bl	CyBle_Shutdown
 392              	.LVL43:
 543:Generated_Source\PSoC4/BLE_1.c ****     #if(CYBLE_SHARING_MODE_EXPORT)
 393              		.loc 1 543 0
 394 0006 0022     		movs	r2, #0
 395 0008 014B     		ldr	r3, .L27
 396 000a 1A70     		strb	r2, [r3]
 550:Generated_Source\PSoC4/BLE_1.c **** 
 397              		.loc 1 550 0
 398              		@ sp needed
ARM GAS  C:\Users\Lenovo\AppData\Local\Temp\cco0TkLK.s 			page 31


 399 000c 10BD     		pop	{r4, pc}
 400              	.L28:
 401 000e C046     		.align	2
 402              	.L27:
 403 0010 00000000 		.word	cyBle_state
 404              		.cfi_endproc
 405              	.LFE5:
 406              		.size	CyBle_Stop, .-CyBle_Stop
 407              		.section	.text.CyBle_StoreBondingData,"ax",%progbits
 408              		.align	2
 409              		.global	CyBle_StoreBondingData
 410              		.code	16
 411              		.thumb_func
 412              		.type	CyBle_StoreBondingData, %function
 413              	CyBle_StoreBondingData:
 414              	.LFB6:
 597:Generated_Source\PSoC4/BLE_1.c ****     CYBLE_API_RESULT_T apiResult = CYBLE_ERROR_OK;
 415              		.loc 1 597 0
 416              		.cfi_startproc
 417              		@ args = 0, pretend = 0, frame = 72
 418              		@ frame_needed = 0, uses_anonymous_args = 0
 419              	.LVL44:
 420 0000 10B5     		push	{r4, lr}
 421              		.cfi_def_cfa_offset 8
 422              		.cfi_offset 4, -8
 423              		.cfi_offset 14, -4
 424 0002 92B0     		sub	sp, sp, #72
 425              		.cfi_def_cfa_offset 80
 426 0004 0400     		movs	r4, r0
 427              	.LVL45:
 601:Generated_Source\PSoC4/BLE_1.c ****     {
 428              		.loc 1 601 0
 429 0006 394B     		ldr	r3, .L40
 430 0008 1B78     		ldrb	r3, [r3]
 431 000a DB07     		lsls	r3, r3, #31
 432 000c 0BD5     		bpl	.L38
 603:Generated_Source\PSoC4/BLE_1.c ****         if(apiResult == CYBLE_ERROR_OK)
 433              		.loc 1 603 0
 434 000e FFF7FEFF 		bl	CyBle_StoreStackData
 435              	.LVL46:
 604:Generated_Source\PSoC4/BLE_1.c ****         {
 436              		.loc 1 604 0
 437 0012 0028     		cmp	r0, #0
 438 0014 0AD1     		bne	.L30
 606:Generated_Source\PSoC4/BLE_1.c ****             /* Change apiResult if there are more pending data to store */
 439              		.loc 1 606 0
 440 0016 354A     		ldr	r2, .L40
 441 0018 1378     		ldrb	r3, [r2]
 442 001a 0121     		movs	r1, #1
 443 001c 8B43     		bics	r3, r1
 444 001e 1370     		strb	r3, [r2]
 608:Generated_Source\PSoC4/BLE_1.c ****             {
 445              		.loc 1 608 0
 446 0020 9B07     		lsls	r3, r3, #30
 447 0022 02D4     		bmi	.L39
 448 0024 02E0     		b	.L30
 449              	.LVL47:
ARM GAS  C:\Users\Lenovo\AppData\Local\Temp\cco0TkLK.s 			page 32


 450              	.L38:
 598:Generated_Source\PSoC4/BLE_1.c ****     
 451              		.loc 1 598 0
 452 0026 0020     		movs	r0, #0
 453              	.LVL48:
 454 0028 00E0     		b	.L30
 455              	.LVL49:
 456              	.L39:
 610:Generated_Source\PSoC4/BLE_1.c ****             }
 457              		.loc 1 610 0
 458 002a 2820     		movs	r0, #40
 459              	.LVL50:
 460              	.L30:
 616:Generated_Source\PSoC4/BLE_1.c ****         ((cyBle_pendingFlashWrite & CYBLE_PENDING_CCCD_FLASH_WRITE_BIT) != 0u) &&
 461              		.loc 1 616 0
 462 002c 0028     		cmp	r0, #0
 463 002e 01D0     		beq	.L31
 616:Generated_Source\PSoC4/BLE_1.c ****         ((cyBle_pendingFlashWrite & CYBLE_PENDING_CCCD_FLASH_WRITE_BIT) != 0u) &&
 464              		.loc 1 616 0 is_stmt 0 discriminator 2
 465 0030 002C     		cmp	r4, #0
 466 0032 1DD0     		beq	.L32
 467              	.L31:
 617:Generated_Source\PSoC4/BLE_1.c ****         (cyBle_connHandle.bdHandle <= CYBLE_GAP_MAX_BONDED_DEVICE))
 468              		.loc 1 617 0 is_stmt 1 discriminator 3
 469 0034 2D4B     		ldr	r3, .L40
 470 0036 1B78     		ldrb	r3, [r3]
 616:Generated_Source\PSoC4/BLE_1.c ****         ((cyBle_pendingFlashWrite & CYBLE_PENDING_CCCD_FLASH_WRITE_BIT) != 0u) &&
 471              		.loc 1 616 0 discriminator 3
 472 0038 9B07     		lsls	r3, r3, #30
 473 003a 19D5     		bpl	.L32
 618:Generated_Source\PSoC4/BLE_1.c ****     {
 474              		.loc 1 618 0
 475 003c 2C4B     		ldr	r3, .L40+4
 476 003e 1B78     		ldrb	r3, [r3]
 617:Generated_Source\PSoC4/BLE_1.c ****         (cyBle_connHandle.bdHandle <= CYBLE_GAP_MAX_BONDED_DEVICE))
 477              		.loc 1 617 0
 478 0040 042B     		cmp	r3, #4
 479 0042 15D8     		bhi	.L32
 620:Generated_Source\PSoC4/BLE_1.c ****                         cyBle_connHandle.bdHandle], CYBLE_GATT_DB_CCCD_COUNT, isForceWrite);
 480              		.loc 1 620 0
 481 0044 DA00     		lsls	r2, r3, #3
 482 0046 D31A     		subs	r3, r2, r3
 483 0048 5900     		lsls	r1, r3, #1
 484 004a 9E23     		movs	r3, #158
 485 004c 9B00     		lsls	r3, r3, #2
 486 004e 9C46     		mov	ip, r3
 487 0050 6144     		add	r1, r1, ip
 488 0052 284B     		ldr	r3, .L40+8
 489 0054 C918     		adds	r1, r1, r3
 490 0056 0131     		adds	r1, r1, #1
 491 0058 2300     		movs	r3, r4
 492 005a 0E22     		movs	r2, #14
 493 005c 2648     		ldr	r0, .L40+12
 494              	.LVL51:
 495 005e FFF7FEFF 		bl	CyBle_StoreAppData
 496              	.LVL52:
 622:Generated_Source\PSoC4/BLE_1.c ****         {
ARM GAS  C:\Users\Lenovo\AppData\Local\Temp\cco0TkLK.s 			page 33


 497              		.loc 1 622 0
 498 0062 0028     		cmp	r0, #0
 499 0064 04D1     		bne	.L32
 624:Generated_Source\PSoC4/BLE_1.c ****         }
 500              		.loc 1 624 0
 501 0066 214A     		ldr	r2, .L40
 502 0068 1378     		ldrb	r3, [r2]
 503 006a 0221     		movs	r1, #2
 504 006c 8B43     		bics	r3, r1
 505 006e 1370     		strb	r3, [r2]
 506              	.LVL53:
 507              	.L32:
 628:Generated_Source\PSoC4/BLE_1.c ****         ((cyBle_pendingFlashWrite & CYBLE_PENDING_CCCD_FLASH_CLEAR_MASK) != 0u) )
 508              		.loc 1 628 0
 509 0070 0028     		cmp	r0, #0
 510 0072 01D0     		beq	.L33
 628:Generated_Source\PSoC4/BLE_1.c ****         ((cyBle_pendingFlashWrite & CYBLE_PENDING_CCCD_FLASH_CLEAR_MASK) != 0u) )
 511              		.loc 1 628 0 is_stmt 0 discriminator 2
 512 0074 002C     		cmp	r4, #0
 513 0076 37D0     		beq	.L34
 514              	.L33:
 629:Generated_Source\PSoC4/BLE_1.c ****     {
 515              		.loc 1 629 0 is_stmt 1 discriminator 3
 516 0078 1C4B     		ldr	r3, .L40
 517 007a 1B78     		ldrb	r3, [r3]
 628:Generated_Source\PSoC4/BLE_1.c ****         ((cyBle_pendingFlashWrite & CYBLE_PENDING_CCCD_FLASH_CLEAR_MASK) != 0u) )
 518              		.loc 1 628 0 discriminator 3
 519 007c 0C22     		movs	r2, #12
 520 007e 1A42     		tst	r2, r3
 521 0080 32D0     		beq	.L34
 631:Generated_Source\PSoC4/BLE_1.c ****         {
 522              		.loc 1 631 0
 523 0082 1B07     		lsls	r3, r3, #28
 524 0084 12D5     		bpl	.L35
 525              	.LBB3:
 636:Generated_Source\PSoC4/BLE_1.c **** 
 526              		.loc 1 636 0
 527 0086 3A32     		adds	r2, r2, #58
 528 0088 0021     		movs	r1, #0
 529 008a 6846     		mov	r0, sp
 530              	.LVL54:
 531 008c FFF7FEFF 		bl	memset
 532              	.LVL55:
 638:Generated_Source\PSoC4/BLE_1.c ****                 (const uint8 *)cyBle_flashStorage.attValuesCCCDFlashMemory, sizeof(defaultValuesCCC
 533              		.loc 1 638 0
 534 0090 2300     		movs	r3, r4
 535 0092 4622     		movs	r2, #70
 536 0094 1949     		ldr	r1, .L40+16
 537 0096 6846     		mov	r0, sp
 538 0098 FFF7FEFF 		bl	CyBle_StoreAppData
 539              	.LVL56:
 640:Generated_Source\PSoC4/BLE_1.c ****             {
 540              		.loc 1 640 0
 541 009c 0028     		cmp	r0, #0
 542 009e 23D1     		bne	.L34
 642:Generated_Source\PSoC4/BLE_1.c ****             }
 543              		.loc 1 642 0
ARM GAS  C:\Users\Lenovo\AppData\Local\Temp\cco0TkLK.s 			page 34


 544 00a0 124A     		ldr	r2, .L40
 545 00a2 1378     		ldrb	r3, [r2]
 546 00a4 0821     		movs	r1, #8
 547 00a6 8B43     		bics	r3, r1
 548 00a8 1370     		strb	r3, [r2]
 549 00aa 1DE0     		b	.L34
 550              	.L35:
 551              	.LBE3:
 552              	.LBB4:
 647:Generated_Source\PSoC4/BLE_1.c ****             
 553              		.loc 1 647 0
 554 00ac 0E22     		movs	r2, #14
 555 00ae 0021     		movs	r1, #0
 556 00b0 6846     		mov	r0, sp
 557              	.LVL57:
 558 00b2 FFF7FEFF 		bl	memset
 559              	.LVL58:
 649:Generated_Source\PSoC4/BLE_1.c ****                                     cyBle_pendingFlashClearCccdHandle], CYBLE_GATT_DB_CCCD_COUNT, i
 560              		.loc 1 649 0
 561 00b6 2123     		movs	r3, #33
 562 00b8 114A     		ldr	r2, .L40+20
 563 00ba D25C     		ldrb	r2, [r2, r3]
 564 00bc D300     		lsls	r3, r2, #3
 565 00be 9B1A     		subs	r3, r3, r2
 566 00c0 5900     		lsls	r1, r3, #1
 567 00c2 9E23     		movs	r3, #158
 568 00c4 9B00     		lsls	r3, r3, #2
 569 00c6 9C46     		mov	ip, r3
 570 00c8 6144     		add	r1, r1, ip
 571 00ca 0A4B     		ldr	r3, .L40+8
 572 00cc C918     		adds	r1, r1, r3
 573 00ce 0131     		adds	r1, r1, #1
 574 00d0 2300     		movs	r3, r4
 575 00d2 0E22     		movs	r2, #14
 576 00d4 6846     		mov	r0, sp
 577 00d6 FFF7FEFF 		bl	CyBle_StoreAppData
 578              	.LVL59:
 651:Generated_Source\PSoC4/BLE_1.c ****             {
 579              		.loc 1 651 0
 580 00da 0028     		cmp	r0, #0
 581 00dc 04D1     		bne	.L34
 653:Generated_Source\PSoC4/BLE_1.c ****             }
 582              		.loc 1 653 0
 583 00de 034A     		ldr	r2, .L40
 584 00e0 1378     		ldrb	r3, [r2]
 585 00e2 0421     		movs	r1, #4
 586 00e4 8B43     		bics	r3, r1
 587 00e6 1370     		strb	r3, [r2]
 588              	.LVL60:
 589              	.L34:
 590              	.LBE4:
 659:Generated_Source\PSoC4/BLE_1.c **** 
 591              		.loc 1 659 0
 592 00e8 12B0     		add	sp, sp, #72
 593              		@ sp needed
 594 00ea 10BD     		pop	{r4, pc}
 595              	.L41:
ARM GAS  C:\Users\Lenovo\AppData\Local\Temp\cco0TkLK.s 			page 35


 596              		.align	2
 597              	.L40:
 598 00ec 00000000 		.word	cyBle_pendingFlashWrite
 599 00f0 00000000 		.word	cyBle_connHandle
 600 00f4 00000000 		.word	cyBle_flashStorage
 601 00f8 00000000 		.word	cyBle_attValuesCCCD
 602 00fc 79020000 		.word	cyBle_flashStorage+633
 603 0100 00000000 		.word	.LANCHOR1
 604              		.cfi_endproc
 605              	.LFE6:
 606              		.size	CyBle_StoreBondingData, .-CyBle_StoreBondingData
 607              		.section	.text.CyBle_GapRemoveBondedDevice,"ax",%progbits
 608              		.align	2
 609              		.global	CyBle_GapRemoveBondedDevice
 610              		.code	16
 611              		.thumb_func
 612              		.type	CyBle_GapRemoveBondedDevice, %function
 613              	CyBle_GapRemoveBondedDevice:
 614              	.LFB7:
 695:Generated_Source\PSoC4/BLE_1.c ****     CYBLE_API_RESULT_T apiResult = CYBLE_ERROR_OK;
 615              		.loc 1 695 0
 616              		.cfi_startproc
 617              		@ args = 0, pretend = 0, frame = 16
 618              		@ frame_needed = 0, uses_anonymous_args = 0
 619              	.LVL61:
 620 0000 30B5     		push	{r4, r5, lr}
 621              		.cfi_def_cfa_offset 12
 622              		.cfi_offset 4, -12
 623              		.cfi_offset 5, -8
 624              		.cfi_offset 14, -4
 625 0002 85B0     		sub	sp, sp, #20
 626              		.cfi_def_cfa_offset 32
 627 0004 0500     		movs	r5, r0
 628              	.LVL62:
 698:Generated_Source\PSoC4/BLE_1.c ****     {
 629              		.loc 1 698 0
 630 0006 174B     		ldr	r3, .L48
 631 0008 1C78     		ldrb	r4, [r3]
 632 000a 002C     		cmp	r4, #0
 633 000c 27D1     		bne	.L47
 634              	.LBB5:
 704:Generated_Source\PSoC4/BLE_1.c **** 
 635              		.loc 1 704 0
 636 000e 0722     		movs	r2, #7
 637 0010 0021     		movs	r1, #0
 638 0012 02A8     		add	r0, sp, #8
 639              	.LVL63:
 640 0014 FFF7FEFF 		bl	memset
 641              	.LVL64:
 706:Generated_Source\PSoC4/BLE_1.c **** 	    {
 642              		.loc 1 706 0
 643 0018 0622     		movs	r2, #6
 644 001a 02A9     		add	r1, sp, #8
 645 001c 2800     		movs	r0, r5
 646 001e FFF7FEFF 		bl	memcmp
 647              	.LVL65:
 648 0022 0028     		cmp	r0, #0
ARM GAS  C:\Users\Lenovo\AppData\Local\Temp\cco0TkLK.s 			page 36


 649 0024 04D1     		bne	.L44
 709:Generated_Source\PSoC4/BLE_1.c ****         }
 650              		.loc 1 709 0
 651 0026 0823     		movs	r3, #8
 652 0028 1C43     		orrs	r4, r3
 653 002a 0E4B     		ldr	r3, .L48
 654 002c 1C70     		strb	r4, [r3]
 655 002e 10E0     		b	.L45
 656              	.L44:
 714:Generated_Source\PSoC4/BLE_1.c ****             if(apiResult == CYBLE_ERROR_OK)
 657              		.loc 1 714 0
 658 0030 2900     		movs	r1, r5
 659 0032 6B46     		mov	r3, sp
 660 0034 D81D     		adds	r0, r3, #7
 661 0036 FFF7FEFF 		bl	CyBle_GapGetPeerBdHandle
 662              	.LVL66:
 715:Generated_Source\PSoC4/BLE_1.c ****             {
 663              		.loc 1 715 0
 664 003a 0028     		cmp	r0, #0
 665 003c 09D1     		bne	.L45
 718:Generated_Source\PSoC4/BLE_1.c ****                 cyBle_pendingFlashClearCccdHandle = bDevHandle;
 666              		.loc 1 718 0
 667 003e 094A     		ldr	r2, .L48
 668 0040 1178     		ldrb	r1, [r2]
 669 0042 0423     		movs	r3, #4
 670 0044 0B43     		orrs	r3, r1
 671 0046 1370     		strb	r3, [r2]
 719:Generated_Source\PSoC4/BLE_1.c ****             }
 672              		.loc 1 719 0
 673 0048 6B46     		mov	r3, sp
 674 004a D979     		ldrb	r1, [r3, #7]
 675 004c 2123     		movs	r3, #33
 676 004e 064A     		ldr	r2, .L48+4
 677 0050 D154     		strb	r1, [r2, r3]
 678              	.LVL67:
 679              	.L45:
 723:Generated_Source\PSoC4/BLE_1.c ****         {
 680              		.loc 1 723 0
 681 0052 0028     		cmp	r0, #0
 682 0054 04D1     		bne	.L43
 725:Generated_Source\PSoC4/BLE_1.c ****         }
 683              		.loc 1 725 0
 684 0056 2800     		movs	r0, r5
 685              	.LVL68:
 686 0058 FFF7FEFF 		bl	CyBle_GapRemoveDeviceFromWhiteList
 687              	.LVL69:
 688 005c 00E0     		b	.L43
 689              	.LVL70:
 690              	.L47:
 691              	.LBE5:
 730:Generated_Source\PSoC4/BLE_1.c ****     }
 692              		.loc 1 730 0
 693 005e 0220     		movs	r0, #2
 694              	.LVL71:
 695              	.L43:
 734:Generated_Source\PSoC4/BLE_1.c **** 
 696              		.loc 1 734 0
ARM GAS  C:\Users\Lenovo\AppData\Local\Temp\cco0TkLK.s 			page 37


 697 0060 05B0     		add	sp, sp, #20
 698              		@ sp needed
 699              	.LVL72:
 700 0062 30BD     		pop	{r4, r5, pc}
 701              	.L49:
 702              		.align	2
 703              	.L48:
 704 0064 00000000 		.word	cyBle_pendingFlashWrite
 705 0068 00000000 		.word	.LANCHOR1
 706              		.cfi_endproc
 707              	.LFE7:
 708              		.size	CyBle_GapRemoveBondedDevice, .-CyBle_GapRemoveBondedDevice
 709              		.section	.text.CyBle_GappStartAdvertisement,"ax",%progbits
 710              		.align	2
 711              		.global	CyBle_GappStartAdvertisement
 712              		.code	16
 713              		.thumb_func
 714              		.type	CyBle_GappStartAdvertisement, %function
 715              	CyBle_GappStartAdvertisement:
 716              	.LFB8:
 792:Generated_Source\PSoC4/BLE_1.c ****         CYBLE_API_RESULT_T apiResult;
 717              		.loc 1 792 0
 718              		.cfi_startproc
 719              		@ args = 0, pretend = 0, frame = 0
 720              		@ frame_needed = 0, uses_anonymous_args = 0
 721              	.LVL73:
 722 0000 10B5     		push	{r4, lr}
 723              		.cfi_def_cfa_offset 8
 724              		.cfi_offset 4, -8
 725              		.cfi_offset 14, -4
 795:Generated_Source\PSoC4/BLE_1.c ****         {
 726              		.loc 1 795 0
 727 0002 0228     		cmp	r0, #2
 728 0004 2FD8     		bhi	.L54
 799:Generated_Source\PSoC4/BLE_1.c ****         {   
 729              		.loc 1 799 0
 730 0006 1C4B     		ldr	r3, .L57
 731 0008 1B78     		ldrb	r3, [r3]
 732 000a 042B     		cmp	r3, #4
 733 000c 2DD1     		bne	.L55
 799:Generated_Source\PSoC4/BLE_1.c ****         {   
 734              		.loc 1 799 0 is_stmt 0 discriminator 1
 735 000e 1B4B     		ldr	r3, .L57+4
 736 0010 1B78     		ldrb	r3, [r3]
 737 0012 5B07     		lsls	r3, r3, #29
 738 0014 2CD4     		bmi	.L56
 801:Generated_Source\PSoC4/BLE_1.c ****             {
 739              		.loc 1 801 0 is_stmt 1
 740 0016 0028     		cmp	r0, #0
 741 0018 09D1     		bne	.L52
 803:Generated_Source\PSoC4/BLE_1.c ****                 cyBle_discoveryModeInfo.advParam->advIntvMin = CYBLE_FAST_ADV_INT_MIN;
 742              		.loc 1 803 0
 743 001a 194B     		ldr	r3, .L57+8
 744 001c B422     		movs	r2, #180
 745 001e 1A86     		strh	r2, [r3, #48]
 804:Generated_Source\PSoC4/BLE_1.c ****                 cyBle_discoveryModeInfo.advParam->advIntvMax = CYBLE_FAST_ADV_INT_MAX;
 746              		.loc 1 804 0
ARM GAS  C:\Users\Lenovo\AppData\Local\Temp\cco0TkLK.s 			page 38


 747 0020 943A     		subs	r2, r2, #148
 748 0022 596A     		ldr	r1, [r3, #36]
 749 0024 0A80     		strh	r2, [r1]
 805:Generated_Source\PSoC4/BLE_1.c ****             }
 750              		.loc 1 805 0
 751 0026 5B6A     		ldr	r3, [r3, #36]
 752 0028 1032     		adds	r2, r2, #16
 753 002a 5A80     		strh	r2, [r3, #2]
 754 002c 0CE0     		b	.L53
 755              	.L52:
 807:Generated_Source\PSoC4/BLE_1.c ****             {
 756              		.loc 1 807 0
 757 002e 0128     		cmp	r0, #1
 758 0030 0AD1     		bne	.L53
 809:Generated_Source\PSoC4/BLE_1.c ****                 cyBle_discoveryModeInfo.advParam->advIntvMin = CYBLE_SLOW_ADV_INT_MIN;
 759              		.loc 1 809 0
 760 0032 134B     		ldr	r3, .L57+8
 761 0034 9622     		movs	r2, #150
 762 0036 1A86     		strh	r2, [r3, #48]
 810:Generated_Source\PSoC4/BLE_1.c ****                 cyBle_discoveryModeInfo.advParam->advIntvMax = CYBLE_SLOW_ADV_INT_MAX;
 763              		.loc 1 810 0
 764 0038 C822     		movs	r2, #200
 765 003a D200     		lsls	r2, r2, #3
 766 003c 596A     		ldr	r1, [r3, #36]
 767 003e 0A80     		strh	r2, [r1]
 811:Generated_Source\PSoC4/BLE_1.c ****             }       
 768              		.loc 1 811 0
 769 0040 5B6A     		ldr	r3, [r3, #36]
 770 0042 8022     		movs	r2, #128
 771 0044 D201     		lsls	r2, r2, #7
 772 0046 5A80     		strh	r2, [r3, #2]
 773              	.L53:
 816:Generated_Source\PSoC4/BLE_1.c ****             apiResult = CyBle_GappEnterDiscoveryMode(&cyBle_discoveryModeInfo);
 774              		.loc 1 816 0
 775 0048 0E4B     		ldr	r3, .L57+12
 776 004a 1870     		strb	r0, [r3]
 817:Generated_Source\PSoC4/BLE_1.c ****         
 777              		.loc 1 817 0
 778 004c 0C48     		ldr	r0, .L57+8
 779              	.LVL74:
 780 004e 2030     		adds	r0, r0, #32
 781 0050 FFF7FEFF 		bl	CyBle_GappEnterDiscoveryMode
 782              	.LVL75:
 819:Generated_Source\PSoC4/BLE_1.c ****             {
 783              		.loc 1 819 0
 784 0054 0028     		cmp	r0, #0
 785 0056 0DD1     		bne	.L51
 821:Generated_Source\PSoC4/BLE_1.c ****             }
 786              		.loc 1 821 0
 787 0058 084A     		ldr	r2, .L57+4
 788 005a 1178     		ldrb	r1, [r2]
 789 005c 0423     		movs	r3, #4
 790 005e 0B43     		orrs	r3, r1
 791 0060 DBB2     		uxtb	r3, r3
 792 0062 1370     		strb	r3, [r2]
 793 0064 06E0     		b	.L51
 794              	.LVL76:
ARM GAS  C:\Users\Lenovo\AppData\Local\Temp\cco0TkLK.s 			page 39


 795              	.L54:
 797:Generated_Source\PSoC4/BLE_1.c ****         }
 796              		.loc 1 797 0
 797 0066 0120     		movs	r0, #1
 798              	.LVL77:
 799 0068 04E0     		b	.L51
 800              	.LVL78:
 801              	.L55:
 826:Generated_Source\PSoC4/BLE_1.c ****         }
 802              		.loc 1 826 0
 803 006a 0420     		movs	r0, #4
 804              	.LVL79:
 805 006c FF30     		adds	r0, r0, #255
 806 006e 01E0     		b	.L51
 807              	.LVL80:
 808              	.L56:
 809 0070 0420     		movs	r0, #4
 810              	.LVL81:
 811 0072 FF30     		adds	r0, r0, #255
 812              	.L51:
 813              	.LVL82:
 830:Generated_Source\PSoC4/BLE_1.c **** 
 814              		.loc 1 830 0
 815              		@ sp needed
 816 0074 10BD     		pop	{r4, pc}
 817              	.L58:
 818 0076 C046     		.align	2
 819              	.L57:
 820 0078 00000000 		.word	cyBle_state
 821 007c 00000000 		.word	cyBle_eventHandlerFlag
 822 0080 00000000 		.word	.LANCHOR0
 823 0084 00000000 		.word	cyBle_advertisingIntervalType
 824              		.cfi_endproc
 825              	.LFE8:
 826              		.size	CyBle_GappStartAdvertisement, .-CyBle_GappStartAdvertisement
 827              		.section	.text.CyBle_GappStopAdvertisement,"ax",%progbits
 828              		.align	2
 829              		.global	CyBle_GappStopAdvertisement
 830              		.code	16
 831              		.thumb_func
 832              		.type	CyBle_GappStopAdvertisement, %function
 833              	CyBle_GappStopAdvertisement:
 834              	.LFB9:
 853:Generated_Source\PSoC4/BLE_1.c ****         CyBle_GappExitDiscoveryMode();
 835              		.loc 1 853 0
 836              		.cfi_startproc
 837              		@ args = 0, pretend = 0, frame = 0
 838              		@ frame_needed = 0, uses_anonymous_args = 0
 839 0000 10B5     		push	{r4, lr}
 840              		.cfi_def_cfa_offset 8
 841              		.cfi_offset 4, -8
 842              		.cfi_offset 14, -4
 854:Generated_Source\PSoC4/BLE_1.c ****         cyBle_eventHandlerFlag |= CYBLE_STOP_FLAG;
 843              		.loc 1 854 0
 844 0002 FFF7FEFF 		bl	CyBle_GappExitDiscoveryMode
 845              	.LVL83:
 855:Generated_Source\PSoC4/BLE_1.c ****     }
ARM GAS  C:\Users\Lenovo\AppData\Local\Temp\cco0TkLK.s 			page 40


 846              		.loc 1 855 0
 847 0006 034A     		ldr	r2, .L60
 848 0008 1178     		ldrb	r1, [r2]
 849 000a 0823     		movs	r3, #8
 850 000c 0B43     		orrs	r3, r1
 851 000e DBB2     		uxtb	r3, r3
 852 0010 1370     		strb	r3, [r2]
 856:Generated_Source\PSoC4/BLE_1.c ****     
 853              		.loc 1 856 0
 854              		@ sp needed
 855 0012 10BD     		pop	{r4, pc}
 856              	.L61:
 857              		.align	2
 858              	.L60:
 859 0014 00000000 		.word	cyBle_eventHandlerFlag
 860              		.cfi_endproc
 861              	.LFE9:
 862              		.size	CyBle_GappStopAdvertisement, .-CyBle_GappStopAdvertisement
 863              		.section	.text.CyBle_ChangeAdDeviceAddress,"ax",%progbits
 864              		.align	2
 865              		.global	CyBle_ChangeAdDeviceAddress
 866              		.code	16
 867              		.thumb_func
 868              		.type	CyBle_ChangeAdDeviceAddress, %function
 869              	CyBle_ChangeAdDeviceAddress:
 870              	.LFB10:
 875:Generated_Source\PSoC4/BLE_1.c ****         uint8 i;
 871              		.loc 1 875 0
 872              		.cfi_startproc
 873              		@ args = 0, pretend = 0, frame = 0
 874              		@ frame_needed = 0, uses_anonymous_args = 0
 875              		@ link register save eliminated.
 876              	.LVL84:
 902:Generated_Source\PSoC4/BLE_1.c ****   
 877              		.loc 1 902 0
 878              		@ sp needed
 879 0000 7047     		bx	lr
 880              		.cfi_endproc
 881              	.LFE10:
 882              		.size	CyBle_ChangeAdDeviceAddress, .-CyBle_ChangeAdDeviceAddress
 883 0002 C046     		.section	.text.CyBle_GapSetLocalName,"ax",%progbits
 884              		.align	2
 885              		.global	CyBle_GapSetLocalName
 886              		.code	16
 887              		.thumb_func
 888              		.type	CyBle_GapSetLocalName, %function
 889              	CyBle_GapSetLocalName:
 890              	.LFB12:
1264:Generated_Source\PSoC4/BLE_1.c ****         
1265:Generated_Source\PSoC4/BLE_1.c **** #endif /* (CYBLE_GAP_ROLE_PERIPHERAL) */  
1266:Generated_Source\PSoC4/BLE_1.c ****     
1267:Generated_Source\PSoC4/BLE_1.c ****     
1268:Generated_Source\PSoC4/BLE_1.c ****     /******************************************************************************
1269:Generated_Source\PSoC4/BLE_1.c ****     * Function Name: CyBle_GapSetLocalName
1270:Generated_Source\PSoC4/BLE_1.c ****     ***************************************************************************//**
1271:Generated_Source\PSoC4/BLE_1.c ****     *  This function is used to set the local device name - a Characteristic of the 
1272:Generated_Source\PSoC4/BLE_1.c ****     *  GAP Service. If the characteristic length entered in the component customizer
ARM GAS  C:\Users\Lenovo\AppData\Local\Temp\cco0TkLK.s 			page 41


1273:Generated_Source\PSoC4/BLE_1.c ****     *  is shorter than the string specified by the "name" parameter, the local device
1274:Generated_Source\PSoC4/BLE_1.c ****     *  name will be cut to the length specified in the customizer.
1275:Generated_Source\PSoC4/BLE_1.c ****     * 
1276:Generated_Source\PSoC4/BLE_1.c ****     *  \param name: The local device name string. The name string to be written as
1277:Generated_Source\PSoC4/BLE_1.c ****     *              the local device name. It represents a UTF-8 encoded User
1278:Generated_Source\PSoC4/BLE_1.c ****     *              Friendly Descriptive Name for the device. The length of the local
1279:Generated_Source\PSoC4/BLE_1.c ****     *              device string is entered into the component customizer and it can
1280:Generated_Source\PSoC4/BLE_1.c ****     *              be set to a value from 0 to 248 bytes. If the name contained in
1281:Generated_Source\PSoC4/BLE_1.c ****     *              the parameter is shorter than the length from the customizer, the
1282:Generated_Source\PSoC4/BLE_1.c ****     *              end of the name is indicated by a NULL octet (0x00).
1283:Generated_Source\PSoC4/BLE_1.c ****     * 
1284:Generated_Source\PSoC4/BLE_1.c ****     * \return
1285:Generated_Source\PSoC4/BLE_1.c ****     *  CYBLE_API_RESULT_T : Return value indicates if the function succeeded or 
1286:Generated_Source\PSoC4/BLE_1.c ****     *  failed. Following are the possible error codes.
1287:Generated_Source\PSoC4/BLE_1.c ****     *
1288:Generated_Source\PSoC4/BLE_1.c ****     *   Errors codes                       | Description
1289:Generated_Source\PSoC4/BLE_1.c ****     *   ------------                       | -----------
1290:Generated_Source\PSoC4/BLE_1.c ****     *   CYBLE_ERROR_OK                     | Function completed successfully.
1291:Generated_Source\PSoC4/BLE_1.c ****     *   CYBLE_ERROR_INVALID_PARAMETER      | On specifying NULL as input parameter
1292:Generated_Source\PSoC4/BLE_1.c ****     *  
1293:Generated_Source\PSoC4/BLE_1.c ****     *******************************************************************************/
1294:Generated_Source\PSoC4/BLE_1.c ****     CYBLE_API_RESULT_T CyBle_GapSetLocalName(const char8 name[])
1295:Generated_Source\PSoC4/BLE_1.c ****     {
 891              		.loc 1 1295 0
 892              		.cfi_startproc
 893              		@ args = 0, pretend = 0, frame = 0
 894              		@ frame_needed = 0, uses_anonymous_args = 0
 895              	.LVL85:
 896 0000 70B5     		push	{r4, r5, r6, lr}
 897              		.cfi_def_cfa_offset 16
 898              		.cfi_offset 4, -16
 899              		.cfi_offset 5, -12
 900              		.cfi_offset 6, -8
 901              		.cfi_offset 14, -4
 902 0002 041E     		subs	r4, r0, #0
 903              	.LVL86:
1296:Generated_Source\PSoC4/BLE_1.c ****         CYBLE_API_RESULT_T apiResult = CYBLE_ERROR_OK;
1297:Generated_Source\PSoC4/BLE_1.c ****         uint8 i;
1298:Generated_Source\PSoC4/BLE_1.c ****         char8 *ptr;
1299:Generated_Source\PSoC4/BLE_1.c ****         uint8 charLen;
1300:Generated_Source\PSoC4/BLE_1.c **** 
1301:Generated_Source\PSoC4/BLE_1.c ****         if(NULL != name)
 904              		.loc 1 1301 0
 905 0004 26D0     		beq	.L69
1302:Generated_Source\PSoC4/BLE_1.c ****         {
1303:Generated_Source\PSoC4/BLE_1.c ****             /* Get the pointer to the Device Name characteristic  */
1304:Generated_Source\PSoC4/BLE_1.c ****             ptr = (char8 *) CYBLE_GATT_DB_ATTR_GET_ATTR_GEN_PTR(cyBle_gaps.deviceNameCharHandle);
 906              		.loc 1 1304 0
 907 0006 144B     		ldr	r3, .L70
 908 0008 5B88     		ldrh	r3, [r3, #2]
 909 000a 013B     		subs	r3, r3, #1
 910 000c 134D     		ldr	r5, .L70+4
 911 000e 9A00     		lsls	r2, r3, #2
 912 0010 D018     		adds	r0, r2, r3
 913              	.LVL87:
 914 0012 8100     		lsls	r1, r0, #2
 915 0014 6918     		adds	r1, r5, r1
ARM GAS  C:\Users\Lenovo\AppData\Local\Temp\cco0TkLK.s 			page 42


 916 0016 0969     		ldr	r1, [r1, #16]
 917 0018 4868     		ldr	r0, [r1, #4]
 918              	.LVL88:
1305:Generated_Source\PSoC4/BLE_1.c **** 
1306:Generated_Source\PSoC4/BLE_1.c ****             /* First need to get the maximum length of the characteristic data in the GATT
1307:Generated_Source\PSoC4/BLE_1.c ****                 database to make sure there is enough place for the data. The length
1308:Generated_Source\PSoC4/BLE_1.c ****                 can't be longer than 248, so only the LSB of 16 bit of length is to
1309:Generated_Source\PSoC4/BLE_1.c ****                 be used. */
1310:Generated_Source\PSoC4/BLE_1.c ****             charLen = (uint8)CYBLE_GATT_DB_ATTR_GET_ATTR_GEN_MAX_LEN(cyBle_gaps.deviceNameCharHandl
 919              		.loc 1 1310 0
 920 001a D318     		adds	r3, r2, r3
 921 001c 9A00     		lsls	r2, r3, #2
 922 001e AA18     		adds	r2, r5, r2
 923 0020 117B     		ldrb	r1, [r2, #12]
 924              	.LVL89:
1311:Generated_Source\PSoC4/BLE_1.c **** 
1312:Generated_Source\PSoC4/BLE_1.c ****             /* Copy name into characteristic */
1313:Generated_Source\PSoC4/BLE_1.c ****             for(i = 0u; ((i < charLen) && (CYBLE_NULL_CHARCTER != name[i])); i++)
 925              		.loc 1 1313 0
 926 0022 0023     		movs	r3, #0
 927 0024 02E0     		b	.L65
 928              	.LVL90:
 929              	.L67:
1314:Generated_Source\PSoC4/BLE_1.c ****             {
1315:Generated_Source\PSoC4/BLE_1.c ****                 ptr[i] = name[i];
 930              		.loc 1 1315 0 discriminator 4
 931 0026 C254     		strb	r2, [r0, r3]
1313:Generated_Source\PSoC4/BLE_1.c ****             {
 932              		.loc 1 1313 0 discriminator 4
 933 0028 0133     		adds	r3, r3, #1
 934              	.LVL91:
 935 002a DBB2     		uxtb	r3, r3
 936              	.LVL92:
 937              	.L65:
1313:Generated_Source\PSoC4/BLE_1.c ****             {
 938              		.loc 1 1313 0 is_stmt 0 discriminator 1
 939 002c 8B42     		cmp	r3, r1
 940 002e 02D2     		bcs	.L66
1313:Generated_Source\PSoC4/BLE_1.c ****             {
 941              		.loc 1 1313 0 discriminator 3
 942 0030 E25C     		ldrb	r2, [r4, r3]
 943 0032 002A     		cmp	r2, #0
 944 0034 F7D1     		bne	.L67
 945              	.L66:
1316:Generated_Source\PSoC4/BLE_1.c ****             }
1317:Generated_Source\PSoC4/BLE_1.c **** 
1318:Generated_Source\PSoC4/BLE_1.c ****             if(i < charLen)
 946              		.loc 1 1318 0 is_stmt 1
 947 0036 8B42     		cmp	r3, r1
 948 0038 02D2     		bcs	.L68
1319:Generated_Source\PSoC4/BLE_1.c ****             {
1320:Generated_Source\PSoC4/BLE_1.c ****                 /* Terminate string */
1321:Generated_Source\PSoC4/BLE_1.c ****                 ptr[i] = CYBLE_NULL_CHARCTER;
 949              		.loc 1 1321 0
 950 003a C318     		adds	r3, r0, r3
 951              	.LVL93:
 952 003c 0022     		movs	r2, #0
ARM GAS  C:\Users\Lenovo\AppData\Local\Temp\cco0TkLK.s 			page 43


 953 003e 1A70     		strb	r2, [r3]
 954              	.L68:
1322:Generated_Source\PSoC4/BLE_1.c ****             }
1323:Generated_Source\PSoC4/BLE_1.c ****             
1324:Generated_Source\PSoC4/BLE_1.c ****             /* Set new actual length */
1325:Generated_Source\PSoC4/BLE_1.c ****             
1326:Generated_Source\PSoC4/BLE_1.c ****             /* Update device name in advertising and scan response structure */
1327:Generated_Source\PSoC4/BLE_1.c ****             #if(CYBLE_GAP_ROLE_PERIPHERAL)
1328:Generated_Source\PSoC4/BLE_1.c ****                 CyBle_ChangeAdLocalName(name, 0u);
 955              		.loc 1 1328 0
 956 0040 0021     		movs	r1, #0
 957              	.LVL94:
 958 0042 2000     		movs	r0, r4
 959              	.LVL95:
 960 0044 FFF7FEFF 		bl	CyBle_ChangeAdLocalName
 961              	.LVL96:
1329:Generated_Source\PSoC4/BLE_1.c ****                 CyBle_ChangeAdLocalName(name, 1u);
 962              		.loc 1 1329 0
 963 0048 0121     		movs	r1, #1
 964 004a 2000     		movs	r0, r4
 965 004c FFF7FEFF 		bl	CyBle_ChangeAdLocalName
 966              	.LVL97:
1296:Generated_Source\PSoC4/BLE_1.c ****         uint8 i;
 967              		.loc 1 1296 0
 968 0050 0020     		movs	r0, #0
 969 0052 00E0     		b	.L64
 970              	.LVL98:
 971              	.L69:
1330:Generated_Source\PSoC4/BLE_1.c ****             #endif /* (CYBLE_GAP_ROLE_PERIPHERAL) */
1331:Generated_Source\PSoC4/BLE_1.c ****         }
1332:Generated_Source\PSoC4/BLE_1.c ****         else
1333:Generated_Source\PSoC4/BLE_1.c ****         {
1334:Generated_Source\PSoC4/BLE_1.c ****             apiResult = CYBLE_ERROR_INVALID_PARAMETER;
 972              		.loc 1 1334 0
 973 0054 0120     		movs	r0, #1
 974              	.LVL99:
 975              	.L64:
1335:Generated_Source\PSoC4/BLE_1.c ****         }
1336:Generated_Source\PSoC4/BLE_1.c ****         
1337:Generated_Source\PSoC4/BLE_1.c ****         return(apiResult);
1338:Generated_Source\PSoC4/BLE_1.c ****     }
 976              		.loc 1 1338 0
 977              		@ sp needed
 978              	.LVL100:
 979 0056 70BD     		pop	{r4, r5, r6, pc}
 980              	.L71:
 981              		.align	2
 982              	.L70:
 983 0058 00000000 		.word	cyBle_gaps
 984 005c 00000000 		.word	cyBle_gattDB
 985              		.cfi_endproc
 986              	.LFE12:
 987              		.size	CyBle_GapSetLocalName, .-CyBle_GapSetLocalName
 988              		.section	.text.CyBle_GapGetLocalName,"ax",%progbits
 989              		.align	2
 990              		.global	CyBle_GapGetLocalName
 991              		.code	16
ARM GAS  C:\Users\Lenovo\AppData\Local\Temp\cco0TkLK.s 			page 44


 992              		.thumb_func
 993              		.type	CyBle_GapGetLocalName, %function
 994              	CyBle_GapGetLocalName:
 995              	.LFB13:
1339:Generated_Source\PSoC4/BLE_1.c **** 
1340:Generated_Source\PSoC4/BLE_1.c **** 
1341:Generated_Source\PSoC4/BLE_1.c ****     /******************************************************************************
1342:Generated_Source\PSoC4/BLE_1.c ****     * Function Name: CyBle_GapGetLocalName
1343:Generated_Source\PSoC4/BLE_1.c ****     ***************************************************************************//**
1344:Generated_Source\PSoC4/BLE_1.c ****     *  
1345:Generated_Source\PSoC4/BLE_1.c ****     *  This function is used to read the local device name - a Characteristic of the 
1346:Generated_Source\PSoC4/BLE_1.c ****     *  GAP Service.
1347:Generated_Source\PSoC4/BLE_1.c ****     * 
1348:Generated_Source\PSoC4/BLE_1.c ****     * \param name: The local device name string. Used to read the local name to the
1349:Generated_Source\PSoC4/BLE_1.c ****     *             given string array. It represents a UTF-8 encoded User Friendly 
1350:Generated_Source\PSoC4/BLE_1.c ****     *             Descriptive Name for the device. The length of the local device
1351:Generated_Source\PSoC4/BLE_1.c ****     *             string is entered into the component customizer and it can be set
1352:Generated_Source\PSoC4/BLE_1.c ****     *             to a value from 0 to 248 bytes. If the name contained in the
1353:Generated_Source\PSoC4/BLE_1.c ****     *             parameter is shorter than the length from the customizer, the end
1354:Generated_Source\PSoC4/BLE_1.c ****     *             of the name is indicated by a NULL octet (0x00).
1355:Generated_Source\PSoC4/BLE_1.c ****     * 
1356:Generated_Source\PSoC4/BLE_1.c ****     * \return
1357:Generated_Source\PSoC4/BLE_1.c ****     *  CYBLE_API_RESULT_T : Return value indicates if the function succeeded or 
1358:Generated_Source\PSoC4/BLE_1.c ****     *  failed. Following are the possible error codes.
1359:Generated_Source\PSoC4/BLE_1.c ****     *
1360:Generated_Source\PSoC4/BLE_1.c ****     *   Errors codes                       | Description
1361:Generated_Source\PSoC4/BLE_1.c ****     *   ------------                       | -----------
1362:Generated_Source\PSoC4/BLE_1.c ****     *   CYBLE_ERROR_OK                     | Function completed successfully.
1363:Generated_Source\PSoC4/BLE_1.c ****     *   CYBLE_ERROR_INVALID_PARAMETER      | On specifying NULL as input parameter
1364:Generated_Source\PSoC4/BLE_1.c ****     *
1365:Generated_Source\PSoC4/BLE_1.c ****     *******************************************************************************/
1366:Generated_Source\PSoC4/BLE_1.c ****     CYBLE_API_RESULT_T CyBle_GapGetLocalName(char8 name[])
1367:Generated_Source\PSoC4/BLE_1.c ****     {
 996              		.loc 1 1367 0
 997              		.cfi_startproc
 998              		@ args = 0, pretend = 0, frame = 0
 999              		@ frame_needed = 0, uses_anonymous_args = 0
 1000              	.LVL101:
 1001 0000 10B5     		push	{r4, lr}
 1002              		.cfi_def_cfa_offset 8
 1003              		.cfi_offset 4, -8
 1004              		.cfi_offset 14, -4
 1005              	.LVL102:
1368:Generated_Source\PSoC4/BLE_1.c ****         CYBLE_API_RESULT_T apiResult = CYBLE_ERROR_OK;
1369:Generated_Source\PSoC4/BLE_1.c ****         uint8 charLen;
1370:Generated_Source\PSoC4/BLE_1.c ****         uint8 i;
1371:Generated_Source\PSoC4/BLE_1.c ****         char8 *ptr;
1372:Generated_Source\PSoC4/BLE_1.c **** 
1373:Generated_Source\PSoC4/BLE_1.c ****         if(NULL != name)
 1006              		.loc 1 1373 0
 1007 0002 0028     		cmp	r0, #0
 1008 0004 19D0     		beq	.L77
1374:Generated_Source\PSoC4/BLE_1.c ****         {
1375:Generated_Source\PSoC4/BLE_1.c ****             /* Get the pointer to the Device Name characteristic  */
1376:Generated_Source\PSoC4/BLE_1.c ****             ptr = (char8 *) CYBLE_GATT_DB_ATTR_GET_ATTR_GEN_PTR(cyBle_gaps.deviceNameCharHandle);
 1009              		.loc 1 1376 0
 1010 0006 0E4B     		ldr	r3, .L78
ARM GAS  C:\Users\Lenovo\AppData\Local\Temp\cco0TkLK.s 			page 45


 1011 0008 5B88     		ldrh	r3, [r3, #2]
 1012 000a 013B     		subs	r3, r3, #1
 1013 000c 9A00     		lsls	r2, r3, #2
 1014 000e D318     		adds	r3, r2, r3
 1015 0010 9A00     		lsls	r2, r3, #2
 1016 0012 0C4B     		ldr	r3, .L78+4
 1017 0014 9A18     		adds	r2, r3, r2
 1018 0016 1369     		ldr	r3, [r2, #16]
 1019 0018 5C68     		ldr	r4, [r3, #4]
 1020              	.LVL103:
1377:Generated_Source\PSoC4/BLE_1.c **** 
1378:Generated_Source\PSoC4/BLE_1.c ****             /* First need to get the length of the characteristic data in the GATT
1379:Generated_Source\PSoC4/BLE_1.c ****                 database to make sure there is enough place for the data. The length
1380:Generated_Source\PSoC4/BLE_1.c ****                 can't be longer than 248, so only the LSB of 16 bit of length is to
1381:Generated_Source\PSoC4/BLE_1.c ****                 be used. */
1382:Generated_Source\PSoC4/BLE_1.c ****             charLen = (uint8)CYBLE_GATT_DB_ATTR_GET_ATTR_GEN_LEN(cyBle_gaps.deviceNameCharHandle);
 1021              		.loc 1 1382 0
 1022 001a 1978     		ldrb	r1, [r3]
 1023              	.LVL104:
1383:Generated_Source\PSoC4/BLE_1.c **** 
1384:Generated_Source\PSoC4/BLE_1.c ****             /* Copy name from characteristic */
1385:Generated_Source\PSoC4/BLE_1.c ****             for(i = 0u; ((i < charLen) && (CYBLE_NULL_CHARCTER != ptr[i])); i++)
 1024              		.loc 1 1385 0
 1025 001c 0023     		movs	r3, #0
 1026 001e 02E0     		b	.L74
 1027              	.LVL105:
 1028              	.L76:
1386:Generated_Source\PSoC4/BLE_1.c ****             {
1387:Generated_Source\PSoC4/BLE_1.c ****                 name[i] = ptr[i];
 1029              		.loc 1 1387 0 discriminator 4
 1030 0020 C254     		strb	r2, [r0, r3]
1385:Generated_Source\PSoC4/BLE_1.c ****             {
 1031              		.loc 1 1385 0 discriminator 4
 1032 0022 0133     		adds	r3, r3, #1
 1033              	.LVL106:
 1034 0024 DBB2     		uxtb	r3, r3
 1035              	.LVL107:
 1036              	.L74:
1385:Generated_Source\PSoC4/BLE_1.c ****             {
 1037              		.loc 1 1385 0 is_stmt 0 discriminator 1
 1038 0026 8B42     		cmp	r3, r1
 1039 0028 02D2     		bcs	.L75
1385:Generated_Source\PSoC4/BLE_1.c ****             {
 1040              		.loc 1 1385 0 discriminator 3
 1041 002a E25C     		ldrb	r2, [r4, r3]
 1042 002c 002A     		cmp	r2, #0
 1043 002e F7D1     		bne	.L76
 1044              	.L75:
1388:Generated_Source\PSoC4/BLE_1.c ****             }
1389:Generated_Source\PSoC4/BLE_1.c **** 
1390:Generated_Source\PSoC4/BLE_1.c ****             /* Terminate string */
1391:Generated_Source\PSoC4/BLE_1.c ****             name[i] = CYBLE_NULL_CHARCTER;
 1045              		.loc 1 1391 0 is_stmt 1
 1046 0030 C318     		adds	r3, r0, r3
 1047              	.LVL108:
 1048 0032 0022     		movs	r2, #0
 1049 0034 1A70     		strb	r2, [r3]
ARM GAS  C:\Users\Lenovo\AppData\Local\Temp\cco0TkLK.s 			page 46


1368:Generated_Source\PSoC4/BLE_1.c ****         uint8 charLen;
 1050              		.loc 1 1368 0
 1051 0036 0020     		movs	r0, #0
 1052              	.LVL109:
 1053 0038 00E0     		b	.L73
 1054              	.LVL110:
 1055              	.L77:
1392:Generated_Source\PSoC4/BLE_1.c ****         }
1393:Generated_Source\PSoC4/BLE_1.c ****         else
1394:Generated_Source\PSoC4/BLE_1.c ****         {
1395:Generated_Source\PSoC4/BLE_1.c ****             apiResult = CYBLE_ERROR_INVALID_PARAMETER;
 1056              		.loc 1 1395 0
 1057 003a 0120     		movs	r0, #1
 1058              	.LVL111:
 1059              	.L73:
1396:Generated_Source\PSoC4/BLE_1.c ****         }
1397:Generated_Source\PSoC4/BLE_1.c ****         
1398:Generated_Source\PSoC4/BLE_1.c ****         return(apiResult);
1399:Generated_Source\PSoC4/BLE_1.c ****     }
 1060              		.loc 1 1399 0
 1061              		@ sp needed
 1062 003c 10BD     		pop	{r4, pc}
 1063              	.L79:
 1064 003e C046     		.align	2
 1065              	.L78:
 1066 0040 00000000 		.word	cyBle_gaps
 1067 0044 00000000 		.word	cyBle_gattDB
 1068              		.cfi_endproc
 1069              	.LFE13:
 1070              		.size	CyBle_GapGetLocalName, .-CyBle_GapGetLocalName
 1071              		.section	.text.CyBle_Get16ByPtr,"ax",%progbits
 1072              		.align	2
 1073              		.global	CyBle_Get16ByPtr
 1074              		.code	16
 1075              		.thumb_func
 1076              		.type	CyBle_Get16ByPtr, %function
 1077              	CyBle_Get16ByPtr:
 1078              	.LFB14:
1400:Generated_Source\PSoC4/BLE_1.c **** 
1401:Generated_Source\PSoC4/BLE_1.c **** #endif /* (CYBLE_GATT_ROLE_SERVER) */
1402:Generated_Source\PSoC4/BLE_1.c **** 
1403:Generated_Source\PSoC4/BLE_1.c **** 
1404:Generated_Source\PSoC4/BLE_1.c **** /******************************************************************************
1405:Generated_Source\PSoC4/BLE_1.c **** * Function Name: CyBle_Get16ByPtr
1406:Generated_Source\PSoC4/BLE_1.c **** ***************************************************************************//**
1407:Generated_Source\PSoC4/BLE_1.c **** * 
1408:Generated_Source\PSoC4/BLE_1.c **** *  Returns the two-bytes value by using a pointer to the LSB.
1409:Generated_Source\PSoC4/BLE_1.c **** * 
1410:Generated_Source\PSoC4/BLE_1.c **** *  \param ptr: Pointer to the LSB of two-bytes data (little endian).
1411:Generated_Source\PSoC4/BLE_1.c **** * 
1412:Generated_Source\PSoC4/BLE_1.c **** *  \return
1413:Generated_Source\PSoC4/BLE_1.c **** *  uint16: Two-bytes data.
1414:Generated_Source\PSoC4/BLE_1.c **** * 
1415:Generated_Source\PSoC4/BLE_1.c **** ******************************************************************************/
1416:Generated_Source\PSoC4/BLE_1.c **** uint16 CyBle_Get16ByPtr(const uint8 ptr[])
1417:Generated_Source\PSoC4/BLE_1.c **** {
 1079              		.loc 1 1417 0
ARM GAS  C:\Users\Lenovo\AppData\Local\Temp\cco0TkLK.s 			page 47


 1080              		.cfi_startproc
 1081              		@ args = 0, pretend = 0, frame = 0
 1082              		@ frame_needed = 0, uses_anonymous_args = 0
 1083              		@ link register save eliminated.
 1084              	.LVL112:
1418:Generated_Source\PSoC4/BLE_1.c ****     return ((uint16) ptr[0u] | ((uint16) (((uint16) ptr[1u]) << 8u)));
 1085              		.loc 1 1418 0
 1086 0000 0378     		ldrb	r3, [r0]
 1087 0002 4078     		ldrb	r0, [r0, #1]
 1088              	.LVL113:
 1089 0004 0002     		lsls	r0, r0, #8
 1090 0006 1843     		orrs	r0, r3
1419:Generated_Source\PSoC4/BLE_1.c **** }
 1091              		.loc 1 1419 0
 1092              		@ sp needed
 1093 0008 7047     		bx	lr
 1094              		.cfi_endproc
 1095              	.LFE14:
 1096              		.size	CyBle_Get16ByPtr, .-CyBle_Get16ByPtr
 1097 000a C046     		.section	.text.CyBle_Set16ByPtr,"ax",%progbits
 1098              		.align	2
 1099              		.global	CyBle_Set16ByPtr
 1100              		.code	16
 1101              		.thumb_func
 1102              		.type	CyBle_Set16ByPtr, %function
 1103              	CyBle_Set16ByPtr:
 1104              	.LFB15:
1420:Generated_Source\PSoC4/BLE_1.c **** 
1421:Generated_Source\PSoC4/BLE_1.c **** 
1422:Generated_Source\PSoC4/BLE_1.c **** /******************************************************************************
1423:Generated_Source\PSoC4/BLE_1.c **** * Function Name: CyBle_Set16ByPtr
1424:Generated_Source\PSoC4/BLE_1.c **** ***************************************************************************//**
1425:Generated_Source\PSoC4/BLE_1.c **** * 
1426:Generated_Source\PSoC4/BLE_1.c **** *  Sets the two-bytes value by using a pointer to the LSB.
1427:Generated_Source\PSoC4/BLE_1.c **** * 
1428:Generated_Source\PSoC4/BLE_1.c **** *  \param ptr:    Pointer to the LSB of two-bytes data (little endian).
1429:Generated_Source\PSoC4/BLE_1.c **** *  \param value:  Two-bytes data to be written.
1430:Generated_Source\PSoC4/BLE_1.c **** * 
1431:Generated_Source\PSoC4/BLE_1.c **** *  \return
1432:Generated_Source\PSoC4/BLE_1.c **** *  None
1433:Generated_Source\PSoC4/BLE_1.c **** * 
1434:Generated_Source\PSoC4/BLE_1.c **** ******************************************************************************/
1435:Generated_Source\PSoC4/BLE_1.c **** void CyBle_Set16ByPtr(uint8 ptr[], uint16 value)
1436:Generated_Source\PSoC4/BLE_1.c **** {
 1105              		.loc 1 1436 0
 1106              		.cfi_startproc
 1107              		@ args = 0, pretend = 0, frame = 0
 1108              		@ frame_needed = 0, uses_anonymous_args = 0
 1109              		@ link register save eliminated.
 1110              	.LVL114:
1437:Generated_Source\PSoC4/BLE_1.c ****     ptr[0u] = (uint8) value;
 1111              		.loc 1 1437 0
 1112 0000 0170     		strb	r1, [r0]
1438:Generated_Source\PSoC4/BLE_1.c ****     ptr[1u] = (uint8) (value >> 8u);
 1113              		.loc 1 1438 0
 1114 0002 090A     		lsrs	r1, r1, #8
 1115              	.LVL115:
ARM GAS  C:\Users\Lenovo\AppData\Local\Temp\cco0TkLK.s 			page 48


 1116 0004 4170     		strb	r1, [r0, #1]
1439:Generated_Source\PSoC4/BLE_1.c **** }
 1117              		.loc 1 1439 0
 1118              		@ sp needed
 1119 0006 7047     		bx	lr
 1120              		.cfi_endproc
 1121              	.LFE15:
 1122              		.size	CyBle_Set16ByPtr, .-CyBle_Set16ByPtr
 1123              		.global	cyBle_sflashDeviceAddress
 1124              		.global	cyBle_deviceAddress
 1125              		.comm	CyBle_ApplCallback,4,4
 1126              		.comm	cyBle_pendingFlashWrite,1,1
 1127              		.comm	cyBle_peerBonding,1,1
 1128              		.global	cyBle_discoveryModeInfo
 1129              		.global	cyBle_scanRspData
 1130              		.global	cyBle_discoveryData
 1131              		.global	cyBle_discoveryParam
 1132              		.global	cyBle_stackMemoryRam
 1133              		.global	cyBle_initVar
 1134              		.section	.rodata
 1135              		.align	2
 1136              		.set	.LANCHOR2,. + 0
 1137              	.LC0:
 1138 0000 2400     		.short	36
 1139 0002 03       		.byte	3
 1140 0003 00       		.space	1
 1141 0004 3000     		.short	48
 1142 0006 01       		.byte	1
 1143 0007 00       		.space	1
 1144 0008 2800     		.short	40
 1145 000a 02       		.byte	2
 1146 000b 00       		.space	1
 1147 000c 2400     		.short	36
 1148 000e 01       		.byte	1
 1149 000f 00       		.space	1
 1150 0010 2400     		.short	36
 1151 0012 01       		.byte	1
 1152 0013 00       		.space	1
 1153              		.data
 1154              		.align	2
 1155              		.set	.LANCHOR0,. + 0
 1156              		.type	cyBle_discoveryData, %object
 1157              		.size	cyBle_discoveryData, 32
 1158              	cyBle_discoveryData:
 1159 0000 02       		.byte	2
 1160 0001 01       		.byte	1
 1161 0002 06       		.byte	6
 1162 0003 0E       		.byte	14
 1163 0004 09       		.byte	9
 1164 0005 41       		.byte	65
 1165 0006 75       		.byte	117
 1166 0007 74       		.byte	116
 1167 0008 6F       		.byte	111
 1168 0009 6D       		.byte	109
 1169 000a 61       		.byte	97
 1170 000b 74       		.byte	116
 1171 000c 69       		.byte	105
ARM GAS  C:\Users\Lenovo\AppData\Local\Temp\cco0TkLK.s 			page 49


 1172 000d 6F       		.byte	111
 1173 000e 6E       		.byte	110
 1174 000f 20       		.byte	32
 1175 0010 49       		.byte	73
 1176 0011 4F       		.byte	79
 1177 0012 03       		.byte	3
 1178 0013 03       		.byte	3
 1179 0014 15       		.byte	21
 1180 0015 18       		.byte	24
 1181 0016 00       		.byte	0
 1182 0017 00       		.byte	0
 1183 0018 00       		.byte	0
 1184 0019 00       		.byte	0
 1185 001a 00       		.byte	0
 1186 001b 00       		.byte	0
 1187 001c 00       		.byte	0
 1188 001d 00       		.byte	0
 1189 001e 00       		.byte	0
 1190 001f 16       		.byte	22
 1191              		.type	cyBle_discoveryModeInfo, %object
 1192              		.size	cyBle_discoveryModeInfo, 20
 1193              	cyBle_discoveryModeInfo:
 1194 0020 02       		.byte	2
 1195 0021 000000   		.space	3
 1196 0024 00000000 		.word	cyBle_discoveryParam
 1197 0028 00000000 		.word	cyBle_discoveryData
 1198 002c 00000000 		.word	cyBle_scanRspData
 1199 0030 B400     		.short	180
 1200 0032 0000     		.space	2
 1201              		.type	cyBle_sflashDeviceAddress, %object
 1202              		.size	cyBle_sflashDeviceAddress, 4
 1203              	cyBle_sflashDeviceAddress:
 1204 0034 00F4FF0F 		.word	268432384
 1205              		.type	cyBle_deviceAddress, %object
 1206              		.size	cyBle_deviceAddress, 7
 1207              	cyBle_deviceAddress:
 1208 0038 1F       		.byte	31
 1209 0039 00       		.byte	0
 1210 003a 00       		.byte	0
 1211 003b 50       		.byte	80
 1212 003c A0       		.byte	-96
 1213 003d 00       		.byte	0
 1214 003e 00       		.byte	0
 1215 003f 00       		.space	1
 1216              		.type	cyBle_discoveryParam, %object
 1217              		.size	cyBle_discoveryParam, 16
 1218              	cyBle_discoveryParam:
 1219 0040 2000     		.short	32
 1220 0042 3000     		.short	48
 1221 0044 00       		.byte	0
 1222 0045 00       		.byte	0
 1223 0046 00       		.byte	0
 1224 0047 1F       		.byte	31
 1225 0048 00       		.byte	0
 1226 0049 00       		.byte	0
 1227 004a 50       		.byte	80
 1228 004b A0       		.byte	-96
ARM GAS  C:\Users\Lenovo\AppData\Local\Temp\cco0TkLK.s 			page 50


 1229 004c 00       		.byte	0
 1230 004d 07       		.byte	7
 1231 004e 00       		.byte	0
 1232 004f 00       		.space	1
 1233              		.section	.noinit,"aw",%progbits
 1234              		.align	3
 1235              		.set	.LANCHOR3,. + 0
 1236              		.type	cyBle_stackMemoryRam, %object
 1237              		.size	cyBle_stackMemoryRam, 3700
 1238              	cyBle_stackMemoryRam:
 1239 0000 00000000 		.space	3700
 1239      00000000 
 1239      00000000 
 1239      00000000 
 1239      00000000 
 1240              		.bss
 1241              		.align	2
 1242              		.set	.LANCHOR1,. + 0
 1243              		.type	cyBle_scanRspData, %object
 1244              		.size	cyBle_scanRspData, 32
 1245              	cyBle_scanRspData:
 1246 0000 00000000 		.space	32
 1246      00000000 
 1246      00000000 
 1246      00000000 
 1246      00000000 
 1247              		.type	cyBle_initVar, %object
 1248              		.size	cyBle_initVar, 1
 1249              	cyBle_initVar:
 1250 0020 00       		.space	1
 1251              		.type	cyBle_pendingFlashClearCccdHandle, %object
 1252              		.size	cyBle_pendingFlashClearCccdHandle, 1
 1253              	cyBle_pendingFlashClearCccdHandle:
 1254 0021 00       		.space	1
 1255              		.text
 1256              	.Letext0:
 1257              		.file 2 "Generated_Source\\PSoC4\\cytypes.h"
 1258              		.file 3 "Generated_Source\\PSoC4\\BLE_1_Stack.h"
 1259              		.file 4 "Generated_Source\\PSoC4\\BLE_1_StackGap.h"
 1260              		.file 5 "Generated_Source\\PSoC4\\BLE_1_StackGatt.h"
 1261              		.file 6 "Generated_Source\\PSoC4\\BLE_1_StackGattDb.h"
 1262              		.file 7 "Generated_Source\\PSoC4\\BLE_1.h"
 1263              		.file 8 "Generated_Source\\PSoC4\\BLE_1_gatt.h"
 1264              		.file 9 "Generated_Source\\PSoC4\\BLE_1_aios.h"
 1265              		.file 10 "Generated_Source\\PSoC4\\BLE_1_eventHandler.h"
 1266              		.file 11 "Generated_Source\\PSoC4\\BLE_1_StackHostMain.h"
 1267              		.file 12 "d:\\psoc\\psoc creator\\4.4\\psoc creator\\import\\gnu\\arm\\5.4.1\\arm-none-eabi\\inclu
 1268              		.section	.debug_info,"",%progbits
 1269              	.Ldebug_info0:
 1270 0000 1F110000 		.4byte	0x111f
 1271 0004 0400     		.2byte	0x4
 1272 0006 00000000 		.4byte	.Ldebug_abbrev0
 1273 000a 04       		.byte	0x4
 1274 000b 01       		.uleb128 0x1
 1275 000c 65010000 		.4byte	.LASF286
 1276 0010 0C       		.byte	0xc
 1277 0011 96090000 		.4byte	.LASF287
ARM GAS  C:\Users\Lenovo\AppData\Local\Temp\cco0TkLK.s 			page 51


 1278 0015 250F0000 		.4byte	.LASF288
 1279 0019 00000000 		.4byte	.Ldebug_ranges0+0
 1280 001d 00000000 		.4byte	0
 1281 0021 00000000 		.4byte	.Ldebug_line0
 1282 0025 02       		.uleb128 0x2
 1283 0026 01       		.byte	0x1
 1284 0027 06       		.byte	0x6
 1285 0028 07050000 		.4byte	.LASF0
 1286 002c 02       		.uleb128 0x2
 1287 002d 01       		.byte	0x1
 1288 002e 08       		.byte	0x8
 1289 002f 9E050000 		.4byte	.LASF1
 1290 0033 02       		.uleb128 0x2
 1291 0034 02       		.byte	0x2
 1292 0035 05       		.byte	0x5
 1293 0036 8E150000 		.4byte	.LASF2
 1294 003a 02       		.uleb128 0x2
 1295 003b 02       		.byte	0x2
 1296 003c 07       		.byte	0x7
 1297 003d F0180000 		.4byte	.LASF3
 1298 0041 02       		.uleb128 0x2
 1299 0042 04       		.byte	0x4
 1300 0043 05       		.byte	0x5
 1301 0044 72030000 		.4byte	.LASF4
 1302 0048 02       		.uleb128 0x2
 1303 0049 04       		.byte	0x4
 1304 004a 07       		.byte	0x7
 1305 004b E50A0000 		.4byte	.LASF5
 1306 004f 02       		.uleb128 0x2
 1307 0050 08       		.byte	0x8
 1308 0051 05       		.byte	0x5
 1309 0052 C50C0000 		.4byte	.LASF6
 1310 0056 02       		.uleb128 0x2
 1311 0057 08       		.byte	0x8
 1312 0058 07       		.byte	0x7
 1313 0059 6F120000 		.4byte	.LASF7
 1314 005d 03       		.uleb128 0x3
 1315 005e 04       		.byte	0x4
 1316 005f 05       		.byte	0x5
 1317 0060 696E7400 		.ascii	"int\000"
 1318 0064 02       		.uleb128 0x2
 1319 0065 04       		.byte	0x4
 1320 0066 07       		.byte	0x7
 1321 0067 B10E0000 		.4byte	.LASF8
 1322 006b 04       		.uleb128 0x4
 1323 006c 45150000 		.4byte	.LASF9
 1324 0070 02       		.byte	0x2
 1325 0071 D201     		.2byte	0x1d2
 1326 0073 2C000000 		.4byte	0x2c
 1327 0077 04       		.uleb128 0x4
 1328 0078 8B1A0000 		.4byte	.LASF10
 1329 007c 02       		.byte	0x2
 1330 007d D301     		.2byte	0x1d3
 1331 007f 3A000000 		.4byte	0x3a
 1332 0083 04       		.uleb128 0x4
 1333 0084 BE000000 		.4byte	.LASF11
 1334 0088 02       		.byte	0x2
ARM GAS  C:\Users\Lenovo\AppData\Local\Temp\cco0TkLK.s 			page 52


 1335 0089 D401     		.2byte	0x1d4
 1336 008b 48000000 		.4byte	0x48
 1337 008f 02       		.uleb128 0x2
 1338 0090 04       		.byte	0x4
 1339 0091 04       		.byte	0x4
 1340 0092 3C0E0000 		.4byte	.LASF12
 1341 0096 02       		.uleb128 0x2
 1342 0097 08       		.byte	0x8
 1343 0098 04       		.byte	0x4
 1344 0099 1F0D0000 		.4byte	.LASF13
 1345 009d 04       		.uleb128 0x4
 1346 009e 3C010000 		.4byte	.LASF14
 1347 00a2 02       		.byte	0x2
 1348 00a3 E301     		.2byte	0x1e3
 1349 00a5 A9000000 		.4byte	0xa9
 1350 00a9 02       		.uleb128 0x2
 1351 00aa 01       		.byte	0x1
 1352 00ab 08       		.byte	0x8
 1353 00ac BB060000 		.4byte	.LASF15
 1354 00b0 05       		.uleb128 0x5
 1355 00b1 6B000000 		.4byte	0x6b
 1356 00b5 02       		.uleb128 0x2
 1357 00b6 08       		.byte	0x8
 1358 00b7 04       		.byte	0x4
 1359 00b8 A9110000 		.4byte	.LASF16
 1360 00bc 02       		.uleb128 0x2
 1361 00bd 04       		.byte	0x4
 1362 00be 07       		.byte	0x7
 1363 00bf 1E000000 		.4byte	.LASF17
 1364 00c3 06       		.uleb128 0x6
 1365 00c4 04       		.byte	0x4
 1366 00c5 07       		.uleb128 0x7
 1367 00c6 04       		.byte	0x4
 1368 00c7 CB000000 		.4byte	0xcb
 1369 00cb 08       		.uleb128 0x8
 1370 00cc DB000000 		.4byte	0xdb
 1371 00d0 09       		.uleb128 0x9
 1372 00d1 83000000 		.4byte	0x83
 1373 00d5 09       		.uleb128 0x9
 1374 00d6 C3000000 		.4byte	0xc3
 1375 00da 00       		.byte	0
 1376 00db 0A       		.uleb128 0xa
 1377 00dc 01       		.byte	0x1
 1378 00dd 2C000000 		.4byte	0x2c
 1379 00e1 03       		.byte	0x3
 1380 00e2 3501     		.2byte	0x135
 1381 00e4 99020000 		.4byte	0x299
 1382 00e8 0B       		.uleb128 0xb
 1383 00e9 21070000 		.4byte	.LASF18
 1384 00ed 00       		.byte	0
 1385 00ee 0B       		.uleb128 0xb
 1386 00ef EA030000 		.4byte	.LASF19
 1387 00f3 01       		.byte	0x1
 1388 00f4 0B       		.uleb128 0xb
 1389 00f5 86120000 		.4byte	.LASF20
 1390 00f9 02       		.byte	0x2
 1391 00fa 0B       		.uleb128 0xb
ARM GAS  C:\Users\Lenovo\AppData\Local\Temp\cco0TkLK.s 			page 53


 1392 00fb 3B050000 		.4byte	.LASF21
 1393 00ff 03       		.byte	0x3
 1394 0100 0B       		.uleb128 0xb
 1395 0101 B7190000 		.4byte	.LASF22
 1396 0105 04       		.byte	0x4
 1397 0106 0B       		.uleb128 0xb
 1398 0107 3F180000 		.4byte	.LASF23
 1399 010b 05       		.byte	0x5
 1400 010c 0B       		.uleb128 0xb
 1401 010d C0110000 		.4byte	.LASF24
 1402 0111 06       		.byte	0x6
 1403 0112 0B       		.uleb128 0xb
 1404 0113 99160000 		.4byte	.LASF25
 1405 0117 20       		.byte	0x20
 1406 0118 0B       		.uleb128 0xb
 1407 0119 40020000 		.4byte	.LASF26
 1408 011d 21       		.byte	0x21
 1409 011e 0B       		.uleb128 0xb
 1410 011f 600C0000 		.4byte	.LASF27
 1411 0123 22       		.byte	0x22
 1412 0124 0B       		.uleb128 0xb
 1413 0125 7D100000 		.4byte	.LASF28
 1414 0129 23       		.byte	0x23
 1415 012a 0B       		.uleb128 0xb
 1416 012b 1D0A0000 		.4byte	.LASF29
 1417 012f 24       		.byte	0x24
 1418 0130 0B       		.uleb128 0xb
 1419 0131 490A0000 		.4byte	.LASF30
 1420 0135 25       		.byte	0x25
 1421 0136 0B       		.uleb128 0xb
 1422 0137 EF140000 		.4byte	.LASF31
 1423 013b 26       		.byte	0x26
 1424 013c 0B       		.uleb128 0xb
 1425 013d 5A000000 		.4byte	.LASF32
 1426 0141 27       		.byte	0x27
 1427 0142 0B       		.uleb128 0xb
 1428 0143 481A0000 		.4byte	.LASF33
 1429 0147 28       		.byte	0x28
 1430 0148 0B       		.uleb128 0xb
 1431 0149 FF110000 		.4byte	.LASF34
 1432 014d 29       		.byte	0x29
 1433 014e 0B       		.uleb128 0xb
 1434 014f C50B0000 		.4byte	.LASF35
 1435 0153 2A       		.byte	0x2a
 1436 0154 0B       		.uleb128 0xb
 1437 0155 DD0F0000 		.4byte	.LASF36
 1438 0159 2B       		.byte	0x2b
 1439 015a 0B       		.uleb128 0xb
 1440 015b 5B180000 		.4byte	.LASF37
 1441 015f 2C       		.byte	0x2c
 1442 0160 0B       		.uleb128 0xb
 1443 0161 27000000 		.4byte	.LASF38
 1444 0165 2D       		.byte	0x2d
 1445 0166 0B       		.uleb128 0xb
 1446 0167 59150000 		.4byte	.LASF39
 1447 016b 2E       		.byte	0x2e
 1448 016c 0B       		.uleb128 0xb
ARM GAS  C:\Users\Lenovo\AppData\Local\Temp\cco0TkLK.s 			page 54


 1449 016d E6020000 		.4byte	.LASF40
 1450 0171 2F       		.byte	0x2f
 1451 0172 0B       		.uleb128 0xb
 1452 0173 9A060000 		.4byte	.LASF41
 1453 0177 30       		.byte	0x30
 1454 0178 0B       		.uleb128 0xb
 1455 0179 A80D0000 		.4byte	.LASF42
 1456 017d 31       		.byte	0x31
 1457 017e 0B       		.uleb128 0xb
 1458 017f 6A070000 		.4byte	.LASF43
 1459 0183 32       		.byte	0x32
 1460 0184 0B       		.uleb128 0xb
 1461 0185 CA050000 		.4byte	.LASF44
 1462 0189 33       		.byte	0x33
 1463 018a 0B       		.uleb128 0xb
 1464 018b F1050000 		.4byte	.LASF45
 1465 018f 34       		.byte	0x34
 1466 0190 0B       		.uleb128 0xb
 1467 0191 09170000 		.4byte	.LASF46
 1468 0195 35       		.byte	0x35
 1469 0196 0B       		.uleb128 0xb
 1470 0197 98020000 		.4byte	.LASF47
 1471 019b 36       		.byte	0x36
 1472 019c 0B       		.uleb128 0xb
 1473 019d 3A120000 		.4byte	.LASF48
 1474 01a1 37       		.byte	0x37
 1475 01a2 0B       		.uleb128 0xb
 1476 01a3 10160000 		.4byte	.LASF49
 1477 01a7 40       		.byte	0x40
 1478 01a8 0B       		.uleb128 0xb
 1479 01a9 79000000 		.4byte	.LASF50
 1480 01ad 41       		.byte	0x41
 1481 01ae 0B       		.uleb128 0xb
 1482 01af CC190000 		.4byte	.LASF51
 1483 01b3 42       		.byte	0x42
 1484 01b4 0B       		.uleb128 0xb
 1485 01b5 1C120000 		.4byte	.LASF52
 1486 01b9 43       		.byte	0x43
 1487 01ba 0B       		.uleb128 0xb
 1488 01bb AC050000 		.4byte	.LASF53
 1489 01bf 44       		.byte	0x44
 1490 01c0 0B       		.uleb128 0xb
 1491 01c1 63050000 		.4byte	.LASF54
 1492 01c5 45       		.byte	0x45
 1493 01c6 0B       		.uleb128 0xb
 1494 01c7 D9130000 		.4byte	.LASF55
 1495 01cb 46       		.byte	0x46
 1496 01cc 0B       		.uleb128 0xb
 1497 01cd BB130000 		.4byte	.LASF56
 1498 01d1 47       		.byte	0x47
 1499 01d2 0B       		.uleb128 0xb
 1500 01d3 73060000 		.4byte	.LASF57
 1501 01d7 48       		.byte	0x48
 1502 01d8 0B       		.uleb128 0xb
 1503 01d9 FC100000 		.4byte	.LASF58
 1504 01dd 49       		.byte	0x49
 1505 01de 0B       		.uleb128 0xb
ARM GAS  C:\Users\Lenovo\AppData\Local\Temp\cco0TkLK.s 			page 55


 1506 01df A8070000 		.4byte	.LASF59
 1507 01e3 4A       		.byte	0x4a
 1508 01e4 0B       		.uleb128 0xb
 1509 01e5 02070000 		.4byte	.LASF60
 1510 01e9 4B       		.byte	0x4b
 1511 01ea 0B       		.uleb128 0xb
 1512 01eb 0D100000 		.4byte	.LASF61
 1513 01ef 4C       		.byte	0x4c
 1514 01f0 0B       		.uleb128 0xb
 1515 01f1 76140000 		.4byte	.LASF62
 1516 01f5 4D       		.byte	0x4d
 1517 01f6 0B       		.uleb128 0xb
 1518 01f7 31030000 		.4byte	.LASF63
 1519 01fb 4E       		.byte	0x4e
 1520 01fc 0B       		.uleb128 0xb
 1521 01fd CB0E0000 		.4byte	.LASF64
 1522 0201 4F       		.byte	0x4f
 1523 0202 0B       		.uleb128 0xb
 1524 0203 7A160000 		.4byte	.LASF65
 1525 0207 50       		.byte	0x50
 1526 0208 0B       		.uleb128 0xb
 1527 0209 C6070000 		.4byte	.LASF66
 1528 020d 51       		.byte	0x51
 1529 020e 0B       		.uleb128 0xb
 1530 020f 1F020000 		.4byte	.LASF67
 1531 0213 52       		.byte	0x52
 1532 0214 0B       		.uleb128 0xb
 1533 0215 F9170000 		.4byte	.LASF68
 1534 0219 53       		.byte	0x53
 1535 021a 0B       		.uleb128 0xb
 1536 021b 6A1A0000 		.4byte	.LASF69
 1537 021f 54       		.byte	0x54
 1538 0220 0B       		.uleb128 0xb
 1539 0221 2F100000 		.4byte	.LASF70
 1540 0225 55       		.byte	0x55
 1541 0226 0B       		.uleb128 0xb
 1542 0227 F0070000 		.4byte	.LASF71
 1543 022b 56       		.byte	0x56
 1544 022c 0B       		.uleb128 0xb
 1545 022d 670E0000 		.4byte	.LASF72
 1546 0231 57       		.byte	0x57
 1547 0232 0B       		.uleb128 0xb
 1548 0233 251A0000 		.4byte	.LASF73
 1549 0237 58       		.byte	0x58
 1550 0238 0B       		.uleb128 0xb
 1551 0239 7F180000 		.4byte	.LASF74
 1552 023d 70       		.byte	0x70
 1553 023e 0B       		.uleb128 0xb
 1554 023f B5090000 		.4byte	.LASF75
 1555 0243 71       		.byte	0x71
 1556 0244 0B       		.uleb128 0xb
 1557 0245 B1040000 		.4byte	.LASF76
 1558 0249 72       		.byte	0x72
 1559 024a 0B       		.uleb128 0xb
 1560 024b 5C160000 		.4byte	.LASF77
 1561 024f 73       		.byte	0x73
 1562 0250 0B       		.uleb128 0xb
ARM GAS  C:\Users\Lenovo\AppData\Local\Temp\cco0TkLK.s 			page 56


 1563 0251 41110000 		.4byte	.LASF78
 1564 0255 74       		.byte	0x74
 1565 0256 0B       		.uleb128 0xb
 1566 0257 340C0000 		.4byte	.LASF79
 1567 025b 75       		.byte	0x75
 1568 025c 0B       		.uleb128 0xb
 1569 025d 52060000 		.4byte	.LASF80
 1570 0261 76       		.byte	0x76
 1571 0262 0B       		.uleb128 0xb
 1572 0263 DB120000 		.4byte	.LASF81
 1573 0267 77       		.byte	0x77
 1574 0268 0B       		.uleb128 0xb
 1575 0269 42010000 		.4byte	.LASF82
 1576 026d 78       		.byte	0x78
 1577 026e 0B       		.uleb128 0xb
 1578 026f 4F030000 		.4byte	.LASF83
 1579 0273 79       		.byte	0x79
 1580 0274 0B       		.uleb128 0xb
 1581 0275 EA190000 		.4byte	.LASF84
 1582 0279 7A       		.byte	0x7a
 1583 027a 0B       		.uleb128 0xb
 1584 027b 480D0000 		.4byte	.LASF85
 1585 027f FA       		.byte	0xfa
 1586 0280 0B       		.uleb128 0xb
 1587 0281 B3170000 		.4byte	.LASF86
 1588 0285 FB       		.byte	0xfb
 1589 0286 0B       		.uleb128 0xb
 1590 0287 DB090000 		.4byte	.LASF87
 1591 028b FC       		.byte	0xfc
 1592 028c 0B       		.uleb128 0xb
 1593 028d 91110000 		.4byte	.LASF88
 1594 0291 FD       		.byte	0xfd
 1595 0292 0B       		.uleb128 0xb
 1596 0293 CF0F0000 		.4byte	.LASF89
 1597 0297 FF       		.byte	0xff
 1598 0298 00       		.byte	0
 1599 0299 0A       		.uleb128 0xa
 1600 029a 02       		.byte	0x2
 1601 029b 3A000000 		.4byte	0x3a
 1602 029f 03       		.byte	0x3
 1603 02a0 EA03     		.2byte	0x3ea
 1604 02a2 78030000 		.4byte	0x378
 1605 02a6 0B       		.uleb128 0xb
 1606 02a7 54050000 		.4byte	.LASF90
 1607 02ab 00       		.byte	0
 1608 02ac 0B       		.uleb128 0xb
 1609 02ad 92080000 		.4byte	.LASF91
 1610 02b1 01       		.byte	0x1
 1611 02b2 0B       		.uleb128 0xb
 1612 02b3 90190000 		.4byte	.LASF92
 1613 02b7 02       		.byte	0x2
 1614 02b8 0B       		.uleb128 0xb
 1615 02b9 0E090000 		.4byte	.LASF93
 1616 02bd 03       		.byte	0x3
 1617 02be 0B       		.uleb128 0xb
 1618 02bf 9E0A0000 		.4byte	.LASF94
 1619 02c3 04       		.byte	0x4
ARM GAS  C:\Users\Lenovo\AppData\Local\Temp\cco0TkLK.s 			page 57


 1620 02c4 0B       		.uleb128 0xb
 1621 02c5 010D0000 		.4byte	.LASF95
 1622 02c9 05       		.byte	0x5
 1623 02ca 0B       		.uleb128 0xb
 1624 02cb 86170000 		.4byte	.LASF96
 1625 02cf 06       		.byte	0x6
 1626 02d0 0B       		.uleb128 0xb
 1627 02d1 8B070000 		.4byte	.LASF97
 1628 02d5 07       		.byte	0x7
 1629 02d6 0B       		.uleb128 0xb
 1630 02d7 1E0E0000 		.4byte	.LASF98
 1631 02db 08       		.byte	0x8
 1632 02dc 0B       		.uleb128 0xb
 1633 02dd DF160000 		.4byte	.LASF99
 1634 02e1 09       		.byte	0x9
 1635 02e2 0B       		.uleb128 0xb
 1636 02e3 9E1A0000 		.4byte	.LASF100
 1637 02e7 0A       		.byte	0xa
 1638 02e8 0B       		.uleb128 0xb
 1639 02e9 78020000 		.4byte	.LASF101
 1640 02ed 0B       		.byte	0xb
 1641 02ee 0B       		.uleb128 0xb
 1642 02ef 1A180000 		.4byte	.LASF102
 1643 02f3 0C       		.byte	0xc
 1644 02f4 0B       		.uleb128 0xb
 1645 02f5 A20F0000 		.4byte	.LASF103
 1646 02f9 0D       		.byte	0xd
 1647 02fa 0B       		.uleb128 0xb
 1648 02fb 720B0000 		.4byte	.LASF104
 1649 02ff 0E       		.byte	0xe
 1650 0300 0B       		.uleb128 0xb
 1651 0301 DC0C0000 		.4byte	.LASF105
 1652 0305 0F       		.byte	0xf
 1653 0306 0B       		.uleb128 0xb
 1654 0307 D9000000 		.4byte	.LASF106
 1655 030b 10       		.byte	0x10
 1656 030c 0B       		.uleb128 0xb
 1657 030d CC0D0000 		.4byte	.LASF107
 1658 0311 11       		.byte	0x11
 1659 0312 0B       		.uleb128 0xb
 1660 0313 FD030000 		.4byte	.LASF108
 1661 0317 12       		.byte	0x12
 1662 0318 0B       		.uleb128 0xb
 1663 0319 DF040000 		.4byte	.LASF109
 1664 031d 13       		.byte	0x13
 1665 031e 0B       		.uleb128 0xb
 1666 031f 260D0000 		.4byte	.LASF110
 1667 0323 27       		.byte	0x27
 1668 0324 0B       		.uleb128 0xb
 1669 0325 420E0000 		.4byte	.LASF111
 1670 0329 28       		.byte	0x28
 1671 032a 0B       		.uleb128 0xb
 1672 032b 07010000 		.4byte	.LASF112
 1673 032f 29       		.byte	0x29
 1674 0330 0B       		.uleb128 0xb
 1675 0331 DD150000 		.4byte	.LASF113
 1676 0335 2A       		.byte	0x2a
ARM GAS  C:\Users\Lenovo\AppData\Local\Temp\cco0TkLK.s 			page 58


 1677 0336 0B       		.uleb128 0xb
 1678 0337 F70A0000 		.4byte	.LASF114
 1679 033b 2B       		.byte	0x2b
 1680 033c 0B       		.uleb128 0xb
 1681 033d 1C130000 		.4byte	.LASF115
 1682 0341 2C       		.byte	0x2c
 1683 0342 0B       		.uleb128 0xb
 1684 0343 4C140000 		.4byte	.LASF116
 1685 0347 2D       		.byte	0x2d
 1686 0348 0B       		.uleb128 0xb
 1687 0349 76080000 		.4byte	.LASF117
 1688 034d FE       		.byte	0xfe
 1689 034e 0B       		.uleb128 0xb
 1690 034f 86090000 		.4byte	.LASF118
 1691 0353 FF       		.byte	0xff
 1692 0354 0C       		.uleb128 0xc
 1693 0355 BC100000 		.4byte	.LASF119
 1694 0359 0001     		.2byte	0x100
 1695 035b 0C       		.uleb128 0xc
 1696 035c A3100000 		.4byte	.LASF120
 1697 0360 0101     		.2byte	0x101
 1698 0362 0C       		.uleb128 0xc
 1699 0363 5C040000 		.4byte	.LASF121
 1700 0367 0201     		.2byte	0x102
 1701 0369 0C       		.uleb128 0xc
 1702 036a A5120000 		.4byte	.LASF122
 1703 036e 0301     		.2byte	0x103
 1704 0370 0C       		.uleb128 0xc
 1705 0371 630A0000 		.4byte	.LASF123
 1706 0375 0401     		.2byte	0x104
 1707 0377 00       		.byte	0
 1708 0378 04       		.uleb128 0x4
 1709 0379 D2170000 		.4byte	.LASF124
 1710 037d 03       		.byte	0x3
 1711 037e 5C04     		.2byte	0x45c
 1712 0380 99020000 		.4byte	0x299
 1713 0384 0D       		.uleb128 0xd
 1714 0385 07       		.byte	0x7
 1715 0386 03       		.byte	0x3
 1716 0387 2A05     		.2byte	0x52a
 1717 0389 A8030000 		.4byte	0x3a8
 1718 038d 0E       		.uleb128 0xe
 1719 038e 46170000 		.4byte	.LASF125
 1720 0392 03       		.byte	0x3
 1721 0393 2D05     		.2byte	0x52d
 1722 0395 A8030000 		.4byte	0x3a8
 1723 0399 00       		.byte	0
 1724 039a 0E       		.uleb128 0xe
 1725 039b 09020000 		.4byte	.LASF126
 1726 039f 03       		.byte	0x3
 1727 03a0 2F05     		.2byte	0x52f
 1728 03a2 6B000000 		.4byte	0x6b
 1729 03a6 06       		.byte	0x6
 1730 03a7 00       		.byte	0
 1731 03a8 0F       		.uleb128 0xf
 1732 03a9 6B000000 		.4byte	0x6b
 1733 03ad B8030000 		.4byte	0x3b8
ARM GAS  C:\Users\Lenovo\AppData\Local\Temp\cco0TkLK.s 			page 59


 1734 03b1 10       		.uleb128 0x10
 1735 03b2 BC000000 		.4byte	0xbc
 1736 03b6 05       		.byte	0x5
 1737 03b7 00       		.byte	0
 1738 03b8 04       		.uleb128 0x4
 1739 03b9 41130000 		.4byte	.LASF127
 1740 03bd 03       		.byte	0x3
 1741 03be 3005     		.2byte	0x530
 1742 03c0 84030000 		.4byte	0x384
 1743 03c4 0D       		.uleb128 0xd
 1744 03c5 04       		.byte	0x4
 1745 03c6 03       		.byte	0x3
 1746 03c7 3A05     		.2byte	0x53a
 1747 03c9 E8030000 		.4byte	0x3e8
 1748 03cd 0E       		.uleb128 0xe
 1749 03ce B5110000 		.4byte	.LASF128
 1750 03d2 03       		.byte	0x3
 1751 03d3 3D05     		.2byte	0x53d
 1752 03d5 77000000 		.4byte	0x77
 1753 03d9 00       		.byte	0
 1754 03da 0E       		.uleb128 0xe
 1755 03db 2F050000 		.4byte	.LASF129
 1756 03df 03       		.byte	0x3
 1757 03e0 3F05     		.2byte	0x53f
 1758 03e2 6B000000 		.4byte	0x6b
 1759 03e6 02       		.byte	0x2
 1760 03e7 00       		.byte	0
 1761 03e8 04       		.uleb128 0x4
 1762 03e9 A5030000 		.4byte	.LASF130
 1763 03ed 03       		.byte	0x3
 1764 03ee 4005     		.2byte	0x540
 1765 03f0 C4030000 		.4byte	0x3c4
 1766 03f4 0D       		.uleb128 0xd
 1767 03f5 06       		.byte	0x6
 1768 03f6 03       		.byte	0x3
 1769 03f7 4405     		.2byte	0x544
 1770 03f9 25040000 		.4byte	0x425
 1771 03fd 0E       		.uleb128 0xe
 1772 03fe 9F0C0000 		.4byte	.LASF131
 1773 0402 03       		.byte	0x3
 1774 0403 4705     		.2byte	0x547
 1775 0405 77000000 		.4byte	0x77
 1776 0409 00       		.byte	0
 1777 040a 0E       		.uleb128 0xe
 1778 040b 24190000 		.4byte	.LASF132
 1779 040f 03       		.byte	0x3
 1780 0410 4A05     		.2byte	0x54a
 1781 0412 77000000 		.4byte	0x77
 1782 0416 02       		.byte	0x2
 1783 0417 0E       		.uleb128 0xe
 1784 0418 A20E0000 		.4byte	.LASF133
 1785 041c 03       		.byte	0x3
 1786 041d 4D05     		.2byte	0x54d
 1787 041f 6B000000 		.4byte	0x6b
 1788 0423 04       		.byte	0x4
 1789 0424 00       		.byte	0
 1790 0425 04       		.uleb128 0x4
ARM GAS  C:\Users\Lenovo\AppData\Local\Temp\cco0TkLK.s 			page 60


 1791 0426 18030000 		.4byte	.LASF134
 1792 042a 03       		.byte	0x3
 1793 042b 4E05     		.2byte	0x54e
 1794 042d F4030000 		.4byte	0x3f4
 1795 0431 0D       		.uleb128 0xd
 1796 0432 01       		.byte	0x1
 1797 0433 03       		.byte	0x3
 1798 0434 5105     		.2byte	0x551
 1799 0436 48040000 		.4byte	0x448
 1800 043a 0E       		.uleb128 0xe
 1801 043b 600B0000 		.4byte	.LASF135
 1802 043f 03       		.byte	0x3
 1803 0440 5405     		.2byte	0x554
 1804 0442 6B000000 		.4byte	0x6b
 1805 0446 00       		.byte	0
 1806 0447 00       		.byte	0
 1807 0448 04       		.uleb128 0x4
 1808 0449 F00D0000 		.4byte	.LASF136
 1809 044d 03       		.byte	0x3
 1810 044e 5505     		.2byte	0x555
 1811 0450 31040000 		.4byte	0x431
 1812 0454 0D       		.uleb128 0xd
 1813 0455 0C       		.byte	0xc
 1814 0456 03       		.byte	0x3
 1815 0457 5B05     		.2byte	0x55b
 1816 0459 85040000 		.4byte	0x485
 1817 045d 0E       		.uleb128 0xe
 1818 045e BF030000 		.4byte	.LASF137
 1819 0462 03       		.byte	0x3
 1820 0463 5E05     		.2byte	0x55e
 1821 0465 85040000 		.4byte	0x485
 1822 0469 00       		.byte	0
 1823 046a 0E       		.uleb128 0xe
 1824 046b 5C130000 		.4byte	.LASF138
 1825 046f 03       		.byte	0x3
 1826 0470 6105     		.2byte	0x561
 1827 0472 8B040000 		.4byte	0x48b
 1828 0476 04       		.byte	0x4
 1829 0477 0E       		.uleb128 0xe
 1830 0478 BE0E0000 		.4byte	.LASF139
 1831 047c 03       		.byte	0x3
 1832 047d 6705     		.2byte	0x567
 1833 047f 77000000 		.4byte	0x77
 1834 0483 08       		.byte	0x8
 1835 0484 00       		.byte	0
 1836 0485 07       		.uleb128 0x7
 1837 0486 04       		.byte	0x4
 1838 0487 25040000 		.4byte	0x425
 1839 048b 07       		.uleb128 0x7
 1840 048c 04       		.byte	0x4
 1841 048d 48040000 		.4byte	0x448
 1842 0491 04       		.uleb128 0x4
 1843 0492 840C0000 		.4byte	.LASF140
 1844 0496 03       		.byte	0x3
 1845 0497 6805     		.2byte	0x568
 1846 0499 54040000 		.4byte	0x454
 1847 049d 07       		.uleb128 0x7
ARM GAS  C:\Users\Lenovo\AppData\Local\Temp\cco0TkLK.s 			page 61


 1848 049e 04       		.byte	0x4
 1849 049f 6B000000 		.4byte	0x6b
 1850 04a3 11       		.uleb128 0x11
 1851 04a4 01       		.byte	0x1
 1852 04a5 2C000000 		.4byte	0x2c
 1853 04a9 04       		.byte	0x4
 1854 04aa E0       		.byte	0xe0
 1855 04ab CE040000 		.4byte	0x4ce
 1856 04af 0B       		.uleb128 0xb
 1857 04b0 45190000 		.4byte	.LASF141
 1858 04b4 00       		.byte	0
 1859 04b5 0B       		.uleb128 0xb
 1860 04b6 15110000 		.4byte	.LASF142
 1861 04ba 01       		.byte	0x1
 1862 04bb 0B       		.uleb128 0xb
 1863 04bc 38160000 		.4byte	.LASF143
 1864 04c0 02       		.byte	0x2
 1865 04c1 0B       		.uleb128 0xb
 1866 04c2 87040000 		.4byte	.LASF144
 1867 04c6 03       		.byte	0x3
 1868 04c7 0B       		.uleb128 0xb
 1869 04c8 E3080000 		.4byte	.LASF145
 1870 04cc 04       		.byte	0x4
 1871 04cd 00       		.byte	0
 1872 04ce 12       		.uleb128 0x12
 1873 04cf FC0F0000 		.4byte	.LASF146
 1874 04d3 04       		.byte	0x4
 1875 04d4 F0       		.byte	0xf0
 1876 04d5 A3040000 		.4byte	0x4a3
 1877 04d9 0D       		.uleb128 0xd
 1878 04da 10       		.byte	0x10
 1879 04db 04       		.byte	0x4
 1880 04dc 2102     		.2byte	0x221
 1881 04de 4B050000 		.4byte	0x54b
 1882 04e2 0E       		.uleb128 0xe
 1883 04e3 09060000 		.4byte	.LASF147
 1884 04e7 04       		.byte	0x4
 1885 04e8 2702     		.2byte	0x227
 1886 04ea 77000000 		.4byte	0x77
 1887 04ee 00       		.byte	0
 1888 04ef 0E       		.uleb128 0xe
 1889 04f0 B81A0000 		.4byte	.LASF148
 1890 04f4 04       		.byte	0x4
 1891 04f5 2D02     		.2byte	0x22d
 1892 04f7 77000000 		.4byte	0x77
 1893 04fb 02       		.byte	0x2
 1894 04fc 0E       		.uleb128 0xe
 1895 04fd 960A0000 		.4byte	.LASF149
 1896 0501 04       		.byte	0x4
 1897 0502 3602     		.2byte	0x236
 1898 0504 CE040000 		.4byte	0x4ce
 1899 0508 04       		.byte	0x4
 1900 0509 0E       		.uleb128 0xe
 1901 050a 921A0000 		.4byte	.LASF150
 1902 050e 04       		.byte	0x4
 1903 050f 3E02     		.2byte	0x23e
 1904 0511 6B000000 		.4byte	0x6b
ARM GAS  C:\Users\Lenovo\AppData\Local\Temp\cco0TkLK.s 			page 62


 1905 0515 05       		.byte	0x5
 1906 0516 0E       		.uleb128 0xe
 1907 0517 990D0000 		.4byte	.LASF151
 1908 051b 04       		.byte	0x4
 1909 051c 4502     		.2byte	0x245
 1910 051e 6B000000 		.4byte	0x6b
 1911 0522 06       		.byte	0x6
 1912 0523 0E       		.uleb128 0xe
 1913 0524 03190000 		.4byte	.LASF152
 1914 0528 04       		.byte	0x4
 1915 0529 4B02     		.2byte	0x24b
 1916 052b A8030000 		.4byte	0x3a8
 1917 052f 07       		.byte	0x7
 1918 0530 0E       		.uleb128 0xe
 1919 0531 37190000 		.4byte	.LASF153
 1920 0535 04       		.byte	0x4
 1921 0536 5302     		.2byte	0x253
 1922 0538 6B000000 		.4byte	0x6b
 1923 053c 0D       		.byte	0xd
 1924 053d 0E       		.uleb128 0xe
 1925 053e 390A0000 		.4byte	.LASF154
 1926 0542 04       		.byte	0x4
 1927 0543 5F02     		.2byte	0x25f
 1928 0545 6B000000 		.4byte	0x6b
 1929 0549 0E       		.byte	0xe
 1930 054a 00       		.byte	0
 1931 054b 04       		.uleb128 0x4
 1932 054c FB090000 		.4byte	.LASF155
 1933 0550 04       		.byte	0x4
 1934 0551 6102     		.2byte	0x261
 1935 0553 D9040000 		.4byte	0x4d9
 1936 0557 0D       		.uleb128 0xd
 1937 0558 20       		.byte	0x20
 1938 0559 04       		.byte	0x4
 1939 055a 6402     		.2byte	0x264
 1940 055c 7B050000 		.4byte	0x57b
 1941 0560 0E       		.uleb128 0xe
 1942 0561 27100000 		.4byte	.LASF156
 1943 0565 04       		.byte	0x4
 1944 0566 6702     		.2byte	0x267
 1945 0568 7B050000 		.4byte	0x57b
 1946 056c 00       		.byte	0
 1947 056d 0E       		.uleb128 0xe
 1948 056e 77130000 		.4byte	.LASF157
 1949 0572 04       		.byte	0x4
 1950 0573 6A02     		.2byte	0x26a
 1951 0575 6B000000 		.4byte	0x6b
 1952 0579 1F       		.byte	0x1f
 1953 057a 00       		.byte	0
 1954 057b 0F       		.uleb128 0xf
 1955 057c 6B000000 		.4byte	0x6b
 1956 0580 8B050000 		.4byte	0x58b
 1957 0584 10       		.uleb128 0x10
 1958 0585 BC000000 		.4byte	0xbc
 1959 0589 1E       		.byte	0x1e
 1960 058a 00       		.byte	0
 1961 058b 04       		.uleb128 0x4
ARM GAS  C:\Users\Lenovo\AppData\Local\Temp\cco0TkLK.s 			page 63


 1962 058c 3B060000 		.4byte	.LASF158
 1963 0590 04       		.byte	0x4
 1964 0591 6C02     		.2byte	0x26c
 1965 0593 57050000 		.4byte	0x557
 1966 0597 0D       		.uleb128 0xd
 1967 0598 20       		.byte	0x20
 1968 0599 04       		.byte	0x4
 1969 059a 6F02     		.2byte	0x26f
 1970 059c BB050000 		.4byte	0x5bb
 1971 05a0 0E       		.uleb128 0xe
 1972 05a1 12000000 		.4byte	.LASF159
 1973 05a5 04       		.byte	0x4
 1974 05a6 7302     		.2byte	0x273
 1975 05a8 7B050000 		.4byte	0x57b
 1976 05ac 00       		.byte	0
 1977 05ad 0E       		.uleb128 0xe
 1978 05ae CE150000 		.4byte	.LASF160
 1979 05b2 04       		.byte	0x4
 1980 05b3 7602     		.2byte	0x276
 1981 05b5 6B000000 		.4byte	0x6b
 1982 05b9 1F       		.byte	0x1f
 1983 05ba 00       		.byte	0
 1984 05bb 04       		.uleb128 0x4
 1985 05bc 17150000 		.4byte	.LASF161
 1986 05c0 04       		.byte	0x4
 1987 05c1 7802     		.2byte	0x278
 1988 05c3 97050000 		.4byte	0x597
 1989 05c7 0D       		.uleb128 0xd
 1990 05c8 14       		.byte	0x14
 1991 05c9 04       		.byte	0x4
 1992 05ca 7B02     		.2byte	0x27b
 1993 05cc 12060000 		.4byte	0x612
 1994 05d0 0E       		.uleb128 0xe
 1995 05d1 D0000000 		.4byte	.LASF162
 1996 05d5 04       		.byte	0x4
 1997 05d6 8302     		.2byte	0x283
 1998 05d8 6B000000 		.4byte	0x6b
 1999 05dc 00       		.byte	0
 2000 05dd 0E       		.uleb128 0xe
 2001 05de D30C0000 		.4byte	.LASF163
 2002 05e2 04       		.byte	0x4
 2003 05e3 8602     		.2byte	0x286
 2004 05e5 12060000 		.4byte	0x612
 2005 05e9 04       		.byte	0x4
 2006 05ea 0E       		.uleb128 0xe
 2007 05eb 27100000 		.4byte	.LASF156
 2008 05ef 04       		.byte	0x4
 2009 05f0 8802     		.2byte	0x288
 2010 05f2 18060000 		.4byte	0x618
 2011 05f6 08       		.byte	0x8
 2012 05f7 0E       		.uleb128 0xe
 2013 05f8 12000000 		.4byte	.LASF159
 2014 05fc 04       		.byte	0x4
 2015 05fd 8A02     		.2byte	0x28a
 2016 05ff 1E060000 		.4byte	0x61e
 2017 0603 0C       		.byte	0xc
 2018 0604 0E       		.uleb128 0xe
ARM GAS  C:\Users\Lenovo\AppData\Local\Temp\cco0TkLK.s 			page 64


 2019 0605 12080000 		.4byte	.LASF164
 2020 0609 04       		.byte	0x4
 2021 060a 9402     		.2byte	0x294
 2022 060c 77000000 		.4byte	0x77
 2023 0610 10       		.byte	0x10
 2024 0611 00       		.byte	0
 2025 0612 07       		.uleb128 0x7
 2026 0613 04       		.byte	0x4
 2027 0614 4B050000 		.4byte	0x54b
 2028 0618 07       		.uleb128 0x7
 2029 0619 04       		.byte	0x4
 2030 061a 8B050000 		.4byte	0x58b
 2031 061e 07       		.uleb128 0x7
 2032 061f 04       		.byte	0x4
 2033 0620 BB050000 		.4byte	0x5bb
 2034 0624 04       		.uleb128 0x4
 2035 0625 87130000 		.4byte	.LASF165
 2036 0629 04       		.byte	0x4
 2037 062a 9602     		.2byte	0x296
 2038 062c C7050000 		.4byte	0x5c7
 2039 0630 04       		.uleb128 0x4
 2040 0631 BF120000 		.4byte	.LASF166
 2041 0635 05       		.byte	0x5
 2042 0636 8901     		.2byte	0x189
 2043 0638 77000000 		.4byte	0x77
 2044 063c 0D       		.uleb128 0xd
 2045 063d 02       		.byte	0x2
 2046 063e 05       		.byte	0x5
 2047 063f 9301     		.2byte	0x193
 2048 0641 60060000 		.4byte	0x660
 2049 0645 0E       		.uleb128 0xe
 2050 0646 0F030000 		.4byte	.LASF167
 2051 064a 05       		.byte	0x5
 2052 064b 9A01     		.2byte	0x19a
 2053 064d 6B000000 		.4byte	0x6b
 2054 0651 00       		.byte	0
 2055 0652 0E       		.uleb128 0xe
 2056 0653 8A190000 		.4byte	.LASF168
 2057 0657 05       		.byte	0x5
 2058 0658 A001     		.2byte	0x1a0
 2059 065a 6B000000 		.4byte	0x6b
 2060 065e 01       		.byte	0x1
 2061 065f 00       		.byte	0
 2062 0660 04       		.uleb128 0x4
 2063 0661 57020000 		.4byte	.LASF169
 2064 0665 05       		.byte	0x5
 2065 0666 A201     		.2byte	0x1a2
 2066 0668 3C060000 		.4byte	0x63c
 2067 066c 13       		.uleb128 0x13
 2068 066d 08       		.byte	0x8
 2069 066e 06       		.byte	0x6
 2070 066f CE       		.byte	0xce
 2071 0670 8D060000 		.4byte	0x68d
 2072 0674 14       		.uleb128 0x14
 2073 0675 6A130000 		.4byte	.LASF170
 2074 0679 06       		.byte	0x6
 2075 067a D1       		.byte	0xd1
ARM GAS  C:\Users\Lenovo\AppData\Local\Temp\cco0TkLK.s 			page 65


 2076 067b 77000000 		.4byte	0x77
 2077 067f 00       		.byte	0
 2078 0680 14       		.uleb128 0x14
 2079 0681 32150000 		.4byte	.LASF171
 2080 0685 06       		.byte	0x6
 2081 0686 D6       		.byte	0xd6
 2082 0687 C3000000 		.4byte	0xc3
 2083 068b 04       		.byte	0x4
 2084 068c 00       		.byte	0
 2085 068d 12       		.uleb128 0x12
 2086 068e 73110000 		.4byte	.LASF172
 2087 0692 06       		.byte	0x6
 2088 0693 D8       		.byte	0xd8
 2089 0694 6C060000 		.4byte	0x66c
 2090 0698 13       		.uleb128 0x13
 2091 0699 08       		.byte	0x8
 2092 069a 06       		.byte	0x6
 2093 069b DB       		.byte	0xdb
 2094 069c B9060000 		.4byte	0x6b9
 2095 06a0 14       		.uleb128 0x14
 2096 06a1 D0060000 		.4byte	.LASF173
 2097 06a5 06       		.byte	0x6
 2098 06a6 DE       		.byte	0xde
 2099 06a7 77000000 		.4byte	0x77
 2100 06ab 00       		.byte	0
 2101 06ac 14       		.uleb128 0x14
 2102 06ad AE150000 		.4byte	.LASF174
 2103 06b1 06       		.byte	0x6
 2104 06b2 E3       		.byte	0xe3
 2105 06b3 B9060000 		.4byte	0x6b9
 2106 06b7 04       		.byte	0x4
 2107 06b8 00       		.byte	0
 2108 06b9 07       		.uleb128 0x7
 2109 06ba 04       		.byte	0x4
 2110 06bb 8D060000 		.4byte	0x68d
 2111 06bf 12       		.uleb128 0x12
 2112 06c0 D0140000 		.4byte	.LASF175
 2113 06c4 06       		.byte	0x6
 2114 06c5 E5       		.byte	0xe5
 2115 06c6 98060000 		.4byte	0x698
 2116 06ca 15       		.uleb128 0x15
 2117 06cb 08       		.byte	0x8
 2118 06cc 06       		.byte	0x6
 2119 06cd E8       		.byte	0xe8
 2120 06ce E9060000 		.4byte	0x6e9
 2121 06d2 16       		.uleb128 0x16
 2122 06d3 BF150000 		.4byte	.LASF176
 2123 06d7 06       		.byte	0x6
 2124 06d8 EF       		.byte	0xef
 2125 06d9 BF060000 		.4byte	0x6bf
 2126 06dd 16       		.uleb128 0x16
 2127 06de 9B0B0000 		.4byte	.LASF177
 2128 06e2 06       		.byte	0x6
 2129 06e3 F2       		.byte	0xf2
 2130 06e4 77000000 		.4byte	0x77
 2131 06e8 00       		.byte	0
 2132 06e9 12       		.uleb128 0x12
ARM GAS  C:\Users\Lenovo\AppData\Local\Temp\cco0TkLK.s 			page 66


 2133 06ea A9140000 		.4byte	.LASF178
 2134 06ee 06       		.byte	0x6
 2135 06ef F4       		.byte	0xf4
 2136 06f0 CA060000 		.4byte	0x6ca
 2137 06f4 13       		.uleb128 0x13
 2138 06f5 14       		.byte	0x14
 2139 06f6 06       		.byte	0x6
 2140 06f7 F7       		.byte	0xf7
 2141 06f8 3D070000 		.4byte	0x73d
 2142 06fc 14       		.uleb128 0x14
 2143 06fd 14060000 		.4byte	.LASF179
 2144 0701 06       		.byte	0x6
 2145 0702 FA       		.byte	0xfa
 2146 0703 77000000 		.4byte	0x77
 2147 0707 00       		.byte	0
 2148 0708 0E       		.uleb128 0xe
 2149 0709 7F040000 		.4byte	.LASF180
 2150 070d 06       		.byte	0x6
 2151 070e 0001     		.2byte	0x100
 2152 0710 77000000 		.4byte	0x77
 2153 0714 02       		.byte	0x2
 2154 0715 0E       		.uleb128 0xe
 2155 0716 FE010000 		.4byte	.LASF181
 2156 071a 06       		.byte	0x6
 2157 071b 0B01     		.2byte	0x10b
 2158 071d 83000000 		.4byte	0x83
 2159 0721 04       		.byte	0x4
 2160 0722 0E       		.uleb128 0xe
 2161 0723 EA0E0000 		.4byte	.LASF182
 2162 0727 06       		.byte	0x6
 2163 0728 0E01     		.2byte	0x10e
 2164 072a 77000000 		.4byte	0x77
 2165 072e 08       		.byte	0x8
 2166 072f 0E       		.uleb128 0xe
 2167 0730 00130000 		.4byte	.LASF183
 2168 0734 06       		.byte	0x6
 2169 0735 1701     		.2byte	0x117
 2170 0737 E9060000 		.4byte	0x6e9
 2171 073b 0C       		.byte	0xc
 2172 073c 00       		.byte	0
 2173 073d 04       		.uleb128 0x4
 2174 073e 18080000 		.4byte	.LASF184
 2175 0742 06       		.byte	0x6
 2176 0743 1801     		.2byte	0x118
 2177 0745 F4060000 		.4byte	0x6f4
 2178 0749 04       		.uleb128 0x4
 2179 074a 0E020000 		.4byte	.LASF185
 2180 074e 07       		.byte	0x7
 2181 074f 0302     		.2byte	0x203
 2182 0751 C5000000 		.4byte	0xc5
 2183 0755 17       		.uleb128 0x17
 2184 0756 C102     		.2byte	0x2c1
 2185 0758 08       		.byte	0x8
 2186 0759 9D       		.byte	0x9d
 2187 075a 92070000 		.4byte	0x792
 2188 075e 14       		.uleb128 0x14
 2189 075f ED090000 		.4byte	.LASF186
ARM GAS  C:\Users\Lenovo\AppData\Local\Temp\cco0TkLK.s 			page 67


 2190 0763 08       		.byte	0x8
 2191 0764 A0       		.byte	0xa0
 2192 0765 92070000 		.4byte	0x792
 2193 0769 00       		.byte	0
 2194 076a 18       		.uleb128 0x18
 2195 076b 4D090000 		.4byte	.LASF187
 2196 076f 08       		.byte	0x8
 2197 0770 A3       		.byte	0xa3
 2198 0771 A3070000 		.4byte	0x7a3
 2199 0775 7902     		.2byte	0x279
 2200 0777 18       		.uleb128 0x18
 2201 0778 BD160000 		.4byte	.LASF188
 2202 077c 08       		.byte	0x8
 2203 077d A6       		.byte	0xa6
 2204 077e 6B000000 		.4byte	0x6b
 2205 0782 BF02     		.2byte	0x2bf
 2206 0784 18       		.uleb128 0x18
 2207 0785 C4080000 		.4byte	.LASF189
 2208 0789 08       		.byte	0x8
 2209 078a A9       		.byte	0xa9
 2210 078b 6B000000 		.4byte	0x6b
 2211 078f C002     		.2byte	0x2c0
 2212 0791 00       		.byte	0
 2213 0792 0F       		.uleb128 0xf
 2214 0793 6B000000 		.4byte	0x6b
 2215 0797 A3070000 		.4byte	0x7a3
 2216 079b 19       		.uleb128 0x19
 2217 079c BC000000 		.4byte	0xbc
 2218 07a0 7802     		.2byte	0x278
 2219 07a2 00       		.byte	0
 2220 07a3 0F       		.uleb128 0xf
 2221 07a4 6B000000 		.4byte	0x6b
 2222 07a8 B9070000 		.4byte	0x7b9
 2223 07ac 10       		.uleb128 0x10
 2224 07ad BC000000 		.4byte	0xbc
 2225 07b1 04       		.byte	0x4
 2226 07b2 10       		.uleb128 0x10
 2227 07b3 BC000000 		.4byte	0xbc
 2228 07b7 0D       		.byte	0xd
 2229 07b8 00       		.byte	0
 2230 07b9 12       		.uleb128 0x12
 2231 07ba 2A0B0000 		.4byte	.LASF190
 2232 07be 08       		.byte	0x8
 2233 07bf AA       		.byte	0xaa
 2234 07c0 55070000 		.4byte	0x755
 2235 07c4 11       		.uleb128 0x11
 2236 07c5 01       		.byte	0x1
 2237 07c6 2C000000 		.4byte	0x2c
 2238 07ca 09       		.byte	0x9
 2239 07cb 2B       		.byte	0x2b
 2240 07cc E9070000 		.4byte	0x7e9
 2241 07d0 0B       		.uleb128 0xb
 2242 07d1 F70E0000 		.4byte	.LASF191
 2243 07d5 00       		.byte	0
 2244 07d6 0B       		.uleb128 0xb
 2245 07d7 94000000 		.4byte	.LASF192
 2246 07db 01       		.byte	0x1
ARM GAS  C:\Users\Lenovo\AppData\Local\Temp\cco0TkLK.s 			page 68


 2247 07dc 0B       		.uleb128 0xb
 2248 07dd B9020000 		.4byte	.LASF193
 2249 07e1 02       		.byte	0x2
 2250 07e2 0B       		.uleb128 0xb
 2251 07e3 0A0F0000 		.4byte	.LASF194
 2252 07e7 03       		.byte	0x3
 2253 07e8 00       		.byte	0
 2254 07e9 11       		.uleb128 0x11
 2255 07ea 01       		.byte	0x1
 2256 07eb 2C000000 		.4byte	0x2c
 2257 07ef 09       		.byte	0x9
 2258 07f0 34       		.byte	0x34
 2259 07f1 2C080000 		.4byte	0x82c
 2260 07f5 0B       		.uleb128 0xb
 2261 07f6 6B190000 		.4byte	.LASF195
 2262 07fa 00       		.byte	0
 2263 07fb 0B       		.uleb128 0xb
 2264 07fc C10A0000 		.4byte	.LASF196
 2265 0800 01       		.byte	0x1
 2266 0801 0B       		.uleb128 0xb
 2267 0802 D5100000 		.4byte	.LASF197
 2268 0806 02       		.byte	0x2
 2269 0807 0B       		.uleb128 0xb
 2270 0808 DE060000 		.4byte	.LASF198
 2271 080c 03       		.byte	0x3
 2272 080d 0B       		.uleb128 0xb
 2273 080e B9180000 		.4byte	.LASF199
 2274 0812 04       		.byte	0x4
 2275 0813 0B       		.uleb128 0xb
 2276 0814 3F0B0000 		.4byte	.LASF200
 2277 0818 05       		.byte	0x5
 2278 0819 0B       		.uleb128 0xb
 2279 081a 7B190000 		.4byte	.LASF201
 2280 081e 06       		.byte	0x6
 2281 081f 0B       		.uleb128 0xb
 2282 0820 66090000 		.4byte	.LASF202
 2283 0824 06       		.byte	0x6
 2284 0825 0B       		.uleb128 0xb
 2285 0826 0E1A0000 		.4byte	.LASF203
 2286 082a 07       		.byte	0x7
 2287 082b 00       		.byte	0
 2288 082c 0A       		.uleb128 0xa
 2289 082d 01       		.byte	0x1
 2290 082e 2C000000 		.4byte	0x2c
 2291 0832 0A       		.byte	0xa
 2292 0833 5A08     		.2byte	0x85a
 2293 0835 58080000 		.4byte	0x858
 2294 0839 0B       		.uleb128 0xb
 2295 083a 8A050000 		.4byte	.LASF204
 2296 083e 00       		.byte	0
 2297 083f 0B       		.uleb128 0xb
 2298 0840 1B0C0000 		.4byte	.LASF205
 2299 0844 01       		.byte	0x1
 2300 0845 0B       		.uleb128 0xb
 2301 0846 0E190000 		.4byte	.LASF206
 2302 084a 02       		.byte	0x2
 2303 084b 0B       		.uleb128 0xb
ARM GAS  C:\Users\Lenovo\AppData\Local\Temp\cco0TkLK.s 			page 69


 2304 084c CE020000 		.4byte	.LASF207
 2305 0850 03       		.byte	0x3
 2306 0851 0B       		.uleb128 0xb
 2307 0852 90140000 		.4byte	.LASF208
 2308 0856 04       		.byte	0x4
 2309 0857 00       		.byte	0
 2310 0858 04       		.uleb128 0x4
 2311 0859 2A160000 		.4byte	.LASF209
 2312 085d 0A       		.byte	0xa
 2313 085e 6808     		.2byte	0x868
 2314 0860 2C080000 		.4byte	0x82c
 2315 0864 0D       		.uleb128 0xd
 2316 0865 0C       		.byte	0xc
 2317 0866 0A       		.byte	0xa
 2318 0867 A309     		.2byte	0x9a3
 2319 0869 BC080000 		.4byte	0x8bc
 2320 086d 0E       		.uleb128 0xe
 2321 086e DB180000 		.4byte	.LASF210
 2322 0872 0A       		.byte	0xa
 2323 0873 A609     		.2byte	0x9a6
 2324 0875 30060000 		.4byte	0x630
 2325 0879 00       		.byte	0
 2326 087a 0E       		.uleb128 0xe
 2327 087b 840D0000 		.4byte	.LASF211
 2328 087f 0A       		.byte	0xa
 2329 0880 A809     		.2byte	0x9a8
 2330 0882 30060000 		.4byte	0x630
 2331 0886 02       		.byte	0x2
 2332 0887 0E       		.uleb128 0xe
 2333 0888 EA110000 		.4byte	.LASF212
 2334 088c 0A       		.byte	0xa
 2335 088d AA09     		.2byte	0x9aa
 2336 088f 30060000 		.4byte	0x630
 2337 0893 04       		.byte	0x4
 2338 0894 0E       		.uleb128 0xe
 2339 0895 65100000 		.4byte	.LASF213
 2340 0899 0A       		.byte	0xa
 2341 089a AD09     		.2byte	0x9ad
 2342 089c 30060000 		.4byte	0x630
 2343 08a0 06       		.byte	0x6
 2344 08a1 0E       		.uleb128 0xe
 2345 08a2 26170000 		.4byte	.LASF214
 2346 08a6 0A       		.byte	0xa
 2347 08a7 AF09     		.2byte	0x9af
 2348 08a9 30060000 		.4byte	0x630
 2349 08ad 08       		.byte	0x8
 2350 08ae 0E       		.uleb128 0xe
 2351 08af CD040000 		.4byte	.LASF215
 2352 08b3 0A       		.byte	0xa
 2353 08b4 B109     		.2byte	0x9b1
 2354 08b6 30060000 		.4byte	0x630
 2355 08ba 0A       		.byte	0xa
 2356 08bb 00       		.byte	0
 2357 08bc 04       		.uleb128 0x4
 2358 08bd 34130000 		.4byte	.LASF216
 2359 08c1 0A       		.byte	0xa
 2360 08c2 B209     		.2byte	0x9b2
ARM GAS  C:\Users\Lenovo\AppData\Local\Temp\cco0TkLK.s 			page 70


 2361 08c4 64080000 		.4byte	0x864
 2362 08c8 1A       		.uleb128 0x1a
 2363 08c9 A6000000 		.4byte	.LASF289
 2364 08cd 01       		.byte	0x1
 2365 08ce A904     		.2byte	0x4a9
 2366 08d0 00000000 		.4byte	.LFB11
 2367 08d4 78000000 		.4byte	.LFE11-.LFB11
 2368 08d8 01       		.uleb128 0x1
 2369 08d9 9C       		.byte	0x9c
 2370 08da 5D090000 		.4byte	0x95d
 2371 08de 1B       		.uleb128 0x1b
 2372 08df 40150000 		.4byte	.LASF217
 2373 08e3 01       		.byte	0x1
 2374 08e4 A904     		.2byte	0x4a9
 2375 08e6 5D090000 		.4byte	0x95d
 2376 08ea 00000000 		.4byte	.LLST0
 2377 08ee 1B       		.uleb128 0x1b
 2378 08ef 82130000 		.4byte	.LASF218
 2379 08f3 01       		.byte	0x1
 2380 08f4 A904     		.2byte	0x4a9
 2381 08f6 6B000000 		.4byte	0x6b
 2382 08fa 21000000 		.4byte	.LLST1
 2383 08fe 1C       		.uleb128 0x1c
 2384 08ff 6900     		.ascii	"i\000"
 2385 0901 01       		.byte	0x1
 2386 0902 AB04     		.2byte	0x4ab
 2387 0904 6B000000 		.4byte	0x6b
 2388 0908 5B000000 		.4byte	.LLST2
 2389 090c 1D       		.uleb128 0x1d
 2390 090d 200F0000 		.4byte	.LASF219
 2391 0911 01       		.byte	0x1
 2392 0912 AC04     		.2byte	0x4ac
 2393 0914 6B000000 		.4byte	0x6b
 2394 0918 8F000000 		.4byte	.LLST3
 2395 091c 1D       		.uleb128 0x1d
 2396 091d AE190000 		.4byte	.LASF220
 2397 0921 01       		.byte	0x1
 2398 0922 AD04     		.2byte	0x4ad
 2399 0924 6B000000 		.4byte	0x6b
 2400 0928 AE000000 		.4byte	.LLST4
 2401 092c 1D       		.uleb128 0x1d
 2402 092d A7170000 		.4byte	.LASF221
 2403 0931 01       		.byte	0x1
 2404 0932 AE04     		.2byte	0x4ae
 2405 0934 6B000000 		.4byte	0x6b
 2406 0938 D8000000 		.4byte	.LLST5
 2407 093c 1D       		.uleb128 0x1d
 2408 093d C5000000 		.4byte	.LASF222
 2409 0941 01       		.byte	0x1
 2410 0942 AF04     		.2byte	0x4af
 2411 0944 9D040000 		.4byte	0x49d
 2412 0948 18010000 		.4byte	.LLST6
 2413 094c 1D       		.uleb128 0x1d
 2414 094d 130A0000 		.4byte	.LASF223
 2415 0951 01       		.byte	0x1
 2416 0952 B004     		.2byte	0x4b0
 2417 0954 6B000000 		.4byte	0x6b
ARM GAS  C:\Users\Lenovo\AppData\Local\Temp\cco0TkLK.s 			page 71


 2418 0958 4B010000 		.4byte	.LLST7
 2419 095c 00       		.byte	0
 2420 095d 07       		.uleb128 0x7
 2421 095e 04       		.byte	0x4
 2422 095f 63090000 		.4byte	0x963
 2423 0963 1E       		.uleb128 0x1e
 2424 0964 9D000000 		.4byte	0x9d
 2425 0968 1F       		.uleb128 0x1f
 2426 0969 7B030000 		.4byte	.LASF224
 2427 096d 01       		.byte	0x1
 2428 096e C9       		.byte	0xc9
 2429 096f 00000000 		.4byte	.LFB3
 2430 0973 08000000 		.4byte	.LFE3-.LFB3
 2431 0977 01       		.uleb128 0x1
 2432 0978 9C       		.byte	0x9c
 2433 0979 87090000 		.4byte	0x987
 2434 097d 20       		.uleb128 0x20
 2435 097e 06000000 		.4byte	.LVL28
 2436 0982 84100000 		.4byte	0x1084
 2437 0986 00       		.byte	0
 2438 0987 1F       		.uleb128 0x1f
 2439 0988 E5070000 		.4byte	.LASF225
 2440 098c 01       		.byte	0x1
 2441 098d 98       		.byte	0x98
 2442 098e 00000000 		.4byte	.LFB2
 2443 0992 34000000 		.4byte	.LFE2-.LFB2
 2444 0996 01       		.uleb128 0x1
 2445 0997 9C       		.byte	0x9c
 2446 0998 A6090000 		.4byte	0x9a6
 2447 099c 20       		.uleb128 0x20
 2448 099d 14000000 		.4byte	.LVL29
 2449 09a1 68090000 		.4byte	0x968
 2450 09a5 00       		.byte	0
 2451 09a6 21       		.uleb128 0x21
 2452 09a7 1D140000 		.4byte	.LASF234
 2453 09ab 01       		.byte	0x1
 2454 09ac 9701     		.2byte	0x197
 2455 09ae 78030000 		.4byte	0x378
 2456 09b2 00000000 		.4byte	.LFB4
 2457 09b6 B4000000 		.4byte	.LFE4-.LFB4
 2458 09ba 01       		.uleb128 0x1
 2459 09bb 9C       		.byte	0x9c
 2460 09bc C20A0000 		.4byte	0xac2
 2461 09c0 1B       		.uleb128 0x1b
 2462 09c1 6B020000 		.4byte	.LASF226
 2463 09c5 01       		.byte	0x1
 2464 09c6 9701     		.2byte	0x197
 2465 09c8 49070000 		.4byte	0x749
 2466 09cc 69010000 		.4byte	.LLST8
 2467 09d0 1D       		.uleb128 0x1d
 2468 09d1 50000000 		.4byte	.LASF227
 2469 09d5 01       		.byte	0x1
 2470 09d6 9901     		.2byte	0x199
 2471 09d8 78030000 		.4byte	0x378
 2472 09dc 95010000 		.4byte	.LLST9
 2473 09e0 22       		.uleb128 0x22
 2474 09e1 B0080000 		.4byte	.LASF228
ARM GAS  C:\Users\Lenovo\AppData\Local\Temp\cco0TkLK.s 			page 72


 2475 09e5 01       		.byte	0x1
 2476 09e6 9D01     		.2byte	0x19d
 2477 09e8 C20A0000 		.4byte	0xac2
 2478 09ec 02       		.uleb128 0x2
 2479 09ed 91       		.byte	0x91
 2480 09ee 64       		.sleb128 -28
 2481 09ef 23       		.uleb128 0x23
 2482 09f0 2E000000 		.4byte	.LBB2
 2483 09f4 24000000 		.4byte	.LBE2-.LBB2
 2484 09f8 4F0A0000 		.4byte	0xa4f
 2485 09fc 22       		.uleb128 0x22
 2486 09fd 35140000 		.4byte	.LASF229
 2487 0a01 01       		.byte	0x1
 2488 0a02 BF01     		.2byte	0x1bf
 2489 0a04 25040000 		.4byte	0x425
 2490 0a08 02       		.uleb128 0x2
 2491 0a09 91       		.byte	0x91
 2492 0a0a 50       		.sleb128 -48
 2493 0a0b 22       		.uleb128 0x22
 2494 0a0c 5F110000 		.4byte	.LASF230
 2495 0a10 01       		.byte	0x1
 2496 0a11 C001     		.2byte	0x1c0
 2497 0a13 48040000 		.4byte	0x448
 2498 0a17 02       		.uleb128 0x2
 2499 0a18 91       		.byte	0x91
 2500 0a19 4C       		.sleb128 -52
 2501 0a1a 22       		.uleb128 0x22
 2502 0a1b DE030000 		.4byte	.LASF231
 2503 0a1f 01       		.byte	0x1
 2504 0a20 C101     		.2byte	0x1c1
 2505 0a22 91040000 		.4byte	0x491
 2506 0a26 02       		.uleb128 0x2
 2507 0a27 91       		.byte	0x91
 2508 0a28 58       		.sleb128 -40
 2509 0a29 22       		.uleb128 0x22
 2510 0a2a D4080000 		.4byte	.LASF232
 2511 0a2e 01       		.byte	0x1
 2512 0a2f C201     		.2byte	0x1c2
 2513 0a31 77000000 		.4byte	0x77
 2514 0a35 02       		.uleb128 0x2
 2515 0a36 91       		.byte	0x91
 2516 0a37 4E       		.sleb128 -50
 2517 0a38 24       		.uleb128 0x24
 2518 0a39 52000000 		.4byte	.LVL35
 2519 0a3d 8F100000 		.4byte	0x108f
 2520 0a41 25       		.uleb128 0x25
 2521 0a42 01       		.uleb128 0x1
 2522 0a43 50       		.byte	0x50
 2523 0a44 02       		.uleb128 0x2
 2524 0a45 91       		.byte	0x91
 2525 0a46 58       		.sleb128 -40
 2526 0a47 25       		.uleb128 0x25
 2527 0a48 01       		.uleb128 0x1
 2528 0a49 51       		.byte	0x51
 2529 0a4a 02       		.uleb128 0x2
 2530 0a4b 91       		.byte	0x91
 2531 0a4c 4E       		.sleb128 -50
ARM GAS  C:\Users\Lenovo\AppData\Local\Temp\cco0TkLK.s 			page 73


 2532 0a4d 00       		.byte	0
 2533 0a4e 00       		.byte	0
 2534 0a4f 26       		.uleb128 0x26
 2535 0a50 10000000 		.4byte	.LVL33
 2536 0a54 9B100000 		.4byte	0x109b
 2537 0a58 710A0000 		.4byte	0xa71
 2538 0a5c 25       		.uleb128 0x25
 2539 0a5d 01       		.uleb128 0x1
 2540 0a5e 50       		.byte	0x50
 2541 0a5f 02       		.uleb128 0x2
 2542 0a60 91       		.byte	0x91
 2543 0a61 64       		.sleb128 -28
 2544 0a62 25       		.uleb128 0x25
 2545 0a63 01       		.uleb128 0x1
 2546 0a64 51       		.byte	0x51
 2547 0a65 05       		.uleb128 0x5
 2548 0a66 03       		.byte	0x3
 2549 0a67 00000000 		.4byte	.LANCHOR2
 2550 0a6b 25       		.uleb128 0x25
 2551 0a6c 01       		.uleb128 0x1
 2552 0a6d 52       		.byte	0x52
 2553 0a6e 01       		.uleb128 0x1
 2554 0a6f 44       		.byte	0x44
 2555 0a70 00       		.byte	0
 2556 0a71 20       		.uleb128 0x20
 2557 0a72 1E000000 		.4byte	.LVL34
 2558 0a76 87090000 		.4byte	0x987
 2559 0a7a 26       		.uleb128 0x26
 2560 0a7b 6E000000 		.4byte	.LVL37
 2561 0a7f A4100000 		.4byte	0x10a4
 2562 0a83 AC0A0000 		.4byte	0xaac
 2563 0a87 25       		.uleb128 0x25
 2564 0a88 01       		.uleb128 0x1
 2565 0a89 51       		.byte	0x51
 2566 0a8a 05       		.uleb128 0x5
 2567 0a8b 03       		.byte	0x3
 2568 0a8c 00000000 		.4byte	.LANCHOR3
 2569 0a90 25       		.uleb128 0x25
 2570 0a91 01       		.uleb128 0x1
 2571 0a92 52       		.byte	0x52
 2572 0a93 03       		.uleb128 0x3
 2573 0a94 0A       		.byte	0xa
 2574 0a95 3C0E     		.2byte	0xe3c
 2575 0a97 25       		.uleb128 0x25
 2576 0a98 01       		.uleb128 0x1
 2577 0a99 53       		.byte	0x53
 2578 0a9a 02       		.uleb128 0x2
 2579 0a9b 91       		.byte	0x91
 2580 0a9c 64       		.sleb128 -28
 2581 0a9d 25       		.uleb128 0x25
 2582 0a9e 02       		.uleb128 0x2
 2583 0a9f 7D       		.byte	0x7d
 2584 0aa0 00       		.sleb128 0
 2585 0aa1 01       		.uleb128 0x1
 2586 0aa2 35       		.byte	0x35
 2587 0aa3 25       		.uleb128 0x25
 2588 0aa4 02       		.uleb128 0x2
ARM GAS  C:\Users\Lenovo\AppData\Local\Temp\cco0TkLK.s 			page 74


 2589 0aa5 7D       		.byte	0x7d
 2590 0aa6 08       		.sleb128 8
 2591 0aa7 03       		.uleb128 0x3
 2592 0aa8 0A       		.byte	0xa
 2593 0aa9 7902     		.2byte	0x279
 2594 0aab 00       		.byte	0
 2595 0aac 24       		.uleb128 0x24
 2596 0aad 82000000 		.4byte	.LVL39
 2597 0ab1 B0100000 		.4byte	0x10b0
 2598 0ab5 25       		.uleb128 0x25
 2599 0ab6 01       		.uleb128 0x1
 2600 0ab7 51       		.byte	0x51
 2601 0ab8 02       		.uleb128 0x2
 2602 0ab9 08       		.byte	0x8
 2603 0aba 56       		.byte	0x56
 2604 0abb 25       		.uleb128 0x25
 2605 0abc 01       		.uleb128 0x1
 2606 0abd 52       		.byte	0x52
 2607 0abe 01       		.uleb128 0x1
 2608 0abf 46       		.byte	0x46
 2609 0ac0 00       		.byte	0
 2610 0ac1 00       		.byte	0
 2611 0ac2 0F       		.uleb128 0xf
 2612 0ac3 E8030000 		.4byte	0x3e8
 2613 0ac7 D20A0000 		.4byte	0xad2
 2614 0acb 10       		.uleb128 0x10
 2615 0acc BC000000 		.4byte	0xbc
 2616 0ad0 04       		.byte	0x4
 2617 0ad1 00       		.byte	0
 2618 0ad2 27       		.uleb128 0x27
 2619 0ad3 550C0000 		.4byte	.LASF233
 2620 0ad7 01       		.byte	0x1
 2621 0ad8 1C02     		.2byte	0x21c
 2622 0ada 00000000 		.4byte	.LFB5
 2623 0ade 14000000 		.4byte	.LFE5-.LFB5
 2624 0ae2 01       		.uleb128 0x1
 2625 0ae3 9C       		.byte	0x9c
 2626 0ae4 F20A0000 		.4byte	0xaf2
 2627 0ae8 20       		.uleb128 0x20
 2628 0ae9 06000000 		.4byte	.LVL43
 2629 0aed BC100000 		.4byte	0x10bc
 2630 0af1 00       		.byte	0
 2631 0af2 21       		.uleb128 0x21
 2632 0af3 6F170000 		.4byte	.LASF235
 2633 0af7 01       		.byte	0x1
 2634 0af8 5402     		.2byte	0x254
 2635 0afa 78030000 		.4byte	0x378
 2636 0afe 00000000 		.4byte	.LFB6
 2637 0b02 04010000 		.4byte	.LFE6-.LFB6
 2638 0b06 01       		.uleb128 0x1
 2639 0b07 9C       		.byte	0x9c
 2640 0b08 060C0000 		.4byte	0xc06
 2641 0b0c 1B       		.uleb128 0x1b
 2642 0b0d 98120000 		.4byte	.LASF236
 2643 0b11 01       		.byte	0x1
 2644 0b12 5402     		.2byte	0x254
 2645 0b14 6B000000 		.4byte	0x6b
ARM GAS  C:\Users\Lenovo\AppData\Local\Temp\cco0TkLK.s 			page 75


 2646 0b18 E1010000 		.4byte	.LLST10
 2647 0b1c 1D       		.uleb128 0x1d
 2648 0b1d 50000000 		.4byte	.LASF227
 2649 0b21 01       		.byte	0x1
 2650 0b22 5602     		.2byte	0x256
 2651 0b24 78030000 		.4byte	0x378
 2652 0b28 1B020000 		.4byte	.LLST11
 2653 0b2c 23       		.uleb128 0x23
 2654 0b2d 86000000 		.4byte	.LBB3
 2655 0b31 26000000 		.4byte	.LBE3-.LBB3
 2656 0b35 850B0000 		.4byte	0xb85
 2657 0b39 22       		.uleb128 0x22
 2658 0b3a 900E0000 		.4byte	.LASF237
 2659 0b3e 01       		.byte	0x1
 2660 0b3f 7A02     		.2byte	0x27a
 2661 0b41 A3070000 		.4byte	0x7a3
 2662 0b45 03       		.uleb128 0x3
 2663 0b46 91       		.byte	0x91
 2664 0b47 B07F     		.sleb128 -80
 2665 0b49 26       		.uleb128 0x26
 2666 0b4a 90000000 		.4byte	.LVL55
 2667 0b4e C8100000 		.4byte	0x10c8
 2668 0b52 680B0000 		.4byte	0xb68
 2669 0b56 25       		.uleb128 0x25
 2670 0b57 01       		.uleb128 0x1
 2671 0b58 50       		.byte	0x50
 2672 0b59 02       		.uleb128 0x2
 2673 0b5a 7D       		.byte	0x7d
 2674 0b5b 00       		.sleb128 0
 2675 0b5c 25       		.uleb128 0x25
 2676 0b5d 01       		.uleb128 0x1
 2677 0b5e 51       		.byte	0x51
 2678 0b5f 01       		.uleb128 0x1
 2679 0b60 30       		.byte	0x30
 2680 0b61 25       		.uleb128 0x25
 2681 0b62 01       		.uleb128 0x1
 2682 0b63 52       		.byte	0x52
 2683 0b64 02       		.uleb128 0x2
 2684 0b65 08       		.byte	0x8
 2685 0b66 46       		.byte	0x46
 2686 0b67 00       		.byte	0
 2687 0b68 24       		.uleb128 0x24
 2688 0b69 9C000000 		.4byte	.LVL56
 2689 0b6d D1100000 		.4byte	0x10d1
 2690 0b71 25       		.uleb128 0x25
 2691 0b72 01       		.uleb128 0x1
 2692 0b73 50       		.byte	0x50
 2693 0b74 02       		.uleb128 0x2
 2694 0b75 7D       		.byte	0x7d
 2695 0b76 00       		.sleb128 0
 2696 0b77 25       		.uleb128 0x25
 2697 0b78 01       		.uleb128 0x1
 2698 0b79 52       		.byte	0x52
 2699 0b7a 02       		.uleb128 0x2
 2700 0b7b 08       		.byte	0x8
 2701 0b7c 46       		.byte	0x46
 2702 0b7d 25       		.uleb128 0x25
ARM GAS  C:\Users\Lenovo\AppData\Local\Temp\cco0TkLK.s 			page 76


 2703 0b7e 01       		.uleb128 0x1
 2704 0b7f 53       		.byte	0x53
 2705 0b80 02       		.uleb128 0x2
 2706 0b81 74       		.byte	0x74
 2707 0b82 00       		.sleb128 0
 2708 0b83 00       		.byte	0
 2709 0b84 00       		.byte	0
 2710 0b85 23       		.uleb128 0x23
 2711 0b86 AC000000 		.4byte	.LBB4
 2712 0b8a 3C000000 		.4byte	.LBE4-.LBB4
 2713 0b8e DC0B0000 		.4byte	0xbdc
 2714 0b92 22       		.uleb128 0x22
 2715 0b93 900E0000 		.4byte	.LASF237
 2716 0b97 01       		.byte	0x1
 2717 0b98 8702     		.2byte	0x287
 2718 0b9a 060C0000 		.4byte	0xc06
 2719 0b9e 03       		.uleb128 0x3
 2720 0b9f 91       		.byte	0x91
 2721 0ba0 B07F     		.sleb128 -80
 2722 0ba2 26       		.uleb128 0x26
 2723 0ba3 B6000000 		.4byte	.LVL58
 2724 0ba7 C8100000 		.4byte	0x10c8
 2725 0bab C00B0000 		.4byte	0xbc0
 2726 0baf 25       		.uleb128 0x25
 2727 0bb0 01       		.uleb128 0x1
 2728 0bb1 50       		.byte	0x50
 2729 0bb2 02       		.uleb128 0x2
 2730 0bb3 7D       		.byte	0x7d
 2731 0bb4 00       		.sleb128 0
 2732 0bb5 25       		.uleb128 0x25
 2733 0bb6 01       		.uleb128 0x1
 2734 0bb7 51       		.byte	0x51
 2735 0bb8 01       		.uleb128 0x1
 2736 0bb9 30       		.byte	0x30
 2737 0bba 25       		.uleb128 0x25
 2738 0bbb 01       		.uleb128 0x1
 2739 0bbc 52       		.byte	0x52
 2740 0bbd 01       		.uleb128 0x1
 2741 0bbe 3E       		.byte	0x3e
 2742 0bbf 00       		.byte	0
 2743 0bc0 24       		.uleb128 0x24
 2744 0bc1 DA000000 		.4byte	.LVL59
 2745 0bc5 D1100000 		.4byte	0x10d1
 2746 0bc9 25       		.uleb128 0x25
 2747 0bca 01       		.uleb128 0x1
 2748 0bcb 50       		.byte	0x50
 2749 0bcc 02       		.uleb128 0x2
 2750 0bcd 7D       		.byte	0x7d
 2751 0bce 00       		.sleb128 0
 2752 0bcf 25       		.uleb128 0x25
 2753 0bd0 01       		.uleb128 0x1
 2754 0bd1 52       		.byte	0x52
 2755 0bd2 01       		.uleb128 0x1
 2756 0bd3 3E       		.byte	0x3e
 2757 0bd4 25       		.uleb128 0x25
 2758 0bd5 01       		.uleb128 0x1
 2759 0bd6 53       		.byte	0x53
ARM GAS  C:\Users\Lenovo\AppData\Local\Temp\cco0TkLK.s 			page 77


 2760 0bd7 02       		.uleb128 0x2
 2761 0bd8 74       		.byte	0x74
 2762 0bd9 00       		.sleb128 0
 2763 0bda 00       		.byte	0
 2764 0bdb 00       		.byte	0
 2765 0bdc 26       		.uleb128 0x26
 2766 0bdd 12000000 		.4byte	.LVL46
 2767 0be1 DC100000 		.4byte	0x10dc
 2768 0be5 F00B0000 		.4byte	0xbf0
 2769 0be9 25       		.uleb128 0x25
 2770 0bea 01       		.uleb128 0x1
 2771 0beb 50       		.byte	0x50
 2772 0bec 02       		.uleb128 0x2
 2773 0bed 74       		.byte	0x74
 2774 0bee 00       		.sleb128 0
 2775 0bef 00       		.byte	0
 2776 0bf0 24       		.uleb128 0x24
 2777 0bf1 62000000 		.4byte	.LVL52
 2778 0bf5 D1100000 		.4byte	0x10d1
 2779 0bf9 25       		.uleb128 0x25
 2780 0bfa 01       		.uleb128 0x1
 2781 0bfb 52       		.byte	0x52
 2782 0bfc 01       		.uleb128 0x1
 2783 0bfd 3E       		.byte	0x3e
 2784 0bfe 25       		.uleb128 0x25
 2785 0bff 01       		.uleb128 0x1
 2786 0c00 53       		.byte	0x53
 2787 0c01 02       		.uleb128 0x2
 2788 0c02 74       		.byte	0x74
 2789 0c03 00       		.sleb128 0
 2790 0c04 00       		.byte	0
 2791 0c05 00       		.byte	0
 2792 0c06 0F       		.uleb128 0xf
 2793 0c07 6B000000 		.4byte	0x6b
 2794 0c0b 160C0000 		.4byte	0xc16
 2795 0c0f 10       		.uleb128 0x10
 2796 0c10 BC000000 		.4byte	0xbc
 2797 0c14 0D       		.byte	0xd
 2798 0c15 00       		.byte	0
 2799 0c16 21       		.uleb128 0x21
 2800 0c17 13050000 		.4byte	.LASF238
 2801 0c1b 01       		.byte	0x1
 2802 0c1c B602     		.2byte	0x2b6
 2803 0c1e 78030000 		.4byte	0x378
 2804 0c22 00000000 		.4byte	.LFB7
 2805 0c26 6C000000 		.4byte	.LFE7-.LFB7
 2806 0c2a 01       		.uleb128 0x1
 2807 0c2b 9C       		.byte	0x9c
 2808 0c2c E00C0000 		.4byte	0xce0
 2809 0c30 1B       		.uleb128 0x1b
 2810 0c31 46170000 		.4byte	.LASF125
 2811 0c35 01       		.byte	0x1
 2812 0c36 B602     		.2byte	0x2b6
 2813 0c38 E00C0000 		.4byte	0xce0
 2814 0c3c 72020000 		.4byte	.LLST12
 2815 0c40 1D       		.uleb128 0x1d
 2816 0c41 50000000 		.4byte	.LASF227
ARM GAS  C:\Users\Lenovo\AppData\Local\Temp\cco0TkLK.s 			page 78


 2817 0c45 01       		.byte	0x1
 2818 0c46 B802     		.2byte	0x2b8
 2819 0c48 78030000 		.4byte	0x378
 2820 0c4c B4020000 		.4byte	.LLST13
 2821 0c50 28       		.uleb128 0x28
 2822 0c51 0E000000 		.4byte	.LBB5
 2823 0c55 50000000 		.4byte	.LBE5-.LBB5
 2824 0c59 22       		.uleb128 0x22
 2825 0c5a F3010000 		.4byte	.LASF239
 2826 0c5e 01       		.byte	0x1
 2827 0c5f BF02     		.2byte	0x2bf
 2828 0c61 6B000000 		.4byte	0x6b
 2829 0c65 02       		.uleb128 0x2
 2830 0c66 91       		.byte	0x91
 2831 0c67 67       		.sleb128 -25
 2832 0c68 22       		.uleb128 0x22
 2833 0c69 31180000 		.4byte	.LASF240
 2834 0c6d 01       		.byte	0x1
 2835 0c6e C002     		.2byte	0x2c0
 2836 0c70 B8030000 		.4byte	0x3b8
 2837 0c74 02       		.uleb128 0x2
 2838 0c75 91       		.byte	0x91
 2839 0c76 68       		.sleb128 -24
 2840 0c77 26       		.uleb128 0x26
 2841 0c78 18000000 		.4byte	.LVL64
 2842 0c7c C8100000 		.4byte	0x10c8
 2843 0c80 950C0000 		.4byte	0xc95
 2844 0c84 25       		.uleb128 0x25
 2845 0c85 01       		.uleb128 0x1
 2846 0c86 50       		.byte	0x50
 2847 0c87 02       		.uleb128 0x2
 2848 0c88 91       		.byte	0x91
 2849 0c89 68       		.sleb128 -24
 2850 0c8a 25       		.uleb128 0x25
 2851 0c8b 01       		.uleb128 0x1
 2852 0c8c 51       		.byte	0x51
 2853 0c8d 01       		.uleb128 0x1
 2854 0c8e 30       		.byte	0x30
 2855 0c8f 25       		.uleb128 0x25
 2856 0c90 01       		.uleb128 0x1
 2857 0c91 52       		.byte	0x52
 2858 0c92 01       		.uleb128 0x1
 2859 0c93 37       		.byte	0x37
 2860 0c94 00       		.byte	0
 2861 0c95 26       		.uleb128 0x26
 2862 0c96 22000000 		.4byte	.LVL65
 2863 0c9a E7100000 		.4byte	0x10e7
 2864 0c9e B40C0000 		.4byte	0xcb4
 2865 0ca2 25       		.uleb128 0x25
 2866 0ca3 01       		.uleb128 0x1
 2867 0ca4 50       		.byte	0x50
 2868 0ca5 02       		.uleb128 0x2
 2869 0ca6 75       		.byte	0x75
 2870 0ca7 00       		.sleb128 0
 2871 0ca8 25       		.uleb128 0x25
 2872 0ca9 01       		.uleb128 0x1
 2873 0caa 51       		.byte	0x51
ARM GAS  C:\Users\Lenovo\AppData\Local\Temp\cco0TkLK.s 			page 79


 2874 0cab 02       		.uleb128 0x2
 2875 0cac 91       		.byte	0x91
 2876 0cad 68       		.sleb128 -24
 2877 0cae 25       		.uleb128 0x25
 2878 0caf 01       		.uleb128 0x1
 2879 0cb0 52       		.byte	0x52
 2880 0cb1 01       		.uleb128 0x1
 2881 0cb2 36       		.byte	0x36
 2882 0cb3 00       		.byte	0
 2883 0cb4 26       		.uleb128 0x26
 2884 0cb5 3A000000 		.4byte	.LVL66
 2885 0cb9 F2100000 		.4byte	0x10f2
 2886 0cbd CE0C0000 		.4byte	0xcce
 2887 0cc1 25       		.uleb128 0x25
 2888 0cc2 01       		.uleb128 0x1
 2889 0cc3 50       		.byte	0x50
 2890 0cc4 02       		.uleb128 0x2
 2891 0cc5 7D       		.byte	0x7d
 2892 0cc6 07       		.sleb128 7
 2893 0cc7 25       		.uleb128 0x25
 2894 0cc8 01       		.uleb128 0x1
 2895 0cc9 51       		.byte	0x51
 2896 0cca 02       		.uleb128 0x2
 2897 0ccb 75       		.byte	0x75
 2898 0ccc 00       		.sleb128 0
 2899 0ccd 00       		.byte	0
 2900 0cce 24       		.uleb128 0x24
 2901 0ccf 5C000000 		.4byte	.LVL69
 2902 0cd3 FE100000 		.4byte	0x10fe
 2903 0cd7 25       		.uleb128 0x25
 2904 0cd8 01       		.uleb128 0x1
 2905 0cd9 50       		.byte	0x50
 2906 0cda 02       		.uleb128 0x2
 2907 0cdb 75       		.byte	0x75
 2908 0cdc 00       		.sleb128 0
 2909 0cdd 00       		.byte	0
 2910 0cde 00       		.byte	0
 2911 0cdf 00       		.byte	0
 2912 0ce0 07       		.uleb128 0x7
 2913 0ce1 04       		.byte	0x4
 2914 0ce2 B8030000 		.4byte	0x3b8
 2915 0ce6 21       		.uleb128 0x21
 2916 0ce7 1E060000 		.4byte	.LASF241
 2917 0ceb 01       		.byte	0x1
 2918 0cec 1703     		.2byte	0x317
 2919 0cee 78030000 		.4byte	0x378
 2920 0cf2 00000000 		.4byte	.LFB8
 2921 0cf6 88000000 		.4byte	.LFE8-.LFB8
 2922 0cfa 01       		.uleb128 0x1
 2923 0cfb 9C       		.byte	0x9c
 2924 0cfc 340D0000 		.4byte	0xd34
 2925 0d00 1B       		.uleb128 0x1b
 2926 0d01 8D030000 		.4byte	.LASF242
 2927 0d05 01       		.byte	0x1
 2928 0d06 1703     		.2byte	0x317
 2929 0d08 6B000000 		.4byte	0x6b
 2930 0d0c F5020000 		.4byte	.LLST14
ARM GAS  C:\Users\Lenovo\AppData\Local\Temp\cco0TkLK.s 			page 80


 2931 0d10 1D       		.uleb128 0x1d
 2932 0d11 50000000 		.4byte	.LASF227
 2933 0d15 01       		.byte	0x1
 2934 0d16 1903     		.2byte	0x319
 2935 0d18 78030000 		.4byte	0x378
 2936 0d1c 6D030000 		.4byte	.LLST15
 2937 0d20 24       		.uleb128 0x24
 2938 0d21 54000000 		.4byte	.LVL75
 2939 0d25 0A110000 		.4byte	0x110a
 2940 0d29 25       		.uleb128 0x25
 2941 0d2a 01       		.uleb128 0x1
 2942 0d2b 50       		.byte	0x50
 2943 0d2c 05       		.uleb128 0x5
 2944 0d2d 03       		.byte	0x3
 2945 0d2e 20000000 		.4byte	.LANCHOR0+32
 2946 0d32 00       		.byte	0
 2947 0d33 00       		.byte	0
 2948 0d34 27       		.uleb128 0x27
 2949 0d35 4B080000 		.4byte	.LASF243
 2950 0d39 01       		.byte	0x1
 2951 0d3a 5403     		.2byte	0x354
 2952 0d3c 00000000 		.4byte	.LFB9
 2953 0d40 18000000 		.4byte	.LFE9-.LFB9
 2954 0d44 01       		.uleb128 0x1
 2955 0d45 9C       		.byte	0x9c
 2956 0d46 540D0000 		.4byte	0xd54
 2957 0d4a 20       		.uleb128 0x20
 2958 0d4b 06000000 		.4byte	.LVL83
 2959 0d4f 16110000 		.4byte	0x1116
 2960 0d53 00       		.byte	0
 2961 0d54 27       		.uleb128 0x27
 2962 0d55 FF0B0000 		.4byte	.LASF244
 2963 0d59 01       		.byte	0x1
 2964 0d5a 6A03     		.2byte	0x36a
 2965 0d5c 00000000 		.4byte	.LFB10
 2966 0d60 02000000 		.4byte	.LFE10-.LFB10
 2967 0d64 01       		.uleb128 0x1
 2968 0d65 9C       		.byte	0x9c
 2969 0d66 9E0D0000 		.4byte	0xd9e
 2970 0d6a 29       		.uleb128 0x29
 2971 0d6b 46170000 		.4byte	.LASF125
 2972 0d6f 01       		.byte	0x1
 2973 0d70 6A03     		.2byte	0x36a
 2974 0d72 9E0D0000 		.4byte	0xd9e
 2975 0d76 01       		.uleb128 0x1
 2976 0d77 50       		.byte	0x50
 2977 0d78 29       		.uleb128 0x29
 2978 0d79 82130000 		.4byte	.LASF218
 2979 0d7d 01       		.byte	0x1
 2980 0d7e 6A03     		.2byte	0x36a
 2981 0d80 6B000000 		.4byte	0x6b
 2982 0d84 01       		.uleb128 0x1
 2983 0d85 51       		.byte	0x51
 2984 0d86 2A       		.uleb128 0x2a
 2985 0d87 6900     		.ascii	"i\000"
 2986 0d89 01       		.byte	0x1
 2987 0d8a 6C03     		.2byte	0x36c
ARM GAS  C:\Users\Lenovo\AppData\Local\Temp\cco0TkLK.s 			page 81


 2988 0d8c 6B000000 		.4byte	0x6b
 2989 0d90 2B       		.uleb128 0x2b
 2990 0d91 C5000000 		.4byte	.LASF222
 2991 0d95 01       		.byte	0x1
 2992 0d96 6D03     		.2byte	0x36d
 2993 0d98 9D040000 		.4byte	0x49d
 2994 0d9c 00       		.byte	0
 2995 0d9d 00       		.byte	0
 2996 0d9e 07       		.uleb128 0x7
 2997 0d9f 04       		.byte	0x4
 2998 0da0 A40D0000 		.4byte	0xda4
 2999 0da4 1E       		.uleb128 0x1e
 3000 0da5 B8030000 		.4byte	0x3b8
 3001 0da9 21       		.uleb128 0x21
 3002 0daa 98150000 		.4byte	.LASF245
 3003 0dae 01       		.byte	0x1
 3004 0daf 0E05     		.2byte	0x50e
 3005 0db1 78030000 		.4byte	0x378
 3006 0db5 00000000 		.4byte	.LFB12
 3007 0db9 60000000 		.4byte	.LFE12-.LFB12
 3008 0dbd 01       		.uleb128 0x1
 3009 0dbe 9C       		.byte	0x9c
 3010 0dbf 400E0000 		.4byte	0xe40
 3011 0dc3 1B       		.uleb128 0x1b
 3012 0dc4 40150000 		.4byte	.LASF217
 3013 0dc8 01       		.byte	0x1
 3014 0dc9 0E05     		.2byte	0x50e
 3015 0dcb 5D090000 		.4byte	0x95d
 3016 0dcf 8B030000 		.4byte	.LLST16
 3017 0dd3 1D       		.uleb128 0x1d
 3018 0dd4 50000000 		.4byte	.LASF227
 3019 0dd8 01       		.byte	0x1
 3020 0dd9 1005     		.2byte	0x510
 3021 0ddb 78030000 		.4byte	0x378
 3022 0ddf CD030000 		.4byte	.LLST17
 3023 0de3 1C       		.uleb128 0x1c
 3024 0de4 6900     		.ascii	"i\000"
 3025 0de6 01       		.byte	0x1
 3026 0de7 1105     		.2byte	0x511
 3027 0de9 6B000000 		.4byte	0x6b
 3028 0ded EC030000 		.4byte	.LLST18
 3029 0df1 1C       		.uleb128 0x1c
 3030 0df2 70747200 		.ascii	"ptr\000"
 3031 0df6 01       		.byte	0x1
 3032 0df7 1205     		.2byte	0x512
 3033 0df9 400E0000 		.4byte	0xe40
 3034 0dfd 16040000 		.4byte	.LLST19
 3035 0e01 1D       		.uleb128 0x1d
 3036 0e02 C70F0000 		.4byte	.LASF246
 3037 0e06 01       		.byte	0x1
 3038 0e07 1305     		.2byte	0x513
 3039 0e09 6B000000 		.4byte	0x6b
 3040 0e0d 29040000 		.4byte	.LLST20
 3041 0e11 26       		.uleb128 0x26
 3042 0e12 48000000 		.4byte	.LVL96
 3043 0e16 C8080000 		.4byte	0x8c8
 3044 0e1a 2A0E0000 		.4byte	0xe2a
ARM GAS  C:\Users\Lenovo\AppData\Local\Temp\cco0TkLK.s 			page 82


 3045 0e1e 25       		.uleb128 0x25
 3046 0e1f 01       		.uleb128 0x1
 3047 0e20 50       		.byte	0x50
 3048 0e21 02       		.uleb128 0x2
 3049 0e22 74       		.byte	0x74
 3050 0e23 00       		.sleb128 0
 3051 0e24 25       		.uleb128 0x25
 3052 0e25 01       		.uleb128 0x1
 3053 0e26 51       		.byte	0x51
 3054 0e27 01       		.uleb128 0x1
 3055 0e28 30       		.byte	0x30
 3056 0e29 00       		.byte	0
 3057 0e2a 24       		.uleb128 0x24
 3058 0e2b 50000000 		.4byte	.LVL97
 3059 0e2f C8080000 		.4byte	0x8c8
 3060 0e33 25       		.uleb128 0x25
 3061 0e34 01       		.uleb128 0x1
 3062 0e35 50       		.byte	0x50
 3063 0e36 02       		.uleb128 0x2
 3064 0e37 74       		.byte	0x74
 3065 0e38 00       		.sleb128 0
 3066 0e39 25       		.uleb128 0x25
 3067 0e3a 01       		.uleb128 0x1
 3068 0e3b 51       		.byte	0x51
 3069 0e3c 01       		.uleb128 0x1
 3070 0e3d 31       		.byte	0x31
 3071 0e3e 00       		.byte	0
 3072 0e3f 00       		.byte	0
 3073 0e40 07       		.uleb128 0x7
 3074 0e41 04       		.byte	0x4
 3075 0e42 9D000000 		.4byte	0x9d
 3076 0e46 21       		.uleb128 0x21
 3077 0e47 54070000 		.4byte	.LASF247
 3078 0e4b 01       		.byte	0x1
 3079 0e4c 5605     		.2byte	0x556
 3080 0e4e 78030000 		.4byte	0x378
 3081 0e52 00000000 		.4byte	.LFB13
 3082 0e56 48000000 		.4byte	.LFE13-.LFB13
 3083 0e5a 01       		.uleb128 0x1
 3084 0e5b 9C       		.byte	0x9c
 3085 0e5c AF0E0000 		.4byte	0xeaf
 3086 0e60 1B       		.uleb128 0x1b
 3087 0e61 40150000 		.4byte	.LASF217
 3088 0e65 01       		.byte	0x1
 3089 0e66 5605     		.2byte	0x556
 3090 0e68 400E0000 		.4byte	0xe40
 3091 0e6c 3C040000 		.4byte	.LLST21
 3092 0e70 1D       		.uleb128 0x1d
 3093 0e71 50000000 		.4byte	.LASF227
 3094 0e75 01       		.byte	0x1
 3095 0e76 5805     		.2byte	0x558
 3096 0e78 78030000 		.4byte	0x378
 3097 0e7c 76040000 		.4byte	.LLST22
 3098 0e80 1D       		.uleb128 0x1d
 3099 0e81 C70F0000 		.4byte	.LASF246
 3100 0e85 01       		.byte	0x1
 3101 0e86 5905     		.2byte	0x559
ARM GAS  C:\Users\Lenovo\AppData\Local\Temp\cco0TkLK.s 			page 83


 3102 0e88 6B000000 		.4byte	0x6b
 3103 0e8c 95040000 		.4byte	.LLST23
 3104 0e90 1C       		.uleb128 0x1c
 3105 0e91 6900     		.ascii	"i\000"
 3106 0e93 01       		.byte	0x1
 3107 0e94 5A05     		.2byte	0x55a
 3108 0e96 6B000000 		.4byte	0x6b
 3109 0e9a A8040000 		.4byte	.LLST24
 3110 0e9e 1C       		.uleb128 0x1c
 3111 0e9f 70747200 		.ascii	"ptr\000"
 3112 0ea3 01       		.byte	0x1
 3113 0ea4 5B05     		.2byte	0x55b
 3114 0ea6 400E0000 		.4byte	0xe40
 3115 0eaa D2040000 		.4byte	.LLST25
 3116 0eae 00       		.byte	0
 3117 0eaf 21       		.uleb128 0x21
 3118 0eb0 D9110000 		.4byte	.LASF248
 3119 0eb4 01       		.byte	0x1
 3120 0eb5 8805     		.2byte	0x588
 3121 0eb7 77000000 		.4byte	0x77
 3122 0ebb 00000000 		.4byte	.LFB14
 3123 0ebf 0A000000 		.4byte	.LFE14-.LFB14
 3124 0ec3 01       		.uleb128 0x1
 3125 0ec4 9C       		.byte	0x9c
 3126 0ec5 DA0E0000 		.4byte	0xeda
 3127 0ec9 2C       		.uleb128 0x2c
 3128 0eca 70747200 		.ascii	"ptr\000"
 3129 0ece 01       		.byte	0x1
 3130 0ecf 8805     		.2byte	0x588
 3131 0ed1 DA0E0000 		.4byte	0xeda
 3132 0ed5 E5040000 		.4byte	.LLST26
 3133 0ed9 00       		.byte	0
 3134 0eda 07       		.uleb128 0x7
 3135 0edb 04       		.byte	0x4
 3136 0edc E00E0000 		.4byte	0xee0
 3137 0ee0 1E       		.uleb128 0x1e
 3138 0ee1 6B000000 		.4byte	0x6b
 3139 0ee5 27       		.uleb128 0x27
 3140 0ee6 910F0000 		.4byte	.LASF249
 3141 0eea 01       		.byte	0x1
 3142 0eeb 9B05     		.2byte	0x59b
 3143 0eed 00000000 		.4byte	.LFB15
 3144 0ef1 08000000 		.4byte	.LFE15-.LFB15
 3145 0ef5 01       		.uleb128 0x1
 3146 0ef6 9C       		.byte	0x9c
 3147 0ef7 1A0F0000 		.4byte	0xf1a
 3148 0efb 2D       		.uleb128 0x2d
 3149 0efc 70747200 		.ascii	"ptr\000"
 3150 0f00 01       		.byte	0x1
 3151 0f01 9B05     		.2byte	0x59b
 3152 0f03 9D040000 		.4byte	0x49d
 3153 0f07 01       		.uleb128 0x1
 3154 0f08 50       		.byte	0x50
 3155 0f09 1B       		.uleb128 0x1b
 3156 0f0a FA120000 		.4byte	.LASF250
 3157 0f0e 01       		.byte	0x1
 3158 0f0f 9B05     		.2byte	0x59b
ARM GAS  C:\Users\Lenovo\AppData\Local\Temp\cco0TkLK.s 			page 84


 3159 0f11 77000000 		.4byte	0x77
 3160 0f15 06050000 		.4byte	.LLST27
 3161 0f19 00       		.byte	0
 3162 0f1a 2E       		.uleb128 0x2e
 3163 0f1b 29080000 		.4byte	.LASF251
 3164 0f1f 01       		.byte	0x1
 3165 0f20 84       		.byte	0x84
 3166 0f21 6B000000 		.4byte	0x6b
 3167 0f25 05       		.uleb128 0x5
 3168 0f26 03       		.byte	0x3
 3169 0f27 21000000 		.4byte	cyBle_pendingFlashClearCccdHandle
 3170 0f2b 2F       		.uleb128 0x2f
 3171 0f2c 09130000 		.4byte	.LASF252
 3172 0f30 01       		.byte	0x1
 3173 0f31 89       		.byte	0x89
 3174 0f32 49070000 		.4byte	0x749
 3175 0f36 05       		.uleb128 0x5
 3176 0f37 03       		.byte	0x3
 3177 0f38 00000000 		.4byte	CyBle_ApplCallback
 3178 0f3c 2F       		.uleb128 0x2f
 3179 0f3d 4B150000 		.4byte	.LASF253
 3180 0f41 01       		.byte	0x1
 3181 0f42 2B       		.byte	0x2b
 3182 0f43 6B000000 		.4byte	0x6b
 3183 0f47 05       		.uleb128 0x5
 3184 0f48 03       		.byte	0x3
 3185 0f49 00000000 		.4byte	cyBle_initVar
 3186 0f4d 0F       		.uleb128 0xf
 3187 0f4e 6B000000 		.4byte	0x6b
 3188 0f52 5E0F0000 		.4byte	0xf5e
 3189 0f56 19       		.uleb128 0x19
 3190 0f57 BC000000 		.4byte	0xbc
 3191 0f5b 730E     		.2byte	0xe73
 3192 0f5d 00       		.byte	0
 3193 0f5e 2F       		.uleb128 0x2f
 3194 0f5f F4160000 		.4byte	.LASF254
 3195 0f63 01       		.byte	0x1
 3196 0f64 36       		.byte	0x36
 3197 0f65 4D0F0000 		.4byte	0xf4d
 3198 0f69 05       		.uleb128 0x5
 3199 0f6a 03       		.byte	0x3
 3200 0f6b 00000000 		.4byte	cyBle_stackMemoryRam
 3201 0f6f 30       		.uleb128 0x30
 3202 0f70 58170000 		.4byte	.LASF255
 3203 0f74 07       		.byte	0x7
 3204 0f75 A302     		.2byte	0x2a3
 3205 0f77 B0000000 		.4byte	0xb0
 3206 0f7b 2F       		.uleb128 0x2f
 3207 0f7c 48040000 		.4byte	.LASF256
 3208 0f80 01       		.byte	0x1
 3209 0f81 8A       		.byte	0x8a
 3210 0f82 B8030000 		.4byte	0x3b8
 3211 0f86 05       		.uleb128 0x5
 3212 0f87 03       		.byte	0x3
 3213 0f88 00000000 		.4byte	cyBle_deviceAddress
 3214 0f8c 2F       		.uleb128 0x2f
 3215 0f8d 33090000 		.4byte	.LASF257
ARM GAS  C:\Users\Lenovo\AppData\Local\Temp\cco0TkLK.s 			page 85


 3216 0f91 01       		.byte	0x1
 3217 0f92 8B       		.byte	0x8b
 3218 0f93 E00C0000 		.4byte	0xce0
 3219 0f97 05       		.uleb128 0x5
 3220 0f98 03       		.byte	0x3
 3221 0f99 00000000 		.4byte	cyBle_sflashDeviceAddress
 3222 0f9d 2F       		.uleb128 0x2f
 3223 0f9e 20040000 		.4byte	.LASF258
 3224 0fa2 01       		.byte	0x1
 3225 0fa3 3C       		.byte	0x3c
 3226 0fa4 4B050000 		.4byte	0x54b
 3227 0fa8 05       		.uleb128 0x5
 3228 0fa9 03       		.byte	0x3
 3229 0faa 00000000 		.4byte	cyBle_discoveryParam
 3230 0fae 2F       		.uleb128 0x2f
 3231 0faf A5180000 		.4byte	.LASF259
 3232 0fb3 01       		.byte	0x1
 3233 0fb4 48       		.byte	0x48
 3234 0fb5 8B050000 		.4byte	0x58b
 3235 0fb9 05       		.uleb128 0x5
 3236 0fba 03       		.byte	0x3
 3237 0fbb 00000000 		.4byte	cyBle_discoveryData
 3238 0fbf 2F       		.uleb128 0x2f
 3239 0fc0 53100000 		.4byte	.LASF260
 3240 0fc4 01       		.byte	0x1
 3241 0fc5 51       		.byte	0x51
 3242 0fc6 BB050000 		.4byte	0x5bb
 3243 0fca 05       		.uleb128 0x5
 3244 0fcb 03       		.byte	0x3
 3245 0fcc 00000000 		.4byte	cyBle_scanRspData
 3246 0fd0 2F       		.uleb128 0x2f
 3247 0fd1 C7160000 		.4byte	.LASF261
 3248 0fd5 01       		.byte	0x1
 3249 0fd6 61       		.byte	0x61
 3250 0fd7 24060000 		.4byte	0x624
 3251 0fdb 05       		.uleb128 0x5
 3252 0fdc 03       		.byte	0x3
 3253 0fdd 00000000 		.4byte	cyBle_discoveryModeInfo
 3254 0fe1 2F       		.uleb128 0x2f
 3255 0fe2 A3130000 		.4byte	.LASF262
 3256 0fe6 01       		.byte	0x1
 3257 0fe7 81       		.byte	0x81
 3258 0fe8 6B000000 		.4byte	0x6b
 3259 0fec 05       		.uleb128 0x5
 3260 0fed 03       		.byte	0x3
 3261 0fee 00000000 		.4byte	cyBle_pendingFlashWrite
 3262 0ff2 2F       		.uleb128 0x2f
 3263 0ff3 00000000 		.4byte	.LASF263
 3264 0ff7 01       		.byte	0x1
 3265 0ff8 80       		.byte	0x80
 3266 0ff9 6B000000 		.4byte	0x6b
 3267 0ffd 05       		.uleb128 0x5
 3268 0ffe 03       		.byte	0x3
 3269 0fff 00000000 		.4byte	cyBle_peerBonding
 3270 1003 0F       		.uleb128 0xf
 3271 1004 13100000 		.4byte	0x1013
 3272 1008 13100000 		.4byte	0x1013
ARM GAS  C:\Users\Lenovo\AppData\Local\Temp\cco0TkLK.s 			page 86


 3273 100c 10       		.uleb128 0x10
 3274 100d BC000000 		.4byte	0xbc
 3275 1011 55       		.byte	0x55
 3276 1012 00       		.byte	0
 3277 1013 1E       		.uleb128 0x1e
 3278 1014 3D070000 		.4byte	0x73d
 3279 1018 31       		.uleb128 0x31
 3280 1019 110E0000 		.4byte	.LASF264
 3281 101d 08       		.byte	0x8
 3282 101e E9       		.byte	0xe9
 3283 101f 23100000 		.4byte	0x1023
 3284 1023 1E       		.uleb128 0x1e
 3285 1024 03100000 		.4byte	0x1003
 3286 1028 31       		.uleb128 0x31
 3287 1029 E5170000 		.4byte	.LASF265
 3288 102d 08       		.byte	0x8
 3289 102e ED       		.byte	0xed
 3290 102f 060C0000 		.4byte	0xc06
 3291 1033 31       		.uleb128 0x31
 3292 1034 B20C0000 		.4byte	.LASF266
 3293 1038 08       		.byte	0x8
 3294 1039 F5       		.byte	0xf5
 3295 103a 3E100000 		.4byte	0x103e
 3296 103e 1E       		.uleb128 0x1e
 3297 103f B9070000 		.4byte	0x7b9
 3298 1043 30       		.uleb128 0x30
 3299 1044 29140000 		.4byte	.LASF267
 3300 1048 0A       		.byte	0xa
 3301 1049 B30A     		.2byte	0xab3
 3302 104b 58080000 		.4byte	0x858
 3303 104f 30       		.uleb128 0x30
 3304 1050 7D150000 		.4byte	.LASF268
 3305 1054 0A       		.byte	0xa
 3306 1055 B40A     		.2byte	0xab4
 3307 1057 60060000 		.4byte	0x660
 3308 105b 30       		.uleb128 0x30
 3309 105c EE0B0000 		.4byte	.LASF269
 3310 1060 0A       		.byte	0xa
 3311 1061 B50A     		.2byte	0xab5
 3312 1063 B0000000 		.4byte	0xb0
 3313 1067 30       		.uleb128 0x30
 3314 1068 4D170000 		.4byte	.LASF270
 3315 106c 0A       		.byte	0xa
 3316 106d B60A     		.2byte	0xab6
 3317 106f 73100000 		.4byte	0x1073
 3318 1073 1E       		.uleb128 0x1e
 3319 1074 BC080000 		.4byte	0x8bc
 3320 1078 30       		.uleb128 0x30
 3321 1079 660D0000 		.4byte	.LASF271
 3322 107d 0A       		.byte	0xa
 3323 107e B90A     		.2byte	0xab9
 3324 1080 6B000000 		.4byte	0x6b
 3325 1084 32       		.uleb128 0x32
 3326 1085 C1140000 		.4byte	.LASF272
 3327 1089 C1140000 		.4byte	.LASF272
 3328 108d 09       		.byte	0x9
 3329 108e EC       		.byte	0xec
ARM GAS  C:\Users\Lenovo\AppData\Local\Temp\cco0TkLK.s 			page 87


 3330 108f 33       		.uleb128 0x33
 3331 1090 7A0A0000 		.4byte	.LASF273
 3332 1094 7A0A0000 		.4byte	.LASF273
 3333 1098 03       		.byte	0x3
 3334 1099 1106     		.2byte	0x611
 3335 109b 34       		.uleb128 0x34
 3336 109c A0170000 		.4byte	.LASF277
 3337 10a0 A0170000 		.4byte	.LASF277
 3338 10a4 33       		.uleb128 0x33
 3339 10a5 C0060000 		.4byte	.LASF274
 3340 10a9 C0060000 		.4byte	.LASF274
 3341 10ad 03       		.byte	0x3
 3342 10ae D906     		.2byte	0x6d9
 3343 10b0 33       		.uleb128 0x33
 3344 10b1 FA150000 		.4byte	.LASF275
 3345 10b5 FA150000 		.4byte	.LASF275
 3346 10b9 06       		.byte	0x6
 3347 10ba 5A01     		.2byte	0x15a
 3348 10bc 33       		.uleb128 0x33
 3349 10bd 67080000 		.4byte	.LASF276
 3350 10c1 67080000 		.4byte	.LASF276
 3351 10c5 03       		.byte	0x3
 3352 10c6 F406     		.2byte	0x6f4
 3353 10c8 34       		.uleb128 0x34
 3354 10c9 55130000 		.4byte	.LASF278
 3355 10cd 55130000 		.4byte	.LASF278
 3356 10d1 32       		.uleb128 0x32
 3357 10d2 35040000 		.4byte	.LASF279
 3358 10d6 35040000 		.4byte	.LASF279
 3359 10da 0B       		.byte	0xb
 3360 10db 82       		.byte	0x82
 3361 10dc 32       		.uleb128 0x32
 3362 10dd C9030000 		.4byte	.LASF280
 3363 10e1 C9030000 		.4byte	.LASF280
 3364 10e5 0B       		.byte	0xb
 3365 10e6 64       		.byte	0x64
 3366 10e7 32       		.uleb128 0x32
 3367 10e8 45140000 		.4byte	.LASF281
 3368 10ec 45140000 		.4byte	.LASF281
 3369 10f0 0C       		.byte	0xc
 3370 10f1 16       		.byte	0x16
 3371 10f2 33       		.uleb128 0x33
 3372 10f3 23010000 		.4byte	.LASF282
 3373 10f7 23010000 		.4byte	.LASF282
 3374 10fb 04       		.byte	0x4
 3375 10fc 9005     		.2byte	0x590
 3376 10fe 33       		.uleb128 0x33
 3377 10ff FA130000 		.4byte	.LASF283
 3378 1103 FA130000 		.4byte	.LASF283
 3379 1107 04       		.byte	0x4
 3380 1108 C108     		.2byte	0x8c1
 3381 110a 33       		.uleb128 0x33
 3382 110b A80B0000 		.4byte	.LASF284
 3383 110f A80B0000 		.4byte	.LASF284
 3384 1113 04       		.byte	0x4
 3385 1114 EA05     		.2byte	0x5ea
 3386 1116 33       		.uleb128 0x33
ARM GAS  C:\Users\Lenovo\AppData\Local\Temp\cco0TkLK.s 			page 88


 3387 1117 38070000 		.4byte	.LASF285
 3388 111b 38070000 		.4byte	.LASF285
 3389 111f 04       		.byte	0x4
 3390 1120 FB05     		.2byte	0x5fb
 3391 1122 00       		.byte	0
 3392              		.section	.debug_abbrev,"",%progbits
 3393              	.Ldebug_abbrev0:
 3394 0000 01       		.uleb128 0x1
 3395 0001 11       		.uleb128 0x11
 3396 0002 01       		.byte	0x1
 3397 0003 25       		.uleb128 0x25
 3398 0004 0E       		.uleb128 0xe
 3399 0005 13       		.uleb128 0x13
 3400 0006 0B       		.uleb128 0xb
 3401 0007 03       		.uleb128 0x3
 3402 0008 0E       		.uleb128 0xe
 3403 0009 1B       		.uleb128 0x1b
 3404 000a 0E       		.uleb128 0xe
 3405 000b 55       		.uleb128 0x55
 3406 000c 17       		.uleb128 0x17
 3407 000d 11       		.uleb128 0x11
 3408 000e 01       		.uleb128 0x1
 3409 000f 10       		.uleb128 0x10
 3410 0010 17       		.uleb128 0x17
 3411 0011 00       		.byte	0
 3412 0012 00       		.byte	0
 3413 0013 02       		.uleb128 0x2
 3414 0014 24       		.uleb128 0x24
 3415 0015 00       		.byte	0
 3416 0016 0B       		.uleb128 0xb
 3417 0017 0B       		.uleb128 0xb
 3418 0018 3E       		.uleb128 0x3e
 3419 0019 0B       		.uleb128 0xb
 3420 001a 03       		.uleb128 0x3
 3421 001b 0E       		.uleb128 0xe
 3422 001c 00       		.byte	0
 3423 001d 00       		.byte	0
 3424 001e 03       		.uleb128 0x3
 3425 001f 24       		.uleb128 0x24
 3426 0020 00       		.byte	0
 3427 0021 0B       		.uleb128 0xb
 3428 0022 0B       		.uleb128 0xb
 3429 0023 3E       		.uleb128 0x3e
 3430 0024 0B       		.uleb128 0xb
 3431 0025 03       		.uleb128 0x3
 3432 0026 08       		.uleb128 0x8
 3433 0027 00       		.byte	0
 3434 0028 00       		.byte	0
 3435 0029 04       		.uleb128 0x4
 3436 002a 16       		.uleb128 0x16
 3437 002b 00       		.byte	0
 3438 002c 03       		.uleb128 0x3
 3439 002d 0E       		.uleb128 0xe
 3440 002e 3A       		.uleb128 0x3a
 3441 002f 0B       		.uleb128 0xb
 3442 0030 3B       		.uleb128 0x3b
 3443 0031 05       		.uleb128 0x5
ARM GAS  C:\Users\Lenovo\AppData\Local\Temp\cco0TkLK.s 			page 89


 3444 0032 49       		.uleb128 0x49
 3445 0033 13       		.uleb128 0x13
 3446 0034 00       		.byte	0
 3447 0035 00       		.byte	0
 3448 0036 05       		.uleb128 0x5
 3449 0037 35       		.uleb128 0x35
 3450 0038 00       		.byte	0
 3451 0039 49       		.uleb128 0x49
 3452 003a 13       		.uleb128 0x13
 3453 003b 00       		.byte	0
 3454 003c 00       		.byte	0
 3455 003d 06       		.uleb128 0x6
 3456 003e 0F       		.uleb128 0xf
 3457 003f 00       		.byte	0
 3458 0040 0B       		.uleb128 0xb
 3459 0041 0B       		.uleb128 0xb
 3460 0042 00       		.byte	0
 3461 0043 00       		.byte	0
 3462 0044 07       		.uleb128 0x7
 3463 0045 0F       		.uleb128 0xf
 3464 0046 00       		.byte	0
 3465 0047 0B       		.uleb128 0xb
 3466 0048 0B       		.uleb128 0xb
 3467 0049 49       		.uleb128 0x49
 3468 004a 13       		.uleb128 0x13
 3469 004b 00       		.byte	0
 3470 004c 00       		.byte	0
 3471 004d 08       		.uleb128 0x8
 3472 004e 15       		.uleb128 0x15
 3473 004f 01       		.byte	0x1
 3474 0050 27       		.uleb128 0x27
 3475 0051 19       		.uleb128 0x19
 3476 0052 01       		.uleb128 0x1
 3477 0053 13       		.uleb128 0x13
 3478 0054 00       		.byte	0
 3479 0055 00       		.byte	0
 3480 0056 09       		.uleb128 0x9
 3481 0057 05       		.uleb128 0x5
 3482 0058 00       		.byte	0
 3483 0059 49       		.uleb128 0x49
 3484 005a 13       		.uleb128 0x13
 3485 005b 00       		.byte	0
 3486 005c 00       		.byte	0
 3487 005d 0A       		.uleb128 0xa
 3488 005e 04       		.uleb128 0x4
 3489 005f 01       		.byte	0x1
 3490 0060 0B       		.uleb128 0xb
 3491 0061 0B       		.uleb128 0xb
 3492 0062 49       		.uleb128 0x49
 3493 0063 13       		.uleb128 0x13
 3494 0064 3A       		.uleb128 0x3a
 3495 0065 0B       		.uleb128 0xb
 3496 0066 3B       		.uleb128 0x3b
 3497 0067 05       		.uleb128 0x5
 3498 0068 01       		.uleb128 0x1
 3499 0069 13       		.uleb128 0x13
 3500 006a 00       		.byte	0
ARM GAS  C:\Users\Lenovo\AppData\Local\Temp\cco0TkLK.s 			page 90


 3501 006b 00       		.byte	0
 3502 006c 0B       		.uleb128 0xb
 3503 006d 28       		.uleb128 0x28
 3504 006e 00       		.byte	0
 3505 006f 03       		.uleb128 0x3
 3506 0070 0E       		.uleb128 0xe
 3507 0071 1C       		.uleb128 0x1c
 3508 0072 0B       		.uleb128 0xb
 3509 0073 00       		.byte	0
 3510 0074 00       		.byte	0
 3511 0075 0C       		.uleb128 0xc
 3512 0076 28       		.uleb128 0x28
 3513 0077 00       		.byte	0
 3514 0078 03       		.uleb128 0x3
 3515 0079 0E       		.uleb128 0xe
 3516 007a 1C       		.uleb128 0x1c
 3517 007b 05       		.uleb128 0x5
 3518 007c 00       		.byte	0
 3519 007d 00       		.byte	0
 3520 007e 0D       		.uleb128 0xd
 3521 007f 13       		.uleb128 0x13
 3522 0080 01       		.byte	0x1
 3523 0081 0B       		.uleb128 0xb
 3524 0082 0B       		.uleb128 0xb
 3525 0083 3A       		.uleb128 0x3a
 3526 0084 0B       		.uleb128 0xb
 3527 0085 3B       		.uleb128 0x3b
 3528 0086 05       		.uleb128 0x5
 3529 0087 01       		.uleb128 0x1
 3530 0088 13       		.uleb128 0x13
 3531 0089 00       		.byte	0
 3532 008a 00       		.byte	0
 3533 008b 0E       		.uleb128 0xe
 3534 008c 0D       		.uleb128 0xd
 3535 008d 00       		.byte	0
 3536 008e 03       		.uleb128 0x3
 3537 008f 0E       		.uleb128 0xe
 3538 0090 3A       		.uleb128 0x3a
 3539 0091 0B       		.uleb128 0xb
 3540 0092 3B       		.uleb128 0x3b
 3541 0093 05       		.uleb128 0x5
 3542 0094 49       		.uleb128 0x49
 3543 0095 13       		.uleb128 0x13
 3544 0096 38       		.uleb128 0x38
 3545 0097 0B       		.uleb128 0xb
 3546 0098 00       		.byte	0
 3547 0099 00       		.byte	0
 3548 009a 0F       		.uleb128 0xf
 3549 009b 01       		.uleb128 0x1
 3550 009c 01       		.byte	0x1
 3551 009d 49       		.uleb128 0x49
 3552 009e 13       		.uleb128 0x13
 3553 009f 01       		.uleb128 0x1
 3554 00a0 13       		.uleb128 0x13
 3555 00a1 00       		.byte	0
 3556 00a2 00       		.byte	0
 3557 00a3 10       		.uleb128 0x10
ARM GAS  C:\Users\Lenovo\AppData\Local\Temp\cco0TkLK.s 			page 91


 3558 00a4 21       		.uleb128 0x21
 3559 00a5 00       		.byte	0
 3560 00a6 49       		.uleb128 0x49
 3561 00a7 13       		.uleb128 0x13
 3562 00a8 2F       		.uleb128 0x2f
 3563 00a9 0B       		.uleb128 0xb
 3564 00aa 00       		.byte	0
 3565 00ab 00       		.byte	0
 3566 00ac 11       		.uleb128 0x11
 3567 00ad 04       		.uleb128 0x4
 3568 00ae 01       		.byte	0x1
 3569 00af 0B       		.uleb128 0xb
 3570 00b0 0B       		.uleb128 0xb
 3571 00b1 49       		.uleb128 0x49
 3572 00b2 13       		.uleb128 0x13
 3573 00b3 3A       		.uleb128 0x3a
 3574 00b4 0B       		.uleb128 0xb
 3575 00b5 3B       		.uleb128 0x3b
 3576 00b6 0B       		.uleb128 0xb
 3577 00b7 01       		.uleb128 0x1
 3578 00b8 13       		.uleb128 0x13
 3579 00b9 00       		.byte	0
 3580 00ba 00       		.byte	0
 3581 00bb 12       		.uleb128 0x12
 3582 00bc 16       		.uleb128 0x16
 3583 00bd 00       		.byte	0
 3584 00be 03       		.uleb128 0x3
 3585 00bf 0E       		.uleb128 0xe
 3586 00c0 3A       		.uleb128 0x3a
 3587 00c1 0B       		.uleb128 0xb
 3588 00c2 3B       		.uleb128 0x3b
 3589 00c3 0B       		.uleb128 0xb
 3590 00c4 49       		.uleb128 0x49
 3591 00c5 13       		.uleb128 0x13
 3592 00c6 00       		.byte	0
 3593 00c7 00       		.byte	0
 3594 00c8 13       		.uleb128 0x13
 3595 00c9 13       		.uleb128 0x13
 3596 00ca 01       		.byte	0x1
 3597 00cb 0B       		.uleb128 0xb
 3598 00cc 0B       		.uleb128 0xb
 3599 00cd 3A       		.uleb128 0x3a
 3600 00ce 0B       		.uleb128 0xb
 3601 00cf 3B       		.uleb128 0x3b
 3602 00d0 0B       		.uleb128 0xb
 3603 00d1 01       		.uleb128 0x1
 3604 00d2 13       		.uleb128 0x13
 3605 00d3 00       		.byte	0
 3606 00d4 00       		.byte	0
 3607 00d5 14       		.uleb128 0x14
 3608 00d6 0D       		.uleb128 0xd
 3609 00d7 00       		.byte	0
 3610 00d8 03       		.uleb128 0x3
 3611 00d9 0E       		.uleb128 0xe
 3612 00da 3A       		.uleb128 0x3a
 3613 00db 0B       		.uleb128 0xb
 3614 00dc 3B       		.uleb128 0x3b
ARM GAS  C:\Users\Lenovo\AppData\Local\Temp\cco0TkLK.s 			page 92


 3615 00dd 0B       		.uleb128 0xb
 3616 00de 49       		.uleb128 0x49
 3617 00df 13       		.uleb128 0x13
 3618 00e0 38       		.uleb128 0x38
 3619 00e1 0B       		.uleb128 0xb
 3620 00e2 00       		.byte	0
 3621 00e3 00       		.byte	0
 3622 00e4 15       		.uleb128 0x15
 3623 00e5 17       		.uleb128 0x17
 3624 00e6 01       		.byte	0x1
 3625 00e7 0B       		.uleb128 0xb
 3626 00e8 0B       		.uleb128 0xb
 3627 00e9 3A       		.uleb128 0x3a
 3628 00ea 0B       		.uleb128 0xb
 3629 00eb 3B       		.uleb128 0x3b
 3630 00ec 0B       		.uleb128 0xb
 3631 00ed 01       		.uleb128 0x1
 3632 00ee 13       		.uleb128 0x13
 3633 00ef 00       		.byte	0
 3634 00f0 00       		.byte	0
 3635 00f1 16       		.uleb128 0x16
 3636 00f2 0D       		.uleb128 0xd
 3637 00f3 00       		.byte	0
 3638 00f4 03       		.uleb128 0x3
 3639 00f5 0E       		.uleb128 0xe
 3640 00f6 3A       		.uleb128 0x3a
 3641 00f7 0B       		.uleb128 0xb
 3642 00f8 3B       		.uleb128 0x3b
 3643 00f9 0B       		.uleb128 0xb
 3644 00fa 49       		.uleb128 0x49
 3645 00fb 13       		.uleb128 0x13
 3646 00fc 00       		.byte	0
 3647 00fd 00       		.byte	0
 3648 00fe 17       		.uleb128 0x17
 3649 00ff 13       		.uleb128 0x13
 3650 0100 01       		.byte	0x1
 3651 0101 0B       		.uleb128 0xb
 3652 0102 05       		.uleb128 0x5
 3653 0103 3A       		.uleb128 0x3a
 3654 0104 0B       		.uleb128 0xb
 3655 0105 3B       		.uleb128 0x3b
 3656 0106 0B       		.uleb128 0xb
 3657 0107 01       		.uleb128 0x1
 3658 0108 13       		.uleb128 0x13
 3659 0109 00       		.byte	0
 3660 010a 00       		.byte	0
 3661 010b 18       		.uleb128 0x18
 3662 010c 0D       		.uleb128 0xd
 3663 010d 00       		.byte	0
 3664 010e 03       		.uleb128 0x3
 3665 010f 0E       		.uleb128 0xe
 3666 0110 3A       		.uleb128 0x3a
 3667 0111 0B       		.uleb128 0xb
 3668 0112 3B       		.uleb128 0x3b
 3669 0113 0B       		.uleb128 0xb
 3670 0114 49       		.uleb128 0x49
 3671 0115 13       		.uleb128 0x13
ARM GAS  C:\Users\Lenovo\AppData\Local\Temp\cco0TkLK.s 			page 93


 3672 0116 38       		.uleb128 0x38
 3673 0117 05       		.uleb128 0x5
 3674 0118 00       		.byte	0
 3675 0119 00       		.byte	0
 3676 011a 19       		.uleb128 0x19
 3677 011b 21       		.uleb128 0x21
 3678 011c 00       		.byte	0
 3679 011d 49       		.uleb128 0x49
 3680 011e 13       		.uleb128 0x13
 3681 011f 2F       		.uleb128 0x2f
 3682 0120 05       		.uleb128 0x5
 3683 0121 00       		.byte	0
 3684 0122 00       		.byte	0
 3685 0123 1A       		.uleb128 0x1a
 3686 0124 2E       		.uleb128 0x2e
 3687 0125 01       		.byte	0x1
 3688 0126 03       		.uleb128 0x3
 3689 0127 0E       		.uleb128 0xe
 3690 0128 3A       		.uleb128 0x3a
 3691 0129 0B       		.uleb128 0xb
 3692 012a 3B       		.uleb128 0x3b
 3693 012b 05       		.uleb128 0x5
 3694 012c 27       		.uleb128 0x27
 3695 012d 19       		.uleb128 0x19
 3696 012e 11       		.uleb128 0x11
 3697 012f 01       		.uleb128 0x1
 3698 0130 12       		.uleb128 0x12
 3699 0131 06       		.uleb128 0x6
 3700 0132 40       		.uleb128 0x40
 3701 0133 18       		.uleb128 0x18
 3702 0134 9742     		.uleb128 0x2117
 3703 0136 19       		.uleb128 0x19
 3704 0137 01       		.uleb128 0x1
 3705 0138 13       		.uleb128 0x13
 3706 0139 00       		.byte	0
 3707 013a 00       		.byte	0
 3708 013b 1B       		.uleb128 0x1b
 3709 013c 05       		.uleb128 0x5
 3710 013d 00       		.byte	0
 3711 013e 03       		.uleb128 0x3
 3712 013f 0E       		.uleb128 0xe
 3713 0140 3A       		.uleb128 0x3a
 3714 0141 0B       		.uleb128 0xb
 3715 0142 3B       		.uleb128 0x3b
 3716 0143 05       		.uleb128 0x5
 3717 0144 49       		.uleb128 0x49
 3718 0145 13       		.uleb128 0x13
 3719 0146 02       		.uleb128 0x2
 3720 0147 17       		.uleb128 0x17
 3721 0148 00       		.byte	0
 3722 0149 00       		.byte	0
 3723 014a 1C       		.uleb128 0x1c
 3724 014b 34       		.uleb128 0x34
 3725 014c 00       		.byte	0
 3726 014d 03       		.uleb128 0x3
 3727 014e 08       		.uleb128 0x8
 3728 014f 3A       		.uleb128 0x3a
ARM GAS  C:\Users\Lenovo\AppData\Local\Temp\cco0TkLK.s 			page 94


 3729 0150 0B       		.uleb128 0xb
 3730 0151 3B       		.uleb128 0x3b
 3731 0152 05       		.uleb128 0x5
 3732 0153 49       		.uleb128 0x49
 3733 0154 13       		.uleb128 0x13
 3734 0155 02       		.uleb128 0x2
 3735 0156 17       		.uleb128 0x17
 3736 0157 00       		.byte	0
 3737 0158 00       		.byte	0
 3738 0159 1D       		.uleb128 0x1d
 3739 015a 34       		.uleb128 0x34
 3740 015b 00       		.byte	0
 3741 015c 03       		.uleb128 0x3
 3742 015d 0E       		.uleb128 0xe
 3743 015e 3A       		.uleb128 0x3a
 3744 015f 0B       		.uleb128 0xb
 3745 0160 3B       		.uleb128 0x3b
 3746 0161 05       		.uleb128 0x5
 3747 0162 49       		.uleb128 0x49
 3748 0163 13       		.uleb128 0x13
 3749 0164 02       		.uleb128 0x2
 3750 0165 17       		.uleb128 0x17
 3751 0166 00       		.byte	0
 3752 0167 00       		.byte	0
 3753 0168 1E       		.uleb128 0x1e
 3754 0169 26       		.uleb128 0x26
 3755 016a 00       		.byte	0
 3756 016b 49       		.uleb128 0x49
 3757 016c 13       		.uleb128 0x13
 3758 016d 00       		.byte	0
 3759 016e 00       		.byte	0
 3760 016f 1F       		.uleb128 0x1f
 3761 0170 2E       		.uleb128 0x2e
 3762 0171 01       		.byte	0x1
 3763 0172 3F       		.uleb128 0x3f
 3764 0173 19       		.uleb128 0x19
 3765 0174 03       		.uleb128 0x3
 3766 0175 0E       		.uleb128 0xe
 3767 0176 3A       		.uleb128 0x3a
 3768 0177 0B       		.uleb128 0xb
 3769 0178 3B       		.uleb128 0x3b
 3770 0179 0B       		.uleb128 0xb
 3771 017a 27       		.uleb128 0x27
 3772 017b 19       		.uleb128 0x19
 3773 017c 11       		.uleb128 0x11
 3774 017d 01       		.uleb128 0x1
 3775 017e 12       		.uleb128 0x12
 3776 017f 06       		.uleb128 0x6
 3777 0180 40       		.uleb128 0x40
 3778 0181 18       		.uleb128 0x18
 3779 0182 9742     		.uleb128 0x2117
 3780 0184 19       		.uleb128 0x19
 3781 0185 01       		.uleb128 0x1
 3782 0186 13       		.uleb128 0x13
 3783 0187 00       		.byte	0
 3784 0188 00       		.byte	0
 3785 0189 20       		.uleb128 0x20
ARM GAS  C:\Users\Lenovo\AppData\Local\Temp\cco0TkLK.s 			page 95


 3786 018a 898201   		.uleb128 0x4109
 3787 018d 00       		.byte	0
 3788 018e 11       		.uleb128 0x11
 3789 018f 01       		.uleb128 0x1
 3790 0190 31       		.uleb128 0x31
 3791 0191 13       		.uleb128 0x13
 3792 0192 00       		.byte	0
 3793 0193 00       		.byte	0
 3794 0194 21       		.uleb128 0x21
 3795 0195 2E       		.uleb128 0x2e
 3796 0196 01       		.byte	0x1
 3797 0197 3F       		.uleb128 0x3f
 3798 0198 19       		.uleb128 0x19
 3799 0199 03       		.uleb128 0x3
 3800 019a 0E       		.uleb128 0xe
 3801 019b 3A       		.uleb128 0x3a
 3802 019c 0B       		.uleb128 0xb
 3803 019d 3B       		.uleb128 0x3b
 3804 019e 05       		.uleb128 0x5
 3805 019f 27       		.uleb128 0x27
 3806 01a0 19       		.uleb128 0x19
 3807 01a1 49       		.uleb128 0x49
 3808 01a2 13       		.uleb128 0x13
 3809 01a3 11       		.uleb128 0x11
 3810 01a4 01       		.uleb128 0x1
 3811 01a5 12       		.uleb128 0x12
 3812 01a6 06       		.uleb128 0x6
 3813 01a7 40       		.uleb128 0x40
 3814 01a8 18       		.uleb128 0x18
 3815 01a9 9742     		.uleb128 0x2117
 3816 01ab 19       		.uleb128 0x19
 3817 01ac 01       		.uleb128 0x1
 3818 01ad 13       		.uleb128 0x13
 3819 01ae 00       		.byte	0
 3820 01af 00       		.byte	0
 3821 01b0 22       		.uleb128 0x22
 3822 01b1 34       		.uleb128 0x34
 3823 01b2 00       		.byte	0
 3824 01b3 03       		.uleb128 0x3
 3825 01b4 0E       		.uleb128 0xe
 3826 01b5 3A       		.uleb128 0x3a
 3827 01b6 0B       		.uleb128 0xb
 3828 01b7 3B       		.uleb128 0x3b
 3829 01b8 05       		.uleb128 0x5
 3830 01b9 49       		.uleb128 0x49
 3831 01ba 13       		.uleb128 0x13
 3832 01bb 02       		.uleb128 0x2
 3833 01bc 18       		.uleb128 0x18
 3834 01bd 00       		.byte	0
 3835 01be 00       		.byte	0
 3836 01bf 23       		.uleb128 0x23
 3837 01c0 0B       		.uleb128 0xb
 3838 01c1 01       		.byte	0x1
 3839 01c2 11       		.uleb128 0x11
 3840 01c3 01       		.uleb128 0x1
 3841 01c4 12       		.uleb128 0x12
 3842 01c5 06       		.uleb128 0x6
ARM GAS  C:\Users\Lenovo\AppData\Local\Temp\cco0TkLK.s 			page 96


 3843 01c6 01       		.uleb128 0x1
 3844 01c7 13       		.uleb128 0x13
 3845 01c8 00       		.byte	0
 3846 01c9 00       		.byte	0
 3847 01ca 24       		.uleb128 0x24
 3848 01cb 898201   		.uleb128 0x4109
 3849 01ce 01       		.byte	0x1
 3850 01cf 11       		.uleb128 0x11
 3851 01d0 01       		.uleb128 0x1
 3852 01d1 31       		.uleb128 0x31
 3853 01d2 13       		.uleb128 0x13
 3854 01d3 00       		.byte	0
 3855 01d4 00       		.byte	0
 3856 01d5 25       		.uleb128 0x25
 3857 01d6 8A8201   		.uleb128 0x410a
 3858 01d9 00       		.byte	0
 3859 01da 02       		.uleb128 0x2
 3860 01db 18       		.uleb128 0x18
 3861 01dc 9142     		.uleb128 0x2111
 3862 01de 18       		.uleb128 0x18
 3863 01df 00       		.byte	0
 3864 01e0 00       		.byte	0
 3865 01e1 26       		.uleb128 0x26
 3866 01e2 898201   		.uleb128 0x4109
 3867 01e5 01       		.byte	0x1
 3868 01e6 11       		.uleb128 0x11
 3869 01e7 01       		.uleb128 0x1
 3870 01e8 31       		.uleb128 0x31
 3871 01e9 13       		.uleb128 0x13
 3872 01ea 01       		.uleb128 0x1
 3873 01eb 13       		.uleb128 0x13
 3874 01ec 00       		.byte	0
 3875 01ed 00       		.byte	0
 3876 01ee 27       		.uleb128 0x27
 3877 01ef 2E       		.uleb128 0x2e
 3878 01f0 01       		.byte	0x1
 3879 01f1 3F       		.uleb128 0x3f
 3880 01f2 19       		.uleb128 0x19
 3881 01f3 03       		.uleb128 0x3
 3882 01f4 0E       		.uleb128 0xe
 3883 01f5 3A       		.uleb128 0x3a
 3884 01f6 0B       		.uleb128 0xb
 3885 01f7 3B       		.uleb128 0x3b
 3886 01f8 05       		.uleb128 0x5
 3887 01f9 27       		.uleb128 0x27
 3888 01fa 19       		.uleb128 0x19
 3889 01fb 11       		.uleb128 0x11
 3890 01fc 01       		.uleb128 0x1
 3891 01fd 12       		.uleb128 0x12
 3892 01fe 06       		.uleb128 0x6
 3893 01ff 40       		.uleb128 0x40
 3894 0200 18       		.uleb128 0x18
 3895 0201 9742     		.uleb128 0x2117
 3896 0203 19       		.uleb128 0x19
 3897 0204 01       		.uleb128 0x1
 3898 0205 13       		.uleb128 0x13
 3899 0206 00       		.byte	0
ARM GAS  C:\Users\Lenovo\AppData\Local\Temp\cco0TkLK.s 			page 97


 3900 0207 00       		.byte	0
 3901 0208 28       		.uleb128 0x28
 3902 0209 0B       		.uleb128 0xb
 3903 020a 01       		.byte	0x1
 3904 020b 11       		.uleb128 0x11
 3905 020c 01       		.uleb128 0x1
 3906 020d 12       		.uleb128 0x12
 3907 020e 06       		.uleb128 0x6
 3908 020f 00       		.byte	0
 3909 0210 00       		.byte	0
 3910 0211 29       		.uleb128 0x29
 3911 0212 05       		.uleb128 0x5
 3912 0213 00       		.byte	0
 3913 0214 03       		.uleb128 0x3
 3914 0215 0E       		.uleb128 0xe
 3915 0216 3A       		.uleb128 0x3a
 3916 0217 0B       		.uleb128 0xb
 3917 0218 3B       		.uleb128 0x3b
 3918 0219 05       		.uleb128 0x5
 3919 021a 49       		.uleb128 0x49
 3920 021b 13       		.uleb128 0x13
 3921 021c 02       		.uleb128 0x2
 3922 021d 18       		.uleb128 0x18
 3923 021e 00       		.byte	0
 3924 021f 00       		.byte	0
 3925 0220 2A       		.uleb128 0x2a
 3926 0221 34       		.uleb128 0x34
 3927 0222 00       		.byte	0
 3928 0223 03       		.uleb128 0x3
 3929 0224 08       		.uleb128 0x8
 3930 0225 3A       		.uleb128 0x3a
 3931 0226 0B       		.uleb128 0xb
 3932 0227 3B       		.uleb128 0x3b
 3933 0228 05       		.uleb128 0x5
 3934 0229 49       		.uleb128 0x49
 3935 022a 13       		.uleb128 0x13
 3936 022b 00       		.byte	0
 3937 022c 00       		.byte	0
 3938 022d 2B       		.uleb128 0x2b
 3939 022e 34       		.uleb128 0x34
 3940 022f 00       		.byte	0
 3941 0230 03       		.uleb128 0x3
 3942 0231 0E       		.uleb128 0xe
 3943 0232 3A       		.uleb128 0x3a
 3944 0233 0B       		.uleb128 0xb
 3945 0234 3B       		.uleb128 0x3b
 3946 0235 05       		.uleb128 0x5
 3947 0236 49       		.uleb128 0x49
 3948 0237 13       		.uleb128 0x13
 3949 0238 1C       		.uleb128 0x1c
 3950 0239 0B       		.uleb128 0xb
 3951 023a 00       		.byte	0
 3952 023b 00       		.byte	0
 3953 023c 2C       		.uleb128 0x2c
 3954 023d 05       		.uleb128 0x5
 3955 023e 00       		.byte	0
 3956 023f 03       		.uleb128 0x3
ARM GAS  C:\Users\Lenovo\AppData\Local\Temp\cco0TkLK.s 			page 98


 3957 0240 08       		.uleb128 0x8
 3958 0241 3A       		.uleb128 0x3a
 3959 0242 0B       		.uleb128 0xb
 3960 0243 3B       		.uleb128 0x3b
 3961 0244 05       		.uleb128 0x5
 3962 0245 49       		.uleb128 0x49
 3963 0246 13       		.uleb128 0x13
 3964 0247 02       		.uleb128 0x2
 3965 0248 17       		.uleb128 0x17
 3966 0249 00       		.byte	0
 3967 024a 00       		.byte	0
 3968 024b 2D       		.uleb128 0x2d
 3969 024c 05       		.uleb128 0x5
 3970 024d 00       		.byte	0
 3971 024e 03       		.uleb128 0x3
 3972 024f 08       		.uleb128 0x8
 3973 0250 3A       		.uleb128 0x3a
 3974 0251 0B       		.uleb128 0xb
 3975 0252 3B       		.uleb128 0x3b
 3976 0253 05       		.uleb128 0x5
 3977 0254 49       		.uleb128 0x49
 3978 0255 13       		.uleb128 0x13
 3979 0256 02       		.uleb128 0x2
 3980 0257 18       		.uleb128 0x18
 3981 0258 00       		.byte	0
 3982 0259 00       		.byte	0
 3983 025a 2E       		.uleb128 0x2e
 3984 025b 34       		.uleb128 0x34
 3985 025c 00       		.byte	0
 3986 025d 03       		.uleb128 0x3
 3987 025e 0E       		.uleb128 0xe
 3988 025f 3A       		.uleb128 0x3a
 3989 0260 0B       		.uleb128 0xb
 3990 0261 3B       		.uleb128 0x3b
 3991 0262 0B       		.uleb128 0xb
 3992 0263 49       		.uleb128 0x49
 3993 0264 13       		.uleb128 0x13
 3994 0265 02       		.uleb128 0x2
 3995 0266 18       		.uleb128 0x18
 3996 0267 00       		.byte	0
 3997 0268 00       		.byte	0
 3998 0269 2F       		.uleb128 0x2f
 3999 026a 34       		.uleb128 0x34
 4000 026b 00       		.byte	0
 4001 026c 03       		.uleb128 0x3
 4002 026d 0E       		.uleb128 0xe
 4003 026e 3A       		.uleb128 0x3a
 4004 026f 0B       		.uleb128 0xb
 4005 0270 3B       		.uleb128 0x3b
 4006 0271 0B       		.uleb128 0xb
 4007 0272 49       		.uleb128 0x49
 4008 0273 13       		.uleb128 0x13
 4009 0274 3F       		.uleb128 0x3f
 4010 0275 19       		.uleb128 0x19
 4011 0276 02       		.uleb128 0x2
 4012 0277 18       		.uleb128 0x18
 4013 0278 00       		.byte	0
ARM GAS  C:\Users\Lenovo\AppData\Local\Temp\cco0TkLK.s 			page 99


 4014 0279 00       		.byte	0
 4015 027a 30       		.uleb128 0x30
 4016 027b 34       		.uleb128 0x34
 4017 027c 00       		.byte	0
 4018 027d 03       		.uleb128 0x3
 4019 027e 0E       		.uleb128 0xe
 4020 027f 3A       		.uleb128 0x3a
 4021 0280 0B       		.uleb128 0xb
 4022 0281 3B       		.uleb128 0x3b
 4023 0282 05       		.uleb128 0x5
 4024 0283 49       		.uleb128 0x49
 4025 0284 13       		.uleb128 0x13
 4026 0285 3F       		.uleb128 0x3f
 4027 0286 19       		.uleb128 0x19
 4028 0287 3C       		.uleb128 0x3c
 4029 0288 19       		.uleb128 0x19
 4030 0289 00       		.byte	0
 4031 028a 00       		.byte	0
 4032 028b 31       		.uleb128 0x31
 4033 028c 34       		.uleb128 0x34
 4034 028d 00       		.byte	0
 4035 028e 03       		.uleb128 0x3
 4036 028f 0E       		.uleb128 0xe
 4037 0290 3A       		.uleb128 0x3a
 4038 0291 0B       		.uleb128 0xb
 4039 0292 3B       		.uleb128 0x3b
 4040 0293 0B       		.uleb128 0xb
 4041 0294 49       		.uleb128 0x49
 4042 0295 13       		.uleb128 0x13
 4043 0296 3F       		.uleb128 0x3f
 4044 0297 19       		.uleb128 0x19
 4045 0298 3C       		.uleb128 0x3c
 4046 0299 19       		.uleb128 0x19
 4047 029a 00       		.byte	0
 4048 029b 00       		.byte	0
 4049 029c 32       		.uleb128 0x32
 4050 029d 2E       		.uleb128 0x2e
 4051 029e 00       		.byte	0
 4052 029f 3F       		.uleb128 0x3f
 4053 02a0 19       		.uleb128 0x19
 4054 02a1 3C       		.uleb128 0x3c
 4055 02a2 19       		.uleb128 0x19
 4056 02a3 6E       		.uleb128 0x6e
 4057 02a4 0E       		.uleb128 0xe
 4058 02a5 03       		.uleb128 0x3
 4059 02a6 0E       		.uleb128 0xe
 4060 02a7 3A       		.uleb128 0x3a
 4061 02a8 0B       		.uleb128 0xb
 4062 02a9 3B       		.uleb128 0x3b
 4063 02aa 0B       		.uleb128 0xb
 4064 02ab 00       		.byte	0
 4065 02ac 00       		.byte	0
 4066 02ad 33       		.uleb128 0x33
 4067 02ae 2E       		.uleb128 0x2e
 4068 02af 00       		.byte	0
 4069 02b0 3F       		.uleb128 0x3f
 4070 02b1 19       		.uleb128 0x19
ARM GAS  C:\Users\Lenovo\AppData\Local\Temp\cco0TkLK.s 			page 100


 4071 02b2 3C       		.uleb128 0x3c
 4072 02b3 19       		.uleb128 0x19
 4073 02b4 6E       		.uleb128 0x6e
 4074 02b5 0E       		.uleb128 0xe
 4075 02b6 03       		.uleb128 0x3
 4076 02b7 0E       		.uleb128 0xe
 4077 02b8 3A       		.uleb128 0x3a
 4078 02b9 0B       		.uleb128 0xb
 4079 02ba 3B       		.uleb128 0x3b
 4080 02bb 05       		.uleb128 0x5
 4081 02bc 00       		.byte	0
 4082 02bd 00       		.byte	0
 4083 02be 34       		.uleb128 0x34
 4084 02bf 2E       		.uleb128 0x2e
 4085 02c0 00       		.byte	0
 4086 02c1 3F       		.uleb128 0x3f
 4087 02c2 19       		.uleb128 0x19
 4088 02c3 3C       		.uleb128 0x3c
 4089 02c4 19       		.uleb128 0x19
 4090 02c5 6E       		.uleb128 0x6e
 4091 02c6 0E       		.uleb128 0xe
 4092 02c7 03       		.uleb128 0x3
 4093 02c8 0E       		.uleb128 0xe
 4094 02c9 00       		.byte	0
 4095 02ca 00       		.byte	0
 4096 02cb 00       		.byte	0
 4097              		.section	.debug_loc,"",%progbits
 4098              	.Ldebug_loc0:
 4099              	.LLST0:
 4100 0000 00000000 		.4byte	.LVL0
 4101 0004 60000000 		.4byte	.LVL22
 4102 0008 0100     		.2byte	0x1
 4103 000a 50       		.byte	0x50
 4104 000b 60000000 		.4byte	.LVL22
 4105 000f 78000000 		.4byte	.LFE11
 4106 0013 0400     		.2byte	0x4
 4107 0015 F3       		.byte	0xf3
 4108 0016 01       		.uleb128 0x1
 4109 0017 50       		.byte	0x50
 4110 0018 9F       		.byte	0x9f
 4111 0019 00000000 		.4byte	0
 4112 001d 00000000 		.4byte	0
 4113              	.LLST1:
 4114 0021 00000000 		.4byte	.LVL0
 4115 0025 08000000 		.4byte	.LVL3
 4116 0029 0100     		.2byte	0x1
 4117 002b 51       		.byte	0x51
 4118 002c 08000000 		.4byte	.LVL3
 4119 0030 12000000 		.4byte	.LVL5
 4120 0034 0400     		.2byte	0x4
 4121 0036 F3       		.byte	0xf3
 4122 0037 01       		.uleb128 0x1
 4123 0038 51       		.byte	0x51
 4124 0039 9F       		.byte	0x9f
 4125 003a 12000000 		.4byte	.LVL5
 4126 003e 14000000 		.4byte	.LVL6
 4127 0042 0100     		.2byte	0x1
ARM GAS  C:\Users\Lenovo\AppData\Local\Temp\cco0TkLK.s 			page 101


 4128 0044 51       		.byte	0x51
 4129 0045 14000000 		.4byte	.LVL6
 4130 0049 78000000 		.4byte	.LFE11
 4131 004d 0400     		.2byte	0x4
 4132 004f F3       		.byte	0xf3
 4133 0050 01       		.uleb128 0x1
 4134 0051 51       		.byte	0x51
 4135 0052 9F       		.byte	0x9f
 4136 0053 00000000 		.4byte	0
 4137 0057 00000000 		.4byte	0
 4138              	.LLST2:
 4139 005b 48000000 		.4byte	.LVL18
 4140 005f 4C000000 		.4byte	.LVL19
 4141 0063 0100     		.2byte	0x1
 4142 0065 53       		.byte	0x53
 4143 0066 4C000000 		.4byte	.LVL19
 4144 006a 50000000 		.4byte	.LVL20
 4145 006e 0100     		.2byte	0x1
 4146 0070 52       		.byte	0x52
 4147 0071 52000000 		.4byte	.LVL21
 4148 0075 68000000 		.4byte	.LVL23
 4149 0079 0100     		.2byte	0x1
 4150 007b 52       		.byte	0x52
 4151 007c 6A000000 		.4byte	.LVL24
 4152 0080 6E000000 		.4byte	.LVL25
 4153 0084 0100     		.2byte	0x1
 4154 0086 52       		.byte	0x52
 4155 0087 00000000 		.4byte	0
 4156 008b 00000000 		.4byte	0
 4157              	.LLST3:
 4158 008f 02000000 		.4byte	.LVL1
 4159 0093 18000000 		.4byte	.LVL8
 4160 0097 0200     		.2byte	0x2
 4161 0099 30       		.byte	0x30
 4162 009a 9F       		.byte	0x9f
 4163 009b 18000000 		.4byte	.LVL8
 4164 009f 4C000000 		.4byte	.LVL19
 4165 00a3 0100     		.2byte	0x1
 4166 00a5 55       		.byte	0x55
 4167 00a6 00000000 		.4byte	0
 4168 00aa 00000000 		.4byte	0
 4169              	.LLST4:
 4170 00ae 02000000 		.4byte	.LVL1
 4171 00b2 18000000 		.4byte	.LVL8
 4172 00b6 0200     		.2byte	0x2
 4173 00b8 30       		.byte	0x30
 4174 00b9 9F       		.byte	0x9f
 4175 00ba 18000000 		.4byte	.LVL8
 4176 00be 42000000 		.4byte	.LVL15
 4177 00c2 0100     		.2byte	0x1
 4178 00c4 54       		.byte	0x54
 4179 00c5 44000000 		.4byte	.LVL16
 4180 00c9 6E000000 		.4byte	.LVL26
 4181 00cd 0100     		.2byte	0x1
 4182 00cf 54       		.byte	0x54
 4183 00d0 00000000 		.4byte	0
 4184 00d4 00000000 		.4byte	0
ARM GAS  C:\Users\Lenovo\AppData\Local\Temp\cco0TkLK.s 			page 102


 4185              	.LLST5:
 4186 00d8 02000000 		.4byte	.LVL1
 4187 00dc 18000000 		.4byte	.LVL8
 4188 00e0 0200     		.2byte	0x2
 4189 00e2 30       		.byte	0x30
 4190 00e3 9F       		.byte	0x9f
 4191 00e4 18000000 		.4byte	.LVL8
 4192 00e8 20000000 		.4byte	.LVL10
 4193 00ec 0100     		.2byte	0x1
 4194 00ee 53       		.byte	0x53
 4195 00ef 22000000 		.4byte	.LVL11
 4196 00f3 2E000000 		.4byte	.LVL12
 4197 00f7 0100     		.2byte	0x1
 4198 00f9 53       		.byte	0x53
 4199 00fa 30000000 		.4byte	.LVL13
 4200 00fe 46000000 		.4byte	.LVL17
 4201 0102 0100     		.2byte	0x1
 4202 0104 53       		.byte	0x53
 4203 0105 48000000 		.4byte	.LVL18
 4204 0109 60000000 		.4byte	.LVL22
 4205 010d 0100     		.2byte	0x1
 4206 010f 53       		.byte	0x53
 4207 0110 00000000 		.4byte	0
 4208 0114 00000000 		.4byte	0
 4209              	.LLST6:
 4210 0118 06000000 		.4byte	.LVL2
 4211 011c 0A000000 		.4byte	.LVL4
 4212 0120 0600     		.2byte	0x6
 4213 0122 03       		.byte	0x3
 4214 0123 00000000 		.4byte	cyBle_discoveryData
 4215 0127 9F       		.byte	0x9f
 4216 0128 12000000 		.4byte	.LVL5
 4217 012c 18000000 		.4byte	.LVL8
 4218 0130 0600     		.2byte	0x6
 4219 0132 03       		.byte	0x3
 4220 0133 00000000 		.4byte	cyBle_scanRspData
 4221 0137 9F       		.byte	0x9f
 4222 0138 18000000 		.4byte	.LVL8
 4223 013c 78000000 		.4byte	.LFE11
 4224 0140 0100     		.2byte	0x1
 4225 0142 51       		.byte	0x51
 4226 0143 00000000 		.4byte	0
 4227 0147 00000000 		.4byte	0
 4228              	.LLST7:
 4229 014b 0A000000 		.4byte	.LVL4
 4230 014f 12000000 		.4byte	.LVL5
 4231 0153 0100     		.2byte	0x1
 4232 0155 56       		.byte	0x56
 4233 0156 16000000 		.4byte	.LVL7
 4234 015a 6E000000 		.4byte	.LVL27
 4235 015e 0100     		.2byte	0x1
 4236 0160 56       		.byte	0x56
 4237 0161 00000000 		.4byte	0
 4238 0165 00000000 		.4byte	0
 4239              	.LLST8:
 4240 0169 00000000 		.4byte	.LVL30
 4241 016d 0C000000 		.4byte	.LVL32
ARM GAS  C:\Users\Lenovo\AppData\Local\Temp\cco0TkLK.s 			page 103


 4242 0171 0100     		.2byte	0x1
 4243 0173 50       		.byte	0x50
 4244 0174 0C000000 		.4byte	.LVL32
 4245 0178 88000000 		.4byte	.LVL42
 4246 017c 0100     		.2byte	0x1
 4247 017e 54       		.byte	0x54
 4248 017f 88000000 		.4byte	.LVL42
 4249 0183 B4000000 		.4byte	.LFE4
 4250 0187 0400     		.2byte	0x4
 4251 0189 F3       		.byte	0xf3
 4252 018a 01       		.uleb128 0x1
 4253 018b 50       		.byte	0x50
 4254 018c 9F       		.byte	0x9f
 4255 018d 00000000 		.4byte	0
 4256 0191 00000000 		.4byte	0
 4257              	.LLST9:
 4258 0195 06000000 		.4byte	.LVL31
 4259 0199 52000000 		.4byte	.LVL35
 4260 019d 0200     		.2byte	0x2
 4261 019f 30       		.byte	0x30
 4262 01a0 9F       		.byte	0x9f
 4263 01a1 52000000 		.4byte	.LVL35
 4264 01a5 6A000000 		.4byte	.LVL36
 4265 01a9 0100     		.2byte	0x1
 4266 01ab 50       		.byte	0x50
 4267 01ac 6E000000 		.4byte	.LVL37
 4268 01b0 7E000000 		.4byte	.LVL38
 4269 01b4 0100     		.2byte	0x1
 4270 01b6 50       		.byte	0x50
 4271 01b7 82000000 		.4byte	.LVL39
 4272 01bb 84000000 		.4byte	.LVL40
 4273 01bf 0100     		.2byte	0x1
 4274 01c1 50       		.byte	0x50
 4275 01c2 84000000 		.4byte	.LVL40
 4276 01c6 86000000 		.4byte	.LVL41
 4277 01ca 0200     		.2byte	0x2
 4278 01cc 30       		.byte	0x30
 4279 01cd 9F       		.byte	0x9f
 4280 01ce 86000000 		.4byte	.LVL41
 4281 01d2 B4000000 		.4byte	.LFE4
 4282 01d6 0100     		.2byte	0x1
 4283 01d8 50       		.byte	0x50
 4284 01d9 00000000 		.4byte	0
 4285 01dd 00000000 		.4byte	0
 4286              	.LLST10:
 4287 01e1 00000000 		.4byte	.LVL44
 4288 01e5 11000000 		.4byte	.LVL46-1
 4289 01e9 0100     		.2byte	0x1
 4290 01eb 50       		.byte	0x50
 4291 01ec 11000000 		.4byte	.LVL46-1
 4292 01f0 26000000 		.4byte	.LVL47
 4293 01f4 0400     		.2byte	0x4
 4294 01f6 F3       		.byte	0xf3
 4295 01f7 01       		.uleb128 0x1
 4296 01f8 50       		.byte	0x50
 4297 01f9 9F       		.byte	0x9f
 4298 01fa 26000000 		.4byte	.LVL47
ARM GAS  C:\Users\Lenovo\AppData\Local\Temp\cco0TkLK.s 			page 104


 4299 01fe 28000000 		.4byte	.LVL48
 4300 0202 0100     		.2byte	0x1
 4301 0204 50       		.byte	0x50
 4302 0205 28000000 		.4byte	.LVL48
 4303 0209 04010000 		.4byte	.LFE6
 4304 020d 0400     		.2byte	0x4
 4305 020f F3       		.byte	0xf3
 4306 0210 01       		.uleb128 0x1
 4307 0211 50       		.byte	0x50
 4308 0212 9F       		.byte	0x9f
 4309 0213 00000000 		.4byte	0
 4310 0217 00000000 		.4byte	0
 4311              	.LLST11:
 4312 021b 06000000 		.4byte	.LVL45
 4313 021f 12000000 		.4byte	.LVL46
 4314 0223 0200     		.2byte	0x2
 4315 0225 30       		.byte	0x30
 4316 0226 9F       		.byte	0x9f
 4317 0227 12000000 		.4byte	.LVL46
 4318 022b 26000000 		.4byte	.LVL47
 4319 022f 0100     		.2byte	0x1
 4320 0231 50       		.byte	0x50
 4321 0232 26000000 		.4byte	.LVL47
 4322 0236 2A000000 		.4byte	.LVL49
 4323 023a 0200     		.2byte	0x2
 4324 023c 30       		.byte	0x30
 4325 023d 9F       		.byte	0x9f
 4326 023e 2A000000 		.4byte	.LVL49
 4327 0242 5E000000 		.4byte	.LVL51
 4328 0246 0100     		.2byte	0x1
 4329 0248 50       		.byte	0x50
 4330 0249 62000000 		.4byte	.LVL52
 4331 024d 8C000000 		.4byte	.LVL54
 4332 0251 0100     		.2byte	0x1
 4333 0253 50       		.byte	0x50
 4334 0254 9C000000 		.4byte	.LVL56
 4335 0258 B2000000 		.4byte	.LVL57
 4336 025c 0100     		.2byte	0x1
 4337 025e 50       		.byte	0x50
 4338 025f DA000000 		.4byte	.LVL59
 4339 0263 04010000 		.4byte	.LFE6
 4340 0267 0100     		.2byte	0x1
 4341 0269 50       		.byte	0x50
 4342 026a 00000000 		.4byte	0
 4343 026e 00000000 		.4byte	0
 4344              	.LLST12:
 4345 0272 00000000 		.4byte	.LVL61
 4346 0276 14000000 		.4byte	.LVL63
 4347 027a 0100     		.2byte	0x1
 4348 027c 50       		.byte	0x50
 4349 027d 14000000 		.4byte	.LVL63
 4350 0281 5E000000 		.4byte	.LVL70
 4351 0285 0100     		.2byte	0x1
 4352 0287 55       		.byte	0x55
 4353 0288 5E000000 		.4byte	.LVL70
 4354 028c 60000000 		.4byte	.LVL71
 4355 0290 0100     		.2byte	0x1
ARM GAS  C:\Users\Lenovo\AppData\Local\Temp\cco0TkLK.s 			page 105


 4356 0292 50       		.byte	0x50
 4357 0293 60000000 		.4byte	.LVL71
 4358 0297 62000000 		.4byte	.LVL72
 4359 029b 0100     		.2byte	0x1
 4360 029d 55       		.byte	0x55
 4361 029e 62000000 		.4byte	.LVL72
 4362 02a2 6C000000 		.4byte	.LFE7
 4363 02a6 0400     		.2byte	0x4
 4364 02a8 F3       		.byte	0xf3
 4365 02a9 01       		.uleb128 0x1
 4366 02aa 50       		.byte	0x50
 4367 02ab 9F       		.byte	0x9f
 4368 02ac 00000000 		.4byte	0
 4369 02b0 00000000 		.4byte	0
 4370              	.LLST13:
 4371 02b4 06000000 		.4byte	.LVL62
 4372 02b8 3A000000 		.4byte	.LVL66
 4373 02bc 0200     		.2byte	0x2
 4374 02be 30       		.byte	0x30
 4375 02bf 9F       		.byte	0x9f
 4376 02c0 3A000000 		.4byte	.LVL66
 4377 02c4 58000000 		.4byte	.LVL68
 4378 02c8 0100     		.2byte	0x1
 4379 02ca 50       		.byte	0x50
 4380 02cb 5C000000 		.4byte	.LVL69
 4381 02cf 5E000000 		.4byte	.LVL70
 4382 02d3 0100     		.2byte	0x1
 4383 02d5 50       		.byte	0x50
 4384 02d6 5E000000 		.4byte	.LVL70
 4385 02da 60000000 		.4byte	.LVL71
 4386 02de 0200     		.2byte	0x2
 4387 02e0 30       		.byte	0x30
 4388 02e1 9F       		.byte	0x9f
 4389 02e2 60000000 		.4byte	.LVL71
 4390 02e6 6C000000 		.4byte	.LFE7
 4391 02ea 0100     		.2byte	0x1
 4392 02ec 50       		.byte	0x50
 4393 02ed 00000000 		.4byte	0
 4394 02f1 00000000 		.4byte	0
 4395              	.LLST14:
 4396 02f5 00000000 		.4byte	.LVL73
 4397 02f9 4E000000 		.4byte	.LVL74
 4398 02fd 0100     		.2byte	0x1
 4399 02ff 50       		.byte	0x50
 4400 0300 4E000000 		.4byte	.LVL74
 4401 0304 53000000 		.4byte	.LVL75-1
 4402 0308 0200     		.2byte	0x2
 4403 030a 73       		.byte	0x73
 4404 030b 00       		.sleb128 0
 4405 030c 53000000 		.4byte	.LVL75-1
 4406 0310 66000000 		.4byte	.LVL76
 4407 0314 0400     		.2byte	0x4
 4408 0316 F3       		.byte	0xf3
 4409 0317 01       		.uleb128 0x1
 4410 0318 50       		.byte	0x50
 4411 0319 9F       		.byte	0x9f
 4412 031a 66000000 		.4byte	.LVL76
ARM GAS  C:\Users\Lenovo\AppData\Local\Temp\cco0TkLK.s 			page 106


 4413 031e 68000000 		.4byte	.LVL77
 4414 0322 0100     		.2byte	0x1
 4415 0324 50       		.byte	0x50
 4416 0325 68000000 		.4byte	.LVL77
 4417 0329 6A000000 		.4byte	.LVL78
 4418 032d 0400     		.2byte	0x4
 4419 032f F3       		.byte	0xf3
 4420 0330 01       		.uleb128 0x1
 4421 0331 50       		.byte	0x50
 4422 0332 9F       		.byte	0x9f
 4423 0333 6A000000 		.4byte	.LVL78
 4424 0337 6C000000 		.4byte	.LVL79
 4425 033b 0100     		.2byte	0x1
 4426 033d 50       		.byte	0x50
 4427 033e 6C000000 		.4byte	.LVL79
 4428 0342 70000000 		.4byte	.LVL80
 4429 0346 0400     		.2byte	0x4
 4430 0348 F3       		.byte	0xf3
 4431 0349 01       		.uleb128 0x1
 4432 034a 50       		.byte	0x50
 4433 034b 9F       		.byte	0x9f
 4434 034c 70000000 		.4byte	.LVL80
 4435 0350 72000000 		.4byte	.LVL81
 4436 0354 0100     		.2byte	0x1
 4437 0356 50       		.byte	0x50
 4438 0357 72000000 		.4byte	.LVL81
 4439 035b 88000000 		.4byte	.LFE8
 4440 035f 0400     		.2byte	0x4
 4441 0361 F3       		.byte	0xf3
 4442 0362 01       		.uleb128 0x1
 4443 0363 50       		.byte	0x50
 4444 0364 9F       		.byte	0x9f
 4445 0365 00000000 		.4byte	0
 4446 0369 00000000 		.4byte	0
 4447              	.LLST15:
 4448 036d 54000000 		.4byte	.LVL75
 4449 0371 66000000 		.4byte	.LVL76
 4450 0375 0100     		.2byte	0x1
 4451 0377 50       		.byte	0x50
 4452 0378 74000000 		.4byte	.LVL82
 4453 037c 88000000 		.4byte	.LFE8
 4454 0380 0100     		.2byte	0x1
 4455 0382 50       		.byte	0x50
 4456 0383 00000000 		.4byte	0
 4457 0387 00000000 		.4byte	0
 4458              	.LLST16:
 4459 038b 00000000 		.4byte	.LVL85
 4460 038f 12000000 		.4byte	.LVL87
 4461 0393 0100     		.2byte	0x1
 4462 0395 50       		.byte	0x50
 4463 0396 12000000 		.4byte	.LVL87
 4464 039a 54000000 		.4byte	.LVL98
 4465 039e 0100     		.2byte	0x1
 4466 03a0 54       		.byte	0x54
 4467 03a1 54000000 		.4byte	.LVL98
 4468 03a5 56000000 		.4byte	.LVL99
 4469 03a9 0100     		.2byte	0x1
ARM GAS  C:\Users\Lenovo\AppData\Local\Temp\cco0TkLK.s 			page 107


 4470 03ab 50       		.byte	0x50
 4471 03ac 56000000 		.4byte	.LVL99
 4472 03b0 56000000 		.4byte	.LVL100
 4473 03b4 0100     		.2byte	0x1
 4474 03b6 54       		.byte	0x54
 4475 03b7 56000000 		.4byte	.LVL100
 4476 03bb 60000000 		.4byte	.LFE12
 4477 03bf 0400     		.2byte	0x4
 4478 03c1 F3       		.byte	0xf3
 4479 03c2 01       		.uleb128 0x1
 4480 03c3 50       		.byte	0x50
 4481 03c4 9F       		.byte	0x9f
 4482 03c5 00000000 		.4byte	0
 4483 03c9 00000000 		.4byte	0
 4484              	.LLST17:
 4485 03cd 04000000 		.4byte	.LVL86
 4486 03d1 56000000 		.4byte	.LVL99
 4487 03d5 0200     		.2byte	0x2
 4488 03d7 30       		.byte	0x30
 4489 03d8 9F       		.byte	0x9f
 4490 03d9 56000000 		.4byte	.LVL99
 4491 03dd 60000000 		.4byte	.LFE12
 4492 03e1 0100     		.2byte	0x1
 4493 03e3 50       		.byte	0x50
 4494 03e4 00000000 		.4byte	0
 4495 03e8 00000000 		.4byte	0
 4496              	.LLST18:
 4497 03ec 22000000 		.4byte	.LVL89
 4498 03f0 26000000 		.4byte	.LVL90
 4499 03f4 0200     		.2byte	0x2
 4500 03f6 30       		.byte	0x30
 4501 03f7 9F       		.byte	0x9f
 4502 03f8 26000000 		.4byte	.LVL90
 4503 03fc 2A000000 		.4byte	.LVL91
 4504 0400 0100     		.2byte	0x1
 4505 0402 53       		.byte	0x53
 4506 0403 2C000000 		.4byte	.LVL92
 4507 0407 3C000000 		.4byte	.LVL93
 4508 040b 0100     		.2byte	0x1
 4509 040d 53       		.byte	0x53
 4510 040e 00000000 		.4byte	0
 4511 0412 00000000 		.4byte	0
 4512              	.LLST19:
 4513 0416 1A000000 		.4byte	.LVL88
 4514 041a 44000000 		.4byte	.LVL95
 4515 041e 0100     		.2byte	0x1
 4516 0420 50       		.byte	0x50
 4517 0421 00000000 		.4byte	0
 4518 0425 00000000 		.4byte	0
 4519              	.LLST20:
 4520 0429 22000000 		.4byte	.LVL89
 4521 042d 42000000 		.4byte	.LVL94
 4522 0431 0100     		.2byte	0x1
 4523 0433 51       		.byte	0x51
 4524 0434 00000000 		.4byte	0
 4525 0438 00000000 		.4byte	0
 4526              	.LLST21:
ARM GAS  C:\Users\Lenovo\AppData\Local\Temp\cco0TkLK.s 			page 108


 4527 043c 00000000 		.4byte	.LVL101
 4528 0440 38000000 		.4byte	.LVL109
 4529 0444 0100     		.2byte	0x1
 4530 0446 50       		.byte	0x50
 4531 0447 38000000 		.4byte	.LVL109
 4532 044b 3A000000 		.4byte	.LVL110
 4533 044f 0400     		.2byte	0x4
 4534 0451 F3       		.byte	0xf3
 4535 0452 01       		.uleb128 0x1
 4536 0453 50       		.byte	0x50
 4537 0454 9F       		.byte	0x9f
 4538 0455 3A000000 		.4byte	.LVL110
 4539 0459 3C000000 		.4byte	.LVL111
 4540 045d 0100     		.2byte	0x1
 4541 045f 50       		.byte	0x50
 4542 0460 3C000000 		.4byte	.LVL111
 4543 0464 48000000 		.4byte	.LFE13
 4544 0468 0400     		.2byte	0x4
 4545 046a F3       		.byte	0xf3
 4546 046b 01       		.uleb128 0x1
 4547 046c 50       		.byte	0x50
 4548 046d 9F       		.byte	0x9f
 4549 046e 00000000 		.4byte	0
 4550 0472 00000000 		.4byte	0
 4551              	.LLST22:
 4552 0476 02000000 		.4byte	.LVL102
 4553 047a 3C000000 		.4byte	.LVL111
 4554 047e 0200     		.2byte	0x2
 4555 0480 30       		.byte	0x30
 4556 0481 9F       		.byte	0x9f
 4557 0482 3C000000 		.4byte	.LVL111
 4558 0486 48000000 		.4byte	.LFE13
 4559 048a 0100     		.2byte	0x1
 4560 048c 50       		.byte	0x50
 4561 048d 00000000 		.4byte	0
 4562 0491 00000000 		.4byte	0
 4563              	.LLST23:
 4564 0495 1C000000 		.4byte	.LVL104
 4565 0499 3A000000 		.4byte	.LVL110
 4566 049d 0100     		.2byte	0x1
 4567 049f 51       		.byte	0x51
 4568 04a0 00000000 		.4byte	0
 4569 04a4 00000000 		.4byte	0
 4570              	.LLST24:
 4571 04a8 1C000000 		.4byte	.LVL104
 4572 04ac 20000000 		.4byte	.LVL105
 4573 04b0 0200     		.2byte	0x2
 4574 04b2 30       		.byte	0x30
 4575 04b3 9F       		.byte	0x9f
 4576 04b4 20000000 		.4byte	.LVL105
 4577 04b8 24000000 		.4byte	.LVL106
 4578 04bc 0100     		.2byte	0x1
 4579 04be 53       		.byte	0x53
 4580 04bf 26000000 		.4byte	.LVL107
 4581 04c3 32000000 		.4byte	.LVL108
 4582 04c7 0100     		.2byte	0x1
 4583 04c9 53       		.byte	0x53
ARM GAS  C:\Users\Lenovo\AppData\Local\Temp\cco0TkLK.s 			page 109


 4584 04ca 00000000 		.4byte	0
 4585 04ce 00000000 		.4byte	0
 4586              	.LLST25:
 4587 04d2 1A000000 		.4byte	.LVL103
 4588 04d6 3A000000 		.4byte	.LVL110
 4589 04da 0100     		.2byte	0x1
 4590 04dc 54       		.byte	0x54
 4591 04dd 00000000 		.4byte	0
 4592 04e1 00000000 		.4byte	0
 4593              	.LLST26:
 4594 04e5 00000000 		.4byte	.LVL112
 4595 04e9 04000000 		.4byte	.LVL113
 4596 04ed 0100     		.2byte	0x1
 4597 04ef 50       		.byte	0x50
 4598 04f0 04000000 		.4byte	.LVL113
 4599 04f4 0A000000 		.4byte	.LFE14
 4600 04f8 0400     		.2byte	0x4
 4601 04fa F3       		.byte	0xf3
 4602 04fb 01       		.uleb128 0x1
 4603 04fc 50       		.byte	0x50
 4604 04fd 9F       		.byte	0x9f
 4605 04fe 00000000 		.4byte	0
 4606 0502 00000000 		.4byte	0
 4607              	.LLST27:
 4608 0506 00000000 		.4byte	.LVL114
 4609 050a 04000000 		.4byte	.LVL115
 4610 050e 0100     		.2byte	0x1
 4611 0510 51       		.byte	0x51
 4612 0511 04000000 		.4byte	.LVL115
 4613 0515 08000000 		.4byte	.LFE15
 4614 0519 0400     		.2byte	0x4
 4615 051b F3       		.byte	0xf3
 4616 051c 01       		.uleb128 0x1
 4617 051d 51       		.byte	0x51
 4618 051e 9F       		.byte	0x9f
 4619 051f 00000000 		.4byte	0
 4620 0523 00000000 		.4byte	0
 4621              		.section	.debug_aranges,"",%progbits
 4622 0000 84000000 		.4byte	0x84
 4623 0004 0200     		.2byte	0x2
 4624 0006 00000000 		.4byte	.Ldebug_info0
 4625 000a 04       		.byte	0x4
 4626 000b 00       		.byte	0
 4627 000c 0000     		.2byte	0
 4628 000e 0000     		.2byte	0
 4629 0010 00000000 		.4byte	.LFB11
 4630 0014 78000000 		.4byte	.LFE11-.LFB11
 4631 0018 00000000 		.4byte	.LFB3
 4632 001c 08000000 		.4byte	.LFE3-.LFB3
 4633 0020 00000000 		.4byte	.LFB2
 4634 0024 34000000 		.4byte	.LFE2-.LFB2
 4635 0028 00000000 		.4byte	.LFB4
 4636 002c B4000000 		.4byte	.LFE4-.LFB4
 4637 0030 00000000 		.4byte	.LFB5
 4638 0034 14000000 		.4byte	.LFE5-.LFB5
 4639 0038 00000000 		.4byte	.LFB6
 4640 003c 04010000 		.4byte	.LFE6-.LFB6
ARM GAS  C:\Users\Lenovo\AppData\Local\Temp\cco0TkLK.s 			page 110


 4641 0040 00000000 		.4byte	.LFB7
 4642 0044 6C000000 		.4byte	.LFE7-.LFB7
 4643 0048 00000000 		.4byte	.LFB8
 4644 004c 88000000 		.4byte	.LFE8-.LFB8
 4645 0050 00000000 		.4byte	.LFB9
 4646 0054 18000000 		.4byte	.LFE9-.LFB9
 4647 0058 00000000 		.4byte	.LFB10
 4648 005c 02000000 		.4byte	.LFE10-.LFB10
 4649 0060 00000000 		.4byte	.LFB12
 4650 0064 60000000 		.4byte	.LFE12-.LFB12
 4651 0068 00000000 		.4byte	.LFB13
 4652 006c 48000000 		.4byte	.LFE13-.LFB13
 4653 0070 00000000 		.4byte	.LFB14
 4654 0074 0A000000 		.4byte	.LFE14-.LFB14
 4655 0078 00000000 		.4byte	.LFB15
 4656 007c 08000000 		.4byte	.LFE15-.LFB15
 4657 0080 00000000 		.4byte	0
 4658 0084 00000000 		.4byte	0
 4659              		.section	.debug_ranges,"",%progbits
 4660              	.Ldebug_ranges0:
 4661 0000 00000000 		.4byte	.LFB11
 4662 0004 78000000 		.4byte	.LFE11
 4663 0008 00000000 		.4byte	.LFB3
 4664 000c 08000000 		.4byte	.LFE3
 4665 0010 00000000 		.4byte	.LFB2
 4666 0014 34000000 		.4byte	.LFE2
 4667 0018 00000000 		.4byte	.LFB4
 4668 001c B4000000 		.4byte	.LFE4
 4669 0020 00000000 		.4byte	.LFB5
 4670 0024 14000000 		.4byte	.LFE5
 4671 0028 00000000 		.4byte	.LFB6
 4672 002c 04010000 		.4byte	.LFE6
 4673 0030 00000000 		.4byte	.LFB7
 4674 0034 6C000000 		.4byte	.LFE7
 4675 0038 00000000 		.4byte	.LFB8
 4676 003c 88000000 		.4byte	.LFE8
 4677 0040 00000000 		.4byte	.LFB9
 4678 0044 18000000 		.4byte	.LFE9
 4679 0048 00000000 		.4byte	.LFB10
 4680 004c 02000000 		.4byte	.LFE10
 4681 0050 00000000 		.4byte	.LFB12
 4682 0054 60000000 		.4byte	.LFE12
 4683 0058 00000000 		.4byte	.LFB13
 4684 005c 48000000 		.4byte	.LFE13
 4685 0060 00000000 		.4byte	.LFB14
 4686 0064 0A000000 		.4byte	.LFE14
 4687 0068 00000000 		.4byte	.LFB15
 4688 006c 08000000 		.4byte	.LFE15
 4689 0070 00000000 		.4byte	0
 4690 0074 00000000 		.4byte	0
 4691              		.section	.debug_line,"",%progbits
 4692              	.Ldebug_line0:
 4693 0000 53030000 		.section	.debug_str,"MS",%progbits,1
 4693      02004C01 
 4693      00000201 
 4693      FB0E0D00 
 4693      01010101 
ARM GAS  C:\Users\Lenovo\AppData\Local\Temp\cco0TkLK.s 			page 111


 4694              	.LASF263:
 4695 0000 6379426C 		.ascii	"cyBle_peerBonding\000"
 4695      655F7065 
 4695      6572426F 
 4695      6E64696E 
 4695      6700
 4696              	.LASF159:
 4697 0012 7363616E 		.ascii	"scanRspData\000"
 4697      52737044 
 4697      61746100 
 4698              	.LASF17:
 4699 001e 73697A65 		.ascii	"sizetype\000"
 4699      74797065 
 4699      00
 4700              	.LASF38:
 4701 0027 4359424C 		.ascii	"CYBLE_EVT_GAP_NUMERIC_COMPARISON_REQUEST\000"
 4701      455F4556 
 4701      545F4741 
 4701      505F4E55 
 4701      4D455249 
 4702              	.LASF227:
 4703 0050 61706952 		.ascii	"apiResult\000"
 4703      6573756C 
 4703      7400
 4704              	.LASF32:
 4705 005a 4359424C 		.ascii	"CYBLE_EVT_GAP_DEVICE_CONNECTED\000"
 4705      455F4556 
 4705      545F4741 
 4705      505F4445 
 4705      56494345 
 4706              	.LASF50:
 4707 0079 4359424C 		.ascii	"CYBLE_EVT_GATT_CONNECT_IND\000"
 4707      455F4556 
 4707      545F4741 
 4707      54545F43 
 4707      4F4E4E45 
 4708              	.LASF192:
 4709 0094 4359424C 		.ascii	"CYBLE_AIOS_ANALOG\000"
 4709      455F4149 
 4709      4F535F41 
 4709      4E414C4F 
 4709      4700
 4710              	.LASF289:
 4711 00a6 4379426C 		.ascii	"CyBle_ChangeAdLocalName\000"
 4711      655F4368 
 4711      616E6765 
 4711      41644C6F 
 4711      63616C4E 
 4712              	.LASF11:
 4713 00be 75696E74 		.ascii	"uint32\000"
 4713      333200
 4714              	.LASF222:
 4715 00c5 64657374 		.ascii	"destBuffer\000"
 4715      42756666 
 4715      657200
 4716              	.LASF162:
 4717 00d0 64697363 		.ascii	"discMode\000"
ARM GAS  C:\Users\Lenovo\AppData\Local\Temp\cco0TkLK.s 			page 112


 4717      4D6F6465 
 4717      00
 4718              	.LASF106:
 4719 00d9 4359424C 		.ascii	"CYBLE_ERROR_L2CAP_CONNECTION_ENTITY_NOT_FOUND\000"
 4719      455F4552 
 4719      524F525F 
 4719      4C324341 
 4719      505F434F 
 4720              	.LASF112:
 4721 0107 4359424C 		.ascii	"CYBLE_ERROR_MIC_AUTH_FAILED\000"
 4721      455F4552 
 4721      524F525F 
 4721      4D49435F 
 4721      41555448 
 4722              	.LASF282:
 4723 0123 4379426C 		.ascii	"CyBle_GapGetPeerBdHandle\000"
 4723      655F4761 
 4723      70476574 
 4723      50656572 
 4723      42644861 
 4724              	.LASF14:
 4725 013c 63686172 		.ascii	"char8\000"
 4725      3800
 4726              	.LASF82:
 4727 0142 4359424C 		.ascii	"CYBLE_EVT_L2CAP_CBFC_RX_CREDIT_IND\000"
 4727      455F4556 
 4727      545F4C32 
 4727      4341505F 
 4727      43424643 
 4728              	.LASF286:
 4729 0165 474E5520 		.ascii	"GNU C11 5.4.1 20160609 (release) [ARM/embedded-5-br"
 4729      43313120 
 4729      352E342E 
 4729      31203230 
 4729      31363036 
 4730 0198 616E6368 		.ascii	"anch revision 237715] -mcpu=cortex-m0 -mthumb -g -O"
 4730      20726576 
 4730      6973696F 
 4730      6E203233 
 4730      37373135 
 4731 01cb 67202D66 		.ascii	"g -ffunction-sections -ffat-lto-objects\000"
 4731      66756E63 
 4731      74696F6E 
 4731      2D736563 
 4731      74696F6E 
 4732              	.LASF239:
 4733 01f3 62446576 		.ascii	"bDevHandle\000"
 4733      48616E64 
 4733      6C6500
 4734              	.LASF181:
 4735 01fe 7065726D 		.ascii	"permission\000"
 4735      69737369 
 4735      6F6E00
 4736              	.LASF126:
 4737 0209 74797065 		.ascii	"type\000"
 4737      00
 4738              	.LASF185:
ARM GAS  C:\Users\Lenovo\AppData\Local\Temp\cco0TkLK.s 			page 113


 4739 020e 4359424C 		.ascii	"CYBLE_CALLBACK_T\000"
 4739      455F4341 
 4739      4C4C4241 
 4739      434B5F54 
 4739      00
 4740              	.LASF67:
 4741 021f 4359424C 		.ascii	"CYBLE_EVT_GATTC_HANDLE_VALUE_NTF\000"
 4741      455F4556 
 4741      545F4741 
 4741      5454435F 
 4741      48414E44 
 4742              	.LASF26:
 4743 0240 4359424C 		.ascii	"CYBLE_EVT_GAP_AUTH_REQ\000"
 4743      455F4556 
 4743      545F4741 
 4743      505F4155 
 4743      54485F52 
 4744              	.LASF169:
 4745 0257 4359424C 		.ascii	"CYBLE_CONN_HANDLE_T\000"
 4745      455F434F 
 4745      4E4E5F48 
 4745      414E444C 
 4745      455F5400 
 4746              	.LASF226:
 4747 026b 63616C6C 		.ascii	"callbackFunc\000"
 4747      6261636B 
 4747      46756E63 
 4747      00
 4748              	.LASF101:
 4749 0278 4359424C 		.ascii	"CYBLE_ERROR_BT_ON_NOT_COMPLETED\000"
 4749      455F4552 
 4749      524F525F 
 4749      42545F4F 
 4749      4E5F4E4F 
 4750              	.LASF47:
 4751 0298 4359424C 		.ascii	"CYBLE_EVT_GAP_AUTH_REQ_REPLY_ERR\000"
 4751      455F4556 
 4751      545F4741 
 4751      505F4155 
 4751      54485F52 
 4752              	.LASF193:
 4753 02b9 4359424C 		.ascii	"CYBLE_AIOS_AGGREGATE\000"
 4753      455F4149 
 4753      4F535F41 
 4753      47475245 
 4753      47415445 
 4754              	.LASF207:
 4755 02ce 4359424C 		.ascii	"CYBLE_STATE_ADVERTISING\000"
 4755      455F5354 
 4755      4154455F 
 4755      41445645 
 4755      52544953 
 4756              	.LASF40:
 4757 02e6 4359424C 		.ascii	"CYBLE_EVT_GAP_OOB_GENERATED_NOTIFICATION\000"
 4757      455F4556 
 4757      545F4741 
 4757      505F4F4F 
ARM GAS  C:\Users\Lenovo\AppData\Local\Temp\cco0TkLK.s 			page 114


 4757      425F4745 
 4758              	.LASF167:
 4759 030f 62644861 		.ascii	"bdHandle\000"
 4759      6E646C65 
 4759      00
 4760              	.LASF134:
 4761 0318 4359424C 		.ascii	"CYBLE_DLE_CONFIG_PARAM_T\000"
 4761      455F444C 
 4761      455F434F 
 4761      4E464947 
 4761      5F504152 
 4762              	.LASF63:
 4763 0331 4359424C 		.ascii	"CYBLE_EVT_GATTS_WRITE_CMD_REQ\000"
 4763      455F4556 
 4763      545F4741 
 4763      5454535F 
 4763      57524954 
 4764              	.LASF83:
 4765 034f 4359424C 		.ascii	"CYBLE_EVT_L2CAP_CBFC_TX_CREDIT_IND\000"
 4765      455F4556 
 4765      545F4C32 
 4765      4341505F 
 4765      43424643 
 4766              	.LASF4:
 4767 0372 6C6F6E67 		.ascii	"long int\000"
 4767      20696E74 
 4767      00
 4768              	.LASF224:
 4769 037b 4379426C 		.ascii	"CyBle_ServiceInit\000"
 4769      655F5365 
 4769      72766963 
 4769      65496E69 
 4769      7400
 4770              	.LASF242:
 4771 038d 61647665 		.ascii	"advertisingIntervalType\000"
 4771      72746973 
 4771      696E6749 
 4771      6E746572 
 4771      76616C54 
 4772              	.LASF130:
 4773 03a5 4359424C 		.ascii	"CYBLE_STK_APP_DATA_BUFF_T\000"
 4773      455F5354 
 4773      4B5F4150 
 4773      505F4441 
 4773      54415F42 
 4774              	.LASF137:
 4775 03bf 646C6543 		.ascii	"dleConfig\000"
 4775      6F6E6669 
 4775      6700
 4776              	.LASF280:
 4777 03c9 4379426C 		.ascii	"CyBle_StoreStackData\000"
 4777      655F5374 
 4777      6F726553 
 4777      7461636B 
 4777      44617461 
 4778              	.LASF231:
 4779 03de 73746163 		.ascii	"stackConfig\000"
ARM GAS  C:\Users\Lenovo\AppData\Local\Temp\cco0TkLK.s 			page 115


 4779      6B436F6E 
 4779      66696700 
 4780              	.LASF19:
 4781 03ea 4359424C 		.ascii	"CYBLE_EVT_STACK_ON\000"
 4781      455F4556 
 4781      545F5354 
 4781      41434B5F 
 4781      4F4E00
 4782              	.LASF108:
 4783 03fd 4359424C 		.ascii	"CYBLE_ERROR_L2CAP_PSM_NOT_IN_RANGE\000"
 4783      455F4552 
 4783      524F525F 
 4783      4C324341 
 4783      505F5053 
 4784              	.LASF258:
 4785 0420 6379426C 		.ascii	"cyBle_discoveryParam\000"
 4785      655F6469 
 4785      73636F76 
 4785      65727950 
 4785      6172616D 
 4786              	.LASF279:
 4787 0435 4379426C 		.ascii	"CyBle_StoreAppData\000"
 4787      655F5374 
 4787      6F726541 
 4787      70704461 
 4787      746100
 4788              	.LASF256:
 4789 0448 6379426C 		.ascii	"cyBle_deviceAddress\000"
 4789      655F6465 
 4789      76696365 
 4789      41646472 
 4789      65737300 
 4790              	.LASF121:
 4791 045c 4359424C 		.ascii	"CYBLE_ERROR_CHAR_IS_NOT_DISCOVERED\000"
 4791      455F4552 
 4791      524F525F 
 4791      43484152 
 4791      5F49535F 
 4792              	.LASF180:
 4793 047f 61747454 		.ascii	"attType\000"
 4793      79706500 
 4794              	.LASF144:
 4795 0487 4359424C 		.ascii	"CYBLE_GAPP_NON_CONNECTABLE_UNDIRECTED_ADV\000"
 4795      455F4741 
 4795      50505F4E 
 4795      4F4E5F43 
 4795      4F4E4E45 
 4796              	.LASF76:
 4797 04b1 4359424C 		.ascii	"CYBLE_EVT_L2CAP_COMMAND_REJ\000"
 4797      455F4556 
 4797      545F4C32 
 4797      4341505F 
 4797      434F4D4D 
 4798              	.LASF215:
 4799 04cd 7270614F 		.ascii	"rpaOnlyCharHandle\000"
 4799      6E6C7943 
 4799      68617248 
ARM GAS  C:\Users\Lenovo\AppData\Local\Temp\cco0TkLK.s 			page 116


 4799      616E646C 
 4799      6500
 4800              	.LASF109:
 4801 04df 4359424C 		.ascii	"CYBLE_ERROR_GATT_DB_INVALID_ATTR_HANDLE\000"
 4801      455F4552 
 4801      524F525F 
 4801      47415454 
 4801      5F44425F 
 4802              	.LASF0:
 4803 0507 7369676E 		.ascii	"signed char\000"
 4803      65642063 
 4803      68617200 
 4804              	.LASF238:
 4805 0513 4379426C 		.ascii	"CyBle_GapRemoveBondedDevice\000"
 4805      655F4761 
 4805      7052656D 
 4805      6F766542 
 4805      6F6E6465 
 4806              	.LASF129:
 4807 052f 62756666 		.ascii	"bufferUnits\000"
 4807      6572556E 
 4807      69747300 
 4808              	.LASF21:
 4809 053b 4359424C 		.ascii	"CYBLE_EVT_HARDWARE_ERROR\000"
 4809      455F4556 
 4809      545F4841 
 4809      52445741 
 4809      52455F45 
 4810              	.LASF90:
 4811 0554 4359424C 		.ascii	"CYBLE_ERROR_OK\000"
 4811      455F4552 
 4811      524F525F 
 4811      4F4B00
 4812              	.LASF54:
 4813 0563 4359424C 		.ascii	"CYBLE_EVT_GATTC_READ_BY_GROUP_TYPE_RSP\000"
 4813      455F4556 
 4813      545F4741 
 4813      5454435F 
 4813      52454144 
 4814              	.LASF204:
 4815 058a 4359424C 		.ascii	"CYBLE_STATE_STOPPED\000"
 4815      455F5354 
 4815      4154455F 
 4815      53544F50 
 4815      50454400 
 4816              	.LASF1:
 4817 059e 756E7369 		.ascii	"unsigned char\000"
 4817      676E6564 
 4817      20636861 
 4817      7200
 4818              	.LASF53:
 4819 05ac 4359424C 		.ascii	"CYBLE_EVT_GATTC_XCHNG_MTU_RSP\000"
 4819      455F4556 
 4819      545F4741 
 4819      5454435F 
 4819      5843484E 
 4820              	.LASF44:
ARM GAS  C:\Users\Lenovo\AppData\Local\Temp\cco0TkLK.s 			page 117


 4821 05ca 4359424C 		.ascii	"CYBLE_EVT_GAP_SMP_NEGOTIATED_AUTH_INFO\000"
 4821      455F4556 
 4821      545F4741 
 4821      505F534D 
 4821      505F4E45 
 4822              	.LASF45:
 4823 05f1 4359424C 		.ascii	"CYBLE_EVT_GAP_CONN_ESTB\000"
 4823      455F4556 
 4823      545F4741 
 4823      505F434F 
 4823      4E4E5F45 
 4824              	.LASF147:
 4825 0609 61647649 		.ascii	"advIntvMin\000"
 4825      6E74764D 
 4825      696E00
 4826              	.LASF179:
 4827 0614 61747448 		.ascii	"attHandle\000"
 4827      616E646C 
 4827      6500
 4828              	.LASF241:
 4829 061e 4379426C 		.ascii	"CyBle_GappStartAdvertisement\000"
 4829      655F4761 
 4829      70705374 
 4829      61727441 
 4829      64766572 
 4830              	.LASF158:
 4831 063b 4359424C 		.ascii	"CYBLE_GAPP_DISC_DATA_T\000"
 4831      455F4741 
 4831      50505F44 
 4831      4953435F 
 4831      44415441 
 4832              	.LASF80:
 4833 0652 4359424C 		.ascii	"CYBLE_EVT_L2CAP_CBFC_DISCONN_CNF\000"
 4833      455F4556 
 4833      545F4C32 
 4833      4341505F 
 4833      43424643 
 4834              	.LASF57:
 4835 0673 4359424C 		.ascii	"CYBLE_EVT_GATTC_FIND_BY_TYPE_VALUE_RSP\000"
 4835      455F4556 
 4835      545F4741 
 4835      5454435F 
 4835      46494E44 
 4836              	.LASF41:
 4837 069a 4359424C 		.ascii	"CYBLE_EVT_GAP_DATA_LENGTH_CHANGE\000"
 4837      455F4556 
 4837      545F4741 
 4837      505F4441 
 4837      54415F4C 
 4838              	.LASF15:
 4839 06bb 63686172 		.ascii	"char\000"
 4839      00
 4840              	.LASF274:
 4841 06c0 4379426C 		.ascii	"CyBle_StackInit\000"
 4841      655F5374 
 4841      61636B49 
 4841      6E697400 
ARM GAS  C:\Users\Lenovo\AppData\Local\Temp\cco0TkLK.s 			page 118


 4842              	.LASF173:
 4843 06d0 6D617841 		.ascii	"maxAttrLength\000"
 4843      7474724C 
 4843      656E6774 
 4843      6800
 4844              	.LASF198:
 4845 06de 4359424C 		.ascii	"CYBLE_AIOS_CHAR_EXTENDED_PROPERTIES\000"
 4845      455F4149 
 4845      4F535F43 
 4845      4841525F 
 4845      45585445 
 4846              	.LASF60:
 4847 0702 4359424C 		.ascii	"CYBLE_EVT_GATTC_READ_MULTI_RSP\000"
 4847      455F4556 
 4847      545F4741 
 4847      5454435F 
 4847      52454144 
 4848              	.LASF18:
 4849 0721 4359424C 		.ascii	"CYBLE_EVT_HOST_INVALID\000"
 4849      455F4556 
 4849      545F484F 
 4849      53545F49 
 4849      4E56414C 
 4850              	.LASF285:
 4851 0738 4379426C 		.ascii	"CyBle_GappExitDiscoveryMode\000"
 4851      655F4761 
 4851      70704578 
 4851      69744469 
 4851      73636F76 
 4852              	.LASF247:
 4853 0754 4379426C 		.ascii	"CyBle_GapGetLocalName\000"
 4853      655F4761 
 4853      70476574 
 4853      4C6F6361 
 4853      6C4E616D 
 4854              	.LASF43:
 4855 076a 4359424C 		.ascii	"CYBLE_EVT_GAPC_DIRECT_ADV_REPORT\000"
 4855      455F4556 
 4855      545F4741 
 4855      50435F44 
 4855      49524543 
 4856              	.LASF97:
 4857 078b 4359424C 		.ascii	"CYBLE_ERROR_NO_DEVICE_ENTITY\000"
 4857      455F4552 
 4857      524F525F 
 4857      4E4F5F44 
 4857      45564943 
 4858              	.LASF59:
 4859 07a8 4359424C 		.ascii	"CYBLE_EVT_GATTC_READ_BLOB_RSP\000"
 4859      455F4556 
 4859      545F4741 
 4859      5454435F 
 4859      52454144 
 4860              	.LASF66:
 4861 07c6 4359424C 		.ascii	"CYBLE_EVT_GATTC_EXEC_WRITE_RSP\000"
 4861      455F4556 
 4861      545F4741 
ARM GAS  C:\Users\Lenovo\AppData\Local\Temp\cco0TkLK.s 			page 119


 4861      5454435F 
 4861      45584543 
 4862              	.LASF225:
 4863 07e5 4379426C 		.ascii	"CyBle_Init\000"
 4863      655F496E 
 4863      697400
 4864              	.LASF71:
 4865 07f0 4359424C 		.ascii	"CYBLE_EVT_GATTC_STOP_CMD_COMPLETE\000"
 4865      455F4556 
 4865      545F4741 
 4865      5454435F 
 4865      53544F50 
 4866              	.LASF164:
 4867 0812 61647654 		.ascii	"advTo\000"
 4867      6F00
 4868              	.LASF184:
 4869 0818 4359424C 		.ascii	"CYBLE_GATTS_DB_T\000"
 4869      455F4741 
 4869      5454535F 
 4869      44425F54 
 4869      00
 4870              	.LASF251:
 4871 0829 6379426C 		.ascii	"cyBle_pendingFlashClearCccdHandle\000"
 4871      655F7065 
 4871      6E64696E 
 4871      67466C61 
 4871      7368436C 
 4872              	.LASF243:
 4873 084b 4379426C 		.ascii	"CyBle_GappStopAdvertisement\000"
 4873      655F4761 
 4873      70705374 
 4873      6F704164 
 4873      76657274 
 4874              	.LASF276:
 4875 0867 4379426C 		.ascii	"CyBle_Shutdown\000"
 4875      655F5368 
 4875      7574646F 
 4875      776E00
 4876              	.LASF117:
 4877 0876 4359424C 		.ascii	"CYBLE_ERROR_CONTROLLER_BUSY\000"
 4877      455F4552 
 4877      524F525F 
 4877      434F4E54 
 4877      524F4C4C 
 4878              	.LASF91:
 4879 0892 4359424C 		.ascii	"CYBLE_ERROR_INVALID_PARAMETER\000"
 4879      455F4552 
 4879      524F525F 
 4879      494E5641 
 4879      4C49445F 
 4880              	.LASF228:
 4881 08b0 6379426C 		.ascii	"cyBle_stackDataBuff\000"
 4881      655F7374 
 4881      61636B44 
 4881      61746142 
 4881      75666600 
 4882              	.LASF189:
ARM GAS  C:\Users\Lenovo\AppData\Local\Temp\cco0TkLK.s 			page 120


 4883 08c4 626F756E 		.ascii	"boundedDevCount\000"
 4883      64656444 
 4883      6576436F 
 4883      756E7400 
 4884              	.LASF232:
 4885 08d4 66656174 		.ascii	"featureHeapReq\000"
 4885      75726548 
 4885      65617052 
 4885      657100
 4886              	.LASF145:
 4887 08e3 4359424C 		.ascii	"CYBLE_GAPP_CONNECTABLE_LOW_DC_DIRECTED_ADV\000"
 4887      455F4741 
 4887      50505F43 
 4887      4F4E4E45 
 4887      43544142 
 4888              	.LASF93:
 4889 090e 4359424C 		.ascii	"CYBLE_ERROR_MEMORY_ALLOCATION_FAILED\000"
 4889      455F4552 
 4889      524F525F 
 4889      4D454D4F 
 4889      52595F41 
 4890              	.LASF257:
 4891 0933 6379426C 		.ascii	"cyBle_sflashDeviceAddress\000"
 4891      655F7366 
 4891      6C617368 
 4891      44657669 
 4891      63654164 
 4892              	.LASF187:
 4893 094d 61747456 		.ascii	"attValuesCCCDFlashMemory\000"
 4893      616C7565 
 4893      73434343 
 4893      44466C61 
 4893      73684D65 
 4894              	.LASF202:
 4895 0966 4359424C 		.ascii	"CYBLE_AIOS_NUM_OF_DIGITAL_DESCR\000"
 4895      455F4149 
 4895      4F535F4E 
 4895      554D5F4F 
 4895      465F4449 
 4896              	.LASF118:
 4897 0986 4359424C 		.ascii	"CYBLE_ERROR_MAX\000"
 4897      455F4552 
 4897      524F525F 
 4897      4D415800 
 4898              	.LASF287:
 4899 0996 47656E65 		.ascii	"Generated_Source\\PSoC4\\BLE_1.c\000"
 4899      72617465 
 4899      645F536F 
 4899      75726365 
 4899      5C50536F 
 4900              	.LASF75:
 4901 09b5 4359424C 		.ascii	"CYBLE_EVT_L2CAP_CONN_PARAM_UPDATE_RSP\000"
 4901      455F4556 
 4901      545F4C32 
 4901      4341505F 
 4901      434F4E4E 
 4902              	.LASF87:
ARM GAS  C:\Users\Lenovo\AppData\Local\Temp\cco0TkLK.s 			page 121


 4903 09db 4359424C 		.ascii	"CYBLE_EVT_HCI_PKT\000"
 4903      455F4556 
 4903      545F4843 
 4903      495F504B 
 4903      5400
 4904              	.LASF186:
 4905 09ed 73746163 		.ascii	"stackFlashptr\000"
 4905      6B466C61 
 4905      73687074 
 4905      7200
 4906              	.LASF155:
 4907 09fb 4359424C 		.ascii	"CYBLE_GAPP_DISC_PARAM_T\000"
 4907      455F4741 
 4907      50505F44 
 4907      4953435F 
 4907      50415241 
 4908              	.LASF223:
 4909 0a13 6D61784C 		.ascii	"maxLength\000"
 4909      656E6774 
 4909      6800
 4910              	.LASF29:
 4911 0a1d 4359424C 		.ascii	"CYBLE_EVT_GAP_AUTH_COMPLETE\000"
 4911      455F4556 
 4911      545F4741 
 4911      505F4155 
 4911      54485F43 
 4912              	.LASF154:
 4913 0a39 61647646 		.ascii	"advFilterPolicy\000"
 4913      696C7465 
 4913      72506F6C 
 4913      69637900 
 4914              	.LASF30:
 4915 0a49 4359424C 		.ascii	"CYBLE_EVT_GAP_AUTH_FAILED\000"
 4915      455F4556 
 4915      545F4741 
 4915      505F4155 
 4915      54485F46 
 4916              	.LASF123:
 4917 0a63 4359424C 		.ascii	"CYBLE_ERROR_STACK_BUSY\000"
 4917      455F4552 
 4917      524F525F 
 4917      53544143 
 4917      4B5F4255 
 4918              	.LASF273:
 4919 0a7a 4379426C 		.ascii	"CyBle_StackSetFeatureConfig\000"
 4919      655F5374 
 4919      61636B53 
 4919      65744665 
 4919      61747572 
 4920              	.LASF149:
 4921 0a96 61647654 		.ascii	"advType\000"
 4921      79706500 
 4922              	.LASF94:
 4923 0a9e 4359424C 		.ascii	"CYBLE_ERROR_INSUFFICIENT_RESOURCES\000"
 4923      455F4552 
 4923      524F525F 
 4923      494E5355 
ARM GAS  C:\Users\Lenovo\AppData\Local\Temp\cco0TkLK.s 			page 122


 4923      46464943 
 4924              	.LASF196:
 4925 0ac1 4359424C 		.ascii	"CYBLE_AIOS_CHAR_PRESENTATION_FORMAT\000"
 4925      455F4149 
 4925      4F535F43 
 4925      4841525F 
 4925      50524553 
 4926              	.LASF5:
 4927 0ae5 6C6F6E67 		.ascii	"long unsigned int\000"
 4927      20756E73 
 4927      69676E65 
 4927      6420696E 
 4927      7400
 4928              	.LASF114:
 4929 0af7 4359424C 		.ascii	"CYBLE_ERROR_UNSUPPORTED_FEATURE_OR_PARAMETER_VALUE\000"
 4929      455F4552 
 4929      524F525F 
 4929      554E5355 
 4929      50504F52 
 4930              	.LASF190:
 4931 0b2a 43595F42 		.ascii	"CY_BLE_FLASH_STORAGE\000"
 4931      4C455F46 
 4931      4C415348 
 4931      5F53544F 
 4931      52414745 
 4932              	.LASF200:
 4933 0b3f 4359424C 		.ascii	"CYBLE_AIOS_TIME_TRIGGER_SETTINGS\000"
 4933      455F4149 
 4933      4F535F54 
 4933      494D455F 
 4933      54524947 
 4934              	.LASF135:
 4935 0b60 7265736F 		.ascii	"resolvingListSize\000"
 4935      6C76696E 
 4935      674C6973 
 4935      7453697A 
 4935      6500
 4936              	.LASF104:
 4937 0b72 4359424C 		.ascii	"CYBLE_ERROR_L2CAP_PSM_ALREADY_REGISTERED\000"
 4937      455F4552 
 4937      524F525F 
 4937      4C324341 
 4937      505F5053 
 4938              	.LASF177:
 4939 0b9b 61747456 		.ascii	"attValueUuid\000"
 4939      616C7565 
 4939      55756964 
 4939      00
 4940              	.LASF284:
 4941 0ba8 4379426C 		.ascii	"CyBle_GappEnterDiscoveryMode\000"
 4941      655F4761 
 4941      7070456E 
 4941      74657244 
 4941      6973636F 
 4942              	.LASF35:
 4943 0bc5 4359424C 		.ascii	"CYBLE_EVT_GAP_CONNECTION_UPDATE_COMPLETE\000"
 4943      455F4556 
ARM GAS  C:\Users\Lenovo\AppData\Local\Temp\cco0TkLK.s 			page 123


 4943      545F4741 
 4943      505F434F 
 4943      4E4E4543 
 4944              	.LASF269:
 4945 0bee 6379426C 		.ascii	"cyBle_busyStatus\000"
 4945      655F6275 
 4945      73795374 
 4945      61747573 
 4945      00
 4946              	.LASF244:
 4947 0bff 4379426C 		.ascii	"CyBle_ChangeAdDeviceAddress\000"
 4947      655F4368 
 4947      616E6765 
 4947      41644465 
 4947      76696365 
 4948              	.LASF205:
 4949 0c1b 4359424C 		.ascii	"CYBLE_STATE_INITIALIZING\000"
 4949      455F5354 
 4949      4154455F 
 4949      494E4954 
 4949      49414C49 
 4950              	.LASF79:
 4951 0c34 4359424C 		.ascii	"CYBLE_EVT_L2CAP_CBFC_DISCONN_IND\000"
 4951      455F4556 
 4951      545F4C32 
 4951      4341505F 
 4951      43424643 
 4952              	.LASF233:
 4953 0c55 4379426C 		.ascii	"CyBle_Stop\000"
 4953      655F5374 
 4953      6F7000
 4954              	.LASF27:
 4955 0c60 4359424C 		.ascii	"CYBLE_EVT_GAP_PASSKEY_ENTRY_REQUEST\000"
 4955      455F4556 
 4955      545F4741 
 4955      505F5041 
 4955      53534B45 
 4956              	.LASF140:
 4957 0c84 4359424C 		.ascii	"CYBLE_STACK_CONFIG_PARAM_T\000"
 4957      455F5354 
 4957      41434B5F 
 4957      434F4E46 
 4957      49475F50 
 4958              	.LASF131:
 4959 0c9f 646C654D 		.ascii	"dleMaxTxCapability\000"
 4959      61785478 
 4959      43617061 
 4959      62696C69 
 4959      747900
 4960              	.LASF266:
 4961 0cb2 6379426C 		.ascii	"cyBle_flashStorage\000"
 4961      655F666C 
 4961      61736853 
 4961      746F7261 
 4961      676500
 4962              	.LASF6:
 4963 0cc5 6C6F6E67 		.ascii	"long long int\000"
ARM GAS  C:\Users\Lenovo\AppData\Local\Temp\cco0TkLK.s 			page 124


 4963      206C6F6E 
 4963      6720696E 
 4963      7400
 4964              	.LASF163:
 4965 0cd3 61647650 		.ascii	"advParam\000"
 4965      6172616D 
 4965      00
 4966              	.LASF105:
 4967 0cdc 4359424C 		.ascii	"CYBLE_ERROR_L2CAP_PSM_NOT_REGISTERED\000"
 4967      455F4552 
 4967      524F525F 
 4967      4C324341 
 4967      505F5053 
 4968              	.LASF95:
 4969 0d01 4359424C 		.ascii	"CYBLE_ERROR_OOB_NOT_AVAILABLE\000"
 4969      455F4552 
 4969      524F525F 
 4969      4F4F425F 
 4969      4E4F545F 
 4970              	.LASF13:
 4971 0d1f 646F7562 		.ascii	"double\000"
 4971      6C6500
 4972              	.LASF110:
 4973 0d26 4359424C 		.ascii	"CYBLE_ERROR_DEVICE_ALREADY_EXISTS\000"
 4973      455F4552 
 4973      524F525F 
 4973      44455649 
 4973      43455F41 
 4974              	.LASF85:
 4975 0d48 4359424C 		.ascii	"CYBLE_EVT_PENDING_FLASH_WRITE\000"
 4975      455F4556 
 4975      545F5045 
 4975      4E44494E 
 4975      475F464C 
 4976              	.LASF271:
 4977 0d66 6379426C 		.ascii	"cyBle_advertisingIntervalType\000"
 4977      655F6164 
 4977      76657274 
 4977      6973696E 
 4977      67496E74 
 4978              	.LASF211:
 4979 0d84 64657669 		.ascii	"deviceNameCharHandle\000"
 4979      63654E61 
 4979      6D654368 
 4979      61724861 
 4979      6E646C65 
 4980              	.LASF151:
 4981 0d99 64697265 		.ascii	"directAddrType\000"
 4981      63744164 
 4981      64725479 
 4981      706500
 4982              	.LASF42:
 4983 0da8 4359424C 		.ascii	"CYBLE_EVT_GAP_ENHANCE_CONN_COMPLETE\000"
 4983      455F4556 
 4983      545F4741 
 4983      505F454E 
 4983      48414E43 
ARM GAS  C:\Users\Lenovo\AppData\Local\Temp\cco0TkLK.s 			page 125


 4984              	.LASF107:
 4985 0dcc 4359424C 		.ascii	"CYBLE_ERROR_L2CAP_CHANNEL_NOT_FOUND\000"
 4985      455F4552 
 4985      524F525F 
 4985      4C324341 
 4985      505F4348 
 4986              	.LASF136:
 4987 0df0 4359424C 		.ascii	"CYBLE_PRIVACY_1_2_CONFIG_PARAM_T\000"
 4987      455F5052 
 4987      49564143 
 4987      595F315F 
 4987      325F434F 
 4988              	.LASF264:
 4989 0e11 6379426C 		.ascii	"cyBle_gattDB\000"
 4989      655F6761 
 4989      74744442 
 4989      00
 4990              	.LASF98:
 4991 0e1e 4359424C 		.ascii	"CYBLE_ERROR_REPEATED_ATTEMPTS\000"
 4991      455F4552 
 4991      524F525F 
 4991      52455045 
 4991      41544544 
 4992              	.LASF12:
 4993 0e3c 666C6F61 		.ascii	"float\000"
 4993      7400
 4994              	.LASF111:
 4995 0e42 4359424C 		.ascii	"CYBLE_ERROR_FLASH_WRITE_NOT_PERMITED\000"
 4995      455F4552 
 4995      524F525F 
 4995      464C4153 
 4995      485F5752 
 4996              	.LASF72:
 4997 0e67 4359424C 		.ascii	"CYBLE_EVT_GATTS_READ_CHAR_VAL_ACCESS_REQ\000"
 4997      455F4556 
 4997      545F4741 
 4997      5454535F 
 4997      52454144 
 4998              	.LASF237:
 4999 0e90 64656661 		.ascii	"defaultValuesCCCD\000"
 4999      756C7456 
 4999      616C7565 
 4999      73434343 
 4999      4400
 5000              	.LASF133:
 5001 0ea2 646C654E 		.ascii	"dleNumTxBuffer\000"
 5001      756D5478 
 5001      42756666 
 5001      657200
 5002              	.LASF8:
 5003 0eb1 756E7369 		.ascii	"unsigned int\000"
 5003      676E6564 
 5003      20696E74 
 5003      00
 5004              	.LASF139:
 5005 0ebe 66656174 		.ascii	"feature_mask\000"
 5005      7572655F 
ARM GAS  C:\Users\Lenovo\AppData\Local\Temp\cco0TkLK.s 			page 126


 5005      6D61736B 
 5005      00
 5006              	.LASF64:
 5007 0ecb 4359424C 		.ascii	"CYBLE_EVT_GATTS_PREP_WRITE_REQ\000"
 5007      455F4556 
 5007      545F4741 
 5007      5454535F 
 5007      50524550 
 5008              	.LASF182:
 5009 0eea 61747445 		.ascii	"attEndHandle\000"
 5009      6E644861 
 5009      6E646C65 
 5009      00
 5010              	.LASF191:
 5011 0ef7 4359424C 		.ascii	"CYBLE_AIOS_DIGITAL\000"
 5011      455F4149 
 5011      4F535F44 
 5011      49474954 
 5011      414C00
 5012              	.LASF194:
 5013 0f0a 4359424C 		.ascii	"CYBLE_AIOS_CHAR_COUNT\000"
 5013      455F4149 
 5013      4F535F43 
 5013      4841525F 
 5013      434F554E 
 5014              	.LASF219:
 5015 0f20 666C6167 		.ascii	"flag\000"
 5015      00
 5016              	.LASF288:
 5017 0f25 443A5C55 		.ascii	"D:\\UCU\\POC\\PSoC_Projects_Embedded\\PSoC_LAB4\\la"
 5017      43555C50 
 5017      4F435C50 
 5017      536F435F 
 5017      50726F6A 
 5018 0f53 62362D70 		.ascii	"b6-psoc-3-shevchuk-lykhanskyi\\Lab_4_1_BLE_Automati"
 5018      736F632D 
 5018      332D7368 
 5018      65766368 
 5018      756B2D6C 
 5019 0f85 6F6E5F49 		.ascii	"on_IO.cydsn\000"
 5019      4F2E6379 
 5019      64736E00 
 5020              	.LASF249:
 5021 0f91 4379426C 		.ascii	"CyBle_Set16ByPtr\000"
 5021      655F5365 
 5021      74313642 
 5021      79507472 
 5021      00
 5022              	.LASF103:
 5023 0fa2 4359424C 		.ascii	"CYBLE_ERROR_L2CAP_PSM_WRONG_ENCODING\000"
 5023      455F4552 
 5023      524F525F 
 5023      4C324341 
 5023      505F5053 
 5024              	.LASF246:
 5025 0fc7 63686172 		.ascii	"charLen\000"
 5025      4C656E00 
ARM GAS  C:\Users\Lenovo\AppData\Local\Temp\cco0TkLK.s 			page 127


 5026              	.LASF89:
 5027 0fcf 4359424C 		.ascii	"CYBLE_EVT_MAX\000"
 5027      455F4556 
 5027      545F4D41 
 5027      5800
 5028              	.LASF36:
 5029 0fdd 4359424C 		.ascii	"CYBLE_EVT_GAPC_SCAN_START_STOP\000"
 5029      455F4556 
 5029      545F4741 
 5029      50435F53 
 5029      43414E5F 
 5030              	.LASF146:
 5031 0ffc 4359424C 		.ascii	"CYBLE_GAPP_ADV_T\000"
 5031      455F4741 
 5031      50505F41 
 5031      44565F54 
 5031      00
 5032              	.LASF61:
 5033 100d 4359424C 		.ascii	"CYBLE_EVT_GATTS_WRITE_REQ\000"
 5033      455F4556 
 5033      545F4741 
 5033      5454535F 
 5033      57524954 
 5034              	.LASF156:
 5035 1027 61647644 		.ascii	"advData\000"
 5035      61746100 
 5036              	.LASF70:
 5037 102f 4359424C 		.ascii	"CYBLE_EVT_GATTS_DATA_SIGNED_CMD_REQ\000"
 5037      455F4556 
 5037      545F4741 
 5037      5454535F 
 5037      44415441 
 5038              	.LASF260:
 5039 1053 6379426C 		.ascii	"cyBle_scanRspData\000"
 5039      655F7363 
 5039      616E5273 
 5039      70446174 
 5039      6100
 5040              	.LASF213:
 5041 1065 70726566 		.ascii	"prefConnParamCharHandle\000"
 5041      436F6E6E 
 5041      50617261 
 5041      6D436861 
 5041      7248616E 
 5042              	.LASF28:
 5043 107d 4359424C 		.ascii	"CYBLE_EVT_GAP_PASSKEY_DISPLAY_REQUEST\000"
 5043      455F4556 
 5043      545F4741 
 5043      505F5041 
 5043      53534B45 
 5044              	.LASF120:
 5045 10a3 4359424C 		.ascii	"CYBLE_ERROR_IND_DISABLED\000"
 5045      455F4552 
 5045      524F525F 
 5045      494E445F 
 5045      44495341 
 5046              	.LASF119:
ARM GAS  C:\Users\Lenovo\AppData\Local\Temp\cco0TkLK.s 			page 128


 5047 10bc 4359424C 		.ascii	"CYBLE_ERROR_NTF_DISABLED\000"
 5047      455F4552 
 5047      524F525F 
 5047      4E54465F 
 5047      44495341 
 5048              	.LASF197:
 5049 10d5 4359424C 		.ascii	"CYBLE_AIOS_CHAR_USER_DESCRIPTION_DESCR\000"
 5049      455F4149 
 5049      4F535F43 
 5049      4841525F 
 5049      55534552 
 5050              	.LASF58:
 5051 10fc 4359424C 		.ascii	"CYBLE_EVT_GATTC_READ_RSP\000"
 5051      455F4556 
 5051      545F4741 
 5051      5454435F 
 5051      52454144 
 5052              	.LASF142:
 5053 1115 4359424C 		.ascii	"CYBLE_GAPP_CONNECTABLE_HIGH_DC_DIRECTED_ADV\000"
 5053      455F4741 
 5053      50505F43 
 5053      4F4E4E45 
 5053      43544142 
 5054              	.LASF78:
 5055 1141 4359424C 		.ascii	"CYBLE_EVT_L2CAP_CBFC_CONN_CNF\000"
 5055      455F4556 
 5055      545F4C32 
 5055      4341505F 
 5055      43424643 
 5056              	.LASF230:
 5057 115f 70726976 		.ascii	"privacyConfigParams\000"
 5057      61637943 
 5057      6F6E6669 
 5057      67506172 
 5057      616D7300 
 5058              	.LASF172:
 5059 1173 4359424C 		.ascii	"CYBLE_GATTS_ATT_GEN_VAL_LEN_T\000"
 5059      455F4741 
 5059      5454535F 
 5059      4154545F 
 5059      47454E5F 
 5060              	.LASF88:
 5061 1191 4359424C 		.ascii	"CYBLE_EVT_FLASH_CORRUPT\000"
 5061      455F4556 
 5061      545F464C 
 5061      4153485F 
 5061      434F5252 
 5062              	.LASF16:
 5063 11a9 6C6F6E67 		.ascii	"long double\000"
 5063      20646F75 
 5063      626C6500 
 5064              	.LASF128:
 5065 11b5 62756666 		.ascii	"bufferSize\000"
 5065      65725369 
 5065      7A6500
 5066              	.LASF24:
 5067 11c0 4359424C 		.ascii	"CYBLE_EVT_MEMORY_REQUEST\000"
ARM GAS  C:\Users\Lenovo\AppData\Local\Temp\cco0TkLK.s 			page 129


 5067      455F4556 
 5067      545F4D45 
 5067      4D4F5259 
 5067      5F524551 
 5068              	.LASF248:
 5069 11d9 4379426C 		.ascii	"CyBle_Get16ByPtr\000"
 5069      655F4765 
 5069      74313642 
 5069      79507472 
 5069      00
 5070              	.LASF212:
 5071 11ea 61707065 		.ascii	"appearanceCharHandle\000"
 5071      6172616E 
 5071      63654368 
 5071      61724861 
 5071      6E646C65 
 5072              	.LASF34:
 5073 11ff 4359424C 		.ascii	"CYBLE_EVT_GAP_ENCRYPT_CHANGE\000"
 5073      455F4556 
 5073      545F4741 
 5073      505F454E 
 5073      43525950 
 5074              	.LASF52:
 5075 121c 4359424C 		.ascii	"CYBLE_EVT_GATTS_XCNHG_MTU_REQ\000"
 5075      455F4556 
 5075      545F4741 
 5075      5454535F 
 5075      58434E48 
 5076              	.LASF48:
 5077 123a 4359424C 		.ascii	"CYBLE_EVT_GAP_SMP_LOC_P256_KEYS_GEN_AND_SET_COMPLET"
 5077      455F4556 
 5077      545F4741 
 5077      505F534D 
 5077      505F4C4F 
 5078 126d 4500     		.ascii	"E\000"
 5079              	.LASF7:
 5080 126f 6C6F6E67 		.ascii	"long long unsigned int\000"
 5080      206C6F6E 
 5080      6720756E 
 5080      7369676E 
 5080      65642069 
 5081              	.LASF20:
 5082 1286 4359424C 		.ascii	"CYBLE_EVT_TIMEOUT\000"
 5082      455F4556 
 5082      545F5449 
 5082      4D454F55 
 5082      5400
 5083              	.LASF236:
 5084 1298 6973466F 		.ascii	"isForceWrite\000"
 5084      72636557 
 5084      72697465 
 5084      00
 5085              	.LASF122:
 5086 12a5 4359424C 		.ascii	"CYBLE_ERROR_INVALID_STATE\000"
 5086      455F4552 
 5086      524F525F 
 5086      494E5641 
ARM GAS  C:\Users\Lenovo\AppData\Local\Temp\cco0TkLK.s 			page 130


 5086      4C49445F 
 5087              	.LASF166:
 5088 12bf 4359424C 		.ascii	"CYBLE_GATT_DB_ATTR_HANDLE_T\000"
 5088      455F4741 
 5088      54545F44 
 5088      425F4154 
 5088      54525F48 
 5089              	.LASF81:
 5090 12db 4359424C 		.ascii	"CYBLE_EVT_L2CAP_CBFC_DATA_READ\000"
 5090      455F4556 
 5090      545F4C32 
 5090      4341505F 
 5090      43424643 
 5091              	.LASF250:
 5092 12fa 76616C75 		.ascii	"value\000"
 5092      6500
 5093              	.LASF183:
 5094 1300 61747456 		.ascii	"attValue\000"
 5094      616C7565 
 5094      00
 5095              	.LASF252:
 5096 1309 4379426C 		.ascii	"CyBle_ApplCallback\000"
 5096      655F4170 
 5096      706C4361 
 5096      6C6C6261 
 5096      636B00
 5097              	.LASF115:
 5098 131c 4359424C 		.ascii	"CYBLE_ERROR_FLASH_WRITE\000"
 5098      455F4552 
 5098      524F525F 
 5098      464C4153 
 5098      485F5752 
 5099              	.LASF216:
 5100 1334 4359424C 		.ascii	"CYBLE_GAPS_T\000"
 5100      455F4741 
 5100      50535F54 
 5100      00
 5101              	.LASF127:
 5102 1341 4359424C 		.ascii	"CYBLE_GAP_BD_ADDR_T\000"
 5102      455F4741 
 5102      505F4244 
 5102      5F414444 
 5102      525F5400 
 5103              	.LASF278:
 5104 1355 6D656D73 		.ascii	"memset\000"
 5104      657400
 5105              	.LASF138:
 5106 135c 70726976 		.ascii	"privacyConfig\000"
 5106      61637943 
 5106      6F6E6669 
 5106      6700
 5107              	.LASF170:
 5108 136a 61637475 		.ascii	"actualLength\000"
 5108      616C4C65 
 5108      6E677468 
 5108      00
 5109              	.LASF157:
ARM GAS  C:\Users\Lenovo\AppData\Local\Temp\cco0TkLK.s 			page 131


 5110 1377 61647644 		.ascii	"advDataLen\000"
 5110      6174614C 
 5110      656E00
 5111              	.LASF218:
 5112 1382 64657374 		.ascii	"dest\000"
 5112      00
 5113              	.LASF165:
 5114 1387 4359424C 		.ascii	"CYBLE_GAPP_DISC_MODE_INFO_T\000"
 5114      455F4741 
 5114      50505F44 
 5114      4953435F 
 5114      4D4F4445 
 5115              	.LASF262:
 5116 13a3 6379426C 		.ascii	"cyBle_pendingFlashWrite\000"
 5116      655F7065 
 5116      6E64696E 
 5116      67466C61 
 5116      73685772 
 5117              	.LASF56:
 5118 13bb 4359424C 		.ascii	"CYBLE_EVT_GATTC_FIND_INFO_RSP\000"
 5118      455F4556 
 5118      545F4741 
 5118      5454435F 
 5118      46494E44 
 5119              	.LASF55:
 5120 13d9 4359424C 		.ascii	"CYBLE_EVT_GATTC_READ_BY_TYPE_RSP\000"
 5120      455F4556 
 5120      545F4741 
 5120      5454435F 
 5120      52454144 
 5121              	.LASF283:
 5122 13fa 4379426C 		.ascii	"CyBle_GapRemoveDeviceFromWhiteList\000"
 5122      655F4761 
 5122      7052656D 
 5122      6F766544 
 5122      65766963 
 5123              	.LASF234:
 5124 141d 4379426C 		.ascii	"CyBle_Start\000"
 5124      655F5374 
 5124      61727400 
 5125              	.LASF267:
 5126 1429 6379426C 		.ascii	"cyBle_state\000"
 5126      655F7374 
 5126      61746500 
 5127              	.LASF229:
 5128 1435 646C6543 		.ascii	"dleConfigParams\000"
 5128      6F6E6669 
 5128      67506172 
 5128      616D7300 
 5129              	.LASF281:
 5130 1445 6D656D63 		.ascii	"memcmp\000"
 5130      6D7000
 5131              	.LASF116:
 5132 144c 4359424C 		.ascii	"CYBLE_ERROR_LL_SAME_TRANSACTION_COLLISION\000"
 5132      455F4552 
 5132      524F525F 
 5132      4C4C5F53 
ARM GAS  C:\Users\Lenovo\AppData\Local\Temp\cco0TkLK.s 			page 132


 5132      414D455F 
 5133              	.LASF62:
 5134 1476 4359424C 		.ascii	"CYBLE_EVT_GATTC_WRITE_RSP\000"
 5134      455F4556 
 5134      545F4741 
 5134      5454435F 
 5134      57524954 
 5135              	.LASF208:
 5136 1490 4359424C 		.ascii	"CYBLE_STATE_DISCONNECTED\000"
 5136      455F5354 
 5136      4154455F 
 5136      44495343 
 5136      4F4E4E45 
 5137              	.LASF178:
 5138 14a9 4359424C 		.ascii	"CYBLE_GATTS_ATT_VALUE_T\000"
 5138      455F4741 
 5138      5454535F 
 5138      4154545F 
 5138      56414C55 
 5139              	.LASF272:
 5140 14c1 4379426C 		.ascii	"CyBle_AiosInit\000"
 5140      655F4169 
 5140      6F73496E 
 5140      697400
 5141              	.LASF175:
 5142 14d0 4359424C 		.ascii	"CYBLE_GATTS_ATT_PACK_VAL_LEN_T\000"
 5142      455F4741 
 5142      5454535F 
 5142      4154545F 
 5142      5041434B 
 5143              	.LASF31:
 5144 14ef 4359424C 		.ascii	"CYBLE_EVT_GAPP_ADVERTISEMENT_START_STOP\000"
 5144      455F4556 
 5144      545F4741 
 5144      50505F41 
 5144      44564552 
 5145              	.LASF161:
 5146 1517 4359424C 		.ascii	"CYBLE_GAPP_SCAN_RSP_DATA_T\000"
 5146      455F4741 
 5146      50505F53 
 5146      43414E5F 
 5146      5253505F 
 5147              	.LASF171:
 5148 1532 61747447 		.ascii	"attGenericVal\000"
 5148      656E6572 
 5148      69635661 
 5148      6C00
 5149              	.LASF217:
 5150 1540 6E616D65 		.ascii	"name\000"
 5150      00
 5151              	.LASF9:
 5152 1545 75696E74 		.ascii	"uint8\000"
 5152      3800
 5153              	.LASF253:
 5154 154b 6379426C 		.ascii	"cyBle_initVar\000"
 5154      655F696E 
 5154      69745661 
ARM GAS  C:\Users\Lenovo\AppData\Local\Temp\cco0TkLK.s 			page 133


 5154      7200
 5155              	.LASF39:
 5156 1559 4359424C 		.ascii	"CYBLE_EVT_GAP_KEYPRESS_NOTIFICATION\000"
 5156      455F4556 
 5156      545F4741 
 5156      505F4B45 
 5156      59505245 
 5157              	.LASF268:
 5158 157d 6379426C 		.ascii	"cyBle_connHandle\000"
 5158      655F636F 
 5158      6E6E4861 
 5158      6E646C65 
 5158      00
 5159              	.LASF2:
 5160 158e 73686F72 		.ascii	"short int\000"
 5160      7420696E 
 5160      7400
 5161              	.LASF245:
 5162 1598 4379426C 		.ascii	"CyBle_GapSetLocalName\000"
 5162      655F4761 
 5162      70536574 
 5162      4C6F6361 
 5162      6C4E616D 
 5163              	.LASF174:
 5164 15ae 61747447 		.ascii	"attGenericValLen\000"
 5164      656E6572 
 5164      69635661 
 5164      6C4C656E 
 5164      00
 5165              	.LASF176:
 5166 15bf 61747446 		.ascii	"attFormatValue\000"
 5166      6F726D61 
 5166      7456616C 
 5166      756500
 5167              	.LASF160:
 5168 15ce 7363616E 		.ascii	"scanRspDataLen\000"
 5168      52737044 
 5168      6174614C 
 5168      656E00
 5169              	.LASF113:
 5170 15dd 4359424C 		.ascii	"CYBLE_ERROR_HARDWARE_FAILURE\000"
 5170      455F4552 
 5170      524F525F 
 5170      48415244 
 5170      57415245 
 5171              	.LASF275:
 5172 15fa 4379426C 		.ascii	"CyBle_GattsDbRegister\000"
 5172      655F4761 
 5172      74747344 
 5172      62526567 
 5172      69737465 
 5173              	.LASF49:
 5174 1610 4359424C 		.ascii	"CYBLE_EVT_GATTC_ERROR_RSP\000"
 5174      455F4556 
 5174      545F4741 
 5174      5454435F 
 5174      4552524F 
ARM GAS  C:\Users\Lenovo\AppData\Local\Temp\cco0TkLK.s 			page 134


 5175              	.LASF209:
 5176 162a 4359424C 		.ascii	"CYBLE_STATE_T\000"
 5176      455F5354 
 5176      4154455F 
 5176      5400
 5177              	.LASF143:
 5178 1638 4359424C 		.ascii	"CYBLE_GAPP_SCANNABLE_UNDIRECTED_ADV\000"
 5178      455F4741 
 5178      50505F53 
 5178      43414E4E 
 5178      41424C45 
 5179              	.LASF77:
 5180 165c 4359424C 		.ascii	"CYBLE_EVT_L2CAP_CBFC_CONN_IND\000"
 5180      455F4556 
 5180      545F4C32 
 5180      4341505F 
 5180      43424643 
 5181              	.LASF65:
 5182 167a 4359424C 		.ascii	"CYBLE_EVT_GATTS_EXEC_WRITE_REQ\000"
 5182      455F4556 
 5182      545F4741 
 5182      5454535F 
 5182      45584543 
 5183              	.LASF25:
 5184 1699 4359424C 		.ascii	"CYBLE_EVT_GAPC_SCAN_PROGRESS_RESULT\000"
 5184      455F4556 
 5184      545F4741 
 5184      50435F53 
 5184      43414E5F 
 5185              	.LASF188:
 5186 16bd 63636364 		.ascii	"cccdCount\000"
 5186      436F756E 
 5186      7400
 5187              	.LASF261:
 5188 16c7 6379426C 		.ascii	"cyBle_discoveryModeInfo\000"
 5188      655F6469 
 5188      73636F76 
 5188      6572794D 
 5188      6F646549 
 5189              	.LASF99:
 5190 16df 4359424C 		.ascii	"CYBLE_ERROR_GAP_ROLE\000"
 5190      455F4552 
 5190      524F525F 
 5190      4741505F 
 5190      524F4C45 
 5191              	.LASF254:
 5192 16f4 6379426C 		.ascii	"cyBle_stackMemoryRam\000"
 5192      655F7374 
 5192      61636B4D 
 5192      656D6F72 
 5192      7952616D 
 5193              	.LASF46:
 5194 1709 4359424C 		.ascii	"CYBLE_EVT_GAP_SCAN_REQ_RECVD\000"
 5194      455F4556 
 5194      545F4741 
 5194      505F5343 
 5194      414E5F52 
ARM GAS  C:\Users\Lenovo\AppData\Local\Temp\cco0TkLK.s 			page 135


 5195              	.LASF214:
 5196 1726 63656E74 		.ascii	"centralAddrResolutionCharHandle\000"
 5196      72616C41 
 5196      64647252 
 5196      65736F6C 
 5196      7574696F 
 5197              	.LASF125:
 5198 1746 62644164 		.ascii	"bdAddr\000"
 5198      647200
 5199              	.LASF270:
 5200 174d 6379426C 		.ascii	"cyBle_gaps\000"
 5200      655F6761 
 5200      707300
 5201              	.LASF255:
 5202 1758 6379426C 		.ascii	"cyBle_eventHandlerFlag\000"
 5202      655F6576 
 5202      656E7448 
 5202      616E646C 
 5202      6572466C 
 5203              	.LASF235:
 5204 176f 4379426C 		.ascii	"CyBle_StoreBondingData\000"
 5204      655F5374 
 5204      6F726542 
 5204      6F6E6469 
 5204      6E674461 
 5205              	.LASF96:
 5206 1786 4359424C 		.ascii	"CYBLE_ERROR_NO_CONNECTION\000"
 5206      455F4552 
 5206      524F525F 
 5206      4E4F5F43 
 5206      4F4E4E45 
 5207              	.LASF277:
 5208 17a0 6D656D63 		.ascii	"memcpy\000"
 5208      707900
 5209              	.LASF221:
 5210 17a7 62797465 		.ascii	"byteCounter\000"
 5210      436F756E 
 5210      74657200 
 5211              	.LASF86:
 5212 17b3 4359424C 		.ascii	"CYBLE_EVT_LE_PING_AUTH_TIMEOUT\000"
 5212      455F4556 
 5212      545F4C45 
 5212      5F50494E 
 5212      475F4155 
 5213              	.LASF124:
 5214 17d2 4359424C 		.ascii	"CYBLE_API_RESULT_T\000"
 5214      455F4150 
 5214      495F5245 
 5214      53554C54 
 5214      5F5400
 5215              	.LASF265:
 5216 17e5 6379426C 		.ascii	"cyBle_attValuesCCCD\000"
 5216      655F6174 
 5216      7456616C 
 5216      75657343 
 5216      43434400 
 5217              	.LASF68:
ARM GAS  C:\Users\Lenovo\AppData\Local\Temp\cco0TkLK.s 			page 136


 5218 17f9 4359424C 		.ascii	"CYBLE_EVT_GATTC_HANDLE_VALUE_IND\000"
 5218      455F4556 
 5218      545F4741 
 5218      5454435F 
 5218      48414E44 
 5219              	.LASF102:
 5220 181a 4359424C 		.ascii	"CYBLE_ERROR_SEC_FAILED\000"
 5220      455F4552 
 5220      524F525F 
 5220      5345435F 
 5220      4641494C 
 5221              	.LASF240:
 5222 1831 696E7661 		.ascii	"invalidBdAddr\000"
 5222      6C696442 
 5222      64416464 
 5222      7200
 5223              	.LASF23:
 5224 183f 4359424C 		.ascii	"CYBLE_EVT_STACK_BUSY_STATUS\000"
 5224      455F4556 
 5224      545F5354 
 5224      41434B5F 
 5224      42555359 
 5225              	.LASF37:
 5226 185b 4359424C 		.ascii	"CYBLE_EVT_GAP_KEYINFO_EXCHNGE_CMPLT\000"
 5226      455F4556 
 5226      545F4741 
 5226      505F4B45 
 5226      59494E46 
 5227              	.LASF74:
 5228 187f 4359424C 		.ascii	"CYBLE_EVT_L2CAP_CONN_PARAM_UPDATE_REQ\000"
 5228      455F4556 
 5228      545F4C32 
 5228      4341505F 
 5228      434F4E4E 
 5229              	.LASF259:
 5230 18a5 6379426C 		.ascii	"cyBle_discoveryData\000"
 5230      655F6469 
 5230      73636F76 
 5230      65727944 
 5230      61746100 
 5231              	.LASF199:
 5232 18b9 4359424C 		.ascii	"CYBLE_AIOS_VALUE_TRIGGER_SETTINGS\000"
 5232      455F4149 
 5232      4F535F56 
 5232      414C5545 
 5232      5F545249 
 5233              	.LASF210:
 5234 18db 67617053 		.ascii	"gapServiceCharHandle\000"
 5234      65727669 
 5234      63654368 
 5234      61724861 
 5234      6E646C65 
 5235              	.LASF3:
 5236 18f0 73686F72 		.ascii	"short unsigned int\000"
 5236      7420756E 
 5236      7369676E 
 5236      65642069 
ARM GAS  C:\Users\Lenovo\AppData\Local\Temp\cco0TkLK.s 			page 137


 5236      6E7400
 5237              	.LASF152:
 5238 1903 64697265 		.ascii	"directAddr\000"
 5238      63744164 
 5238      647200
 5239              	.LASF206:
 5240 190e 4359424C 		.ascii	"CYBLE_STATE_CONNECTED\000"
 5240      455F5354 
 5240      4154455F 
 5240      434F4E4E 
 5240      45435445 
 5241              	.LASF132:
 5242 1924 646C654D 		.ascii	"dleMaxRxCapability\000"
 5242      61785278 
 5242      43617061 
 5242      62696C69 
 5242      747900
 5243              	.LASF153:
 5244 1937 61647643 		.ascii	"advChannelMap\000"
 5244      68616E6E 
 5244      656C4D61 
 5244      7000
 5245              	.LASF141:
 5246 1945 4359424C 		.ascii	"CYBLE_GAPP_CONNECTABLE_UNDIRECTED_ADV\000"
 5246      455F4741 
 5246      50505F43 
 5246      4F4E4E45 
 5246      43544142 
 5247              	.LASF195:
 5248 196b 4359424C 		.ascii	"CYBLE_AIOS_CCCD\000"
 5248      455F4149 
 5248      4F535F43 
 5248      43434400 
 5249              	.LASF201:
 5250 197b 4359424C 		.ascii	"CYBLE_AIOS_VRD\000"
 5250      455F4149 
 5250      4F535F56 
 5250      524400
 5251              	.LASF168:
 5252 198a 61747449 		.ascii	"attId\000"
 5252      6400
 5253              	.LASF92:
 5254 1990 4359424C 		.ascii	"CYBLE_ERROR_INVALID_OPERATION\000"
 5254      455F4552 
 5254      524F525F 
 5254      494E5641 
 5254      4C49445F 
 5255              	.LASF220:
 5256 19ae 61644C65 		.ascii	"adLength\000"
 5256      6E677468 
 5256      00
 5257              	.LASF22:
 5258 19b7 4359424C 		.ascii	"CYBLE_EVT_HCI_STATUS\000"
 5258      455F4556 
 5258      545F4843 
 5258      495F5354 
 5258      41545553 
ARM GAS  C:\Users\Lenovo\AppData\Local\Temp\cco0TkLK.s 			page 138


 5259              	.LASF51:
 5260 19cc 4359424C 		.ascii	"CYBLE_EVT_GATT_DISCONNECT_IND\000"
 5260      455F4556 
 5260      545F4741 
 5260      54545F44 
 5260      4953434F 
 5261              	.LASF84:
 5262 19ea 4359424C 		.ascii	"CYBLE_EVT_L2CAP_CBFC_DATA_WRITE_IND\000"
 5262      455F4556 
 5262      545F4C32 
 5262      4341505F 
 5262      43424643 
 5263              	.LASF203:
 5264 1a0e 4359424C 		.ascii	"CYBLE_AIOS_DESCR_COUNT\000"
 5264      455F4149 
 5264      4F535F44 
 5264      45534352 
 5264      5F434F55 
 5265              	.LASF73:
 5266 1a25 4359424C 		.ascii	"CYBLE_EVT_GATTC_LONG_PROCEDURE_END\000"
 5266      455F4556 
 5266      545F4741 
 5266      5454435F 
 5266      4C4F4E47 
 5267              	.LASF33:
 5268 1a48 4359424C 		.ascii	"CYBLE_EVT_GAP_DEVICE_DISCONNECTED\000"
 5268      455F4556 
 5268      545F4741 
 5268      505F4445 
 5268      56494345 
 5269              	.LASF69:
 5270 1a6a 4359424C 		.ascii	"CYBLE_EVT_GATTS_HANDLE_VALUE_CNF\000"
 5270      455F4556 
 5270      545F4741 
 5270      5454535F 
 5270      48414E44 
 5271              	.LASF10:
 5272 1a8b 75696E74 		.ascii	"uint16\000"
 5272      313600
 5273              	.LASF150:
 5274 1a92 6F776E41 		.ascii	"ownAddrType\000"
 5274      64647254 
 5274      79706500 
 5275              	.LASF100:
 5276 1a9e 4359424C 		.ascii	"CYBLE_ERROR_TX_POWER_READ\000"
 5276      455F4552 
 5276      524F525F 
 5276      54585F50 
 5276      4F574552 
 5277              	.LASF148:
 5278 1ab8 61647649 		.ascii	"advIntvMax\000"
 5278      6E74764D 
 5278      617800
 5279              		.ident	"GCC: (GNU Tools for ARM Embedded Processors) 5.4.1 20160609 (release) [ARM/embedded-5-bran
