ARM GAS  C:\Users\Lenovo\AppData\Local\Temp\cc6FHT8F.s 			page 1


   1              		.syntax unified
   2              		.cpu cortex-m0
   3              		.fpu softvfp
   4              		.eabi_attribute 20, 1
   5              		.eabi_attribute 21, 1
   6              		.eabi_attribute 23, 3
   7              		.eabi_attribute 24, 1
   8              		.eabi_attribute 25, 1
   9              		.eabi_attribute 26, 1
  10              		.eabi_attribute 30, 1
  11              		.eabi_attribute 34, 0
  12              		.eabi_attribute 18, 4
  13              		.thumb
  14              		.syntax unified
  15              		.file	"CapSense_INT.c"
  16              		.text
  17              	.Ltext0:
  18              		.cfi_sections	.debug_frame
  19              		.section	.text.CapSense_CSDPostSingleScan,"ax",%progbits
  20              		.align	2
  21              		.global	CapSense_CSDPostSingleScan
  22              		.code	16
  23              		.thumb_func
  24              		.type	CapSense_CSDPostSingleScan, %function
  25              	CapSense_CSDPostSingleScan:
  26              	.LFB2:
  27              		.file 1 "Generated_Source\\PSoC4\\CapSense_INT.c"
   1:Generated_Source\PSoC4/CapSense_INT.c **** /***************************************************************************//**
   2:Generated_Source\PSoC4/CapSense_INT.c **** * \file CapSense_INT.c
   3:Generated_Source\PSoC4/CapSense_INT.c **** * \version 4.0
   4:Generated_Source\PSoC4/CapSense_INT.c **** *
   5:Generated_Source\PSoC4/CapSense_INT.c **** * \brief
   6:Generated_Source\PSoC4/CapSense_INT.c **** *   This file contains the source code for implementation of the CapSense component
   7:Generated_Source\PSoC4/CapSense_INT.c **** *   Interrupt Service Routine (ISR).
   8:Generated_Source\PSoC4/CapSense_INT.c **** *
   9:Generated_Source\PSoC4/CapSense_INT.c **** * \see CapSense P4 v4.0 Datasheet
  10:Generated_Source\PSoC4/CapSense_INT.c **** *
  11:Generated_Source\PSoC4/CapSense_INT.c **** *//*****************************************************************************
  12:Generated_Source\PSoC4/CapSense_INT.c **** * Copyright (2016-2017), Cypress Semiconductor Corporation.
  13:Generated_Source\PSoC4/CapSense_INT.c **** ********************************************************************************
  14:Generated_Source\PSoC4/CapSense_INT.c **** * This software is owned by Cypress Semiconductor Corporation (Cypress) and is
  15:Generated_Source\PSoC4/CapSense_INT.c **** * protected by and subject to worldwide patent protection (United States and
  16:Generated_Source\PSoC4/CapSense_INT.c **** * foreign), United States copyright laws and international treaty provisions.
  17:Generated_Source\PSoC4/CapSense_INT.c **** * Cypress hereby grants to licensee a personal, non-exclusive, non-transferable
  18:Generated_Source\PSoC4/CapSense_INT.c **** * license to copy, use, modify, create derivative works of, and compile the
  19:Generated_Source\PSoC4/CapSense_INT.c **** * Cypress Source Code and derivative works for the sole purpose of creating
  20:Generated_Source\PSoC4/CapSense_INT.c **** * custom software in support of licensee product to be used only in conjunction
  21:Generated_Source\PSoC4/CapSense_INT.c **** * with a Cypress integrated circuit as specified in the applicable agreement.
  22:Generated_Source\PSoC4/CapSense_INT.c **** * Any reproduction, modification, translation, compilation, or representation of
  23:Generated_Source\PSoC4/CapSense_INT.c **** * this software except as specified above is prohibited without the express
  24:Generated_Source\PSoC4/CapSense_INT.c **** * written permission of Cypress.
  25:Generated_Source\PSoC4/CapSense_INT.c **** *
  26:Generated_Source\PSoC4/CapSense_INT.c **** * Disclaimer: CYPRESS MAKES NO WARRANTY OF ANY KIND, EXPRESS OR IMPLIED, WITH
  27:Generated_Source\PSoC4/CapSense_INT.c **** * REGARD TO THIS MATERIAL, INCLUDING, BUT NOT LIMITED TO, THE IMPLIED
  28:Generated_Source\PSoC4/CapSense_INT.c **** * WARRANTIES OF MERCHANTABILITY AND FITNESS FOR A PARTICULAR PURPOSE.
  29:Generated_Source\PSoC4/CapSense_INT.c **** * Cypress reserves the right to make changes without further notice to the
  30:Generated_Source\PSoC4/CapSense_INT.c **** * materials described herein. Cypress does not assume any liability arising out
ARM GAS  C:\Users\Lenovo\AppData\Local\Temp\cc6FHT8F.s 			page 2


  31:Generated_Source\PSoC4/CapSense_INT.c **** * of the application or use of any product or circuit described herein. Cypress
  32:Generated_Source\PSoC4/CapSense_INT.c **** * does not authorize its products for use as critical components in life-support
  33:Generated_Source\PSoC4/CapSense_INT.c **** * systems where a malfunction or failure may reasonably be expected to result in
  34:Generated_Source\PSoC4/CapSense_INT.c **** * significant injury to the user. The inclusion of Cypress' product in a life-
  35:Generated_Source\PSoC4/CapSense_INT.c **** * support systems application implies that the manufacturer assumes all risk of
  36:Generated_Source\PSoC4/CapSense_INT.c **** * such use and in doing so indemnifies Cypress against all charges. Use may be
  37:Generated_Source\PSoC4/CapSense_INT.c **** * limited by and subject to the applicable Cypress software license agreement.
  38:Generated_Source\PSoC4/CapSense_INT.c **** *******************************************************************************/
  39:Generated_Source\PSoC4/CapSense_INT.c **** #include "cytypes.h"
  40:Generated_Source\PSoC4/CapSense_INT.c **** #include "cyfitter.h"
  41:Generated_Source\PSoC4/CapSense_INT.c **** #include "CapSense_Configuration.h"
  42:Generated_Source\PSoC4/CapSense_INT.c **** #include "CapSense_Sensing.h"
  43:Generated_Source\PSoC4/CapSense_INT.c **** #include "cyapicallbacks.h"
  44:Generated_Source\PSoC4/CapSense_INT.c **** 
  45:Generated_Source\PSoC4/CapSense_INT.c **** /*******************************************************************************
  46:Generated_Source\PSoC4/CapSense_INT.c **** * Static Function Prototypes
  47:Generated_Source\PSoC4/CapSense_INT.c **** *******************************************************************************/
  48:Generated_Source\PSoC4/CapSense_INT.c **** /**
  49:Generated_Source\PSoC4/CapSense_INT.c **** * \if SECTION_CAPSENSE_INTERNAL
  50:Generated_Source\PSoC4/CapSense_INT.c **** * \addtogroup group_capsense_internal
  51:Generated_Source\PSoC4/CapSense_INT.c **** * \{
  52:Generated_Source\PSoC4/CapSense_INT.c **** */
  53:Generated_Source\PSoC4/CapSense_INT.c **** 
  54:Generated_Source\PSoC4/CapSense_INT.c **** #if (((CapSense_ENABLE == CapSense_CSD_EN) || (CapSense_ENABLE == CapSense_CSD_CSX_EN)) && \
  55:Generated_Source\PSoC4/CapSense_INT.c ****      (CapSense_ENABLE == CapSense_MULTI_FREQ_SCAN_EN))
  56:Generated_Source\PSoC4/CapSense_INT.c ****     static void CapSense_SsNextFrequencyScan(void);
  57:Generated_Source\PSoC4/CapSense_INT.c **** #endif /* (((CapSense_ENABLE == CapSense_CSD_EN) || (CapSense_ENABLE == CapSense_CSD_CSX_EN)) && \
  58:Generated_Source\PSoC4/CapSense_INT.c ****             (CapSense_ENABLE == CapSense_MULTI_FREQ_SCAN_EN)) */
  59:Generated_Source\PSoC4/CapSense_INT.c **** 
  60:Generated_Source\PSoC4/CapSense_INT.c **** #if ((CapSense_ENABLE == CapSense_CSD_EN) || (CapSense_ENABLE == CapSense_CSD_CSX_EN))
  61:Generated_Source\PSoC4/CapSense_INT.c ****     CY_INLINE static void CapSense_SsCSDPostScan(void);
  62:Generated_Source\PSoC4/CapSense_INT.c ****     CY_INLINE static void CapSense_SsCSDInitNextScan(void);
  63:Generated_Source\PSoC4/CapSense_INT.c **** #endif /* ((CapSense_ENABLE == CapSense_CSD_EN) || (CapSense_ENABLE == CapSense_CSD_CSX_EN)) */ 
  64:Generated_Source\PSoC4/CapSense_INT.c **** 
  65:Generated_Source\PSoC4/CapSense_INT.c **** #if (CapSense_ENABLE == CapSense_CSD2X_EN)
  66:Generated_Source\PSoC4/CapSense_INT.c ****     #if (CapSense_ENABLE == CapSense_MULTI_FREQ_SCAN_EN)
  67:Generated_Source\PSoC4/CapSense_INT.c ****         CY_INLINE static void CapSense_SsCSD2XCheckNextScan(void);
  68:Generated_Source\PSoC4/CapSense_INT.c ****         static void CapSense_SsCSD2XNextFrequencyScan(void);
  69:Generated_Source\PSoC4/CapSense_INT.c ****     #endif /* (CapSense_ENABLE == CapSense_MULTI_FREQ_SCAN_EN) */
  70:Generated_Source\PSoC4/CapSense_INT.c ****     CY_INLINE static void CapSense_SsCSD2XInitNextScan(void);
  71:Generated_Source\PSoC4/CapSense_INT.c **** #endif /* (CapSense_ENABLE == CapSense_CSD2X_EN) */
  72:Generated_Source\PSoC4/CapSense_INT.c **** 
  73:Generated_Source\PSoC4/CapSense_INT.c ****    
  74:Generated_Source\PSoC4/CapSense_INT.c **** /** \}
  75:Generated_Source\PSoC4/CapSense_INT.c **** * \endif */
  76:Generated_Source\PSoC4/CapSense_INT.c **** 
  77:Generated_Source\PSoC4/CapSense_INT.c **** 
  78:Generated_Source\PSoC4/CapSense_INT.c **** /**
  79:Generated_Source\PSoC4/CapSense_INT.c **** * \if SECTION_CAPSENSE_INTERRUPT
  80:Generated_Source\PSoC4/CapSense_INT.c **** * \addtogroup group_capsense_interrupt
  81:Generated_Source\PSoC4/CapSense_INT.c **** * \{
  82:Generated_Source\PSoC4/CapSense_INT.c **** */
  83:Generated_Source\PSoC4/CapSense_INT.c **** 
  84:Generated_Source\PSoC4/CapSense_INT.c **** 
  85:Generated_Source\PSoC4/CapSense_INT.c **** #if ((CapSense_ENABLE == CapSense_CSD_EN) || (CapSense_ENABLE == CapSense_CSD_CSX_EN))
  86:Generated_Source\PSoC4/CapSense_INT.c **** 
  87:Generated_Source\PSoC4/CapSense_INT.c **** #if (CapSense_ENABLE == CapSense_CSDV2)
ARM GAS  C:\Users\Lenovo\AppData\Local\Temp\cc6FHT8F.s 			page 3


  88:Generated_Source\PSoC4/CapSense_INT.c ****     /*  CSDv2 HW IP block part */
  89:Generated_Source\PSoC4/CapSense_INT.c **** 
  90:Generated_Source\PSoC4/CapSense_INT.c ****     /*******************************************************************************
  91:Generated_Source\PSoC4/CapSense_INT.c ****     * Function Name: CapSense_CSDPostSingleScan
  92:Generated_Source\PSoC4/CapSense_INT.c ****     ****************************************************************************//**
  93:Generated_Source\PSoC4/CapSense_INT.c ****     *
  94:Generated_Source\PSoC4/CapSense_INT.c ****     * \brief
  95:Generated_Source\PSoC4/CapSense_INT.c ****     *  This is an internal ISR function for single-sensor scanning implementation.
  96:Generated_Source\PSoC4/CapSense_INT.c ****     *
  97:Generated_Source\PSoC4/CapSense_INT.c ****     * \details
  98:Generated_Source\PSoC4/CapSense_INT.c ****     *  This ISR handler is triggered when the user calls the
  99:Generated_Source\PSoC4/CapSense_INT.c ****     *  CapSense_CSDScanExt() function.
 100:Generated_Source\PSoC4/CapSense_INT.c ****     *
 101:Generated_Source\PSoC4/CapSense_INT.c ****     *  The following tasks are performed for CSDv1 HW IP block:
 102:Generated_Source\PSoC4/CapSense_INT.c ****     *    1. Disable the CSD interrupt
 103:Generated_Source\PSoC4/CapSense_INT.c ****     *    2. Read the Counter register and update the data structure with raw data
 104:Generated_Source\PSoC4/CapSense_INT.c ****     *    3. Connect the Vref buffer to the AMUX bus
 105:Generated_Source\PSoC4/CapSense_INT.c ****     *    4. Update the Scan Counter
 106:Generated_Source\PSoC4/CapSense_INT.c ****     *    5. Reset the BUSY flag
 107:Generated_Source\PSoC4/CapSense_INT.c ****     *    6. Enable the CSD interrupt.
 108:Generated_Source\PSoC4/CapSense_INT.c ****     *
 109:Generated_Source\PSoC4/CapSense_INT.c ****     *  The following tasks are performed for CSDv2 HW IP block:
 110:Generated_Source\PSoC4/CapSense_INT.c ****     *    1. Check if the raw data is not noisy
 111:Generated_Source\PSoC4/CapSense_INT.c ****     *    2. Read the Counter register and update the data structure with raw data
 112:Generated_Source\PSoC4/CapSense_INT.c ****     *    3. Configure and start the scan for the next frequency if the
 113:Generated_Source\PSoC4/CapSense_INT.c ****     *      multi-frequency is enabled
 114:Generated_Source\PSoC4/CapSense_INT.c ****     *    4. Update the Scan Counter
 115:Generated_Source\PSoC4/CapSense_INT.c ****     *    5. Reset the BUSY flag
 116:Generated_Source\PSoC4/CapSense_INT.c ****     *    6. Enable the CSD interrupt.
 117:Generated_Source\PSoC4/CapSense_INT.c ****     *
 118:Generated_Source\PSoC4/CapSense_INT.c ****     *  The ISR handler changes IMO and initializes scanning for the next frequency
 119:Generated_Source\PSoC4/CapSense_INT.c ****     *  channels when multi-frequency scanning is enabled.
 120:Generated_Source\PSoC4/CapSense_INT.c ****     *
 121:Generated_Source\PSoC4/CapSense_INT.c ****     *  This function has two Macro Callbacks that allow calling the user code
 122:Generated_Source\PSoC4/CapSense_INT.c ****     *  from macros specified in a component's generated code. Refer to the 
 123:Generated_Source\PSoC4/CapSense_INT.c ****     *  \ref group_capsense_macrocallbacks section of PSoC Creator User Guide 
 124:Generated_Source\PSoC4/CapSense_INT.c ****     *  for details. 
 125:Generated_Source\PSoC4/CapSense_INT.c ****     *
 126:Generated_Source\PSoC4/CapSense_INT.c ****     *******************************************************************************/
 127:Generated_Source\PSoC4/CapSense_INT.c ****     CY_ISR(CapSense_CSDPostSingleScan)
 128:Generated_Source\PSoC4/CapSense_INT.c ****     {
 129:Generated_Source\PSoC4/CapSense_INT.c ****         #ifdef CapSense_ENTRY_CALLBACK
 130:Generated_Source\PSoC4/CapSense_INT.c ****             CapSense_EntryCallback();
 131:Generated_Source\PSoC4/CapSense_INT.c ****         #endif /* CapSense_ENTRY_CALLBACK */
 132:Generated_Source\PSoC4/CapSense_INT.c **** 
 133:Generated_Source\PSoC4/CapSense_INT.c ****         /* Clear pending interrupt */
 134:Generated_Source\PSoC4/CapSense_INT.c ****         CY_SET_REG32(CapSense_INTR_PTR, CapSense_INTR_SET_MASK);
 135:Generated_Source\PSoC4/CapSense_INT.c **** 
 136:Generated_Source\PSoC4/CapSense_INT.c ****         #if (CapSense_ENABLE == CapSense_CSD_NOISE_METRIC_EN)
 137:Generated_Source\PSoC4/CapSense_INT.c ****             if ((CapSense_CSD_NOISE_METRIC_TH < ((CY_GET_REG32(CapSense_RESULT_VAL1_PTR) &
 138:Generated_Source\PSoC4/CapSense_INT.c ****                                                         CapSense_RESULT_VAL1_BAD_CONVS_MASK) >>
 139:Generated_Source\PSoC4/CapSense_INT.c ****                                                         CapSense_RESULT_VAL1_BAD_CONVS_SHIFT)) &&
 140:Generated_Source\PSoC4/CapSense_INT.c ****                                                         (0u < CapSense_badConversionsNum))
 141:Generated_Source\PSoC4/CapSense_INT.c ****             {
 142:Generated_Source\PSoC4/CapSense_INT.c ****                 /* Decrement bad conversions number */
 143:Generated_Source\PSoC4/CapSense_INT.c ****                 CapSense_badConversionsNum--;
 144:Generated_Source\PSoC4/CapSense_INT.c **** 
ARM GAS  C:\Users\Lenovo\AppData\Local\Temp\cc6FHT8F.s 			page 4


 145:Generated_Source\PSoC4/CapSense_INT.c ****                 /* Start the re-scan */
 146:Generated_Source\PSoC4/CapSense_INT.c ****                 CY_SET_REG32(CapSense_SEQ_START_PTR, CapSense_SEQ_START_AZ0_SKIP_MASK |
 147:Generated_Source\PSoC4/CapSense_INT.c ****                                                              CapSense_SEQ_START_AZ1_SKIP_MASK |
 148:Generated_Source\PSoC4/CapSense_INT.c ****                                                              CapSense_SEQ_START_START_MASK);
 149:Generated_Source\PSoC4/CapSense_INT.c ****             }
 150:Generated_Source\PSoC4/CapSense_INT.c ****             else
 151:Generated_Source\PSoC4/CapSense_INT.c ****             {
 152:Generated_Source\PSoC4/CapSense_INT.c ****         #endif /* (CapSense_ENABLE == CapSense_CSD_NOISE_METRIC_EN) */
 153:Generated_Source\PSoC4/CapSense_INT.c **** 
 154:Generated_Source\PSoC4/CapSense_INT.c ****             CapSense_SsCSDPostScan();
 155:Generated_Source\PSoC4/CapSense_INT.c **** 
 156:Generated_Source\PSoC4/CapSense_INT.c ****             #if (CapSense_ENABLE == CapSense_MULTI_FREQ_SCAN_EN)
 157:Generated_Source\PSoC4/CapSense_INT.c ****                 if (CapSense_FREQ_CHANNEL_2 > CapSense_scanFreqIndex)
 158:Generated_Source\PSoC4/CapSense_INT.c ****                 {
 159:Generated_Source\PSoC4/CapSense_INT.c ****                     /* Scan the next channel */
 160:Generated_Source\PSoC4/CapSense_INT.c ****                     CapSense_SsNextFrequencyScan();
 161:Generated_Source\PSoC4/CapSense_INT.c ****                 }
 162:Generated_Source\PSoC4/CapSense_INT.c ****                 else
 163:Generated_Source\PSoC4/CapSense_INT.c ****                 {
 164:Generated_Source\PSoC4/CapSense_INT.c ****                     /* All channels are scanned. Set IMO to zero channel */
 165:Generated_Source\PSoC4/CapSense_INT.c ****                     CapSense_scanFreqIndex = CapSense_FREQ_CHANNEL_0;
 166:Generated_Source\PSoC4/CapSense_INT.c ****                     CapSense_SsChangeImoFreq(CapSense_FREQ_CHANNEL_0);
 167:Generated_Source\PSoC4/CapSense_INT.c **** 
 168:Generated_Source\PSoC4/CapSense_INT.c ****                     #if (CapSense_ENABLE == CapSense_BLOCK_OFF_AFTER_SCAN_EN)
 169:Generated_Source\PSoC4/CapSense_INT.c ****                         /*  Disable CSDv2 block */
 170:Generated_Source\PSoC4/CapSense_INT.c ****                         CY_SET_REG32(CapSense_CONFIG_PTR, CapSense_configCsd);
 171:Generated_Source\PSoC4/CapSense_INT.c ****                     #endif /* (CapSense_ENABLE == CapSense_BLOCK_OFF_AFTER_SCAN_EN) */
 172:Generated_Source\PSoC4/CapSense_INT.c **** 
 173:Generated_Source\PSoC4/CapSense_INT.c ****                     /* Update Scan Counter */
 174:Generated_Source\PSoC4/CapSense_INT.c ****                     CapSense_dsRam.scanCounter++;
 175:Generated_Source\PSoC4/CapSense_INT.c **** 
 176:Generated_Source\PSoC4/CapSense_INT.c ****                     /* Sensor is totally scanned. Reset BUSY flag */
 177:Generated_Source\PSoC4/CapSense_INT.c ****                     CapSense_dsRam.status &= ~(CapSense_SW_STS_BUSY | CapSense_WDGT_SW_STS_BUSY);
 178:Generated_Source\PSoC4/CapSense_INT.c ****                 }
 179:Generated_Source\PSoC4/CapSense_INT.c ****             #else
 180:Generated_Source\PSoC4/CapSense_INT.c ****                 {
 181:Generated_Source\PSoC4/CapSense_INT.c ****                     #if (CapSense_ENABLE == CapSense_BLOCK_OFF_AFTER_SCAN_EN)
 182:Generated_Source\PSoC4/CapSense_INT.c ****                         /*  Disable CSDv2 block */
 183:Generated_Source\PSoC4/CapSense_INT.c ****                         CY_SET_REG32(CapSense_CONFIG_PTR, CapSense_configCsd);
 184:Generated_Source\PSoC4/CapSense_INT.c ****                     #endif /* (CapSense_ENABLE == CapSense_BLOCK_OFF_AFTER_SCAN_EN) */
 185:Generated_Source\PSoC4/CapSense_INT.c **** 
 186:Generated_Source\PSoC4/CapSense_INT.c ****                     /* Update Scan Counter */
 187:Generated_Source\PSoC4/CapSense_INT.c ****                     CapSense_dsRam.scanCounter++;
 188:Generated_Source\PSoC4/CapSense_INT.c **** 
 189:Generated_Source\PSoC4/CapSense_INT.c ****                     /* Sensor is totally scanned. Reset BUSY flag */
 190:Generated_Source\PSoC4/CapSense_INT.c ****                     CapSense_dsRam.status &= ~(CapSense_SW_STS_BUSY | CapSense_WDGT_SW_STS_BUSY);
 191:Generated_Source\PSoC4/CapSense_INT.c ****                 }
 192:Generated_Source\PSoC4/CapSense_INT.c ****             #endif /* (CapSense_ENABLE == CapSense_MULTI_FREQ_SCAN_EN) */
 193:Generated_Source\PSoC4/CapSense_INT.c ****     #if (CapSense_ENABLE == CapSense_CSD_NOISE_METRIC_EN)
 194:Generated_Source\PSoC4/CapSense_INT.c ****         }
 195:Generated_Source\PSoC4/CapSense_INT.c ****     #endif /* (CapSense_ENABLE == CapSense_CSD_NOISE_METRIC_EN) */
 196:Generated_Source\PSoC4/CapSense_INT.c **** 
 197:Generated_Source\PSoC4/CapSense_INT.c ****         #ifdef CapSense_EXIT_CALLBACK
 198:Generated_Source\PSoC4/CapSense_INT.c ****             CapSense_ExitCallback();
 199:Generated_Source\PSoC4/CapSense_INT.c ****         #endif /* CapSense_EXIT_CALLBACK */
 200:Generated_Source\PSoC4/CapSense_INT.c ****     }
 201:Generated_Source\PSoC4/CapSense_INT.c **** 
ARM GAS  C:\Users\Lenovo\AppData\Local\Temp\cc6FHT8F.s 			page 5


 202:Generated_Source\PSoC4/CapSense_INT.c **** 
 203:Generated_Source\PSoC4/CapSense_INT.c ****     /*******************************************************************************
 204:Generated_Source\PSoC4/CapSense_INT.c ****     * Function Name: CapSense_CSDPostMultiScan
 205:Generated_Source\PSoC4/CapSense_INT.c ****     ****************************************************************************//**
 206:Generated_Source\PSoC4/CapSense_INT.c ****     *
 207:Generated_Source\PSoC4/CapSense_INT.c ****     * \brief
 208:Generated_Source\PSoC4/CapSense_INT.c ****     *  This is an internal ISR function for multiple-sensor scanning 
 209:Generated_Source\PSoC4/CapSense_INT.c ****     *  implementation.
 210:Generated_Source\PSoC4/CapSense_INT.c ****     *
 211:Generated_Source\PSoC4/CapSense_INT.c ****     * \details
 212:Generated_Source\PSoC4/CapSense_INT.c ****     *  This ISR handler is triggered when the user calls the
 213:Generated_Source\PSoC4/CapSense_INT.c ****     *  CapSense_Scan() or CapSense_ScanAllWidgets() APIs.
 214:Generated_Source\PSoC4/CapSense_INT.c ****     *  
 215:Generated_Source\PSoC4/CapSense_INT.c ****     *  The following tasks are performed:
 216:Generated_Source\PSoC4/CapSense_INT.c ****     *    1. Disable the CSD interrupt
 217:Generated_Source\PSoC4/CapSense_INT.c ****     *    2. Read the Counter register and update the data structure with raw data
 218:Generated_Source\PSoC4/CapSense_INT.c ****     *    3. Connect the Vref buffer to the AMUX bus
 219:Generated_Source\PSoC4/CapSense_INT.c ****     *    4. Disable the CSD block (after the widget has been scanned)
 220:Generated_Source\PSoC4/CapSense_INT.c ****     *    5. Update Scan Counter
 221:Generated_Source\PSoC4/CapSense_INT.c ****     *    6. Reset the BUSY flag
 222:Generated_Source\PSoC4/CapSense_INT.c ****     *    7. Enable the CSD interrupt.
 223:Generated_Source\PSoC4/CapSense_INT.c ****     *
 224:Generated_Source\PSoC4/CapSense_INT.c ****     *  The ISR handler initializes scanning for the previous sensor when the 
 225:Generated_Source\PSoC4/CapSense_INT.c ****     *  widget has more than one sensor.
 226:Generated_Source\PSoC4/CapSense_INT.c ****     *  The ISR handler initializes scanning for the next widget when the
 227:Generated_Source\PSoC4/CapSense_INT.c ****     *  CapSense_ScanAllWidgets() APIs are called and the project has
 228:Generated_Source\PSoC4/CapSense_INT.c ****     *  more than one widget.
 229:Generated_Source\PSoC4/CapSense_INT.c ****     *  The ISR handler changes the IMO and initializes scanning for the next
 230:Generated_Source\PSoC4/CapSense_INT.c ****     *  frequency channels when multi-frequency scanning is enabled.
 231:Generated_Source\PSoC4/CapSense_INT.c ****     *
 232:Generated_Source\PSoC4/CapSense_INT.c ****     *  This function has two Macro Callbacks that allow calling the user 
 233:Generated_Source\PSoC4/CapSense_INT.c ****     *  code from macros specified in a component's generated code. Refer to the 
 234:Generated_Source\PSoC4/CapSense_INT.c ****     *  \ref group_capsense_macrocallbacks section of PSoC Creator User Guide 
 235:Generated_Source\PSoC4/CapSense_INT.c ****     *  for details.
 236:Generated_Source\PSoC4/CapSense_INT.c ****     *
 237:Generated_Source\PSoC4/CapSense_INT.c ****     *******************************************************************************/
 238:Generated_Source\PSoC4/CapSense_INT.c ****     CY_ISR(CapSense_CSDPostMultiScan)
 239:Generated_Source\PSoC4/CapSense_INT.c ****     {
 240:Generated_Source\PSoC4/CapSense_INT.c ****         /*  Declare and initialise ptr to sensor IO structure to appropriate address        */
 241:Generated_Source\PSoC4/CapSense_INT.c ****         CapSense_FLASH_IO_STRUCT const *curSnsIOPtr = (CapSense_FLASH_IO_STRUCT const *)
 242:Generated_Source\PSoC4/CapSense_INT.c ****                                                           CapSense_dsFlash.wdgtArray[CapSense_widge
 243:Generated_Source\PSoC4/CapSense_INT.c ****                                                           + CapSense_sensorIndex;
 244:Generated_Source\PSoC4/CapSense_INT.c **** 
 245:Generated_Source\PSoC4/CapSense_INT.c ****         #ifdef CapSense_ENTRY_CALLBACK
 246:Generated_Source\PSoC4/CapSense_INT.c ****             CapSense_EntryCallback();
 247:Generated_Source\PSoC4/CapSense_INT.c ****         #endif /* CapSense_ENTRY_CALLBACK */
 248:Generated_Source\PSoC4/CapSense_INT.c **** 
 249:Generated_Source\PSoC4/CapSense_INT.c ****         /* Clear pending interrupt */
 250:Generated_Source\PSoC4/CapSense_INT.c ****         CY_SET_REG32(CapSense_INTR_PTR, CapSense_INTR_SET_MASK);
 251:Generated_Source\PSoC4/CapSense_INT.c **** 
 252:Generated_Source\PSoC4/CapSense_INT.c ****         #if (CapSense_ENABLE == CapSense_CSD_NOISE_METRIC_EN)
 253:Generated_Source\PSoC4/CapSense_INT.c ****             if ((CapSense_CSD_NOISE_METRIC_TH < ((CY_GET_REG32(CapSense_RESULT_VAL1_PTR) &
 254:Generated_Source\PSoC4/CapSense_INT.c ****                                                       CapSense_RESULT_VAL1_BAD_CONVS_MASK) >>
 255:Generated_Source\PSoC4/CapSense_INT.c ****                                                       CapSense_RESULT_VAL1_BAD_CONVS_SHIFT)) &&
 256:Generated_Source\PSoC4/CapSense_INT.c ****                                                       (0u < CapSense_badConversionsNum))
 257:Generated_Source\PSoC4/CapSense_INT.c ****             {
 258:Generated_Source\PSoC4/CapSense_INT.c ****                 /* Decrement bad conversions number */
ARM GAS  C:\Users\Lenovo\AppData\Local\Temp\cc6FHT8F.s 			page 6


 259:Generated_Source\PSoC4/CapSense_INT.c ****                 CapSense_badConversionsNum--;
 260:Generated_Source\PSoC4/CapSense_INT.c **** 
 261:Generated_Source\PSoC4/CapSense_INT.c ****                 /* Start the re-scan */
 262:Generated_Source\PSoC4/CapSense_INT.c ****                 CY_SET_REG32(CapSense_SEQ_START_PTR, CapSense_SEQ_START_AZ0_SKIP_MASK |
 263:Generated_Source\PSoC4/CapSense_INT.c ****                                                              CapSense_SEQ_START_AZ1_SKIP_MASK |
 264:Generated_Source\PSoC4/CapSense_INT.c ****                                                              CapSense_SEQ_START_START_MASK);
 265:Generated_Source\PSoC4/CapSense_INT.c ****             }
 266:Generated_Source\PSoC4/CapSense_INT.c ****             else
 267:Generated_Source\PSoC4/CapSense_INT.c ****             {
 268:Generated_Source\PSoC4/CapSense_INT.c ****         #endif /* (CapSense_ENABLE == CapSense_CSD_NOISE_METRIC_EN) */
 269:Generated_Source\PSoC4/CapSense_INT.c **** 
 270:Generated_Source\PSoC4/CapSense_INT.c ****             CapSense_SsCSDPostScan();
 271:Generated_Source\PSoC4/CapSense_INT.c **** 
 272:Generated_Source\PSoC4/CapSense_INT.c ****             #if (CapSense_ENABLE == CapSense_MULTI_FREQ_SCAN_EN)
 273:Generated_Source\PSoC4/CapSense_INT.c ****                 /* Disable sensor when all frequency channels are scanned */
 274:Generated_Source\PSoC4/CapSense_INT.c ****                 if (CapSense_FREQ_CHANNEL_2 == CapSense_scanFreqIndex)
 275:Generated_Source\PSoC4/CapSense_INT.c ****                 {
 276:Generated_Source\PSoC4/CapSense_INT.c ****                     /* Disable sensor */
 277:Generated_Source\PSoC4/CapSense_INT.c ****                     CapSense_CSDDisconnectSns(curSnsIOPtr);
 278:Generated_Source\PSoC4/CapSense_INT.c ****                 }
 279:Generated_Source\PSoC4/CapSense_INT.c ****             #else
 280:Generated_Source\PSoC4/CapSense_INT.c ****                 /* Disable sensor */
 281:Generated_Source\PSoC4/CapSense_INT.c ****                 CapSense_CSDDisconnectSns(curSnsIOPtr);
 282:Generated_Source\PSoC4/CapSense_INT.c ****             #endif /* (CapSense_ENABLE == CapSense_MULTI_FREQ_SCAN_EN) */
 283:Generated_Source\PSoC4/CapSense_INT.c **** 
 284:Generated_Source\PSoC4/CapSense_INT.c ****             #if (CapSense_ENABLE == CapSense_MULTI_FREQ_SCAN_EN)
 285:Generated_Source\PSoC4/CapSense_INT.c ****                 if (CapSense_FREQ_CHANNEL_2 > CapSense_scanFreqIndex)
 286:Generated_Source\PSoC4/CapSense_INT.c ****                 {
 287:Generated_Source\PSoC4/CapSense_INT.c ****                      /* Scan the next channel */
 288:Generated_Source\PSoC4/CapSense_INT.c ****                     CapSense_SsNextFrequencyScan();
 289:Generated_Source\PSoC4/CapSense_INT.c ****                 }
 290:Generated_Source\PSoC4/CapSense_INT.c ****                 else
 291:Generated_Source\PSoC4/CapSense_INT.c ****                 {
 292:Generated_Source\PSoC4/CapSense_INT.c ****                      /* All channels are scanned. Set IMO to zero channel */
 293:Generated_Source\PSoC4/CapSense_INT.c ****                     CapSense_scanFreqIndex = CapSense_FREQ_CHANNEL_0;
 294:Generated_Source\PSoC4/CapSense_INT.c ****                     CapSense_SsChangeImoFreq(CapSense_FREQ_CHANNEL_0);
 295:Generated_Source\PSoC4/CapSense_INT.c **** 
 296:Generated_Source\PSoC4/CapSense_INT.c ****                      /* Scan the next sensor */
 297:Generated_Source\PSoC4/CapSense_INT.c ****                     CapSense_SsCSDInitNextScan();
 298:Generated_Source\PSoC4/CapSense_INT.c ****                 }
 299:Generated_Source\PSoC4/CapSense_INT.c ****             #else
 300:Generated_Source\PSoC4/CapSense_INT.c ****                 /* Scan the next sensor */
 301:Generated_Source\PSoC4/CapSense_INT.c ****                 CapSense_SsCSDInitNextScan();
 302:Generated_Source\PSoC4/CapSense_INT.c ****             #endif /* (CapSense_ENABLE == CapSense_MULTI_FREQ_SCAN_EN) */
 303:Generated_Source\PSoC4/CapSense_INT.c ****         #if (CapSense_ENABLE == CapSense_CSD_NOISE_METRIC_EN)
 304:Generated_Source\PSoC4/CapSense_INT.c ****             }
 305:Generated_Source\PSoC4/CapSense_INT.c ****         #endif /* (CapSense_ENABLE == CapSense_CSD_NOISE_METRIC_EN) */
 306:Generated_Source\PSoC4/CapSense_INT.c **** 
 307:Generated_Source\PSoC4/CapSense_INT.c ****         #ifdef CapSense_EXIT_CALLBACK
 308:Generated_Source\PSoC4/CapSense_INT.c ****             CapSense_ExitCallback();
 309:Generated_Source\PSoC4/CapSense_INT.c ****         #endif /* CapSense_EXIT_CALLBACK */
 310:Generated_Source\PSoC4/CapSense_INT.c ****     }
 311:Generated_Source\PSoC4/CapSense_INT.c **** 
 312:Generated_Source\PSoC4/CapSense_INT.c **** 
 313:Generated_Source\PSoC4/CapSense_INT.c ****     #if (CapSense_ENABLE == CapSense_CSD_GANGED_SNS_EN)
 314:Generated_Source\PSoC4/CapSense_INT.c ****     /*******************************************************************************
 315:Generated_Source\PSoC4/CapSense_INT.c ****     * Function Name: CapSense_CSDPostMultiScanGanged
ARM GAS  C:\Users\Lenovo\AppData\Local\Temp\cc6FHT8F.s 			page 7


 316:Generated_Source\PSoC4/CapSense_INT.c ****     ****************************************************************************//**
 317:Generated_Source\PSoC4/CapSense_INT.c ****     *
 318:Generated_Source\PSoC4/CapSense_INT.c ****     * \brief
 319:Generated_Source\PSoC4/CapSense_INT.c ****     *  This is an internal ISR function for multiple-sensor scanning 
 320:Generated_Source\PSoC4/CapSense_INT.c ****     *  implementation for ganged sensors.
 321:Generated_Source\PSoC4/CapSense_INT.c ****     *
 322:Generated_Source\PSoC4/CapSense_INT.c ****     * \details
 323:Generated_Source\PSoC4/CapSense_INT.c ****     *  This ISR handler is triggered when the user calls the
 324:Generated_Source\PSoC4/CapSense_INT.c ****     *  CapSense_Scan() API for a ganged sensor or the
 325:Generated_Source\PSoC4/CapSense_INT.c ****     *  CapSense_ScanAllWidgets() API in the project with ganged sensors.
 326:Generated_Source\PSoC4/CapSense_INT.c ****     *
 327:Generated_Source\PSoC4/CapSense_INT.c ****     *  The following tasks are performed:
 328:Generated_Source\PSoC4/CapSense_INT.c ****     *    1. Disable the CSD interrupt
 329:Generated_Source\PSoC4/CapSense_INT.c ****     *    2. Read the Counter register and update the data structure with raw data
 330:Generated_Source\PSoC4/CapSense_INT.c ****     *    3. Connect the Vref buffer to the AMUX bus
 331:Generated_Source\PSoC4/CapSense_INT.c ****     *    4. Disable the CSD block (after the widget has been scanned)
 332:Generated_Source\PSoC4/CapSense_INT.c ****     *    5. Update Scan Counter
 333:Generated_Source\PSoC4/CapSense_INT.c ****     *    6. Reset the BUSY flag
 334:Generated_Source\PSoC4/CapSense_INT.c ****     *    7. Enable the CSD interrupt.
 335:Generated_Source\PSoC4/CapSense_INT.c ****     *
 336:Generated_Source\PSoC4/CapSense_INT.c ****     *  The ISR handler initializes scanning for the previous sensor when the
 337:Generated_Source\PSoC4/CapSense_INT.c ****     *  widget has more than one sensor.
 338:Generated_Source\PSoC4/CapSense_INT.c ****     *  The ISR handler initializes scanning for the next widget when the
 339:Generated_Source\PSoC4/CapSense_INT.c ****     *  CapSense_ScanAllWidgets() APIs are called and the project has 
 340:Generated_Source\PSoC4/CapSense_INT.c ****     *  more than one widget.
 341:Generated_Source\PSoC4/CapSense_INT.c ****     *  The ISR handler changes the IMO and initializes scanning for the next 
 342:Generated_Source\PSoC4/CapSense_INT.c ****     *  frequency channels when multi-frequency scanning is enabled.
 343:Generated_Source\PSoC4/CapSense_INT.c ****     *
 344:Generated_Source\PSoC4/CapSense_INT.c ****     *  This function has two Macro Callbacks that allow calling the user 
 345:Generated_Source\PSoC4/CapSense_INT.c ****     *  code from macros specified in a component's generated code. Refer to the 
 346:Generated_Source\PSoC4/CapSense_INT.c ****     *  \ref group_capsense_macrocallbacks section of PSoC Creator User Guide 
 347:Generated_Source\PSoC4/CapSense_INT.c ****     *  for details.
 348:Generated_Source\PSoC4/CapSense_INT.c ****     *
 349:Generated_Source\PSoC4/CapSense_INT.c ****     *******************************************************************************/
 350:Generated_Source\PSoC4/CapSense_INT.c ****     CY_ISR(CapSense_CSDPostMultiScanGanged)
 351:Generated_Source\PSoC4/CapSense_INT.c ****     {
 352:Generated_Source\PSoC4/CapSense_INT.c ****         #ifdef CapSense_ENTRY_CALLBACK
 353:Generated_Source\PSoC4/CapSense_INT.c ****             CapSense_EntryCallback();
 354:Generated_Source\PSoC4/CapSense_INT.c ****         #endif /* CapSense_ENTRY_CALLBACK */
 355:Generated_Source\PSoC4/CapSense_INT.c **** 
 356:Generated_Source\PSoC4/CapSense_INT.c ****         /* Clear pending interrupt */
 357:Generated_Source\PSoC4/CapSense_INT.c ****         CY_SET_REG32(CapSense_INTR_PTR, CapSense_INTR_SET_MASK);
 358:Generated_Source\PSoC4/CapSense_INT.c **** 
 359:Generated_Source\PSoC4/CapSense_INT.c ****         #if (CapSense_ENABLE == CapSense_CSD_NOISE_METRIC_EN)
 360:Generated_Source\PSoC4/CapSense_INT.c ****             if ((CapSense_CSD_NOISE_METRIC_TH < ((CY_GET_REG32(CapSense_RESULT_VAL1_PTR) &
 361:Generated_Source\PSoC4/CapSense_INT.c ****                                                       CapSense_RESULT_VAL1_BAD_CONVS_MASK) >>
 362:Generated_Source\PSoC4/CapSense_INT.c ****                                                       CapSense_RESULT_VAL1_BAD_CONVS_SHIFT)) &&
 363:Generated_Source\PSoC4/CapSense_INT.c ****                                                       (0u < CapSense_badConversionsNum))
 364:Generated_Source\PSoC4/CapSense_INT.c ****             {
 365:Generated_Source\PSoC4/CapSense_INT.c ****                 /* Decrement bad conversions number */
 366:Generated_Source\PSoC4/CapSense_INT.c ****                 CapSense_badConversionsNum--;
 367:Generated_Source\PSoC4/CapSense_INT.c **** 
 368:Generated_Source\PSoC4/CapSense_INT.c ****                 /* Start the re-scan */
 369:Generated_Source\PSoC4/CapSense_INT.c ****                 CY_SET_REG32(CapSense_SEQ_START_PTR, CapSense_SEQ_START_AZ0_SKIP_MASK |
 370:Generated_Source\PSoC4/CapSense_INT.c ****                                                              CapSense_SEQ_START_AZ1_SKIP_MASK |
 371:Generated_Source\PSoC4/CapSense_INT.c ****                                                              CapSense_SEQ_START_START_MASK);
 372:Generated_Source\PSoC4/CapSense_INT.c ****             }
ARM GAS  C:\Users\Lenovo\AppData\Local\Temp\cc6FHT8F.s 			page 8


 373:Generated_Source\PSoC4/CapSense_INT.c ****             else
 374:Generated_Source\PSoC4/CapSense_INT.c ****             {
 375:Generated_Source\PSoC4/CapSense_INT.c ****         #endif /* (CapSense_ENABLE == CapSense_CSD_NOISE_METRIC_EN) */
 376:Generated_Source\PSoC4/CapSense_INT.c **** 
 377:Generated_Source\PSoC4/CapSense_INT.c ****             CapSense_SsCSDPostScan();
 378:Generated_Source\PSoC4/CapSense_INT.c **** 
 379:Generated_Source\PSoC4/CapSense_INT.c ****             #if (CapSense_ENABLE == CapSense_MULTI_FREQ_SCAN_EN)
 380:Generated_Source\PSoC4/CapSense_INT.c ****                 if (CapSense_FREQ_CHANNEL_2 == CapSense_scanFreqIndex)
 381:Generated_Source\PSoC4/CapSense_INT.c ****                 {
 382:Generated_Source\PSoC4/CapSense_INT.c ****                     CapSense_SsCSDDisconnectSnsExt((uint32)CapSense_widgetIndex, (uint32)CapSense_s
 383:Generated_Source\PSoC4/CapSense_INT.c ****                 }
 384:Generated_Source\PSoC4/CapSense_INT.c ****             #else
 385:Generated_Source\PSoC4/CapSense_INT.c ****                 CapSense_SsCSDDisconnectSnsExt((uint32)CapSense_widgetIndex, (uint32)CapSense_senso
 386:Generated_Source\PSoC4/CapSense_INT.c ****             #endif /* (CapSense_ENABLE == CapSense_MULTI_FREQ_SCAN_EN) */
 387:Generated_Source\PSoC4/CapSense_INT.c **** 
 388:Generated_Source\PSoC4/CapSense_INT.c ****             #if (CapSense_ENABLE == CapSense_MULTI_FREQ_SCAN_EN)
 389:Generated_Source\PSoC4/CapSense_INT.c ****                 if (CapSense_FREQ_CHANNEL_2 > CapSense_scanFreqIndex)
 390:Generated_Source\PSoC4/CapSense_INT.c ****                 {
 391:Generated_Source\PSoC4/CapSense_INT.c ****                      /* Scan the next channel */
 392:Generated_Source\PSoC4/CapSense_INT.c ****                     CapSense_SsNextFrequencyScan();
 393:Generated_Source\PSoC4/CapSense_INT.c ****                 }
 394:Generated_Source\PSoC4/CapSense_INT.c ****                 else
 395:Generated_Source\PSoC4/CapSense_INT.c ****                 {
 396:Generated_Source\PSoC4/CapSense_INT.c ****                     /* All channels are scanned. Set IMO to zero channel */
 397:Generated_Source\PSoC4/CapSense_INT.c ****                     CapSense_scanFreqIndex = CapSense_FREQ_CHANNEL_0;
 398:Generated_Source\PSoC4/CapSense_INT.c ****                     CapSense_SsChangeImoFreq(CapSense_FREQ_CHANNEL_0);
 399:Generated_Source\PSoC4/CapSense_INT.c **** 
 400:Generated_Source\PSoC4/CapSense_INT.c ****                      /* Scan the next sensor */
 401:Generated_Source\PSoC4/CapSense_INT.c ****                     CapSense_SsCSDInitNextScan();
 402:Generated_Source\PSoC4/CapSense_INT.c ****                 }
 403:Generated_Source\PSoC4/CapSense_INT.c ****             #else
 404:Generated_Source\PSoC4/CapSense_INT.c ****                  /* Scan the next sensor */
 405:Generated_Source\PSoC4/CapSense_INT.c ****                 CapSense_SsCSDInitNextScan();
 406:Generated_Source\PSoC4/CapSense_INT.c ****             #endif /* (CapSense_ENABLE == CapSense_MULTI_FREQ_SCAN_EN) */
 407:Generated_Source\PSoC4/CapSense_INT.c ****         #if (CapSense_ENABLE == CapSense_CSD_NOISE_METRIC_EN)
 408:Generated_Source\PSoC4/CapSense_INT.c ****             }
 409:Generated_Source\PSoC4/CapSense_INT.c ****         #endif /* (CapSense_ENABLE == CapSense_CSD_NOISE_METRIC_EN) */
 410:Generated_Source\PSoC4/CapSense_INT.c **** 
 411:Generated_Source\PSoC4/CapSense_INT.c ****         #ifdef CapSense_EXIT_CALLBACK
 412:Generated_Source\PSoC4/CapSense_INT.c ****             CapSense_ExitCallback();
 413:Generated_Source\PSoC4/CapSense_INT.c ****         #endif /* CapSense_EXIT_CALLBACK */
 414:Generated_Source\PSoC4/CapSense_INT.c ****     }
 415:Generated_Source\PSoC4/CapSense_INT.c ****     #endif /* (CapSense_ENABLE == CapSense_CSD_GANGED_SNS_EN) */
 416:Generated_Source\PSoC4/CapSense_INT.c **** 
 417:Generated_Source\PSoC4/CapSense_INT.c **** #else
 418:Generated_Source\PSoC4/CapSense_INT.c ****     /* CSDv1 part */
 419:Generated_Source\PSoC4/CapSense_INT.c **** 
 420:Generated_Source\PSoC4/CapSense_INT.c ****     /*******************************************************************************
 421:Generated_Source\PSoC4/CapSense_INT.c ****     * Function Name: CapSense_CSDPostSingleScan
 422:Generated_Source\PSoC4/CapSense_INT.c ****     ****************************************************************************//**
 423:Generated_Source\PSoC4/CapSense_INT.c ****     *
 424:Generated_Source\PSoC4/CapSense_INT.c ****     * \brief
 425:Generated_Source\PSoC4/CapSense_INT.c ****     *  This is an internal ISR function for single-sensor scanning implementation.
 426:Generated_Source\PSoC4/CapSense_INT.c ****     *
 427:Generated_Source\PSoC4/CapSense_INT.c ****     * \details
 428:Generated_Source\PSoC4/CapSense_INT.c ****     *  This ISR handler is triggered when the user calls the
 429:Generated_Source\PSoC4/CapSense_INT.c ****     *  CapSense_CSDScanExt() function.
ARM GAS  C:\Users\Lenovo\AppData\Local\Temp\cc6FHT8F.s 			page 9


 430:Generated_Source\PSoC4/CapSense_INT.c ****     *
 431:Generated_Source\PSoC4/CapSense_INT.c ****     *  The following tasks are performed for CSDv1 HW IP block:
 432:Generated_Source\PSoC4/CapSense_INT.c ****     *    1. Disable the CSD interrupt
 433:Generated_Source\PSoC4/CapSense_INT.c ****     *    2. Read the Counter register and update the data structure with raw data
 434:Generated_Source\PSoC4/CapSense_INT.c ****     *    3. Connect the Vref buffer to the AMUX bus
 435:Generated_Source\PSoC4/CapSense_INT.c ****     *    4. Update the Scan Counter
 436:Generated_Source\PSoC4/CapSense_INT.c ****     *    5. Reset the BUSY flag
 437:Generated_Source\PSoC4/CapSense_INT.c ****     *    6. Enable the CSD interrupt.
 438:Generated_Source\PSoC4/CapSense_INT.c ****     *
 439:Generated_Source\PSoC4/CapSense_INT.c ****     *  The following tasks are performed for CSDv2 HW IP block:
 440:Generated_Source\PSoC4/CapSense_INT.c ****     *    1. Check if the raw data is not noisy
 441:Generated_Source\PSoC4/CapSense_INT.c ****     *    2. Read the Counter register and update the data structure with raw data
 442:Generated_Source\PSoC4/CapSense_INT.c ****     *    3. Configure and start the scan for the next frequency if the
 443:Generated_Source\PSoC4/CapSense_INT.c ****     *      multi-frequency is enabled
 444:Generated_Source\PSoC4/CapSense_INT.c ****     *    4. Update the Scan Counter
 445:Generated_Source\PSoC4/CapSense_INT.c ****     *    5. Reset the BUSY flag
 446:Generated_Source\PSoC4/CapSense_INT.c ****     *    6. Enable the CSD interrupt.
 447:Generated_Source\PSoC4/CapSense_INT.c ****     *
 448:Generated_Source\PSoC4/CapSense_INT.c ****     *  The ISR handler changes IMO and initializes scanning for the next frequency
 449:Generated_Source\PSoC4/CapSense_INT.c ****     *  channels when multi-frequency scanning is enabled.
 450:Generated_Source\PSoC4/CapSense_INT.c ****     *
 451:Generated_Source\PSoC4/CapSense_INT.c ****     *  This function has two Macro Callbacks that allow calling the user code
 452:Generated_Source\PSoC4/CapSense_INT.c ****     *  from macros specified in a component's generated code. Refer to the 
 453:Generated_Source\PSoC4/CapSense_INT.c ****     *  \ref group_capsense_macrocallbacks section of PSoC Creator User Guide 
 454:Generated_Source\PSoC4/CapSense_INT.c ****     *  for details. 
 455:Generated_Source\PSoC4/CapSense_INT.c ****     *
 456:Generated_Source\PSoC4/CapSense_INT.c ****     *******************************************************************************/
 457:Generated_Source\PSoC4/CapSense_INT.c ****     CY_ISR(CapSense_CSDPostSingleScan)
 458:Generated_Source\PSoC4/CapSense_INT.c ****     {
  28              		.loc 1 458 0
  29              		.cfi_startproc
  30              		@ args = 0, pretend = 0, frame = 0
  31              		@ frame_needed = 0, uses_anonymous_args = 0
  32              		@ link register save eliminated.
 459:Generated_Source\PSoC4/CapSense_INT.c ****         #ifdef CapSense_ENTRY_CALLBACK
 460:Generated_Source\PSoC4/CapSense_INT.c ****             CapSense_EntryCallback();
 461:Generated_Source\PSoC4/CapSense_INT.c ****         #endif /* CapSense_ENTRY_CALLBACK */
 462:Generated_Source\PSoC4/CapSense_INT.c **** 
 463:Generated_Source\PSoC4/CapSense_INT.c ****         /* Clear pending interrupt */
 464:Generated_Source\PSoC4/CapSense_INT.c ****         CY_SET_REG32(CapSense_INTR_PTR, CapSense_INTR_SET_MASK);
  33              		.loc 1 464 0
  34 0000 0122     		movs	r2, #1
  35 0002 0C4B     		ldr	r3, .L2
  36 0004 1A60     		str	r2, [r3]
  37              	.LBB6:
  38              	.LBB7:
 465:Generated_Source\PSoC4/CapSense_INT.c **** 
 466:Generated_Source\PSoC4/CapSense_INT.c ****         /* Read Rawdata */
 467:Generated_Source\PSoC4/CapSense_INT.c ****         CapSense_SsCSDPostScan();
 468:Generated_Source\PSoC4/CapSense_INT.c **** 
 469:Generated_Source\PSoC4/CapSense_INT.c ****         #if (CapSense_ENABLE == CapSense_MULTI_FREQ_SCAN_EN)
 470:Generated_Source\PSoC4/CapSense_INT.c ****             if (CapSense_FREQ_CHANNEL_2 > CapSense_scanFreqIndex)
 471:Generated_Source\PSoC4/CapSense_INT.c ****             {
 472:Generated_Source\PSoC4/CapSense_INT.c ****                 /*  Connect Vref Buffer to AMUX bus. CSDv1 block is enabled */
 473:Generated_Source\PSoC4/CapSense_INT.c ****                 CY_SET_REG32(CapSense_CONFIG_PTR, CapSense_configCsd | CapSense_CTANK_PRECHARGE_CON
 474:Generated_Source\PSoC4/CapSense_INT.c **** 
 475:Generated_Source\PSoC4/CapSense_INT.c ****                 CapSense_SsNextFrequencyScan();
ARM GAS  C:\Users\Lenovo\AppData\Local\Temp\cc6FHT8F.s 			page 10


 476:Generated_Source\PSoC4/CapSense_INT.c ****             }
 477:Generated_Source\PSoC4/CapSense_INT.c ****             else
 478:Generated_Source\PSoC4/CapSense_INT.c ****             {
 479:Generated_Source\PSoC4/CapSense_INT.c ****                 CapSense_scanFreqIndex = CapSense_FREQ_CHANNEL_0;
 480:Generated_Source\PSoC4/CapSense_INT.c ****                 CapSense_SsChangeImoFreq(CapSense_FREQ_CHANNEL_0);
 481:Generated_Source\PSoC4/CapSense_INT.c **** 
 482:Generated_Source\PSoC4/CapSense_INT.c ****                 #if (CapSense_ENABLE == CapSense_BLOCK_OFF_AFTER_SCAN_EN)
 483:Generated_Source\PSoC4/CapSense_INT.c ****                     /*  Disable CSDv1 block. Connect Vref Buffer to AMUX bus */
 484:Generated_Source\PSoC4/CapSense_INT.c ****                     #if ((CapSense_CSH_PRECHARGE_IO_BUF == CapSense_CSD_CSH_PRECHARGE_SRC) &&\
 485:Generated_Source\PSoC4/CapSense_INT.c ****                          (CapSense_ENABLE == CapSense_CSD_SHIELD_TANK_EN))
 486:Generated_Source\PSoC4/CapSense_INT.c ****                         CY_SET_REG32(CapSense_CONFIG_PTR, CapSense_configCsd | CapSense_CMOD_PRECHA
 487:Generated_Source\PSoC4/CapSense_INT.c ****                     #else
 488:Generated_Source\PSoC4/CapSense_INT.c ****                         CY_SET_REG32(CapSense_CONFIG_PTR, CapSense_configCsd | CapSense_CTANK_PRECH
 489:Generated_Source\PSoC4/CapSense_INT.c ****                     #endif /* ((CapSense_CSH_PRECHARGE_IO_BUF == CapSense_CSD_CSH_PRECHARGE_SRC) &&
 490:Generated_Source\PSoC4/CapSense_INT.c ****                                (CapSense_ENABLE == CapSense_CSD_SHIELD_TANK_EN)) */
 491:Generated_Source\PSoC4/CapSense_INT.c ****                 #else
 492:Generated_Source\PSoC4/CapSense_INT.c ****                     /*  Connect Vref Buffer to AMUX bus. CSDv1 block is enabled */
 493:Generated_Source\PSoC4/CapSense_INT.c ****                     CY_SET_REG32(CapSense_CONFIG_PTR, CapSense_configCsd | CapSense_CTANK_PRECHARGE
 494:Generated_Source\PSoC4/CapSense_INT.c ****                 #endif /* (CapSense_ENABLE == CapSense_BLOCK_OFF_AFTER_SCAN_EN) */
 495:Generated_Source\PSoC4/CapSense_INT.c **** 
 496:Generated_Source\PSoC4/CapSense_INT.c ****                 /* Update Scan Counter */
 497:Generated_Source\PSoC4/CapSense_INT.c ****                 CapSense_dsRam.scanCounter++;
 498:Generated_Source\PSoC4/CapSense_INT.c **** 
 499:Generated_Source\PSoC4/CapSense_INT.c ****                 /* Sensor is totally scanned. Reset BUSY flag */
 500:Generated_Source\PSoC4/CapSense_INT.c ****                 CapSense_dsRam.status &= ~(CapSense_SW_STS_BUSY | CapSense_WDGT_SW_STS_BUSY);
 501:Generated_Source\PSoC4/CapSense_INT.c ****             }
 502:Generated_Source\PSoC4/CapSense_INT.c ****         #else
 503:Generated_Source\PSoC4/CapSense_INT.c ****             {
 504:Generated_Source\PSoC4/CapSense_INT.c ****                 #if (CapSense_ENABLE == CapSense_BLOCK_OFF_AFTER_SCAN_EN)
 505:Generated_Source\PSoC4/CapSense_INT.c ****                     /*  Disable CSDv1 block. Connect Vref Buffer to AMUX bus */
 506:Generated_Source\PSoC4/CapSense_INT.c ****                     #if ((CapSense_CSH_PRECHARGE_IO_BUF == CapSense_CSD_CSH_PRECHARGE_SRC) &&\
 507:Generated_Source\PSoC4/CapSense_INT.c ****                          (CapSense_ENABLE == CapSense_CSD_SHIELD_TANK_EN))
 508:Generated_Source\PSoC4/CapSense_INT.c ****                         CY_SET_REG32(CapSense_CONFIG_PTR, CapSense_configCsd | CapSense_CMOD_PRECHA
 509:Generated_Source\PSoC4/CapSense_INT.c ****                     #else
 510:Generated_Source\PSoC4/CapSense_INT.c ****                         CY_SET_REG32(CapSense_CONFIG_PTR, CapSense_configCsd | CapSense_CTANK_PRECH
 511:Generated_Source\PSoC4/CapSense_INT.c ****                     #endif /* ((CapSense_CSH_PRECHARGE_IO_BUF == CapSense_CSD_CSH_PRECHARGE_SRC) &&
 512:Generated_Source\PSoC4/CapSense_INT.c ****                                (CapSense_ENABLE == CapSense_CSD_SHIELD_TANK_EN)) */
 513:Generated_Source\PSoC4/CapSense_INT.c ****                 #else
 514:Generated_Source\PSoC4/CapSense_INT.c ****                     /*  Connect Vref Buffer to AMUX bus. CSDv1 block is enabled */
 515:Generated_Source\PSoC4/CapSense_INT.c ****                     CY_SET_REG32(CapSense_CONFIG_PTR, CapSense_configCsd | CapSense_CTANK_PRECHARGE
 516:Generated_Source\PSoC4/CapSense_INT.c ****                 #endif /* (CapSense_ENABLE == CapSense_BLOCK_OFF_AFTER_SCAN_EN) */
 517:Generated_Source\PSoC4/CapSense_INT.c **** 
 518:Generated_Source\PSoC4/CapSense_INT.c ****                 /* Update Scan Counter */
 519:Generated_Source\PSoC4/CapSense_INT.c ****                 CapSense_dsRam.scanCounter++;
 520:Generated_Source\PSoC4/CapSense_INT.c **** 
 521:Generated_Source\PSoC4/CapSense_INT.c ****                 /* Sensor is totally scanned. Reset BUSY flag */
 522:Generated_Source\PSoC4/CapSense_INT.c ****                 CapSense_dsRam.status &= ~(CapSense_SW_STS_BUSY | CapSense_WDGT_SW_STS_BUSY);
 523:Generated_Source\PSoC4/CapSense_INT.c ****             }
 524:Generated_Source\PSoC4/CapSense_INT.c ****         #endif /* (CapSense_ENABLE == CapSense_MULTI_FREQ_SCAN_EN) */
 525:Generated_Source\PSoC4/CapSense_INT.c **** 
 526:Generated_Source\PSoC4/CapSense_INT.c ****         #ifdef CapSense_EXIT_CALLBACK
 527:Generated_Source\PSoC4/CapSense_INT.c ****             CapSense_ExitCallback();
 528:Generated_Source\PSoC4/CapSense_INT.c ****         #endif /* CapSense_EXIT_CALLBACK */
 529:Generated_Source\PSoC4/CapSense_INT.c ****     }
 530:Generated_Source\PSoC4/CapSense_INT.c **** 
 531:Generated_Source\PSoC4/CapSense_INT.c **** 
 532:Generated_Source\PSoC4/CapSense_INT.c ****     /*******************************************************************************
ARM GAS  C:\Users\Lenovo\AppData\Local\Temp\cc6FHT8F.s 			page 11


 533:Generated_Source\PSoC4/CapSense_INT.c ****     * Function Name: CapSense_CSDPostMultiScan
 534:Generated_Source\PSoC4/CapSense_INT.c ****     ****************************************************************************//**
 535:Generated_Source\PSoC4/CapSense_INT.c ****     *
 536:Generated_Source\PSoC4/CapSense_INT.c ****     * \brief
 537:Generated_Source\PSoC4/CapSense_INT.c ****     *  This is an internal ISR function for multiple-sensor scanning 
 538:Generated_Source\PSoC4/CapSense_INT.c ****     *  implementation.
 539:Generated_Source\PSoC4/CapSense_INT.c ****     *
 540:Generated_Source\PSoC4/CapSense_INT.c ****     * \details
 541:Generated_Source\PSoC4/CapSense_INT.c ****     *  This ISR handler is triggered when the user calls the
 542:Generated_Source\PSoC4/CapSense_INT.c ****     *  CapSense_Scan() or CapSense_ScanAllWidgets() APIs.
 543:Generated_Source\PSoC4/CapSense_INT.c ****     *  
 544:Generated_Source\PSoC4/CapSense_INT.c ****     *  The following tasks are performed:
 545:Generated_Source\PSoC4/CapSense_INT.c ****     *    1. Disable the CSD interrupt
 546:Generated_Source\PSoC4/CapSense_INT.c ****     *    2. Read the Counter register and update the data structure with raw data
 547:Generated_Source\PSoC4/CapSense_INT.c ****     *    3. Connect the Vref buffer to the AMUX bus
 548:Generated_Source\PSoC4/CapSense_INT.c ****     *    4. Disable the CSD block (after the widget has been scanned)
 549:Generated_Source\PSoC4/CapSense_INT.c ****     *    5. Update Scan Counter
 550:Generated_Source\PSoC4/CapSense_INT.c ****     *    6. Reset the BUSY flag
 551:Generated_Source\PSoC4/CapSense_INT.c ****     *    7. Enable the CSD interrupt.
 552:Generated_Source\PSoC4/CapSense_INT.c ****     *
 553:Generated_Source\PSoC4/CapSense_INT.c ****     *  The ISR handler initializes scanning for the previous sensor when the 
 554:Generated_Source\PSoC4/CapSense_INT.c ****     *  widget has more than one sensor.
 555:Generated_Source\PSoC4/CapSense_INT.c ****     *  The ISR handler initializes scanning for the next widget when the
 556:Generated_Source\PSoC4/CapSense_INT.c ****     *  CapSense_ScanAllWidgets() APIs are called and the project has
 557:Generated_Source\PSoC4/CapSense_INT.c ****     *  more than one widget.
 558:Generated_Source\PSoC4/CapSense_INT.c ****     *  The ISR handler changes the IMO and initializes scanning for the next
 559:Generated_Source\PSoC4/CapSense_INT.c ****     *  frequency channels when multi-frequency scanning is enabled.
 560:Generated_Source\PSoC4/CapSense_INT.c ****     *
 561:Generated_Source\PSoC4/CapSense_INT.c ****     *  This function has two Macro Callbacks that allow calling the user 
 562:Generated_Source\PSoC4/CapSense_INT.c ****     *  code from macros specified in a component's generated code. Refer to the 
 563:Generated_Source\PSoC4/CapSense_INT.c ****     *  \ref group_capsense_macrocallbacks section of PSoC Creator User Guide 
 564:Generated_Source\PSoC4/CapSense_INT.c ****     *  for details.
 565:Generated_Source\PSoC4/CapSense_INT.c ****     *
 566:Generated_Source\PSoC4/CapSense_INT.c ****     *******************************************************************************/
 567:Generated_Source\PSoC4/CapSense_INT.c ****     CY_ISR(CapSense_CSDPostMultiScan)
 568:Generated_Source\PSoC4/CapSense_INT.c ****     {
 569:Generated_Source\PSoC4/CapSense_INT.c ****         /*  Declare and initialise ptr to sensor IO structure to appropriate address        */
 570:Generated_Source\PSoC4/CapSense_INT.c ****         CapSense_FLASH_IO_STRUCT const *curSnsIOPtr = (CapSense_FLASH_IO_STRUCT const *)
 571:Generated_Source\PSoC4/CapSense_INT.c ****                                                           CapSense_dsFlash.wdgtArray[CapSense_widge
 572:Generated_Source\PSoC4/CapSense_INT.c ****                                                           + CapSense_sensorIndex;
 573:Generated_Source\PSoC4/CapSense_INT.c **** 
 574:Generated_Source\PSoC4/CapSense_INT.c ****         #ifdef CapSense_ENTRY_CALLBACK
 575:Generated_Source\PSoC4/CapSense_INT.c ****             CapSense_EntryCallback();
 576:Generated_Source\PSoC4/CapSense_INT.c ****         #endif /* CapSense_ENTRY_CALLBACK */
 577:Generated_Source\PSoC4/CapSense_INT.c **** 
 578:Generated_Source\PSoC4/CapSense_INT.c ****         /* Clear pending interrupt */
 579:Generated_Source\PSoC4/CapSense_INT.c ****         CY_SET_REG32(CapSense_INTR_PTR, CapSense_INTR_SET_MASK);
 580:Generated_Source\PSoC4/CapSense_INT.c **** 
 581:Generated_Source\PSoC4/CapSense_INT.c ****          /* Read Rawdata */
 582:Generated_Source\PSoC4/CapSense_INT.c ****         CapSense_SsCSDPostScan();
 583:Generated_Source\PSoC4/CapSense_INT.c **** 
 584:Generated_Source\PSoC4/CapSense_INT.c ****         /*  Connect Vref Buffer to AMUX bus */
 585:Generated_Source\PSoC4/CapSense_INT.c ****         CY_SET_REG32(CapSense_CONFIG_PTR, CapSense_configCsd | CapSense_CTANK_PRECHARGE_CONFIG_CSD_
 586:Generated_Source\PSoC4/CapSense_INT.c **** 
 587:Generated_Source\PSoC4/CapSense_INT.c ****         #if (CapSense_ENABLE == CapSense_MULTI_FREQ_SCAN_EN)
 588:Generated_Source\PSoC4/CapSense_INT.c ****             /* Disable sensor when all frequency channels are scanned */
 589:Generated_Source\PSoC4/CapSense_INT.c ****             if (CapSense_FREQ_CHANNEL_2 == CapSense_scanFreqIndex)
ARM GAS  C:\Users\Lenovo\AppData\Local\Temp\cc6FHT8F.s 			page 12


 590:Generated_Source\PSoC4/CapSense_INT.c ****             {
 591:Generated_Source\PSoC4/CapSense_INT.c ****                 /* Disable sensor */
 592:Generated_Source\PSoC4/CapSense_INT.c ****                 CapSense_CSDDisconnectSns(curSnsIOPtr);
 593:Generated_Source\PSoC4/CapSense_INT.c ****             }
 594:Generated_Source\PSoC4/CapSense_INT.c ****         #else
 595:Generated_Source\PSoC4/CapSense_INT.c ****             /* Disable sensor */
 596:Generated_Source\PSoC4/CapSense_INT.c ****             CapSense_CSDDisconnectSns(curSnsIOPtr);
 597:Generated_Source\PSoC4/CapSense_INT.c ****         #endif /* (CapSense_ENABLE == CapSense_MULTI_FREQ_SCAN_EN) */
 598:Generated_Source\PSoC4/CapSense_INT.c **** 
 599:Generated_Source\PSoC4/CapSense_INT.c ****         #if (CapSense_ENABLE == CapSense_MULTI_FREQ_SCAN_EN)
 600:Generated_Source\PSoC4/CapSense_INT.c ****             if (CapSense_FREQ_CHANNEL_2 > CapSense_scanFreqIndex)
 601:Generated_Source\PSoC4/CapSense_INT.c ****             {
 602:Generated_Source\PSoC4/CapSense_INT.c ****                  /* Scan the next channel */
 603:Generated_Source\PSoC4/CapSense_INT.c ****                 CapSense_SsNextFrequencyScan();
 604:Generated_Source\PSoC4/CapSense_INT.c ****             }
 605:Generated_Source\PSoC4/CapSense_INT.c ****             else
 606:Generated_Source\PSoC4/CapSense_INT.c ****             {
 607:Generated_Source\PSoC4/CapSense_INT.c ****                  /* All channels are scanned. Set IMO to zero channel */
 608:Generated_Source\PSoC4/CapSense_INT.c ****                 CapSense_scanFreqIndex = CapSense_FREQ_CHANNEL_0;
 609:Generated_Source\PSoC4/CapSense_INT.c ****                 CapSense_SsChangeImoFreq(CapSense_FREQ_CHANNEL_0);
 610:Generated_Source\PSoC4/CapSense_INT.c **** 
 611:Generated_Source\PSoC4/CapSense_INT.c ****                  /* Scan the next sensor */
 612:Generated_Source\PSoC4/CapSense_INT.c ****                 CapSense_SsCSDInitNextScan();
 613:Generated_Source\PSoC4/CapSense_INT.c ****             }
 614:Generated_Source\PSoC4/CapSense_INT.c ****         #else
 615:Generated_Source\PSoC4/CapSense_INT.c ****             /* Scan the next sensor */
 616:Generated_Source\PSoC4/CapSense_INT.c ****             CapSense_SsCSDInitNextScan();
 617:Generated_Source\PSoC4/CapSense_INT.c ****         #endif /* (CapSense_ENABLE == CapSense_MULTI_FREQ_SCAN_EN) */
 618:Generated_Source\PSoC4/CapSense_INT.c **** 
 619:Generated_Source\PSoC4/CapSense_INT.c ****         #ifdef CapSense_EXIT_CALLBACK
 620:Generated_Source\PSoC4/CapSense_INT.c ****             CapSense_ExitCallback();
 621:Generated_Source\PSoC4/CapSense_INT.c ****         #endif /* CapSense_EXIT_CALLBACK */
 622:Generated_Source\PSoC4/CapSense_INT.c ****     }
 623:Generated_Source\PSoC4/CapSense_INT.c **** 
 624:Generated_Source\PSoC4/CapSense_INT.c **** 
 625:Generated_Source\PSoC4/CapSense_INT.c ****     #if (CapSense_ENABLE == CapSense_CSD_GANGED_SNS_EN)
 626:Generated_Source\PSoC4/CapSense_INT.c ****     /*******************************************************************************
 627:Generated_Source\PSoC4/CapSense_INT.c ****     * Function Name: CapSense_CSDPostMultiScanGanged
 628:Generated_Source\PSoC4/CapSense_INT.c ****     ****************************************************************************//**
 629:Generated_Source\PSoC4/CapSense_INT.c ****     *
 630:Generated_Source\PSoC4/CapSense_INT.c ****     * \brief
 631:Generated_Source\PSoC4/CapSense_INT.c ****     *  This is an internal ISR function for multiple-sensor scanning 
 632:Generated_Source\PSoC4/CapSense_INT.c ****     *  implementation for ganged sensors.
 633:Generated_Source\PSoC4/CapSense_INT.c ****     *
 634:Generated_Source\PSoC4/CapSense_INT.c ****     * \details
 635:Generated_Source\PSoC4/CapSense_INT.c ****     *  This ISR handler is triggered when the user calls the
 636:Generated_Source\PSoC4/CapSense_INT.c ****     *  CapSense_Scan() API for a ganged sensor or the
 637:Generated_Source\PSoC4/CapSense_INT.c ****     *  CapSense_ScanAllWidgets() API in the project with ganged sensors.
 638:Generated_Source\PSoC4/CapSense_INT.c ****     *
 639:Generated_Source\PSoC4/CapSense_INT.c ****     *  The following tasks are performed:
 640:Generated_Source\PSoC4/CapSense_INT.c ****     *    1. Disable the CSD interrupt
 641:Generated_Source\PSoC4/CapSense_INT.c ****     *    2. Read the Counter register and update the data structure with raw data
 642:Generated_Source\PSoC4/CapSense_INT.c ****     *    3. Connect the Vref buffer to the AMUX bus
 643:Generated_Source\PSoC4/CapSense_INT.c ****     *    4. Disable the CSD block (after the widget has been scanned)
 644:Generated_Source\PSoC4/CapSense_INT.c ****     *    5. Update Scan Counter
 645:Generated_Source\PSoC4/CapSense_INT.c ****     *    6. Reset the BUSY flag
 646:Generated_Source\PSoC4/CapSense_INT.c ****     *    7. Enable the CSD interrupt.
ARM GAS  C:\Users\Lenovo\AppData\Local\Temp\cc6FHT8F.s 			page 13


 647:Generated_Source\PSoC4/CapSense_INT.c ****     *
 648:Generated_Source\PSoC4/CapSense_INT.c ****     *  The ISR handler initializes scanning for the previous sensor when the
 649:Generated_Source\PSoC4/CapSense_INT.c ****     *  widget has more than one sensor.
 650:Generated_Source\PSoC4/CapSense_INT.c ****     *  The ISR handler initializes scanning for the next widget when the
 651:Generated_Source\PSoC4/CapSense_INT.c ****     *  CapSense_ScanAllWidgets() APIs are called and the project has 
 652:Generated_Source\PSoC4/CapSense_INT.c ****     *  more than one widget.
 653:Generated_Source\PSoC4/CapSense_INT.c ****     *  The ISR handler changes the IMO and initializes scanning for the next 
 654:Generated_Source\PSoC4/CapSense_INT.c ****     *  frequency channels when multi-frequency scanning is enabled.
 655:Generated_Source\PSoC4/CapSense_INT.c ****     *
 656:Generated_Source\PSoC4/CapSense_INT.c ****     *  This function has two Macro Callbacks that allow calling the user 
 657:Generated_Source\PSoC4/CapSense_INT.c ****     *  code from macros specified in a component's generated code. Refer to the 
 658:Generated_Source\PSoC4/CapSense_INT.c ****     *  \ref group_capsense_macrocallbacks section of PSoC Creator User Guide 
 659:Generated_Source\PSoC4/CapSense_INT.c ****     *  for details.
 660:Generated_Source\PSoC4/CapSense_INT.c ****     *
 661:Generated_Source\PSoC4/CapSense_INT.c ****     *******************************************************************************/
 662:Generated_Source\PSoC4/CapSense_INT.c ****     CY_ISR(CapSense_CSDPostMultiScanGanged)
 663:Generated_Source\PSoC4/CapSense_INT.c ****     {
 664:Generated_Source\PSoC4/CapSense_INT.c ****         #ifdef CapSense_ENTRY_CALLBACK
 665:Generated_Source\PSoC4/CapSense_INT.c ****             CapSense_EntryCallback();
 666:Generated_Source\PSoC4/CapSense_INT.c ****         #endif /* CapSense_ENTRY_CALLBACK */
 667:Generated_Source\PSoC4/CapSense_INT.c **** 
 668:Generated_Source\PSoC4/CapSense_INT.c ****         /* Clear pending interrupt */
 669:Generated_Source\PSoC4/CapSense_INT.c ****         CY_SET_REG32(CapSense_INTR_PTR, CapSense_INTR_SET_MASK);
 670:Generated_Source\PSoC4/CapSense_INT.c **** 
 671:Generated_Source\PSoC4/CapSense_INT.c ****          /* Read Rawdata */
 672:Generated_Source\PSoC4/CapSense_INT.c ****         CapSense_SsCSDPostScan();
 673:Generated_Source\PSoC4/CapSense_INT.c **** 
 674:Generated_Source\PSoC4/CapSense_INT.c ****         /*  Connect Vref Buffer to AMUX bus */
 675:Generated_Source\PSoC4/CapSense_INT.c ****         CY_SET_REG32(CapSense_CONFIG_PTR, CapSense_configCsd | CapSense_CTANK_PRECHARGE_CONFIG_CSD_
 676:Generated_Source\PSoC4/CapSense_INT.c **** 
 677:Generated_Source\PSoC4/CapSense_INT.c ****         #if (CapSense_ENABLE == CapSense_MULTI_FREQ_SCAN_EN)
 678:Generated_Source\PSoC4/CapSense_INT.c ****             if (CapSense_FREQ_CHANNEL_2 == CapSense_scanFreqIndex)
 679:Generated_Source\PSoC4/CapSense_INT.c ****             {
 680:Generated_Source\PSoC4/CapSense_INT.c ****                 CapSense_SsCSDDisconnectSnsExt((uint32)CapSense_widgetIndex, (uint32)CapSense_senso
 681:Generated_Source\PSoC4/CapSense_INT.c ****             }
 682:Generated_Source\PSoC4/CapSense_INT.c ****         #else
 683:Generated_Source\PSoC4/CapSense_INT.c ****             CapSense_SsCSDDisconnectSnsExt((uint32)CapSense_widgetIndex, (uint32)CapSense_sensorInd
 684:Generated_Source\PSoC4/CapSense_INT.c ****         #endif /* (CapSense_ENABLE == CapSense_MULTI_FREQ_SCAN_EN) */
 685:Generated_Source\PSoC4/CapSense_INT.c **** 
 686:Generated_Source\PSoC4/CapSense_INT.c ****         #if (CapSense_ENABLE == CapSense_MULTI_FREQ_SCAN_EN)
 687:Generated_Source\PSoC4/CapSense_INT.c ****             if (CapSense_FREQ_CHANNEL_2 > CapSense_scanFreqIndex)
 688:Generated_Source\PSoC4/CapSense_INT.c ****             {
 689:Generated_Source\PSoC4/CapSense_INT.c ****                  /* Scan the next channel */
 690:Generated_Source\PSoC4/CapSense_INT.c ****                 CapSense_SsNextFrequencyScan();
 691:Generated_Source\PSoC4/CapSense_INT.c ****             }
 692:Generated_Source\PSoC4/CapSense_INT.c ****             else
 693:Generated_Source\PSoC4/CapSense_INT.c ****             {
 694:Generated_Source\PSoC4/CapSense_INT.c ****                 /* All channels are scanned. Set IMO to zero channel */
 695:Generated_Source\PSoC4/CapSense_INT.c ****                 CapSense_scanFreqIndex = CapSense_FREQ_CHANNEL_0;
 696:Generated_Source\PSoC4/CapSense_INT.c ****                 CapSense_SsChangeImoFreq(CapSense_FREQ_CHANNEL_0);
 697:Generated_Source\PSoC4/CapSense_INT.c **** 
 698:Generated_Source\PSoC4/CapSense_INT.c ****                  /* Scan the next sensor */
 699:Generated_Source\PSoC4/CapSense_INT.c ****                 CapSense_SsCSDInitNextScan();
 700:Generated_Source\PSoC4/CapSense_INT.c ****             }
 701:Generated_Source\PSoC4/CapSense_INT.c ****         #else
 702:Generated_Source\PSoC4/CapSense_INT.c ****              /* Scan the next sensor */
 703:Generated_Source\PSoC4/CapSense_INT.c ****             CapSense_SsCSDInitNextScan();
ARM GAS  C:\Users\Lenovo\AppData\Local\Temp\cc6FHT8F.s 			page 14


 704:Generated_Source\PSoC4/CapSense_INT.c ****         #endif /* (CapSense_ENABLE == CapSense_MULTI_FREQ_SCAN_EN) */
 705:Generated_Source\PSoC4/CapSense_INT.c **** 
 706:Generated_Source\PSoC4/CapSense_INT.c ****         #ifdef CapSense_EXIT_CALLBACK
 707:Generated_Source\PSoC4/CapSense_INT.c ****             CapSense_ExitCallback();
 708:Generated_Source\PSoC4/CapSense_INT.c ****         #endif /* CapSense_EXIT_CALLBACK */
 709:Generated_Source\PSoC4/CapSense_INT.c ****     }
 710:Generated_Source\PSoC4/CapSense_INT.c ****     #endif /* (CapSense_ENABLE == CapSense_CSD_GANGED_SNS_EN) */
 711:Generated_Source\PSoC4/CapSense_INT.c **** 
 712:Generated_Source\PSoC4/CapSense_INT.c **** #endif /* (CapSense_ENABLE == CapSense_CSDV2) */
 713:Generated_Source\PSoC4/CapSense_INT.c **** 
 714:Generated_Source\PSoC4/CapSense_INT.c **** #endif /* ((CapSense_ENABLE == CapSense_CSD_EN) || (CapSense_ENABLE == CapSense_CSD_CSX_EN)) */
 715:Generated_Source\PSoC4/CapSense_INT.c **** 
 716:Generated_Source\PSoC4/CapSense_INT.c **** /** \}
 717:Generated_Source\PSoC4/CapSense_INT.c ****  * \endif */
 718:Generated_Source\PSoC4/CapSense_INT.c **** 
 719:Generated_Source\PSoC4/CapSense_INT.c **** 
 720:Generated_Source\PSoC4/CapSense_INT.c **** #if ((CapSense_ENABLE == CapSense_CSD_EN) || (CapSense_ENABLE == CapSense_CSD_CSX_EN))
 721:Generated_Source\PSoC4/CapSense_INT.c **** 
 722:Generated_Source\PSoC4/CapSense_INT.c **** /*******************************************************************************
 723:Generated_Source\PSoC4/CapSense_INT.c **** * Function Name: CapSense_SsCSDPostScan
 724:Generated_Source\PSoC4/CapSense_INT.c **** ****************************************************************************//**
 725:Generated_Source\PSoC4/CapSense_INT.c **** *
 726:Generated_Source\PSoC4/CapSense_INT.c **** * \brief
 727:Generated_Source\PSoC4/CapSense_INT.c **** *   This function reads rawdata and releases required HW resources after scan.
 728:Generated_Source\PSoC4/CapSense_INT.c **** *
 729:Generated_Source\PSoC4/CapSense_INT.c **** * \details
 730:Generated_Source\PSoC4/CapSense_INT.c **** *   This function performs following tasks after scan:
 731:Generated_Source\PSoC4/CapSense_INT.c **** *   - Reads SlotResult from Raw Counter;
 732:Generated_Source\PSoC4/CapSense_INT.c **** *   - Inits bad Conversions number;
 733:Generated_Source\PSoC4/CapSense_INT.c **** *   - Disconnects Vrefhi from AMUBUF positive input;
 734:Generated_Source\PSoC4/CapSense_INT.c **** *   - Disconnects AMUBUF output from CSDBUSB with sych PHI2+HSCMP;
 735:Generated_Source\PSoC4/CapSense_INT.c **** *   - Opens HCBV and HCBG switches.
 736:Generated_Source\PSoC4/CapSense_INT.c **** *
 737:Generated_Source\PSoC4/CapSense_INT.c **** *******************************************************************************/
 738:Generated_Source\PSoC4/CapSense_INT.c **** CY_INLINE static void CapSense_SsCSDPostScan(void)
 739:Generated_Source\PSoC4/CapSense_INT.c **** {
 740:Generated_Source\PSoC4/CapSense_INT.c ****     #if (CapSense_ENABLE == CapSense_CSDV2)
 741:Generated_Source\PSoC4/CapSense_INT.c **** 
 742:Generated_Source\PSoC4/CapSense_INT.c ****         uint32 tmpRawData;
 743:Generated_Source\PSoC4/CapSense_INT.c ****         uint32 tmpMaxCount;
 744:Generated_Source\PSoC4/CapSense_INT.c ****         CapSense_RAM_WD_BASE_STRUCT const *ptrWdgt = (CapSense_RAM_WD_BASE_STRUCT *)
 745:Generated_Source\PSoC4/CapSense_INT.c ****                                             CapSense_dsFlash.wdgtArray[CapSense_widgetIndex].ptr2Wd
 746:Generated_Source\PSoC4/CapSense_INT.c **** 
 747:Generated_Source\PSoC4/CapSense_INT.c ****         /* Read SlotResult from Raw Counter */
 748:Generated_Source\PSoC4/CapSense_INT.c ****         tmpRawData = CapSense_RESULT_VAL1_VALUE_MASK & CY_GET_REG32(CapSense_COUNTER_PTR);
 749:Generated_Source\PSoC4/CapSense_INT.c **** 
 750:Generated_Source\PSoC4/CapSense_INT.c ****         tmpMaxCount = ((1uL << ptrWdgt->resolution) - 1uL);
 751:Generated_Source\PSoC4/CapSense_INT.c ****         if(tmpRawData < tmpMaxCount)
 752:Generated_Source\PSoC4/CapSense_INT.c ****         {
 753:Generated_Source\PSoC4/CapSense_INT.c ****             CapSense_curRamSnsPtr->raw[CapSense_scanFreqIndex] = LO16(tmpRawData);
 754:Generated_Source\PSoC4/CapSense_INT.c ****         }
 755:Generated_Source\PSoC4/CapSense_INT.c ****         else
 756:Generated_Source\PSoC4/CapSense_INT.c ****         {
 757:Generated_Source\PSoC4/CapSense_INT.c ****             CapSense_curRamSnsPtr->raw[CapSense_scanFreqIndex] = LO16(tmpMaxCount);
 758:Generated_Source\PSoC4/CapSense_INT.c ****         }
 759:Generated_Source\PSoC4/CapSense_INT.c **** 
 760:Generated_Source\PSoC4/CapSense_INT.c ****         #if (CapSense_ENABLE == CapSense_CSD_NOISE_METRIC_EN)
ARM GAS  C:\Users\Lenovo\AppData\Local\Temp\cc6FHT8F.s 			page 15


 761:Generated_Source\PSoC4/CapSense_INT.c ****             /*  Init bad Conversions number */
 762:Generated_Source\PSoC4/CapSense_INT.c ****             CapSense_badConversionsNum = CapSense_BAD_CONVERSIONS_NUM;
 763:Generated_Source\PSoC4/CapSense_INT.c ****         #endif /* (CapSense_ENABLE == CapSense_CSD_NOISE_METRIC_EN) */
 764:Generated_Source\PSoC4/CapSense_INT.c **** 
 765:Generated_Source\PSoC4/CapSense_INT.c ****         #if ((CapSense_ENABLE == CapSense_CSD_SHIELD_EN) && \
 766:Generated_Source\PSoC4/CapSense_INT.c ****              (CapSense_2000_MV <= CapSense_CYDEV_VDDA_MV))
 767:Generated_Source\PSoC4/CapSense_INT.c ****             /*  Disconnect Vrefhi from AMUBUF positive input. Disconnect AMUBUF output from CSDBUSB
 768:Generated_Source\PSoC4/CapSense_INT.c ****             CY_SET_REG32(CapSense_SW_AMUXBUF_SEL_PTR, CapSense_SW_AMUXBUF_SEL_SW_DEFAULT);
 769:Generated_Source\PSoC4/CapSense_INT.c ****         #endif /* ((CapSense_ENABLE == CapSense_CSD_SHIELD_EN) && \
 770:Generated_Source\PSoC4/CapSense_INT.c ****                    (CapSense_2000_MV <= CapSense_CYDEV_VDDA_MV)) */
 771:Generated_Source\PSoC4/CapSense_INT.c **** 
 772:Generated_Source\PSoC4/CapSense_INT.c ****         #if (CapSense_ENABLE == CapSense_CSD_SHIELD_EN)
 773:Generated_Source\PSoC4/CapSense_INT.c ****             /* Open HCBV and HCBG switches */
 774:Generated_Source\PSoC4/CapSense_INT.c ****             CY_SET_REG32(CapSense_SW_SHIELD_SEL_PTR, CapSense_SW_SHIELD_SEL_SW_HCBV_STATIC_OPEN |
 775:Generated_Source\PSoC4/CapSense_INT.c ****                                                              CapSense_SW_SHIELD_SEL_SW_HCBG_STATIC_
 776:Generated_Source\PSoC4/CapSense_INT.c ****         #endif /* (CapSense_ENABLE == CapSense_CSD_SHIELD_EN) */
 777:Generated_Source\PSoC4/CapSense_INT.c **** 
 778:Generated_Source\PSoC4/CapSense_INT.c ****     #else
 779:Generated_Source\PSoC4/CapSense_INT.c **** 
 780:Generated_Source\PSoC4/CapSense_INT.c ****         /* Read SlotResult from Raw Counter */
 781:Generated_Source\PSoC4/CapSense_INT.c ****        CapSense_curRamSnsPtr->raw[CapSense_scanFreqIndex] = (uint16)CY_GET_REG32(CapSense_COUNTER_P
  39              		.loc 1 781 0
  40 0006 0C4B     		ldr	r3, .L2+4
  41 0008 1A68     		ldr	r2, [r3]
  42 000a 0C4B     		ldr	r3, .L2+8
  43 000c 1B78     		ldrb	r3, [r3]
  44 000e 0C49     		ldr	r1, .L2+12
  45 0010 0968     		ldr	r1, [r1]
  46 0012 5B00     		lsls	r3, r3, #1
  47 0014 D152     		strh	r1, [r2, r3]
  48              	.LBE7:
  49              	.LBE6:
 515:Generated_Source\PSoC4/CapSense_INT.c ****                 #endif /* (CapSense_ENABLE == CapSense_BLOCK_OFF_AFTER_SCAN_EN) */
  50              		.loc 1 515 0
  51 0016 0B4B     		ldr	r3, .L2+16
  52 0018 1B68     		ldr	r3, [r3]
  53 001a 0B4A     		ldr	r2, .L2+20
  54 001c 1343     		orrs	r3, r2
  55 001e 0B4A     		ldr	r2, .L2+24
  56 0020 1360     		str	r3, [r2]
 519:Generated_Source\PSoC4/CapSense_INT.c **** 
  57              		.loc 1 519 0
  58 0022 0B4B     		ldr	r3, .L2+28
  59 0024 DA88     		ldrh	r2, [r3, #6]
  60 0026 0132     		adds	r2, r2, #1
  61 0028 DA80     		strh	r2, [r3, #6]
 522:Generated_Source\PSoC4/CapSense_INT.c ****             }
  62              		.loc 1 522 0
  63 002a 0A4A     		ldr	r2, .L2+32
  64 002c 9968     		ldr	r1, [r3, #8]
  65 002e 0A40     		ands	r2, r1
  66 0030 9A60     		str	r2, [r3, #8]
 529:Generated_Source\PSoC4/CapSense_INT.c **** 
  67              		.loc 1 529 0
  68              		@ sp needed
  69 0032 7047     		bx	lr
  70              	.L3:
ARM GAS  C:\Users\Lenovo\AppData\Local\Temp\cc6FHT8F.s 			page 16


  71              		.align	2
  72              	.L2:
  73 0034 14002840 		.word	1076363284
  74 0038 00000000 		.word	CapSense_curRamSnsPtr
  75 003c 00000000 		.word	CapSense_scanFreqIndex
  76 0040 0C002840 		.word	1076363276
  77 0044 00000000 		.word	CapSense_configCsd
  78 0048 2008E881 		.word	-2115500000
  79 004c 04002840 		.word	1076363268
  80 0050 00000000 		.word	CapSense_dsRam
  81 0054 7FFFFEFF 		.word	-65665
  82              		.cfi_endproc
  83              	.LFE2:
  84              		.size	CapSense_CSDPostSingleScan, .-CapSense_CSDPostSingleScan
  85              		.section	.text.CapSense_CSDPostMultiScan,"ax",%progbits
  86              		.align	2
  87              		.global	CapSense_CSDPostMultiScan
  88              		.code	16
  89              		.thumb_func
  90              		.type	CapSense_CSDPostMultiScan, %function
  91              	CapSense_CSDPostMultiScan:
  92              	.LFB3:
 568:Generated_Source\PSoC4/CapSense_INT.c ****         /*  Declare and initialise ptr to sensor IO structure to appropriate address        */
  93              		.loc 1 568 0
  94              		.cfi_startproc
  95              		@ args = 0, pretend = 0, frame = 0
  96              		@ frame_needed = 0, uses_anonymous_args = 0
  97 0000 70B5     		push	{r4, r5, r6, lr}
  98              		.cfi_def_cfa_offset 16
  99              		.cfi_offset 4, -16
 100              		.cfi_offset 5, -12
 101              		.cfi_offset 6, -8
 102              		.cfi_offset 14, -4
 570:Generated_Source\PSoC4/CapSense_INT.c ****                                                           CapSense_dsFlash.wdgtArray[CapSense_widge
 103              		.loc 1 570 0
 104 0002 324E     		ldr	r6, .L8
 105 0004 3378     		ldrb	r3, [r6]
 106 0006 DBB2     		uxtb	r3, r3
 571:Generated_Source\PSoC4/CapSense_INT.c ****                                                           + CapSense_sensorIndex;
 107              		.loc 1 571 0
 108 0008 314C     		ldr	r4, .L8+4
 109 000a DA00     		lsls	r2, r3, #3
 110 000c D318     		adds	r3, r2, r3
 111 000e 9A00     		lsls	r2, r3, #2
 112 0010 1159     		ldr	r1, [r2, r4]
 572:Generated_Source\PSoC4/CapSense_INT.c **** 
 113              		.loc 1 572 0
 114 0012 304D     		ldr	r5, .L8+8
 115 0014 2B78     		ldrb	r3, [r5]
 116 0016 DBB2     		uxtb	r3, r3
 117 0018 DA00     		lsls	r2, r3, #3
 118 001a D31A     		subs	r3, r2, r3
 119 001c 9800     		lsls	r0, r3, #2
 570:Generated_Source\PSoC4/CapSense_INT.c ****                                                           CapSense_dsFlash.wdgtArray[CapSense_widge
 120              		.loc 1 570 0
 121 001e 0818     		adds	r0, r1, r0
 122              	.LVL0:
ARM GAS  C:\Users\Lenovo\AppData\Local\Temp\cc6FHT8F.s 			page 17


 579:Generated_Source\PSoC4/CapSense_INT.c **** 
 123              		.loc 1 579 0
 124 0020 0122     		movs	r2, #1
 125 0022 2D4B     		ldr	r3, .L8+12
 126 0024 1A60     		str	r2, [r3]
 127              	.LBB12:
 128              	.LBB13:
 129              		.loc 1 781 0
 130 0026 2D4B     		ldr	r3, .L8+16
 131 0028 1A68     		ldr	r2, [r3]
 132 002a 2D4B     		ldr	r3, .L8+20
 133 002c 1B78     		ldrb	r3, [r3]
 134 002e 2D49     		ldr	r1, .L8+24
 135 0030 0968     		ldr	r1, [r1]
 136 0032 5B00     		lsls	r3, r3, #1
 137 0034 D152     		strh	r1, [r2, r3]
 138              	.LBE13:
 139              	.LBE12:
 585:Generated_Source\PSoC4/CapSense_INT.c **** 
 140              		.loc 1 585 0
 141 0036 2C4B     		ldr	r3, .L8+28
 142 0038 1B68     		ldr	r3, [r3]
 143 003a 2C4A     		ldr	r2, .L8+32
 144 003c 1343     		orrs	r3, r2
 145 003e 2C4A     		ldr	r2, .L8+36
 146 0040 1360     		str	r3, [r2]
 596:Generated_Source\PSoC4/CapSense_INT.c ****         #endif /* (CapSense_ENABLE == CapSense_MULTI_FREQ_SCAN_EN) */
 147              		.loc 1 596 0
 148 0042 FFF7FEFF 		bl	CapSense_CSDDisconnectSns
 149              	.LVL1:
 150              	.LBB14:
 151              	.LBB15:
 782:Generated_Source\PSoC4/CapSense_INT.c **** 
 783:Generated_Source\PSoC4/CapSense_INT.c ****     #endif /* (CapSense_ENABLE == CapSense_CSDV2) */
 784:Generated_Source\PSoC4/CapSense_INT.c **** }
 785:Generated_Source\PSoC4/CapSense_INT.c **** 
 786:Generated_Source\PSoC4/CapSense_INT.c **** 
 787:Generated_Source\PSoC4/CapSense_INT.c **** /*******************************************************************************
 788:Generated_Source\PSoC4/CapSense_INT.c **** * Function Name: CapSense_SsCSDInitNextScan
 789:Generated_Source\PSoC4/CapSense_INT.c **** ****************************************************************************//**
 790:Generated_Source\PSoC4/CapSense_INT.c **** *
 791:Generated_Source\PSoC4/CapSense_INT.c **** * \brief
 792:Generated_Source\PSoC4/CapSense_INT.c **** *   This function initializes the next sensor scan.
 793:Generated_Source\PSoC4/CapSense_INT.c **** *
 794:Generated_Source\PSoC4/CapSense_INT.c **** * \details
 795:Generated_Source\PSoC4/CapSense_INT.c **** *   The function Increments the sensor index, updates sense clock for matrix
 796:Generated_Source\PSoC4/CapSense_INT.c **** *   or touchpad widgets only, sets up Compensation IDAC, enables the sensor and
 797:Generated_Source\PSoC4/CapSense_INT.c **** *   scans it. When all sensors are scanned it continues to set up the next widget
 798:Generated_Source\PSoC4/CapSense_INT.c **** *   until all widgets are scanned. The CSD block is disabled when all widgets are
 799:Generated_Source\PSoC4/CapSense_INT.c **** *   scanned.
 800:Generated_Source\PSoC4/CapSense_INT.c **** *
 801:Generated_Source\PSoC4/CapSense_INT.c **** *******************************************************************************/
 802:Generated_Source\PSoC4/CapSense_INT.c **** CY_INLINE static void CapSense_SsCSDInitNextScan(void)
 803:Generated_Source\PSoC4/CapSense_INT.c **** {
 804:Generated_Source\PSoC4/CapSense_INT.c ****     /*  Declare and initialise ptr to widget and sensor structures to appropriate address */
 805:Generated_Source\PSoC4/CapSense_INT.c ****     #if (((CapSense_ENABLE == CapSense_CSD_IDAC_COMP_EN) || \
 806:Generated_Source\PSoC4/CapSense_INT.c ****              (CapSense_ENABLE == (CapSense_CSD_MATRIX_WIDGET_EN | CapSense_CSD_TOUCHPAD_WIDGET_EN))
ARM GAS  C:\Users\Lenovo\AppData\Local\Temp\cc6FHT8F.s 			page 18


 807:Generated_Source\PSoC4/CapSense_INT.c ****          (((CapSense_DISABLE == CapSense_CSD_COMMON_SNS_CLK_EN) && \
 808:Generated_Source\PSoC4/CapSense_INT.c ****            (CapSense_ENABLE == CapSense_CSDV2) && \
 809:Generated_Source\PSoC4/CapSense_INT.c ****           (CapSense_ENABLE == (CapSense_CSD_MATRIX_WIDGET_EN | CapSense_CSD_TOUCHPAD_WIDGET_EN)))))
 810:Generated_Source\PSoC4/CapSense_INT.c ****         CapSense_RAM_WD_BASE_STRUCT *ptrWdgt = (CapSense_RAM_WD_BASE_STRUCT *)
 811:Generated_Source\PSoC4/CapSense_INT.c ****                                                         CapSense_dsFlash.wdgtArray[CapSense_widgetI
 812:Generated_Source\PSoC4/CapSense_INT.c ****     #endif /* ((((CapSense_ENABLE == CapSense_CSD_IDAC_COMP_EN) && \
 813:Generated_Source\PSoC4/CapSense_INT.c ****                (CapSense_ENABLE == (CapSense_CSD_MATRIX_WIDGET_EN | CapSense_CSD_TOUCHPAD_WIDGET_EN
 814:Generated_Source\PSoC4/CapSense_INT.c ****                (((CapSense_DISABLE == CapSense_CSD_COMMON_SNS_CLK_EN) && \
 815:Generated_Source\PSoC4/CapSense_INT.c ****                (CapSense_ENABLE == (CapSense_CSD_MATRIX_WIDGET_EN | CapSense_CSD_TOUCHPAD_WIDGET_EN
 816:Generated_Source\PSoC4/CapSense_INT.c ****                (CapSense_CLK_SOURCE_DIRECT == CapSense_CSD_SNS_CLK_SOURCE))) */
 817:Generated_Source\PSoC4/CapSense_INT.c **** 
 818:Generated_Source\PSoC4/CapSense_INT.c ****     /* Check if all sensors are scanned in widget */
 819:Generated_Source\PSoC4/CapSense_INT.c ****     if (((uint8)CapSense_dsFlash.wdgtArray[(CapSense_widgetIndex)].totalNumSns - 1u) > CapSense_sen
 152              		.loc 1 819 0
 153 0046 3378     		ldrb	r3, [r6]
 154 0048 DBB2     		uxtb	r3, r3
 155 004a DA00     		lsls	r2, r3, #3
 156 004c D318     		adds	r3, r2, r3
 157 004e 9A00     		lsls	r2, r3, #2
 158 0050 A218     		adds	r2, r4, r2
 159 0052 927D     		ldrb	r2, [r2, #22]
 160 0054 013A     		subs	r2, r2, #1
 161 0056 2B78     		ldrb	r3, [r5]
 162 0058 DBB2     		uxtb	r3, r3
 163 005a 9A42     		cmp	r2, r3
 164 005c 1ED9     		bls	.L5
 820:Generated_Source\PSoC4/CapSense_INT.c ****     {
 821:Generated_Source\PSoC4/CapSense_INT.c ****         /* Increment sensor index to configure next sensor in widget */
 822:Generated_Source\PSoC4/CapSense_INT.c ****         CapSense_sensorIndex++;
 165              		.loc 1 822 0
 166 005e 1D4A     		ldr	r2, .L8+8
 167 0060 1378     		ldrb	r3, [r2]
 168 0062 0133     		adds	r3, r3, #1
 169 0064 DBB2     		uxtb	r3, r3
 170 0066 1370     		strb	r3, [r2]
 823:Generated_Source\PSoC4/CapSense_INT.c **** 
 824:Generated_Source\PSoC4/CapSense_INT.c ****         /*  Update global pointer to CapSense_RAM_SNS_STRUCT to current sensor  */
 825:Generated_Source\PSoC4/CapSense_INT.c ****         CapSense_curRamSnsPtr = (CapSense_RAM_SNS_STRUCT *)
 171              		.loc 1 825 0
 172 0068 1848     		ldr	r0, .L8
 173 006a 0378     		ldrb	r3, [r0]
 174 006c DBB2     		uxtb	r3, r3
 826:Generated_Source\PSoC4/CapSense_INT.c ****                                                   CapSense_dsFlash.wdgtArray[CapSense_widgetIndex].
 175              		.loc 1 826 0
 176 006e D900     		lsls	r1, r3, #3
 177 0070 CB18     		adds	r3, r1, r3
 178 0072 9900     		lsls	r1, r3, #2
 179 0074 164B     		ldr	r3, .L8+4
 180 0076 5918     		adds	r1, r3, r1
 181 0078 8C68     		ldr	r4, [r1, #8]
 827:Generated_Source\PSoC4/CapSense_INT.c ****                                                   + CapSense_sensorIndex;
 182              		.loc 1 827 0
 183 007a 1378     		ldrb	r3, [r2]
 184 007c DBB2     		uxtb	r3, r3
 185 007e 9900     		lsls	r1, r3, #2
 186 0080 CB18     		adds	r3, r1, r3
 187 0082 5900     		lsls	r1, r3, #1
ARM GAS  C:\Users\Lenovo\AppData\Local\Temp\cc6FHT8F.s 			page 19


 188 0084 6118     		adds	r1, r4, r1
 825:Generated_Source\PSoC4/CapSense_INT.c ****                                                   CapSense_dsFlash.wdgtArray[CapSense_widgetIndex].
 189              		.loc 1 825 0
 190 0086 154B     		ldr	r3, .L8+16
 191 0088 1960     		str	r1, [r3]
 828:Generated_Source\PSoC4/CapSense_INT.c **** 
 829:Generated_Source\PSoC4/CapSense_INT.c ****         /* Configure clock divider to row or column */
 830:Generated_Source\PSoC4/CapSense_INT.c ****         #if ((CapSense_DISABLE == CapSense_CSD_COMMON_SNS_CLK_EN) && \
 831:Generated_Source\PSoC4/CapSense_INT.c ****              (CapSense_ENABLE == (CapSense_CSD_MATRIX_WIDGET_EN | CapSense_CSD_TOUCHPAD_WIDGET_EN))
 832:Generated_Source\PSoC4/CapSense_INT.c ****             if ((CapSense_WD_TOUCHPAD_E == (CapSense_WD_TYPE_ENUM)CapSense_dsFlash.wdgtArray[(CapSe
 833:Generated_Source\PSoC4/CapSense_INT.c ****                 (CapSense_WD_MATRIX_BUTTON_E == (CapSense_WD_TYPE_ENUM)CapSense_dsFlash.wdgtArray[(
 834:Generated_Source\PSoC4/CapSense_INT.c ****             {
 835:Generated_Source\PSoC4/CapSense_INT.c ****                 CapSense_SsCSDConfigClock();
 836:Generated_Source\PSoC4/CapSense_INT.c **** 
 837:Generated_Source\PSoC4/CapSense_INT.c ****                 #if (CapSense_ENABLE == CapSense_CSDV2)
 838:Generated_Source\PSoC4/CapSense_INT.c ****                      /* Set up scanning resolution */
 839:Generated_Source\PSoC4/CapSense_INT.c ****                     CapSense_SsCSDCalculateScanDuration(ptrWdgt);
 840:Generated_Source\PSoC4/CapSense_INT.c ****                 #endif /* (CapSense_ENABLE == CapSense_CSDV2) */
 841:Generated_Source\PSoC4/CapSense_INT.c ****             }
 842:Generated_Source\PSoC4/CapSense_INT.c ****         #endif /* ((CapSense_DISABLE == CapSense_CSD_COMMON_SNS_CLK_EN) && \
 843:Generated_Source\PSoC4/CapSense_INT.c ****                    (CapSense_ENABLE == (CapSense_CSD_MATRIX_WIDGET_EN | CapSense_CSD_TOUCHPAD_WIDGE
 844:Generated_Source\PSoC4/CapSense_INT.c **** 
 845:Generated_Source\PSoC4/CapSense_INT.c ****         /* Setup Compensation IDAC for next sensor in widget */
 846:Generated_Source\PSoC4/CapSense_INT.c ****         #if ((CapSense_ENABLE == CapSense_CSD_IDAC_COMP_EN) || \
 847:Generated_Source\PSoC4/CapSense_INT.c ****              (CapSense_ENABLE == (CapSense_CSD_MATRIX_WIDGET_EN | CapSense_CSD_TOUCHPAD_WIDGET_EN))
 848:Generated_Source\PSoC4/CapSense_INT.c ****             CapSense_SsCSDSetUpIdacs(ptrWdgt);
 849:Generated_Source\PSoC4/CapSense_INT.c ****         #endif /* ((CapSense_ENABLE == CapSense_CSD_IDAC_COMP_EN) || \
 850:Generated_Source\PSoC4/CapSense_INT.c ****              (CapSense_ENABLE == (CapSense_CSD_MATRIX_WIDGET_EN | CapSense_CSD_TOUCHPAD_WIDGET_EN))
 851:Generated_Source\PSoC4/CapSense_INT.c **** 
 852:Generated_Source\PSoC4/CapSense_INT.c ****         /* Enable sensor */
 853:Generated_Source\PSoC4/CapSense_INT.c ****         CapSense_SsCSDConnectSensorExt((uint32)CapSense_widgetIndex, (uint32)CapSense_sensorIndex);
 192              		.loc 1 853 0
 193 008a 0078     		ldrb	r0, [r0]
 194 008c C0B2     		uxtb	r0, r0
 195 008e 1178     		ldrb	r1, [r2]
 196 0090 C9B2     		uxtb	r1, r1
 197 0092 FFF7FEFF 		bl	CapSense_SsCSDConnectSensorExt
 198              	.LVL2:
 854:Generated_Source\PSoC4/CapSense_INT.c **** 
 855:Generated_Source\PSoC4/CapSense_INT.c ****         /* Proceed scanning */
 856:Generated_Source\PSoC4/CapSense_INT.c ****         CapSense_SsCSDStartSample();
 199              		.loc 1 856 0
 200 0096 FFF7FEFF 		bl	CapSense_SsCSDStartSample
 201              	.LVL3:
 202 009a 15E0     		b	.L4
 203              	.L5:
 857:Generated_Source\PSoC4/CapSense_INT.c ****     }
 858:Generated_Source\PSoC4/CapSense_INT.c ****     /*    Call scan next widget API if requested, if not, complete the scan  */
 859:Generated_Source\PSoC4/CapSense_INT.c ****     else
 860:Generated_Source\PSoC4/CapSense_INT.c ****     {
 861:Generated_Source\PSoC4/CapSense_INT.c ****         CapSense_sensorIndex = 0u;
 204              		.loc 1 861 0
 205 009c 0022     		movs	r2, #0
 206 009e 0D4B     		ldr	r3, .L8+8
 207 00a0 1A70     		strb	r2, [r3]
 862:Generated_Source\PSoC4/CapSense_INT.c **** 
 863:Generated_Source\PSoC4/CapSense_INT.c ****         /* Current widget is totally scanned. Reset WIDGET BUSY flag */
ARM GAS  C:\Users\Lenovo\AppData\Local\Temp\cc6FHT8F.s 			page 20


 864:Generated_Source\PSoC4/CapSense_INT.c ****         CapSense_dsRam.status &= ~CapSense_WDGT_SW_STS_BUSY;
 208              		.loc 1 864 0
 209 00a2 144A     		ldr	r2, .L8+40
 210 00a4 144B     		ldr	r3, .L8+44
 211 00a6 9168     		ldr	r1, [r2, #8]
 212 00a8 0B40     		ands	r3, r1
 213 00aa 9360     		str	r3, [r2, #8]
 865:Generated_Source\PSoC4/CapSense_INT.c **** 
 866:Generated_Source\PSoC4/CapSense_INT.c ****         /* Check if all widgets have been scanned */
 867:Generated_Source\PSoC4/CapSense_INT.c ****         if (CapSense_ENABLE == CapSense_requestScanAllWidget)
 214              		.loc 1 867 0
 215 00ac 134A     		ldr	r2, .L8+48
 216 00ae 1278     		ldrb	r2, [r2]
 217 00b0 012A     		cmp	r2, #1
 218 00b2 02D1     		bne	.L7
 868:Generated_Source\PSoC4/CapSense_INT.c ****         {
 869:Generated_Source\PSoC4/CapSense_INT.c ****             /* Configure and begin scanning next widget */
 870:Generated_Source\PSoC4/CapSense_INT.c ****             CapSense_SsPostAllWidgetsScan();
 219              		.loc 1 870 0
 220 00b4 FFF7FEFF 		bl	CapSense_SsPostAllWidgetsScan
 221              	.LVL4:
 222 00b8 06E0     		b	.L4
 223              	.L7:
 871:Generated_Source\PSoC4/CapSense_INT.c ****         }
 872:Generated_Source\PSoC4/CapSense_INT.c ****         else
 873:Generated_Source\PSoC4/CapSense_INT.c ****         {
 874:Generated_Source\PSoC4/CapSense_INT.c ****             #if (CapSense_ENABLE == CapSense_BLOCK_OFF_AFTER_SCAN_EN)
 875:Generated_Source\PSoC4/CapSense_INT.c ****                 #if (CapSense_ENABLE == CapSense_CSDV2)
 876:Generated_Source\PSoC4/CapSense_INT.c ****                     /*  Disable the CSD block */
 877:Generated_Source\PSoC4/CapSense_INT.c ****                     CY_SET_REG32(CapSense_CONFIG_PTR, CapSense_configCsd);
 878:Generated_Source\PSoC4/CapSense_INT.c ****                 #else
 879:Generated_Source\PSoC4/CapSense_INT.c ****                     /*  Disable the CSD block. Connect Vref Buffer to AMUX bus */
 880:Generated_Source\PSoC4/CapSense_INT.c ****                     #if ((CapSense_CSH_PRECHARGE_IO_BUF == CapSense_CSD_CSH_PRECHARGE_SRC) &&\
 881:Generated_Source\PSoC4/CapSense_INT.c ****                          (CapSense_ENABLE == CapSense_CSD_SHIELD_TANK_EN))
 882:Generated_Source\PSoC4/CapSense_INT.c ****                         CY_SET_REG32(CapSense_CONFIG_PTR, CapSense_configCsd | CapSense_CMOD_PRECHA
 883:Generated_Source\PSoC4/CapSense_INT.c ****                     #else
 884:Generated_Source\PSoC4/CapSense_INT.c ****                         CY_SET_REG32(CapSense_CONFIG_PTR, CapSense_configCsd | CapSense_CTANK_PRECH
 885:Generated_Source\PSoC4/CapSense_INT.c ****                     #endif /* ((CapSense_CSH_PRECHARGE_IO_BUF == CapSense_CSD_CSH_PRECHARGE_SRC) &&
 886:Generated_Source\PSoC4/CapSense_INT.c ****                                (CapSense_ENABLE == CapSense_CSD_SHIELD_TANK_EN)) */
 887:Generated_Source\PSoC4/CapSense_INT.c ****                 #endif /* (CapSense_ENABLE == CapSense_CSDV2) */
 888:Generated_Source\PSoC4/CapSense_INT.c ****             #endif /* (CapSense_ENABLE == CapSense_BLOCK_OFF_AFTER_SCAN_EN) */
 889:Generated_Source\PSoC4/CapSense_INT.c **** 
 890:Generated_Source\PSoC4/CapSense_INT.c ****             /* All widgets are totally scanned. Reset BUSY flag */
 891:Generated_Source\PSoC4/CapSense_INT.c ****             CapSense_dsRam.status &= ~CapSense_SW_STS_BUSY;
 224              		.loc 1 891 0
 225 00ba 0E4A     		ldr	r2, .L8+40
 226 00bc 8021     		movs	r1, #128
 227 00be 8B43     		bics	r3, r1
 228 00c0 9360     		str	r3, [r2, #8]
 892:Generated_Source\PSoC4/CapSense_INT.c **** 
 893:Generated_Source\PSoC4/CapSense_INT.c ****             /* Update scan Counter */
 894:Generated_Source\PSoC4/CapSense_INT.c ****             CapSense_dsRam.scanCounter++;
 229              		.loc 1 894 0
 230 00c2 D388     		ldrh	r3, [r2, #6]
 231 00c4 0133     		adds	r3, r3, #1
 232 00c6 D380     		strh	r3, [r2, #6]
 233              	.L4:
ARM GAS  C:\Users\Lenovo\AppData\Local\Temp\cc6FHT8F.s 			page 21


 234              	.LBE15:
 235              	.LBE14:
 622:Generated_Source\PSoC4/CapSense_INT.c **** 
 236              		.loc 1 622 0
 237              		@ sp needed
 238 00c8 70BD     		pop	{r4, r5, r6, pc}
 239              	.L9:
 240 00ca C046     		.align	2
 241              	.L8:
 242 00cc 00000000 		.word	CapSense_widgetIndex
 243 00d0 00000000 		.word	CapSense_dsFlash
 244 00d4 00000000 		.word	CapSense_sensorIndex
 245 00d8 14002840 		.word	1076363284
 246 00dc 00000000 		.word	CapSense_curRamSnsPtr
 247 00e0 00000000 		.word	CapSense_scanFreqIndex
 248 00e4 0C002840 		.word	1076363276
 249 00e8 00000000 		.word	CapSense_configCsd
 250 00ec 2008E881 		.word	-2115500000
 251 00f0 04002840 		.word	1076363268
 252 00f4 00000000 		.word	CapSense_dsRam
 253 00f8 FFFFFEFF 		.word	-65537
 254 00fc 00000000 		.word	CapSense_requestScanAllWidget
 255              		.cfi_endproc
 256              	.LFE3:
 257              		.size	CapSense_CSDPostMultiScan, .-CapSense_CSDPostMultiScan
 258              		.text
 259              	.Letext0:
 260              		.file 2 "Generated_Source\\PSoC4\\cytypes.h"
 261              		.file 3 "Generated_Source\\PSoC4\\CapSense_Configuration.h"
 262              		.file 4 "Generated_Source\\PSoC4\\CapSense_Structure.h"
 263              		.file 5 "Generated_Source\\PSoC4\\CapSense_SensingCSD_LL.h"
 264              		.file 6 "Generated_Source\\PSoC4\\CapSense_Sensing.h"
 265              		.section	.debug_info,"",%progbits
 266              	.Ldebug_info0:
 267 0000 1A060000 		.4byte	0x61a
 268 0004 0400     		.2byte	0x4
 269 0006 00000000 		.4byte	.Ldebug_abbrev0
 270 000a 04       		.byte	0x4
 271 000b 01       		.uleb128 0x1
 272 000c 44000000 		.4byte	.LASF98
 273 0010 0C       		.byte	0xc
 274 0011 AF020000 		.4byte	.LASF99
 275 0015 17040000 		.4byte	.LASF100
 276 0019 00000000 		.4byte	.Ldebug_ranges0+0
 277 001d 00000000 		.4byte	0
 278 0021 00000000 		.4byte	.Ldebug_line0
 279 0025 02       		.uleb128 0x2
 280 0026 01       		.byte	0x1
 281 0027 06       		.byte	0x6
 282 0028 AF010000 		.4byte	.LASF0
 283 002c 02       		.uleb128 0x2
 284 002d 01       		.byte	0x1
 285 002e 08       		.byte	0x8
 286 002f 15050000 		.4byte	.LASF1
 287 0033 02       		.uleb128 0x2
 288 0034 02       		.byte	0x2
 289 0035 05       		.byte	0x5
ARM GAS  C:\Users\Lenovo\AppData\Local\Temp\cc6FHT8F.s 			page 22


 290 0036 23050000 		.4byte	.LASF2
 291 003a 02       		.uleb128 0x2
 292 003b 02       		.byte	0x2
 293 003c 07       		.byte	0x7
 294 003d 28030000 		.4byte	.LASF3
 295 0041 02       		.uleb128 0x2
 296 0042 04       		.byte	0x4
 297 0043 05       		.byte	0x5
 298 0044 E0010000 		.4byte	.LASF4
 299 0048 02       		.uleb128 0x2
 300 0049 04       		.byte	0x4
 301 004a 07       		.byte	0x7
 302 004b 00030000 		.4byte	.LASF5
 303 004f 02       		.uleb128 0x2
 304 0050 08       		.byte	0x8
 305 0051 05       		.byte	0x5
 306 0052 A1010000 		.4byte	.LASF6
 307 0056 02       		.uleb128 0x2
 308 0057 08       		.byte	0x8
 309 0058 07       		.byte	0x7
 310 0059 EA000000 		.4byte	.LASF7
 311 005d 03       		.uleb128 0x3
 312 005e 04       		.byte	0x4
 313 005f 05       		.byte	0x5
 314 0060 696E7400 		.ascii	"int\000"
 315 0064 02       		.uleb128 0x2
 316 0065 04       		.byte	0x4
 317 0066 07       		.byte	0x7
 318 0067 DA020000 		.4byte	.LASF8
 319 006b 04       		.uleb128 0x4
 320 006c 04020000 		.4byte	.LASF9
 321 0070 02       		.byte	0x2
 322 0071 D201     		.2byte	0x1d2
 323 0073 2C000000 		.4byte	0x2c
 324 0077 04       		.uleb128 0x4
 325 0078 00000000 		.4byte	.LASF10
 326 007c 02       		.byte	0x2
 327 007d D301     		.2byte	0x1d3
 328 007f 3A000000 		.4byte	0x3a
 329 0083 04       		.uleb128 0x4
 330 0084 59020000 		.4byte	.LASF11
 331 0088 02       		.byte	0x2
 332 0089 D401     		.2byte	0x1d4
 333 008b 48000000 		.4byte	0x48
 334 008f 02       		.uleb128 0x2
 335 0090 04       		.byte	0x4
 336 0091 04       		.byte	0x4
 337 0092 C4040000 		.4byte	.LASF12
 338 0096 02       		.uleb128 0x2
 339 0097 08       		.byte	0x8
 340 0098 04       		.byte	0x4
 341 0099 16020000 		.4byte	.LASF13
 342 009d 02       		.uleb128 0x2
 343 009e 01       		.byte	0x1
 344 009f 08       		.byte	0x8
 345 00a0 72050000 		.4byte	.LASF14
 346 00a4 05       		.uleb128 0x5
ARM GAS  C:\Users\Lenovo\AppData\Local\Temp\cc6FHT8F.s 			page 23


 347 00a5 6B000000 		.4byte	0x6b
 348 00a9 04       		.uleb128 0x4
 349 00aa 86030000 		.4byte	.LASF15
 350 00ae 02       		.byte	0x2
 351 00af 7E02     		.2byte	0x27e
 352 00b1 B5000000 		.4byte	0xb5
 353 00b5 05       		.uleb128 0x5
 354 00b6 83000000 		.4byte	0x83
 355 00ba 06       		.uleb128 0x6
 356 00bb 58010000 		.4byte	.LASF16
 357 00bf 03       		.byte	0x3
 358 00c0 DD       		.byte	0xdd
 359 00c1 77000000 		.4byte	0x77
 360 00c5 06       		.uleb128 0x6
 361 00c6 13010000 		.4byte	.LASF17
 362 00ca 03       		.byte	0x3
 363 00cb E1       		.byte	0xe1
 364 00cc 6B000000 		.4byte	0x6b
 365 00d0 02       		.uleb128 0x2
 366 00d1 08       		.byte	0x8
 367 00d2 04       		.byte	0x4
 368 00d3 F5030000 		.4byte	.LASF18
 369 00d7 02       		.uleb128 0x2
 370 00d8 04       		.byte	0x4
 371 00d9 07       		.byte	0x7
 372 00da D9030000 		.4byte	.LASF19
 373 00de 07       		.uleb128 0x7
 374 00df 04       		.byte	0x4
 375 00e0 08       		.uleb128 0x8
 376 00e1 6B000000 		.4byte	0x6b
 377 00e5 F0000000 		.4byte	0xf0
 378 00e9 09       		.uleb128 0x9
 379 00ea D7000000 		.4byte	0xd7
 380 00ee 00       		.byte	0
 381 00ef 00       		.byte	0
 382 00f0 0A       		.uleb128 0xa
 383 00f1 10       		.byte	0x10
 384 00f2 04       		.byte	0x4
 385 00f3 BE       		.byte	0xbe
 386 00f4 7D010000 		.4byte	0x17d
 387 00f8 0B       		.uleb128 0xb
 388 00f9 48050000 		.4byte	.LASF20
 389 00fd 04       		.byte	0x4
 390 00fe C4       		.byte	0xc4
 391 00ff 77000000 		.4byte	0x77
 392 0103 00       		.byte	0
 393 0104 0B       		.uleb128 0xb
 394 0105 59060000 		.4byte	.LASF21
 395 0109 04       		.byte	0x4
 396 010a C9       		.byte	0xc9
 397 010b BA000000 		.4byte	0xba
 398 010f 02       		.byte	0x2
 399 0110 0B       		.uleb128 0xb
 400 0111 A1060000 		.4byte	.LASF22
 401 0115 04       		.byte	0x4
 402 0116 CE       		.byte	0xce
 403 0117 6B000000 		.4byte	0x6b
ARM GAS  C:\Users\Lenovo\AppData\Local\Temp\cc6FHT8F.s 			page 24


 404 011b 04       		.byte	0x4
 405 011c 0B       		.uleb128 0xb
 406 011d 0E040000 		.4byte	.LASF23
 407 0121 04       		.byte	0x4
 408 0122 D3       		.byte	0xd3
 409 0123 6B000000 		.4byte	0x6b
 410 0127 05       		.byte	0x5
 411 0128 0B       		.uleb128 0xb
 412 0129 60020000 		.4byte	.LASF24
 413 012d 04       		.byte	0x4
 414 012e D8       		.byte	0xd8
 415 012f 6B000000 		.4byte	0x6b
 416 0133 06       		.byte	0x6
 417 0134 0B       		.uleb128 0xb
 418 0135 9F050000 		.4byte	.LASF25
 419 0139 04       		.byte	0x4
 420 013a DD       		.byte	0xdd
 421 013b 6B000000 		.4byte	0x6b
 422 013f 07       		.byte	0x7
 423 0140 0B       		.uleb128 0xb
 424 0141 1D030000 		.4byte	.LASF26
 425 0145 04       		.byte	0x4
 426 0146 E3       		.byte	0xe3
 427 0147 C5000000 		.4byte	0xc5
 428 014b 08       		.byte	0x8
 429 014c 0B       		.uleb128 0xb
 430 014d 8C030000 		.4byte	.LASF27
 431 0151 04       		.byte	0x4
 432 0152 EA       		.byte	0xea
 433 0153 E0000000 		.4byte	0xe0
 434 0157 09       		.byte	0x9
 435 0158 0B       		.uleb128 0xb
 436 0159 7D050000 		.4byte	.LASF28
 437 015d 04       		.byte	0x4
 438 015e F1       		.byte	0xf1
 439 015f 77000000 		.4byte	0x77
 440 0163 0A       		.byte	0xa
 441 0164 0B       		.uleb128 0xb
 442 0165 3E060000 		.4byte	.LASF29
 443 0169 04       		.byte	0x4
 444 016a F6       		.byte	0xf6
 445 016b 6B000000 		.4byte	0x6b
 446 016f 0C       		.byte	0xc
 447 0170 0B       		.uleb128 0xb
 448 0171 E7020000 		.4byte	.LASF30
 449 0175 04       		.byte	0x4
 450 0176 FB       		.byte	0xfb
 451 0177 7D010000 		.4byte	0x17d
 452 017b 0E       		.byte	0xe
 453 017c 00       		.byte	0
 454 017d 08       		.uleb128 0x8
 455 017e 77000000 		.4byte	0x77
 456 0182 8D010000 		.4byte	0x18d
 457 0186 09       		.uleb128 0x9
 458 0187 D7000000 		.4byte	0xd7
 459 018b 00       		.byte	0
 460 018c 00       		.byte	0
ARM GAS  C:\Users\Lenovo\AppData\Local\Temp\cc6FHT8F.s 			page 25


 461 018d 06       		.uleb128 0x6
 462 018e 94030000 		.4byte	.LASF31
 463 0192 04       		.byte	0x4
 464 0193 FC       		.byte	0xfc
 465 0194 F0000000 		.4byte	0xf0
 466 0198 0C       		.uleb128 0xc
 467 0199 10       		.byte	0x10
 468 019a 04       		.byte	0x4
 469 019b 0201     		.2byte	0x102
 470 019d AF010000 		.4byte	0x1af
 471 01a1 0D       		.uleb128 0xd
 472 01a2 4B060000 		.4byte	.LASF32
 473 01a6 04       		.byte	0x4
 474 01a7 0701     		.2byte	0x107
 475 01a9 8D010000 		.4byte	0x18d
 476 01ad 00       		.byte	0
 477 01ae 00       		.byte	0
 478 01af 04       		.uleb128 0x4
 479 01b0 68060000 		.4byte	.LASF33
 480 01b4 04       		.byte	0x4
 481 01b5 0801     		.2byte	0x108
 482 01b7 98010000 		.4byte	0x198
 483 01bb 0C       		.uleb128 0xc
 484 01bc 0A       		.byte	0xa
 485 01bd 04       		.byte	0x4
 486 01be 0E01     		.2byte	0x10e
 487 01c0 06020000 		.4byte	0x206
 488 01c4 0E       		.uleb128 0xe
 489 01c5 72617700 		.ascii	"raw\000"
 490 01c9 04       		.byte	0x4
 491 01ca 1301     		.2byte	0x113
 492 01cc 7D010000 		.4byte	0x17d
 493 01d0 00       		.byte	0
 494 01d1 0D       		.uleb128 0xd
 495 01d2 D5020000 		.4byte	.LASF34
 496 01d6 04       		.byte	0x4
 497 01d7 1801     		.2byte	0x118
 498 01d9 7D010000 		.4byte	0x17d
 499 01dd 02       		.byte	0x2
 500 01de 0D       		.uleb128 0xd
 501 01df 87020000 		.4byte	.LASF35
 502 01e3 04       		.byte	0x4
 503 01e4 1E01     		.2byte	0x11e
 504 01e6 E0000000 		.4byte	0xe0
 505 01ea 04       		.byte	0x4
 506 01eb 0D       		.uleb128 0xd
 507 01ec 0E010000 		.4byte	.LASF36
 508 01f0 04       		.byte	0x4
 509 01f1 2301     		.2byte	0x123
 510 01f3 BA000000 		.4byte	0xba
 511 01f7 06       		.byte	0x6
 512 01f8 0D       		.uleb128 0xd
 513 01f9 C8050000 		.4byte	.LASF37
 514 01fd 04       		.byte	0x4
 515 01fe 2801     		.2byte	0x128
 516 0200 06020000 		.4byte	0x206
 517 0204 08       		.byte	0x8
ARM GAS  C:\Users\Lenovo\AppData\Local\Temp\cc6FHT8F.s 			page 26


 518 0205 00       		.byte	0
 519 0206 08       		.uleb128 0x8
 520 0207 C5000000 		.4byte	0xc5
 521 020b 16020000 		.4byte	0x216
 522 020f 09       		.uleb128 0x9
 523 0210 D7000000 		.4byte	0xd7
 524 0214 00       		.byte	0
 525 0215 00       		.byte	0
 526 0216 04       		.uleb128 0x4
 527 0217 D2000000 		.4byte	.LASF38
 528 021b 04       		.byte	0x4
 529 021c 2901     		.2byte	0x129
 530 021e BB010000 		.4byte	0x1bb
 531 0222 0C       		.uleb128 0xc
 532 0223 32       		.byte	0x32
 533 0224 04       		.byte	0x4
 534 0225 2F01     		.2byte	0x12f
 535 0227 39020000 		.4byte	0x239
 536 022b 0D       		.uleb128 0xd
 537 022c 4B060000 		.4byte	.LASF32
 538 0230 04       		.byte	0x4
 539 0231 3401     		.2byte	0x134
 540 0233 39020000 		.4byte	0x239
 541 0237 00       		.byte	0
 542 0238 00       		.byte	0
 543 0239 08       		.uleb128 0x8
 544 023a 16020000 		.4byte	0x216
 545 023e 49020000 		.4byte	0x249
 546 0242 09       		.uleb128 0x9
 547 0243 D7000000 		.4byte	0xd7
 548 0247 04       		.byte	0x4
 549 0248 00       		.byte	0
 550 0249 04       		.uleb128 0x4
 551 024a CA040000 		.4byte	.LASF39
 552 024e 04       		.byte	0x4
 553 024f 3501     		.2byte	0x135
 554 0251 22020000 		.4byte	0x222
 555 0255 0C       		.uleb128 0xc
 556 0256 64       		.byte	0x64
 557 0257 04       		.byte	0x4
 558 0258 3B01     		.2byte	0x13b
 559 025a 2F030000 		.4byte	0x32f
 560 025e 0D       		.uleb128 0xd
 561 025f 5D030000 		.4byte	.LASF40
 562 0263 04       		.byte	0x4
 563 0264 4101     		.2byte	0x141
 564 0266 77000000 		.4byte	0x77
 565 026a 00       		.byte	0
 566 026b 0D       		.uleb128 0xd
 567 026c 7D030000 		.4byte	.LASF41
 568 0270 04       		.byte	0x4
 569 0271 4601     		.2byte	0x146
 570 0273 77000000 		.4byte	0x77
 571 0277 02       		.byte	0x2
 572 0278 0D       		.uleb128 0xd
 573 0279 BB040000 		.4byte	.LASF42
 574 027d 04       		.byte	0x4
ARM GAS  C:\Users\Lenovo\AppData\Local\Temp\cc6FHT8F.s 			page 27


 575 027e 4C01     		.2byte	0x14c
 576 0280 77000000 		.4byte	0x77
 577 0284 04       		.byte	0x4
 578 0285 0D       		.uleb128 0xd
 579 0286 A0040000 		.4byte	.LASF43
 580 028a 04       		.byte	0x4
 581 028b 5101     		.2byte	0x151
 582 028d 77000000 		.4byte	0x77
 583 0291 06       		.byte	0x6
 584 0292 0D       		.uleb128 0xd
 585 0293 21060000 		.4byte	.LASF44
 586 0297 04       		.byte	0x4
 587 0298 5601     		.2byte	0x156
 588 029a 83000000 		.4byte	0x83
 589 029e 08       		.byte	0x8
 590 029f 0D       		.uleb128 0xd
 591 02a0 12030000 		.4byte	.LASF45
 592 02a4 04       		.byte	0x4
 593 02a5 5B01     		.2byte	0x15b
 594 02a7 2F030000 		.4byte	0x32f
 595 02ab 0C       		.byte	0xc
 596 02ac 0D       		.uleb128 0xd
 597 02ad 8F020000 		.4byte	.LASF46
 598 02b1 04       		.byte	0x4
 599 02b2 6001     		.2byte	0x160
 600 02b4 2F030000 		.4byte	0x32f
 601 02b8 10       		.byte	0x10
 602 02b9 0D       		.uleb128 0xd
 603 02ba D6010000 		.4byte	.LASF47
 604 02be 04       		.byte	0x4
 605 02bf 6E01     		.2byte	0x16e
 606 02c1 E0000000 		.4byte	0xe0
 607 02c5 14       		.byte	0x14
 608 02c6 0D       		.uleb128 0xd
 609 02c7 66030000 		.4byte	.LASF48
 610 02cb 04       		.byte	0x4
 611 02cc 7301     		.2byte	0x173
 612 02ce 77000000 		.4byte	0x77
 613 02d2 16       		.byte	0x16
 614 02d3 0D       		.uleb128 0xd
 615 02d4 E9010000 		.4byte	.LASF49
 616 02d8 04       		.byte	0x4
 617 02d9 7801     		.2byte	0x178
 618 02db 6B000000 		.4byte	0x6b
 619 02df 18       		.byte	0x18
 620 02e0 0D       		.uleb128 0xd
 621 02e1 53050000 		.4byte	.LASF50
 622 02e5 04       		.byte	0x4
 623 02e6 7D01     		.2byte	0x17d
 624 02e8 AF010000 		.4byte	0x1af
 625 02ec 1A       		.byte	0x1a
 626 02ed 0D       		.uleb128 0xd
 627 02ee 55030000 		.4byte	.LASF51
 628 02f2 04       		.byte	0x4
 629 02f3 8201     		.2byte	0x182
 630 02f5 49020000 		.4byte	0x249
 631 02f9 2A       		.byte	0x2a
ARM GAS  C:\Users\Lenovo\AppData\Local\Temp\cc6FHT8F.s 			page 28


 632 02fa 0D       		.uleb128 0xd
 633 02fb F0020000 		.4byte	.LASF52
 634 02ff 04       		.byte	0x4
 635 0300 8701     		.2byte	0x187
 636 0302 6B000000 		.4byte	0x6b
 637 0306 5C       		.byte	0x5c
 638 0307 0D       		.uleb128 0xd
 639 0308 37010000 		.4byte	.LASF53
 640 030c 04       		.byte	0x4
 641 030d 8C01     		.2byte	0x18c
 642 030f 6B000000 		.4byte	0x6b
 643 0313 5D       		.byte	0x5d
 644 0314 0D       		.uleb128 0xd
 645 0315 84060000 		.4byte	.LASF54
 646 0319 04       		.byte	0x4
 647 031a 9101     		.2byte	0x191
 648 031c 77000000 		.4byte	0x77
 649 0320 5E       		.byte	0x5e
 650 0321 0D       		.uleb128 0xd
 651 0322 1D020000 		.4byte	.LASF55
 652 0326 04       		.byte	0x4
 653 0327 9601     		.2byte	0x196
 654 0329 7D010000 		.4byte	0x17d
 655 032d 60       		.byte	0x60
 656 032e 00       		.byte	0
 657 032f 08       		.uleb128 0x8
 658 0330 83000000 		.4byte	0x83
 659 0334 3F030000 		.4byte	0x33f
 660 0338 09       		.uleb128 0x9
 661 0339 D7000000 		.4byte	0xd7
 662 033d 00       		.byte	0
 663 033e 00       		.byte	0
 664 033f 04       		.uleb128 0x4
 665 0340 E7040000 		.4byte	.LASF56
 666 0344 04       		.byte	0x4
 667 0345 9701     		.2byte	0x197
 668 0347 55020000 		.4byte	0x255
 669 034b 0C       		.uleb128 0xc
 670 034c 1C       		.byte	0x1c
 671 034d 04       		.byte	0x4
 672 034e 9D01     		.2byte	0x19d
 673 0350 CA030000 		.4byte	0x3ca
 674 0354 0D       		.uleb128 0xd
 675 0355 2E010000 		.4byte	.LASF57
 676 0359 04       		.byte	0x4
 677 035a A201     		.2byte	0x1a2
 678 035c CA030000 		.4byte	0x3ca
 679 0360 00       		.byte	0
 680 0361 0D       		.uleb128 0xd
 681 0362 62060000 		.4byte	.LASF58
 682 0366 04       		.byte	0x4
 683 0367 A701     		.2byte	0x1a7
 684 0369 CA030000 		.4byte	0x3ca
 685 036d 04       		.byte	0x4
 686 036e 0D       		.uleb128 0xd
 687 036f 77050000 		.4byte	.LASF59
 688 0373 04       		.byte	0x4
ARM GAS  C:\Users\Lenovo\AppData\Local\Temp\cc6FHT8F.s 			page 29


 689 0374 AC01     		.2byte	0x1ac
 690 0376 CA030000 		.4byte	0x3ca
 691 037a 08       		.byte	0x8
 692 037b 0D       		.uleb128 0xd
 693 037c FE010000 		.4byte	.LASF60
 694 0380 04       		.byte	0x4
 695 0381 B101     		.2byte	0x1b1
 696 0383 CA030000 		.4byte	0x3ca
 697 0387 0C       		.byte	0xc
 698 0388 0D       		.uleb128 0xd
 699 0389 97060000 		.4byte	.LASF61
 700 038d 04       		.byte	0x4
 701 038e B601     		.2byte	0x1b6
 702 0390 83000000 		.4byte	0x83
 703 0394 10       		.byte	0x10
 704 0395 0D       		.uleb128 0xd
 705 0396 82020000 		.4byte	.LASF62
 706 039a 04       		.byte	0x4
 707 039b BB01     		.2byte	0x1bb
 708 039d 83000000 		.4byte	0x83
 709 03a1 14       		.byte	0x14
 710 03a2 0D       		.uleb128 0xd
 711 03a3 3D050000 		.4byte	.LASF63
 712 03a7 04       		.byte	0x4
 713 03a8 C001     		.2byte	0x1c0
 714 03aa 6B000000 		.4byte	0x6b
 715 03ae 18       		.byte	0x18
 716 03af 0D       		.uleb128 0xd
 717 03b0 51020000 		.4byte	.LASF64
 718 03b4 04       		.byte	0x4
 719 03b5 C501     		.2byte	0x1c5
 720 03b7 6B000000 		.4byte	0x6b
 721 03bb 19       		.byte	0x19
 722 03bc 0D       		.uleb128 0xd
 723 03bd 2D020000 		.4byte	.LASF65
 724 03c1 04       		.byte	0x4
 725 03c2 CA01     		.2byte	0x1ca
 726 03c4 6B000000 		.4byte	0x6b
 727 03c8 1A       		.byte	0x1a
 728 03c9 00       		.byte	0
 729 03ca 0F       		.uleb128 0xf
 730 03cb 04       		.byte	0x4
 731 03cc A9000000 		.4byte	0xa9
 732 03d0 04       		.uleb128 0x4
 733 03d1 08060000 		.4byte	.LASF66
 734 03d5 04       		.byte	0x4
 735 03d6 CB01     		.2byte	0x1cb
 736 03d8 4B030000 		.4byte	0x34b
 737 03dc 0C       		.uleb128 0xc
 738 03dd 24       		.byte	0x24
 739 03de 04       		.byte	0x4
 740 03df F601     		.2byte	0x1f6
 741 03e1 82040000 		.4byte	0x482
 742 03e5 0D       		.uleb128 0xd
 743 03e6 01010000 		.4byte	.LASF67
 744 03ea 04       		.byte	0x4
 745 03eb FF01     		.2byte	0x1ff
ARM GAS  C:\Users\Lenovo\AppData\Local\Temp\cc6FHT8F.s 			page 30


 746 03ed 82040000 		.4byte	0x482
 747 03f1 00       		.byte	0
 748 03f2 0D       		.uleb128 0xd
 749 03f3 71030000 		.4byte	.LASF68
 750 03f7 04       		.byte	0x4
 751 03f8 0502     		.2byte	0x205
 752 03fa DE000000 		.4byte	0xde
 753 03fe 04       		.byte	0x4
 754 03ff 0D       		.uleb128 0xd
 755 0400 F3010000 		.4byte	.LASF69
 756 0404 04       		.byte	0x4
 757 0405 0B02     		.2byte	0x20b
 758 0407 89040000 		.4byte	0x489
 759 040b 08       		.byte	0x8
 760 040c 0D       		.uleb128 0xd
 761 040d 2D050000 		.4byte	.LASF70
 762 0411 04       		.byte	0x4
 763 0412 1002     		.2byte	0x210
 764 0414 DE000000 		.4byte	0xde
 765 0418 0C       		.byte	0xc
 766 0419 0D       		.uleb128 0xd
 767 041a E2050000 		.4byte	.LASF71
 768 041e 04       		.byte	0x4
 769 041f 1702     		.2byte	0x217
 770 0421 8F040000 		.4byte	0x48f
 771 0425 10       		.byte	0x10
 772 0426 0D       		.uleb128 0xd
 773 0427 01040000 		.4byte	.LASF72
 774 042b 04       		.byte	0x4
 775 042c 1C02     		.2byte	0x21c
 776 042e 77000000 		.4byte	0x77
 777 0432 14       		.byte	0x14
 778 0433 0D       		.uleb128 0xd
 779 0434 D6050000 		.4byte	.LASF73
 780 0438 04       		.byte	0x4
 781 0439 2302     		.2byte	0x223
 782 043b 77000000 		.4byte	0x77
 783 043f 16       		.byte	0x16
 784 0440 0D       		.uleb128 0xd
 785 0441 83040000 		.4byte	.LASF74
 786 0445 04       		.byte	0x4
 787 0446 2E02     		.2byte	0x22e
 788 0448 6B000000 		.4byte	0x6b
 789 044c 18       		.byte	0x18
 790 044d 0D       		.uleb128 0xd
 791 044e D1030000 		.4byte	.LASF75
 792 0452 04       		.byte	0x4
 793 0453 3602     		.2byte	0x236
 794 0455 6B000000 		.4byte	0x6b
 795 0459 19       		.byte	0x19
 796 045a 0D       		.uleb128 0xd
 797 045b 0A020000 		.4byte	.LASF76
 798 045f 04       		.byte	0x4
 799 0460 3C02     		.2byte	0x23c
 800 0462 77000000 		.4byte	0x77
 801 0466 1A       		.byte	0x1a
 802 0467 0D       		.uleb128 0xd
ARM GAS  C:\Users\Lenovo\AppData\Local\Temp\cc6FHT8F.s 			page 31


 803 0468 8C040000 		.4byte	.LASF77
 804 046c 04       		.byte	0x4
 805 046d 4502     		.2byte	0x245
 806 046f 83000000 		.4byte	0x83
 807 0473 1C       		.byte	0x1c
 808 0474 0D       		.uleb128 0xd
 809 0475 07000000 		.4byte	.LASF78
 810 0479 04       		.byte	0x4
 811 047a 4A02     		.2byte	0x24a
 812 047c DE000000 		.4byte	0xde
 813 0480 20       		.byte	0x20
 814 0481 00       		.byte	0
 815 0482 0F       		.uleb128 0xf
 816 0483 04       		.byte	0x4
 817 0484 88040000 		.4byte	0x488
 818 0488 10       		.uleb128 0x10
 819 0489 0F       		.uleb128 0xf
 820 048a 04       		.byte	0x4
 821 048b 16020000 		.4byte	0x216
 822 048f 0F       		.uleb128 0xf
 823 0490 04       		.byte	0x4
 824 0491 6B000000 		.4byte	0x6b
 825 0495 04       		.uleb128 0x4
 826 0496 16000000 		.4byte	.LASF79
 827 049a 04       		.byte	0x4
 828 049b 4B02     		.2byte	0x24b
 829 049d DC030000 		.4byte	0x3dc
 830 04a1 0C       		.uleb128 0xc
 831 04a2 24       		.byte	0x24
 832 04a3 04       		.byte	0x4
 833 04a4 5102     		.2byte	0x251
 834 04a6 B8040000 		.4byte	0x4b8
 835 04aa 0D       		.uleb128 0xd
 836 04ab 28060000 		.4byte	.LASF80
 837 04af 04       		.byte	0x4
 838 04b0 5602     		.2byte	0x256
 839 04b2 B8040000 		.4byte	0x4b8
 840 04b6 00       		.byte	0
 841 04b7 00       		.byte	0
 842 04b8 08       		.uleb128 0x8
 843 04b9 95040000 		.4byte	0x495
 844 04bd C8040000 		.4byte	0x4c8
 845 04c1 09       		.uleb128 0x9
 846 04c2 D7000000 		.4byte	0xd7
 847 04c6 00       		.byte	0
 848 04c7 00       		.byte	0
 849 04c8 04       		.uleb128 0x4
 850 04c9 F2050000 		.4byte	.LASF81
 851 04cd 04       		.byte	0x4
 852 04ce 5702     		.2byte	0x257
 853 04d0 A1040000 		.4byte	0x4a1
 854 04d4 11       		.uleb128 0x11
 855 04d5 6B020000 		.4byte	.LASF82
 856 04d9 01       		.byte	0x1
 857 04da E202     		.2byte	0x2e2
 858 04dc 03       		.byte	0x3
 859 04dd 12       		.uleb128 0x12
ARM GAS  C:\Users\Lenovo\AppData\Local\Temp\cc6FHT8F.s 			page 32


 860 04de 84050000 		.4byte	.LASF84
 861 04e2 01       		.byte	0x1
 862 04e3 C901     		.2byte	0x1c9
 863 04e5 00000000 		.4byte	.LFB2
 864 04e9 58000000 		.4byte	.LFE2-.LFB2
 865 04ed 01       		.uleb128 0x1
 866 04ee 9C       		.byte	0x9c
 867 04ef 04050000 		.4byte	0x504
 868 04f3 13       		.uleb128 0x13
 869 04f4 D4040000 		.4byte	0x4d4
 870 04f8 06000000 		.4byte	.LBB6
 871 04fc 10000000 		.4byte	.LBE6-.LBB6
 872 0500 01       		.byte	0x1
 873 0501 D301     		.2byte	0x1d3
 874 0503 00       		.byte	0
 875 0504 11       		.uleb128 0x11
 876 0505 BB010000 		.4byte	.LASF83
 877 0509 01       		.byte	0x1
 878 050a 2203     		.2byte	0x322
 879 050c 03       		.byte	0x3
 880 050d 12       		.uleb128 0x12
 881 050e 70010000 		.4byte	.LASF85
 882 0512 01       		.byte	0x1
 883 0513 3702     		.2byte	0x237
 884 0515 00000000 		.4byte	.LFB3
 885 0519 00010000 		.4byte	.LFE3-.LFB3
 886 051d 01       		.uleb128 0x1
 887 051e 9C       		.byte	0x9c
 888 051f 7D050000 		.4byte	0x57d
 889 0523 14       		.uleb128 0x14
 890 0524 32060000 		.4byte	.LASF101
 891 0528 01       		.byte	0x1
 892 0529 3A02     		.2byte	0x23a
 893 052b 7D050000 		.4byte	0x57d
 894 052f 00000000 		.4byte	.LLST0
 895 0533 13       		.uleb128 0x13
 896 0534 D4040000 		.4byte	0x4d4
 897 0538 26000000 		.4byte	.LBB12
 898 053c 10000000 		.4byte	.LBE12-.LBB12
 899 0540 01       		.byte	0x1
 900 0541 4602     		.2byte	0x246
 901 0543 15       		.uleb128 0x15
 902 0544 04050000 		.4byte	0x504
 903 0548 46000000 		.4byte	.LBB14
 904 054c 82000000 		.4byte	.LBE14-.LBB14
 905 0550 01       		.byte	0x1
 906 0551 6802     		.2byte	0x268
 907 0553 73050000 		.4byte	0x573
 908 0557 16       		.uleb128 0x16
 909 0558 96000000 		.4byte	.LVL2
 910 055c F1050000 		.4byte	0x5f1
 911 0560 16       		.uleb128 0x16
 912 0561 9A000000 		.4byte	.LVL3
 913 0565 FC050000 		.4byte	0x5fc
 914 0569 16       		.uleb128 0x16
 915 056a B8000000 		.4byte	.LVL4
 916 056e 07060000 		.4byte	0x607
ARM GAS  C:\Users\Lenovo\AppData\Local\Temp\cc6FHT8F.s 			page 33


 917 0572 00       		.byte	0
 918 0573 16       		.uleb128 0x16
 919 0574 46000000 		.4byte	.LVL1
 920 0578 12060000 		.4byte	0x612
 921 057c 00       		.byte	0
 922 057d 0F       		.uleb128 0xf
 923 057e 04       		.byte	0x4
 924 057f 83050000 		.4byte	0x583
 925 0583 17       		.uleb128 0x17
 926 0584 D0030000 		.4byte	0x3d0
 927 0588 18       		.uleb128 0x18
 928 0589 AC040000 		.4byte	.LASF86
 929 058d 04       		.byte	0x4
 930 058e AB03     		.2byte	0x3ab
 931 0590 3F030000 		.4byte	0x33f
 932 0594 18       		.uleb128 0x18
 933 0595 47010000 		.4byte	.LASF87
 934 0599 04       		.byte	0x4
 935 059a AC03     		.2byte	0x3ac
 936 059c A0050000 		.4byte	0x5a0
 937 05a0 17       		.uleb128 0x17
 938 05a1 C8040000 		.4byte	0x4c8
 939 05a5 19       		.uleb128 0x19
 940 05a6 E2030000 		.4byte	.LASF88
 941 05aa 05       		.byte	0x5
 942 05ab 74       		.byte	0x74
 943 05ac 83000000 		.4byte	0x83
 944 05b0 18       		.uleb128 0x18
 945 05b1 8A010000 		.4byte	.LASF89
 946 05b5 06       		.byte	0x6
 947 05b6 3A05     		.2byte	0x53a
 948 05b8 BC050000 		.4byte	0x5bc
 949 05bc 17       		.uleb128 0x17
 950 05bd 6B000000 		.4byte	0x6b
 951 05c1 18       		.uleb128 0x18
 952 05c2 2F000000 		.4byte	.LASF90
 953 05c6 06       		.byte	0x6
 954 05c7 4205     		.2byte	0x542
 955 05c9 A4000000 		.4byte	0xa4
 956 05cd 18       		.uleb128 0x18
 957 05ce 9A020000 		.4byte	.LASF91
 958 05d2 06       		.byte	0x6
 959 05d3 4305     		.2byte	0x543
 960 05d5 A4000000 		.4byte	0xa4
 961 05d9 18       		.uleb128 0x18
 962 05da 33020000 		.4byte	.LASF92
 963 05de 06       		.byte	0x6
 964 05df 4505     		.2byte	0x545
 965 05e1 6B000000 		.4byte	0x6b
 966 05e5 18       		.uleb128 0x18
 967 05e6 5C050000 		.4byte	.LASF93
 968 05ea 06       		.byte	0x6
 969 05eb 4A05     		.2byte	0x54a
 970 05ed 89040000 		.4byte	0x489
 971 05f1 1A       		.uleb128 0x1a
 972 05f2 B2030000 		.4byte	.LASF94
 973 05f6 B2030000 		.4byte	.LASF94
ARM GAS  C:\Users\Lenovo\AppData\Local\Temp\cc6FHT8F.s 			page 34


 974 05fa 05       		.byte	0x5
 975 05fb 60       		.byte	0x60
 976 05fc 1A       		.uleb128 0x1a
 977 05fd FB040000 		.4byte	.LASF95
 978 0601 FB040000 		.4byte	.LASF95
 979 0605 05       		.byte	0x5
 980 0606 53       		.byte	0x53
 981 0607 1A       		.uleb128 0x1a
 982 0608 AA050000 		.4byte	.LASF96
 983 060c AA050000 		.4byte	.LASF96
 984 0610 06       		.byte	0x6
 985 0611 7E       		.byte	0x7e
 986 0612 1A       		.uleb128 0x1a
 987 0613 3B030000 		.4byte	.LASF97
 988 0617 3B030000 		.4byte	.LASF97
 989 061b 05       		.byte	0x5
 990 061c 44       		.byte	0x44
 991 061d 00       		.byte	0
 992              		.section	.debug_abbrev,"",%progbits
 993              	.Ldebug_abbrev0:
 994 0000 01       		.uleb128 0x1
 995 0001 11       		.uleb128 0x11
 996 0002 01       		.byte	0x1
 997 0003 25       		.uleb128 0x25
 998 0004 0E       		.uleb128 0xe
 999 0005 13       		.uleb128 0x13
 1000 0006 0B       		.uleb128 0xb
 1001 0007 03       		.uleb128 0x3
 1002 0008 0E       		.uleb128 0xe
 1003 0009 1B       		.uleb128 0x1b
 1004 000a 0E       		.uleb128 0xe
 1005 000b 55       		.uleb128 0x55
 1006 000c 17       		.uleb128 0x17
 1007 000d 11       		.uleb128 0x11
 1008 000e 01       		.uleb128 0x1
 1009 000f 10       		.uleb128 0x10
 1010 0010 17       		.uleb128 0x17
 1011 0011 00       		.byte	0
 1012 0012 00       		.byte	0
 1013 0013 02       		.uleb128 0x2
 1014 0014 24       		.uleb128 0x24
 1015 0015 00       		.byte	0
 1016 0016 0B       		.uleb128 0xb
 1017 0017 0B       		.uleb128 0xb
 1018 0018 3E       		.uleb128 0x3e
 1019 0019 0B       		.uleb128 0xb
 1020 001a 03       		.uleb128 0x3
 1021 001b 0E       		.uleb128 0xe
 1022 001c 00       		.byte	0
 1023 001d 00       		.byte	0
 1024 001e 03       		.uleb128 0x3
 1025 001f 24       		.uleb128 0x24
 1026 0020 00       		.byte	0
 1027 0021 0B       		.uleb128 0xb
 1028 0022 0B       		.uleb128 0xb
 1029 0023 3E       		.uleb128 0x3e
 1030 0024 0B       		.uleb128 0xb
ARM GAS  C:\Users\Lenovo\AppData\Local\Temp\cc6FHT8F.s 			page 35


 1031 0025 03       		.uleb128 0x3
 1032 0026 08       		.uleb128 0x8
 1033 0027 00       		.byte	0
 1034 0028 00       		.byte	0
 1035 0029 04       		.uleb128 0x4
 1036 002a 16       		.uleb128 0x16
 1037 002b 00       		.byte	0
 1038 002c 03       		.uleb128 0x3
 1039 002d 0E       		.uleb128 0xe
 1040 002e 3A       		.uleb128 0x3a
 1041 002f 0B       		.uleb128 0xb
 1042 0030 3B       		.uleb128 0x3b
 1043 0031 05       		.uleb128 0x5
 1044 0032 49       		.uleb128 0x49
 1045 0033 13       		.uleb128 0x13
 1046 0034 00       		.byte	0
 1047 0035 00       		.byte	0
 1048 0036 05       		.uleb128 0x5
 1049 0037 35       		.uleb128 0x35
 1050 0038 00       		.byte	0
 1051 0039 49       		.uleb128 0x49
 1052 003a 13       		.uleb128 0x13
 1053 003b 00       		.byte	0
 1054 003c 00       		.byte	0
 1055 003d 06       		.uleb128 0x6
 1056 003e 16       		.uleb128 0x16
 1057 003f 00       		.byte	0
 1058 0040 03       		.uleb128 0x3
 1059 0041 0E       		.uleb128 0xe
 1060 0042 3A       		.uleb128 0x3a
 1061 0043 0B       		.uleb128 0xb
 1062 0044 3B       		.uleb128 0x3b
 1063 0045 0B       		.uleb128 0xb
 1064 0046 49       		.uleb128 0x49
 1065 0047 13       		.uleb128 0x13
 1066 0048 00       		.byte	0
 1067 0049 00       		.byte	0
 1068 004a 07       		.uleb128 0x7
 1069 004b 0F       		.uleb128 0xf
 1070 004c 00       		.byte	0
 1071 004d 0B       		.uleb128 0xb
 1072 004e 0B       		.uleb128 0xb
 1073 004f 00       		.byte	0
 1074 0050 00       		.byte	0
 1075 0051 08       		.uleb128 0x8
 1076 0052 01       		.uleb128 0x1
 1077 0053 01       		.byte	0x1
 1078 0054 49       		.uleb128 0x49
 1079 0055 13       		.uleb128 0x13
 1080 0056 01       		.uleb128 0x1
 1081 0057 13       		.uleb128 0x13
 1082 0058 00       		.byte	0
 1083 0059 00       		.byte	0
 1084 005a 09       		.uleb128 0x9
 1085 005b 21       		.uleb128 0x21
 1086 005c 00       		.byte	0
 1087 005d 49       		.uleb128 0x49
ARM GAS  C:\Users\Lenovo\AppData\Local\Temp\cc6FHT8F.s 			page 36


 1088 005e 13       		.uleb128 0x13
 1089 005f 2F       		.uleb128 0x2f
 1090 0060 0B       		.uleb128 0xb
 1091 0061 00       		.byte	0
 1092 0062 00       		.byte	0
 1093 0063 0A       		.uleb128 0xa
 1094 0064 13       		.uleb128 0x13
 1095 0065 01       		.byte	0x1
 1096 0066 0B       		.uleb128 0xb
 1097 0067 0B       		.uleb128 0xb
 1098 0068 3A       		.uleb128 0x3a
 1099 0069 0B       		.uleb128 0xb
 1100 006a 3B       		.uleb128 0x3b
 1101 006b 0B       		.uleb128 0xb
 1102 006c 01       		.uleb128 0x1
 1103 006d 13       		.uleb128 0x13
 1104 006e 00       		.byte	0
 1105 006f 00       		.byte	0
 1106 0070 0B       		.uleb128 0xb
 1107 0071 0D       		.uleb128 0xd
 1108 0072 00       		.byte	0
 1109 0073 03       		.uleb128 0x3
 1110 0074 0E       		.uleb128 0xe
 1111 0075 3A       		.uleb128 0x3a
 1112 0076 0B       		.uleb128 0xb
 1113 0077 3B       		.uleb128 0x3b
 1114 0078 0B       		.uleb128 0xb
 1115 0079 49       		.uleb128 0x49
 1116 007a 13       		.uleb128 0x13
 1117 007b 38       		.uleb128 0x38
 1118 007c 0B       		.uleb128 0xb
 1119 007d 00       		.byte	0
 1120 007e 00       		.byte	0
 1121 007f 0C       		.uleb128 0xc
 1122 0080 13       		.uleb128 0x13
 1123 0081 01       		.byte	0x1
 1124 0082 0B       		.uleb128 0xb
 1125 0083 0B       		.uleb128 0xb
 1126 0084 3A       		.uleb128 0x3a
 1127 0085 0B       		.uleb128 0xb
 1128 0086 3B       		.uleb128 0x3b
 1129 0087 05       		.uleb128 0x5
 1130 0088 01       		.uleb128 0x1
 1131 0089 13       		.uleb128 0x13
 1132 008a 00       		.byte	0
 1133 008b 00       		.byte	0
 1134 008c 0D       		.uleb128 0xd
 1135 008d 0D       		.uleb128 0xd
 1136 008e 00       		.byte	0
 1137 008f 03       		.uleb128 0x3
 1138 0090 0E       		.uleb128 0xe
 1139 0091 3A       		.uleb128 0x3a
 1140 0092 0B       		.uleb128 0xb
 1141 0093 3B       		.uleb128 0x3b
 1142 0094 05       		.uleb128 0x5
 1143 0095 49       		.uleb128 0x49
 1144 0096 13       		.uleb128 0x13
ARM GAS  C:\Users\Lenovo\AppData\Local\Temp\cc6FHT8F.s 			page 37


 1145 0097 38       		.uleb128 0x38
 1146 0098 0B       		.uleb128 0xb
 1147 0099 00       		.byte	0
 1148 009a 00       		.byte	0
 1149 009b 0E       		.uleb128 0xe
 1150 009c 0D       		.uleb128 0xd
 1151 009d 00       		.byte	0
 1152 009e 03       		.uleb128 0x3
 1153 009f 08       		.uleb128 0x8
 1154 00a0 3A       		.uleb128 0x3a
 1155 00a1 0B       		.uleb128 0xb
 1156 00a2 3B       		.uleb128 0x3b
 1157 00a3 05       		.uleb128 0x5
 1158 00a4 49       		.uleb128 0x49
 1159 00a5 13       		.uleb128 0x13
 1160 00a6 38       		.uleb128 0x38
 1161 00a7 0B       		.uleb128 0xb
 1162 00a8 00       		.byte	0
 1163 00a9 00       		.byte	0
 1164 00aa 0F       		.uleb128 0xf
 1165 00ab 0F       		.uleb128 0xf
 1166 00ac 00       		.byte	0
 1167 00ad 0B       		.uleb128 0xb
 1168 00ae 0B       		.uleb128 0xb
 1169 00af 49       		.uleb128 0x49
 1170 00b0 13       		.uleb128 0x13
 1171 00b1 00       		.byte	0
 1172 00b2 00       		.byte	0
 1173 00b3 10       		.uleb128 0x10
 1174 00b4 26       		.uleb128 0x26
 1175 00b5 00       		.byte	0
 1176 00b6 00       		.byte	0
 1177 00b7 00       		.byte	0
 1178 00b8 11       		.uleb128 0x11
 1179 00b9 2E       		.uleb128 0x2e
 1180 00ba 00       		.byte	0
 1181 00bb 03       		.uleb128 0x3
 1182 00bc 0E       		.uleb128 0xe
 1183 00bd 3A       		.uleb128 0x3a
 1184 00be 0B       		.uleb128 0xb
 1185 00bf 3B       		.uleb128 0x3b
 1186 00c0 05       		.uleb128 0x5
 1187 00c1 27       		.uleb128 0x27
 1188 00c2 19       		.uleb128 0x19
 1189 00c3 20       		.uleb128 0x20
 1190 00c4 0B       		.uleb128 0xb
 1191 00c5 00       		.byte	0
 1192 00c6 00       		.byte	0
 1193 00c7 12       		.uleb128 0x12
 1194 00c8 2E       		.uleb128 0x2e
 1195 00c9 01       		.byte	0x1
 1196 00ca 3F       		.uleb128 0x3f
 1197 00cb 19       		.uleb128 0x19
 1198 00cc 03       		.uleb128 0x3
 1199 00cd 0E       		.uleb128 0xe
 1200 00ce 3A       		.uleb128 0x3a
 1201 00cf 0B       		.uleb128 0xb
ARM GAS  C:\Users\Lenovo\AppData\Local\Temp\cc6FHT8F.s 			page 38


 1202 00d0 3B       		.uleb128 0x3b
 1203 00d1 05       		.uleb128 0x5
 1204 00d2 27       		.uleb128 0x27
 1205 00d3 19       		.uleb128 0x19
 1206 00d4 11       		.uleb128 0x11
 1207 00d5 01       		.uleb128 0x1
 1208 00d6 12       		.uleb128 0x12
 1209 00d7 06       		.uleb128 0x6
 1210 00d8 40       		.uleb128 0x40
 1211 00d9 18       		.uleb128 0x18
 1212 00da 9742     		.uleb128 0x2117
 1213 00dc 19       		.uleb128 0x19
 1214 00dd 01       		.uleb128 0x1
 1215 00de 13       		.uleb128 0x13
 1216 00df 00       		.byte	0
 1217 00e0 00       		.byte	0
 1218 00e1 13       		.uleb128 0x13
 1219 00e2 1D       		.uleb128 0x1d
 1220 00e3 00       		.byte	0
 1221 00e4 31       		.uleb128 0x31
 1222 00e5 13       		.uleb128 0x13
 1223 00e6 11       		.uleb128 0x11
 1224 00e7 01       		.uleb128 0x1
 1225 00e8 12       		.uleb128 0x12
 1226 00e9 06       		.uleb128 0x6
 1227 00ea 58       		.uleb128 0x58
 1228 00eb 0B       		.uleb128 0xb
 1229 00ec 59       		.uleb128 0x59
 1230 00ed 05       		.uleb128 0x5
 1231 00ee 00       		.byte	0
 1232 00ef 00       		.byte	0
 1233 00f0 14       		.uleb128 0x14
 1234 00f1 34       		.uleb128 0x34
 1235 00f2 00       		.byte	0
 1236 00f3 03       		.uleb128 0x3
 1237 00f4 0E       		.uleb128 0xe
 1238 00f5 3A       		.uleb128 0x3a
 1239 00f6 0B       		.uleb128 0xb
 1240 00f7 3B       		.uleb128 0x3b
 1241 00f8 05       		.uleb128 0x5
 1242 00f9 49       		.uleb128 0x49
 1243 00fa 13       		.uleb128 0x13
 1244 00fb 02       		.uleb128 0x2
 1245 00fc 17       		.uleb128 0x17
 1246 00fd 00       		.byte	0
 1247 00fe 00       		.byte	0
 1248 00ff 15       		.uleb128 0x15
 1249 0100 1D       		.uleb128 0x1d
 1250 0101 01       		.byte	0x1
 1251 0102 31       		.uleb128 0x31
 1252 0103 13       		.uleb128 0x13
 1253 0104 11       		.uleb128 0x11
 1254 0105 01       		.uleb128 0x1
 1255 0106 12       		.uleb128 0x12
 1256 0107 06       		.uleb128 0x6
 1257 0108 58       		.uleb128 0x58
 1258 0109 0B       		.uleb128 0xb
ARM GAS  C:\Users\Lenovo\AppData\Local\Temp\cc6FHT8F.s 			page 39


 1259 010a 59       		.uleb128 0x59
 1260 010b 05       		.uleb128 0x5
 1261 010c 01       		.uleb128 0x1
 1262 010d 13       		.uleb128 0x13
 1263 010e 00       		.byte	0
 1264 010f 00       		.byte	0
 1265 0110 16       		.uleb128 0x16
 1266 0111 898201   		.uleb128 0x4109
 1267 0114 00       		.byte	0
 1268 0115 11       		.uleb128 0x11
 1269 0116 01       		.uleb128 0x1
 1270 0117 31       		.uleb128 0x31
 1271 0118 13       		.uleb128 0x13
 1272 0119 00       		.byte	0
 1273 011a 00       		.byte	0
 1274 011b 17       		.uleb128 0x17
 1275 011c 26       		.uleb128 0x26
 1276 011d 00       		.byte	0
 1277 011e 49       		.uleb128 0x49
 1278 011f 13       		.uleb128 0x13
 1279 0120 00       		.byte	0
 1280 0121 00       		.byte	0
 1281 0122 18       		.uleb128 0x18
 1282 0123 34       		.uleb128 0x34
 1283 0124 00       		.byte	0
 1284 0125 03       		.uleb128 0x3
 1285 0126 0E       		.uleb128 0xe
 1286 0127 3A       		.uleb128 0x3a
 1287 0128 0B       		.uleb128 0xb
 1288 0129 3B       		.uleb128 0x3b
 1289 012a 05       		.uleb128 0x5
 1290 012b 49       		.uleb128 0x49
 1291 012c 13       		.uleb128 0x13
 1292 012d 3F       		.uleb128 0x3f
 1293 012e 19       		.uleb128 0x19
 1294 012f 3C       		.uleb128 0x3c
 1295 0130 19       		.uleb128 0x19
 1296 0131 00       		.byte	0
 1297 0132 00       		.byte	0
 1298 0133 19       		.uleb128 0x19
 1299 0134 34       		.uleb128 0x34
 1300 0135 00       		.byte	0
 1301 0136 03       		.uleb128 0x3
 1302 0137 0E       		.uleb128 0xe
 1303 0138 3A       		.uleb128 0x3a
 1304 0139 0B       		.uleb128 0xb
 1305 013a 3B       		.uleb128 0x3b
 1306 013b 0B       		.uleb128 0xb
 1307 013c 49       		.uleb128 0x49
 1308 013d 13       		.uleb128 0x13
 1309 013e 3F       		.uleb128 0x3f
 1310 013f 19       		.uleb128 0x19
 1311 0140 3C       		.uleb128 0x3c
 1312 0141 19       		.uleb128 0x19
 1313 0142 00       		.byte	0
 1314 0143 00       		.byte	0
 1315 0144 1A       		.uleb128 0x1a
ARM GAS  C:\Users\Lenovo\AppData\Local\Temp\cc6FHT8F.s 			page 40


 1316 0145 2E       		.uleb128 0x2e
 1317 0146 00       		.byte	0
 1318 0147 3F       		.uleb128 0x3f
 1319 0148 19       		.uleb128 0x19
 1320 0149 3C       		.uleb128 0x3c
 1321 014a 19       		.uleb128 0x19
 1322 014b 6E       		.uleb128 0x6e
 1323 014c 0E       		.uleb128 0xe
 1324 014d 03       		.uleb128 0x3
 1325 014e 0E       		.uleb128 0xe
 1326 014f 3A       		.uleb128 0x3a
 1327 0150 0B       		.uleb128 0xb
 1328 0151 3B       		.uleb128 0x3b
 1329 0152 0B       		.uleb128 0xb
 1330 0153 00       		.byte	0
 1331 0154 00       		.byte	0
 1332 0155 00       		.byte	0
 1333              		.section	.debug_loc,"",%progbits
 1334              	.Ldebug_loc0:
 1335              	.LLST0:
 1336 0000 20000000 		.4byte	.LVL0
 1337 0004 45000000 		.4byte	.LVL1-1
 1338 0008 0100     		.2byte	0x1
 1339 000a 50       		.byte	0x50
 1340 000b 00000000 		.4byte	0
 1341 000f 00000000 		.4byte	0
 1342              		.section	.debug_aranges,"",%progbits
 1343 0000 24000000 		.4byte	0x24
 1344 0004 0200     		.2byte	0x2
 1345 0006 00000000 		.4byte	.Ldebug_info0
 1346 000a 04       		.byte	0x4
 1347 000b 00       		.byte	0
 1348 000c 0000     		.2byte	0
 1349 000e 0000     		.2byte	0
 1350 0010 00000000 		.4byte	.LFB2
 1351 0014 58000000 		.4byte	.LFE2-.LFB2
 1352 0018 00000000 		.4byte	.LFB3
 1353 001c 00010000 		.4byte	.LFE3-.LFB3
 1354 0020 00000000 		.4byte	0
 1355 0024 00000000 		.4byte	0
 1356              		.section	.debug_ranges,"",%progbits
 1357              	.Ldebug_ranges0:
 1358 0000 00000000 		.4byte	.LFB2
 1359 0004 58000000 		.4byte	.LFE2
 1360 0008 00000000 		.4byte	.LFB3
 1361 000c 00010000 		.4byte	.LFE3
 1362 0010 00000000 		.4byte	0
 1363 0014 00000000 		.4byte	0
 1364              		.section	.debug_line,"",%progbits
 1365              	.Ldebug_line0:
 1366 0000 0C010000 		.section	.debug_str,"MS",%progbits,1
 1366      0200AF00 
 1366      00000201 
 1366      FB0E0D00 
 1366      01010101 
 1367              	.LASF10:
 1368 0000 75696E74 		.ascii	"uint16\000"
ARM GAS  C:\Users\Lenovo\AppData\Local\Temp\cc6FHT8F.s 			page 41


 1368      313600
 1369              	.LASF78:
 1370 0007 70747232 		.ascii	"ptr2PosHistory\000"
 1370      506F7348 
 1370      6973746F 
 1370      727900
 1371              	.LASF79:
 1372 0016 43617053 		.ascii	"CapSense_FLASH_WD_STRUCT\000"
 1372      656E7365 
 1372      5F464C41 
 1372      53485F57 
 1372      445F5354 
 1373              	.LASF90:
 1374 002f 43617053 		.ascii	"CapSense_widgetIndex\000"
 1374      656E7365 
 1374      5F776964 
 1374      67657449 
 1374      6E646578 
 1375              	.LASF98:
 1376 0044 474E5520 		.ascii	"GNU C11 5.4.1 20160609 (release) [ARM/embedded-5-br"
 1376      43313120 
 1376      352E342E 
 1376      31203230 
 1376      31363036 
 1377 0077 616E6368 		.ascii	"anch revision 237715] -mcpu=cortex-m0 -mthumb -g -O"
 1377      20726576 
 1377      6973696F 
 1377      6E203233 
 1377      37373135 
 1378 00aa 67202D66 		.ascii	"g -ffunction-sections -ffat-lto-objects\000"
 1378      66756E63 
 1378      74696F6E 
 1378      2D736563 
 1378      74696F6E 
 1379              	.LASF38:
 1380 00d2 43617053 		.ascii	"CapSense_RAM_SNS_STRUCT\000"
 1380      656E7365 
 1380      5F52414D 
 1380      5F534E53 
 1380      5F535452 
 1381              	.LASF7:
 1382 00ea 6C6F6E67 		.ascii	"long long unsigned int\000"
 1382      206C6F6E 
 1382      6720756E 
 1382      7369676E 
 1382      65642069 
 1383              	.LASF67:
 1384 0101 70747232 		.ascii	"ptr2SnsFlash\000"
 1384      536E7346 
 1384      6C617368 
 1384      00
 1385              	.LASF36:
 1386 010e 64696666 		.ascii	"diff\000"
 1386      00
 1387              	.LASF17:
 1388 0113 43617053 		.ascii	"CapSense_LOW_BSLN_RST_TYPE\000"
 1388      656E7365 
ARM GAS  C:\Users\Lenovo\AppData\Local\Temp\cc6FHT8F.s 			page 42


 1388      5F4C4F57 
 1388      5F42534C 
 1388      4E5F5253 
 1389              	.LASF57:
 1390 012e 6873696F 		.ascii	"hsiomPtr\000"
 1390      6D507472 
 1390      00
 1391              	.LASF53:
 1392 0137 736E7254 		.ascii	"snrTestSensorId\000"
 1392      65737453 
 1392      656E736F 
 1392      72496400 
 1393              	.LASF87:
 1394 0147 43617053 		.ascii	"CapSense_dsFlash\000"
 1394      656E7365 
 1394      5F647346 
 1394      6C617368 
 1394      00
 1395              	.LASF16:
 1396 0158 43617053 		.ascii	"CapSense_THRESHOLD_TYPE\000"
 1396      656E7365 
 1396      5F544852 
 1396      4553484F 
 1396      4C445F54 
 1397              	.LASF85:
 1398 0170 43617053 		.ascii	"CapSense_CSDPostMultiScan\000"
 1398      656E7365 
 1398      5F435344 
 1398      506F7374 
 1398      4D756C74 
 1399              	.LASF89:
 1400 018a 43617053 		.ascii	"CapSense_scanFreqIndex\000"
 1400      656E7365 
 1400      5F736361 
 1400      6E467265 
 1400      71496E64 
 1401              	.LASF6:
 1402 01a1 6C6F6E67 		.ascii	"long long int\000"
 1402      206C6F6E 
 1402      6720696E 
 1402      7400
 1403              	.LASF0:
 1404 01af 7369676E 		.ascii	"signed char\000"
 1404      65642063 
 1404      68617200 
 1405              	.LASF83:
 1406 01bb 43617053 		.ascii	"CapSense_SsCSDInitNextScan\000"
 1406      656E7365 
 1406      5F537343 
 1406      5344496E 
 1406      69744E65 
 1407              	.LASF47:
 1408 01d6 736E7353 		.ascii	"snsStatus\000"
 1408      74617475 
 1408      7300
 1409              	.LASF4:
 1410 01e0 6C6F6E67 		.ascii	"long int\000"
ARM GAS  C:\Users\Lenovo\AppData\Local\Temp\cc6FHT8F.s 			page 43


 1410      20696E74 
 1410      00
 1411              	.LASF49:
 1412 01e9 6D6F6443 		.ascii	"modCsdClk\000"
 1412      7364436C 
 1412      6B00
 1413              	.LASF69:
 1414 01f3 70747232 		.ascii	"ptr2SnsRam\000"
 1414      536E7352 
 1414      616D00
 1415              	.LASF60:
 1416 01fe 70735074 		.ascii	"psPtr\000"
 1416      7200
 1417              	.LASF9:
 1418 0204 75696E74 		.ascii	"uint8\000"
 1418      3800
 1419              	.LASF76:
 1420 020a 78526573 		.ascii	"xResolution\000"
 1420      6F6C7574 
 1420      696F6E00 
 1421              	.LASF13:
 1422 0216 646F7562 		.ascii	"double\000"
 1422      6C6500
 1423              	.LASF55:
 1424 021d 736E7254 		.ascii	"snrTestRawCount\000"
 1424      65737452 
 1424      6177436F 
 1424      756E7400 
 1425              	.LASF65:
 1426 022d 73686966 		.ascii	"shift\000"
 1426      7400
 1427              	.LASF92:
 1428 0233 43617053 		.ascii	"CapSense_requestScanAllWidget\000"
 1428      656E7365 
 1428      5F726571 
 1428      75657374 
 1428      5363616E 
 1429              	.LASF64:
 1430 0251 64725368 		.ascii	"drShift\000"
 1430      69667400 
 1431              	.LASF11:
 1432 0259 75696E74 		.ascii	"uint32\000"
 1432      333200
 1433              	.LASF24:
 1434 0260 68797374 		.ascii	"hysteresis\000"
 1434      65726573 
 1434      697300
 1435              	.LASF82:
 1436 026b 43617053 		.ascii	"CapSense_SsCSDPostScan\000"
 1436      656E7365 
 1436      5F537343 
 1436      5344506F 
 1436      73745363 
 1437              	.LASF62:
 1438 0282 6D61736B 		.ascii	"mask\000"
 1438      00
 1439              	.LASF35:
ARM GAS  C:\Users\Lenovo\AppData\Local\Temp\cc6FHT8F.s 			page 44


 1440 0287 62736C6E 		.ascii	"bslnExt\000"
 1440      45787400 
 1441              	.LASF46:
 1442 028f 77646774 		.ascii	"wdgtStatus\000"
 1442      53746174 
 1442      757300
 1443              	.LASF91:
 1444 029a 43617053 		.ascii	"CapSense_sensorIndex\000"
 1444      656E7365 
 1444      5F73656E 
 1444      736F7249 
 1444      6E646578 
 1445              	.LASF99:
 1446 02af 47656E65 		.ascii	"Generated_Source\\PSoC4\\CapSense_INT.c\000"
 1446      72617465 
 1446      645F536F 
 1446      75726365 
 1446      5C50536F 
 1447              	.LASF34:
 1448 02d5 62736C6E 		.ascii	"bsln\000"
 1448      00
 1449              	.LASF8:
 1450 02da 756E7369 		.ascii	"unsigned int\000"
 1450      676E6564 
 1450      20696E74 
 1450      00
 1451              	.LASF30:
 1452 02e7 706F7369 		.ascii	"position\000"
 1452      74696F6E 
 1452      00
 1453              	.LASF52:
 1454 02f0 736E7254 		.ascii	"snrTestWidgetId\000"
 1454      65737457 
 1454      69646765 
 1454      74496400 
 1455              	.LASF5:
 1456 0300 6C6F6E67 		.ascii	"long unsigned int\000"
 1456      20756E73 
 1456      69676E65 
 1456      6420696E 
 1456      7400
 1457              	.LASF45:
 1458 0312 77646774 		.ascii	"wdgtEnable\000"
 1458      456E6162 
 1458      6C6500
 1459              	.LASF26:
 1460 031d 6C6F7742 		.ascii	"lowBslnRst\000"
 1460      736C6E52 
 1460      737400
 1461              	.LASF3:
 1462 0328 73686F72 		.ascii	"short unsigned int\000"
 1462      7420756E 
 1462      7369676E 
 1462      65642069 
 1462      6E7400
 1463              	.LASF97:
 1464 033b 43617053 		.ascii	"CapSense_CSDDisconnectSns\000"
ARM GAS  C:\Users\Lenovo\AppData\Local\Temp\cc6FHT8F.s 			page 45


 1464      656E7365 
 1464      5F435344 
 1464      44697363 
 1464      6F6E6E65 
 1465              	.LASF51:
 1466 0355 736E734C 		.ascii	"snsList\000"
 1466      69737400 
 1467              	.LASF40:
 1468 035d 636F6E66 		.ascii	"configId\000"
 1468      69674964 
 1468      00
 1469              	.LASF48:
 1470 0366 63736430 		.ascii	"csd0Config\000"
 1470      436F6E66 
 1470      696700
 1471              	.LASF68:
 1472 0371 70747232 		.ascii	"ptr2WdgtRam\000"
 1472      57646774 
 1472      52616D00 
 1473              	.LASF41:
 1474 037d 64657669 		.ascii	"deviceId\000"
 1474      63654964 
 1474      00
 1475              	.LASF15:
 1476 0386 72656733 		.ascii	"reg32\000"
 1476      3200
 1477              	.LASF27:
 1478 038c 69646163 		.ascii	"idacMod\000"
 1478      4D6F6400 
 1479              	.LASF31:
 1480 0394 43617053 		.ascii	"CapSense_RAM_WD_SLIDER_STRUCT\000"
 1480      656E7365 
 1480      5F52414D 
 1480      5F57445F 
 1480      534C4944 
 1481              	.LASF94:
 1482 03b2 43617053 		.ascii	"CapSense_SsCSDConnectSensorExt\000"
 1482      656E7365 
 1482      5F537343 
 1482      5344436F 
 1482      6E6E6563 
 1483              	.LASF75:
 1484 03d1 6E756D43 		.ascii	"numCols\000"
 1484      6F6C7300 
 1485              	.LASF19:
 1486 03d9 73697A65 		.ascii	"sizetype\000"
 1486      74797065 
 1486      00
 1487              	.LASF88:
 1488 03e2 43617053 		.ascii	"CapSense_configCsd\000"
 1488      656E7365 
 1488      5F636F6E 
 1488      66696743 
 1488      736400
 1489              	.LASF18:
 1490 03f5 6C6F6E67 		.ascii	"long double\000"
 1490      20646F75 
ARM GAS  C:\Users\Lenovo\AppData\Local\Temp\cc6FHT8F.s 			page 46


 1490      626C6500 
 1491              	.LASF72:
 1492 0401 73746174 		.ascii	"staticConfig\000"
 1492      6963436F 
 1492      6E666967 
 1492      00
 1493              	.LASF23:
 1494 040e 6E4E6F69 		.ascii	"nNoiseTh\000"
 1494      73655468 
 1494      00
 1495              	.LASF100:
 1496 0417 443A5C55 		.ascii	"D:\\UCU\\POC\\PSoC_Projects_Embedded\\PSoC_LAB4\\la"
 1496      43555C50 
 1496      4F435C50 
 1496      536F435F 
 1496      50726F6A 
 1497 0445 62362D70 		.ascii	"b6-psoc-3-shevchuk-lykhanskyi\\Lab_4_1_BLE_Automati"
 1497      736F632D 
 1497      332D7368 
 1497      65766368 
 1497      756B2D6C 
 1498 0477 6F6E5F49 		.ascii	"on_IO.cydsn\000"
 1498      4F2E6379 
 1498      64736E00 
 1499              	.LASF74:
 1500 0483 77646774 		.ascii	"wdgtType\000"
 1500      54797065 
 1500      00
 1501              	.LASF77:
 1502 048c 7843656E 		.ascii	"xCentroidMultiplier\000"
 1502      74726F69 
 1502      644D756C 
 1502      7469706C 
 1502      69657200 
 1503              	.LASF43:
 1504 04a0 7363616E 		.ascii	"scanCounter\000"
 1504      436F756E 
 1504      74657200 
 1505              	.LASF86:
 1506 04ac 43617053 		.ascii	"CapSense_dsRam\000"
 1506      656E7365 
 1506      5F647352 
 1506      616D00
 1507              	.LASF42:
 1508 04bb 74756E65 		.ascii	"tunerCmd\000"
 1508      72436D64 
 1508      00
 1509              	.LASF12:
 1510 04c4 666C6F61 		.ascii	"float\000"
 1510      7400
 1511              	.LASF39:
 1512 04ca 43617053 		.ascii	"CapSense_RAM_SNS_LIST_STRUCT\000"
 1512      656E7365 
 1512      5F52414D 
 1512      5F534E53 
 1512      5F4C4953 
 1513              	.LASF56:
ARM GAS  C:\Users\Lenovo\AppData\Local\Temp\cc6FHT8F.s 			page 47


 1514 04e7 43617053 		.ascii	"CapSense_RAM_STRUCT\000"
 1514      656E7365 
 1514      5F52414D 
 1514      5F535452 
 1514      55435400 
 1515              	.LASF95:
 1516 04fb 43617053 		.ascii	"CapSense_SsCSDStartSample\000"
 1516      656E7365 
 1516      5F537343 
 1516      53445374 
 1516      61727453 
 1517              	.LASF1:
 1518 0515 756E7369 		.ascii	"unsigned char\000"
 1518      676E6564 
 1518      20636861 
 1518      7200
 1519              	.LASF2:
 1520 0523 73686F72 		.ascii	"short int\000"
 1520      7420696E 
 1520      7400
 1521              	.LASF70:
 1522 052d 70747232 		.ascii	"ptr2FltrHistory\000"
 1522      466C7472 
 1522      48697374 
 1522      6F727900 
 1523              	.LASF63:
 1524 053d 6873696F 		.ascii	"hsiomShift\000"
 1524      6D536869 
 1524      667400
 1525              	.LASF20:
 1526 0548 7265736F 		.ascii	"resolution\000"
 1526      6C757469 
 1526      6F6E00
 1527              	.LASF50:
 1528 0553 77646774 		.ascii	"wdgtList\000"
 1528      4C697374 
 1528      00
 1529              	.LASF93:
 1530 055c 43617053 		.ascii	"CapSense_curRamSnsPtr\000"
 1530      656E7365 
 1530      5F637572 
 1530      52616D53 
 1530      6E735074 
 1531              	.LASF14:
 1532 0572 63686172 		.ascii	"char\000"
 1532      00
 1533              	.LASF59:
 1534 0577 64725074 		.ascii	"drPtr\000"
 1534      7200
 1535              	.LASF28:
 1536 057d 736E7343 		.ascii	"snsClk\000"
 1536      6C6B00
 1537              	.LASF84:
 1538 0584 43617053 		.ascii	"CapSense_CSDPostSingleScan\000"
 1538      656E7365 
 1538      5F435344 
 1538      506F7374 
ARM GAS  C:\Users\Lenovo\AppData\Local\Temp\cc6FHT8F.s 			page 48


 1538      53696E67 
 1539              	.LASF25:
 1540 059f 6F6E4465 		.ascii	"onDebounce\000"
 1540      626F756E 
 1540      636500
 1541              	.LASF96:
 1542 05aa 43617053 		.ascii	"CapSense_SsPostAllWidgetsScan\000"
 1542      656E7365 
 1542      5F537350 
 1542      6F737441 
 1542      6C6C5769 
 1543              	.LASF37:
 1544 05c8 6E656742 		.ascii	"negBslnRstCnt\000"
 1544      736C6E52 
 1544      7374436E 
 1544      7400
 1545              	.LASF73:
 1546 05d6 746F7461 		.ascii	"totalNumSns\000"
 1546      6C4E756D 
 1546      536E7300 
 1547              	.LASF71:
 1548 05e2 70747232 		.ascii	"ptr2DebounceArr\000"
 1548      4465626F 
 1548      756E6365 
 1548      41727200 
 1549              	.LASF81:
 1550 05f2 43617053 		.ascii	"CapSense_FLASH_STRUCT\000"
 1550      656E7365 
 1550      5F464C41 
 1550      53485F53 
 1550      54525543 
 1551              	.LASF66:
 1552 0608 43617053 		.ascii	"CapSense_FLASH_IO_STRUCT\000"
 1552      656E7365 
 1552      5F464C41 
 1552      53485F49 
 1552      4F5F5354 
 1553              	.LASF44:
 1554 0621 73746174 		.ascii	"status\000"
 1554      757300
 1555              	.LASF80:
 1556 0628 77646774 		.ascii	"wdgtArray\000"
 1556      41727261 
 1556      7900
 1557              	.LASF101:
 1558 0632 63757253 		.ascii	"curSnsIOPtr\000"
 1558      6E73494F 
 1558      50747200 
 1559              	.LASF29:
 1560 063e 736E7343 		.ascii	"snsClkSource\000"
 1560      6C6B536F 
 1560      75726365 
 1560      00
 1561              	.LASF32:
 1562 064b 6C696E65 		.ascii	"linearslider0\000"
 1562      6172736C 
 1562      69646572 
ARM GAS  C:\Users\Lenovo\AppData\Local\Temp\cc6FHT8F.s 			page 49


 1562      3000
 1563              	.LASF21:
 1564 0659 66696E67 		.ascii	"fingerTh\000"
 1564      65725468 
 1564      00
 1565              	.LASF58:
 1566 0662 70635074 		.ascii	"pcPtr\000"
 1566      7200
 1567              	.LASF33:
 1568 0668 43617053 		.ascii	"CapSense_RAM_WD_LIST_STRUCT\000"
 1568      656E7365 
 1568      5F52414D 
 1568      5F57445F 
 1568      4C495354 
 1569              	.LASF54:
 1570 0684 736E7254 		.ascii	"snrTestScanCounter\000"
 1570      65737453 
 1570      63616E43 
 1570      6F756E74 
 1570      657200
 1571              	.LASF61:
 1572 0697 6873696F 		.ascii	"hsiomMask\000"
 1572      6D4D6173 
 1572      6B00
 1573              	.LASF22:
 1574 06a1 6E6F6973 		.ascii	"noiseTh\000"
 1574      65546800 
 1575              		.ident	"GCC: (GNU Tools for ARM Embedded Processors) 5.4.1 20160609 (release) [ARM/embedded-5-bran
