ARM GAS  C:\Users\Lenovo\AppData\Local\Temp\cc2HN0Qn.s 			page 1


   1              		.syntax unified
   2              		.cpu cortex-m0
   3              		.fpu softvfp
   4              		.eabi_attribute 20, 1
   5              		.eabi_attribute 21, 1
   6              		.eabi_attribute 23, 3
   7              		.eabi_attribute 24, 1
   8              		.eabi_attribute 25, 1
   9              		.eabi_attribute 26, 1
  10              		.eabi_attribute 30, 1
  11              		.eabi_attribute 34, 0
  12              		.eabi_attribute 18, 4
  13              		.thumb
  14              		.syntax unified
  15              		.file	"CapSense_Sensing.c"
  16              		.text
  17              	.Ltext0:
  18              		.cfi_sections	.debug_frame
  19              		.section	.text.CapSense_SsTrimIdacsSourcing,"ax",%progbits
  20              		.align	2
  21              		.code	16
  22              		.thumb_func
  23              		.type	CapSense_SsTrimIdacsSourcing, %function
  24              	CapSense_SsTrimIdacsSourcing:
  25              	.LFB16:
  26              		.file 1 "Generated_Source\\PSoC4\\CapSense_Sensing.c"
   1:Generated_Source\PSoC4/CapSense_Sensing.c **** /***************************************************************************//**
   2:Generated_Source\PSoC4/CapSense_Sensing.c **** * \file CapSense_Sensing.c
   3:Generated_Source\PSoC4/CapSense_Sensing.c **** * \version 4.0
   4:Generated_Source\PSoC4/CapSense_Sensing.c **** *
   5:Generated_Source\PSoC4/CapSense_Sensing.c **** * \brief
   6:Generated_Source\PSoC4/CapSense_Sensing.c **** *   This file contains the source of functions common for
   7:Generated_Source\PSoC4/CapSense_Sensing.c **** *   different sensing methods.
   8:Generated_Source\PSoC4/CapSense_Sensing.c **** *
   9:Generated_Source\PSoC4/CapSense_Sensing.c **** * \see CapSense P4 v4.0 Datasheet
  10:Generated_Source\PSoC4/CapSense_Sensing.c **** *
  11:Generated_Source\PSoC4/CapSense_Sensing.c **** *//*****************************************************************************
  12:Generated_Source\PSoC4/CapSense_Sensing.c **** * Copyright (2016-2017), Cypress Semiconductor Corporation.
  13:Generated_Source\PSoC4/CapSense_Sensing.c **** ********************************************************************************
  14:Generated_Source\PSoC4/CapSense_Sensing.c **** * This software is owned by Cypress Semiconductor Corporation (Cypress) and is
  15:Generated_Source\PSoC4/CapSense_Sensing.c **** * protected by and subject to worldwide patent protection (United States and
  16:Generated_Source\PSoC4/CapSense_Sensing.c **** * foreign), United States copyright laws and international treaty provisions.
  17:Generated_Source\PSoC4/CapSense_Sensing.c **** * Cypress hereby grants to licensee a personal, non-exclusive, non-transferable
  18:Generated_Source\PSoC4/CapSense_Sensing.c **** * license to copy, use, modify, create derivative works of, and compile the
  19:Generated_Source\PSoC4/CapSense_Sensing.c **** * Cypress Source Code and derivative works for the sole purpose of creating
  20:Generated_Source\PSoC4/CapSense_Sensing.c **** * custom software in support of licensee product to be used only in conjunction
  21:Generated_Source\PSoC4/CapSense_Sensing.c **** * with a Cypress integrated circuit as specified in the applicable agreement.
  22:Generated_Source\PSoC4/CapSense_Sensing.c **** * Any reproduction, modification, translation, compilation, or representation of
  23:Generated_Source\PSoC4/CapSense_Sensing.c **** * this software except as specified above is prohibited without the express
  24:Generated_Source\PSoC4/CapSense_Sensing.c **** * written permission of Cypress.
  25:Generated_Source\PSoC4/CapSense_Sensing.c **** *
  26:Generated_Source\PSoC4/CapSense_Sensing.c **** * Disclaimer: CYPRESS MAKES NO WARRANTY OF ANY KIND, EXPRESS OR IMPLIED, WITH
  27:Generated_Source\PSoC4/CapSense_Sensing.c **** * REGARD TO THIS MATERIAL, INCLUDING, BUT NOT LIMITED TO, THE IMPLIED
  28:Generated_Source\PSoC4/CapSense_Sensing.c **** * WARRANTIES OF MERCHANTABILITY AND FITNESS FOR A PARTICULAR PURPOSE.
  29:Generated_Source\PSoC4/CapSense_Sensing.c **** * Cypress reserves the right to make changes without further notice to the
  30:Generated_Source\PSoC4/CapSense_Sensing.c **** * materials described herein. Cypress does not assume any liability arising out
  31:Generated_Source\PSoC4/CapSense_Sensing.c **** * of the application or use of any product or circuit described herein. Cypress
ARM GAS  C:\Users\Lenovo\AppData\Local\Temp\cc2HN0Qn.s 			page 2


  32:Generated_Source\PSoC4/CapSense_Sensing.c **** * does not authorize its products for use as critical components in life-support
  33:Generated_Source\PSoC4/CapSense_Sensing.c **** * systems where a malfunction or failure may reasonably be expected to result in
  34:Generated_Source\PSoC4/CapSense_Sensing.c **** * significant injury to the user. The inclusion of Cypress' product in a life-
  35:Generated_Source\PSoC4/CapSense_Sensing.c **** * support systems application implies that the manufacturer assumes all risk of
  36:Generated_Source\PSoC4/CapSense_Sensing.c **** * such use and in doing so indemnifies Cypress against all charges. Use may be
  37:Generated_Source\PSoC4/CapSense_Sensing.c **** * limited by and subject to the applicable Cypress software license agreement.
  38:Generated_Source\PSoC4/CapSense_Sensing.c **** *******************************************************************************/
  39:Generated_Source\PSoC4/CapSense_Sensing.c **** 
  40:Generated_Source\PSoC4/CapSense_Sensing.c **** #include "cyfitter.h"
  41:Generated_Source\PSoC4/CapSense_Sensing.c **** #include "CapSense_Structure.h"
  42:Generated_Source\PSoC4/CapSense_Sensing.c **** #include "CapSense_Configuration.h"
  43:Generated_Source\PSoC4/CapSense_Sensing.c **** #include "CapSense_Sensing.h"
  44:Generated_Source\PSoC4/CapSense_Sensing.c **** #if (CapSense_ENABLE == CapSense_SELF_TEST_EN)
  45:Generated_Source\PSoC4/CapSense_Sensing.c ****     #include "CapSense_SelfTest.h"
  46:Generated_Source\PSoC4/CapSense_Sensing.c **** #endif
  47:Generated_Source\PSoC4/CapSense_Sensing.c **** 
  48:Generated_Source\PSoC4/CapSense_Sensing.c **** /***************************************
  49:Generated_Source\PSoC4/CapSense_Sensing.c **** * API Constants
  50:Generated_Source\PSoC4/CapSense_Sensing.c **** ***************************************/
  51:Generated_Source\PSoC4/CapSense_Sensing.c **** 
  52:Generated_Source\PSoC4/CapSense_Sensing.c **** #define CapSense_WIDGET_NUM_32                          (32u)
  53:Generated_Source\PSoC4/CapSense_Sensing.c **** #define CapSense_WIDGET_NUM_32_DIV_SHIFT                (5u)
  54:Generated_Source\PSoC4/CapSense_Sensing.c **** #define CapSense_WIDGET_NUM_32_MASK                     (0x0000001FLu)
  55:Generated_Source\PSoC4/CapSense_Sensing.c **** #define CapSense_CALIBRATION_RESOLUTION                 (12u)
  56:Generated_Source\PSoC4/CapSense_Sensing.c **** #define CapSense_COARSE_TRIM_THRESHOLD_1                (40u)
  57:Generated_Source\PSoC4/CapSense_Sensing.c **** #define CapSense_COARSE_TRIM_THRESHOLD_2                (215u)
  58:Generated_Source\PSoC4/CapSense_Sensing.c **** #define CapSense_FREQUENCY_OFFSET_5                     (20u)
  59:Generated_Source\PSoC4/CapSense_Sensing.c **** #define CapSense_FREQUENCY_OFFSET_10                    (40u)
  60:Generated_Source\PSoC4/CapSense_Sensing.c **** #define CapSense_CALIBRATION_FREQ_KHZ                   (1500u)
  61:Generated_Source\PSoC4/CapSense_Sensing.c **** #define CapSense_CALIBRATION_MD                         (2u)
  62:Generated_Source\PSoC4/CapSense_Sensing.c **** #define CapSense_MIN_IMO_FREQ_KHZ                       (6000u)
  63:Generated_Source\PSoC4/CapSense_Sensing.c **** #define CapSense_CSD_AUTOTUNE_CAL_LEVEL                 (CapSense_CSD_RAWCOUNT_CAL_LEVEL)
  64:Generated_Source\PSoC4/CapSense_Sensing.c **** #define CapSense_CP_MIN                                 (0u)
  65:Generated_Source\PSoC4/CapSense_Sensing.c **** #define CapSense_CP_MAX                                 (65000Lu)
  66:Generated_Source\PSoC4/CapSense_Sensing.c **** #define CapSense_CP_ERROR                               (4000Lu)
  67:Generated_Source\PSoC4/CapSense_Sensing.c **** #if (CapSense_ENABLE == CapSense_CSD2X_EN)
  68:Generated_Source\PSoC4/CapSense_Sensing.c ****     #define CapSense_TOTAL_SLOTS                        (CapSense_TOTAL_SCAN_SLOTS)
  69:Generated_Source\PSoC4/CapSense_Sensing.c **** #else
  70:Generated_Source\PSoC4/CapSense_Sensing.c ****     #define CapSense_TOTAL_SLOTS                        (CapSense_TOTAL_WIDGETS)
  71:Generated_Source\PSoC4/CapSense_Sensing.c **** #endif /* (CapSense_ENABLE == CapSense_CSD2X_EN) */
  72:Generated_Source\PSoC4/CapSense_Sensing.c **** 
  73:Generated_Source\PSoC4/CapSense_Sensing.c **** #define CapSense_CLK_SOURCE_LFSR_SCALE_OFFSET           (4u)
  74:Generated_Source\PSoC4/CapSense_Sensing.c **** 
  75:Generated_Source\PSoC4/CapSense_Sensing.c **** #if (CapSense_CLK_SOURCE_DIRECT != CapSense_CSD_SNS_CLK_SOURCE)
  76:Generated_Source\PSoC4/CapSense_Sensing.c ****     #if (CapSense_ENABLE == CapSense_CSDV2)
  77:Generated_Source\PSoC4/CapSense_Sensing.c ****         #define CapSense_PRS_FACTOR_DIV                 (2u)
  78:Generated_Source\PSoC4/CapSense_Sensing.c ****     #else
  79:Generated_Source\PSoC4/CapSense_Sensing.c ****         #define CapSense_PRS_FACTOR_DIV                 (1u)
  80:Generated_Source\PSoC4/CapSense_Sensing.c ****     #endif /* (CapSense_ENABLE == CapSense_CSDV2) */
  81:Generated_Source\PSoC4/CapSense_Sensing.c **** #else
  82:Generated_Source\PSoC4/CapSense_Sensing.c ****     #define CapSense_PRS_FACTOR_DIV                     (0u)
  83:Generated_Source\PSoC4/CapSense_Sensing.c **** #endif /* (CapSense_CLK_SOURCE_DIRECT != CapSense_CSD_SNS_CLK_SOURCE) */
  84:Generated_Source\PSoC4/CapSense_Sensing.c **** 
  85:Generated_Source\PSoC4/CapSense_Sensing.c **** #define CapSense_FLIP_FLOP_DIV                          (1u)
  86:Generated_Source\PSoC4/CapSense_Sensing.c **** 
  87:Generated_Source\PSoC4/CapSense_Sensing.c **** #define CapSense_MOD_CSD_CLK_12000KHZ                   (12000uL)
  88:Generated_Source\PSoC4/CapSense_Sensing.c **** #define CapSense_MOD_CSD_CLK_24000KHZ                   (24000uL)
ARM GAS  C:\Users\Lenovo\AppData\Local\Temp\cc2HN0Qn.s 			page 3


  89:Generated_Source\PSoC4/CapSense_Sensing.c **** #define CapSense_MOD_CSD_CLK_48000KHZ                   (48000uL)
  90:Generated_Source\PSoC4/CapSense_Sensing.c **** 
  91:Generated_Source\PSoC4/CapSense_Sensing.c **** #if ((CapSense_CLK_SOURCE_PRS8 == CapSense_CSD_SNS_CLK_SOURCE) || \
  92:Generated_Source\PSoC4/CapSense_Sensing.c ****     (CapSense_CLK_SOURCE_PRS12 == CapSense_CSD_SNS_CLK_SOURCE) || \
  93:Generated_Source\PSoC4/CapSense_Sensing.c ****     (CapSense_CLK_SOURCE_PRSAUTO == CapSense_CSD_SNS_CLK_SOURCE))
  94:Generated_Source\PSoC4/CapSense_Sensing.c ****     #define CapSense_FACTOR_FILTER_DELAY_12MHZ          (2u)
  95:Generated_Source\PSoC4/CapSense_Sensing.c **** #else
  96:Generated_Source\PSoC4/CapSense_Sensing.c ****     #define CapSense_FACTOR_FILTER_DELAY_12MHZ          (4u)
  97:Generated_Source\PSoC4/CapSense_Sensing.c **** #endif /* (CapSense_CLK_SOURCE_DIRECT != CapSense_CSD_SNS_CLK_SOURCE) */
  98:Generated_Source\PSoC4/CapSense_Sensing.c **** 
  99:Generated_Source\PSoC4/CapSense_Sensing.c **** #define CapSense_FACTOR_MOD_SNS                         (8u)
 100:Generated_Source\PSoC4/CapSense_Sensing.c **** #define CapSense_UINT8_MAX_VAL                          (0xFFu)
 101:Generated_Source\PSoC4/CapSense_Sensing.c **** #define CapSense_MSB_OFFSET                             (8u)
 102:Generated_Source\PSoC4/CapSense_Sensing.c **** 
 103:Generated_Source\PSoC4/CapSense_Sensing.c **** /*****************************************************************************/
 104:Generated_Source\PSoC4/CapSense_Sensing.c **** /* Enumeration types definition                                               */
 105:Generated_Source\PSoC4/CapSense_Sensing.c **** /*****************************************************************************/
 106:Generated_Source\PSoC4/CapSense_Sensing.c **** 
 107:Generated_Source\PSoC4/CapSense_Sensing.c **** typedef enum
 108:Generated_Source\PSoC4/CapSense_Sensing.c **** {
 109:Generated_Source\PSoC4/CapSense_Sensing.c ****     CapSense_RES_PULLUP_E   = 0x02u,
 110:Generated_Source\PSoC4/CapSense_Sensing.c ****     CapSense_RES_PULLDOWN_E = 0x03u
 111:Generated_Source\PSoC4/CapSense_Sensing.c **** } CapSense_PORT_TEST_DM;
 112:Generated_Source\PSoC4/CapSense_Sensing.c **** 
 113:Generated_Source\PSoC4/CapSense_Sensing.c **** typedef enum
 114:Generated_Source\PSoC4/CapSense_Sensing.c **** {
 115:Generated_Source\PSoC4/CapSense_Sensing.c ****     CapSense_STS_RESET      = 0x01u,
 116:Generated_Source\PSoC4/CapSense_Sensing.c ****     CapSense_STS_NO_RESET   = 0x02u
 117:Generated_Source\PSoC4/CapSense_Sensing.c **** } CapSense_TEST_TYPE;
 118:Generated_Source\PSoC4/CapSense_Sensing.c **** 
 119:Generated_Source\PSoC4/CapSense_Sensing.c **** 
 120:Generated_Source\PSoC4/CapSense_Sensing.c **** /*******************************************************************************
 121:Generated_Source\PSoC4/CapSense_Sensing.c **** * Static Function Prototypes
 122:Generated_Source\PSoC4/CapSense_Sensing.c **** *******************************************************************************/
 123:Generated_Source\PSoC4/CapSense_Sensing.c **** /**
 124:Generated_Source\PSoC4/CapSense_Sensing.c **** * \if SECTION_CAPSENSE_INTERNAL
 125:Generated_Source\PSoC4/CapSense_Sensing.c **** * \addtogroup group_capsense_internal
 126:Generated_Source\PSoC4/CapSense_Sensing.c **** * \{
 127:Generated_Source\PSoC4/CapSense_Sensing.c **** */
 128:Generated_Source\PSoC4/CapSense_Sensing.c **** 
 129:Generated_Source\PSoC4/CapSense_Sensing.c **** #if (CapSense_DISABLE == CapSense_CSDV2)
 130:Generated_Source\PSoC4/CapSense_Sensing.c ****     static void CapSense_SsTrimIdacs(void);
 131:Generated_Source\PSoC4/CapSense_Sensing.c ****     #if ((CapSense_ENABLE == CapSense_CSX_EN) || \
 132:Generated_Source\PSoC4/CapSense_Sensing.c ****          (CapSense_IDAC_SINKING == CapSense_CSD_IDAC_CONFIG))
 133:Generated_Source\PSoC4/CapSense_Sensing.c ****         static void CapSense_SsTrimIdacsSinking(void);
 134:Generated_Source\PSoC4/CapSense_Sensing.c ****     #endif /* ((CapSense_ENABLE == CapSense_CSX_EN) || \
 135:Generated_Source\PSoC4/CapSense_Sensing.c ****                (CapSense_IDAC_SINKING == CapSense_CSD_IDAC_CONFIG)) */
 136:Generated_Source\PSoC4/CapSense_Sensing.c ****     #if ((CapSense_ENABLE == CapSense_CSX_EN) || \
 137:Generated_Source\PSoC4/CapSense_Sensing.c ****          (CapSense_IDAC_SOURCING == CapSense_CSD_IDAC_CONFIG))
 138:Generated_Source\PSoC4/CapSense_Sensing.c ****         static void CapSense_SsTrimIdacsSourcing(void);
 139:Generated_Source\PSoC4/CapSense_Sensing.c ****     #endif /* ((CapSense_ENABLE == CapSense_CSX_EN) || \
 140:Generated_Source\PSoC4/CapSense_Sensing.c ****                (CapSense_IDAC_SOURCING == CapSense_CSD_IDAC_CONFIG)) */
 141:Generated_Source\PSoC4/CapSense_Sensing.c **** #endif /* (CapSense_ENABLE == CapSense_CSDV2) */
 142:Generated_Source\PSoC4/CapSense_Sensing.c **** #if ((CapSense_ENABLE == CapSense_CSD_CSX_EN) || \
 143:Generated_Source\PSoC4/CapSense_Sensing.c ****      (CapSense_ENABLE == CapSense_SELF_TEST_EN) || \
 144:Generated_Source\PSoC4/CapSense_Sensing.c ****      (CapSense_ENABLE == CapSense_ADC_EN))
 145:Generated_Source\PSoC4/CapSense_Sensing.c ****     #if (CapSense_ENABLE == CapSense_CSD_EN)
ARM GAS  C:\Users\Lenovo\AppData\Local\Temp\cc2HN0Qn.s 			page 4


 146:Generated_Source\PSoC4/CapSense_Sensing.c ****         static void CapSense_SsCSDDisableMode(void);
 147:Generated_Source\PSoC4/CapSense_Sensing.c ****     #endif /* (CapSense_ENABLE == CapSense_CSD_EN) */
 148:Generated_Source\PSoC4/CapSense_Sensing.c ****     #if (CapSense_ENABLE == CapSense_CSX_EN)
 149:Generated_Source\PSoC4/CapSense_Sensing.c ****         static void CapSense_SsDisableCSXMode(void);
 150:Generated_Source\PSoC4/CapSense_Sensing.c ****     #endif /* (CapSense_ENABLE == CapSense_CSX_EN) */
 151:Generated_Source\PSoC4/CapSense_Sensing.c **** #endif /* ((CapSense_ENABLE == CapSense_CSD_CSX_EN) || \
 152:Generated_Source\PSoC4/CapSense_Sensing.c ****            (CapSense_ENABLE == CapSense_SELF_TEST_EN) || \
 153:Generated_Source\PSoC4/CapSense_Sensing.c ****            (CapSense_ENABLE == CapSense_ADC_EN)) */
 154:Generated_Source\PSoC4/CapSense_Sensing.c **** #if (CapSense_CSD_SS_DIS != CapSense_CSD_AUTOTUNE)
 155:Generated_Source\PSoC4/CapSense_Sensing.c ****     #if (CapSense_ENABLE == CapSense_CSD2X_EN)
 156:Generated_Source\PSoC4/CapSense_Sensing.c ****         static void CapSense_SsSetCSD0DirectClockMode(void);
 157:Generated_Source\PSoC4/CapSense_Sensing.c ****         static void CapSense_SsSetCSD1DirectClockMode(void);
 158:Generated_Source\PSoC4/CapSense_Sensing.c ****     #else
 159:Generated_Source\PSoC4/CapSense_Sensing.c ****         static void CapSense_SsSetDirectClockMode(void);
 160:Generated_Source\PSoC4/CapSense_Sensing.c ****     #endif /* (CapSense_ENABLE == CapSense_CSD2X_EN) */
 161:Generated_Source\PSoC4/CapSense_Sensing.c **** #endif /* (CapSense_CSD_SS_DIS != CapSense_CSD_AUTOTUNE) */
 162:Generated_Source\PSoC4/CapSense_Sensing.c **** 
 163:Generated_Source\PSoC4/CapSense_Sensing.c **** #if(((CapSense_ENABLE == CapSense_CSX_EN) && \
 164:Generated_Source\PSoC4/CapSense_Sensing.c ****      (CapSense_ENABLE == CapSense_CSDV2) && \
 165:Generated_Source\PSoC4/CapSense_Sensing.c ****      (CapSense_CLK_SOURCE_PRSAUTO == CapSense_CSX_TX_CLK_SOURCE)) ||\
 166:Generated_Source\PSoC4/CapSense_Sensing.c ****     ((CapSense_ENABLE == CapSense_CSD_EN) && \
 167:Generated_Source\PSoC4/CapSense_Sensing.c ****      (CapSense_ENABLE == CapSense_CSDV2) && \
 168:Generated_Source\PSoC4/CapSense_Sensing.c ****      (CapSense_CLK_SOURCE_PRSAUTO == CapSense_CSD_SNS_CLK_SOURCE)))
 169:Generated_Source\PSoC4/CapSense_Sensing.c ****     static CY_INLINE uint8 CapSense_SsCalcLfsrSize(uint32 snsClkDivider, uint32 conversionsNum);
 170:Generated_Source\PSoC4/CapSense_Sensing.c ****     static CY_INLINE uint8 CapSense_SsCalcLfsrScale(uint32 snsClkDivider, uint8 lfsrSize);
 171:Generated_Source\PSoC4/CapSense_Sensing.c **** #endif /* (((CapSense_ENABLE == CapSense_CSX_EN) && \
 172:Generated_Source\PSoC4/CapSense_Sensing.c ****             (CapSense_ENABLE == CapSense_CSDV2) && \
 173:Generated_Source\PSoC4/CapSense_Sensing.c ****             (CapSense_CLK_SOURCE_PRSAUTO == CapSense_CSX_TX_CLK_SOURCE)) ||\
 174:Generated_Source\PSoC4/CapSense_Sensing.c ****            ((CapSense_ENABLE == CapSense_CSD_EN) && \
 175:Generated_Source\PSoC4/CapSense_Sensing.c ****             (CapSense_ENABLE == CapSense_CSDV2) && \
 176:Generated_Source\PSoC4/CapSense_Sensing.c ****             (CapSense_CLK_SOURCE_PRSAUTO == CapSense_CSD_SNS_CLK_SOURCE))) */
 177:Generated_Source\PSoC4/CapSense_Sensing.c **** #if ((CapSense_CSD_SS_DIS != CapSense_CSD_AUTOTUNE) && \
 178:Generated_Source\PSoC4/CapSense_Sensing.c ****     (CapSense_ENABLE == CapSense_CSD2X_EN))
 179:Generated_Source\PSoC4/CapSense_Sensing.c ****     static void CapSense_SsSetEqualSlotClock(void);
 180:Generated_Source\PSoC4/CapSense_Sensing.c **** #endif /* ((CapSense_CSD_SS_DIS != CapSense_CSD_AUTOTUNE) \
 181:Generated_Source\PSoC4/CapSense_Sensing.c ****            (CapSense_ENABLE == CapSense_CSD2X_EN)) */
 182:Generated_Source\PSoC4/CapSense_Sensing.c **** #if ((CapSense_ENABLE == CapSense_CSD_EN) || (CapSense_ENABLE == CapSense_CSD2X_EN))
 183:Generated_Source\PSoC4/CapSense_Sensing.c ****     static void CapSense_SsSetWidgetSenseClkSrc(uint32 wdgtIndex, CapSense_RAM_WD_BASE_STRUCT * ptr
 184:Generated_Source\PSoC4/CapSense_Sensing.c **** #endif /* ((CapSense_ENABLE == CapSense_CSD_EN) || (CapSense_ENABLE == CapSense_CSD2X_EN)) */
 185:Generated_Source\PSoC4/CapSense_Sensing.c **** 
 186:Generated_Source\PSoC4/CapSense_Sensing.c **** #if ((CapSense_ENABLE == CapSense_CSX_EN) && (CapSense_ENABLE == CapSense_CSDV2))
 187:Generated_Source\PSoC4/CapSense_Sensing.c ****     static void CapSense_SsSetWidgetTxClkSrc(uint32 wdgtIndex, CapSense_RAM_WD_BASE_STRUCT * ptrWdg
 188:Generated_Source\PSoC4/CapSense_Sensing.c **** #endif /* ((CapSense_ENABLE == CapSense_CSX_EN) && (CapSense_ENABLE == CapSense_CSDV2)) */
 189:Generated_Source\PSoC4/CapSense_Sensing.c **** 
 190:Generated_Source\PSoC4/CapSense_Sensing.c **** /** \}
 191:Generated_Source\PSoC4/CapSense_Sensing.c **** * \endif */
 192:Generated_Source\PSoC4/CapSense_Sensing.c **** 
 193:Generated_Source\PSoC4/CapSense_Sensing.c **** /*******************************************************************************
 194:Generated_Source\PSoC4/CapSense_Sensing.c **** * Define module variables
 195:Generated_Source\PSoC4/CapSense_Sensing.c **** *******************************************************************************/
 196:Generated_Source\PSoC4/CapSense_Sensing.c **** 
 197:Generated_Source\PSoC4/CapSense_Sensing.c **** #if ((CapSense_ENABLE == CapSense_CSD_CSX_EN) || \
 198:Generated_Source\PSoC4/CapSense_Sensing.c ****      (CapSense_ENABLE == CapSense_SELF_TEST_EN) || \
 199:Generated_Source\PSoC4/CapSense_Sensing.c ****      (CapSense_ENABLE == CapSense_ADC_EN))
 200:Generated_Source\PSoC4/CapSense_Sensing.c ****     CapSense_SENSE_METHOD_ENUM CapSense_currentSenseMethod = CapSense_UNDEFINED_E;
 201:Generated_Source\PSoC4/CapSense_Sensing.c **** #endif /* ((CapSense_ENABLE == CapSense_CSD_CSX_EN) || \
 202:Generated_Source\PSoC4/CapSense_Sensing.c ****            (CapSense_ENABLE == CapSense_SELF_TEST_EN) || \
ARM GAS  C:\Users\Lenovo\AppData\Local\Temp\cc2HN0Qn.s 			page 5


 203:Generated_Source\PSoC4/CapSense_Sensing.c ****            (CapSense_ENABLE == CapSense_ADC_EN))) */
 204:Generated_Source\PSoC4/CapSense_Sensing.c **** 
 205:Generated_Source\PSoC4/CapSense_Sensing.c **** #if(CapSense_ENABLE == CapSense_MULTI_FREQ_SCAN_EN)
 206:Generated_Source\PSoC4/CapSense_Sensing.c ****     /*  Module variable keep track of frequency hopping channel index   */
 207:Generated_Source\PSoC4/CapSense_Sensing.c ****     uint8 CapSense_scanFreqIndex = 0u;
 208:Generated_Source\PSoC4/CapSense_Sensing.c ****     /*  Variable keep frequency offsets */
 209:Generated_Source\PSoC4/CapSense_Sensing.c ****     uint8 CapSense_immunity[CapSense_NUM_SCAN_FREQS] = {0u, 0u, 0u};
 210:Generated_Source\PSoC4/CapSense_Sensing.c **** #else
 211:Generated_Source\PSoC4/CapSense_Sensing.c ****     /* const allows C-compiler to do optimization */
 212:Generated_Source\PSoC4/CapSense_Sensing.c ****     const uint8 CapSense_scanFreqIndex = 0u;
 213:Generated_Source\PSoC4/CapSense_Sensing.c **** #endif /* (CapSense_ENABLE == CapSense_MULTI_FREQ_SCAN_EN) */
 214:Generated_Source\PSoC4/CapSense_Sensing.c **** 
 215:Generated_Source\PSoC4/CapSense_Sensing.c **** /* Global software variables */
 216:Generated_Source\PSoC4/CapSense_Sensing.c **** #if (CapSense_ENABLE == CapSense_CSD2X_EN)
 217:Generated_Source\PSoC4/CapSense_Sensing.c ****     volatile uint8 CapSense_widgetIndex0 = 0u;    /* Index of the scanning widget0 */
 218:Generated_Source\PSoC4/CapSense_Sensing.c ****     volatile uint8 CapSense_sensorIndex0 = 0u;    /* Index of the scanning sensor0 */
 219:Generated_Source\PSoC4/CapSense_Sensing.c ****     volatile uint8 CapSense_widgetIndex1 = 0u;    /* Index of the scanning widget1 */
 220:Generated_Source\PSoC4/CapSense_Sensing.c ****     volatile uint8 CapSense_sensorIndex1 = 0u;    /* Index of the scanning sensor1 */
 221:Generated_Source\PSoC4/CapSense_Sensing.c **** #else
 222:Generated_Source\PSoC4/CapSense_Sensing.c ****     volatile uint8 CapSense_widgetIndex = 0u;    /* Index of the scanning widget */
 223:Generated_Source\PSoC4/CapSense_Sensing.c ****     volatile uint8 CapSense_sensorIndex = 0u;    /* Index of the scanning sensor */
 224:Generated_Source\PSoC4/CapSense_Sensing.c **** #endif /* (CapSense_ENABLE == CapSense_CSD2X_EN) */
 225:Generated_Source\PSoC4/CapSense_Sensing.c **** uint8 CapSense_requestScanAllWidget = 0u;
 226:Generated_Source\PSoC4/CapSense_Sensing.c **** #if (CapSense_CSD_SS_DIS != CapSense_CSD_AUTOTUNE)
 227:Generated_Source\PSoC4/CapSense_Sensing.c ****     uint8 CapSense_prescalersTuningDone = 0u;
 228:Generated_Source\PSoC4/CapSense_Sensing.c **** #endif /* (CapSense_CSD_SS_DIS != CapSense_CSD_AUTOTUNE) */
 229:Generated_Source\PSoC4/CapSense_Sensing.c **** 
 230:Generated_Source\PSoC4/CapSense_Sensing.c **** /* Pointer to RAM_SNS_STRUCT structure  */
 231:Generated_Source\PSoC4/CapSense_Sensing.c **** #if (CapSense_ENABLE == CapSense_CSD2X_EN)
 232:Generated_Source\PSoC4/CapSense_Sensing.c ****     CapSense_RAM_SNS_STRUCT *CapSense_curRamSnsPtr0;
 233:Generated_Source\PSoC4/CapSense_Sensing.c ****     CapSense_RAM_SNS_STRUCT *CapSense_curRamSnsPtr1;
 234:Generated_Source\PSoC4/CapSense_Sensing.c **** #else
 235:Generated_Source\PSoC4/CapSense_Sensing.c ****     CapSense_RAM_SNS_STRUCT *CapSense_curRamSnsPtr;
 236:Generated_Source\PSoC4/CapSense_Sensing.c **** #endif /* (CapSense_ENABLE == CapSense_CSD2X_EN) */
 237:Generated_Source\PSoC4/CapSense_Sensing.c **** 
 238:Generated_Source\PSoC4/CapSense_Sensing.c **** #if ((CapSense_ENABLE == CapSense_CSD_GANGED_SNS_EN) || \
 239:Generated_Source\PSoC4/CapSense_Sensing.c ****      (CapSense_ENABLE == CapSense_CSX_EN))
 240:Generated_Source\PSoC4/CapSense_Sensing.c ****     /*  Pointer to Flash structure holding configuration of widget to be scanned  */
 241:Generated_Source\PSoC4/CapSense_Sensing.c ****     #if (CapSense_ENABLE == CapSense_CSD2X_EN)
 242:Generated_Source\PSoC4/CapSense_Sensing.c ****          CapSense_FLASH_WD_STRUCT const *CapSense_curFlashWdgtPtr0 = 0u;
 243:Generated_Source\PSoC4/CapSense_Sensing.c ****          CapSense_FLASH_WD_STRUCT const *CapSense_curFlashWdgtPtr1 = 0u;
 244:Generated_Source\PSoC4/CapSense_Sensing.c ****     #else
 245:Generated_Source\PSoC4/CapSense_Sensing.c ****          CapSense_FLASH_WD_STRUCT const *CapSense_curFlashWdgtPtr = 0u;
 246:Generated_Source\PSoC4/CapSense_Sensing.c ****     #endif /* (CapSense_ENABLE == CapSense_CSD2X_EN) */
 247:Generated_Source\PSoC4/CapSense_Sensing.c **** #endif /* ((CapSense_ENABLE == CapSense_CSD_GANGED_SNS_EN) || \
 248:Generated_Source\PSoC4/CapSense_Sensing.c ****            (CapSense_ENABLE == CapSense_CSX_EN))  */
 249:Generated_Source\PSoC4/CapSense_Sensing.c **** #if (CapSense_ENABLE == CapSense_CSD_GANGED_SNS_EN)
 250:Generated_Source\PSoC4/CapSense_Sensing.c ****     /*  Pointer to Flash structure holding info of sensor to be scanned  */
 251:Generated_Source\PSoC4/CapSense_Sensing.c ****     #if (CapSense_ENABLE == CapSense_CSD2X_EN)
 252:Generated_Source\PSoC4/CapSense_Sensing.c ****         CapSense_FLASH_SNS_STRUCT const *CapSense_curFlashSnsPtr0 = 0u;
 253:Generated_Source\PSoC4/CapSense_Sensing.c ****         CapSense_FLASH_SNS_STRUCT const *CapSense_curFlashSnsPtr1 = 0u;
 254:Generated_Source\PSoC4/CapSense_Sensing.c ****     #else
 255:Generated_Source\PSoC4/CapSense_Sensing.c ****         CapSense_FLASH_SNS_STRUCT const *CapSense_curFlashSnsPtr = 0u;
 256:Generated_Source\PSoC4/CapSense_Sensing.c ****     #endif /* (CapSense_ENABLE == CapSense_CSD2X_EN) */
 257:Generated_Source\PSoC4/CapSense_Sensing.c **** #endif /* (CapSense_ENABLE == CapSense_CSD_GANGED_SNS_EN) */
 258:Generated_Source\PSoC4/CapSense_Sensing.c **** /*  Pointer to Flash structure to hold Sns electrode that was connected previously  */
 259:Generated_Source\PSoC4/CapSense_Sensing.c **** #if (CapSense_ENABLE == CapSense_CSD2X_EN)
ARM GAS  C:\Users\Lenovo\AppData\Local\Temp\cc2HN0Qn.s 			page 6


 260:Generated_Source\PSoC4/CapSense_Sensing.c ****     CapSense_FLASH_IO_STRUCT const *CapSense_curSnsIOPtr0;
 261:Generated_Source\PSoC4/CapSense_Sensing.c ****     CapSense_FLASH_IO_STRUCT const *CapSense_curSnsIOPtr1;
 262:Generated_Source\PSoC4/CapSense_Sensing.c **** #else
 263:Generated_Source\PSoC4/CapSense_Sensing.c ****     CapSense_FLASH_IO_STRUCT const *CapSense_curSnsIOPtr;
 264:Generated_Source\PSoC4/CapSense_Sensing.c **** #endif /* (CapSense_ENABLE == CapSense_CSD2X_EN) */
 265:Generated_Source\PSoC4/CapSense_Sensing.c **** 
 266:Generated_Source\PSoC4/CapSense_Sensing.c **** /*******************************************************************************
 267:Generated_Source\PSoC4/CapSense_Sensing.c **** * Function Name: CapSense_IsBusy
 268:Generated_Source\PSoC4/CapSense_Sensing.c **** ****************************************************************************//**
 269:Generated_Source\PSoC4/CapSense_Sensing.c **** *
 270:Generated_Source\PSoC4/CapSense_Sensing.c **** * \brief
 271:Generated_Source\PSoC4/CapSense_Sensing.c **** *  Returns the current status of the component (scan completed or scan in
 272:Generated_Source\PSoC4/CapSense_Sensing.c **** *  progress).
 273:Generated_Source\PSoC4/CapSense_Sensing.c **** *
 274:Generated_Source\PSoC4/CapSense_Sensing.c **** * \details
 275:Generated_Source\PSoC4/CapSense_Sensing.c **** *  This function returns the status of the hardware block whether a scan is
 276:Generated_Source\PSoC4/CapSense_Sensing.c **** *  currently in progress or not. If the component is busy, no new scan or setup
 277:Generated_Source\PSoC4/CapSense_Sensing.c **** *  widgets should be made. It is recommended using the critical section (i.e.
 278:Generated_Source\PSoC4/CapSense_Sensing.c **** *  disable global interrupt) in the application when the device transitions from
 279:Generated_Source\PSoC4/CapSense_Sensing.c **** *  the active mode to sleep or deep sleep mode.
 280:Generated_Source\PSoC4/CapSense_Sensing.c **** *
 281:Generated_Source\PSoC4/CapSense_Sensing.c **** * \return
 282:Generated_Source\PSoC4/CapSense_Sensing.c **** *  Returns the current status of the component:
 283:Generated_Source\PSoC4/CapSense_Sensing.c **** *    - CapSense_NOT_BUSY if there is no scan in progress and a next scan
 284:Generated_Source\PSoC4/CapSense_Sensing.c **** *      can be initiated.
 285:Generated_Source\PSoC4/CapSense_Sensing.c **** *    - CapSense_SW_STS_BUSY if the previous scanning is not completed
 286:Generated_Source\PSoC4/CapSense_Sensing.c **** *      and the hardware block is busy.
 287:Generated_Source\PSoC4/CapSense_Sensing.c **** *
 288:Generated_Source\PSoC4/CapSense_Sensing.c **** *******************************************************************************/
 289:Generated_Source\PSoC4/CapSense_Sensing.c **** uint32 CapSense_IsBusy(void)
 290:Generated_Source\PSoC4/CapSense_Sensing.c **** {
 291:Generated_Source\PSoC4/CapSense_Sensing.c ****     return ((*(volatile uint32 *)&CapSense_dsRam.status) & CapSense_SW_STS_BUSY);
 292:Generated_Source\PSoC4/CapSense_Sensing.c **** }
 293:Generated_Source\PSoC4/CapSense_Sensing.c **** 
 294:Generated_Source\PSoC4/CapSense_Sensing.c **** /*******************************************************************************
 295:Generated_Source\PSoC4/CapSense_Sensing.c **** * Function Name: CapSense_SetupWidget
 296:Generated_Source\PSoC4/CapSense_Sensing.c **** ****************************************************************************//**
 297:Generated_Source\PSoC4/CapSense_Sensing.c **** *
 298:Generated_Source\PSoC4/CapSense_Sensing.c **** * \brief
 299:Generated_Source\PSoC4/CapSense_Sensing.c **** *  Performs the initialization required to scan the specified widget.
 300:Generated_Source\PSoC4/CapSense_Sensing.c **** *
 301:Generated_Source\PSoC4/CapSense_Sensing.c **** * \details
 302:Generated_Source\PSoC4/CapSense_Sensing.c **** *  This function prepares the component to scan all sensors in the specified
 303:Generated_Source\PSoC4/CapSense_Sensing.c **** *  widget, by executing the following tasks.
 304:Generated_Source\PSoC4/CapSense_Sensing.c **** *    1. Re-initialize the hardware if it is not configured to perform the
 305:Generated_Source\PSoC4/CapSense_Sensing.c **** *       sensing method used by the specified widget, this happens only if the
 306:Generated_Source\PSoC4/CapSense_Sensing.c **** *       CSD and CSX methods are used in the component.
 307:Generated_Source\PSoC4/CapSense_Sensing.c **** *    2. Initialize the hardware with specific sensing configuration (e.g.
 308:Generated_Source\PSoC4/CapSense_Sensing.c **** *       sensor clock, scan resolution) used by the widget.
 309:Generated_Source\PSoC4/CapSense_Sensing.c **** *    3. Disconnect all previously connected electrodes, if the electrodes
 310:Generated_Source\PSoC4/CapSense_Sensing.c **** *       connected by the CapSense_CSDSetupWidgetExt(),
 311:Generated_Source\PSoC4/CapSense_Sensing.c **** *       CapSense_CSXSetupWidgetExt() or CapSense_CSDConnectSns()
 312:Generated_Source\PSoC4/CapSense_Sensing.c **** *       functions and not disconnected.
 313:Generated_Source\PSoC4/CapSense_Sensing.c **** *
 314:Generated_Source\PSoC4/CapSense_Sensing.c **** *  This function does not start sensor scanning, the CapSense_Scan()
 315:Generated_Source\PSoC4/CapSense_Sensing.c **** *  function must be called to start the scan sensors in the widget. If this
 316:Generated_Source\PSoC4/CapSense_Sensing.c **** *  function is called more than once, it does not break the component operation,
ARM GAS  C:\Users\Lenovo\AppData\Local\Temp\cc2HN0Qn.s 			page 7


 317:Generated_Source\PSoC4/CapSense_Sensing.c **** *  but only the last initialized widget is in effect.
 318:Generated_Source\PSoC4/CapSense_Sensing.c **** 
 319:Generated_Source\PSoC4/CapSense_Sensing.c **** *
 320:Generated_Source\PSoC4/CapSense_Sensing.c **** * \param widgetId
 321:Generated_Source\PSoC4/CapSense_Sensing.c **** *  Specify the ID number of the widget to be initialized for scanning.
 322:Generated_Source\PSoC4/CapSense_Sensing.c **** *  A macro for the widget ID can be found in the
 323:Generated_Source\PSoC4/CapSense_Sensing.c **** *  CapSense Configuration header file defined as
 324:Generated_Source\PSoC4/CapSense_Sensing.c **** *  CapSense_<WidgetName>_WDGT_ID
 325:Generated_Source\PSoC4/CapSense_Sensing.c **** *
 326:Generated_Source\PSoC4/CapSense_Sensing.c **** * \return
 327:Generated_Source\PSoC4/CapSense_Sensing.c **** *  Returns the status of the widget setting up operation:
 328:Generated_Source\PSoC4/CapSense_Sensing.c **** *    - CYRET_SUCCESS if the operation is successfully completed.
 329:Generated_Source\PSoC4/CapSense_Sensing.c **** *    - CYRET_BAD_PARAM if the widget is invalid or if the specified widget is
 330:Generated_Source\PSoC4/CapSense_Sensing.c **** *      disabled
 331:Generated_Source\PSoC4/CapSense_Sensing.c **** *    - CYRET_INVALID_STATE if the previous scanning is not completed and the
 332:Generated_Source\PSoC4/CapSense_Sensing.c **** *      hardware block is busy.
 333:Generated_Source\PSoC4/CapSense_Sensing.c **** *    - CYRET_UNKNOWN if an unknown sensing method is used by the widget or
 334:Generated_Source\PSoC4/CapSense_Sensing.c **** *      other spurious errors.
 335:Generated_Source\PSoC4/CapSense_Sensing.c **** *
 336:Generated_Source\PSoC4/CapSense_Sensing.c **** **********************************************************************************/
 337:Generated_Source\PSoC4/CapSense_Sensing.c **** cystatus CapSense_SetupWidget(uint32 widgetId)
 338:Generated_Source\PSoC4/CapSense_Sensing.c **** {
 339:Generated_Source\PSoC4/CapSense_Sensing.c ****     cystatus widgetStatus;
 340:Generated_Source\PSoC4/CapSense_Sensing.c **** 
 341:Generated_Source\PSoC4/CapSense_Sensing.c ****     if (CapSense_WDGT_SW_STS_BUSY == (CapSense_dsRam.status & CapSense_WDGT_SW_STS_BUSY))
 342:Generated_Source\PSoC4/CapSense_Sensing.c ****     {
 343:Generated_Source\PSoC4/CapSense_Sensing.c ****         /* Previous widget is being scanned. Return error. */
 344:Generated_Source\PSoC4/CapSense_Sensing.c ****         widgetStatus = CYRET_INVALID_STATE;
 345:Generated_Source\PSoC4/CapSense_Sensing.c ****     }
 346:Generated_Source\PSoC4/CapSense_Sensing.c ****     /*
 347:Generated_Source\PSoC4/CapSense_Sensing.c ****      *  Check if widget id is valid, specified widget is enabled and widget did not
 348:Generated_Source\PSoC4/CapSense_Sensing.c ****      *  detect any fault conditions if BIST is enabled. If all conditions are met,
 349:Generated_Source\PSoC4/CapSense_Sensing.c ****      *  set widgetStatus as good, if not, set widgetStatus as bad.
 350:Generated_Source\PSoC4/CapSense_Sensing.c ****      */
 351:Generated_Source\PSoC4/CapSense_Sensing.c ****     else if ((CapSense_TOTAL_SLOTS > widgetId) &&
 352:Generated_Source\PSoC4/CapSense_Sensing.c ****         (0uL != CapSense_GET_WIDGET_EN_STATUS(widgetId)))
 353:Generated_Source\PSoC4/CapSense_Sensing.c **** 
 354:Generated_Source\PSoC4/CapSense_Sensing.c ****     {
 355:Generated_Source\PSoC4/CapSense_Sensing.c ****         widgetStatus = CYRET_SUCCESS;
 356:Generated_Source\PSoC4/CapSense_Sensing.c ****     }
 357:Generated_Source\PSoC4/CapSense_Sensing.c ****     else
 358:Generated_Source\PSoC4/CapSense_Sensing.c ****     {
 359:Generated_Source\PSoC4/CapSense_Sensing.c ****         widgetStatus = CYRET_BAD_PARAM;
 360:Generated_Source\PSoC4/CapSense_Sensing.c ****     }
 361:Generated_Source\PSoC4/CapSense_Sensing.c **** 
 362:Generated_Source\PSoC4/CapSense_Sensing.c ****     /*
 363:Generated_Source\PSoC4/CapSense_Sensing.c ****      * Check widgetStatus flag that is set earlier, if flag is good, then set up only
 364:Generated_Source\PSoC4/CapSense_Sensing.c ****      * widget
 365:Generated_Source\PSoC4/CapSense_Sensing.c ****      */
 366:Generated_Source\PSoC4/CapSense_Sensing.c ****     if (CYRET_SUCCESS == widgetStatus)
 367:Generated_Source\PSoC4/CapSense_Sensing.c ****     {
 368:Generated_Source\PSoC4/CapSense_Sensing.c ****         /*  Check if CSD2X is enabled   */
 369:Generated_Source\PSoC4/CapSense_Sensing.c ****         #if (CapSense_ENABLE == CapSense_CSD2X_EN)
 370:Generated_Source\PSoC4/CapSense_Sensing.c **** 
 371:Generated_Source\PSoC4/CapSense_Sensing.c ****             widgetStatus = CapSense_SetupWidget2x(widgetId);
 372:Generated_Source\PSoC4/CapSense_Sensing.c **** 
 373:Generated_Source\PSoC4/CapSense_Sensing.c ****         #elif (CapSense_ENABLE == CapSense_CSD_CSX_EN)
ARM GAS  C:\Users\Lenovo\AppData\Local\Temp\cc2HN0Qn.s 			page 8


 374:Generated_Source\PSoC4/CapSense_Sensing.c ****             /*  Check widget sensing method is CSX and call CSX APIs    */
 375:Generated_Source\PSoC4/CapSense_Sensing.c ****             if (CapSense_SENSE_METHOD_CSX_E ==
 376:Generated_Source\PSoC4/CapSense_Sensing.c ****                 CapSense_GET_SENSE_METHOD(&CapSense_dsFlash.wdgtArray[widgetId]))
 377:Generated_Source\PSoC4/CapSense_Sensing.c ****             {
 378:Generated_Source\PSoC4/CapSense_Sensing.c ****                 /*  Set up widget for CSX scan  */
 379:Generated_Source\PSoC4/CapSense_Sensing.c ****                 CapSense_CSXSetupWidget(widgetId);
 380:Generated_Source\PSoC4/CapSense_Sensing.c ****             }
 381:Generated_Source\PSoC4/CapSense_Sensing.c ****             /*  Check widget sensing method is CSD and call appropriate API */
 382:Generated_Source\PSoC4/CapSense_Sensing.c ****             else if (CapSense_SENSE_METHOD_CSD_E ==
 383:Generated_Source\PSoC4/CapSense_Sensing.c ****                      CapSense_GET_SENSE_METHOD(&CapSense_dsFlash.wdgtArray[widgetId]))
 384:Generated_Source\PSoC4/CapSense_Sensing.c ****             {
 385:Generated_Source\PSoC4/CapSense_Sensing.c ****                 /*  Set up widget for CSD scan  */
 386:Generated_Source\PSoC4/CapSense_Sensing.c ****                 CapSense_CSDSetupWidget(widgetId);
 387:Generated_Source\PSoC4/CapSense_Sensing.c ****             }
 388:Generated_Source\PSoC4/CapSense_Sensing.c ****             else
 389:Generated_Source\PSoC4/CapSense_Sensing.c ****             {
 390:Generated_Source\PSoC4/CapSense_Sensing.c ****                 /*  Sensing method is invalid, return error to caller  */
 391:Generated_Source\PSoC4/CapSense_Sensing.c ****                 widgetStatus = CYRET_UNKNOWN;
 392:Generated_Source\PSoC4/CapSense_Sensing.c ****             }
 393:Generated_Source\PSoC4/CapSense_Sensing.c ****         #elif (CapSense_ENABLE == CapSense_CSD_EN)
 394:Generated_Source\PSoC4/CapSense_Sensing.c ****             /*  Set up widget for scan */
 395:Generated_Source\PSoC4/CapSense_Sensing.c ****             CapSense_CSDSetupWidget(widgetId);
 396:Generated_Source\PSoC4/CapSense_Sensing.c ****         #elif (CapSense_ENABLE == CapSense_CSX_EN)
 397:Generated_Source\PSoC4/CapSense_Sensing.c ****             /*  Set up widgets for scan     */
 398:Generated_Source\PSoC4/CapSense_Sensing.c ****             CapSense_CSXSetupWidget(widgetId);
 399:Generated_Source\PSoC4/CapSense_Sensing.c ****         #else
 400:Generated_Source\PSoC4/CapSense_Sensing.c ****             widgetStatus = CYRET_UNKNOWN;
 401:Generated_Source\PSoC4/CapSense_Sensing.c ****             #error "No sensing method enabled, component cannot work in this mode"
 402:Generated_Source\PSoC4/CapSense_Sensing.c ****         #endif  /* (CapSense_ENABLE == CapSense_CSD2X_EN) */
 403:Generated_Source\PSoC4/CapSense_Sensing.c ****     }
 404:Generated_Source\PSoC4/CapSense_Sensing.c **** 
 405:Generated_Source\PSoC4/CapSense_Sensing.c ****     return (widgetStatus);
 406:Generated_Source\PSoC4/CapSense_Sensing.c **** }
 407:Generated_Source\PSoC4/CapSense_Sensing.c **** 
 408:Generated_Source\PSoC4/CapSense_Sensing.c **** 
 409:Generated_Source\PSoC4/CapSense_Sensing.c **** /*******************************************************************************
 410:Generated_Source\PSoC4/CapSense_Sensing.c **** * Function Name: CapSense_Scan
 411:Generated_Source\PSoC4/CapSense_Sensing.c **** ****************************************************************************//**
 412:Generated_Source\PSoC4/CapSense_Sensing.c **** *
 413:Generated_Source\PSoC4/CapSense_Sensing.c **** * \brief
 414:Generated_Source\PSoC4/CapSense_Sensing.c **** *  Initiates scan of all sensors in the widget which is initialized by
 415:Generated_Source\PSoC4/CapSense_Sensing.c **** *  CapSense_SetupWidget(), if the no scan is in progress.
 416:Generated_Source\PSoC4/CapSense_Sensing.c **** *
 417:Generated_Source\PSoC4/CapSense_Sensing.c **** * \details
 418:Generated_Source\PSoC4/CapSense_Sensing.c **** *  This function should be called only after the CapSense_SetupWidget()
 419:Generated_Source\PSoC4/CapSense_Sensing.c **** *  function is called to start the scanning of the sensors in the widget. The
 420:Generated_Source\PSoC4/CapSense_Sensing.c **** *  status of a sensor scan must be checked using the CapSense_IsBusy()
 421:Generated_Source\PSoC4/CapSense_Sensing.c **** *  API prior to starting a next scan or setting up another widget.
 422:Generated_Source\PSoC4/CapSense_Sensing.c **** *
 423:Generated_Source\PSoC4/CapSense_Sensing.c **** * \return
 424:Generated_Source\PSoC4/CapSense_Sensing.c **** *  Returns the status of the scan initiation operation:
 425:Generated_Source\PSoC4/CapSense_Sensing.c **** *    - CYRET_SUCCESS if scanning is successfully started.
 426:Generated_Source\PSoC4/CapSense_Sensing.c **** *    - CYRET_INVALID_STATE if the previous scanning is not completed and the
 427:Generated_Source\PSoC4/CapSense_Sensing.c **** *      hardware block is busy.
 428:Generated_Source\PSoC4/CapSense_Sensing.c **** *    - CYRET_UNKNOWN if an unknown sensing method is used by the widget.
 429:Generated_Source\PSoC4/CapSense_Sensing.c **** *
 430:Generated_Source\PSoC4/CapSense_Sensing.c **** ********************************************************************************/
ARM GAS  C:\Users\Lenovo\AppData\Local\Temp\cc2HN0Qn.s 			page 9


 431:Generated_Source\PSoC4/CapSense_Sensing.c **** cystatus CapSense_Scan(void)
 432:Generated_Source\PSoC4/CapSense_Sensing.c **** {
 433:Generated_Source\PSoC4/CapSense_Sensing.c ****     cystatus scanStatus = CYRET_SUCCESS;
 434:Generated_Source\PSoC4/CapSense_Sensing.c **** 
 435:Generated_Source\PSoC4/CapSense_Sensing.c ****     if (CapSense_WDGT_SW_STS_BUSY == (CapSense_dsRam.status & CapSense_WDGT_SW_STS_BUSY))
 436:Generated_Source\PSoC4/CapSense_Sensing.c ****     {
 437:Generated_Source\PSoC4/CapSense_Sensing.c ****         /* Previous widget is being scanned. Return error. */
 438:Generated_Source\PSoC4/CapSense_Sensing.c ****         scanStatus = CYRET_INVALID_STATE;
 439:Generated_Source\PSoC4/CapSense_Sensing.c ****     }
 440:Generated_Source\PSoC4/CapSense_Sensing.c ****     else
 441:Generated_Source\PSoC4/CapSense_Sensing.c ****     {
 442:Generated_Source\PSoC4/CapSense_Sensing.c ****         /*  If CSD2X is enabled, call CSD2X scan    */
 443:Generated_Source\PSoC4/CapSense_Sensing.c ****     #if (CapSense_ENABLE == CapSense_CSD2X_EN)
 444:Generated_Source\PSoC4/CapSense_Sensing.c ****         scanStatus = CapSense_Scan2x();
 445:Generated_Source\PSoC4/CapSense_Sensing.c **** 
 446:Generated_Source\PSoC4/CapSense_Sensing.c ****     /*  If both CSD and CSX are enabled, call scan API based on widget sensing method    */
 447:Generated_Source\PSoC4/CapSense_Sensing.c ****     #elif (CapSense_ENABLE == CapSense_CSD_CSX_EN)
 448:Generated_Source\PSoC4/CapSense_Sensing.c ****         /*  Check widget sensing method and call appropriate APIs   */
 449:Generated_Source\PSoC4/CapSense_Sensing.c ****         switch (CapSense_currentSenseMethod)
 450:Generated_Source\PSoC4/CapSense_Sensing.c ****         {
 451:Generated_Source\PSoC4/CapSense_Sensing.c ****             case CapSense_SENSE_METHOD_CSX_E:
 452:Generated_Source\PSoC4/CapSense_Sensing.c ****                 CapSense_CSXScan();
 453:Generated_Source\PSoC4/CapSense_Sensing.c ****                 break;
 454:Generated_Source\PSoC4/CapSense_Sensing.c **** 
 455:Generated_Source\PSoC4/CapSense_Sensing.c ****             case CapSense_SENSE_METHOD_CSD_E:
 456:Generated_Source\PSoC4/CapSense_Sensing.c ****                  CapSense_CSDScan();
 457:Generated_Source\PSoC4/CapSense_Sensing.c ****                 break;
 458:Generated_Source\PSoC4/CapSense_Sensing.c **** 
 459:Generated_Source\PSoC4/CapSense_Sensing.c ****             default:
 460:Generated_Source\PSoC4/CapSense_Sensing.c ****                 scanStatus = CYRET_UNKNOWN;
 461:Generated_Source\PSoC4/CapSense_Sensing.c ****                 break;
 462:Generated_Source\PSoC4/CapSense_Sensing.c ****         }
 463:Generated_Source\PSoC4/CapSense_Sensing.c **** 
 464:Generated_Source\PSoC4/CapSense_Sensing.c ****     /*  If only CSD is enabled, call CSD scan   */
 465:Generated_Source\PSoC4/CapSense_Sensing.c ****     #elif (CapSense_ENABLE == CapSense_CSD_EN)
 466:Generated_Source\PSoC4/CapSense_Sensing.c ****         CapSense_CSDScan();
 467:Generated_Source\PSoC4/CapSense_Sensing.c **** 
 468:Generated_Source\PSoC4/CapSense_Sensing.c ****     /*  If only CSX is enabled, call CSX scan   */
 469:Generated_Source\PSoC4/CapSense_Sensing.c ****     #elif (CapSense_ENABLE == CapSense_CSX_EN)
 470:Generated_Source\PSoC4/CapSense_Sensing.c ****         CapSense_CSXScan();
 471:Generated_Source\PSoC4/CapSense_Sensing.c **** 
 472:Generated_Source\PSoC4/CapSense_Sensing.c ****     #else
 473:Generated_Source\PSoC4/CapSense_Sensing.c ****         scanStatus = CYRET_UNKNOWN;
 474:Generated_Source\PSoC4/CapSense_Sensing.c ****         #error "No sensing method enabled, component cannot work in this mode"
 475:Generated_Source\PSoC4/CapSense_Sensing.c ****     #endif  /* (CapSense_ENABLE == CapSense_CSD2X_EN) */
 476:Generated_Source\PSoC4/CapSense_Sensing.c ****     }
 477:Generated_Source\PSoC4/CapSense_Sensing.c **** 
 478:Generated_Source\PSoC4/CapSense_Sensing.c ****     return (scanStatus);
 479:Generated_Source\PSoC4/CapSense_Sensing.c **** }
 480:Generated_Source\PSoC4/CapSense_Sensing.c **** 
 481:Generated_Source\PSoC4/CapSense_Sensing.c **** 
 482:Generated_Source\PSoC4/CapSense_Sensing.c **** /*******************************************************************************
 483:Generated_Source\PSoC4/CapSense_Sensing.c **** * Function Name: CapSense_ScanAllWidgets
 484:Generated_Source\PSoC4/CapSense_Sensing.c **** ****************************************************************************//**
 485:Generated_Source\PSoC4/CapSense_Sensing.c **** *
 486:Generated_Source\PSoC4/CapSense_Sensing.c **** * \brief
 487:Generated_Source\PSoC4/CapSense_Sensing.c **** *  Initializes the first enabled widget and scans of all the sensors in the
ARM GAS  C:\Users\Lenovo\AppData\Local\Temp\cc2HN0Qn.s 			page 10


 488:Generated_Source\PSoC4/CapSense_Sensing.c **** *  widget, then the same process is repeated for all widgets in the component.
 489:Generated_Source\PSoC4/CapSense_Sensing.c **** *  I.e. scan all the widgets in the component.
 490:Generated_Source\PSoC4/CapSense_Sensing.c **** *
 491:Generated_Source\PSoC4/CapSense_Sensing.c **** * \details
 492:Generated_Source\PSoC4/CapSense_Sensing.c **** *  This function initializes a widget and scans all the sensors in the widget,
 493:Generated_Source\PSoC4/CapSense_Sensing.c **** *  and then repeats the same for all the widgets in the component. The tasks of
 494:Generated_Source\PSoC4/CapSense_Sensing.c **** *  the CapSense_SetupWidget() and CapSense_Scan() functions are
 495:Generated_Source\PSoC4/CapSense_Sensing.c **** *  executed by these functions. The status of a sensor scan must be checked
 496:Generated_Source\PSoC4/CapSense_Sensing.c **** *  using the CapSense_IsBusy() API prior to starting a next scan
 497:Generated_Source\PSoC4/CapSense_Sensing.c **** *  or setting up another widget.
 498:Generated_Source\PSoC4/CapSense_Sensing.c **** *
 499:Generated_Source\PSoC4/CapSense_Sensing.c **** * \return
 500:Generated_Source\PSoC4/CapSense_Sensing.c **** *  Returns the status of operation:
 501:Generated_Source\PSoC4/CapSense_Sensing.c **** *    - CYRET_SUCCESS if scanning is successfully started.
 502:Generated_Source\PSoC4/CapSense_Sensing.c **** *    - CYRET_BAD_PARAM if all the widgets are disabled.
 503:Generated_Source\PSoC4/CapSense_Sensing.c **** *    - CYRET_INVALID_STATE if the previous scanning is not completed and the HW block is busy.
 504:Generated_Source\PSoC4/CapSense_Sensing.c **** *    - CYRET_UNKNOWN if there are unknown errors.
 505:Generated_Source\PSoC4/CapSense_Sensing.c **** *
 506:Generated_Source\PSoC4/CapSense_Sensing.c **** *******************************************************************************/
 507:Generated_Source\PSoC4/CapSense_Sensing.c **** cystatus CapSense_ScanAllWidgets(void)
 508:Generated_Source\PSoC4/CapSense_Sensing.c **** {
 509:Generated_Source\PSoC4/CapSense_Sensing.c ****     cystatus scanStatus = CYRET_UNKNOWN;
 510:Generated_Source\PSoC4/CapSense_Sensing.c **** 
 511:Generated_Source\PSoC4/CapSense_Sensing.c ****     uint32 wdgtIndex;
 512:Generated_Source\PSoC4/CapSense_Sensing.c **** 
 513:Generated_Source\PSoC4/CapSense_Sensing.c ****     if (CapSense_SW_STS_BUSY == (CapSense_dsRam.status & CapSense_SW_STS_BUSY))
 514:Generated_Source\PSoC4/CapSense_Sensing.c ****     {
 515:Generated_Source\PSoC4/CapSense_Sensing.c ****         /* Previous widget is being scanned. Return error. */
 516:Generated_Source\PSoC4/CapSense_Sensing.c ****         scanStatus = CYRET_INVALID_STATE;
 517:Generated_Source\PSoC4/CapSense_Sensing.c ****     }
 518:Generated_Source\PSoC4/CapSense_Sensing.c ****     else
 519:Generated_Source\PSoC4/CapSense_Sensing.c ****     {
 520:Generated_Source\PSoC4/CapSense_Sensing.c ****         /*
 521:Generated_Source\PSoC4/CapSense_Sensing.c ****          *  Set up widget first widget.
 522:Generated_Source\PSoC4/CapSense_Sensing.c ****          *  If widget returned error, set up next, continue same until widget does not return error
 523:Generated_Source\PSoC4/CapSense_Sensing.c ****          */
 524:Generated_Source\PSoC4/CapSense_Sensing.c ****         for (wdgtIndex = 0u;
 525:Generated_Source\PSoC4/CapSense_Sensing.c ****              wdgtIndex < CapSense_TOTAL_SLOTS;
 526:Generated_Source\PSoC4/CapSense_Sensing.c ****              wdgtIndex++)
 527:Generated_Source\PSoC4/CapSense_Sensing.c ****         {
 528:Generated_Source\PSoC4/CapSense_Sensing.c **** 
 529:Generated_Source\PSoC4/CapSense_Sensing.c ****             scanStatus = CapSense_SetupWidget(wdgtIndex);
 530:Generated_Source\PSoC4/CapSense_Sensing.c **** 
 531:Generated_Source\PSoC4/CapSense_Sensing.c ****             if (CYRET_SUCCESS == scanStatus)
 532:Generated_Source\PSoC4/CapSense_Sensing.c ****             {
 533:Generated_Source\PSoC4/CapSense_Sensing.c ****                 #if (0u != (CapSense_TOTAL_SLOTS - 1u))
 534:Generated_Source\PSoC4/CapSense_Sensing.c ****                     /* If there are more than one widget to be scanned, request callback to scan ne
 535:Generated_Source\PSoC4/CapSense_Sensing.c ****                     if ((CapSense_TOTAL_SLOTS - 1u) > wdgtIndex)
 536:Generated_Source\PSoC4/CapSense_Sensing.c ****                     {
 537:Generated_Source\PSoC4/CapSense_Sensing.c ****                          /* Request callback to scan next widget in ISR */
 538:Generated_Source\PSoC4/CapSense_Sensing.c ****                         CapSense_requestScanAllWidget = CapSense_ENABLE;
 539:Generated_Source\PSoC4/CapSense_Sensing.c ****                     }
 540:Generated_Source\PSoC4/CapSense_Sensing.c ****                     else
 541:Generated_Source\PSoC4/CapSense_Sensing.c ****                     {
 542:Generated_Source\PSoC4/CapSense_Sensing.c ****                         /* Request to exit in ISR (Do not scan the next widgets) */
 543:Generated_Source\PSoC4/CapSense_Sensing.c ****                         CapSense_requestScanAllWidget = CapSense_DISABLE;
 544:Generated_Source\PSoC4/CapSense_Sensing.c ****                     }
ARM GAS  C:\Users\Lenovo\AppData\Local\Temp\cc2HN0Qn.s 			page 11


 545:Generated_Source\PSoC4/CapSense_Sensing.c ****                 #else
 546:Generated_Source\PSoC4/CapSense_Sensing.c ****                     {
 547:Generated_Source\PSoC4/CapSense_Sensing.c ****                         /* Request to exit in ISR (We have only one widget) */
 548:Generated_Source\PSoC4/CapSense_Sensing.c ****                         CapSense_requestScanAllWidget = CapSense_DISABLE;
 549:Generated_Source\PSoC4/CapSense_Sensing.c ****                     }
 550:Generated_Source\PSoC4/CapSense_Sensing.c ****                 #endif  /* (0u != (CapSense_TOTAL_SLOTS - 1u)) */
 551:Generated_Source\PSoC4/CapSense_Sensing.c **** 
 552:Generated_Source\PSoC4/CapSense_Sensing.c ****                 /*  Initiate scan and quit loop */
 553:Generated_Source\PSoC4/CapSense_Sensing.c ****                 scanStatus = CapSense_Scan();
 554:Generated_Source\PSoC4/CapSense_Sensing.c **** 
 555:Generated_Source\PSoC4/CapSense_Sensing.c ****                 break;
 556:Generated_Source\PSoC4/CapSense_Sensing.c ****             }
 557:Generated_Source\PSoC4/CapSense_Sensing.c ****         }
 558:Generated_Source\PSoC4/CapSense_Sensing.c ****     }
 559:Generated_Source\PSoC4/CapSense_Sensing.c **** 
 560:Generated_Source\PSoC4/CapSense_Sensing.c ****     return (scanStatus);
 561:Generated_Source\PSoC4/CapSense_Sensing.c **** }
 562:Generated_Source\PSoC4/CapSense_Sensing.c **** 
 563:Generated_Source\PSoC4/CapSense_Sensing.c **** 
 564:Generated_Source\PSoC4/CapSense_Sensing.c **** /*******************************************************************************
 565:Generated_Source\PSoC4/CapSense_Sensing.c **** * Function Name: CapSense_SsInitialize
 566:Generated_Source\PSoC4/CapSense_Sensing.c **** ****************************************************************************//**
 567:Generated_Source\PSoC4/CapSense_Sensing.c **** *
 568:Generated_Source\PSoC4/CapSense_Sensing.c **** * \brief
 569:Generated_Source\PSoC4/CapSense_Sensing.c **** *   Performs hardware and firmware initialization required for proper operation
 570:Generated_Source\PSoC4/CapSense_Sensing.c **** *   of the CapSense component. This function is called from
 571:Generated_Source\PSoC4/CapSense_Sensing.c **** *   the CapSense_Start() API prior to calling any other APIs of the component.
 572:Generated_Source\PSoC4/CapSense_Sensing.c **** *
 573:Generated_Source\PSoC4/CapSense_Sensing.c **** * \details
 574:Generated_Source\PSoC4/CapSense_Sensing.c **** *   Performs hardware and firmware initialization required for proper operation
 575:Generated_Source\PSoC4/CapSense_Sensing.c **** *   of the CapSense component. This function is called from
 576:Generated_Source\PSoC4/CapSense_Sensing.c **** *   the CapSense_Start() API prior to calling any other APIs of the component.
 577:Generated_Source\PSoC4/CapSense_Sensing.c **** *   1. The function initializes immunity offsets when the frequency hopping is
 578:Generated_Source\PSoC4/CapSense_Sensing.c **** *      enabled.
 579:Generated_Source\PSoC4/CapSense_Sensing.c **** *   2. Depending on the configuration, the function initializes the CSD block
 580:Generated_Source\PSoC4/CapSense_Sensing.c **** *      for the CSD2X, CSD, CSX, or CSD+CSX modes.
 581:Generated_Source\PSoC4/CapSense_Sensing.c **** *   3. The function updates the dsRam.wdgtWorking variable with 1 when Self Test
 582:Generated_Source\PSoC4/CapSense_Sensing.c **** *      is enabled.
 583:Generated_Source\PSoC4/CapSense_Sensing.c **** *
 584:Generated_Source\PSoC4/CapSense_Sensing.c **** *   Calling the CapSense_Start API is the recommended method to initialize
 585:Generated_Source\PSoC4/CapSense_Sensing.c **** *   the CapSense component at power-up. The CapSense_SsInitialize()
 586:Generated_Source\PSoC4/CapSense_Sensing.c **** *   API should not be used for initialization, resume, or wake-up operations.
 587:Generated_Source\PSoC4/CapSense_Sensing.c **** *   The dsRam.wdgtWorking variable is updated.
 588:Generated_Source\PSoC4/CapSense_Sensing.c **** *
 589:Generated_Source\PSoC4/CapSense_Sensing.c **** * \return status
 590:Generated_Source\PSoC4/CapSense_Sensing.c **** *   Returns status of operation:
 591:Generated_Source\PSoC4/CapSense_Sensing.c **** *   - Zero        - Indicates successful initialization.
 592:Generated_Source\PSoC4/CapSense_Sensing.c **** *   - Non-zero    - One or more errors occurred in the initialization process.
 593:Generated_Source\PSoC4/CapSense_Sensing.c **** *
 594:Generated_Source\PSoC4/CapSense_Sensing.c **** *******************************************************************************/
 595:Generated_Source\PSoC4/CapSense_Sensing.c **** cystatus CapSense_SsInitialize(void)
 596:Generated_Source\PSoC4/CapSense_Sensing.c **** {
 597:Generated_Source\PSoC4/CapSense_Sensing.c ****     cystatus initStatus = CYRET_SUCCESS;
 598:Generated_Source\PSoC4/CapSense_Sensing.c **** 
 599:Generated_Source\PSoC4/CapSense_Sensing.c ****     #if (CapSense_ENABLE == CapSense_MULTI_FREQ_SCAN_EN)
 600:Generated_Source\PSoC4/CapSense_Sensing.c ****         CapSense_immunity[CapSense_FREQ_CHANNEL_0] = (uint8)CY_GET_REG32(CY_SYS_CLK_IMO_TRIM1_PTR);
 601:Generated_Source\PSoC4/CapSense_Sensing.c ****         if (CapSense_COARSE_TRIM_THRESHOLD_1 > CapSense_immunity[CapSense_FREQ_CHANNEL_0])
ARM GAS  C:\Users\Lenovo\AppData\Local\Temp\cc2HN0Qn.s 			page 12


 602:Generated_Source\PSoC4/CapSense_Sensing.c ****         {
 603:Generated_Source\PSoC4/CapSense_Sensing.c ****             CapSense_immunity[CapSense_FREQ_CHANNEL_1] =
 604:Generated_Source\PSoC4/CapSense_Sensing.c ****             CapSense_immunity[CapSense_FREQ_CHANNEL_0] + CapSense_FREQUENCY_OFFSET_5;
 605:Generated_Source\PSoC4/CapSense_Sensing.c ****             CapSense_immunity[CapSense_FREQ_CHANNEL_2] =
 606:Generated_Source\PSoC4/CapSense_Sensing.c ****             CapSense_immunity[CapSense_FREQ_CHANNEL_0] + CapSense_FREQUENCY_OFFSET_10;
 607:Generated_Source\PSoC4/CapSense_Sensing.c ****         }
 608:Generated_Source\PSoC4/CapSense_Sensing.c ****         else if (CapSense_COARSE_TRIM_THRESHOLD_2 > CapSense_immunity[CapSense_FREQ_CHANNEL_0])
 609:Generated_Source\PSoC4/CapSense_Sensing.c ****         {
 610:Generated_Source\PSoC4/CapSense_Sensing.c ****             CapSense_immunity[CapSense_FREQ_CHANNEL_1] =
 611:Generated_Source\PSoC4/CapSense_Sensing.c ****             CapSense_immunity[CapSense_FREQ_CHANNEL_0] - CapSense_FREQUENCY_OFFSET_5;
 612:Generated_Source\PSoC4/CapSense_Sensing.c ****             CapSense_immunity[CapSense_FREQ_CHANNEL_2] =
 613:Generated_Source\PSoC4/CapSense_Sensing.c ****             CapSense_immunity[CapSense_FREQ_CHANNEL_0] + CapSense_FREQUENCY_OFFSET_5;
 614:Generated_Source\PSoC4/CapSense_Sensing.c ****         }
 615:Generated_Source\PSoC4/CapSense_Sensing.c ****         else
 616:Generated_Source\PSoC4/CapSense_Sensing.c ****         {
 617:Generated_Source\PSoC4/CapSense_Sensing.c ****             CapSense_immunity[CapSense_FREQ_CHANNEL_1] =
 618:Generated_Source\PSoC4/CapSense_Sensing.c ****             CapSense_immunity[CapSense_FREQ_CHANNEL_0] - CapSense_FREQUENCY_OFFSET_5;
 619:Generated_Source\PSoC4/CapSense_Sensing.c ****             CapSense_immunity[CapSense_FREQ_CHANNEL_2] =
 620:Generated_Source\PSoC4/CapSense_Sensing.c ****             CapSense_immunity[CapSense_FREQ_CHANNEL_0] - CapSense_FREQUENCY_OFFSET_10;
 621:Generated_Source\PSoC4/CapSense_Sensing.c ****         }
 622:Generated_Source\PSoC4/CapSense_Sensing.c ****     #endif /* (CapSense_ENABLE == CapSense_MULTI_FREQ_SCAN_EN) */
 623:Generated_Source\PSoC4/CapSense_Sensing.c **** 
 624:Generated_Source\PSoC4/CapSense_Sensing.c ****     #if (CapSense_DISABLE == CapSense_CSDV2)
 625:Generated_Source\PSoC4/CapSense_Sensing.c ****         CapSense_SsTrimIdacs();
 626:Generated_Source\PSoC4/CapSense_Sensing.c ****     #endif /* (CapSense_ENABLE == CapSense_CSDV2) */
 627:Generated_Source\PSoC4/CapSense_Sensing.c **** 
 628:Generated_Source\PSoC4/CapSense_Sensing.c ****     #if((CapSense_ENABLE == CapSense_CSD_EN) ||\
 629:Generated_Source\PSoC4/CapSense_Sensing.c ****     ((CapSense_ENABLE == CapSense_CSX_EN) && (CapSense_ENABLE == CapSense_CSDV2)))
 630:Generated_Source\PSoC4/CapSense_Sensing.c ****         CapSense_SsInitializeSourceSenseClk();
 631:Generated_Source\PSoC4/CapSense_Sensing.c ****     #endif /* ((CapSense_ENABLE == CapSense_CSD_EN) ||\
 632:Generated_Source\PSoC4/CapSense_Sensing.c ****               ((CapSense_ENABLE == CapSense_CSX_EN) && (CapSense_ENABLE == CapSense_CSDV2))) */
 633:Generated_Source\PSoC4/CapSense_Sensing.c **** 
 634:Generated_Source\PSoC4/CapSense_Sensing.c ****     /* Set all IO states to default state  */
 635:Generated_Source\PSoC4/CapSense_Sensing.c ****     CapSense_SsSetIOsInDefaultState();
 636:Generated_Source\PSoC4/CapSense_Sensing.c **** 
 637:Generated_Source\PSoC4/CapSense_Sensing.c ****     /*
 638:Generated_Source\PSoC4/CapSense_Sensing.c ****      *  Check if CSD2X is enabled, if yes, initialize CapSense component
 639:Generated_Source\PSoC4/CapSense_Sensing.c ****      *  for CSD2x operation
 640:Generated_Source\PSoC4/CapSense_Sensing.c ****      */
 641:Generated_Source\PSoC4/CapSense_Sensing.c ****     #if (CapSense_ENABLE == CapSense_CSD2X_EN)
 642:Generated_Source\PSoC4/CapSense_Sensing.c ****         /*
 643:Generated_Source\PSoC4/CapSense_Sensing.c ****          *  Check if CSX or CSD enable along with CSD2X, if yes, provide the error
 644:Generated_Source\PSoC4/CapSense_Sensing.c ****          *  message as CSD2X can not coexist with CSD or CSX
 645:Generated_Source\PSoC4/CapSense_Sensing.c ****          */
 646:Generated_Source\PSoC4/CapSense_Sensing.c ****         #if (CapSense_ENABLE == CapSense_CSX_EN)
 647:Generated_Source\PSoC4/CapSense_Sensing.c ****             #error "CSD2X and CSX can not be enabled together"
 648:Generated_Source\PSoC4/CapSense_Sensing.c ****             initStatus = CYRET_UNKNOWN;
 649:Generated_Source\PSoC4/CapSense_Sensing.c ****         #elif (CapSense_ENABLE == CapSense_CSD_EN)
 650:Generated_Source\PSoC4/CapSense_Sensing.c ****             #error "CSD2X and CSD can not be enabled together"
 651:Generated_Source\PSoC4/CapSense_Sensing.c ****             initStatus = CYRET_UNKNOWN;
 652:Generated_Source\PSoC4/CapSense_Sensing.c ****         #endif /* (CapSense_CSX_EN == CapSense_ENABLE) */
 653:Generated_Source\PSoC4/CapSense_Sensing.c **** 
 654:Generated_Source\PSoC4/CapSense_Sensing.c ****         /* Initialize both CSD blocks for CSD2X scanning    */
 655:Generated_Source\PSoC4/CapSense_Sensing.c ****         CapSense_CSD2XInitialize();
 656:Generated_Source\PSoC4/CapSense_Sensing.c **** 
 657:Generated_Source\PSoC4/CapSense_Sensing.c ****     #elif ((CapSense_ENABLE == CapSense_CSD_CSX_EN) || \
 658:Generated_Source\PSoC4/CapSense_Sensing.c ****             (CapSense_ENABLE == CapSense_SELF_TEST_EN) || \
ARM GAS  C:\Users\Lenovo\AppData\Local\Temp\cc2HN0Qn.s 			page 13


 659:Generated_Source\PSoC4/CapSense_Sensing.c ****             (CapSense_ENABLE == CapSense_ADC_EN))
 660:Generated_Source\PSoC4/CapSense_Sensing.c **** 
 661:Generated_Source\PSoC4/CapSense_Sensing.c ****         /*
 662:Generated_Source\PSoC4/CapSense_Sensing.c ****          * CSD hardware block is initialized in the Setup Widget based
 663:Generated_Source\PSoC4/CapSense_Sensing.c ****          * on widget sensing method. Release previously captured HW resources
 664:Generated_Source\PSoC4/CapSense_Sensing.c ****          * if it is second call of CapSense_Start() function.
 665:Generated_Source\PSoC4/CapSense_Sensing.c ****          */
 666:Generated_Source\PSoC4/CapSense_Sensing.c ****         CapSense_SsSwitchSensingMode(CapSense_UNDEFINED_E);
 667:Generated_Source\PSoC4/CapSense_Sensing.c ****     #elif (CapSense_ENABLE == CapSense_CSD_EN)
 668:Generated_Source\PSoC4/CapSense_Sensing.c ****         /*  Initialize CSD block for CSD scanning   */
 669:Generated_Source\PSoC4/CapSense_Sensing.c ****         CapSense_SsCSDInitialize();
 670:Generated_Source\PSoC4/CapSense_Sensing.c **** 
 671:Generated_Source\PSoC4/CapSense_Sensing.c ****     #elif (CapSense_ENABLE == CapSense_CSX_EN)
 672:Generated_Source\PSoC4/CapSense_Sensing.c ****         /*  Initialize CSD block for CSX scanning   */
 673:Generated_Source\PSoC4/CapSense_Sensing.c ****         CapSense_CSXInitialize();
 674:Generated_Source\PSoC4/CapSense_Sensing.c **** 
 675:Generated_Source\PSoC4/CapSense_Sensing.c ****     #else
 676:Generated_Source\PSoC4/CapSense_Sensing.c ****         #error "No sensing method enabled, component cannot work in this mode"
 677:Generated_Source\PSoC4/CapSense_Sensing.c ****         initStatus = CYRET_UNKNOWN;
 678:Generated_Source\PSoC4/CapSense_Sensing.c ****     #endif  /* (CapSense_ENABLE == CapSense_CSD2X_EN) */
 679:Generated_Source\PSoC4/CapSense_Sensing.c **** 
 680:Generated_Source\PSoC4/CapSense_Sensing.c ****     return (initStatus);
 681:Generated_Source\PSoC4/CapSense_Sensing.c **** }
 682:Generated_Source\PSoC4/CapSense_Sensing.c **** 
 683:Generated_Source\PSoC4/CapSense_Sensing.c **** 
 684:Generated_Source\PSoC4/CapSense_Sensing.c **** /*******************************************************************************
 685:Generated_Source\PSoC4/CapSense_Sensing.c **** * Function Name: CapSense_SetPinState
 686:Generated_Source\PSoC4/CapSense_Sensing.c **** ****************************************************************************//**
 687:Generated_Source\PSoC4/CapSense_Sensing.c **** *
 688:Generated_Source\PSoC4/CapSense_Sensing.c **** * \brief
 689:Generated_Source\PSoC4/CapSense_Sensing.c **** *  Sets the state (drive mode and output state) of port pin used by a sensor.
 690:Generated_Source\PSoC4/CapSense_Sensing.c **** *  The possible states are GND, Shield, High-Z, Tx or Rx, sensor. If the sensor
 691:Generated_Source\PSoC4/CapSense_Sensing.c **** *  specified in the input parameter is a ganged sensor, then state of all pins
 692:Generated_Source\PSoC4/CapSense_Sensing.c **** *  associated with ganged sensor is updated.
 693:Generated_Source\PSoC4/CapSense_Sensing.c **** *
 694:Generated_Source\PSoC4/CapSense_Sensing.c **** * \details
 695:Generated_Source\PSoC4/CapSense_Sensing.c **** *  This function sets a specified state to the specified sensor element. For
 696:Generated_Source\PSoC4/CapSense_Sensing.c **** *  CSD widgets sensor element is a sensor number, for CSX widgets it is either
 697:Generated_Source\PSoC4/CapSense_Sensing.c **** *  RX or TX. If the sensor element is a ganged sensor, then the specified state
 698:Generated_Source\PSoC4/CapSense_Sensing.c **** *  is also set for all ganged pins of this sensor. Scanning should be completed
 699:Generated_Source\PSoC4/CapSense_Sensing.c **** *  before calling this API.
 700:Generated_Source\PSoC4/CapSense_Sensing.c **** *
 701:Generated_Source\PSoC4/CapSense_Sensing.c **** *  The CapSense_SHIELD and CapSense_SENSOR states are not
 702:Generated_Source\PSoC4/CapSense_Sensing.c **** *  allowed if there is no CSD widget configured in the user’s project.
 703:Generated_Source\PSoC4/CapSense_Sensing.c **** *  The CapSense_TX_PIN and CapSense_RX_PIN states are not
 704:Generated_Source\PSoC4/CapSense_Sensing.c **** *  allowed if there is no CSX widget configured in the user’s project.
 705:Generated_Source\PSoC4/CapSense_Sensing.c **** *
 706:Generated_Source\PSoC4/CapSense_Sensing.c **** *  It is not recommended to call this function directly from the application
 707:Generated_Source\PSoC4/CapSense_Sensing.c **** *  layer. This function should be used to implement only the user’s specific
 708:Generated_Source\PSoC4/CapSense_Sensing.c **** *  use cases. Functions that perform a setup and scan of the sensor/widget
 709:Generated_Source\PSoC4/CapSense_Sensing.c **** *  automatically set needed pin states. They do not take into account changes
 710:Generated_Source\PSoC4/CapSense_Sensing.c **** *  in the design made by the CapSense_SetPinState() function.
 711:Generated_Source\PSoC4/CapSense_Sensing.c **** *  This function neither check wdgtIndex nor sensorElement for correctness.
 712:Generated_Source\PSoC4/CapSense_Sensing.c **** *
 713:Generated_Source\PSoC4/CapSense_Sensing.c **** *  \param widgetId
 714:Generated_Source\PSoC4/CapSense_Sensing.c **** *  Specify the ID number of the widget to change the pin state of the specified
 715:Generated_Source\PSoC4/CapSense_Sensing.c **** *  sensor.
ARM GAS  C:\Users\Lenovo\AppData\Local\Temp\cc2HN0Qn.s 			page 14


 716:Generated_Source\PSoC4/CapSense_Sensing.c **** *  A macro for the widget ID can be found in the CapSense Configuration
 717:Generated_Source\PSoC4/CapSense_Sensing.c **** *  header file defined as CapSense_<WidgetName>_WDGT_ID.
 718:Generated_Source\PSoC4/CapSense_Sensing.c **** *
 719:Generated_Source\PSoC4/CapSense_Sensing.c **** *  \param sensorElement
 720:Generated_Source\PSoC4/CapSense_Sensing.c **** *  Specify the ID number of the sensor element within the widget to change
 721:Generated_Source\PSoC4/CapSense_Sensing.c **** *  its pin state.
 722:Generated_Source\PSoC4/CapSense_Sensing.c **** *  For CSD widgets sensorElement is a sensor ID and can be found in the
 723:Generated_Source\PSoC4/CapSense_Sensing.c **** *  CapSense Configuration header file defined as
 724:Generated_Source\PSoC4/CapSense_Sensing.c **** *  - CapSense_<WidgetName>_SNS<SensorNumber>_ID
 725:Generated_Source\PSoC4/CapSense_Sensing.c **** *  For CSX widgets sensorElement is defined either as Rx ID or Tx ID.
 726:Generated_Source\PSoC4/CapSense_Sensing.c **** *  The first Rx in a widget corresponds to sensorElement = 0, the second
 727:Generated_Source\PSoC4/CapSense_Sensing.c **** *  second Rx in a widget corresponds to sensorElement = 1 and so on.
 728:Generated_Source\PSoC4/CapSense_Sensing.c **** *  The last Tx in a widget corresponds to sensorElement = (RxNum + TxNum).
 729:Generated_Source\PSoC4/CapSense_Sensing.c **** *  Macros for Rx and Tx IDs can be found in the
 730:Generated_Source\PSoC4/CapSense_Sensing.c **** *  CapSense Configuration header file defined as:
 731:Generated_Source\PSoC4/CapSense_Sensing.c **** *  - CapSense_<WidgetName>_RX<RXNumber>_ID
 732:Generated_Source\PSoC4/CapSense_Sensing.c **** *  - CapSense_<WidgetName>_TX<TXNumber>_ID
 733:Generated_Source\PSoC4/CapSense_Sensing.c **** *
 734:Generated_Source\PSoC4/CapSense_Sensing.c **** *  \param state
 735:Generated_Source\PSoC4/CapSense_Sensing.c **** *   Specify the state of the sensor that needs to be set:
 736:Generated_Source\PSoC4/CapSense_Sensing.c **** *     1. CapSense_GROUND - The pin is connected to ground.
 737:Generated_Source\PSoC4/CapSense_Sensing.c **** *     2. CapSense_HIGHZ - The drive mode of the pin is set to High-Z
 738:Generated_Source\PSoC4/CapSense_Sensing.c **** *        Analog.
 739:Generated_Source\PSoC4/CapSense_Sensing.c **** *     3. CapSense_SHIELD - The shield signal is routed to the pin (only
 740:Generated_Source\PSoC4/CapSense_Sensing.c **** *        in CSD sensing method when shield electrode is enabled).
 741:Generated_Source\PSoC4/CapSense_Sensing.c **** *     4. CapSense_SENSOR – The pin is connected to the scanning bus
 742:Generated_Source\PSoC4/CapSense_Sensing.c **** *        (only in CSD sensing method).
 743:Generated_Source\PSoC4/CapSense_Sensing.c **** *     5. CapSense_TX_PIN – The TX signal is routed to the sensor
 744:Generated_Source\PSoC4/CapSense_Sensing.c **** *        (only in CSX sensing method).
 745:Generated_Source\PSoC4/CapSense_Sensing.c **** *     6. CapSense_RX_PIN – The pin is connected to the scanning bus
 746:Generated_Source\PSoC4/CapSense_Sensing.c **** *        (only in CSX sensing method).
 747:Generated_Source\PSoC4/CapSense_Sensing.c **** *
 748:Generated_Source\PSoC4/CapSense_Sensing.c **** *******************************************************************************/
 749:Generated_Source\PSoC4/CapSense_Sensing.c **** void CapSense_SetPinState(uint32 widgetId, uint32 sensorElement, uint32 state)
 750:Generated_Source\PSoC4/CapSense_Sensing.c **** {
 751:Generated_Source\PSoC4/CapSense_Sensing.c ****     uint32 eltdNum;
 752:Generated_Source\PSoC4/CapSense_Sensing.c ****     uint32 eltdIndex;
 753:Generated_Source\PSoC4/CapSense_Sensing.c ****     uint8  interruptState;
 754:Generated_Source\PSoC4/CapSense_Sensing.c ****     CapSense_FLASH_IO_STRUCT const *ioPtr;
 755:Generated_Source\PSoC4/CapSense_Sensing.c ****     #if (CapSense_ENABLE == CapSense_GANGED_SNS_EN)
 756:Generated_Source\PSoC4/CapSense_Sensing.c ****         CapSense_FLASH_SNS_STRUCT const *curFlashSnsPtr;
 757:Generated_Source\PSoC4/CapSense_Sensing.c ****     #endif
 758:Generated_Source\PSoC4/CapSense_Sensing.c **** 
 759:Generated_Source\PSoC4/CapSense_Sensing.c ****     /* Getting sensor element pointer and number of electrodes */
 760:Generated_Source\PSoC4/CapSense_Sensing.c ****     #if (CapSense_ENABLE == CapSense_GANGED_SNS_EN)
 761:Generated_Source\PSoC4/CapSense_Sensing.c ****         /* Check the ganged sns flag */
 762:Generated_Source\PSoC4/CapSense_Sensing.c ****         if (CapSense_GANGED_SNS_MASK == (CapSense_dsFlash.wdgtArray[widgetId].staticConfig & CapSen
 763:Generated_Source\PSoC4/CapSense_Sensing.c ****         {
 764:Generated_Source\PSoC4/CapSense_Sensing.c ****             curFlashSnsPtr = CapSense_dsFlash.wdgtArray[widgetId].ptr2SnsFlash;
 765:Generated_Source\PSoC4/CapSense_Sensing.c ****             curFlashSnsPtr += sensorElement;
 766:Generated_Source\PSoC4/CapSense_Sensing.c ****             ioPtr = &CapSense_ioList[curFlashSnsPtr->firstPinId];
 767:Generated_Source\PSoC4/CapSense_Sensing.c ****             eltdNum = curFlashSnsPtr->numPins;
 768:Generated_Source\PSoC4/CapSense_Sensing.c ****         }
 769:Generated_Source\PSoC4/CapSense_Sensing.c ****         else
 770:Generated_Source\PSoC4/CapSense_Sensing.c ****         {
 771:Generated_Source\PSoC4/CapSense_Sensing.c ****             ioPtr = (CapSense_FLASH_IO_STRUCT const *)CapSense_dsFlash.wdgtArray[widgetId].ptr2SnsF
 772:Generated_Source\PSoC4/CapSense_Sensing.c ****             eltdNum = 1u;
ARM GAS  C:\Users\Lenovo\AppData\Local\Temp\cc2HN0Qn.s 			page 15


 773:Generated_Source\PSoC4/CapSense_Sensing.c ****         }
 774:Generated_Source\PSoC4/CapSense_Sensing.c ****     #else
 775:Generated_Source\PSoC4/CapSense_Sensing.c ****         ioPtr = (CapSense_FLASH_IO_STRUCT const *)CapSense_dsFlash.wdgtArray[widgetId].ptr2SnsFlash
 776:Generated_Source\PSoC4/CapSense_Sensing.c ****         eltdNum = 1u;
 777:Generated_Source\PSoC4/CapSense_Sensing.c ****     #endif
 778:Generated_Source\PSoC4/CapSense_Sensing.c **** 
 779:Generated_Source\PSoC4/CapSense_Sensing.c ****     /* Loop through all electrodes of the specified sensor element */
 780:Generated_Source\PSoC4/CapSense_Sensing.c ****     for (eltdIndex = 0u; eltdIndex < eltdNum; eltdIndex++)
 781:Generated_Source\PSoC4/CapSense_Sensing.c ****     {
 782:Generated_Source\PSoC4/CapSense_Sensing.c ****         /* Reset HSIOM and PC registers */
 783:Generated_Source\PSoC4/CapSense_Sensing.c ****         interruptState = CyEnterCriticalSection();
 784:Generated_Source\PSoC4/CapSense_Sensing.c ****         CY_SET_REG32(ioPtr->hsiomPtr, CY_GET_REG32(ioPtr->hsiomPtr) & ~(CapSense_HSIOM_SEL_MASK << 
 785:Generated_Source\PSoC4/CapSense_Sensing.c ****         CY_SET_REG32(ioPtr->pcPtr, CY_GET_REG32(ioPtr->pcPtr) & ~(CapSense_GPIO_PC_MASK << ioPtr->s
 786:Generated_Source\PSoC4/CapSense_Sensing.c ****         CyExitCriticalSection(interruptState);
 787:Generated_Source\PSoC4/CapSense_Sensing.c **** 
 788:Generated_Source\PSoC4/CapSense_Sensing.c ****         switch (state)
 789:Generated_Source\PSoC4/CapSense_Sensing.c ****         {
 790:Generated_Source\PSoC4/CapSense_Sensing.c ****         case CapSense_GROUND:
 791:Generated_Source\PSoC4/CapSense_Sensing.c **** 
 792:Generated_Source\PSoC4/CapSense_Sensing.c ****             interruptState = CyEnterCriticalSection();
 793:Generated_Source\PSoC4/CapSense_Sensing.c ****             CY_SET_REG32(ioPtr->pcPtr, CY_GET_REG32(ioPtr->pcPtr) | (CapSense_SNS_GROUND_CONNECT <<
 794:Generated_Source\PSoC4/CapSense_Sensing.c ****             CY_SET_REG32(ioPtr->drPtr, CY_GET_REG32(ioPtr->drPtr) & (uint32)(~(uint32)((uint32)1u <
 795:Generated_Source\PSoC4/CapSense_Sensing.c ****             CyExitCriticalSection(interruptState);
 796:Generated_Source\PSoC4/CapSense_Sensing.c ****             break;
 797:Generated_Source\PSoC4/CapSense_Sensing.c **** 
 798:Generated_Source\PSoC4/CapSense_Sensing.c ****         case CapSense_HIGHZ:
 799:Generated_Source\PSoC4/CapSense_Sensing.c ****             interruptState = CyEnterCriticalSection();
 800:Generated_Source\PSoC4/CapSense_Sensing.c ****             CY_SET_REG32(ioPtr->drPtr, CY_GET_REG32(ioPtr->drPtr) & (uint32)~(uint32)((uint32)1u <<
 801:Generated_Source\PSoC4/CapSense_Sensing.c ****             CyExitCriticalSection(interruptState);
 802:Generated_Source\PSoC4/CapSense_Sensing.c ****             break;
 803:Generated_Source\PSoC4/CapSense_Sensing.c **** 
 804:Generated_Source\PSoC4/CapSense_Sensing.c ****         #if (CapSense_ENABLE == CapSense_CSD_EN)
 805:Generated_Source\PSoC4/CapSense_Sensing.c ****             case CapSense_SENSOR:
 806:Generated_Source\PSoC4/CapSense_Sensing.c ****                 /* Enable sensor */
 807:Generated_Source\PSoC4/CapSense_Sensing.c ****                 CapSense_CSDConnectSns(ioPtr);
 808:Generated_Source\PSoC4/CapSense_Sensing.c ****                 break;
 809:Generated_Source\PSoC4/CapSense_Sensing.c **** 
 810:Generated_Source\PSoC4/CapSense_Sensing.c ****             #if (CapSense_ENABLE == CapSense_CSD_SHIELD_EN)
 811:Generated_Source\PSoC4/CapSense_Sensing.c ****                 case CapSense_SHIELD:
 812:Generated_Source\PSoC4/CapSense_Sensing.c ****                     /* Set appropriate bit in HSIOM register to configure pin to shield mode */
 813:Generated_Source\PSoC4/CapSense_Sensing.c ****                     interruptState = CyEnterCriticalSection();
 814:Generated_Source\PSoC4/CapSense_Sensing.c ****                     CY_SET_REG32(ioPtr->hsiomPtr, CY_GET_REG32(ioPtr->hsiomPtr) | (CapSense_HSIOM_S
 815:Generated_Source\PSoC4/CapSense_Sensing.c ****                     CyExitCriticalSection(interruptState);
 816:Generated_Source\PSoC4/CapSense_Sensing.c ****                     break;
 817:Generated_Source\PSoC4/CapSense_Sensing.c ****             #endif  /* (CapSense_ENABLE == CapSense_CSD_SHIELD_EN) */
 818:Generated_Source\PSoC4/CapSense_Sensing.c ****         #endif /* (CapSense_ENABLE == CapSense_CSD_EN) */
 819:Generated_Source\PSoC4/CapSense_Sensing.c **** 
 820:Generated_Source\PSoC4/CapSense_Sensing.c ****         #if (CapSense_ENABLE == CapSense_CSX_EN)
 821:Generated_Source\PSoC4/CapSense_Sensing.c ****             case CapSense_TX_PIN:
 822:Generated_Source\PSoC4/CapSense_Sensing.c ****                 interruptState = CyEnterCriticalSection();
 823:Generated_Source\PSoC4/CapSense_Sensing.c ****                 CY_SET_REG32(ioPtr->hsiomPtr, CY_GET_REG32(ioPtr->hsiomPtr) | (CapSense_HSIOM_SEL_C
 824:Generated_Source\PSoC4/CapSense_Sensing.c ****                 CY_SET_REG32(ioPtr->pcPtr, CY_GET_REG32(ioPtr->pcPtr) | (CapSense_GPIO_STRGDRV << i
 825:Generated_Source\PSoC4/CapSense_Sensing.c ****                 CyExitCriticalSection(interruptState);
 826:Generated_Source\PSoC4/CapSense_Sensing.c ****                 break;
 827:Generated_Source\PSoC4/CapSense_Sensing.c **** 
 828:Generated_Source\PSoC4/CapSense_Sensing.c ****             case CapSense_RX_PIN:
 829:Generated_Source\PSoC4/CapSense_Sensing.c ****                 interruptState = CyEnterCriticalSection();
ARM GAS  C:\Users\Lenovo\AppData\Local\Temp\cc2HN0Qn.s 			page 16


 830:Generated_Source\PSoC4/CapSense_Sensing.c ****                 CY_SET_REG32(ioPtr->hsiomPtr, CY_GET_REG32(ioPtr->hsiomPtr) | (CapSense_HSIOM_SEL_A
 831:Generated_Source\PSoC4/CapSense_Sensing.c ****                 CY_SET_REG32(ioPtr->pcPtr, CY_GET_REG32(ioPtr->pcPtr) & ~(CapSense_GPIO_PC_MASK << 
 832:Generated_Source\PSoC4/CapSense_Sensing.c ****                 CyExitCriticalSection(interruptState);
 833:Generated_Source\PSoC4/CapSense_Sensing.c ****                 break;
 834:Generated_Source\PSoC4/CapSense_Sensing.c ****         #endif
 835:Generated_Source\PSoC4/CapSense_Sensing.c **** 
 836:Generated_Source\PSoC4/CapSense_Sensing.c ****         default:
 837:Generated_Source\PSoC4/CapSense_Sensing.c ****             /* Wrong state */
 838:Generated_Source\PSoC4/CapSense_Sensing.c ****             break;
 839:Generated_Source\PSoC4/CapSense_Sensing.c ****         }
 840:Generated_Source\PSoC4/CapSense_Sensing.c **** 
 841:Generated_Source\PSoC4/CapSense_Sensing.c ****         ioPtr++;
 842:Generated_Source\PSoC4/CapSense_Sensing.c ****     }
 843:Generated_Source\PSoC4/CapSense_Sensing.c **** }
 844:Generated_Source\PSoC4/CapSense_Sensing.c **** 
 845:Generated_Source\PSoC4/CapSense_Sensing.c **** 
 846:Generated_Source\PSoC4/CapSense_Sensing.c **** #if ((CapSense_ENABLE == CapSense_CSD_CSX_EN) || \
 847:Generated_Source\PSoC4/CapSense_Sensing.c ****      (CapSense_ENABLE == CapSense_SELF_TEST_EN) || \
 848:Generated_Source\PSoC4/CapSense_Sensing.c ****      (CapSense_ENABLE == CapSense_ADC_EN))
 849:Generated_Source\PSoC4/CapSense_Sensing.c **** 
 850:Generated_Source\PSoC4/CapSense_Sensing.c ****     #if (CapSense_ENABLE == CapSense_CSD_EN)
 851:Generated_Source\PSoC4/CapSense_Sensing.c ****         /*******************************************************************************
 852:Generated_Source\PSoC4/CapSense_Sensing.c ****         * Function Name: CapSense_SsCSDDisableMode
 853:Generated_Source\PSoC4/CapSense_Sensing.c ****         ****************************************************************************//**
 854:Generated_Source\PSoC4/CapSense_Sensing.c ****         *
 855:Generated_Source\PSoC4/CapSense_Sensing.c ****         * \brief
 856:Generated_Source\PSoC4/CapSense_Sensing.c ****         *  This function disables CSD mode.
 857:Generated_Source\PSoC4/CapSense_Sensing.c ****         *
 858:Generated_Source\PSoC4/CapSense_Sensing.c ****         * \details
 859:Generated_Source\PSoC4/CapSense_Sensing.c ****         *  To disable CSD mode the following tasks are performed:
 860:Generated_Source\PSoC4/CapSense_Sensing.c ****         *  1. Disconnect Cmod from AMUXBUS-A;
 861:Generated_Source\PSoC4/CapSense_Sensing.c ****         *  2. Disconnect previous CSX electrode if it has been connected;
 862:Generated_Source\PSoC4/CapSense_Sensing.c ****         *  3. Disconnect Csh from AMUXBUS-B;
 863:Generated_Source\PSoC4/CapSense_Sensing.c ****         *  4. Disable Shield Electrodes.
 864:Generated_Source\PSoC4/CapSense_Sensing.c ****         *
 865:Generated_Source\PSoC4/CapSense_Sensing.c ****         *******************************************************************************/
 866:Generated_Source\PSoC4/CapSense_Sensing.c ****         static void CapSense_SsCSDDisableMode(void)
 867:Generated_Source\PSoC4/CapSense_Sensing.c ****         {
 868:Generated_Source\PSoC4/CapSense_Sensing.c ****             uint32 newRegValue;
 869:Generated_Source\PSoC4/CapSense_Sensing.c **** 
 870:Generated_Source\PSoC4/CapSense_Sensing.c ****             /* Disconnect Cmod from AMUXBUS-A using HSIOM registers */
 871:Generated_Source\PSoC4/CapSense_Sensing.c ****             newRegValue = CY_GET_REG32(CapSense_CMOD_HSIOM_PTR);
 872:Generated_Source\PSoC4/CapSense_Sensing.c ****             newRegValue &= (uint32)(~(uint32)CapSense_CMOD_HSIOM_MASK);
 873:Generated_Source\PSoC4/CapSense_Sensing.c ****             CY_SET_REG32(CapSense_CMOD_HSIOM_PTR, newRegValue);
 874:Generated_Source\PSoC4/CapSense_Sensing.c **** 
 875:Generated_Source\PSoC4/CapSense_Sensing.c ****             #if ((CapSense_ENABLE == CapSense_CSDV2) && \
 876:Generated_Source\PSoC4/CapSense_Sensing.c ****                  ((CapSense_ENABLE == CapSense_CSD_IDAC_COMP_EN) && \
 877:Generated_Source\PSoC4/CapSense_Sensing.c ****                  (CapSense_ENABLE == CapSense_CSD_DEDICATED_IDAC_COMP_EN)))
 878:Generated_Source\PSoC4/CapSense_Sensing.c ****                 /* Disconnect IDACA and IDACB */
 879:Generated_Source\PSoC4/CapSense_Sensing.c ****                 newRegValue = CY_GET_REG32(CapSense_SW_REFGEN_SEL_PTR);
 880:Generated_Source\PSoC4/CapSense_Sensing.c ****                 newRegValue &= (uint32)(~CapSense_SW_REFGEN_SEL_SW_IAIB_MASK);
 881:Generated_Source\PSoC4/CapSense_Sensing.c ****                 CY_SET_REG32(CapSense_SW_REFGEN_SEL_PTR, newRegValue);
 882:Generated_Source\PSoC4/CapSense_Sensing.c ****             #endif /* ((CapSense_ENABLE == CapSense_CSDV2) && \
 883:Generated_Source\PSoC4/CapSense_Sensing.c ****                        ((CapSense_ENABLE == CapSense_CSD_IDAC_COMP_EN) && \
 884:Generated_Source\PSoC4/CapSense_Sensing.c ****                        (CapSense_ENABLE == CapSense_CSD_DEDICATED_IDAC_COMP_EN))) */
 885:Generated_Source\PSoC4/CapSense_Sensing.c **** 
 886:Generated_Source\PSoC4/CapSense_Sensing.c ****             /* Disconnect previous CSD electrode if it has been connected */
ARM GAS  C:\Users\Lenovo\AppData\Local\Temp\cc2HN0Qn.s 			page 17


 887:Generated_Source\PSoC4/CapSense_Sensing.c ****             CapSense_SsCSDElectrodeCheck();
 888:Generated_Source\PSoC4/CapSense_Sensing.c **** 
 889:Generated_Source\PSoC4/CapSense_Sensing.c ****             /* Disconnect Csh from AMUXBUS-B */
 890:Generated_Source\PSoC4/CapSense_Sensing.c ****             #if ((CapSense_ENABLE == CapSense_CSD_SHIELD_EN) && \
 891:Generated_Source\PSoC4/CapSense_Sensing.c ****                  (CapSense_ENABLE == CapSense_CSD_SHIELD_TANK_EN))
 892:Generated_Source\PSoC4/CapSense_Sensing.c ****                 newRegValue = CY_GET_REG32(CapSense_CSH_HSIOM_PTR);
 893:Generated_Source\PSoC4/CapSense_Sensing.c ****                 newRegValue &= (uint32)(~(uint32)(CapSense_CSH_TO_AMUXBUS_B_MASK << CapSense_CSH_HS
 894:Generated_Source\PSoC4/CapSense_Sensing.c ****                 CY_SET_REG32(CapSense_CSH_HSIOM_PTR, newRegValue);
 895:Generated_Source\PSoC4/CapSense_Sensing.c ****             #endif /* ((CapSense_ENABLE == CapSense_CSD_SHIELD_EN) && \
 896:Generated_Source\PSoC4/CapSense_Sensing.c ****                        (CapSense_ENABLE == CapSense_CSD_SHIELD_TANK_EN)) */
 897:Generated_Source\PSoC4/CapSense_Sensing.c **** 
 898:Generated_Source\PSoC4/CapSense_Sensing.c ****             #if ((CapSense_ENABLE == CapSense_CSD_SHIELD_EN) && \
 899:Generated_Source\PSoC4/CapSense_Sensing.c ****                  (0u != CapSense_CSD_TOTAL_SHIELD_COUNT))
 900:Generated_Source\PSoC4/CapSense_Sensing.c ****                 CapSense_SsCSDDisableShieldElectrodes();
 901:Generated_Source\PSoC4/CapSense_Sensing.c ****             #endif /* ((CapSense_ENABLE == CapSense_CSD_SHIELD_EN) && \
 902:Generated_Source\PSoC4/CapSense_Sensing.c ****                        (0u != CapSense_CSD_TOTAL_SHIELD_COUNT)) */
 903:Generated_Source\PSoC4/CapSense_Sensing.c ****         }
 904:Generated_Source\PSoC4/CapSense_Sensing.c ****     #endif /* (CapSense_ENABLE == CapSense_CSD_EN) */
 905:Generated_Source\PSoC4/CapSense_Sensing.c **** 
 906:Generated_Source\PSoC4/CapSense_Sensing.c **** 
 907:Generated_Source\PSoC4/CapSense_Sensing.c ****     #if (CapSense_ENABLE == CapSense_CSX_EN)
 908:Generated_Source\PSoC4/CapSense_Sensing.c ****         /*******************************************************************************
 909:Generated_Source\PSoC4/CapSense_Sensing.c ****         * Function Name: CapSense_SsDisableCSXMode
 910:Generated_Source\PSoC4/CapSense_Sensing.c ****         ****************************************************************************//**
 911:Generated_Source\PSoC4/CapSense_Sensing.c ****         *
 912:Generated_Source\PSoC4/CapSense_Sensing.c ****         * \brief
 913:Generated_Source\PSoC4/CapSense_Sensing.c ****         *  This function disables CSX mode.
 914:Generated_Source\PSoC4/CapSense_Sensing.c ****         *
 915:Generated_Source\PSoC4/CapSense_Sensing.c ****         * \details
 916:Generated_Source\PSoC4/CapSense_Sensing.c ****         *  To disable CSX mode the following tasks are performed:
 917:Generated_Source\PSoC4/CapSense_Sensing.c ****         *  1. Disconnect CintA and CintB from AMUXBUS-A
 918:Generated_Source\PSoC4/CapSense_Sensing.c ****         *  2. Disconnect previous CSX electrode if it has been connected
 919:Generated_Source\PSoC4/CapSense_Sensing.c ****         *
 920:Generated_Source\PSoC4/CapSense_Sensing.c ****         *******************************************************************************/
 921:Generated_Source\PSoC4/CapSense_Sensing.c ****         static void CapSense_SsDisableCSXMode(void)
 922:Generated_Source\PSoC4/CapSense_Sensing.c ****         {
 923:Generated_Source\PSoC4/CapSense_Sensing.c ****             uint32 newRegValue;
 924:Generated_Source\PSoC4/CapSense_Sensing.c **** 
 925:Generated_Source\PSoC4/CapSense_Sensing.c ****             /*  Disconnect CintA from AMUXBUS-A using HSIOM registers.   */
 926:Generated_Source\PSoC4/CapSense_Sensing.c ****             newRegValue = CY_GET_REG32(CapSense_CintA_HSIOM_PTR);
 927:Generated_Source\PSoC4/CapSense_Sensing.c ****             newRegValue &= (uint32)(~(uint32)CapSense_CintA_HSIOM_MASK);
 928:Generated_Source\PSoC4/CapSense_Sensing.c ****             CY_SET_REG32(CapSense_CintA_HSIOM_PTR, newRegValue);
 929:Generated_Source\PSoC4/CapSense_Sensing.c **** 
 930:Generated_Source\PSoC4/CapSense_Sensing.c ****             /*  Disconnect CintB from AMUXBUS-A using HSIOM registers.   */
 931:Generated_Source\PSoC4/CapSense_Sensing.c ****             newRegValue = CY_GET_REG32(CapSense_CintB_HSIOM_PTR);
 932:Generated_Source\PSoC4/CapSense_Sensing.c ****             newRegValue &= (uint32)(~(uint32)CapSense_CintB_HSIOM_MASK);
 933:Generated_Source\PSoC4/CapSense_Sensing.c ****             CY_SET_REG32(CapSense_CintB_HSIOM_PTR, newRegValue);
 934:Generated_Source\PSoC4/CapSense_Sensing.c **** 
 935:Generated_Source\PSoC4/CapSense_Sensing.c ****             /* Disconnect previous CSX electrode if it has been connected */
 936:Generated_Source\PSoC4/CapSense_Sensing.c ****             CapSense_CSXElectrodeCheck();
 937:Generated_Source\PSoC4/CapSense_Sensing.c ****         }
 938:Generated_Source\PSoC4/CapSense_Sensing.c ****     #endif /* (CapSense_ENABLE == CapSense_CSX_EN) */
 939:Generated_Source\PSoC4/CapSense_Sensing.c **** 
 940:Generated_Source\PSoC4/CapSense_Sensing.c **** 
 941:Generated_Source\PSoC4/CapSense_Sensing.c ****     /*******************************************************************************
 942:Generated_Source\PSoC4/CapSense_Sensing.c ****     * Function Name: CapSense_SsSwitchSensingMode
 943:Generated_Source\PSoC4/CapSense_Sensing.c ****     ****************************************************************************//**
ARM GAS  C:\Users\Lenovo\AppData\Local\Temp\cc2HN0Qn.s 			page 18


 944:Generated_Source\PSoC4/CapSense_Sensing.c ****     *
 945:Generated_Source\PSoC4/CapSense_Sensing.c ****     * \brief
 946:Generated_Source\PSoC4/CapSense_Sensing.c ****     *  This function changes the mode for case when both CSD and CSX widgets are
 947:Generated_Source\PSoC4/CapSense_Sensing.c ****     *  scanned.
 948:Generated_Source\PSoC4/CapSense_Sensing.c ****     *
 949:Generated_Source\PSoC4/CapSense_Sensing.c ****     * \details
 950:Generated_Source\PSoC4/CapSense_Sensing.c ****     *  To switch to the CSD mode the following tasks are performed:
 951:Generated_Source\PSoC4/CapSense_Sensing.c ****     *  1. Disconnect CintA and CintB from AMUXBUS-A;
 952:Generated_Source\PSoC4/CapSense_Sensing.c ****     *  2. Disconnect previous CSD electrode if it has been connected;
 953:Generated_Source\PSoC4/CapSense_Sensing.c ****     *  3. Initialize CSD mode.
 954:Generated_Source\PSoC4/CapSense_Sensing.c ****     *
 955:Generated_Source\PSoC4/CapSense_Sensing.c ****     *  To switch to the CSX mode the following tasks are performed:
 956:Generated_Source\PSoC4/CapSense_Sensing.c ****     *  1. Disconnect Cmod from AMUXBUS-A;
 957:Generated_Source\PSoC4/CapSense_Sensing.c ****     *  2. Disconnect previous CSX electrode if it has been connected;
 958:Generated_Source\PSoC4/CapSense_Sensing.c ****     *  3. Initialize CSX mode.
 959:Generated_Source\PSoC4/CapSense_Sensing.c ****     *
 960:Generated_Source\PSoC4/CapSense_Sensing.c ****     * \param mode Specifies the scan mode:
 961:Generated_Source\PSoC4/CapSense_Sensing.c ****     *           -  (1) CapSense_SENSE_METHOD_CSD_E
 962:Generated_Source\PSoC4/CapSense_Sensing.c ****     *           -  (2) CapSense_SENSE_METHOD_CSX_E
 963:Generated_Source\PSoC4/CapSense_Sensing.c ****     *           -  (3) CapSense_SENSE_METHOD_BIST_E
 964:Generated_Source\PSoC4/CapSense_Sensing.c ****     *
 965:Generated_Source\PSoC4/CapSense_Sensing.c ****     *******************************************************************************/
 966:Generated_Source\PSoC4/CapSense_Sensing.c ****     void CapSense_SsSwitchSensingMode(CapSense_SENSE_METHOD_ENUM mode)
 967:Generated_Source\PSoC4/CapSense_Sensing.c ****     {
 968:Generated_Source\PSoC4/CapSense_Sensing.c ****         if (CapSense_currentSenseMethod != mode)
 969:Generated_Source\PSoC4/CapSense_Sensing.c ****         {
 970:Generated_Source\PSoC4/CapSense_Sensing.c ****             /* The requested mode differes to the current one. Disable the current mode */
 971:Generated_Source\PSoC4/CapSense_Sensing.c ****             if (CapSense_SENSE_METHOD_CSD_E ==  CapSense_currentSenseMethod)
 972:Generated_Source\PSoC4/CapSense_Sensing.c ****             {
 973:Generated_Source\PSoC4/CapSense_Sensing.c ****                 #if (CapSense_ENABLE == CapSense_CSD_EN)
 974:Generated_Source\PSoC4/CapSense_Sensing.c ****                     CapSense_SsCSDDisableMode();
 975:Generated_Source\PSoC4/CapSense_Sensing.c ****                 #endif /* (CapSense_ENABLE == CapSense_CSD_EN) */
 976:Generated_Source\PSoC4/CapSense_Sensing.c ****             }
 977:Generated_Source\PSoC4/CapSense_Sensing.c ****             else if (CapSense_SENSE_METHOD_CSX_E ==  CapSense_currentSenseMethod)
 978:Generated_Source\PSoC4/CapSense_Sensing.c ****             {
 979:Generated_Source\PSoC4/CapSense_Sensing.c ****                 #if (CapSense_ENABLE == CapSense_CSX_EN)
 980:Generated_Source\PSoC4/CapSense_Sensing.c ****                     CapSense_SsDisableCSXMode();
 981:Generated_Source\PSoC4/CapSense_Sensing.c ****                 #endif /* (CapSense_ENABLE == CapSense_CSX_EN) */
 982:Generated_Source\PSoC4/CapSense_Sensing.c ****             }
 983:Generated_Source\PSoC4/CapSense_Sensing.c ****             else if (CapSense_SENSE_METHOD_BIST_E ==  CapSense_currentSenseMethod)
 984:Generated_Source\PSoC4/CapSense_Sensing.c ****             {
 985:Generated_Source\PSoC4/CapSense_Sensing.c ****                 #if (CapSense_ENABLE == CapSense_SELF_TEST_EN)
 986:Generated_Source\PSoC4/CapSense_Sensing.c ****                     CapSense_BistDisableMode();
 987:Generated_Source\PSoC4/CapSense_Sensing.c ****                 #endif /* (CapSense_ENABLE == CapSense_CSX_EN) */
 988:Generated_Source\PSoC4/CapSense_Sensing.c ****             }
 989:Generated_Source\PSoC4/CapSense_Sensing.c ****             else
 990:Generated_Source\PSoC4/CapSense_Sensing.c ****             {
 991:Generated_Source\PSoC4/CapSense_Sensing.c ****                 #if (CapSense_ENABLE == CapSense_ADC_EN)
 992:Generated_Source\PSoC4/CapSense_Sensing.c ****                     /* Release ADC resources */
 993:Generated_Source\PSoC4/CapSense_Sensing.c ****                     (void)CapSense_AdcReleaseResources();
 994:Generated_Source\PSoC4/CapSense_Sensing.c ****                 #endif /* (CapSense_ENABLE == CapSense_ADC_EN) */
 995:Generated_Source\PSoC4/CapSense_Sensing.c ****             }
 996:Generated_Source\PSoC4/CapSense_Sensing.c **** 
 997:Generated_Source\PSoC4/CapSense_Sensing.c ****             /* Enable the specified mode */
 998:Generated_Source\PSoC4/CapSense_Sensing.c ****             if (CapSense_SENSE_METHOD_CSD_E == mode)
 999:Generated_Source\PSoC4/CapSense_Sensing.c ****             {
1000:Generated_Source\PSoC4/CapSense_Sensing.c ****                 #if (CapSense_ENABLE == CapSense_CSD_EN)
ARM GAS  C:\Users\Lenovo\AppData\Local\Temp\cc2HN0Qn.s 			page 19


1001:Generated_Source\PSoC4/CapSense_Sensing.c ****                     /* Initialize CSD mode to guarantee configured CSD mode */
1002:Generated_Source\PSoC4/CapSense_Sensing.c ****                     CapSense_SsCSDInitialize();
1003:Generated_Source\PSoC4/CapSense_Sensing.c ****                     CapSense_currentSenseMethod = CapSense_SENSE_METHOD_CSD_E;
1004:Generated_Source\PSoC4/CapSense_Sensing.c ****                 #endif /* (CapSense_ENABLE == CapSense_CSD_EN) */
1005:Generated_Source\PSoC4/CapSense_Sensing.c ****             }
1006:Generated_Source\PSoC4/CapSense_Sensing.c ****             else if (CapSense_SENSE_METHOD_CSX_E == mode)
1007:Generated_Source\PSoC4/CapSense_Sensing.c ****             {
1008:Generated_Source\PSoC4/CapSense_Sensing.c ****                 #if (CapSense_ENABLE == CapSense_CSX_EN)
1009:Generated_Source\PSoC4/CapSense_Sensing.c ****                     /* Initialize CSX mode to guarantee configured CSX mode */
1010:Generated_Source\PSoC4/CapSense_Sensing.c ****                     CapSense_CSXInitialize();
1011:Generated_Source\PSoC4/CapSense_Sensing.c ****                     CapSense_currentSenseMethod = CapSense_SENSE_METHOD_CSX_E;
1012:Generated_Source\PSoC4/CapSense_Sensing.c ****                 #endif /* (CapSense_ENABLE == CapSense_CSX_EN) */
1013:Generated_Source\PSoC4/CapSense_Sensing.c ****             }
1014:Generated_Source\PSoC4/CapSense_Sensing.c ****             else if (CapSense_SENSE_METHOD_BIST_E == mode)
1015:Generated_Source\PSoC4/CapSense_Sensing.c ****             {
1016:Generated_Source\PSoC4/CapSense_Sensing.c ****                 #if (CapSense_ENABLE == CapSense_SELF_TEST_EN)
1017:Generated_Source\PSoC4/CapSense_Sensing.c ****                     /* Initialize CSX mode to guarantee configured CSX mode */
1018:Generated_Source\PSoC4/CapSense_Sensing.c ****                     CapSense_BistInitialize();
1019:Generated_Source\PSoC4/CapSense_Sensing.c ****                     CapSense_currentSenseMethod = CapSense_SENSE_METHOD_BIST_E;
1020:Generated_Source\PSoC4/CapSense_Sensing.c ****                 #endif /* (CapSense_ENABLE == CapSense_CSX_EN) */
1021:Generated_Source\PSoC4/CapSense_Sensing.c ****             }
1022:Generated_Source\PSoC4/CapSense_Sensing.c ****             else
1023:Generated_Source\PSoC4/CapSense_Sensing.c ****             {
1024:Generated_Source\PSoC4/CapSense_Sensing.c ****                 CapSense_currentSenseMethod = CapSense_UNDEFINED_E;
1025:Generated_Source\PSoC4/CapSense_Sensing.c ****             }
1026:Generated_Source\PSoC4/CapSense_Sensing.c ****         }
1027:Generated_Source\PSoC4/CapSense_Sensing.c ****     }
1028:Generated_Source\PSoC4/CapSense_Sensing.c **** #endif  /* ((CapSense_ENABLE == CapSense_CSD_CSX_EN) || \
1029:Generated_Source\PSoC4/CapSense_Sensing.c ****             (CapSense_ENABLE == CapSense_SELF_TEST_EN) || \
1030:Generated_Source\PSoC4/CapSense_Sensing.c ****             (CapSense_ENABLE == CapSense_ADC_EN)) */
1031:Generated_Source\PSoC4/CapSense_Sensing.c **** 
1032:Generated_Source\PSoC4/CapSense_Sensing.c **** 
1033:Generated_Source\PSoC4/CapSense_Sensing.c **** /*******************************************************************************
1034:Generated_Source\PSoC4/CapSense_Sensing.c **** * Function Name: CapSense_SsSetIOsInDefaultState
1035:Generated_Source\PSoC4/CapSense_Sensing.c **** ****************************************************************************//**
1036:Generated_Source\PSoC4/CapSense_Sensing.c **** *
1037:Generated_Source\PSoC4/CapSense_Sensing.c **** * \brief
1038:Generated_Source\PSoC4/CapSense_Sensing.c **** *   Sets all electrodes into a default state.
1039:Generated_Source\PSoC4/CapSense_Sensing.c **** *
1040:Generated_Source\PSoC4/CapSense_Sensing.c **** * \details
1041:Generated_Source\PSoC4/CapSense_Sensing.c **** *   Sets all the CSD/CSX IOs into a default state:
1042:Generated_Source\PSoC4/CapSense_Sensing.c **** *   - HSIOM   - Disconnected, the GPIO mode.
1043:Generated_Source\PSoC4/CapSense_Sensing.c **** *   - DM      - Strong drive.
1044:Generated_Source\PSoC4/CapSense_Sensing.c **** *   - State   - Zero.
1045:Generated_Source\PSoC4/CapSense_Sensing.c **** *
1046:Generated_Source\PSoC4/CapSense_Sensing.c **** *   Sets all the ADC channels into a default state:
1047:Generated_Source\PSoC4/CapSense_Sensing.c **** *   - HSIOM   - Disconnected, the GPIO mode.
1048:Generated_Source\PSoC4/CapSense_Sensing.c **** *   - DM      - HiZ-Analog.
1049:Generated_Source\PSoC4/CapSense_Sensing.c **** *   - State   - Zero.
1050:Generated_Source\PSoC4/CapSense_Sensing.c **** *
1051:Generated_Source\PSoC4/CapSense_Sensing.c **** *   It is not recommended to call this function directly from the application
1052:Generated_Source\PSoC4/CapSense_Sensing.c **** *   layer.
1053:Generated_Source\PSoC4/CapSense_Sensing.c **** *
1054:Generated_Source\PSoC4/CapSense_Sensing.c **** *******************************************************************************/
1055:Generated_Source\PSoC4/CapSense_Sensing.c **** void CapSense_SsSetIOsInDefaultState(void)
1056:Generated_Source\PSoC4/CapSense_Sensing.c **** {
1057:Generated_Source\PSoC4/CapSense_Sensing.c ****     CapSense_FLASH_IO_STRUCT const *ioPtr = &CapSense_ioList[0u];
ARM GAS  C:\Users\Lenovo\AppData\Local\Temp\cc2HN0Qn.s 			page 20


1058:Generated_Source\PSoC4/CapSense_Sensing.c ****     uint32 loopIndex;
1059:Generated_Source\PSoC4/CapSense_Sensing.c ****     uint32 regValue;
1060:Generated_Source\PSoC4/CapSense_Sensing.c **** 
1061:Generated_Source\PSoC4/CapSense_Sensing.c ****     /*  Loop through all electrodes */
1062:Generated_Source\PSoC4/CapSense_Sensing.c ****     for (loopIndex = 0u; loopIndex < CapSense_TOTAL_ELECTRODES; loopIndex++)
1063:Generated_Source\PSoC4/CapSense_Sensing.c ****     {
1064:Generated_Source\PSoC4/CapSense_Sensing.c ****         /*  1. Disconnect HSIOM
1065:Generated_Source\PSoC4/CapSense_Sensing.c ****             2. Set strong DM
1066:Generated_Source\PSoC4/CapSense_Sensing.c ****             3. Set pin state to logic 0     */
1067:Generated_Source\PSoC4/CapSense_Sensing.c ****         regValue = CY_GET_REG32 (ioPtr->hsiomPtr);
1068:Generated_Source\PSoC4/CapSense_Sensing.c ****         regValue &= ~(ioPtr->hsiomMask);
1069:Generated_Source\PSoC4/CapSense_Sensing.c ****         CY_SET_REG32 (ioPtr->hsiomPtr, regValue);
1070:Generated_Source\PSoC4/CapSense_Sensing.c **** 
1071:Generated_Source\PSoC4/CapSense_Sensing.c ****         regValue = CY_GET_REG32 (ioPtr->pcPtr);
1072:Generated_Source\PSoC4/CapSense_Sensing.c ****         regValue &= ~(CapSense_GPIO_PC_MASK << ioPtr->shift);
1073:Generated_Source\PSoC4/CapSense_Sensing.c ****         regValue |=  (CapSense_GPIO_STRGDRV << ioPtr->shift);
1074:Generated_Source\PSoC4/CapSense_Sensing.c ****         CY_SET_REG32 (ioPtr->pcPtr, regValue);
1075:Generated_Source\PSoC4/CapSense_Sensing.c **** 
1076:Generated_Source\PSoC4/CapSense_Sensing.c ****         regValue = CY_GET_REG32 (ioPtr->drPtr);
1077:Generated_Source\PSoC4/CapSense_Sensing.c ****         regValue &= ~(ioPtr->mask);
1078:Generated_Source\PSoC4/CapSense_Sensing.c ****         CY_SET_REG32 (ioPtr->drPtr, regValue);
1079:Generated_Source\PSoC4/CapSense_Sensing.c **** 
1080:Generated_Source\PSoC4/CapSense_Sensing.c ****         /*  Get next electrode  */
1081:Generated_Source\PSoC4/CapSense_Sensing.c ****         ioPtr++;
1082:Generated_Source\PSoC4/CapSense_Sensing.c ****     }
1083:Generated_Source\PSoC4/CapSense_Sensing.c **** 
1084:Generated_Source\PSoC4/CapSense_Sensing.c ****     #if(CapSense_ENABLE == CapSense_ADC_EN)
1085:Generated_Source\PSoC4/CapSense_Sensing.c ****         CapSense_ClearAdcChannels();
1086:Generated_Source\PSoC4/CapSense_Sensing.c ****     #endif /* (CapSense_ENABLE == CapSense_ADC_EN) */
1087:Generated_Source\PSoC4/CapSense_Sensing.c **** }
1088:Generated_Source\PSoC4/CapSense_Sensing.c **** 
1089:Generated_Source\PSoC4/CapSense_Sensing.c **** 
1090:Generated_Source\PSoC4/CapSense_Sensing.c **** #if (CapSense_ENABLE == CapSense_ADC_EN)
1091:Generated_Source\PSoC4/CapSense_Sensing.c **** /*******************************************************************************
1092:Generated_Source\PSoC4/CapSense_Sensing.c **** * Function Name: CapSense_SsReleaseResources()
1093:Generated_Source\PSoC4/CapSense_Sensing.c **** ****************************************************************************//**
1094:Generated_Source\PSoC4/CapSense_Sensing.c **** *
1095:Generated_Source\PSoC4/CapSense_Sensing.c **** * \brief
1096:Generated_Source\PSoC4/CapSense_Sensing.c **** *  This function sets the resources that do not belong to the CSDv2 HW block to
1097:Generated_Source\PSoC4/CapSense_Sensing.c **** *  default state.
1098:Generated_Source\PSoC4/CapSense_Sensing.c **** *
1099:Generated_Source\PSoC4/CapSense_Sensing.c **** * \details
1100:Generated_Source\PSoC4/CapSense_Sensing.c **** *  The function performs following tasks:
1101:Generated_Source\PSoC4/CapSense_Sensing.c **** *  1. Checks if CSD block busy and returns error if it is busy
1102:Generated_Source\PSoC4/CapSense_Sensing.c **** *  2. Disconnects integration capacitors (CintA, CintB for CSX mode and
1103:Generated_Source\PSoC4/CapSense_Sensing.c **** *     Cmod for CSD mode)
1104:Generated_Source\PSoC4/CapSense_Sensing.c **** *  3. Disconnect electroded if they have been connected.
1105:Generated_Source\PSoC4/CapSense_Sensing.c **** *
1106:Generated_Source\PSoC4/CapSense_Sensing.c **** * \return
1107:Generated_Source\PSoC4/CapSense_Sensing.c **** *   Returns the status of operation:
1108:Generated_Source\PSoC4/CapSense_Sensing.c **** *   - Zero        - Resources released successfully.
1109:Generated_Source\PSoC4/CapSense_Sensing.c **** *   - Non-zero    - One or more errors occurred in releasing process.
1110:Generated_Source\PSoC4/CapSense_Sensing.c **** *
1111:Generated_Source\PSoC4/CapSense_Sensing.c **** *******************************************************************************/
1112:Generated_Source\PSoC4/CapSense_Sensing.c **** cystatus CapSense_SsReleaseResources(void)
1113:Generated_Source\PSoC4/CapSense_Sensing.c **** {
1114:Generated_Source\PSoC4/CapSense_Sensing.c ****     cystatus busyStatus = CYRET_SUCCESS;
ARM GAS  C:\Users\Lenovo\AppData\Local\Temp\cc2HN0Qn.s 			page 21


1115:Generated_Source\PSoC4/CapSense_Sensing.c **** 
1116:Generated_Source\PSoC4/CapSense_Sensing.c ****     if (CapSense_SW_STS_BUSY == (CapSense_dsRam.status & CapSense_SW_STS_BUSY))
1117:Generated_Source\PSoC4/CapSense_Sensing.c ****     {
1118:Generated_Source\PSoC4/CapSense_Sensing.c ****         /* Previous widget is being scanned. Return error. */
1119:Generated_Source\PSoC4/CapSense_Sensing.c ****         busyStatus = CYRET_INVALID_STATE;
1120:Generated_Source\PSoC4/CapSense_Sensing.c ****     }
1121:Generated_Source\PSoC4/CapSense_Sensing.c ****     else
1122:Generated_Source\PSoC4/CapSense_Sensing.c ****     {
1123:Generated_Source\PSoC4/CapSense_Sensing.c ****         #if (CapSense_ENABLE == CapSense_CSX_EN)
1124:Generated_Source\PSoC4/CapSense_Sensing.c ****             CapSense_SsDisableCSXMode();
1125:Generated_Source\PSoC4/CapSense_Sensing.c ****         #endif /* (CapSense_ENABLE == CapSense_CSX_EN) */
1126:Generated_Source\PSoC4/CapSense_Sensing.c **** 
1127:Generated_Source\PSoC4/CapSense_Sensing.c ****         #if (CapSense_ENABLE == CapSense_CSD_EN)
1128:Generated_Source\PSoC4/CapSense_Sensing.c ****             CapSense_SsCSDDisableMode();
1129:Generated_Source\PSoC4/CapSense_Sensing.c ****         #endif /* (CapSense_ENABLE == CapSense_CSD_EN) */
1130:Generated_Source\PSoC4/CapSense_Sensing.c **** 
1131:Generated_Source\PSoC4/CapSense_Sensing.c ****         #if (CapSense_ENABLE == CapSense_SELF_TEST_EN)
1132:Generated_Source\PSoC4/CapSense_Sensing.c ****             CapSense_BistDisableMode();
1133:Generated_Source\PSoC4/CapSense_Sensing.c ****         #endif /* (CapSense_ENABLE == CapSense_SELF_TEST_EN) */
1134:Generated_Source\PSoC4/CapSense_Sensing.c **** 
1135:Generated_Source\PSoC4/CapSense_Sensing.c ****         #if ((CapSense_ENABLE == CapSense_CSD_EN) && \
1136:Generated_Source\PSoC4/CapSense_Sensing.c ****              (CapSense_ENABLE == CapSense_CSD_SHIELD_EN) &&  \
1137:Generated_Source\PSoC4/CapSense_Sensing.c ****              (CapSense_SNS_CONNECTION_SHIELD == CapSense_CSD_INACTIVE_SNS_CONNECTION))
1138:Generated_Source\PSoC4/CapSense_Sensing.c ****             CapSense_SsSetIOsInDefaultState();
1139:Generated_Source\PSoC4/CapSense_Sensing.c ****         #endif /* ((CapSense_ENABLE == CapSense_CSD_EN) && \
1140:Generated_Source\PSoC4/CapSense_Sensing.c ****              (CapSense_DISABLE != CapSense_CSD_SHIELD_EN) &&  \
1141:Generated_Source\PSoC4/CapSense_Sensing.c ****              (CapSense_SNS_CONNECTION_SHIELD == CapSense_CSD_INACTIVE_SNS_CONNECTION)) */
1142:Generated_Source\PSoC4/CapSense_Sensing.c **** 
1143:Generated_Source\PSoC4/CapSense_Sensing.c ****         /*
1144:Generated_Source\PSoC4/CapSense_Sensing.c ****          * Reset of the currentSenseMethod variable to make sure that the next
1145:Generated_Source\PSoC4/CapSense_Sensing.c ****          * call of SetupWidget() API setups the correct widget mode
1146:Generated_Source\PSoC4/CapSense_Sensing.c ****          */
1147:Generated_Source\PSoC4/CapSense_Sensing.c ****         CapSense_currentSenseMethod = CapSense_UNDEFINED_E;
1148:Generated_Source\PSoC4/CapSense_Sensing.c ****     }
1149:Generated_Source\PSoC4/CapSense_Sensing.c **** 
1150:Generated_Source\PSoC4/CapSense_Sensing.c ****     return busyStatus;
1151:Generated_Source\PSoC4/CapSense_Sensing.c **** }
1152:Generated_Source\PSoC4/CapSense_Sensing.c **** #endif /* (CapSense_ENABLE == CapSense_ADC_EN) */
1153:Generated_Source\PSoC4/CapSense_Sensing.c **** 
1154:Generated_Source\PSoC4/CapSense_Sensing.c **** 
1155:Generated_Source\PSoC4/CapSense_Sensing.c **** /*******************************************************************************
1156:Generated_Source\PSoC4/CapSense_Sensing.c **** * Function Name: CapSense_SsPostAllWidgetsScan
1157:Generated_Source\PSoC4/CapSense_Sensing.c **** ****************************************************************************//**
1158:Generated_Source\PSoC4/CapSense_Sensing.c **** *
1159:Generated_Source\PSoC4/CapSense_Sensing.c **** * \brief
1160:Generated_Source\PSoC4/CapSense_Sensing.c **** *   The ISR function for multiple widget scanning implementation.
1161:Generated_Source\PSoC4/CapSense_Sensing.c **** *
1162:Generated_Source\PSoC4/CapSense_Sensing.c **** * \details
1163:Generated_Source\PSoC4/CapSense_Sensing.c **** *   This is the function used by the CapSense ISR to implement multiple widget
1164:Generated_Source\PSoC4/CapSense_Sensing.c **** *   scanning.
1165:Generated_Source\PSoC4/CapSense_Sensing.c **** *   Should not be used by the application layer.
1166:Generated_Source\PSoC4/CapSense_Sensing.c **** *
1167:Generated_Source\PSoC4/CapSense_Sensing.c **** *******************************************************************************/
1168:Generated_Source\PSoC4/CapSense_Sensing.c **** void CapSense_SsPostAllWidgetsScan(void)
1169:Generated_Source\PSoC4/CapSense_Sensing.c **** {
1170:Generated_Source\PSoC4/CapSense_Sensing.c ****     #if (CapSense_DISABLE == CapSense_CSD2X_EN)
1171:Generated_Source\PSoC4/CapSense_Sensing.c ****         /*
ARM GAS  C:\Users\Lenovo\AppData\Local\Temp\cc2HN0Qn.s 			page 22


1172:Generated_Source\PSoC4/CapSense_Sensing.c ****         *   1. Increment widget index
1173:Generated_Source\PSoC4/CapSense_Sensing.c ****         *   2. Check if all widgets are scanned
1174:Generated_Source\PSoC4/CapSense_Sensing.c ****         *   3. If all widgets are not scanned, set up and scan next widget
1175:Generated_Source\PSoC4/CapSense_Sensing.c ****         */
1176:Generated_Source\PSoC4/CapSense_Sensing.c ****         #if (1u != CapSense_TOTAL_WIDGETS)
1177:Generated_Source\PSoC4/CapSense_Sensing.c ****             cystatus postScanStatus;
1178:Generated_Source\PSoC4/CapSense_Sensing.c **** 
1179:Generated_Source\PSoC4/CapSense_Sensing.c ****             do
1180:Generated_Source\PSoC4/CapSense_Sensing.c ****             {
1181:Generated_Source\PSoC4/CapSense_Sensing.c ****                 CapSense_widgetIndex++;
1182:Generated_Source\PSoC4/CapSense_Sensing.c **** 
1183:Generated_Source\PSoC4/CapSense_Sensing.c ****                 postScanStatus = CapSense_SetupWidget((uint32)CapSense_widgetIndex);
1184:Generated_Source\PSoC4/CapSense_Sensing.c **** 
1185:Generated_Source\PSoC4/CapSense_Sensing.c ****                 if (CYRET_SUCCESS == postScanStatus)
1186:Generated_Source\PSoC4/CapSense_Sensing.c ****                 {
1187:Generated_Source\PSoC4/CapSense_Sensing.c ****                     if((CapSense_TOTAL_WIDGETS - 1u) == CapSense_widgetIndex)
1188:Generated_Source\PSoC4/CapSense_Sensing.c ****                     {
1189:Generated_Source\PSoC4/CapSense_Sensing.c ****                         /* The last widget will be scanned. Reset flag to skip configuring the next
1190:Generated_Source\PSoC4/CapSense_Sensing.c ****                         CapSense_requestScanAllWidget = CapSense_DISABLE;
1191:Generated_Source\PSoC4/CapSense_Sensing.c ****                     }
1192:Generated_Source\PSoC4/CapSense_Sensing.c ****                     (void)CapSense_Scan();
1193:Generated_Source\PSoC4/CapSense_Sensing.c ****                 }
1194:Generated_Source\PSoC4/CapSense_Sensing.c ****                 else if((CapSense_TOTAL_WIDGETS - 1u) == CapSense_widgetIndex)
1195:Generated_Source\PSoC4/CapSense_Sensing.c ****                 {
1196:Generated_Source\PSoC4/CapSense_Sensing.c ****                     #if ((CapSense_ENABLE == CapSense_BLOCK_OFF_AFTER_SCAN_EN) && \
1197:Generated_Source\PSoC4/CapSense_Sensing.c ****                          (CapSense_ENABLE == CapSense_CSD_EN))
1198:Generated_Source\PSoC4/CapSense_Sensing.c ****                         if (CapSense_SENSE_METHOD_CSD_E ==
1199:Generated_Source\PSoC4/CapSense_Sensing.c ****                              CapSense_GET_SENSE_METHOD(&CapSense_dsFlash.wdgtArray[CapSense_widgetI
1200:Generated_Source\PSoC4/CapSense_Sensing.c ****                         {
1201:Generated_Source\PSoC4/CapSense_Sensing.c ****                             /*  Disable the CSD block */
1202:Generated_Source\PSoC4/CapSense_Sensing.c ****                             CY_SET_REG32(CapSense_CONFIG_PTR, CapSense_configCsd);
1203:Generated_Source\PSoC4/CapSense_Sensing.c ****                         }
1204:Generated_Source\PSoC4/CapSense_Sensing.c ****                     #endif /* ((CapSense_ENABLE == CapSense_BLOCK_OFF_AFTER_SCAN_EN) && \
1205:Generated_Source\PSoC4/CapSense_Sensing.c ****                                (CapSense_ENABLE == CapSense_CSD_EN)) */
1206:Generated_Source\PSoC4/CapSense_Sensing.c **** 
1207:Generated_Source\PSoC4/CapSense_Sensing.c ****                     /* All widgets are totally processed. Reset BUSY flag */
1208:Generated_Source\PSoC4/CapSense_Sensing.c ****                     CapSense_dsRam.status &= ~CapSense_SW_STS_BUSY;
1209:Generated_Source\PSoC4/CapSense_Sensing.c **** 
1210:Generated_Source\PSoC4/CapSense_Sensing.c ****                     /* Update status with with the failure */
1211:Generated_Source\PSoC4/CapSense_Sensing.c ****                     CapSense_dsRam.status &= ~CapSense_STATUS_ERR_MASK;
1212:Generated_Source\PSoC4/CapSense_Sensing.c ****                     CapSense_dsRam.status |= ((postScanStatus & CapSense_STATUS_ERR_SIZE) << CapSen
1213:Generated_Source\PSoC4/CapSense_Sensing.c **** 
1214:Generated_Source\PSoC4/CapSense_Sensing.c ****                     /* Set postScanStatus to exit the while loop */
1215:Generated_Source\PSoC4/CapSense_Sensing.c ****                     postScanStatus = CYRET_SUCCESS;
1216:Generated_Source\PSoC4/CapSense_Sensing.c ****                 }
1217:Generated_Source\PSoC4/CapSense_Sensing.c ****                 else
1218:Generated_Source\PSoC4/CapSense_Sensing.c ****                 {
1219:Generated_Source\PSoC4/CapSense_Sensing.c ****                     /* Update status with with the failure. Configure the next widget in while() lo
1220:Generated_Source\PSoC4/CapSense_Sensing.c ****                     CapSense_dsRam.status &= ~CapSense_STATUS_ERR_MASK;
1221:Generated_Source\PSoC4/CapSense_Sensing.c ****                     CapSense_dsRam.status |= ((postScanStatus & CapSense_STATUS_ERR_SIZE) << CapSen
1222:Generated_Source\PSoC4/CapSense_Sensing.c ****                 }
1223:Generated_Source\PSoC4/CapSense_Sensing.c ****             } while (CYRET_SUCCESS != postScanStatus);
1224:Generated_Source\PSoC4/CapSense_Sensing.c ****         #endif /* (1u != CapSense_TOTAL_WIDGETS) */
1225:Generated_Source\PSoC4/CapSense_Sensing.c ****     #else
1226:Generated_Source\PSoC4/CapSense_Sensing.c ****         #if (1u != CapSense_TOTAL_SLOTS)
1227:Generated_Source\PSoC4/CapSense_Sensing.c ****             cystatus postScanStatus = CYRET_SUCCESS;
1228:Generated_Source\PSoC4/CapSense_Sensing.c **** 
ARM GAS  C:\Users\Lenovo\AppData\Local\Temp\cc2HN0Qn.s 			page 23


1229:Generated_Source\PSoC4/CapSense_Sensing.c ****             do
1230:Generated_Source\PSoC4/CapSense_Sensing.c ****             {
1231:Generated_Source\PSoC4/CapSense_Sensing.c ****                 if ((CapSense_TOTAL_SLOTS - 1u) > CapSense_slotIndex)
1232:Generated_Source\PSoC4/CapSense_Sensing.c ****                 {
1233:Generated_Source\PSoC4/CapSense_Sensing.c ****                     CapSense_slotIndex++;
1234:Generated_Source\PSoC4/CapSense_Sensing.c ****                     postScanStatus = CapSense_SetupWidget((uint32)CapSense_slotIndex);
1235:Generated_Source\PSoC4/CapSense_Sensing.c **** 
1236:Generated_Source\PSoC4/CapSense_Sensing.c **** 
1237:Generated_Source\PSoC4/CapSense_Sensing.c ****                     if (CYRET_SUCCESS == postScanStatus)
1238:Generated_Source\PSoC4/CapSense_Sensing.c ****                     {
1239:Generated_Source\PSoC4/CapSense_Sensing.c ****                         if((CapSense_TOTAL_SLOTS - 1u) == CapSense_slotIndex)
1240:Generated_Source\PSoC4/CapSense_Sensing.c ****                         {
1241:Generated_Source\PSoC4/CapSense_Sensing.c ****                             /* The last slot will be scanned. Reset flag to skip configuring the ne
1242:Generated_Source\PSoC4/CapSense_Sensing.c ****                             CapSense_requestScanAllWidget = CapSense_DISABLE;
1243:Generated_Source\PSoC4/CapSense_Sensing.c ****                         }
1244:Generated_Source\PSoC4/CapSense_Sensing.c ****                         (void)CapSense_Scan();
1245:Generated_Source\PSoC4/CapSense_Sensing.c ****                     }
1246:Generated_Source\PSoC4/CapSense_Sensing.c ****                     else if((CapSense_TOTAL_SLOTS - 1u) == CapSense_slotIndex)
1247:Generated_Source\PSoC4/CapSense_Sensing.c ****                     {
1248:Generated_Source\PSoC4/CapSense_Sensing.c ****                         #if (CapSense_ENABLE == CapSense_BLOCK_OFF_AFTER_SCAN_EN)
1249:Generated_Source\PSoC4/CapSense_Sensing.c ****                             /*  Disable the CSD blocks */
1250:Generated_Source\PSoC4/CapSense_Sensing.c ****                             CY_SET_REG32(CapSense_CSD0_CONFIG_PTR, CapSense_configCsd0);
1251:Generated_Source\PSoC4/CapSense_Sensing.c ****                             CY_SET_REG32(CapSense_CSD1_CONFIG_PTR, CapSense_configCsd1);
1252:Generated_Source\PSoC4/CapSense_Sensing.c ****                         #endif /* (CapSense_ENABLE == CapSense_BLOCK_OFF_AFTER_SCAN_EN) */
1253:Generated_Source\PSoC4/CapSense_Sensing.c **** 
1254:Generated_Source\PSoC4/CapSense_Sensing.c ****                         /* All widgets are totally processed. Reset BUSY flag */
1255:Generated_Source\PSoC4/CapSense_Sensing.c ****                         CapSense_dsRam.status &= ~CapSense_SW_STS_BUSY;
1256:Generated_Source\PSoC4/CapSense_Sensing.c **** 
1257:Generated_Source\PSoC4/CapSense_Sensing.c ****                         /* Update status with with the failure */
1258:Generated_Source\PSoC4/CapSense_Sensing.c ****                         CapSense_dsRam.status &= ~CapSense_STATUS_ERR_MASK;
1259:Generated_Source\PSoC4/CapSense_Sensing.c ****                         CapSense_dsRam.status |= ((postScanStatus & CapSense_STATUS_ERR_SIZE) << Ca
1260:Generated_Source\PSoC4/CapSense_Sensing.c **** 
1261:Generated_Source\PSoC4/CapSense_Sensing.c ****                         /* Set postScanStatus to exit the while loop */
1262:Generated_Source\PSoC4/CapSense_Sensing.c ****                         postScanStatus = CYRET_SUCCESS;
1263:Generated_Source\PSoC4/CapSense_Sensing.c ****                     }
1264:Generated_Source\PSoC4/CapSense_Sensing.c ****                     else
1265:Generated_Source\PSoC4/CapSense_Sensing.c ****                     {
1266:Generated_Source\PSoC4/CapSense_Sensing.c ****                         /* Update status with with the failure. Configure the next widget in while(
1267:Generated_Source\PSoC4/CapSense_Sensing.c ****                         CapSense_dsRam.status &= ~CapSense_STATUS_ERR_MASK;
1268:Generated_Source\PSoC4/CapSense_Sensing.c ****                         CapSense_dsRam.status |= ((postScanStatus & CapSense_STATUS_ERR_SIZE) << Ca
1269:Generated_Source\PSoC4/CapSense_Sensing.c ****                     }
1270:Generated_Source\PSoC4/CapSense_Sensing.c ****                 }
1271:Generated_Source\PSoC4/CapSense_Sensing.c ****             } while (CYRET_SUCCESS != postScanStatus);
1272:Generated_Source\PSoC4/CapSense_Sensing.c ****         #endif /* (1u != CapSense_TOTAL_SLOTS) */
1273:Generated_Source\PSoC4/CapSense_Sensing.c ****     #endif /* (CapSense_CSD2X_EN == CapSense_DISABLE) */
1274:Generated_Source\PSoC4/CapSense_Sensing.c **** }
1275:Generated_Source\PSoC4/CapSense_Sensing.c **** 
1276:Generated_Source\PSoC4/CapSense_Sensing.c **** 
1277:Generated_Source\PSoC4/CapSense_Sensing.c **** /*******************************************************************************
1278:Generated_Source\PSoC4/CapSense_Sensing.c **** * Function Name: CapSense_SsIsrInitialize
1279:Generated_Source\PSoC4/CapSense_Sensing.c **** ****************************************************************************//**
1280:Generated_Source\PSoC4/CapSense_Sensing.c **** *
1281:Generated_Source\PSoC4/CapSense_Sensing.c **** * \brief
1282:Generated_Source\PSoC4/CapSense_Sensing.c **** *   Enables and initializes for the function pointer for a callback for the ISR.
1283:Generated_Source\PSoC4/CapSense_Sensing.c **** *
1284:Generated_Source\PSoC4/CapSense_Sensing.c **** * \details
1285:Generated_Source\PSoC4/CapSense_Sensing.c **** *   The  "address" is a special type cyisraddress defined by Cylib. This function
ARM GAS  C:\Users\Lenovo\AppData\Local\Temp\cc2HN0Qn.s 			page 24


1286:Generated_Source\PSoC4/CapSense_Sensing.c **** *   is used by component APIs and should not be used by an application program for
1287:Generated_Source\PSoC4/CapSense_Sensing.c **** *   proper working of the component.
1288:Generated_Source\PSoC4/CapSense_Sensing.c **** *
1289:Generated_Source\PSoC4/CapSense_Sensing.c **** * \param  address The address of the function to be called when interrupt is fired.
1290:Generated_Source\PSoC4/CapSense_Sensing.c **** *
1291:Generated_Source\PSoC4/CapSense_Sensing.c **** *******************************************************************************/
1292:Generated_Source\PSoC4/CapSense_Sensing.c **** void CapSense_SsIsrInitialize(cyisraddress address)
1293:Generated_Source\PSoC4/CapSense_Sensing.c **** {
1294:Generated_Source\PSoC4/CapSense_Sensing.c **** #if (CapSense_ENABLE == CapSense_CSD2X_EN)
1295:Generated_Source\PSoC4/CapSense_Sensing.c ****     CapSense_ISR0_StartEx(address);
1296:Generated_Source\PSoC4/CapSense_Sensing.c ****     CapSense_ISR1_StartEx(address);
1297:Generated_Source\PSoC4/CapSense_Sensing.c **** #else
1298:Generated_Source\PSoC4/CapSense_Sensing.c ****     CapSense_ISR_StartEx(address);
1299:Generated_Source\PSoC4/CapSense_Sensing.c **** #endif /* (CapSense_ENABLE == CapSense_CSD2X_EN) */
1300:Generated_Source\PSoC4/CapSense_Sensing.c **** }
1301:Generated_Source\PSoC4/CapSense_Sensing.c **** 
1302:Generated_Source\PSoC4/CapSense_Sensing.c **** 
1303:Generated_Source\PSoC4/CapSense_Sensing.c **** /*******************************************************************************
1304:Generated_Source\PSoC4/CapSense_Sensing.c **** * Function Name: CapSense_SsSetModClkClockDivider
1305:Generated_Source\PSoC4/CapSense_Sensing.c **** ****************************************************************************//**
1306:Generated_Source\PSoC4/CapSense_Sensing.c **** *
1307:Generated_Source\PSoC4/CapSense_Sensing.c **** * \brief
1308:Generated_Source\PSoC4/CapSense_Sensing.c **** *   Sets the divider values for the modulator clock and then starts
1309:Generated_Source\PSoC4/CapSense_Sensing.c **** *   the modulator clock.
1310:Generated_Source\PSoC4/CapSense_Sensing.c **** *
1311:Generated_Source\PSoC4/CapSense_Sensing.c **** * \details
1312:Generated_Source\PSoC4/CapSense_Sensing.c **** *   It is not recommended to call this function directly by the application layer.
1313:Generated_Source\PSoC4/CapSense_Sensing.c **** *   It is used by initialization, widget APIs or wakeup functions to
1314:Generated_Source\PSoC4/CapSense_Sensing.c **** *   enable the clocks.
1315:Generated_Source\PSoC4/CapSense_Sensing.c **** *
1316:Generated_Source\PSoC4/CapSense_Sensing.c **** * \param
1317:Generated_Source\PSoC4/CapSense_Sensing.c **** *   modClk The divider value for the modulator clock.
1318:Generated_Source\PSoC4/CapSense_Sensing.c **** *
1319:Generated_Source\PSoC4/CapSense_Sensing.c **** *******************************************************************************/
1320:Generated_Source\PSoC4/CapSense_Sensing.c **** void CapSense_SsSetModClkClockDivider(uint32 modClk)
1321:Generated_Source\PSoC4/CapSense_Sensing.c **** {
1322:Generated_Source\PSoC4/CapSense_Sensing.c **** #if (CapSense_ENABLE == CapSense_IS_M0S8PERI_BLOCK)
1323:Generated_Source\PSoC4/CapSense_Sensing.c ****     /*  Stop modulator clock   */
1324:Generated_Source\PSoC4/CapSense_Sensing.c ****     CY_SET_REG32(CapSense_MODCLK_CMD_PTR,
1325:Generated_Source\PSoC4/CapSense_Sensing.c ****                  ((uint32)CapSense_ModClk__DIV_ID <<
1326:Generated_Source\PSoC4/CapSense_Sensing.c ****                  CapSense_MODCLK_CMD_DIV_SHIFT)|
1327:Generated_Source\PSoC4/CapSense_Sensing.c ****                  ((uint32)CapSense_MODCLK_CMD_DISABLE_MASK));
1328:Generated_Source\PSoC4/CapSense_Sensing.c **** 
1329:Generated_Source\PSoC4/CapSense_Sensing.c ****     /*
1330:Generated_Source\PSoC4/CapSense_Sensing.c ****      * Set divider value for sense modClk.
1331:Generated_Source\PSoC4/CapSense_Sensing.c ****      * 1u is subtracted from modClk because Divider register value 0 corresponds
1332:Generated_Source\PSoC4/CapSense_Sensing.c ****      * to dividing by 1.
1333:Generated_Source\PSoC4/CapSense_Sensing.c ****      */
1334:Generated_Source\PSoC4/CapSense_Sensing.c ****     CY_SET_REG32(CapSense_MODCLK_DIV_PTR, ((modClk - 1u) << 8u));
1335:Generated_Source\PSoC4/CapSense_Sensing.c **** 
1336:Generated_Source\PSoC4/CapSense_Sensing.c ****     /*  Check whether previous modulator clock start command has finished. */
1337:Generated_Source\PSoC4/CapSense_Sensing.c ****     while(0u != (CY_GET_REG32(CapSense_MODCLK_CMD_PTR) & CapSense_MODCLK_CMD_ENABLE_MASK))
1338:Generated_Source\PSoC4/CapSense_Sensing.c ****     {
1339:Generated_Source\PSoC4/CapSense_Sensing.c ****         /*  Wait until previous modulator clock start command has finished. */
1340:Generated_Source\PSoC4/CapSense_Sensing.c ****     }
1341:Generated_Source\PSoC4/CapSense_Sensing.c **** 
1342:Generated_Source\PSoC4/CapSense_Sensing.c ****     /*  Start modulator clock, aligned to HFCLK */
ARM GAS  C:\Users\Lenovo\AppData\Local\Temp\cc2HN0Qn.s 			page 25


1343:Generated_Source\PSoC4/CapSense_Sensing.c ****     CY_SET_REG32(CapSense_MODCLK_CMD_PTR,
1344:Generated_Source\PSoC4/CapSense_Sensing.c ****                  (uint32)(((uint32)CapSense_ModClk__DIV_ID << CapSense_MODCLK_CMD_DIV_SHIFT) |
1345:Generated_Source\PSoC4/CapSense_Sensing.c ****                   ((uint32)CapSense_ModClk__PA_DIV_ID << CapSense_MODCLK_CMD_PA_DIV_SHIFT) |
1346:Generated_Source\PSoC4/CapSense_Sensing.c ****                   CapSense_MODCLK_CMD_ENABLE_MASK));
1347:Generated_Source\PSoC4/CapSense_Sensing.c **** #else
1348:Generated_Source\PSoC4/CapSense_Sensing.c ****     uint32 newRegValue;
1349:Generated_Source\PSoC4/CapSense_Sensing.c **** 
1350:Generated_Source\PSoC4/CapSense_Sensing.c ****     /* Clear bit to disable ModClk clock. */
1351:Generated_Source\PSoC4/CapSense_Sensing.c ****     CY_SET_REG32(CapSense_MODCLK_CMD_PTR,
1352:Generated_Source\PSoC4/CapSense_Sensing.c ****                  CY_GET_REG32(CapSense_MODCLK_CMD_PTR) &
1353:Generated_Source\PSoC4/CapSense_Sensing.c ****                  (uint32)(~CapSense_ModClk__ENABLE_MASK));
1354:Generated_Source\PSoC4/CapSense_Sensing.c **** 
1355:Generated_Source\PSoC4/CapSense_Sensing.c ****     /*
1356:Generated_Source\PSoC4/CapSense_Sensing.c ****      * Update ModClk clock divider.
1357:Generated_Source\PSoC4/CapSense_Sensing.c ****      * 1u is subtracted from modClk because Divider register value has range (0-65535).
1358:Generated_Source\PSoC4/CapSense_Sensing.c ****      */
1359:Generated_Source\PSoC4/CapSense_Sensing.c ****     newRegValue = CY_GET_REG32(CapSense_MODCLK_DIV_PTR) & (uint32)(~(uint32)CapSense_ModClk__DIVIDE
1360:Generated_Source\PSoC4/CapSense_Sensing.c ****     newRegValue |= (modClk - 1u);
1361:Generated_Source\PSoC4/CapSense_Sensing.c ****     CY_SET_REG32(CapSense_MODCLK_DIV_PTR, newRegValue);
1362:Generated_Source\PSoC4/CapSense_Sensing.c **** 
1363:Generated_Source\PSoC4/CapSense_Sensing.c ****     /* Set bit to enable ModClk clock. */
1364:Generated_Source\PSoC4/CapSense_Sensing.c ****     CY_SET_REG32(CapSense_MODCLK_CMD_PTR,
1365:Generated_Source\PSoC4/CapSense_Sensing.c ****                  CY_GET_REG32(CapSense_MODCLK_CMD_PTR) |
1366:Generated_Source\PSoC4/CapSense_Sensing.c ****                 CapSense_ModClk__ENABLE_MASK);
1367:Generated_Source\PSoC4/CapSense_Sensing.c **** #endif /* (CapSense_ENABLE == CapSense_IS_M0S8PERI_BLOCK) */
1368:Generated_Source\PSoC4/CapSense_Sensing.c **** }
1369:Generated_Source\PSoC4/CapSense_Sensing.c **** 
1370:Generated_Source\PSoC4/CapSense_Sensing.c **** 
1371:Generated_Source\PSoC4/CapSense_Sensing.c **** /*******************************************************************************
1372:Generated_Source\PSoC4/CapSense_Sensing.c **** * Function Name: CapSense_SsSetSnsClockDivider
1373:Generated_Source\PSoC4/CapSense_Sensing.c **** ****************************************************************************//**
1374:Generated_Source\PSoC4/CapSense_Sensing.c **** *
1375:Generated_Source\PSoC4/CapSense_Sensing.c **** * \brief
1376:Generated_Source\PSoC4/CapSense_Sensing.c **** *   Sets the divider values for the sense clock and then starts
1377:Generated_Source\PSoC4/CapSense_Sensing.c **** *   the sense clock.
1378:Generated_Source\PSoC4/CapSense_Sensing.c **** *
1379:Generated_Source\PSoC4/CapSense_Sensing.c **** * \details
1380:Generated_Source\PSoC4/CapSense_Sensing.c **** *   It is not recommended to call this function directly by the application layer.
1381:Generated_Source\PSoC4/CapSense_Sensing.c **** *   It is used by initialization, widget APIs or wakeup functions to
1382:Generated_Source\PSoC4/CapSense_Sensing.c **** *   enable the clocks.
1383:Generated_Source\PSoC4/CapSense_Sensing.c **** *
1384:Generated_Source\PSoC4/CapSense_Sensing.c **** * \param
1385:Generated_Source\PSoC4/CapSense_Sensing.c **** *   snsClk The divider value for the sense clock.
1386:Generated_Source\PSoC4/CapSense_Sensing.c **** *
1387:Generated_Source\PSoC4/CapSense_Sensing.c **** *******************************************************************************/
1388:Generated_Source\PSoC4/CapSense_Sensing.c **** void CapSense_SsSetSnsClockDivider(uint32 snsClk)
1389:Generated_Source\PSoC4/CapSense_Sensing.c **** {
1390:Generated_Source\PSoC4/CapSense_Sensing.c **** #if (CapSense_ENABLE == CapSense_CSDV2)
1391:Generated_Source\PSoC4/CapSense_Sensing.c ****     uint32 newRegValue;
1392:Generated_Source\PSoC4/CapSense_Sensing.c **** 
1393:Generated_Source\PSoC4/CapSense_Sensing.c ****     /*
1394:Generated_Source\PSoC4/CapSense_Sensing.c ****      * Set divider value for sense clock.
1395:Generated_Source\PSoC4/CapSense_Sensing.c ****      * 1u is subtracted from snsClk because SENSE_DIV value 0 corresponds
1396:Generated_Source\PSoC4/CapSense_Sensing.c ****      * to dividing by 1.
1397:Generated_Source\PSoC4/CapSense_Sensing.c ****      */
1398:Generated_Source\PSoC4/CapSense_Sensing.c ****     newRegValue = CY_GET_REG32(CapSense_SENSE_PERIOD_PTR);
1399:Generated_Source\PSoC4/CapSense_Sensing.c ****     newRegValue &= (uint32)(~CapSense_SENSE_PERIOD_SENSE_DIV_MASK);
ARM GAS  C:\Users\Lenovo\AppData\Local\Temp\cc2HN0Qn.s 			page 26


1400:Generated_Source\PSoC4/CapSense_Sensing.c ****     newRegValue |= snsClk - 1u;
1401:Generated_Source\PSoC4/CapSense_Sensing.c ****     CY_SET_REG32(CapSense_SENSE_PERIOD_PTR, newRegValue);
1402:Generated_Source\PSoC4/CapSense_Sensing.c **** #else
1403:Generated_Source\PSoC4/CapSense_Sensing.c ****     #if (CapSense_ENABLE == CapSense_IS_M0S8PERI_BLOCK)
1404:Generated_Source\PSoC4/CapSense_Sensing.c ****         /*  Stop sense clock clock   */
1405:Generated_Source\PSoC4/CapSense_Sensing.c ****         CY_SET_REG32(CapSense_SNSCLK_CMD_PTR,
1406:Generated_Source\PSoC4/CapSense_Sensing.c ****                      ((uint32)CapSense_SnsClk__DIV_ID <<
1407:Generated_Source\PSoC4/CapSense_Sensing.c ****                      CapSense_SNSCLK_CMD_DIV_SHIFT)|
1408:Generated_Source\PSoC4/CapSense_Sensing.c ****                      ((uint32)CapSense_SNSCLK_CMD_DISABLE_MASK));
1409:Generated_Source\PSoC4/CapSense_Sensing.c **** 
1410:Generated_Source\PSoC4/CapSense_Sensing.c ****         /*
1411:Generated_Source\PSoC4/CapSense_Sensing.c ****          * Set divider value for sense clock.
1412:Generated_Source\PSoC4/CapSense_Sensing.c ****          * 1u is subtracted from snsClk because Divider register value 0 corresponds
1413:Generated_Source\PSoC4/CapSense_Sensing.c ****          * to dividing by 1.
1414:Generated_Source\PSoC4/CapSense_Sensing.c ****          */
1415:Generated_Source\PSoC4/CapSense_Sensing.c ****         CY_SET_REG32(CapSense_SNSCLK_DIV_PTR, ((snsClk - 1u) << 8u));
1416:Generated_Source\PSoC4/CapSense_Sensing.c **** 
1417:Generated_Source\PSoC4/CapSense_Sensing.c ****         /*  Check whether previous sense clock start command has finished. */
1418:Generated_Source\PSoC4/CapSense_Sensing.c ****         while(0u != (CY_GET_REG32(CapSense_SNSCLK_CMD_PTR) & CapSense_SNSCLK_CMD_ENABLE_MASK))
1419:Generated_Source\PSoC4/CapSense_Sensing.c ****         {
1420:Generated_Source\PSoC4/CapSense_Sensing.c ****             /*  Wait until previous sense clock start command has finished. */
1421:Generated_Source\PSoC4/CapSense_Sensing.c ****         }
1422:Generated_Source\PSoC4/CapSense_Sensing.c **** 
1423:Generated_Source\PSoC4/CapSense_Sensing.c ****         /* Start sense clock aligned to previously started modulator clock. */
1424:Generated_Source\PSoC4/CapSense_Sensing.c ****         CY_SET_REG32(CapSense_SNSCLK_CMD_PTR,
1425:Generated_Source\PSoC4/CapSense_Sensing.c ****                      (uint32)(((uint32)CapSense_SnsClk__DIV_ID << CapSense_SNSCLK_CMD_DIV_SHIFT) |
1426:Generated_Source\PSoC4/CapSense_Sensing.c ****                       ((uint32)CapSense_ModClk__PA_DIV_ID << CapSense_SNSCLK_CMD_PA_DIV_SHIFT) |
1427:Generated_Source\PSoC4/CapSense_Sensing.c ****                       CapSense_SNSCLK_CMD_ENABLE_MASK));
1428:Generated_Source\PSoC4/CapSense_Sensing.c ****     #else
1429:Generated_Source\PSoC4/CapSense_Sensing.c ****         uint32 newRegValue;
1430:Generated_Source\PSoC4/CapSense_Sensing.c **** 
1431:Generated_Source\PSoC4/CapSense_Sensing.c ****         /* Clear bit to disable SnsClk clock. */
1432:Generated_Source\PSoC4/CapSense_Sensing.c ****         CY_SET_REG32(CapSense_SNSCLK_CMD_PTR,
1433:Generated_Source\PSoC4/CapSense_Sensing.c ****                      CY_GET_REG32(CapSense_SNSCLK_CMD_PTR) &
1434:Generated_Source\PSoC4/CapSense_Sensing.c ****                      (uint32)(~(uint32)CapSense_SnsClk__ENABLE_MASK));
1435:Generated_Source\PSoC4/CapSense_Sensing.c **** 
1436:Generated_Source\PSoC4/CapSense_Sensing.c ****         /*
1437:Generated_Source\PSoC4/CapSense_Sensing.c ****          * Update snsClk clock divider.
1438:Generated_Source\PSoC4/CapSense_Sensing.c ****          * 1u is subtracted from snsClk because Divider register value has range (0-65535).
1439:Generated_Source\PSoC4/CapSense_Sensing.c ****          */
1440:Generated_Source\PSoC4/CapSense_Sensing.c ****         newRegValue = CY_GET_REG32(CapSense_SNSCLK_DIV_PTR) & (uint32)(~(uint32)CapSense_SnsClk__DI
1441:Generated_Source\PSoC4/CapSense_Sensing.c ****         newRegValue |= (snsClk - 1u);
1442:Generated_Source\PSoC4/CapSense_Sensing.c ****         CY_SET_REG32(CapSense_SNSCLK_DIV_PTR, newRegValue);
1443:Generated_Source\PSoC4/CapSense_Sensing.c **** 
1444:Generated_Source\PSoC4/CapSense_Sensing.c ****         /* Set bit to enable SnsClk clock. */
1445:Generated_Source\PSoC4/CapSense_Sensing.c ****         CY_SET_REG32(CapSense_SNSCLK_CMD_PTR,
1446:Generated_Source\PSoC4/CapSense_Sensing.c ****                      CY_GET_REG32(CapSense_SNSCLK_CMD_PTR) |
1447:Generated_Source\PSoC4/CapSense_Sensing.c ****                     CapSense_SnsClk__ENABLE_MASK);
1448:Generated_Source\PSoC4/CapSense_Sensing.c ****     #endif /* (CapSense_ENABLE == CapSense_IS_M0S8PERI_BLOCK) */
1449:Generated_Source\PSoC4/CapSense_Sensing.c **** #endif /* (CapSense_ENABLE == CapSense_CSDV2) */
1450:Generated_Source\PSoC4/CapSense_Sensing.c **** }
1451:Generated_Source\PSoC4/CapSense_Sensing.c **** 
1452:Generated_Source\PSoC4/CapSense_Sensing.c **** 
1453:Generated_Source\PSoC4/CapSense_Sensing.c **** /*******************************************************************************
1454:Generated_Source\PSoC4/CapSense_Sensing.c **** * Function Name: CapSense_SsSetClockDividers
1455:Generated_Source\PSoC4/CapSense_Sensing.c **** ****************************************************************************//**
1456:Generated_Source\PSoC4/CapSense_Sensing.c **** *
ARM GAS  C:\Users\Lenovo\AppData\Local\Temp\cc2HN0Qn.s 			page 27


1457:Generated_Source\PSoC4/CapSense_Sensing.c **** * \brief
1458:Generated_Source\PSoC4/CapSense_Sensing.c **** *   Sets the divider values for sense and modulator clocks and then starts
1459:Generated_Source\PSoC4/CapSense_Sensing.c **** *   a modulator clock-phase aligned to HFCLK and sense clock-phase aligned to
1460:Generated_Source\PSoC4/CapSense_Sensing.c **** *   the modulator clock.
1461:Generated_Source\PSoC4/CapSense_Sensing.c **** *
1462:Generated_Source\PSoC4/CapSense_Sensing.c **** * \details
1463:Generated_Source\PSoC4/CapSense_Sensing.c **** *   It is not recommended to call this function directly by the application layer.
1464:Generated_Source\PSoC4/CapSense_Sensing.c **** *   It is used by initialization, widget APIs or wakeup functions to
1465:Generated_Source\PSoC4/CapSense_Sensing.c **** *   enable the clocks.
1466:Generated_Source\PSoC4/CapSense_Sensing.c **** *
1467:Generated_Source\PSoC4/CapSense_Sensing.c **** * \param
1468:Generated_Source\PSoC4/CapSense_Sensing.c **** *   snsClk The divider value for the sense clock.
1469:Generated_Source\PSoC4/CapSense_Sensing.c **** *   modClk The divider value for the modulator clock.
1470:Generated_Source\PSoC4/CapSense_Sensing.c **** *
1471:Generated_Source\PSoC4/CapSense_Sensing.c **** *******************************************************************************/
1472:Generated_Source\PSoC4/CapSense_Sensing.c **** void CapSense_SsSetClockDividers(uint32 snsClk, uint32 modClk)
1473:Generated_Source\PSoC4/CapSense_Sensing.c **** {
1474:Generated_Source\PSoC4/CapSense_Sensing.c ****     /* Configure Mod clock */
1475:Generated_Source\PSoC4/CapSense_Sensing.c ****     CapSense_SsSetModClkClockDivider(modClk);
1476:Generated_Source\PSoC4/CapSense_Sensing.c **** 
1477:Generated_Source\PSoC4/CapSense_Sensing.c ****     /* Configure Sns clock */
1478:Generated_Source\PSoC4/CapSense_Sensing.c ****     CapSense_SsSetSnsClockDivider(snsClk);
1479:Generated_Source\PSoC4/CapSense_Sensing.c **** }
1480:Generated_Source\PSoC4/CapSense_Sensing.c **** 
1481:Generated_Source\PSoC4/CapSense_Sensing.c **** 
1482:Generated_Source\PSoC4/CapSense_Sensing.c **** #if ((CapSense_ENABLE == CapSense_CSD_IDAC_AUTOCAL_EN) || \
1483:Generated_Source\PSoC4/CapSense_Sensing.c ****      (CapSense_ENABLE == CapSense_CSX_IDAC_AUTOCAL_EN))
1484:Generated_Source\PSoC4/CapSense_Sensing.c ****     /*******************************************************************************
1485:Generated_Source\PSoC4/CapSense_Sensing.c ****     * Function Name: CapSense_CalibrateWidget
1486:Generated_Source\PSoC4/CapSense_Sensing.c ****     ****************************************************************************//**
1487:Generated_Source\PSoC4/CapSense_Sensing.c ****     *
1488:Generated_Source\PSoC4/CapSense_Sensing.c ****     * \brief
1489:Generated_Source\PSoC4/CapSense_Sensing.c ****     *  Calibrates the IDACs for all sensors in the specified widget to default
1490:Generated_Source\PSoC4/CapSense_Sensing.c ****     *  target, this function detects sensing method used by the
1491:Generated_Source\PSoC4/CapSense_Sensing.c ****     *  widget prior to calibration.
1492:Generated_Source\PSoC4/CapSense_Sensing.c ****     *
1493:Generated_Source\PSoC4/CapSense_Sensing.c ****     * \details
1494:Generated_Source\PSoC4/CapSense_Sensing.c ****     *  This function performs exactly the same tasks as
1495:Generated_Source\PSoC4/CapSense_Sensing.c ****     *  CapSense_CalibrateAllWidgets, but only for a specified widget.
1496:Generated_Source\PSoC4/CapSense_Sensing.c ****     *  This function detects the sensing method used by the widgets and takes
1497:Generated_Source\PSoC4/CapSense_Sensing.c ****     *  into account the Enable compensation IDAC parameter.
1498:Generated_Source\PSoC4/CapSense_Sensing.c ****     *
1499:Generated_Source\PSoC4/CapSense_Sensing.c ****     *  This function is available when the CSD and/or CSX Enable IDAC
1500:Generated_Source\PSoC4/CapSense_Sensing.c ****     *  auto-calibration parameter is enabled.
1501:Generated_Source\PSoC4/CapSense_Sensing.c **** 
1502:Generated_Source\PSoC4/CapSense_Sensing.c ****     *
1503:Generated_Source\PSoC4/CapSense_Sensing.c ****     * \param widgetId
1504:Generated_Source\PSoC4/CapSense_Sensing.c ****     *  Specify the ID number of the widget to calibrate its raw count.
1505:Generated_Source\PSoC4/CapSense_Sensing.c ****     *  A macro for the widget ID can be found in the
1506:Generated_Source\PSoC4/CapSense_Sensing.c ****     *  CapSense Configuration header file defined as
1507:Generated_Source\PSoC4/CapSense_Sensing.c ****     *  CapSense_<WidgetName>_WDGT_ID.
1508:Generated_Source\PSoC4/CapSense_Sensing.c ****     *
1509:Generated_Source\PSoC4/CapSense_Sensing.c ****     * \return
1510:Generated_Source\PSoC4/CapSense_Sensing.c ****     *  Returns the status of the specified widget calibration:
1511:Generated_Source\PSoC4/CapSense_Sensing.c ****     *    - CYRET_SUCCESS if operation is successfully completed.
1512:Generated_Source\PSoC4/CapSense_Sensing.c ****     *    - CYRET_BAD_PARAM if the input parameter is invalid.
1513:Generated_Source\PSoC4/CapSense_Sensing.c ****     *    - CYRET_BAD_DATA if the calibration failed and the component may not
ARM GAS  C:\Users\Lenovo\AppData\Local\Temp\cc2HN0Qn.s 			page 28


1514:Generated_Source\PSoC4/CapSense_Sensing.c ****     *      operate as expected.
1515:Generated_Source\PSoC4/CapSense_Sensing.c ****     *
1516:Generated_Source\PSoC4/CapSense_Sensing.c ****     *******************************************************************************/
1517:Generated_Source\PSoC4/CapSense_Sensing.c ****     cystatus CapSense_CalibrateWidget(uint32 widgetId)
1518:Generated_Source\PSoC4/CapSense_Sensing.c ****     {
1519:Generated_Source\PSoC4/CapSense_Sensing.c ****         cystatus calibrateStatus = CYRET_SUCCESS;
1520:Generated_Source\PSoC4/CapSense_Sensing.c **** 
1521:Generated_Source\PSoC4/CapSense_Sensing.c ****         do
1522:Generated_Source\PSoC4/CapSense_Sensing.c ****         {
1523:Generated_Source\PSoC4/CapSense_Sensing.c ****             if (CapSense_TOTAL_WIDGETS <= widgetId)
1524:Generated_Source\PSoC4/CapSense_Sensing.c ****             {
1525:Generated_Source\PSoC4/CapSense_Sensing.c ****                 calibrateStatus = CYRET_BAD_PARAM;
1526:Generated_Source\PSoC4/CapSense_Sensing.c ****             }
1527:Generated_Source\PSoC4/CapSense_Sensing.c **** 
1528:Generated_Source\PSoC4/CapSense_Sensing.c ****             /*
1529:Generated_Source\PSoC4/CapSense_Sensing.c ****              *  Check if widget id is valid, specified widget did not
1530:Generated_Source\PSoC4/CapSense_Sensing.c ****              *  detect any faults conditions if BIST is enabled.
1531:Generated_Source\PSoC4/CapSense_Sensing.c ****              */
1532:Generated_Source\PSoC4/CapSense_Sensing.c ****             #if (CapSense_ENABLE == CapSense_SELF_TEST_EN)
1533:Generated_Source\PSoC4/CapSense_Sensing.c ****                 if (0u != CapSense_GET_WIDGET_EN_STATUS(widgetId))
1534:Generated_Source\PSoC4/CapSense_Sensing.c ****                 {
1535:Generated_Source\PSoC4/CapSense_Sensing.c ****                     calibrateStatus = CYRET_SUCCESS;
1536:Generated_Source\PSoC4/CapSense_Sensing.c ****                 }
1537:Generated_Source\PSoC4/CapSense_Sensing.c ****                 else
1538:Generated_Source\PSoC4/CapSense_Sensing.c ****                 {
1539:Generated_Source\PSoC4/CapSense_Sensing.c ****                     calibrateStatus = CYRET_INVALID_STATE;
1540:Generated_Source\PSoC4/CapSense_Sensing.c ****                 }
1541:Generated_Source\PSoC4/CapSense_Sensing.c ****             #endif  /* (CapSense_ENABLE == CapSense_SELF_TEST_EN) */
1542:Generated_Source\PSoC4/CapSense_Sensing.c **** 
1543:Generated_Source\PSoC4/CapSense_Sensing.c ****             if (CYRET_SUCCESS != calibrateStatus)
1544:Generated_Source\PSoC4/CapSense_Sensing.c ****             {
1545:Generated_Source\PSoC4/CapSense_Sensing.c ****                 /* Exit from the loop because of a fail */
1546:Generated_Source\PSoC4/CapSense_Sensing.c ****                 break;
1547:Generated_Source\PSoC4/CapSense_Sensing.c ****             }
1548:Generated_Source\PSoC4/CapSense_Sensing.c **** 
1549:Generated_Source\PSoC4/CapSense_Sensing.c ****             /* If CSD2X is enabled, calibrate CSD sensor    */
1550:Generated_Source\PSoC4/CapSense_Sensing.c ****             #if (CapSense_ENABLE == CapSense_CSD2X_EN)
1551:Generated_Source\PSoC4/CapSense_Sensing.c ****                 /* Calibrate CSD2X slot */
1552:Generated_Source\PSoC4/CapSense_Sensing.c ****                 calibrateStatus = CapSense_CSD2XCalibrateWidget(widgetId, CapSense_CSD_RAWCOUNT_CAL
1553:Generated_Source\PSoC4/CapSense_Sensing.c **** 
1554:Generated_Source\PSoC4/CapSense_Sensing.c ****             /*  If both CSD and CSX are enabled, calibrate widget using sensing method */
1555:Generated_Source\PSoC4/CapSense_Sensing.c ****             #elif (CapSense_ENABLE == CapSense_CSD_CSX_EN)
1556:Generated_Source\PSoC4/CapSense_Sensing.c **** 
1557:Generated_Source\PSoC4/CapSense_Sensing.c ****                 /* Check widget sensing method and call appropriate APIs */
1558:Generated_Source\PSoC4/CapSense_Sensing.c ****                 #if (CapSense_ENABLE == CapSense_CSX_IDAC_AUTOCAL_EN)
1559:Generated_Source\PSoC4/CapSense_Sensing.c ****                     if (CapSense_SENSE_METHOD_CSX_E ==
1560:Generated_Source\PSoC4/CapSense_Sensing.c ****                         CapSense_GET_SENSE_METHOD(&CapSense_dsFlash.wdgtArray[widgetId]))
1561:Generated_Source\PSoC4/CapSense_Sensing.c ****                     {
1562:Generated_Source\PSoC4/CapSense_Sensing.c ****                         /* Calibrate CSX widget  */
1563:Generated_Source\PSoC4/CapSense_Sensing.c ****                        CapSense_CSXCalibrateWidget(widgetId, CapSense_CSX_RAWCOUNT_CAL_LEVEL);
1564:Generated_Source\PSoC4/CapSense_Sensing.c ****                     }
1565:Generated_Source\PSoC4/CapSense_Sensing.c ****                 #endif  /* (CapSense_ENABLE == CapSense_CSX_IDAC_AUTOCAL_EN) */
1566:Generated_Source\PSoC4/CapSense_Sensing.c **** 
1567:Generated_Source\PSoC4/CapSense_Sensing.c ****                 #if (CapSense_ENABLE == CapSense_CSD_IDAC_AUTOCAL_EN)
1568:Generated_Source\PSoC4/CapSense_Sensing.c ****                     if (CapSense_SENSE_METHOD_CSD_E ==
1569:Generated_Source\PSoC4/CapSense_Sensing.c ****                         CapSense_GET_SENSE_METHOD(&CapSense_dsFlash.wdgtArray[widgetId]))
1570:Generated_Source\PSoC4/CapSense_Sensing.c ****                     {
ARM GAS  C:\Users\Lenovo\AppData\Local\Temp\cc2HN0Qn.s 			page 29


1571:Generated_Source\PSoC4/CapSense_Sensing.c ****                         /* Calibrate CSD widget */
1572:Generated_Source\PSoC4/CapSense_Sensing.c ****                         calibrateStatus = CapSense_CSDCalibrateWidget(widgetId, CapSense_CSD_RAWCOU
1573:Generated_Source\PSoC4/CapSense_Sensing.c ****                     }
1574:Generated_Source\PSoC4/CapSense_Sensing.c ****                 #endif  /* (CapSense_ENABLE == CapSense_CSD_IDAC_AUTOCAL_EN) */
1575:Generated_Source\PSoC4/CapSense_Sensing.c **** 
1576:Generated_Source\PSoC4/CapSense_Sensing.c ****             /*  If only CSD is enabled, calibrate CSD sensor  */
1577:Generated_Source\PSoC4/CapSense_Sensing.c ****             #elif (CapSense_ENABLE == CapSense_CSD_EN)
1578:Generated_Source\PSoC4/CapSense_Sensing.c ****                 calibrateStatus = CapSense_CSDCalibrateWidget(widgetId, CapSense_CSD_RAWCOUNT_CAL_L
1579:Generated_Source\PSoC4/CapSense_Sensing.c **** 
1580:Generated_Source\PSoC4/CapSense_Sensing.c ****             /*  If only CSX is enabled, call CSX scan   */
1581:Generated_Source\PSoC4/CapSense_Sensing.c ****             #elif (CapSense_ENABLE == CapSense_CSX_EN)
1582:Generated_Source\PSoC4/CapSense_Sensing.c ****                 CapSense_CSXCalibrateWidget(widgetId, CapSense_CSX_RAWCOUNT_CAL_LEVEL);
1583:Generated_Source\PSoC4/CapSense_Sensing.c **** 
1584:Generated_Source\PSoC4/CapSense_Sensing.c ****             #else
1585:Generated_Source\PSoC4/CapSense_Sensing.c ****                 calibrateStatus = CYRET_UNKNOWN;
1586:Generated_Source\PSoC4/CapSense_Sensing.c ****             #endif  /* (CapSense_ENABLE == CapSense_CSD2X_EN) */
1587:Generated_Source\PSoC4/CapSense_Sensing.c **** 
1588:Generated_Source\PSoC4/CapSense_Sensing.c ****              /* Update CRC */
1589:Generated_Source\PSoC4/CapSense_Sensing.c ****             #if (CapSense_ENABLE ==CapSense_TST_WDGT_CRC_EN)
1590:Generated_Source\PSoC4/CapSense_Sensing.c ****                 CapSense_DsUpdateWidgetCrc(widgetId);
1591:Generated_Source\PSoC4/CapSense_Sensing.c ****             #endif /* (CapSense_ENABLE ==CapSense_TST_WDGT_CRC_EN) */
1592:Generated_Source\PSoC4/CapSense_Sensing.c **** 
1593:Generated_Source\PSoC4/CapSense_Sensing.c ****         } while (0u);
1594:Generated_Source\PSoC4/CapSense_Sensing.c **** 
1595:Generated_Source\PSoC4/CapSense_Sensing.c ****         return calibrateStatus;
1596:Generated_Source\PSoC4/CapSense_Sensing.c ****     }
1597:Generated_Source\PSoC4/CapSense_Sensing.c **** 
1598:Generated_Source\PSoC4/CapSense_Sensing.c **** 
1599:Generated_Source\PSoC4/CapSense_Sensing.c ****     /*******************************************************************************
1600:Generated_Source\PSoC4/CapSense_Sensing.c ****     * Function Name: CapSense_CalibrateAllWidgets
1601:Generated_Source\PSoC4/CapSense_Sensing.c ****     ****************************************************************************//**
1602:Generated_Source\PSoC4/CapSense_Sensing.c ****     *
1603:Generated_Source\PSoC4/CapSense_Sensing.c ****     * \brief
1604:Generated_Source\PSoC4/CapSense_Sensing.c ****     *  Calibrates the IDACs for all widgets in the component to default target
1605:Generated_Source\PSoC4/CapSense_Sensing.c ****     *  (85%) value, this function detects sensing method used by the widgets
1606:Generated_Source\PSoC4/CapSense_Sensing.c ****     *  prior to calibration.
1607:Generated_Source\PSoC4/CapSense_Sensing.c ****     *
1608:Generated_Source\PSoC4/CapSense_Sensing.c ****     * \details
1609:Generated_Source\PSoC4/CapSense_Sensing.c ****     *  Calibrates the IDACs for all widgets in the component to the default
1610:Generated_Source\PSoC4/CapSense_Sensing.c ****     *  target (85% of maximum possible raw count) value. This function detects
1611:Generated_Source\PSoC4/CapSense_Sensing.c ****     *  the sensing method used by the widgets and takes into account the Enable
1612:Generated_Source\PSoC4/CapSense_Sensing.c ****     *  compensation IDAC parameter.
1613:Generated_Source\PSoC4/CapSense_Sensing.c ****     *
1614:Generated_Source\PSoC4/CapSense_Sensing.c ****     *  This function is available when the CSD and/or CSX Enable IDAC
1615:Generated_Source\PSoC4/CapSense_Sensing.c ****     *  auto-calibration parameter is enabled.
1616:Generated_Source\PSoC4/CapSense_Sensing.c ****     *
1617:Generated_Source\PSoC4/CapSense_Sensing.c ****     * \return
1618:Generated_Source\PSoC4/CapSense_Sensing.c ****     *  Returns the status of the calibration process:
1619:Generated_Source\PSoC4/CapSense_Sensing.c ****     *    - CYRET_SUCCESS if the operation is successfully completed.
1620:Generated_Source\PSoC4/CapSense_Sensing.c ****     *    - CYRET_BAD_DATA if the calibration failed and the component may not
1621:Generated_Source\PSoC4/CapSense_Sensing.c ****     *      operate as expected.
1622:Generated_Source\PSoC4/CapSense_Sensing.c ****     *
1623:Generated_Source\PSoC4/CapSense_Sensing.c ****     *******************************************************************************/
1624:Generated_Source\PSoC4/CapSense_Sensing.c ****     cystatus CapSense_CalibrateAllWidgets(void)
1625:Generated_Source\PSoC4/CapSense_Sensing.c ****     {
1626:Generated_Source\PSoC4/CapSense_Sensing.c ****         cystatus calibrateStatus = CYRET_SUCCESS;
1627:Generated_Source\PSoC4/CapSense_Sensing.c ****         uint32 wdgtIndex;
ARM GAS  C:\Users\Lenovo\AppData\Local\Temp\cc2HN0Qn.s 			page 30


1628:Generated_Source\PSoC4/CapSense_Sensing.c **** 
1629:Generated_Source\PSoC4/CapSense_Sensing.c ****         for (wdgtIndex = 0u; wdgtIndex < CapSense_TOTAL_WIDGETS; wdgtIndex++)
1630:Generated_Source\PSoC4/CapSense_Sensing.c ****         {
1631:Generated_Source\PSoC4/CapSense_Sensing.c ****             calibrateStatus |= CapSense_CalibrateWidget(wdgtIndex);
1632:Generated_Source\PSoC4/CapSense_Sensing.c ****         }
1633:Generated_Source\PSoC4/CapSense_Sensing.c **** 
1634:Generated_Source\PSoC4/CapSense_Sensing.c ****         return calibrateStatus;
1635:Generated_Source\PSoC4/CapSense_Sensing.c ****     }
1636:Generated_Source\PSoC4/CapSense_Sensing.c **** #endif /* ((CapSense_ENABLE == CapSense_CSD_IDAC_AUTOCAL_EN) ||
1637:Generated_Source\PSoC4/CapSense_Sensing.c ****            (CapSense_ENABLE == CapSense_CSX_IDAC_AUTOCAL_EN)) */
1638:Generated_Source\PSoC4/CapSense_Sensing.c **** 
1639:Generated_Source\PSoC4/CapSense_Sensing.c **** 
1640:Generated_Source\PSoC4/CapSense_Sensing.c **** #if (CapSense_CSD_SS_DIS != CapSense_CSD_AUTOTUNE)
1641:Generated_Source\PSoC4/CapSense_Sensing.c ****     #if (CapSense_ENABLE == CapSense_CSD2X_EN)
1642:Generated_Source\PSoC4/CapSense_Sensing.c ****         /*******************************************************************************
1643:Generated_Source\PSoC4/CapSense_Sensing.c ****         * Function Name: CapSense_SsSetEqualSlotClock
1644:Generated_Source\PSoC4/CapSense_Sensing.c ****         ****************************************************************************//**
1645:Generated_Source\PSoC4/CapSense_Sensing.c ****         *
1646:Generated_Source\PSoC4/CapSense_Sensing.c ****         * \brief
1647:Generated_Source\PSoC4/CapSense_Sensing.c ****         *  This function sets sense clocks to be equal on both CSD blocks.
1648:Generated_Source\PSoC4/CapSense_Sensing.c ****         *
1649:Generated_Source\PSoC4/CapSense_Sensing.c ****         * \details
1650:Generated_Source\PSoC4/CapSense_Sensing.c ****         *  This function sets clock dividers to equal
1651:Generated_Source\PSoC4/CapSense_Sensing.c ****         *  to widget divider that has higher value.
1652:Generated_Source\PSoC4/CapSense_Sensing.c ****         *
1653:Generated_Source\PSoC4/CapSense_Sensing.c ****         *
1654:Generated_Source\PSoC4/CapSense_Sensing.c ****         *******************************************************************************/
1655:Generated_Source\PSoC4/CapSense_Sensing.c ****         static void CapSense_SsSetEqualSlotClock(void)
1656:Generated_Source\PSoC4/CapSense_Sensing.c ****         {
1657:Generated_Source\PSoC4/CapSense_Sensing.c ****             CapSense_RAM_WD_BASE_STRUCT *ptrCSD0Wdgt = 0u;
1658:Generated_Source\PSoC4/CapSense_Sensing.c ****             CapSense_RAM_WD_BASE_STRUCT *ptrCSD1Wdgt = 0u;
1659:Generated_Source\PSoC4/CapSense_Sensing.c ****             uint32 widgetIndex;
1660:Generated_Source\PSoC4/CapSense_Sensing.c ****             uint32 emptySlot;
1661:Generated_Source\PSoC4/CapSense_Sensing.c **** 
1662:Generated_Source\PSoC4/CapSense_Sensing.c ****             /* Make sure that sense clocks are equal on both CSD blocks */
1663:Generated_Source\PSoC4/CapSense_Sensing.c ****             for (widgetIndex = 0u; widgetIndex < CapSense_TOTAL_WIDGETS; widgetIndex++)
1664:Generated_Source\PSoC4/CapSense_Sensing.c ****             {
1665:Generated_Source\PSoC4/CapSense_Sensing.c ****                 emptySlot = 0u;
1666:Generated_Source\PSoC4/CapSense_Sensing.c ****                 for (CapSense_slotIndex = 0u; CapSense_slotIndex < CapSense_TOTAL_SLOTS; CapSense_s
1667:Generated_Source\PSoC4/CapSense_Sensing.c ****                 {
1668:Generated_Source\PSoC4/CapSense_Sensing.c ****                     CapSense_widgetIndex0 = CapSense_scanSlots[CapSense_slotIndex].csd0WidgetId;
1669:Generated_Source\PSoC4/CapSense_Sensing.c ****                     CapSense_sensorIndex0 = CapSense_scanSlots[CapSense_slotIndex].csd0SensorId;
1670:Generated_Source\PSoC4/CapSense_Sensing.c **** 
1671:Generated_Source\PSoC4/CapSense_Sensing.c ****                     CapSense_widgetIndex1 = CapSense_scanSlots[CapSense_slotIndex].csd1WidgetId;
1672:Generated_Source\PSoC4/CapSense_Sensing.c ****                     CapSense_sensorIndex1 = CapSense_scanSlots[CapSense_slotIndex].csd1SensorId;
1673:Generated_Source\PSoC4/CapSense_Sensing.c **** 
1674:Generated_Source\PSoC4/CapSense_Sensing.c ****                     if (CapSense_EMPTY_SLOT == CapSense_widgetIndex0)
1675:Generated_Source\PSoC4/CapSense_Sensing.c ****                     {
1676:Generated_Source\PSoC4/CapSense_Sensing.c ****                         emptySlot++;
1677:Generated_Source\PSoC4/CapSense_Sensing.c ****                     }
1678:Generated_Source\PSoC4/CapSense_Sensing.c **** 
1679:Generated_Source\PSoC4/CapSense_Sensing.c ****                     if (CapSense_EMPTY_SLOT == CapSense_widgetIndex1)
1680:Generated_Source\PSoC4/CapSense_Sensing.c ****                     {
1681:Generated_Source\PSoC4/CapSense_Sensing.c ****                         emptySlot++;
1682:Generated_Source\PSoC4/CapSense_Sensing.c ****                     }
1683:Generated_Source\PSoC4/CapSense_Sensing.c **** 
1684:Generated_Source\PSoC4/CapSense_Sensing.c ****                     if (0u == emptySlot)
ARM GAS  C:\Users\Lenovo\AppData\Local\Temp\cc2HN0Qn.s 			page 31


1685:Generated_Source\PSoC4/CapSense_Sensing.c ****                     {
1686:Generated_Source\PSoC4/CapSense_Sensing.c ****                         ptrCSD0Wdgt = (CapSense_RAM_WD_BASE_STRUCT *)
1687:Generated_Source\PSoC4/CapSense_Sensing.c ****                                        CapSense_dsFlash.wdgtArray[CapSense_widgetIndex0].ptr2WdgtRa
1688:Generated_Source\PSoC4/CapSense_Sensing.c ****                         ptrCSD1Wdgt = (CapSense_RAM_WD_BASE_STRUCT *)
1689:Generated_Source\PSoC4/CapSense_Sensing.c ****                                        CapSense_dsFlash.wdgtArray[CapSense_widgetIndex1].ptr2WdgtRa
1690:Generated_Source\PSoC4/CapSense_Sensing.c **** 
1691:Generated_Source\PSoC4/CapSense_Sensing.c ****                         #if (CapSense_CSD_MATRIX_WIDGET_EN | CapSense_CSD_TOUCHPAD_WIDGET_EN)
1692:Generated_Source\PSoC4/CapSense_Sensing.c ****                             /* Check if current slot for CSD0 block has a row */
1693:Generated_Source\PSoC4/CapSense_Sensing.c ****                             if (CapSense_dsFlash.wdgtArray[CapSense_widgetIndex0].numCols <= CapSen
1694:Generated_Source\PSoC4/CapSense_Sensing.c ****                             {
1695:Generated_Source\PSoC4/CapSense_Sensing.c ****                                 /* Check if current slot for CSD1 block has a row */
1696:Generated_Source\PSoC4/CapSense_Sensing.c ****                                 if (CapSense_dsFlash.wdgtArray[CapSense_widgetIndex1].numCols <= Ca
1697:Generated_Source\PSoC4/CapSense_Sensing.c ****                                 {
1698:Generated_Source\PSoC4/CapSense_Sensing.c ****                                     /* Both slots have the rows. Compare rowSnsClk and reassign the
1699:Generated_Source\PSoC4/CapSense_Sensing.c ****                                     if (ptrCSD0Wdgt->rowSnsClk < ptrCSD1Wdgt->rowSnsClk)
1700:Generated_Source\PSoC4/CapSense_Sensing.c ****                                     {
1701:Generated_Source\PSoC4/CapSense_Sensing.c ****                                         ptrCSD0Wdgt->rowSnsClk = ptrCSD1Wdgt->rowSnsClk;
1702:Generated_Source\PSoC4/CapSense_Sensing.c ****                                     }
1703:Generated_Source\PSoC4/CapSense_Sensing.c ****                                     else
1704:Generated_Source\PSoC4/CapSense_Sensing.c ****                                     {
1705:Generated_Source\PSoC4/CapSense_Sensing.c ****                                         ptrCSD1Wdgt->rowSnsClk = ptrCSD0Wdgt->rowSnsClk;
1706:Generated_Source\PSoC4/CapSense_Sensing.c ****                                     }
1707:Generated_Source\PSoC4/CapSense_Sensing.c ****                                 }
1708:Generated_Source\PSoC4/CapSense_Sensing.c ****                                 else
1709:Generated_Source\PSoC4/CapSense_Sensing.c ****                                 {
1710:Generated_Source\PSoC4/CapSense_Sensing.c ****                                     /* CSD0 block has the row and CSD1 block has the column. Compar
1711:Generated_Source\PSoC4/CapSense_Sensing.c ****                                     if (ptrCSD0Wdgt->rowSnsClk < ptrCSD1Wdgt->snsClk)
1712:Generated_Source\PSoC4/CapSense_Sensing.c ****                                     {
1713:Generated_Source\PSoC4/CapSense_Sensing.c ****                                         ptrCSD0Wdgt->rowSnsClk = ptrCSD1Wdgt->snsClk;
1714:Generated_Source\PSoC4/CapSense_Sensing.c ****                                     }
1715:Generated_Source\PSoC4/CapSense_Sensing.c ****                                     else
1716:Generated_Source\PSoC4/CapSense_Sensing.c ****                                     {
1717:Generated_Source\PSoC4/CapSense_Sensing.c ****                                         ptrCSD1Wdgt->snsClk = ptrCSD0Wdgt->rowSnsClk;
1718:Generated_Source\PSoC4/CapSense_Sensing.c ****                                     }
1719:Generated_Source\PSoC4/CapSense_Sensing.c ****                                 }
1720:Generated_Source\PSoC4/CapSense_Sensing.c ****                             }
1721:Generated_Source\PSoC4/CapSense_Sensing.c ****                             else
1722:Generated_Source\PSoC4/CapSense_Sensing.c ****                             {
1723:Generated_Source\PSoC4/CapSense_Sensing.c ****                                 /* Check if current slot for CSD1 block has a row */
1724:Generated_Source\PSoC4/CapSense_Sensing.c ****                                 if (CapSense_dsFlash.wdgtArray[CapSense_widgetIndex1].numCols <= Ca
1725:Generated_Source\PSoC4/CapSense_Sensing.c ****                                 {
1726:Generated_Source\PSoC4/CapSense_Sensing.c ****                                     /* CSD0 block has the column and CSD1 block has the row. Compar
1727:Generated_Source\PSoC4/CapSense_Sensing.c ****                                     if (ptrCSD0Wdgt->snsClk < ptrCSD1Wdgt->rowSnsClk)
1728:Generated_Source\PSoC4/CapSense_Sensing.c ****                                     {
1729:Generated_Source\PSoC4/CapSense_Sensing.c ****                                         ptrCSD0Wdgt->snsClk = ptrCSD1Wdgt->rowSnsClk;
1730:Generated_Source\PSoC4/CapSense_Sensing.c ****                                     }
1731:Generated_Source\PSoC4/CapSense_Sensing.c ****                                     else
1732:Generated_Source\PSoC4/CapSense_Sensing.c ****                                     {
1733:Generated_Source\PSoC4/CapSense_Sensing.c ****                                         ptrCSD1Wdgt->rowSnsClk = ptrCSD0Wdgt->snsClk;
1734:Generated_Source\PSoC4/CapSense_Sensing.c ****                                     }
1735:Generated_Source\PSoC4/CapSense_Sensing.c ****                                 }
1736:Generated_Source\PSoC4/CapSense_Sensing.c ****                                 else
1737:Generated_Source\PSoC4/CapSense_Sensing.c ****                                 {
1738:Generated_Source\PSoC4/CapSense_Sensing.c ****                                     /* Both slots have the columns. Compare snsClk and reassign the
1739:Generated_Source\PSoC4/CapSense_Sensing.c ****                                     if (ptrCSD0Wdgt->snsClk < ptrCSD1Wdgt->snsClk)
1740:Generated_Source\PSoC4/CapSense_Sensing.c ****                                     {
1741:Generated_Source\PSoC4/CapSense_Sensing.c ****                                         ptrCSD0Wdgt->snsClk = ptrCSD1Wdgt->snsClk;
ARM GAS  C:\Users\Lenovo\AppData\Local\Temp\cc2HN0Qn.s 			page 32


1742:Generated_Source\PSoC4/CapSense_Sensing.c ****                                     }
1743:Generated_Source\PSoC4/CapSense_Sensing.c ****                                     else
1744:Generated_Source\PSoC4/CapSense_Sensing.c ****                                     {
1745:Generated_Source\PSoC4/CapSense_Sensing.c ****                                         ptrCSD1Wdgt->snsClk = ptrCSD0Wdgt->snsClk;
1746:Generated_Source\PSoC4/CapSense_Sensing.c ****                                     }
1747:Generated_Source\PSoC4/CapSense_Sensing.c ****                                 }
1748:Generated_Source\PSoC4/CapSense_Sensing.c ****                             }
1749:Generated_Source\PSoC4/CapSense_Sensing.c ****                         #else
1750:Generated_Source\PSoC4/CapSense_Sensing.c ****                             /* Compare snsClk and reassign the higher divider to widget with the lo
1751:Generated_Source\PSoC4/CapSense_Sensing.c ****                             if (ptrCSD0Wdgt->snsClk < ptrCSD1Wdgt->snsClk)
1752:Generated_Source\PSoC4/CapSense_Sensing.c ****                             {
1753:Generated_Source\PSoC4/CapSense_Sensing.c ****                                 ptrCSD0Wdgt->snsClk = ptrCSD1Wdgt->snsClk;
1754:Generated_Source\PSoC4/CapSense_Sensing.c ****                             }
1755:Generated_Source\PSoC4/CapSense_Sensing.c ****                             else
1756:Generated_Source\PSoC4/CapSense_Sensing.c ****                             {
1757:Generated_Source\PSoC4/CapSense_Sensing.c ****                                 ptrCSD1Wdgt->snsClk = ptrCSD0Wdgt->snsClk;
1758:Generated_Source\PSoC4/CapSense_Sensing.c ****                             }
1759:Generated_Source\PSoC4/CapSense_Sensing.c ****                         #endif /* (CapSense_CSD_MATRIX_WIDGET_EN | CapSense_CSD_TOUCHPAD_WIDGET_EN)
1760:Generated_Source\PSoC4/CapSense_Sensing.c ****                     }
1761:Generated_Source\PSoC4/CapSense_Sensing.c ****                 }
1762:Generated_Source\PSoC4/CapSense_Sensing.c ****             }
1763:Generated_Source\PSoC4/CapSense_Sensing.c ****         }
1764:Generated_Source\PSoC4/CapSense_Sensing.c **** 
1765:Generated_Source\PSoC4/CapSense_Sensing.c **** 
1766:Generated_Source\PSoC4/CapSense_Sensing.c ****         /*******************************************************************************
1767:Generated_Source\PSoC4/CapSense_Sensing.c ****         * Function Name: CapSense_SsSetCSD0DirectClockMode
1768:Generated_Source\PSoC4/CapSense_Sensing.c ****         ****************************************************************************//**
1769:Generated_Source\PSoC4/CapSense_Sensing.c ****         *
1770:Generated_Source\PSoC4/CapSense_Sensing.c ****         * \brief
1771:Generated_Source\PSoC4/CapSense_Sensing.c ****         *  Sets Direct Clock Mode.
1772:Generated_Source\PSoC4/CapSense_Sensing.c ****         *
1773:Generated_Source\PSoC4/CapSense_Sensing.c ****         * \details
1774:Generated_Source\PSoC4/CapSense_Sensing.c ****         *  For CSDv1: Resets PRS bit in CapSense_configCsd variable;
1775:Generated_Source\PSoC4/CapSense_Sensing.c ****         *
1776:Generated_Source\PSoC4/CapSense_Sensing.c ****         *******************************************************************************/
1777:Generated_Source\PSoC4/CapSense_Sensing.c ****         static void CapSense_SsSetCSD0DirectClockMode(void)
1778:Generated_Source\PSoC4/CapSense_Sensing.c ****         {
1779:Generated_Source\PSoC4/CapSense_Sensing.c ****             #if (CapSense_DISABLE == CapSense_CSDV2)
1780:Generated_Source\PSoC4/CapSense_Sensing.c ****                 CapSense_configCsd0 = CapSense_configCsd0 &(uint32)~(CapSense_CONFIG_PRS_SELECT_MAS
1781:Generated_Source\PSoC4/CapSense_Sensing.c ****             #endif /* (CapSense_ENABLE == CapSense_CSDV2) */
1782:Generated_Source\PSoC4/CapSense_Sensing.c ****         }
1783:Generated_Source\PSoC4/CapSense_Sensing.c **** 
1784:Generated_Source\PSoC4/CapSense_Sensing.c **** 
1785:Generated_Source\PSoC4/CapSense_Sensing.c ****         /*******************************************************************************
1786:Generated_Source\PSoC4/CapSense_Sensing.c ****         * Function Name: CapSense_SsSetCSD1DirectClockMode
1787:Generated_Source\PSoC4/CapSense_Sensing.c ****         ****************************************************************************//**
1788:Generated_Source\PSoC4/CapSense_Sensing.c ****         *
1789:Generated_Source\PSoC4/CapSense_Sensing.c ****         * \brief
1790:Generated_Source\PSoC4/CapSense_Sensing.c ****         *  Sets Direct Clock Mode.
1791:Generated_Source\PSoC4/CapSense_Sensing.c ****         *
1792:Generated_Source\PSoC4/CapSense_Sensing.c ****         * \details
1793:Generated_Source\PSoC4/CapSense_Sensing.c ****         *  For CSDv1: Resets PRS bit in CapSense_configCsd variable;
1794:Generated_Source\PSoC4/CapSense_Sensing.c ****         *
1795:Generated_Source\PSoC4/CapSense_Sensing.c ****         *******************************************************************************/
1796:Generated_Source\PSoC4/CapSense_Sensing.c ****         static void CapSense_SsSetCSD1DirectClockMode(void)
1797:Generated_Source\PSoC4/CapSense_Sensing.c ****         {
1798:Generated_Source\PSoC4/CapSense_Sensing.c ****             #if (CapSense_DISABLE == CapSense_CSDV2)
ARM GAS  C:\Users\Lenovo\AppData\Local\Temp\cc2HN0Qn.s 			page 33


1799:Generated_Source\PSoC4/CapSense_Sensing.c ****                 CapSense_configCsd1 = CapSense_configCsd1 &(uint32)~(CapSense_CONFIG_PRS_SELECT_MAS
1800:Generated_Source\PSoC4/CapSense_Sensing.c ****             #endif /* (CapSense_ENABLE == CapSense_CSDV2) */
1801:Generated_Source\PSoC4/CapSense_Sensing.c ****         }
1802:Generated_Source\PSoC4/CapSense_Sensing.c ****     #else
1803:Generated_Source\PSoC4/CapSense_Sensing.c **** 
1804:Generated_Source\PSoC4/CapSense_Sensing.c **** 
1805:Generated_Source\PSoC4/CapSense_Sensing.c ****         /*******************************************************************************
1806:Generated_Source\PSoC4/CapSense_Sensing.c ****         * Function Name: CapSense_SsSetDirectClockMode
1807:Generated_Source\PSoC4/CapSense_Sensing.c ****         ****************************************************************************//**
1808:Generated_Source\PSoC4/CapSense_Sensing.c ****         *
1809:Generated_Source\PSoC4/CapSense_Sensing.c ****         * \brief
1810:Generated_Source\PSoC4/CapSense_Sensing.c ****         *  Sets Direct Clock Mode.
1811:Generated_Source\PSoC4/CapSense_Sensing.c ****         *
1812:Generated_Source\PSoC4/CapSense_Sensing.c ****         * \details
1813:Generated_Source\PSoC4/CapSense_Sensing.c ****         *  For CSDv1: Resets PRS bit in CapSense_configCsd variable;
1814:Generated_Source\PSoC4/CapSense_Sensing.c ****         *  For CSDv2: Resets CapSense_SENSE_PERIOD_SEL_LFSR_MSB_MASK and
1815:Generated_Source\PSoC4/CapSense_Sensing.c ****         *  CapSense_SENSE_PERIOD_SEL_LFSR_MSB_MASK bits in
1816:Generated_Source\PSoC4/CapSense_Sensing.c ****         *  CapSense_SENSE_PERIOD register.
1817:Generated_Source\PSoC4/CapSense_Sensing.c ****         *
1818:Generated_Source\PSoC4/CapSense_Sensing.c ****         *******************************************************************************/
1819:Generated_Source\PSoC4/CapSense_Sensing.c ****         static void CapSense_SsSetDirectClockMode(void)
1820:Generated_Source\PSoC4/CapSense_Sensing.c ****         {
1821:Generated_Source\PSoC4/CapSense_Sensing.c ****             #if (CapSense_ENABLE == CapSense_CSDV2)
1822:Generated_Source\PSoC4/CapSense_Sensing.c ****                 CY_SET_REG32(CapSense_SENSE_PERIOD_PTR, CY_GET_REG32(CapSense_SENSE_PERIOD_PTR) &
1823:Generated_Source\PSoC4/CapSense_Sensing.c ****                                                                      (uint32)~(CapSense_SENSE_PERIO
1824:Generated_Source\PSoC4/CapSense_Sensing.c ****                                                                      CapSense_SENSE_PERIOD_LFSR_SIZ
1825:Generated_Source\PSoC4/CapSense_Sensing.c ****             #else
1826:Generated_Source\PSoC4/CapSense_Sensing.c ****                 CapSense_configCsd = CapSense_configCsd &(uint32)~(CapSense_CONFIG_PRS_SELECT_MASK)
1827:Generated_Source\PSoC4/CapSense_Sensing.c ****             #endif /* (CapSense_ENABLE == CapSense_CSDV2) */
1828:Generated_Source\PSoC4/CapSense_Sensing.c ****         }
1829:Generated_Source\PSoC4/CapSense_Sensing.c ****     #endif /* (CapSense_ENABLE == CapSense_CSD2X_EN) */
1830:Generated_Source\PSoC4/CapSense_Sensing.c **** 
1831:Generated_Source\PSoC4/CapSense_Sensing.c **** 
1832:Generated_Source\PSoC4/CapSense_Sensing.c ****     /*******************************************************************************
1833:Generated_Source\PSoC4/CapSense_Sensing.c ****     * Function Name: CapSense_SsAutoTune
1834:Generated_Source\PSoC4/CapSense_Sensing.c ****     ****************************************************************************//**
1835:Generated_Source\PSoC4/CapSense_Sensing.c ****     *
1836:Generated_Source\PSoC4/CapSense_Sensing.c ****     * \brief
1837:Generated_Source\PSoC4/CapSense_Sensing.c ****     *  This API performs the parameters auto-tuning for the optimal CapSense operation.
1838:Generated_Source\PSoC4/CapSense_Sensing.c ****     *
1839:Generated_Source\PSoC4/CapSense_Sensing.c ****     * \details
1840:Generated_Source\PSoC4/CapSense_Sensing.c ****     *  This API performs the following:
1841:Generated_Source\PSoC4/CapSense_Sensing.c ****     *  - Calibrates Modulator and Compensation IDACs.
1842:Generated_Source\PSoC4/CapSense_Sensing.c ****     *  - Tunes the Sense Clock optimal value to get a Sense Clock period greater than
1843:Generated_Source\PSoC4/CapSense_Sensing.c ****     *     2*5*R*Cp.
1844:Generated_Source\PSoC4/CapSense_Sensing.c ****     *  - Calculates the resolution for the optimal finger capacitance.
1845:Generated_Source\PSoC4/CapSense_Sensing.c ****     *
1846:Generated_Source\PSoC4/CapSense_Sensing.c ****     * \return
1847:Generated_Source\PSoC4/CapSense_Sensing.c ****     *   Returns the status of operation:
1848:Generated_Source\PSoC4/CapSense_Sensing.c ****     *   - Zero     - All the widgets are auto-tuned successfully.
1849:Generated_Source\PSoC4/CapSense_Sensing.c ****     *   - Non-zero - Auto-tuning failed for any widget.
1850:Generated_Source\PSoC4/CapSense_Sensing.c ****     *
1851:Generated_Source\PSoC4/CapSense_Sensing.c ****     *******************************************************************************/
1852:Generated_Source\PSoC4/CapSense_Sensing.c ****     cystatus CapSense_SsAutoTune(void)
1853:Generated_Source\PSoC4/CapSense_Sensing.c ****     {
1854:Generated_Source\PSoC4/CapSense_Sensing.c ****         cystatus autoTuneStatus = CYRET_SUCCESS;
1855:Generated_Source\PSoC4/CapSense_Sensing.c ****         uint32 wdgtIndex;
ARM GAS  C:\Users\Lenovo\AppData\Local\Temp\cc2HN0Qn.s 			page 34


1856:Generated_Source\PSoC4/CapSense_Sensing.c ****         uint32 cp = 0uL;
1857:Generated_Source\PSoC4/CapSense_Sensing.c ****         #if (CapSense_CSD_MATRIX_WIDGET_EN | CapSense_CSD_TOUCHPAD_WIDGET_EN)
1858:Generated_Source\PSoC4/CapSense_Sensing.c ****             uint32 cpRow = 0uL;
1859:Generated_Source\PSoC4/CapSense_Sensing.c ****         #endif /* (CapSense_CSD_MATRIX_WIDGET_EN | CapSense_CSD_TOUCHPAD_WIDGET_EN) */
1860:Generated_Source\PSoC4/CapSense_Sensing.c ****         uint32 cpWidget[CapSense_TOTAL_WIDGETS];
1861:Generated_Source\PSoC4/CapSense_Sensing.c ****         CapSense_RAM_WD_BASE_STRUCT *ptrWdgt;
1862:Generated_Source\PSoC4/CapSense_Sensing.c ****         AUTO_TUNE_CONFIG_TYPE autoTuneConfig;
1863:Generated_Source\PSoC4/CapSense_Sensing.c ****         #if (CapSense_ENABLE == CapSense_CSD2X_EN)
1864:Generated_Source\PSoC4/CapSense_Sensing.c ****             uint32 csdBlockID;
1865:Generated_Source\PSoC4/CapSense_Sensing.c ****         #endif /* (CapSense_ENABLE == CapSense_CSD2X_EN) */
1866:Generated_Source\PSoC4/CapSense_Sensing.c **** 
1867:Generated_Source\PSoC4/CapSense_Sensing.c ****         /* Configure common config variables */
1868:Generated_Source\PSoC4/CapSense_Sensing.c ****         autoTuneConfig.snsClkConstantR = CapSense_CSD_SNSCLK_R_CONST;
1869:Generated_Source\PSoC4/CapSense_Sensing.c ****         autoTuneConfig.vRef = CapSense_CSD_VREF_MV;
1870:Generated_Source\PSoC4/CapSense_Sensing.c ****         #if (CapSense_DISABLE == CapSense_CSD2X_EN)
1871:Generated_Source\PSoC4/CapSense_Sensing.c ****             autoTuneConfig.iDacGain = CapSense_CSD_IDAC_GAIN_VALUE_NA * CapSense_CSD_DUAL_IDAC_FACT
1872:Generated_Source\PSoC4/CapSense_Sensing.c ****         #endif /* (CapSense_DISABLE == CapSense_CSD2X_EN) */
1873:Generated_Source\PSoC4/CapSense_Sensing.c ****         autoTuneConfig.calTarget = CapSense_CSD_AUTOTUNE_CAL_LEVEL;
1874:Generated_Source\PSoC4/CapSense_Sensing.c **** 
1875:Generated_Source\PSoC4/CapSense_Sensing.c ****         /* Calculate snsClk Input Clock in KHz */
1876:Generated_Source\PSoC4/CapSense_Sensing.c ****         #if (CapSense_ENABLE == CapSense_CSDV2)
1877:Generated_Source\PSoC4/CapSense_Sensing.c ****             /*  Dividers are chained (CSDV2). Flip flop is not available */
1878:Generated_Source\PSoC4/CapSense_Sensing.c ****             autoTuneConfig.snsClkInputClock = (CYDEV_BCLK__HFCLK__KHZ / CapSense_dsRam.modCsdClk);
1879:Generated_Source\PSoC4/CapSense_Sensing.c ****         #elif ((CapSense_ENABLE == CapSense_IS_M0S8PERI_BLOCK) && (CapSense_DISABLE == CY_PSOC4_400
1880:Generated_Source\PSoC4/CapSense_Sensing.c ****             /*  Dividers are not chained */
1881:Generated_Source\PSoC4/CapSense_Sensing.c ****             autoTuneConfig.snsClkInputClock = CYDEV_BCLK__HFCLK__KHZ >> CapSense_FLIP_FLOP_DIV;
1882:Generated_Source\PSoC4/CapSense_Sensing.c ****         #elif (CapSense_ENABLE == CapSense_IS_M0S8PERI_BLOCK)
1883:Generated_Source\PSoC4/CapSense_Sensing.c ****             /*  Dividers are not chained (PSoC 4000) */
1884:Generated_Source\PSoC4/CapSense_Sensing.c ****             autoTuneConfig.snsClkInputClock = CYDEV_BCLK__HFCLK__KHZ >> CapSense_FLIP_FLOP_DIV;
1885:Generated_Source\PSoC4/CapSense_Sensing.c ****         #else
1886:Generated_Source\PSoC4/CapSense_Sensing.c ****             /*  Dividers are chained (PSoC 4100, PSoC 4200) */
1887:Generated_Source\PSoC4/CapSense_Sensing.c ****             autoTuneConfig.snsClkInputClock = (CYDEV_BCLK__HFCLK__KHZ / CapSense_dsRam.modCsdClk) >
1888:Generated_Source\PSoC4/CapSense_Sensing.c ****         #endif /* (CapSense_ENABLE == CapSense_CSDV2) */
1889:Generated_Source\PSoC4/CapSense_Sensing.c **** 
1890:Generated_Source\PSoC4/CapSense_Sensing.c ****         /* If both CSD and CSX are enabled, calibrate widget using sensing method */
1891:Generated_Source\PSoC4/CapSense_Sensing.c ****         #if (CapSense_ENABLE == CapSense_CSD_CSX_EN)
1892:Generated_Source\PSoC4/CapSense_Sensing.c ****             /* Initialize CSD mode */
1893:Generated_Source\PSoC4/CapSense_Sensing.c ****             CapSense_SsCSDInitialize();
1894:Generated_Source\PSoC4/CapSense_Sensing.c ****         #endif /* (CapSense_ENABLE == CapSense_CSD_CSX_EN) */
1895:Generated_Source\PSoC4/CapSense_Sensing.c **** 
1896:Generated_Source\PSoC4/CapSense_Sensing.c ****         /* Set flag to calibrate in PWM mode only */
1897:Generated_Source\PSoC4/CapSense_Sensing.c ****         CapSense_prescalersTuningDone = CapSense_DISABLE;
1898:Generated_Source\PSoC4/CapSense_Sensing.c **** 
1899:Generated_Source\PSoC4/CapSense_Sensing.c ****         /* Switch charge clock source to direct clock mode */
1900:Generated_Source\PSoC4/CapSense_Sensing.c ****         #if (CapSense_ENABLE == CapSense_CSD2X_EN)
1901:Generated_Source\PSoC4/CapSense_Sensing.c ****             CapSense_SsSetCSD0DirectClockMode();
1902:Generated_Source\PSoC4/CapSense_Sensing.c ****             CapSense_SsSetCSD1DirectClockMode();
1903:Generated_Source\PSoC4/CapSense_Sensing.c ****         #else
1904:Generated_Source\PSoC4/CapSense_Sensing.c ****             CapSense_SsSetDirectClockMode();
1905:Generated_Source\PSoC4/CapSense_Sensing.c ****         #endif /* (CapSense_ENABLE == CapSense_CSD2X_EN) */
1906:Generated_Source\PSoC4/CapSense_Sensing.c **** 
1907:Generated_Source\PSoC4/CapSense_Sensing.c **** 
1908:Generated_Source\PSoC4/CapSense_Sensing.c ****         /* Tune sense clock for all widgets */
1909:Generated_Source\PSoC4/CapSense_Sensing.c ****         for (wdgtIndex = 0u; wdgtIndex < CapSense_TOTAL_WIDGETS; wdgtIndex++)
1910:Generated_Source\PSoC4/CapSense_Sensing.c ****         {
1911:Generated_Source\PSoC4/CapSense_Sensing.c ****             if (CapSense_SENSE_METHOD_CSD_E ==
1912:Generated_Source\PSoC4/CapSense_Sensing.c ****                 CapSense_GET_SENSE_METHOD(&CapSense_dsFlash.wdgtArray[wdgtIndex]))
ARM GAS  C:\Users\Lenovo\AppData\Local\Temp\cc2HN0Qn.s 			page 35


1913:Generated_Source\PSoC4/CapSense_Sensing.c ****             {
1914:Generated_Source\PSoC4/CapSense_Sensing.c ****                 ptrWdgt = (CapSense_RAM_WD_BASE_STRUCT *)
1915:Generated_Source\PSoC4/CapSense_Sensing.c ****                           CapSense_dsFlash.wdgtArray[wdgtIndex].ptr2WdgtRam;
1916:Generated_Source\PSoC4/CapSense_Sensing.c **** 
1917:Generated_Source\PSoC4/CapSense_Sensing.c ****                 #if (CapSense_ENABLE == CapSense_CSD2X_EN)
1918:Generated_Source\PSoC4/CapSense_Sensing.c ****                     csdBlockID = CapSense_dsFlash.wdgtArray[wdgtIndex].csdblk;
1919:Generated_Source\PSoC4/CapSense_Sensing.c **** 
1920:Generated_Source\PSoC4/CapSense_Sensing.c ****                     if (CapSense_CSD0_BLOCK_ID == csdBlockID)
1921:Generated_Source\PSoC4/CapSense_Sensing.c ****                     {
1922:Generated_Source\PSoC4/CapSense_Sensing.c ****                         autoTuneConfig.iDacGain = CapSense_CSD0_IDAC_GAIN_VALUE_NA * CapSense_CSD_D
1923:Generated_Source\PSoC4/CapSense_Sensing.c ****                     }
1924:Generated_Source\PSoC4/CapSense_Sensing.c ****                     else
1925:Generated_Source\PSoC4/CapSense_Sensing.c ****                     {
1926:Generated_Source\PSoC4/CapSense_Sensing.c ****                         autoTuneConfig.iDacGain = CapSense_CSD1_IDAC_GAIN_VALUE_NA * CapSense_CSD_D
1927:Generated_Source\PSoC4/CapSense_Sensing.c ****                     }
1928:Generated_Source\PSoC4/CapSense_Sensing.c ****                 #endif /* (CapSense_ENABLE == CapSense_CSD2X_EN) */
1929:Generated_Source\PSoC4/CapSense_Sensing.c **** 
1930:Generated_Source\PSoC4/CapSense_Sensing.c ****                 /* Set calibration resolution to 12 bits */
1931:Generated_Source\PSoC4/CapSense_Sensing.c ****                 ptrWdgt->resolution = CapSense_CALIBRATION_RESOLUTION;
1932:Generated_Source\PSoC4/CapSense_Sensing.c **** 
1933:Generated_Source\PSoC4/CapSense_Sensing.c ****                 /* Set Sense clock frequency to 1.5 MHz */
1934:Generated_Source\PSoC4/CapSense_Sensing.c ****                 #if (CapSense_ENABLE == CapSense_CSD_COMMON_SNS_CLK_EN)
1935:Generated_Source\PSoC4/CapSense_Sensing.c ****                     CapSense_dsRam.snsCsdClk = (uint8)((uint32)autoTuneConfig.snsClkInputClock /
1936:Generated_Source\PSoC4/CapSense_Sensing.c ****                                                        CapSense_CALIBRATION_FREQ_KHZ);
1937:Generated_Source\PSoC4/CapSense_Sensing.c ****                 #elif (CapSense_CSD_MATRIX_WIDGET_EN | CapSense_CSD_TOUCHPAD_WIDGET_EN)
1938:Generated_Source\PSoC4/CapSense_Sensing.c ****                     if ((CapSense_WD_TOUCHPAD_E == (CapSense_WD_TYPE_ENUM)CapSense_dsFlash.wdgtArra
1939:Generated_Source\PSoC4/CapSense_Sensing.c ****                         (CapSense_WD_MATRIX_BUTTON_E == (CapSense_WD_TYPE_ENUM)CapSense_dsFlash.wdg
1940:Generated_Source\PSoC4/CapSense_Sensing.c ****                     {
1941:Generated_Source\PSoC4/CapSense_Sensing.c ****                         ptrWdgt->rowSnsClk = (uint16)((uint32)autoTuneConfig.snsClkInputClock /
1942:Generated_Source\PSoC4/CapSense_Sensing.c ****                                              CapSense_CALIBRATION_FREQ_KHZ);
1943:Generated_Source\PSoC4/CapSense_Sensing.c ****                     }
1944:Generated_Source\PSoC4/CapSense_Sensing.c ****                     ptrWdgt->snsClk = (uint16)((uint32)autoTuneConfig.snsClkInputClock /
1945:Generated_Source\PSoC4/CapSense_Sensing.c ****                                       CapSense_CALIBRATION_FREQ_KHZ);
1946:Generated_Source\PSoC4/CapSense_Sensing.c ****                 #else
1947:Generated_Source\PSoC4/CapSense_Sensing.c ****                     ptrWdgt->snsClk = (uint16)((uint32)autoTuneConfig.snsClkInputClock /
1948:Generated_Source\PSoC4/CapSense_Sensing.c ****                                       CapSense_CALIBRATION_FREQ_KHZ);
1949:Generated_Source\PSoC4/CapSense_Sensing.c ****                 #endif /*  (CapSense_ENABLE == CapSense_CSD_COMMON_SNS_CLK_EN) */
1950:Generated_Source\PSoC4/CapSense_Sensing.c **** 
1951:Generated_Source\PSoC4/CapSense_Sensing.c ****                 /* Calibrate CSD widget to 85% */
1952:Generated_Source\PSoC4/CapSense_Sensing.c ****                 #if (CapSense_ENABLE == CapSense_CSD2X_EN)
1953:Generated_Source\PSoC4/CapSense_Sensing.c ****                     (void)CapSense_CSD2XCalibrateWidget(wdgtIndex, CapSense_CSD_AUTOTUNE_CAL_LEVEL)
1954:Generated_Source\PSoC4/CapSense_Sensing.c ****                 #else
1955:Generated_Source\PSoC4/CapSense_Sensing.c ****                     (void)CapSense_CSDCalibrateWidget(wdgtIndex, CapSense_CSD_AUTOTUNE_CAL_LEVEL);
1956:Generated_Source\PSoC4/CapSense_Sensing.c ****                 #endif /* (CapSense_ENABLE == CapSense_CSD2X_EN) */
1957:Generated_Source\PSoC4/CapSense_Sensing.c **** 
1958:Generated_Source\PSoC4/CapSense_Sensing.c ****                 #if (CapSense_CSD_MATRIX_WIDGET_EN | CapSense_CSD_TOUCHPAD_WIDGET_EN)
1959:Generated_Source\PSoC4/CapSense_Sensing.c ****                     if ((CapSense_WD_TOUCHPAD_E == (CapSense_WD_TYPE_ENUM)CapSense_dsFlash.wdgtArra
1960:Generated_Source\PSoC4/CapSense_Sensing.c ****                         (CapSense_WD_MATRIX_BUTTON_E == (CapSense_WD_TYPE_ENUM)CapSense_dsFlash.wdg
1961:Generated_Source\PSoC4/CapSense_Sensing.c ****                     {
1962:Generated_Source\PSoC4/CapSense_Sensing.c ****                         /* Get pointer to Modulator IDAC for columns */
1963:Generated_Source\PSoC4/CapSense_Sensing.c ****                         autoTuneConfig.ptrModIDAC = &ptrWdgt->rowIdacMod[0u];
1964:Generated_Source\PSoC4/CapSense_Sensing.c **** 
1965:Generated_Source\PSoC4/CapSense_Sensing.c ****                         /* Get pointer to Sense Clock Divider for columns */
1966:Generated_Source\PSoC4/CapSense_Sensing.c ****                         autoTuneConfig.ptrSenseClk = &ptrWdgt->rowSnsClk;
1967:Generated_Source\PSoC4/CapSense_Sensing.c **** 
1968:Generated_Source\PSoC4/CapSense_Sensing.c ****                         /* Find correct sense clock value */
1969:Generated_Source\PSoC4/CapSense_Sensing.c ****                         cpRow = SmartSense_TunePrescalers(&autoTuneConfig);
ARM GAS  C:\Users\Lenovo\AppData\Local\Temp\cc2HN0Qn.s 			page 36


1970:Generated_Source\PSoC4/CapSense_Sensing.c **** 
1971:Generated_Source\PSoC4/CapSense_Sensing.c ****                         if ((CapSense_CP_MAX + CapSense_CP_ERROR) <= cpRow)
1972:Generated_Source\PSoC4/CapSense_Sensing.c ****                         {
1973:Generated_Source\PSoC4/CapSense_Sensing.c ****                             autoTuneStatus = CYRET_BAD_DATA;
1974:Generated_Source\PSoC4/CapSense_Sensing.c ****                         }
1975:Generated_Source\PSoC4/CapSense_Sensing.c **** 
1976:Generated_Source\PSoC4/CapSense_Sensing.c ****                         #if (CapSense_ENABLE == CapSense_CSDV2)
1977:Generated_Source\PSoC4/CapSense_Sensing.c ****                             /* Make sure that ModClk >= 4 * rowSnsClk for ModClk <= 12 MHz and rowS
1978:Generated_Source\PSoC4/CapSense_Sensing.c ****                             if (autoTuneConfig.snsClkInputClock <= CapSense_MOD_CSD_CLK_24000KHZ)
1979:Generated_Source\PSoC4/CapSense_Sensing.c ****                             {
1980:Generated_Source\PSoC4/CapSense_Sensing.c ****                                 if (ptrWdgt->rowSnsClk < CapSense_FACTOR_FILTER_DELAY_12MHZ)
1981:Generated_Source\PSoC4/CapSense_Sensing.c ****                                 {
1982:Generated_Source\PSoC4/CapSense_Sensing.c ****                                     ptrWdgt->rowSnsClk = CapSense_FACTOR_FILTER_DELAY_12MHZ;
1983:Generated_Source\PSoC4/CapSense_Sensing.c ****                                 }
1984:Generated_Source\PSoC4/CapSense_Sensing.c ****                             }
1985:Generated_Source\PSoC4/CapSense_Sensing.c ****                             else if (autoTuneConfig.snsClkInputClock <= CapSense_MOD_CSD_CLK_48000K
1986:Generated_Source\PSoC4/CapSense_Sensing.c ****                             {
1987:Generated_Source\PSoC4/CapSense_Sensing.c ****                                 if (ptrWdgt->rowSnsClk < CapSense_FACTOR_MOD_SNS)
1988:Generated_Source\PSoC4/CapSense_Sensing.c ****                                 {
1989:Generated_Source\PSoC4/CapSense_Sensing.c ****                                     ptrWdgt->rowSnsClk = CapSense_FACTOR_MOD_SNS;
1990:Generated_Source\PSoC4/CapSense_Sensing.c ****                                 }
1991:Generated_Source\PSoC4/CapSense_Sensing.c ****                             }
1992:Generated_Source\PSoC4/CapSense_Sensing.c ****                             else
1993:Generated_Source\PSoC4/CapSense_Sensing.c ****                             {
1994:Generated_Source\PSoC4/CapSense_Sensing.c ****                                 /* rowSnsClk is valid*/
1995:Generated_Source\PSoC4/CapSense_Sensing.c ****                             }
1996:Generated_Source\PSoC4/CapSense_Sensing.c ****                         #else
1997:Generated_Source\PSoC4/CapSense_Sensing.c ****                             #if (CapSense_ENABLE == CapSense_IS_M0S8PERI_BLOCK)
1998:Generated_Source\PSoC4/CapSense_Sensing.c ****                                 /* Make sure that ModClk >= 2 * rowSnsClk */
1999:Generated_Source\PSoC4/CapSense_Sensing.c ****                                 if (CapSense_dsRam.modCsdClk >= ((uint8)(ptrWdgt->rowSnsClk << CapS
2000:Generated_Source\PSoC4/CapSense_Sensing.c ****                                 {
2001:Generated_Source\PSoC4/CapSense_Sensing.c ****                                      ptrWdgt->rowSnsClk = CapSense_dsRam.modCsdClk;
2002:Generated_Source\PSoC4/CapSense_Sensing.c ****                                 }
2003:Generated_Source\PSoC4/CapSense_Sensing.c ****                             #else
2004:Generated_Source\PSoC4/CapSense_Sensing.c ****                                 /* Sense clock never equals to Modulator clock for chained dividers
2005:Generated_Source\PSoC4/CapSense_Sensing.c ****                             #endif /* (CapSense_ENABLE == CapSense_CSDV2) */
2006:Generated_Source\PSoC4/CapSense_Sensing.c ****                         #endif /* (CapSense_ENABLE == CapSense_CSDV2) */
2007:Generated_Source\PSoC4/CapSense_Sensing.c ****                     }
2008:Generated_Source\PSoC4/CapSense_Sensing.c ****                 #endif /* (CapSense_CSD_MATRIX_WIDGET_EN | CapSense_CSD_TOUCHPAD_WIDGET_EN) */
2009:Generated_Source\PSoC4/CapSense_Sensing.c **** 
2010:Generated_Source\PSoC4/CapSense_Sensing.c ****                 /* Get pointer to Modulator IDAC  for rows */
2011:Generated_Source\PSoC4/CapSense_Sensing.c ****                 autoTuneConfig.ptrModIDAC = &ptrWdgt->idacMod[0u];
2012:Generated_Source\PSoC4/CapSense_Sensing.c **** 
2013:Generated_Source\PSoC4/CapSense_Sensing.c ****                 /* Get pointer to Sense Clock Divider for columns */
2014:Generated_Source\PSoC4/CapSense_Sensing.c ****                 autoTuneConfig.ptrSenseClk = &ptrWdgt->snsClk;
2015:Generated_Source\PSoC4/CapSense_Sensing.c **** 
2016:Generated_Source\PSoC4/CapSense_Sensing.c ****                 /* Find correct sense clock value */
2017:Generated_Source\PSoC4/CapSense_Sensing.c ****                 cp = SmartSense_TunePrescalers(&autoTuneConfig);
2018:Generated_Source\PSoC4/CapSense_Sensing.c **** 
2019:Generated_Source\PSoC4/CapSense_Sensing.c ****                 if ((CapSense_CP_MAX + CapSense_CP_ERROR) <= cp)
2020:Generated_Source\PSoC4/CapSense_Sensing.c ****                 {
2021:Generated_Source\PSoC4/CapSense_Sensing.c ****                     autoTuneStatus = CYRET_BAD_DATA;
2022:Generated_Source\PSoC4/CapSense_Sensing.c ****                 }
2023:Generated_Source\PSoC4/CapSense_Sensing.c **** 
2024:Generated_Source\PSoC4/CapSense_Sensing.c ****                 #if (CapSense_ENABLE == CapSense_CSDV2)
2025:Generated_Source\PSoC4/CapSense_Sensing.c ****                     /* Make sure that ModClk >= 4 * SnsClk for ModClk <= 12 MHz and SnsClk <= 6MHz 
2026:Generated_Source\PSoC4/CapSense_Sensing.c ****                     if (autoTuneConfig.snsClkInputClock <= CapSense_MOD_CSD_CLK_24000KHZ)
ARM GAS  C:\Users\Lenovo\AppData\Local\Temp\cc2HN0Qn.s 			page 37


2027:Generated_Source\PSoC4/CapSense_Sensing.c ****                     {
2028:Generated_Source\PSoC4/CapSense_Sensing.c ****                         if (ptrWdgt->snsClk < CapSense_FACTOR_FILTER_DELAY_12MHZ)
2029:Generated_Source\PSoC4/CapSense_Sensing.c ****                         {
2030:Generated_Source\PSoC4/CapSense_Sensing.c ****                             ptrWdgt->snsClk = CapSense_FACTOR_FILTER_DELAY_12MHZ;
2031:Generated_Source\PSoC4/CapSense_Sensing.c ****                         }
2032:Generated_Source\PSoC4/CapSense_Sensing.c ****                     }
2033:Generated_Source\PSoC4/CapSense_Sensing.c ****                     else if (autoTuneConfig.snsClkInputClock <= CapSense_MOD_CSD_CLK_48000KHZ)
2034:Generated_Source\PSoC4/CapSense_Sensing.c ****                     {
2035:Generated_Source\PSoC4/CapSense_Sensing.c ****                         if (ptrWdgt->snsClk < CapSense_FACTOR_MOD_SNS)
2036:Generated_Source\PSoC4/CapSense_Sensing.c ****                         {
2037:Generated_Source\PSoC4/CapSense_Sensing.c ****                             ptrWdgt->snsClk = CapSense_FACTOR_MOD_SNS;
2038:Generated_Source\PSoC4/CapSense_Sensing.c ****                         }
2039:Generated_Source\PSoC4/CapSense_Sensing.c ****                     }
2040:Generated_Source\PSoC4/CapSense_Sensing.c ****                     else
2041:Generated_Source\PSoC4/CapSense_Sensing.c ****                     {
2042:Generated_Source\PSoC4/CapSense_Sensing.c ****                         /* SnsClk is valid*/
2043:Generated_Source\PSoC4/CapSense_Sensing.c ****                     }
2044:Generated_Source\PSoC4/CapSense_Sensing.c ****                 #else
2045:Generated_Source\PSoC4/CapSense_Sensing.c ****                     #if (CapSense_ENABLE == CapSense_IS_M0S8PERI_BLOCK)
2046:Generated_Source\PSoC4/CapSense_Sensing.c ****                         /* Make sure that ModClk >= 2 * snsClk */
2047:Generated_Source\PSoC4/CapSense_Sensing.c ****                         if (CapSense_dsRam.modCsdClk >= ((uint8)(ptrWdgt->snsClk << CapSense_FLIP_F
2048:Generated_Source\PSoC4/CapSense_Sensing.c ****                         {
2049:Generated_Source\PSoC4/CapSense_Sensing.c ****                              ptrWdgt->snsClk = CapSense_dsRam.modCsdClk;
2050:Generated_Source\PSoC4/CapSense_Sensing.c ****                         }
2051:Generated_Source\PSoC4/CapSense_Sensing.c ****                     #else
2052:Generated_Source\PSoC4/CapSense_Sensing.c ****                         /* Sense clock never equals to Modulator clock for chained dividers because
2053:Generated_Source\PSoC4/CapSense_Sensing.c ****                     #endif /* (CapSense_ENABLE == CapSense_CSDV2) */
2054:Generated_Source\PSoC4/CapSense_Sensing.c ****                 #endif /* (CapSense_ENABLE == CapSense_CSDV2) */
2055:Generated_Source\PSoC4/CapSense_Sensing.c **** 
2056:Generated_Source\PSoC4/CapSense_Sensing.c ****                 cpWidget[wdgtIndex] = cp;
2057:Generated_Source\PSoC4/CapSense_Sensing.c **** 
2058:Generated_Source\PSoC4/CapSense_Sensing.c ****                 #if (CapSense_CSD_MATRIX_WIDGET_EN | CapSense_CSD_TOUCHPAD_WIDGET_EN)
2059:Generated_Source\PSoC4/CapSense_Sensing.c ****                     if ((CapSense_WD_TOUCHPAD_E == (CapSense_WD_TYPE_ENUM)CapSense_dsFlash.wdgtArra
2060:Generated_Source\PSoC4/CapSense_Sensing.c ****                         (CapSense_WD_MATRIX_BUTTON_E == (CapSense_WD_TYPE_ENUM)CapSense_dsFlash.wdg
2061:Generated_Source\PSoC4/CapSense_Sensing.c ****                     {
2062:Generated_Source\PSoC4/CapSense_Sensing.c ****                         if (cpRow > cp)
2063:Generated_Source\PSoC4/CapSense_Sensing.c ****                         {
2064:Generated_Source\PSoC4/CapSense_Sensing.c ****                             cpWidget[wdgtIndex] = cpRow;
2065:Generated_Source\PSoC4/CapSense_Sensing.c ****                         }
2066:Generated_Source\PSoC4/CapSense_Sensing.c ****                     }
2067:Generated_Source\PSoC4/CapSense_Sensing.c ****                 #endif /* (CapSense_CSD_MATRIX_WIDGET_EN | CapSense_CSD_TOUCHPAD_WIDGET_EN) */
2068:Generated_Source\PSoC4/CapSense_Sensing.c ****             }
2069:Generated_Source\PSoC4/CapSense_Sensing.c ****         }
2070:Generated_Source\PSoC4/CapSense_Sensing.c **** 
2071:Generated_Source\PSoC4/CapSense_Sensing.c ****         #if (CapSense_ENABLE == CapSense_CSD2X_EN)
2072:Generated_Source\PSoC4/CapSense_Sensing.c ****             CapSense_SsSetEqualSlotClock();
2073:Generated_Source\PSoC4/CapSense_Sensing.c ****         #endif /* (CapSense_ENABLE == CapSense_CSD2X_EN) */
2074:Generated_Source\PSoC4/CapSense_Sensing.c **** 
2075:Generated_Source\PSoC4/CapSense_Sensing.c ****         /* Set flag to indicate that calibration in PWM mode has been performed */
2076:Generated_Source\PSoC4/CapSense_Sensing.c ****         CapSense_prescalersTuningDone = 1u;
2077:Generated_Source\PSoC4/CapSense_Sensing.c **** 
2078:Generated_Source\PSoC4/CapSense_Sensing.c ****         /* Multiply Clk divider to 2 for PRS mode to take into account average PRS frequency */
2079:Generated_Source\PSoC4/CapSense_Sensing.c ****         autoTuneConfig.prsFactor = CapSense_PRS_FACTOR_DIV;
2080:Generated_Source\PSoC4/CapSense_Sensing.c **** 
2081:Generated_Source\PSoC4/CapSense_Sensing.c ****         /* Tune sensitivity and resolution for all widgets */
2082:Generated_Source\PSoC4/CapSense_Sensing.c ****         for (wdgtIndex = 0u; wdgtIndex < CapSense_TOTAL_WIDGETS; wdgtIndex++)
2083:Generated_Source\PSoC4/CapSense_Sensing.c ****         {
ARM GAS  C:\Users\Lenovo\AppData\Local\Temp\cc2HN0Qn.s 			page 38


2084:Generated_Source\PSoC4/CapSense_Sensing.c ****             if (CapSense_SENSE_METHOD_CSD_E ==
2085:Generated_Source\PSoC4/CapSense_Sensing.c ****                 CapSense_GET_SENSE_METHOD(&CapSense_dsFlash.wdgtArray[wdgtIndex]))
2086:Generated_Source\PSoC4/CapSense_Sensing.c ****             {
2087:Generated_Source\PSoC4/CapSense_Sensing.c ****                 ptrWdgt = (CapSense_RAM_WD_BASE_STRUCT *)
2088:Generated_Source\PSoC4/CapSense_Sensing.c ****                           CapSense_dsFlash.wdgtArray[wdgtIndex].ptr2WdgtRam;
2089:Generated_Source\PSoC4/CapSense_Sensing.c **** 
2090:Generated_Source\PSoC4/CapSense_Sensing.c ****                 /* Get pointer to Modulator IDAC for rows */
2091:Generated_Source\PSoC4/CapSense_Sensing.c ****                 autoTuneConfig.ptrModIDAC = &ptrWdgt->idacMod[0u];
2092:Generated_Source\PSoC4/CapSense_Sensing.c **** 
2093:Generated_Source\PSoC4/CapSense_Sensing.c ****                 /* Get pointer to maximum Sense Clock Divider (column or row) */
2094:Generated_Source\PSoC4/CapSense_Sensing.c ****                 autoTuneConfig.ptrSenseClk = &ptrWdgt->snsClk;
2095:Generated_Source\PSoC4/CapSense_Sensing.c **** 
2096:Generated_Source\PSoC4/CapSense_Sensing.c ****                 /* Set parasitic capacitance for columns */
2097:Generated_Source\PSoC4/CapSense_Sensing.c ****                 autoTuneConfig.sensorCap = cpWidget[wdgtIndex];
2098:Generated_Source\PSoC4/CapSense_Sensing.c **** 
2099:Generated_Source\PSoC4/CapSense_Sensing.c ****                 #if (CapSense_CSD_MATRIX_WIDGET_EN | CapSense_CSD_TOUCHPAD_WIDGET_EN)
2100:Generated_Source\PSoC4/CapSense_Sensing.c ****                     if ((CapSense_WD_TOUCHPAD_E == (CapSense_WD_TYPE_ENUM)CapSense_dsFlash.wdgtArra
2101:Generated_Source\PSoC4/CapSense_Sensing.c ****                         (CapSense_WD_MATRIX_BUTTON_E == (CapSense_WD_TYPE_ENUM)CapSense_dsFlash.wdg
2102:Generated_Source\PSoC4/CapSense_Sensing.c **** 
2103:Generated_Source\PSoC4/CapSense_Sensing.c ****                     {
2104:Generated_Source\PSoC4/CapSense_Sensing.c ****                         /* Set the minimum sense clock frequency to calculate the resolution */
2105:Generated_Source\PSoC4/CapSense_Sensing.c ****                         if (ptrWdgt->snsClk < ptrWdgt->rowSnsClk)
2106:Generated_Source\PSoC4/CapSense_Sensing.c ****                         {
2107:Generated_Source\PSoC4/CapSense_Sensing.c ****                             /* Rewrite pointer to Sense Clock Divider for rows */
2108:Generated_Source\PSoC4/CapSense_Sensing.c ****                             autoTuneConfig.ptrSenseClk = &ptrWdgt->rowSnsClk;
2109:Generated_Source\PSoC4/CapSense_Sensing.c **** 
2110:Generated_Source\PSoC4/CapSense_Sensing.c ****                             /* Set parasitic capacitance for rows */
2111:Generated_Source\PSoC4/CapSense_Sensing.c ****                             autoTuneConfig.sensorCap = cpWidget[wdgtIndex];
2112:Generated_Source\PSoC4/CapSense_Sensing.c ****                         }
2113:Generated_Source\PSoC4/CapSense_Sensing.c ****                     }
2114:Generated_Source\PSoC4/CapSense_Sensing.c ****                 #endif /* (CapSense_CSD_MATRIX_WIDGET_EN | CapSense_CSD_TOUCHPAD_WIDGET_EN) */
2115:Generated_Source\PSoC4/CapSense_Sensing.c **** 
2116:Generated_Source\PSoC4/CapSense_Sensing.c ****                 /* Get finger capacitance */
2117:Generated_Source\PSoC4/CapSense_Sensing.c ****                 autoTuneConfig.fingerCap = ptrWdgt->fingerCap;
2118:Generated_Source\PSoC4/CapSense_Sensing.c **** 
2119:Generated_Source\PSoC4/CapSense_Sensing.c ****                 /* Init pointer to sigPFC */
2120:Generated_Source\PSoC4/CapSense_Sensing.c ****                 autoTuneConfig.sigPFC = &ptrWdgt->sigPFC;
2121:Generated_Source\PSoC4/CapSense_Sensing.c **** 
2122:Generated_Source\PSoC4/CapSense_Sensing.c ****                 #if (CapSense_CLK_SOURCE_PRSAUTO == CapSense_CSD_SNS_CLK_SOURCE)
2123:Generated_Source\PSoC4/CapSense_Sensing.c ****                     CapSense_SsSetWidgetSenseClkSrc(wdgtIndex, ptrWdgt);
2124:Generated_Source\PSoC4/CapSense_Sensing.c ****                 #endif /* (CapSense_CLK_SOURCE_PRSAUTO == CapSense_CSD_SNS_CLK_SOURCE) */
2125:Generated_Source\PSoC4/CapSense_Sensing.c **** 
2126:Generated_Source\PSoC4/CapSense_Sensing.c ****                 /* Calibrate CSD widget to 85% */
2127:Generated_Source\PSoC4/CapSense_Sensing.c ****                 #if (CapSense_ENABLE == CapSense_CSD2X_EN)
2128:Generated_Source\PSoC4/CapSense_Sensing.c ****                     autoTuneStatus |=CapSense_CSD2XCalibrateWidget(wdgtIndex, CapSense_CSD_AUTOTUNE
2129:Generated_Source\PSoC4/CapSense_Sensing.c ****                 #else
2130:Generated_Source\PSoC4/CapSense_Sensing.c ****                     autoTuneStatus |= CapSense_CSDCalibrateWidget(wdgtIndex, CapSense_CSD_AUTOTUNE_
2131:Generated_Source\PSoC4/CapSense_Sensing.c ****                 #endif /* (CapSense_ENABLE == CapSense_CSD2X_EN) */
2132:Generated_Source\PSoC4/CapSense_Sensing.c **** 
2133:Generated_Source\PSoC4/CapSense_Sensing.c ****                 /* Find resolution */
2134:Generated_Source\PSoC4/CapSense_Sensing.c ****                 ptrWdgt->resolution = SmartSense_TuneSensitivity(&autoTuneConfig);
2135:Generated_Source\PSoC4/CapSense_Sensing.c **** 
2136:Generated_Source\PSoC4/CapSense_Sensing.c ****                 #if (CapSense_CLK_SOURCE_PRSAUTO == CapSense_CSD_SNS_CLK_SOURCE)
2137:Generated_Source\PSoC4/CapSense_Sensing.c ****                     CapSense_SsSetWidgetSenseClkSrc(wdgtIndex, ptrWdgt);
2138:Generated_Source\PSoC4/CapSense_Sensing.c **** 
2139:Generated_Source\PSoC4/CapSense_Sensing.c ****                     #if (CapSense_CSD_MATRIX_WIDGET_EN | CapSense_CSD_TOUCHPAD_WIDGET_EN)
2140:Generated_Source\PSoC4/CapSense_Sensing.c ****                         if (((uint8)CapSense_CLK_SOURCE_DIRECT == ptrWdgt->snsClkSource) ||
ARM GAS  C:\Users\Lenovo\AppData\Local\Temp\cc2HN0Qn.s 			page 39


2141:Generated_Source\PSoC4/CapSense_Sensing.c ****                             ((uint8)CapSense_CLK_SOURCE_DIRECT == ptrWdgt->rowSnsClkSource))
2142:Generated_Source\PSoC4/CapSense_Sensing.c ****                         {
2143:Generated_Source\PSoC4/CapSense_Sensing.c ****                             /* Recalibrate CSD widget to 85% because source is changed to direct */
2144:Generated_Source\PSoC4/CapSense_Sensing.c ****                             #if (CapSense_ENABLE == CapSense_CSD2X_EN)
2145:Generated_Source\PSoC4/CapSense_Sensing.c ****                                 autoTuneStatus |= CapSense_CSD2XCalibrateWidget(wdgtIndex, CapSense
2146:Generated_Source\PSoC4/CapSense_Sensing.c ****                             #else
2147:Generated_Source\PSoC4/CapSense_Sensing.c ****                                 autoTuneStatus |= CapSense_CSDCalibrateWidget(wdgtIndex, CapSense_C
2148:Generated_Source\PSoC4/CapSense_Sensing.c ****                             #endif /* (CapSense_ENABLE == CapSense_CSD2X_EN) */
2149:Generated_Source\PSoC4/CapSense_Sensing.c ****                         }
2150:Generated_Source\PSoC4/CapSense_Sensing.c ****                     #else
2151:Generated_Source\PSoC4/CapSense_Sensing.c ****                         if ((uint8)CapSense_CLK_SOURCE_DIRECT == ptrWdgt->snsClkSource)
2152:Generated_Source\PSoC4/CapSense_Sensing.c ****                         {
2153:Generated_Source\PSoC4/CapSense_Sensing.c ****                             /* Recalibrate CSD widget to 85% because source is changed to direct */
2154:Generated_Source\PSoC4/CapSense_Sensing.c ****                             #if (CapSense_ENABLE == CapSense_CSD2X_EN)
2155:Generated_Source\PSoC4/CapSense_Sensing.c ****                                 autoTuneStatus |= CapSense_CSD2XCalibrateWidget(wdgtIndex, CapSense
2156:Generated_Source\PSoC4/CapSense_Sensing.c ****                             #else
2157:Generated_Source\PSoC4/CapSense_Sensing.c ****                                 autoTuneStatus |= CapSense_CSDCalibrateWidget(wdgtIndex, CapSense_C
2158:Generated_Source\PSoC4/CapSense_Sensing.c ****                             #endif /* (CapSense_ENABLE == CapSense_CSD2X_EN) */
2159:Generated_Source\PSoC4/CapSense_Sensing.c ****                         }
2160:Generated_Source\PSoC4/CapSense_Sensing.c ****                     #endif /* (CapSense_CSD_MATRIX_WIDGET_EN | CapSense_CSD_TOUCHPAD_WIDGET_EN) */
2161:Generated_Source\PSoC4/CapSense_Sensing.c ****                 #endif /* (CapSense_CLK_SOURCE_PRSAUTO == CapSense_CSD_SNS_CLK_SOURCE) */
2162:Generated_Source\PSoC4/CapSense_Sensing.c **** 
2163:Generated_Source\PSoC4/CapSense_Sensing.c ****                 #if (CapSense_ENABLE == CapSense_TST_WDGT_CRC_EN)
2164:Generated_Source\PSoC4/CapSense_Sensing.c ****                     CapSense_DsUpdateWidgetCrc(wdgtIndex);
2165:Generated_Source\PSoC4/CapSense_Sensing.c ****                 #endif /* (CapSense_ENABLE == CapSense_TST_WDGT_CRC_EN) */
2166:Generated_Source\PSoC4/CapSense_Sensing.c ****             }
2167:Generated_Source\PSoC4/CapSense_Sensing.c ****         }
2168:Generated_Source\PSoC4/CapSense_Sensing.c **** 
2169:Generated_Source\PSoC4/CapSense_Sensing.c ****         return autoTuneStatus;
2170:Generated_Source\PSoC4/CapSense_Sensing.c ****     }
2171:Generated_Source\PSoC4/CapSense_Sensing.c **** #endif /* (CapSense_CSD_SS_DIS != CapSense_CSD_AUTOTUNE)) */
2172:Generated_Source\PSoC4/CapSense_Sensing.c **** 
2173:Generated_Source\PSoC4/CapSense_Sensing.c **** 
2174:Generated_Source\PSoC4/CapSense_Sensing.c **** #if (CapSense_DISABLE == CapSense_CSDV2)
2175:Generated_Source\PSoC4/CapSense_Sensing.c ****     #if ((CapSense_ENABLE == CapSense_CSX_EN) || \
2176:Generated_Source\PSoC4/CapSense_Sensing.c ****          (CapSense_IDAC_SINKING == CapSense_CSD_IDAC_CONFIG))
2177:Generated_Source\PSoC4/CapSense_Sensing.c ****         /*******************************************************************************
2178:Generated_Source\PSoC4/CapSense_Sensing.c ****         * Function Name: CapSense_SsTrimIdacsSinking
2179:Generated_Source\PSoC4/CapSense_Sensing.c ****         ****************************************************************************//**
2180:Generated_Source\PSoC4/CapSense_Sensing.c ****         *
2181:Generated_Source\PSoC4/CapSense_Sensing.c ****         * \brief
2182:Generated_Source\PSoC4/CapSense_Sensing.c ****         *  This function loads trim values from SFLASH rows to calibrate
2183:Generated_Source\PSoC4/CapSense_Sensing.c ****         *  IDAC1 and IDAC2 for Sinking CSD Mode
2184:Generated_Source\PSoC4/CapSense_Sensing.c ****         *
2185:Generated_Source\PSoC4/CapSense_Sensing.c ****         * \details
2186:Generated_Source\PSoC4/CapSense_Sensing.c ****         *  Function reads trim value from SFLASH and loads it into IDAC trim register.
2187:Generated_Source\PSoC4/CapSense_Sensing.c ****         *  If Compensation IDAC is disabled the function loads trim values for IDAC1 only.
2188:Generated_Source\PSoC4/CapSense_Sensing.c ****         *
2189:Generated_Source\PSoC4/CapSense_Sensing.c ****         *******************************************************************************/
2190:Generated_Source\PSoC4/CapSense_Sensing.c ****         static void CapSense_SsTrimIdacsSinking(void)
2191:Generated_Source\PSoC4/CapSense_Sensing.c ****         {
2192:Generated_Source\PSoC4/CapSense_Sensing.c ****             uint32 trimValue;
2193:Generated_Source\PSoC4/CapSense_Sensing.c **** 
2194:Generated_Source\PSoC4/CapSense_Sensing.c ****             #if (CapSense_ENABLE == CapSense_CSD2X_EN)
2195:Generated_Source\PSoC4/CapSense_Sensing.c **** 
2196:Generated_Source\PSoC4/CapSense_Sensing.c ****                 /* iDAC0 Sinking Mode */
2197:Generated_Source\PSoC4/CapSense_Sensing.c ****                 trimValue = CY_GET_REG32(CapSense_CSD0_TRIM2_PTR) & ~CapSense_IDAC_TRIM2_MOD_SNK_MA
ARM GAS  C:\Users\Lenovo\AppData\Local\Temp\cc2HN0Qn.s 			page 40


2198:Generated_Source\PSoC4/CapSense_Sensing.c ****                 trimValue |= ((uint32)CY_GET_REG8(CapSense_CSD0_SFLASH_TRIM2_PTR) &
2199:Generated_Source\PSoC4/CapSense_Sensing.c ****                                                           CapSense_SFLASH_TRIM_IDAC_MOD_MASK) ;
2200:Generated_Source\PSoC4/CapSense_Sensing.c **** 
2201:Generated_Source\PSoC4/CapSense_Sensing.c ****                 #if (CapSense_ENABLE == CapSense_CSD_IDAC_COMP_EN)
2202:Generated_Source\PSoC4/CapSense_Sensing.c ****                     /* iDAC1 Sinking Mode */
2203:Generated_Source\PSoC4/CapSense_Sensing.c ****                     trimValue &= ~CapSense_IDAC_TRIM2_COMP_SNK_MASK;
2204:Generated_Source\PSoC4/CapSense_Sensing.c ****                     trimValue |= ((uint32)CY_GET_REG8(CapSense_CSD0_SFLASH_TRIM2_PTR) &
2205:Generated_Source\PSoC4/CapSense_Sensing.c ****                                                               CapSense_SFLASH_TRIM_IDAC_COMP_MASK);
2206:Generated_Source\PSoC4/CapSense_Sensing.c ****                 #endif /* (CapSense_ENABLE == CapSense_CSD_IDAC_COMP_EN) */
2207:Generated_Source\PSoC4/CapSense_Sensing.c **** 
2208:Generated_Source\PSoC4/CapSense_Sensing.c ****                 /* Update IDAC trim bits for gain control in current sink mode */
2209:Generated_Source\PSoC4/CapSense_Sensing.c ****                 CY_SET_REG32(CapSense_CSD0_TRIM2_PTR, trimValue);
2210:Generated_Source\PSoC4/CapSense_Sensing.c **** 
2211:Generated_Source\PSoC4/CapSense_Sensing.c ****                 /* iDAC2 Sinking Mode */
2212:Generated_Source\PSoC4/CapSense_Sensing.c ****                 trimValue = CY_GET_REG32(CapSense_CSD1_TRIM2_PTR) & ~CapSense_IDAC_TRIM2_MOD_SNK_MA
2213:Generated_Source\PSoC4/CapSense_Sensing.c ****                 trimValue |= ((uint32)CY_GET_REG8(CapSense_CSD1_SFLASH_TRIM2_PTR) &
2214:Generated_Source\PSoC4/CapSense_Sensing.c ****                                                           CapSense_SFLASH_TRIM_IDAC_MOD_MASK) ;
2215:Generated_Source\PSoC4/CapSense_Sensing.c **** 
2216:Generated_Source\PSoC4/CapSense_Sensing.c ****                 #if (CapSense_ENABLE == CapSense_CSD_IDAC_COMP_EN)
2217:Generated_Source\PSoC4/CapSense_Sensing.c ****                     /* iDAC3 Sinking Mode */
2218:Generated_Source\PSoC4/CapSense_Sensing.c ****                     trimValue &= ~CapSense_IDAC_TRIM2_COMP_SNK_MASK;
2219:Generated_Source\PSoC4/CapSense_Sensing.c ****                     trimValue |= ((uint32)CY_GET_REG8(CapSense_CSD1_SFLASH_TRIM2_PTR) &
2220:Generated_Source\PSoC4/CapSense_Sensing.c ****                                                               CapSense_SFLASH_TRIM_IDAC_COMP_MASK);
2221:Generated_Source\PSoC4/CapSense_Sensing.c ****                 #endif /* (CapSense_ENABLE == CapSense_CSD_IDAC_COMP_EN) */
2222:Generated_Source\PSoC4/CapSense_Sensing.c **** 
2223:Generated_Source\PSoC4/CapSense_Sensing.c ****                 /* Update IDAC trim bits for gain control in current sink mode */
2224:Generated_Source\PSoC4/CapSense_Sensing.c ****                 CY_SET_REG32(CapSense_CSD1_TRIM2_PTR, trimValue);
2225:Generated_Source\PSoC4/CapSense_Sensing.c **** 
2226:Generated_Source\PSoC4/CapSense_Sensing.c ****             #else
2227:Generated_Source\PSoC4/CapSense_Sensing.c **** 
2228:Generated_Source\PSoC4/CapSense_Sensing.c ****                 /* Mod iDAC Sinking Mode */
2229:Generated_Source\PSoC4/CapSense_Sensing.c ****                 trimValue = CY_GET_REG32(CapSense_TRIM2_PTR) & ~CapSense_IDAC_TRIM2_MOD_SNK_MASK;
2230:Generated_Source\PSoC4/CapSense_Sensing.c ****                 trimValue |= ((uint32)CY_GET_REG8(CapSense_SFLASH_TRIM2_PTR) &
2231:Generated_Source\PSoC4/CapSense_Sensing.c ****                                                           CapSense_SFLASH_TRIM_IDAC_MOD_MASK) ;
2232:Generated_Source\PSoC4/CapSense_Sensing.c **** 
2233:Generated_Source\PSoC4/CapSense_Sensing.c ****                 #if (CapSense_ENABLE == CapSense_CSD_IDAC_COMP_EN)
2234:Generated_Source\PSoC4/CapSense_Sensing.c ****                     /* Comp iDAC Sinking Mode */
2235:Generated_Source\PSoC4/CapSense_Sensing.c ****                     trimValue &= ~CapSense_IDAC_TRIM2_COMP_SNK_MASK;
2236:Generated_Source\PSoC4/CapSense_Sensing.c ****                     trimValue |= ((uint32)CY_GET_REG8(CapSense_SFLASH_TRIM2_PTR) &
2237:Generated_Source\PSoC4/CapSense_Sensing.c ****                                                               CapSense_SFLASH_TRIM_IDAC_COMP_MASK);
2238:Generated_Source\PSoC4/CapSense_Sensing.c ****                 #endif /* (CapSense_ENABLE == CapSense_CSD_IDAC_COMP_EN) */
2239:Generated_Source\PSoC4/CapSense_Sensing.c **** 
2240:Generated_Source\PSoC4/CapSense_Sensing.c ****                 /* Update IDAC trim bits for gain control in current sink mode */
2241:Generated_Source\PSoC4/CapSense_Sensing.c ****                 CY_SET_REG32(CapSense_TRIM2_PTR, trimValue);
2242:Generated_Source\PSoC4/CapSense_Sensing.c **** 
2243:Generated_Source\PSoC4/CapSense_Sensing.c ****             #endif /* (CapSense_ENABLE == CapSense_CSD2X_EN)) */
2244:Generated_Source\PSoC4/CapSense_Sensing.c ****         }
2245:Generated_Source\PSoC4/CapSense_Sensing.c ****     #endif /* ((CapSense_ENABLE == CapSense_CSX_EN) || \
2246:Generated_Source\PSoC4/CapSense_Sensing.c ****                (CapSense_IDAC_SINKING == CapSense_CSD_IDAC_CONFIG)) */
2247:Generated_Source\PSoC4/CapSense_Sensing.c **** 
2248:Generated_Source\PSoC4/CapSense_Sensing.c **** 
2249:Generated_Source\PSoC4/CapSense_Sensing.c ****     #if ((CapSense_ENABLE == CapSense_CSX_EN) || \
2250:Generated_Source\PSoC4/CapSense_Sensing.c ****          (CapSense_IDAC_SOURCING == CapSense_CSD_IDAC_CONFIG))
2251:Generated_Source\PSoC4/CapSense_Sensing.c ****         /*******************************************************************************
2252:Generated_Source\PSoC4/CapSense_Sensing.c ****         * Function Name: CapSense_SsTrimIdacsSourcing
2253:Generated_Source\PSoC4/CapSense_Sensing.c ****         ****************************************************************************//**
2254:Generated_Source\PSoC4/CapSense_Sensing.c ****         *
ARM GAS  C:\Users\Lenovo\AppData\Local\Temp\cc2HN0Qn.s 			page 41


2255:Generated_Source\PSoC4/CapSense_Sensing.c ****         * \brief
2256:Generated_Source\PSoC4/CapSense_Sensing.c ****         *  This function loads trim values from SFLASH rows to calibrate
2257:Generated_Source\PSoC4/CapSense_Sensing.c ****         *  IDAC1 and IDAC2 for Sourcing CSD Mode
2258:Generated_Source\PSoC4/CapSense_Sensing.c ****         *
2259:Generated_Source\PSoC4/CapSense_Sensing.c ****         * \details
2260:Generated_Source\PSoC4/CapSense_Sensing.c ****         *  Function reads trim value from SFLASH and loads it into IDAC trim register.
2261:Generated_Source\PSoC4/CapSense_Sensing.c ****         *  If Compensation IDAC is disabled the function loads trim values for IDAC1 only.
2262:Generated_Source\PSoC4/CapSense_Sensing.c ****         *
2263:Generated_Source\PSoC4/CapSense_Sensing.c ****         *******************************************************************************/
2264:Generated_Source\PSoC4/CapSense_Sensing.c ****         static void CapSense_SsTrimIdacsSourcing(void)
2265:Generated_Source\PSoC4/CapSense_Sensing.c ****         {
  27              		.loc 1 2265 0
  28              		.cfi_startproc
  29              		@ args = 0, pretend = 0, frame = 0
  30              		@ frame_needed = 0, uses_anonymous_args = 0
  31              		@ link register save eliminated.
2266:Generated_Source\PSoC4/CapSense_Sensing.c ****             uint32 trimValue;
2267:Generated_Source\PSoC4/CapSense_Sensing.c **** 
2268:Generated_Source\PSoC4/CapSense_Sensing.c ****             #if (CapSense_ENABLE == CapSense_CSD2X_EN)
2269:Generated_Source\PSoC4/CapSense_Sensing.c **** 
2270:Generated_Source\PSoC4/CapSense_Sensing.c ****                 /* iDAC0 Sourcing Mode */
2271:Generated_Source\PSoC4/CapSense_Sensing.c ****                 trimValue = CY_GET_REG32(CapSense_CSD0_TRIM1_PTR) & ~CapSense_IDAC_TRIM1_MOD_SRC_MA
2272:Generated_Source\PSoC4/CapSense_Sensing.c ****                 trimValue |= ((uint32)CY_GET_REG8(CapSense_CSD0_SFLASH_TRIM1_PTR) &
2273:Generated_Source\PSoC4/CapSense_Sensing.c ****                                                           CapSense_SFLASH_TRIM_IDAC_MOD_MASK);
2274:Generated_Source\PSoC4/CapSense_Sensing.c **** 
2275:Generated_Source\PSoC4/CapSense_Sensing.c ****                 #if (CapSense_ENABLE == CapSense_CSD_IDAC_COMP_EN)
2276:Generated_Source\PSoC4/CapSense_Sensing.c ****                      /* iDAC1 Sourcing Mode */
2277:Generated_Source\PSoC4/CapSense_Sensing.c ****                     trimValue &= ~CapSense_IDAC_TRIM1_COMP_SRC_MASK;
2278:Generated_Source\PSoC4/CapSense_Sensing.c ****                     trimValue |= ((uint32)CY_GET_REG8(CapSense_CSD0_SFLASH_TRIM1_PTR) &
2279:Generated_Source\PSoC4/CapSense_Sensing.c ****                                                               CapSense_SFLASH_TRIM_IDAC_COMP_MASK);
2280:Generated_Source\PSoC4/CapSense_Sensing.c ****                 #endif /* (CapSense_ENABLE == CapSense_CSD_IDAC_COMP_EN) */
2281:Generated_Source\PSoC4/CapSense_Sensing.c **** 
2282:Generated_Source\PSoC4/CapSense_Sensing.c ****                 /* Update IDAC trim bits for gain control in current source mode */
2283:Generated_Source\PSoC4/CapSense_Sensing.c ****                 CY_SET_REG32(CapSense_CSD0_TRIM1_PTR, trimValue);
2284:Generated_Source\PSoC4/CapSense_Sensing.c **** 
2285:Generated_Source\PSoC4/CapSense_Sensing.c ****                 /* iDAC2 Sourcing Mode */
2286:Generated_Source\PSoC4/CapSense_Sensing.c ****                 trimValue = CY_GET_REG32(CapSense_CSD1_TRIM1_PTR) & ~CapSense_IDAC_TRIM1_MOD_SRC_MA
2287:Generated_Source\PSoC4/CapSense_Sensing.c ****                 trimValue |= ((uint32)CY_GET_REG8(CapSense_CSD1_SFLASH_TRIM1_PTR) &
2288:Generated_Source\PSoC4/CapSense_Sensing.c ****                                                           CapSense_SFLASH_TRIM_IDAC_MOD_MASK);
2289:Generated_Source\PSoC4/CapSense_Sensing.c **** 
2290:Generated_Source\PSoC4/CapSense_Sensing.c ****                 #if (CapSense_ENABLE == CapSense_CSD_IDAC_COMP_EN)
2291:Generated_Source\PSoC4/CapSense_Sensing.c ****                      /* iDAC3 Sourcing Mode */
2292:Generated_Source\PSoC4/CapSense_Sensing.c ****                     trimValue &= ~CapSense_IDAC_TRIM1_COMP_SRC_MASK;
2293:Generated_Source\PSoC4/CapSense_Sensing.c ****                     trimValue |= ((uint32)CY_GET_REG8(CapSense_CSD1_SFLASH_TRIM1_PTR) &
2294:Generated_Source\PSoC4/CapSense_Sensing.c ****                                                               CapSense_SFLASH_TRIM_IDAC_COMP_MASK);
2295:Generated_Source\PSoC4/CapSense_Sensing.c ****                 #endif /* (CapSense_ENABLE == CapSense_CSD_IDAC_COMP_EN) */
2296:Generated_Source\PSoC4/CapSense_Sensing.c **** 
2297:Generated_Source\PSoC4/CapSense_Sensing.c ****                 /* Update IDAC trim bits for gain control in current source mode */
2298:Generated_Source\PSoC4/CapSense_Sensing.c ****                 CY_SET_REG32(CapSense_CSD1_TRIM1_PTR, trimValue);
2299:Generated_Source\PSoC4/CapSense_Sensing.c **** 
2300:Generated_Source\PSoC4/CapSense_Sensing.c ****             #else
2301:Generated_Source\PSoC4/CapSense_Sensing.c **** 
2302:Generated_Source\PSoC4/CapSense_Sensing.c ****                 /* Mod iDAC Sourcing Mode */
2303:Generated_Source\PSoC4/CapSense_Sensing.c ****                 trimValue = CY_GET_REG32(CapSense_TRIM1_PTR) & ~CapSense_IDAC_TRIM1_MOD_SRC_MASK;
  32              		.loc 1 2303 0
  33 0000 0548     		ldr	r0, .L2
  34 0002 0368     		ldr	r3, [r0]
ARM GAS  C:\Users\Lenovo\AppData\Local\Temp\cc2HN0Qn.s 			page 42


  35 0004 0F22     		movs	r2, #15
  36 0006 9343     		bics	r3, r2
  37 0008 1900     		movs	r1, r3
  38              	.LVL0:
2304:Generated_Source\PSoC4/CapSense_Sensing.c ****                 trimValue |= ((uint32)CY_GET_REG8(CapSense_SFLASH_TRIM1_PTR) &
  39              		.loc 1 2304 0
  40 000a 044B     		ldr	r3, .L2+4
  41 000c 1B78     		ldrb	r3, [r3]
  42 000e 1340     		ands	r3, r2
  43 0010 0B43     		orrs	r3, r1
  44              	.LVL1:
2305:Generated_Source\PSoC4/CapSense_Sensing.c ****                                                           CapSense_SFLASH_TRIM_IDAC_MOD_MASK);
2306:Generated_Source\PSoC4/CapSense_Sensing.c **** 
2307:Generated_Source\PSoC4/CapSense_Sensing.c ****                 #if (CapSense_ENABLE == CapSense_CSD_IDAC_COMP_EN)
2308:Generated_Source\PSoC4/CapSense_Sensing.c ****                      /* Comp iDAC Sourcing Mode */
2309:Generated_Source\PSoC4/CapSense_Sensing.c ****                     trimValue &= ~CapSense_IDAC_TRIM1_COMP_SRC_MASK;
2310:Generated_Source\PSoC4/CapSense_Sensing.c ****                     trimValue |= ((uint32)CY_GET_REG8(CapSense_SFLASH_TRIM1_PTR) &
2311:Generated_Source\PSoC4/CapSense_Sensing.c ****                                                               CapSense_SFLASH_TRIM_IDAC_COMP_MASK);
2312:Generated_Source\PSoC4/CapSense_Sensing.c ****                 #endif /* (CapSense_ENABLE == CapSense_CSD_IDAC_COMP_EN) */
2313:Generated_Source\PSoC4/CapSense_Sensing.c **** 
2314:Generated_Source\PSoC4/CapSense_Sensing.c ****                 /* Update IDAC trim bits for gain control in current source mode */
2315:Generated_Source\PSoC4/CapSense_Sensing.c ****                 CY_SET_REG32(CapSense_TRIM1_PTR, trimValue);
  45              		.loc 1 2315 0
  46 0012 0360     		str	r3, [r0]
2316:Generated_Source\PSoC4/CapSense_Sensing.c **** 
2317:Generated_Source\PSoC4/CapSense_Sensing.c ****             #endif /* (CapSense_ENABLE == CapSense_CSD2X_EN) */
2318:Generated_Source\PSoC4/CapSense_Sensing.c ****         }
  47              		.loc 1 2318 0
  48              		@ sp needed
  49 0014 7047     		bx	lr
  50              	.L3:
  51 0016 C046     		.align	2
  52              	.L2:
  53 0018 00FF2840 		.word	1076428544
  54 001c 62F2FF0F 		.word	268431970
  55              		.cfi_endproc
  56              	.LFE16:
  57              		.size	CapSense_SsTrimIdacsSourcing, .-CapSense_SsTrimIdacsSourcing
  58              		.section	.text.CapSense_SsTrimIdacs,"ax",%progbits
  59              		.align	2
  60              		.code	16
  61              		.thumb_func
  62              		.type	CapSense_SsTrimIdacs, %function
  63              	CapSense_SsTrimIdacs:
  64              	.LFB17:
2319:Generated_Source\PSoC4/CapSense_Sensing.c ****     #endif /* ((CapSense_ENABLE == CapSense_CSX_EN) || \
2320:Generated_Source\PSoC4/CapSense_Sensing.c ****                (CapSense_IDAC_SOURCING == CapSense_CSD_IDAC_CONFIG)) */
2321:Generated_Source\PSoC4/CapSense_Sensing.c **** 
2322:Generated_Source\PSoC4/CapSense_Sensing.c **** 
2323:Generated_Source\PSoC4/CapSense_Sensing.c ****     /*******************************************************************************
2324:Generated_Source\PSoC4/CapSense_Sensing.c ****     * Function Name: CapSense_SsTrimIdacs
2325:Generated_Source\PSoC4/CapSense_Sensing.c ****     ****************************************************************************//**
2326:Generated_Source\PSoC4/CapSense_Sensing.c ****     *
2327:Generated_Source\PSoC4/CapSense_Sensing.c ****     * \brief
2328:Generated_Source\PSoC4/CapSense_Sensing.c ****     *  This function loads trim values from SFLASH rows to calibrate
2329:Generated_Source\PSoC4/CapSense_Sensing.c ****     *  IDAC1 and IDAC2 for CSD Mode
2330:Generated_Source\PSoC4/CapSense_Sensing.c ****     *
ARM GAS  C:\Users\Lenovo\AppData\Local\Temp\cc2HN0Qn.s 			page 43


2331:Generated_Source\PSoC4/CapSense_Sensing.c ****     * \details
2332:Generated_Source\PSoC4/CapSense_Sensing.c ****     *  If CSX mode is enabled the function loads trim values for both sink and source
2333:Generated_Source\PSoC4/CapSense_Sensing.c ****     *  mode. If CSX mode is disabled the function loads trim values for sink or
2334:Generated_Source\PSoC4/CapSense_Sensing.c ****     *  source mode based on sink/source mode configuration.
2335:Generated_Source\PSoC4/CapSense_Sensing.c ****     *  If Compensation IDAC is disabled the function loads trim values for IDAC1 only.
2336:Generated_Source\PSoC4/CapSense_Sensing.c ****     *
2337:Generated_Source\PSoC4/CapSense_Sensing.c ****     *******************************************************************************/
2338:Generated_Source\PSoC4/CapSense_Sensing.c ****     static void CapSense_SsTrimIdacs(void)
2339:Generated_Source\PSoC4/CapSense_Sensing.c ****     {
  65              		.loc 1 2339 0
  66              		.cfi_startproc
  67              		@ args = 0, pretend = 0, frame = 0
  68              		@ frame_needed = 0, uses_anonymous_args = 0
  69 0000 10B5     		push	{r4, lr}
  70              		.cfi_def_cfa_offset 8
  71              		.cfi_offset 4, -8
  72              		.cfi_offset 14, -4
2340:Generated_Source\PSoC4/CapSense_Sensing.c ****         #if (CapSense_ENABLE == CapSense_CSX_EN)
2341:Generated_Source\PSoC4/CapSense_Sensing.c ****             CapSense_SsTrimIdacsSinking();
2342:Generated_Source\PSoC4/CapSense_Sensing.c ****             CapSense_SsTrimIdacsSourcing();
2343:Generated_Source\PSoC4/CapSense_Sensing.c ****         #elif (CapSense_IDAC_SINKING == CapSense_CSD_IDAC_CONFIG)
2344:Generated_Source\PSoC4/CapSense_Sensing.c ****             CapSense_SsTrimIdacsSinking();
2345:Generated_Source\PSoC4/CapSense_Sensing.c ****         #elif (CapSense_IDAC_SOURCING == CapSense_CSD_IDAC_CONFIG)
2346:Generated_Source\PSoC4/CapSense_Sensing.c ****             CapSense_SsTrimIdacsSourcing();
  73              		.loc 1 2346 0
  74 0002 FFF7FEFF 		bl	CapSense_SsTrimIdacsSourcing
  75              	.LVL2:
2347:Generated_Source\PSoC4/CapSense_Sensing.c ****         #else
2348:Generated_Source\PSoC4/CapSense_Sensing.c ****             #error "Not supported Mode, component cannot work in this mode"
2349:Generated_Source\PSoC4/CapSense_Sensing.c ****         #endif /* (CapSense_ENABLE == CapSense_CSX_EN) */
2350:Generated_Source\PSoC4/CapSense_Sensing.c ****     }
  76              		.loc 1 2350 0
  77              		@ sp needed
  78 0006 10BD     		pop	{r4, pc}
  79              		.cfi_endproc
  80              	.LFE17:
  81              		.size	CapSense_SsTrimIdacs, .-CapSense_SsTrimIdacs
  82              		.section	.text.CapSense_IsBusy,"ax",%progbits
  83              		.align	2
  84              		.global	CapSense_IsBusy
  85              		.code	16
  86              		.thumb_func
  87              		.type	CapSense_IsBusy, %function
  88              	CapSense_IsBusy:
  89              	.LFB2:
 290:Generated_Source\PSoC4/CapSense_Sensing.c ****     return ((*(volatile uint32 *)&CapSense_dsRam.status) & CapSense_SW_STS_BUSY);
  90              		.loc 1 290 0
  91              		.cfi_startproc
  92              		@ args = 0, pretend = 0, frame = 0
  93              		@ frame_needed = 0, uses_anonymous_args = 0
  94              		@ link register save eliminated.
 291:Generated_Source\PSoC4/CapSense_Sensing.c **** }
  95              		.loc 1 291 0
  96 0000 024B     		ldr	r3, .L6
  97 0002 9B68     		ldr	r3, [r3, #8]
  98 0004 8020     		movs	r0, #128
  99 0006 1840     		ands	r0, r3
ARM GAS  C:\Users\Lenovo\AppData\Local\Temp\cc2HN0Qn.s 			page 44


 292:Generated_Source\PSoC4/CapSense_Sensing.c **** 
 100              		.loc 1 292 0
 101              		@ sp needed
 102 0008 7047     		bx	lr
 103              	.L7:
 104 000a C046     		.align	2
 105              	.L6:
 106 000c 00000000 		.word	CapSense_dsRam
 107              		.cfi_endproc
 108              	.LFE2:
 109              		.size	CapSense_IsBusy, .-CapSense_IsBusy
 110              		.section	.text.CapSense_SetupWidget,"ax",%progbits
 111              		.align	2
 112              		.global	CapSense_SetupWidget
 113              		.code	16
 114              		.thumb_func
 115              		.type	CapSense_SetupWidget, %function
 116              	CapSense_SetupWidget:
 117              	.LFB3:
 338:Generated_Source\PSoC4/CapSense_Sensing.c ****     cystatus widgetStatus;
 118              		.loc 1 338 0
 119              		.cfi_startproc
 120              		@ args = 0, pretend = 0, frame = 0
 121              		@ frame_needed = 0, uses_anonymous_args = 0
 122              	.LVL3:
 123 0000 10B5     		push	{r4, lr}
 124              		.cfi_def_cfa_offset 8
 125              		.cfi_offset 4, -8
 126              		.cfi_offset 14, -4
 341:Generated_Source\PSoC4/CapSense_Sensing.c ****     {
 127              		.loc 1 341 0
 128 0002 0F4B     		ldr	r3, .L14
 129 0004 9B68     		ldr	r3, [r3, #8]
 130 0006 DB03     		lsls	r3, r3, #15
 131 0008 0ED4     		bmi	.L11
 351:Generated_Source\PSoC4/CapSense_Sensing.c ****         (0uL != CapSense_GET_WIDGET_EN_STATUS(widgetId)))
 132              		.loc 1 351 0
 133 000a 0028     		cmp	r0, #0
 134 000c 0ED1     		bne	.L12
 352:Generated_Source\PSoC4/CapSense_Sensing.c **** 
 135              		.loc 1 352 0 discriminator 1
 136 000e 4309     		lsrs	r3, r0, #5
 137 0010 0233     		adds	r3, r3, #2
 138 0012 9B00     		lsls	r3, r3, #2
 139 0014 0A4A     		ldr	r2, .L14
 140 0016 D318     		adds	r3, r2, r3
 141 0018 5B68     		ldr	r3, [r3, #4]
 142 001a 1F22     		movs	r2, #31
 143 001c 0240     		ands	r2, r0
 144 001e D340     		lsrs	r3, r3, r2
 351:Generated_Source\PSoC4/CapSense_Sensing.c ****         (0uL != CapSense_GET_WIDGET_EN_STATUS(widgetId)))
 145              		.loc 1 351 0 discriminator 1
 146 0020 DB07     		lsls	r3, r3, #31
 147 0022 05D4     		bmi	.L13
 359:Generated_Source\PSoC4/CapSense_Sensing.c ****     }
 148              		.loc 1 359 0
 149 0024 0124     		movs	r4, #1
ARM GAS  C:\Users\Lenovo\AppData\Local\Temp\cc2HN0Qn.s 			page 45


 150 0026 04E0     		b	.L9
 151              	.L11:
 344:Generated_Source\PSoC4/CapSense_Sensing.c ****     }
 152              		.loc 1 344 0
 153 0028 1124     		movs	r4, #17
 154 002a 02E0     		b	.L9
 155              	.L12:
 359:Generated_Source\PSoC4/CapSense_Sensing.c ****     }
 156              		.loc 1 359 0
 157 002c 0124     		movs	r4, #1
 158 002e 00E0     		b	.L9
 159              	.L13:
 355:Generated_Source\PSoC4/CapSense_Sensing.c ****     }
 160              		.loc 1 355 0
 161 0030 0024     		movs	r4, #0
 162              	.L9:
 163              	.LVL4:
 366:Generated_Source\PSoC4/CapSense_Sensing.c ****     {
 164              		.loc 1 366 0
 165 0032 002C     		cmp	r4, #0
 166 0034 01D1     		bne	.L10
 395:Generated_Source\PSoC4/CapSense_Sensing.c ****         #elif (CapSense_ENABLE == CapSense_CSX_EN)
 167              		.loc 1 395 0
 168 0036 FFF7FEFF 		bl	CapSense_CSDSetupWidget
 169              	.LVL5:
 170              	.L10:
 406:Generated_Source\PSoC4/CapSense_Sensing.c **** 
 171              		.loc 1 406 0
 172 003a 2000     		movs	r0, r4
 173              		@ sp needed
 174              	.LVL6:
 175 003c 10BD     		pop	{r4, pc}
 176              	.L15:
 177 003e C046     		.align	2
 178              	.L14:
 179 0040 00000000 		.word	CapSense_dsRam
 180              		.cfi_endproc
 181              	.LFE3:
 182              		.size	CapSense_SetupWidget, .-CapSense_SetupWidget
 183              		.section	.text.CapSense_Scan,"ax",%progbits
 184              		.align	2
 185              		.global	CapSense_Scan
 186              		.code	16
 187              		.thumb_func
 188              		.type	CapSense_Scan, %function
 189              	CapSense_Scan:
 190              	.LFB4:
 432:Generated_Source\PSoC4/CapSense_Sensing.c ****     cystatus scanStatus = CYRET_SUCCESS;
 191              		.loc 1 432 0
 192              		.cfi_startproc
 193              		@ args = 0, pretend = 0, frame = 0
 194              		@ frame_needed = 0, uses_anonymous_args = 0
 195 0000 10B5     		push	{r4, lr}
 196              		.cfi_def_cfa_offset 8
 197              		.cfi_offset 4, -8
 198              		.cfi_offset 14, -4
 199              	.LVL7:
ARM GAS  C:\Users\Lenovo\AppData\Local\Temp\cc2HN0Qn.s 			page 46


 435:Generated_Source\PSoC4/CapSense_Sensing.c ****     {
 200              		.loc 1 435 0
 201 0002 054B     		ldr	r3, .L19
 202 0004 9B68     		ldr	r3, [r3, #8]
 203 0006 DB03     		lsls	r3, r3, #15
 204 0008 03D4     		bmi	.L18
 466:Generated_Source\PSoC4/CapSense_Sensing.c **** 
 205              		.loc 1 466 0
 206 000a FFF7FEFF 		bl	CapSense_CSDScan
 207              	.LVL8:
 433:Generated_Source\PSoC4/CapSense_Sensing.c **** 
 208              		.loc 1 433 0
 209 000e 0020     		movs	r0, #0
 210 0010 00E0     		b	.L17
 211              	.L18:
 438:Generated_Source\PSoC4/CapSense_Sensing.c ****     }
 212              		.loc 1 438 0
 213 0012 1120     		movs	r0, #17
 214              	.L17:
 215              	.LVL9:
 479:Generated_Source\PSoC4/CapSense_Sensing.c **** 
 216              		.loc 1 479 0
 217              		@ sp needed
 218 0014 10BD     		pop	{r4, pc}
 219              	.L20:
 220 0016 C046     		.align	2
 221              	.L19:
 222 0018 00000000 		.word	CapSense_dsRam
 223              		.cfi_endproc
 224              	.LFE4:
 225              		.size	CapSense_Scan, .-CapSense_Scan
 226              		.section	.text.CapSense_ScanAllWidgets,"ax",%progbits
 227              		.align	2
 228              		.global	CapSense_ScanAllWidgets
 229              		.code	16
 230              		.thumb_func
 231              		.type	CapSense_ScanAllWidgets, %function
 232              	CapSense_ScanAllWidgets:
 233              	.LFB5:
 508:Generated_Source\PSoC4/CapSense_Sensing.c ****     cystatus scanStatus = CYRET_UNKNOWN;
 234              		.loc 1 508 0
 235              		.cfi_startproc
 236              		@ args = 0, pretend = 0, frame = 0
 237              		@ frame_needed = 0, uses_anonymous_args = 0
 238 0000 10B5     		push	{r4, lr}
 239              		.cfi_def_cfa_offset 8
 240              		.cfi_offset 4, -8
 241              		.cfi_offset 14, -4
 242              	.LVL10:
 513:Generated_Source\PSoC4/CapSense_Sensing.c ****     {
 243              		.loc 1 513 0
 244 0002 0C4B     		ldr	r3, .L27
 245 0004 9B68     		ldr	r3, [r3, #8]
 246 0006 1B06     		lsls	r3, r3, #24
 247 0008 12D4     		bmi	.L26
 248 000a 0024     		movs	r4, #0
 249 000c 0120     		movs	r0, #1
ARM GAS  C:\Users\Lenovo\AppData\Local\Temp\cc2HN0Qn.s 			page 47


 250 000e 4042     		rsbs	r0, r0, #0
 251 0010 0BE0     		b	.L23
 252              	.LVL11:
 253              	.L25:
 529:Generated_Source\PSoC4/CapSense_Sensing.c **** 
 254              		.loc 1 529 0
 255 0012 2000     		movs	r0, r4
 256              	.LVL12:
 257 0014 FFF7FEFF 		bl	CapSense_SetupWidget
 258              	.LVL13:
 531:Generated_Source\PSoC4/CapSense_Sensing.c ****             {
 259              		.loc 1 531 0
 260 0018 0028     		cmp	r0, #0
 261 001a 05D1     		bne	.L24
 548:Generated_Source\PSoC4/CapSense_Sensing.c ****                     }
 262              		.loc 1 548 0
 263 001c 0022     		movs	r2, #0
 264 001e 064B     		ldr	r3, .L27+4
 265 0020 1A70     		strb	r2, [r3]
 553:Generated_Source\PSoC4/CapSense_Sensing.c **** 
 266              		.loc 1 553 0
 267 0022 FFF7FEFF 		bl	CapSense_Scan
 268              	.LVL14:
 555:Generated_Source\PSoC4/CapSense_Sensing.c ****             }
 269              		.loc 1 555 0
 270 0026 04E0     		b	.L22
 271              	.L24:
 526:Generated_Source\PSoC4/CapSense_Sensing.c ****         {
 272              		.loc 1 526 0
 273 0028 0134     		adds	r4, r4, #1
 274              	.LVL15:
 275              	.L23:
 524:Generated_Source\PSoC4/CapSense_Sensing.c ****              wdgtIndex < CapSense_TOTAL_SLOTS;
 276              		.loc 1 524 0 discriminator 1
 277 002a 002C     		cmp	r4, #0
 278 002c F1D0     		beq	.L25
 279 002e 00E0     		b	.L22
 280              	.LVL16:
 281              	.L26:
 516:Generated_Source\PSoC4/CapSense_Sensing.c ****     }
 282              		.loc 1 516 0
 283 0030 1120     		movs	r0, #17
 284              	.LVL17:
 285              	.L22:
 561:Generated_Source\PSoC4/CapSense_Sensing.c **** 
 286              		.loc 1 561 0
 287              		@ sp needed
 288 0032 10BD     		pop	{r4, pc}
 289              	.L28:
 290              		.align	2
 291              	.L27:
 292 0034 00000000 		.word	CapSense_dsRam
 293 0038 00000000 		.word	.LANCHOR0
 294              		.cfi_endproc
 295              	.LFE5:
 296              		.size	CapSense_ScanAllWidgets, .-CapSense_ScanAllWidgets
 297              		.section	.text.CapSense_SetPinState,"ax",%progbits
ARM GAS  C:\Users\Lenovo\AppData\Local\Temp\cc2HN0Qn.s 			page 48


 298              		.align	2
 299              		.global	CapSense_SetPinState
 300              		.code	16
 301              		.thumb_func
 302              		.type	CapSense_SetPinState, %function
 303              	CapSense_SetPinState:
 304              	.LFB7:
 750:Generated_Source\PSoC4/CapSense_Sensing.c ****     uint32 eltdNum;
 305              		.loc 1 750 0
 306              		.cfi_startproc
 307              		@ args = 0, pretend = 0, frame = 0
 308              		@ frame_needed = 0, uses_anonymous_args = 0
 309              	.LVL18:
 310 0000 F8B5     		push	{r3, r4, r5, r6, r7, lr}
 311              		.cfi_def_cfa_offset 24
 312              		.cfi_offset 3, -24
 313              		.cfi_offset 4, -20
 314              		.cfi_offset 5, -16
 315              		.cfi_offset 6, -12
 316              		.cfi_offset 7, -8
 317              		.cfi_offset 14, -4
 318 0002 1600     		movs	r6, r2
 775:Generated_Source\PSoC4/CapSense_Sensing.c ****         eltdNum = 1u;
 319              		.loc 1 775 0
 320 0004 C300     		lsls	r3, r0, #3
 321 0006 1818     		adds	r0, r3, r0
 322              	.LVL19:
 323 0008 8300     		lsls	r3, r0, #2
 324 000a 244A     		ldr	r2, .L36
 325              	.LVL20:
 326 000c 9C58     		ldr	r4, [r3, r2]
 327 000e CB00     		lsls	r3, r1, #3
 328 0010 591A     		subs	r1, r3, r1
 329              	.LVL21:
 330 0012 8B00     		lsls	r3, r1, #2
 331 0014 E418     		adds	r4, r4, r3
 332              	.LVL22:
 780:Generated_Source\PSoC4/CapSense_Sensing.c ****     {
 333              		.loc 1 780 0
 334 0016 0025     		movs	r5, #0
 335 0018 3CE0     		b	.L30
 336              	.LVL23:
 337              	.L35:
 783:Generated_Source\PSoC4/CapSense_Sensing.c ****         CY_SET_REG32(ioPtr->hsiomPtr, CY_GET_REG32(ioPtr->hsiomPtr) & ~(CapSense_HSIOM_SEL_MASK << 
 338              		.loc 1 783 0
 339 001a FFF7FEFF 		bl	CyEnterCriticalSection
 340              	.LVL24:
 784:Generated_Source\PSoC4/CapSense_Sensing.c ****         CY_SET_REG32(ioPtr->pcPtr, CY_GET_REG32(ioPtr->pcPtr) & ~(CapSense_GPIO_PC_MASK << ioPtr->s
 341              		.loc 1 784 0
 342 001e 2168     		ldr	r1, [r4]
 343 0020 0B68     		ldr	r3, [r1]
 344 0022 277E     		ldrb	r7, [r4, #24]
 345 0024 0F22     		movs	r2, #15
 346 0026 BA40     		lsls	r2, r2, r7
 347 0028 9343     		bics	r3, r2
 348 002a 0B60     		str	r3, [r1]
 785:Generated_Source\PSoC4/CapSense_Sensing.c ****         CyExitCriticalSection(interruptState);
ARM GAS  C:\Users\Lenovo\AppData\Local\Temp\cc2HN0Qn.s 			page 49


 349              		.loc 1 785 0
 350 002c 6168     		ldr	r1, [r4, #4]
 351 002e 0B68     		ldr	r3, [r1]
 352 0030 A77E     		ldrb	r7, [r4, #26]
 353 0032 0722     		movs	r2, #7
 354 0034 BA40     		lsls	r2, r2, r7
 355 0036 9343     		bics	r3, r2
 356 0038 0B60     		str	r3, [r1]
 786:Generated_Source\PSoC4/CapSense_Sensing.c **** 
 357              		.loc 1 786 0
 358 003a FFF7FEFF 		bl	CyExitCriticalSection
 359              	.LVL25:
 788:Generated_Source\PSoC4/CapSense_Sensing.c ****         {
 360              		.loc 1 788 0
 361 003e 012E     		cmp	r6, #1
 362 0040 17D0     		beq	.L32
 363 0042 002E     		cmp	r6, #0
 364 0044 02D0     		beq	.L33
 365 0046 032E     		cmp	r6, #3
 366 0048 1FD0     		beq	.L34
 367 004a 21E0     		b	.L31
 368              	.L33:
 792:Generated_Source\PSoC4/CapSense_Sensing.c ****             CY_SET_REG32(ioPtr->pcPtr, CY_GET_REG32(ioPtr->pcPtr) | (CapSense_SNS_GROUND_CONNECT <<
 369              		.loc 1 792 0
 370 004c FFF7FEFF 		bl	CyEnterCriticalSection
 371              	.LVL26:
 793:Generated_Source\PSoC4/CapSense_Sensing.c ****             CY_SET_REG32(ioPtr->drPtr, CY_GET_REG32(ioPtr->drPtr) & (uint32)(~(uint32)((uint32)1u <
 372              		.loc 1 793 0
 373 0050 6268     		ldr	r2, [r4, #4]
 374 0052 1168     		ldr	r1, [r2]
 375 0054 A77E     		ldrb	r7, [r4, #26]
 376 0056 0623     		movs	r3, #6
 377 0058 BB40     		lsls	r3, r3, r7
 378 005a 0B43     		orrs	r3, r1
 379 005c 1360     		str	r3, [r2]
 794:Generated_Source\PSoC4/CapSense_Sensing.c ****             CyExitCriticalSection(interruptState);
 380              		.loc 1 794 0
 381 005e A168     		ldr	r1, [r4, #8]
 382 0060 0B68     		ldr	r3, [r1]
 383 0062 677E     		ldrb	r7, [r4, #25]
 384 0064 0122     		movs	r2, #1
 385 0066 BA40     		lsls	r2, r2, r7
 386 0068 9343     		bics	r3, r2
 387 006a 0B60     		str	r3, [r1]
 795:Generated_Source\PSoC4/CapSense_Sensing.c ****             break;
 388              		.loc 1 795 0
 389 006c FFF7FEFF 		bl	CyExitCriticalSection
 390              	.LVL27:
 796:Generated_Source\PSoC4/CapSense_Sensing.c **** 
 391              		.loc 1 796 0
 392 0070 0EE0     		b	.L31
 393              	.L32:
 799:Generated_Source\PSoC4/CapSense_Sensing.c ****             CY_SET_REG32(ioPtr->drPtr, CY_GET_REG32(ioPtr->drPtr) & (uint32)~(uint32)((uint32)1u <<
 394              		.loc 1 799 0
 395 0072 FFF7FEFF 		bl	CyEnterCriticalSection
 396              	.LVL28:
 800:Generated_Source\PSoC4/CapSense_Sensing.c ****             CyExitCriticalSection(interruptState);
ARM GAS  C:\Users\Lenovo\AppData\Local\Temp\cc2HN0Qn.s 			page 50


 397              		.loc 1 800 0
 398 0076 A168     		ldr	r1, [r4, #8]
 399 0078 0B68     		ldr	r3, [r1]
 400 007a 677E     		ldrb	r7, [r4, #25]
 401 007c 0122     		movs	r2, #1
 402 007e BA40     		lsls	r2, r2, r7
 403 0080 9343     		bics	r3, r2
 404 0082 0B60     		str	r3, [r1]
 801:Generated_Source\PSoC4/CapSense_Sensing.c ****             break;
 405              		.loc 1 801 0
 406 0084 FFF7FEFF 		bl	CyExitCriticalSection
 407              	.LVL29:
 802:Generated_Source\PSoC4/CapSense_Sensing.c **** 
 408              		.loc 1 802 0
 409 0088 02E0     		b	.L31
 410              	.L34:
 807:Generated_Source\PSoC4/CapSense_Sensing.c ****                 break;
 411              		.loc 1 807 0
 412 008a 2000     		movs	r0, r4
 413 008c FFF7FEFF 		bl	CapSense_CSDConnectSns
 414              	.LVL30:
 415              	.L31:
 841:Generated_Source\PSoC4/CapSense_Sensing.c ****     }
 416              		.loc 1 841 0 discriminator 2
 417 0090 1C34     		adds	r4, r4, #28
 418              	.LVL31:
 780:Generated_Source\PSoC4/CapSense_Sensing.c ****     {
 419              		.loc 1 780 0 discriminator 2
 420 0092 0135     		adds	r5, r5, #1
 421              	.LVL32:
 422              	.L30:
 780:Generated_Source\PSoC4/CapSense_Sensing.c ****     {
 423              		.loc 1 780 0 is_stmt 0 discriminator 1
 424 0094 002D     		cmp	r5, #0
 425 0096 C0D0     		beq	.L35
 843:Generated_Source\PSoC4/CapSense_Sensing.c **** 
 426              		.loc 1 843 0 is_stmt 1
 427              		@ sp needed
 428              	.LVL33:
 429              	.LVL34:
 430              	.LVL35:
 431 0098 F8BD     		pop	{r3, r4, r5, r6, r7, pc}
 432              	.L37:
 433 009a C046     		.align	2
 434              	.L36:
 435 009c 00000000 		.word	CapSense_dsFlash
 436              		.cfi_endproc
 437              	.LFE7:
 438              		.size	CapSense_SetPinState, .-CapSense_SetPinState
 439              		.section	.text.CapSense_SsSetIOsInDefaultState,"ax",%progbits
 440              		.align	2
 441              		.global	CapSense_SsSetIOsInDefaultState
 442              		.code	16
 443              		.thumb_func
 444              		.type	CapSense_SsSetIOsInDefaultState, %function
 445              	CapSense_SsSetIOsInDefaultState:
 446              	.LFB8:
ARM GAS  C:\Users\Lenovo\AppData\Local\Temp\cc2HN0Qn.s 			page 51


1056:Generated_Source\PSoC4/CapSense_Sensing.c ****     CapSense_FLASH_IO_STRUCT const *ioPtr = &CapSense_ioList[0u];
 447              		.loc 1 1056 0
 448              		.cfi_startproc
 449              		@ args = 0, pretend = 0, frame = 0
 450              		@ frame_needed = 0, uses_anonymous_args = 0
 451 0000 30B5     		push	{r4, r5, lr}
 452              		.cfi_def_cfa_offset 12
 453              		.cfi_offset 4, -12
 454              		.cfi_offset 5, -8
 455              		.cfi_offset 14, -4
 456              	.LVL36:
1062:Generated_Source\PSoC4/CapSense_Sensing.c ****     {
 457              		.loc 1 1062 0
 458 0002 0020     		movs	r0, #0
1057:Generated_Source\PSoC4/CapSense_Sensing.c ****     uint32 loopIndex;
 459              		.loc 1 1057 0
 460 0004 0D4B     		ldr	r3, .L41
1062:Generated_Source\PSoC4/CapSense_Sensing.c ****     {
 461              		.loc 1 1062 0
 462 0006 16E0     		b	.L39
 463              	.LVL37:
 464              	.L40:
1067:Generated_Source\PSoC4/CapSense_Sensing.c ****         regValue &= ~(ioPtr->hsiomMask);
 465              		.loc 1 1067 0 discriminator 3
 466 0008 1968     		ldr	r1, [r3]
 467 000a 0A68     		ldr	r2, [r1]
 468              	.LVL38:
1068:Generated_Source\PSoC4/CapSense_Sensing.c ****         CY_SET_REG32 (ioPtr->hsiomPtr, regValue);
 469              		.loc 1 1068 0 discriminator 3
 470 000c 1C69     		ldr	r4, [r3, #16]
 471 000e A243     		bics	r2, r4
 472              	.LVL39:
1069:Generated_Source\PSoC4/CapSense_Sensing.c **** 
 473              		.loc 1 1069 0 discriminator 3
 474 0010 0A60     		str	r2, [r1]
1071:Generated_Source\PSoC4/CapSense_Sensing.c ****         regValue &= ~(CapSense_GPIO_PC_MASK << ioPtr->shift);
 475              		.loc 1 1071 0 discriminator 3
 476 0012 5C68     		ldr	r4, [r3, #4]
 477 0014 2268     		ldr	r2, [r4]
 478              	.LVL40:
1072:Generated_Source\PSoC4/CapSense_Sensing.c ****         regValue |=  (CapSense_GPIO_STRGDRV << ioPtr->shift);
 479              		.loc 1 1072 0 discriminator 3
 480 0016 9D7E     		ldrb	r5, [r3, #26]
 481 0018 0721     		movs	r1, #7
 482 001a A940     		lsls	r1, r1, r5
 483 001c 8A43     		bics	r2, r1
 484              	.LVL41:
 485 001e 1100     		movs	r1, r2
 486              	.LVL42:
1073:Generated_Source\PSoC4/CapSense_Sensing.c ****         CY_SET_REG32 (ioPtr->pcPtr, regValue);
 487              		.loc 1 1073 0 discriminator 3
 488 0020 0622     		movs	r2, #6
 489 0022 AA40     		lsls	r2, r2, r5
 490 0024 0A43     		orrs	r2, r1
 491              	.LVL43:
1074:Generated_Source\PSoC4/CapSense_Sensing.c **** 
 492              		.loc 1 1074 0 discriminator 3
ARM GAS  C:\Users\Lenovo\AppData\Local\Temp\cc2HN0Qn.s 			page 52


 493 0026 2260     		str	r2, [r4]
1076:Generated_Source\PSoC4/CapSense_Sensing.c ****         regValue &= ~(ioPtr->mask);
 494              		.loc 1 1076 0 discriminator 3
 495 0028 9968     		ldr	r1, [r3, #8]
 496 002a 0A68     		ldr	r2, [r1]
 497              	.LVL44:
1077:Generated_Source\PSoC4/CapSense_Sensing.c ****         CY_SET_REG32 (ioPtr->drPtr, regValue);
 498              		.loc 1 1077 0 discriminator 3
 499 002c 5C69     		ldr	r4, [r3, #20]
 500 002e A243     		bics	r2, r4
 501              	.LVL45:
1078:Generated_Source\PSoC4/CapSense_Sensing.c **** 
 502              		.loc 1 1078 0 discriminator 3
 503 0030 0A60     		str	r2, [r1]
1081:Generated_Source\PSoC4/CapSense_Sensing.c ****     }
 504              		.loc 1 1081 0 discriminator 3
 505 0032 1C33     		adds	r3, r3, #28
 506              	.LVL46:
1062:Generated_Source\PSoC4/CapSense_Sensing.c ****     {
 507              		.loc 1 1062 0 discriminator 3
 508 0034 0130     		adds	r0, r0, #1
 509              	.LVL47:
 510              	.L39:
1062:Generated_Source\PSoC4/CapSense_Sensing.c ****     {
 511              		.loc 1 1062 0 is_stmt 0 discriminator 1
 512 0036 0428     		cmp	r0, #4
 513 0038 E6D9     		bls	.L40
1087:Generated_Source\PSoC4/CapSense_Sensing.c **** 
 514              		.loc 1 1087 0 is_stmt 1
 515              		@ sp needed
 516 003a 30BD     		pop	{r4, r5, pc}
 517              	.L42:
 518              		.align	2
 519              	.L41:
 520 003c 00000000 		.word	CapSense_ioList
 521              		.cfi_endproc
 522              	.LFE8:
 523              		.size	CapSense_SsSetIOsInDefaultState, .-CapSense_SsSetIOsInDefaultState
 524              		.section	.text.CapSense_SsPostAllWidgetsScan,"ax",%progbits
 525              		.align	2
 526              		.global	CapSense_SsPostAllWidgetsScan
 527              		.code	16
 528              		.thumb_func
 529              		.type	CapSense_SsPostAllWidgetsScan, %function
 530              	CapSense_SsPostAllWidgetsScan:
 531              	.LFB9:
1169:Generated_Source\PSoC4/CapSense_Sensing.c ****     #if (CapSense_DISABLE == CapSense_CSD2X_EN)
 532              		.loc 1 1169 0
 533              		.cfi_startproc
 534              		@ args = 0, pretend = 0, frame = 0
 535              		@ frame_needed = 0, uses_anonymous_args = 0
 536              		@ link register save eliminated.
1274:Generated_Source\PSoC4/CapSense_Sensing.c **** 
 537              		.loc 1 1274 0
 538              		@ sp needed
 539 0000 7047     		bx	lr
 540              		.cfi_endproc
ARM GAS  C:\Users\Lenovo\AppData\Local\Temp\cc2HN0Qn.s 			page 53


 541              	.LFE9:
 542              		.size	CapSense_SsPostAllWidgetsScan, .-CapSense_SsPostAllWidgetsScan
 543 0002 C046     		.section	.text.CapSense_SsIsrInitialize,"ax",%progbits
 544              		.align	2
 545              		.global	CapSense_SsIsrInitialize
 546              		.code	16
 547              		.thumb_func
 548              		.type	CapSense_SsIsrInitialize, %function
 549              	CapSense_SsIsrInitialize:
 550              	.LFB10:
1293:Generated_Source\PSoC4/CapSense_Sensing.c **** #if (CapSense_ENABLE == CapSense_CSD2X_EN)
 551              		.loc 1 1293 0
 552              		.cfi_startproc
 553              		@ args = 0, pretend = 0, frame = 0
 554              		@ frame_needed = 0, uses_anonymous_args = 0
 555              	.LVL48:
 556 0000 10B5     		push	{r4, lr}
 557              		.cfi_def_cfa_offset 8
 558              		.cfi_offset 4, -8
 559              		.cfi_offset 14, -4
1298:Generated_Source\PSoC4/CapSense_Sensing.c **** #endif /* (CapSense_ENABLE == CapSense_CSD2X_EN) */
 560              		.loc 1 1298 0
 561 0002 FFF7FEFF 		bl	CapSense_ISR_StartEx
 562              	.LVL49:
1300:Generated_Source\PSoC4/CapSense_Sensing.c **** 
 563              		.loc 1 1300 0
 564              		@ sp needed
 565 0006 10BD     		pop	{r4, pc}
 566              		.cfi_endproc
 567              	.LFE10:
 568              		.size	CapSense_SsIsrInitialize, .-CapSense_SsIsrInitialize
 569              		.section	.text.CapSense_SsSetModClkClockDivider,"ax",%progbits
 570              		.align	2
 571              		.global	CapSense_SsSetModClkClockDivider
 572              		.code	16
 573              		.thumb_func
 574              		.type	CapSense_SsSetModClkClockDivider, %function
 575              	CapSense_SsSetModClkClockDivider:
 576              	.LFB11:
1321:Generated_Source\PSoC4/CapSense_Sensing.c **** #if (CapSense_ENABLE == CapSense_IS_M0S8PERI_BLOCK)
 577              		.loc 1 1321 0
 578              		.cfi_startproc
 579              		@ args = 0, pretend = 0, frame = 0
 580              		@ frame_needed = 0, uses_anonymous_args = 0
 581              		@ link register save eliminated.
 582              	.LVL50:
1324:Generated_Source\PSoC4/CapSense_Sensing.c ****                  ((uint32)CapSense_ModClk__DIV_ID <<
 583              		.loc 1 1324 0
 584 0000 074A     		ldr	r2, .L47
 585 0002 084B     		ldr	r3, .L47+4
 586 0004 1A60     		str	r2, [r3]
1334:Generated_Source\PSoC4/CapSense_Sensing.c **** 
 587              		.loc 1 1334 0
 588 0006 0138     		subs	r0, r0, #1
 589              	.LVL51:
 590 0008 0002     		lsls	r0, r0, #8
 591              	.LVL52:
ARM GAS  C:\Users\Lenovo\AppData\Local\Temp\cc2HN0Qn.s 			page 54


 592 000a 074B     		ldr	r3, .L47+8
 593 000c 1860     		str	r0, [r3]
 594              	.L46:
1337:Generated_Source\PSoC4/CapSense_Sensing.c ****     {
 595              		.loc 1 1337 0 discriminator 1
 596 000e 054B     		ldr	r3, .L47+4
 597 0010 1B68     		ldr	r3, [r3]
 598 0012 002B     		cmp	r3, #0
 599 0014 FBDB     		blt	.L46
1343:Generated_Source\PSoC4/CapSense_Sensing.c ****                  (uint32)(((uint32)CapSense_ModClk__DIV_ID << CapSense_MODCLK_CMD_DIV_SHIFT) |
 600              		.loc 1 1343 0
 601 0016 054A     		ldr	r2, .L47+12
 602 0018 024B     		ldr	r3, .L47+4
 603 001a 1A60     		str	r2, [r3]
1368:Generated_Source\PSoC4/CapSense_Sensing.c **** 
 604              		.loc 1 1368 0
 605              		@ sp needed
 606 001c 7047     		bx	lr
 607              	.L48:
 608 001e C046     		.align	2
 609              	.L47:
 610 0020 40000040 		.word	1073741888
 611 0024 00000140 		.word	1073807360
 612 0028 00030140 		.word	1073808128
 613 002c 40FF0080 		.word	-2147418304
 614              		.cfi_endproc
 615              	.LFE11:
 616              		.size	CapSense_SsSetModClkClockDivider, .-CapSense_SsSetModClkClockDivider
 617              		.section	.text.CapSense_SsSetSnsClockDivider,"ax",%progbits
 618              		.align	2
 619              		.global	CapSense_SsSetSnsClockDivider
 620              		.code	16
 621              		.thumb_func
 622              		.type	CapSense_SsSetSnsClockDivider, %function
 623              	CapSense_SsSetSnsClockDivider:
 624              	.LFB12:
1389:Generated_Source\PSoC4/CapSense_Sensing.c **** #if (CapSense_ENABLE == CapSense_CSDV2)
 625              		.loc 1 1389 0
 626              		.cfi_startproc
 627              		@ args = 0, pretend = 0, frame = 0
 628              		@ frame_needed = 0, uses_anonymous_args = 0
 629              		@ link register save eliminated.
 630              	.LVL53:
1405:Generated_Source\PSoC4/CapSense_Sensing.c ****                      ((uint32)CapSense_SnsClk__DIV_ID <<
 631              		.loc 1 1405 0
 632 0000 074A     		ldr	r2, .L51
 633 0002 084B     		ldr	r3, .L51+4
 634 0004 1A60     		str	r2, [r3]
1415:Generated_Source\PSoC4/CapSense_Sensing.c **** 
 635              		.loc 1 1415 0
 636 0006 0138     		subs	r0, r0, #1
 637              	.LVL54:
 638 0008 0002     		lsls	r0, r0, #8
 639              	.LVL55:
 640 000a 074B     		ldr	r3, .L51+8
 641 000c 1860     		str	r0, [r3]
 642              	.L50:
ARM GAS  C:\Users\Lenovo\AppData\Local\Temp\cc2HN0Qn.s 			page 55


1418:Generated_Source\PSoC4/CapSense_Sensing.c ****         {
 643              		.loc 1 1418 0 discriminator 1
 644 000e 054B     		ldr	r3, .L51+4
 645 0010 1B68     		ldr	r3, [r3]
 646 0012 002B     		cmp	r3, #0
 647 0014 FBDB     		blt	.L50
1424:Generated_Source\PSoC4/CapSense_Sensing.c ****                      (uint32)(((uint32)CapSense_SnsClk__DIV_ID << CapSense_SNSCLK_CMD_DIV_SHIFT) |
 648              		.loc 1 1424 0
 649 0016 054A     		ldr	r2, .L51+12
 650 0018 024B     		ldr	r3, .L51+4
 651 001a 1A60     		str	r2, [r3]
1450:Generated_Source\PSoC4/CapSense_Sensing.c **** 
 652              		.loc 1 1450 0
 653              		@ sp needed
 654 001c 7047     		bx	lr
 655              	.L52:
 656 001e C046     		.align	2
 657              	.L51:
 658 0020 41000040 		.word	1073741889
 659 0024 00000140 		.word	1073807360
 660 0028 04030140 		.word	1073808132
 661 002c 41FF0080 		.word	-2147418303
 662              		.cfi_endproc
 663              	.LFE12:
 664              		.size	CapSense_SsSetSnsClockDivider, .-CapSense_SsSetSnsClockDivider
 665              		.section	.text.CapSense_SsSetClockDividers,"ax",%progbits
 666              		.align	2
 667              		.global	CapSense_SsSetClockDividers
 668              		.code	16
 669              		.thumb_func
 670              		.type	CapSense_SsSetClockDividers, %function
 671              	CapSense_SsSetClockDividers:
 672              	.LFB13:
1473:Generated_Source\PSoC4/CapSense_Sensing.c ****     /* Configure Mod clock */
 673              		.loc 1 1473 0
 674              		.cfi_startproc
 675              		@ args = 0, pretend = 0, frame = 0
 676              		@ frame_needed = 0, uses_anonymous_args = 0
 677              	.LVL56:
 678 0000 10B5     		push	{r4, lr}
 679              		.cfi_def_cfa_offset 8
 680              		.cfi_offset 4, -8
 681              		.cfi_offset 14, -4
 682 0002 0400     		movs	r4, r0
1475:Generated_Source\PSoC4/CapSense_Sensing.c **** 
 683              		.loc 1 1475 0
 684 0004 0800     		movs	r0, r1
 685              	.LVL57:
 686 0006 FFF7FEFF 		bl	CapSense_SsSetModClkClockDivider
 687              	.LVL58:
1478:Generated_Source\PSoC4/CapSense_Sensing.c **** }
 688              		.loc 1 1478 0
 689 000a 2000     		movs	r0, r4
 690 000c FFF7FEFF 		bl	CapSense_SsSetSnsClockDivider
 691              	.LVL59:
1479:Generated_Source\PSoC4/CapSense_Sensing.c **** 
 692              		.loc 1 1479 0
ARM GAS  C:\Users\Lenovo\AppData\Local\Temp\cc2HN0Qn.s 			page 56


 693              		@ sp needed
 694              	.LVL60:
 695 0010 10BD     		pop	{r4, pc}
 696              		.cfi_endproc
 697              	.LFE13:
 698              		.size	CapSense_SsSetClockDividers, .-CapSense_SsSetClockDividers
 699 0012 C046     		.section	.text.CapSense_CalibrateWidget,"ax",%progbits
 700              		.align	2
 701              		.global	CapSense_CalibrateWidget
 702              		.code	16
 703              		.thumb_func
 704              		.type	CapSense_CalibrateWidget, %function
 705              	CapSense_CalibrateWidget:
 706              	.LFB14:
1518:Generated_Source\PSoC4/CapSense_Sensing.c ****         cystatus calibrateStatus = CYRET_SUCCESS;
 707              		.loc 1 1518 0
 708              		.cfi_startproc
 709              		@ args = 0, pretend = 0, frame = 0
 710              		@ frame_needed = 0, uses_anonymous_args = 0
 711              	.LVL61:
 712 0000 10B5     		push	{r4, lr}
 713              		.cfi_def_cfa_offset 8
 714              		.cfi_offset 4, -8
 715              		.cfi_offset 14, -4
 716 0002 031E     		subs	r3, r0, #0
 717              	.LVL62:
1523:Generated_Source\PSoC4/CapSense_Sensing.c ****             {
 718              		.loc 1 1523 0
 719 0004 01D1     		bne	.L57
1519:Generated_Source\PSoC4/CapSense_Sensing.c **** 
 720              		.loc 1 1519 0
 721 0006 0020     		movs	r0, #0
 722              	.LVL63:
 723 0008 00E0     		b	.L55
 724              	.LVL64:
 725              	.L57:
1525:Generated_Source\PSoC4/CapSense_Sensing.c ****             }
 726              		.loc 1 1525 0
 727 000a 0120     		movs	r0, #1
 728              	.LVL65:
 729              	.L55:
1543:Generated_Source\PSoC4/CapSense_Sensing.c ****             {
 730              		.loc 1 1543 0
 731 000c 0028     		cmp	r0, #0
 732 000e 03D1     		bne	.L56
1578:Generated_Source\PSoC4/CapSense_Sensing.c **** 
 733              		.loc 1 1578 0
 734 0010 5521     		movs	r1, #85
 735 0012 1800     		movs	r0, r3
 736              	.LVL66:
 737 0014 FFF7FEFF 		bl	CapSense_CSDCalibrateWidget
 738              	.LVL67:
 739              	.L56:
1596:Generated_Source\PSoC4/CapSense_Sensing.c **** 
 740              		.loc 1 1596 0
 741              		@ sp needed
 742 0018 10BD     		pop	{r4, pc}
ARM GAS  C:\Users\Lenovo\AppData\Local\Temp\cc2HN0Qn.s 			page 57


 743              		.cfi_endproc
 744              	.LFE14:
 745              		.size	CapSense_CalibrateWidget, .-CapSense_CalibrateWidget
 746 001a C046     		.section	.text.CapSense_CalibrateAllWidgets,"ax",%progbits
 747              		.align	2
 748              		.global	CapSense_CalibrateAllWidgets
 749              		.code	16
 750              		.thumb_func
 751              		.type	CapSense_CalibrateAllWidgets, %function
 752              	CapSense_CalibrateAllWidgets:
 753              	.LFB15:
1625:Generated_Source\PSoC4/CapSense_Sensing.c ****         cystatus calibrateStatus = CYRET_SUCCESS;
 754              		.loc 1 1625 0
 755              		.cfi_startproc
 756              		@ args = 0, pretend = 0, frame = 0
 757              		@ frame_needed = 0, uses_anonymous_args = 0
 758 0000 70B5     		push	{r4, r5, r6, lr}
 759              		.cfi_def_cfa_offset 16
 760              		.cfi_offset 4, -16
 761              		.cfi_offset 5, -12
 762              		.cfi_offset 6, -8
 763              		.cfi_offset 14, -4
 764              	.LVL68:
1629:Generated_Source\PSoC4/CapSense_Sensing.c ****         {
 765              		.loc 1 1629 0
 766 0002 0024     		movs	r4, #0
1626:Generated_Source\PSoC4/CapSense_Sensing.c ****         uint32 wdgtIndex;
 767              		.loc 1 1626 0
 768 0004 0025     		movs	r5, #0
1629:Generated_Source\PSoC4/CapSense_Sensing.c ****         {
 769              		.loc 1 1629 0
 770 0006 04E0     		b	.L59
 771              	.LVL69:
 772              	.L60:
1631:Generated_Source\PSoC4/CapSense_Sensing.c ****         }
 773              		.loc 1 1631 0 discriminator 3
 774 0008 2000     		movs	r0, r4
 775 000a FFF7FEFF 		bl	CapSense_CalibrateWidget
 776              	.LVL70:
 777 000e 0543     		orrs	r5, r0
 778              	.LVL71:
1629:Generated_Source\PSoC4/CapSense_Sensing.c ****         {
 779              		.loc 1 1629 0 discriminator 3
 780 0010 0134     		adds	r4, r4, #1
 781              	.LVL72:
 782              	.L59:
1629:Generated_Source\PSoC4/CapSense_Sensing.c ****         {
 783              		.loc 1 1629 0 is_stmt 0 discriminator 1
 784 0012 002C     		cmp	r4, #0
 785 0014 F8D0     		beq	.L60
1635:Generated_Source\PSoC4/CapSense_Sensing.c **** #endif /* ((CapSense_ENABLE == CapSense_CSD_IDAC_AUTOCAL_EN) ||
 786              		.loc 1 1635 0 is_stmt 1
 787 0016 2800     		movs	r0, r5
 788              		@ sp needed
 789              	.LVL73:
 790              	.LVL74:
 791 0018 70BD     		pop	{r4, r5, r6, pc}
ARM GAS  C:\Users\Lenovo\AppData\Local\Temp\cc2HN0Qn.s 			page 58


 792              		.cfi_endproc
 793              	.LFE15:
 794              		.size	CapSense_CalibrateAllWidgets, .-CapSense_CalibrateAllWidgets
 795 001a C046     		.section	.text.CapSense_SsClearCSDSensors,"ax",%progbits
 796              		.align	2
 797              		.global	CapSense_SsClearCSDSensors
 798              		.code	16
 799              		.thumb_func
 800              		.type	CapSense_SsClearCSDSensors, %function
 801              	CapSense_SsClearCSDSensors:
 802              	.LFB20:
2351:Generated_Source\PSoC4/CapSense_Sensing.c **** #endif  /* (CapSense_DISABLE == CapSense_CSDV2) */
2352:Generated_Source\PSoC4/CapSense_Sensing.c **** 
2353:Generated_Source\PSoC4/CapSense_Sensing.c **** 
2354:Generated_Source\PSoC4/CapSense_Sensing.c **** #if (CapSense_ENABLE == CapSense_MULTI_FREQ_SCAN_EN)
2355:Generated_Source\PSoC4/CapSense_Sensing.c ****     /*******************************************************************************
2356:Generated_Source\PSoC4/CapSense_Sensing.c ****     * Function Name: CapSense_SsChangeImoFreq
2357:Generated_Source\PSoC4/CapSense_Sensing.c ****     ****************************************************************************//**
2358:Generated_Source\PSoC4/CapSense_Sensing.c ****     *
2359:Generated_Source\PSoC4/CapSense_Sensing.c ****     * \brief
2360:Generated_Source\PSoC4/CapSense_Sensing.c ****     *  This function changes the IMO frequency.
2361:Generated_Source\PSoC4/CapSense_Sensing.c ****     *
2362:Generated_Source\PSoC4/CapSense_Sensing.c ****     * \details
2363:Generated_Source\PSoC4/CapSense_Sensing.c ****     *   The IMO frequency can have three offsets: 0%, -5% and +5%. The frequency
2364:Generated_Source\PSoC4/CapSense_Sensing.c ****     *   trims are contained in the CapSense_immunity[value] array for each
2365:Generated_Source\PSoC4/CapSense_Sensing.c ****     *   frequency channel.
2366:Generated_Source\PSoC4/CapSense_Sensing.c ****     *
2367:Generated_Source\PSoC4/CapSense_Sensing.c ****     * \param value The frequency channel ID.
2368:Generated_Source\PSoC4/CapSense_Sensing.c ****     *
2369:Generated_Source\PSoC4/CapSense_Sensing.c ****     *******************************************************************************/
2370:Generated_Source\PSoC4/CapSense_Sensing.c ****     void CapSense_SsChangeImoFreq(uint32 value)
2371:Generated_Source\PSoC4/CapSense_Sensing.c ****     {
2372:Generated_Source\PSoC4/CapSense_Sensing.c ****         CY_SET_REG32(CY_SYS_CLK_IMO_TRIM1_PTR, CapSense_immunity[value]);
2373:Generated_Source\PSoC4/CapSense_Sensing.c ****     }
2374:Generated_Source\PSoC4/CapSense_Sensing.c **** #endif  /* (CapSense_ENABLE == CapSense_MULTI_FREQ_SCAN_EN) */
2375:Generated_Source\PSoC4/CapSense_Sensing.c **** 
2376:Generated_Source\PSoC4/CapSense_Sensing.c **** 
2377:Generated_Source\PSoC4/CapSense_Sensing.c **** #if((CapSense_ENABLE == CapSense_CSD_EN) ||\
2378:Generated_Source\PSoC4/CapSense_Sensing.c ****     (CapSense_ENABLE == CapSense_CSD2X_EN) ||\
2379:Generated_Source\PSoC4/CapSense_Sensing.c ****     ((CapSense_ENABLE == CapSense_CSX_EN) && (CapSense_ENABLE == CapSense_CSDV2)))
2380:Generated_Source\PSoC4/CapSense_Sensing.c **** /*******************************************************************************
2381:Generated_Source\PSoC4/CapSense_Sensing.c **** * Function Name: CapSense_SsInitializeSourceSenseClk
2382:Generated_Source\PSoC4/CapSense_Sensing.c **** ****************************************************************************//**
2383:Generated_Source\PSoC4/CapSense_Sensing.c **** *
2384:Generated_Source\PSoC4/CapSense_Sensing.c **** * \brief
2385:Generated_Source\PSoC4/CapSense_Sensing.c **** *  Sets a source for Sense Clk for all CSD widgets.
2386:Generated_Source\PSoC4/CapSense_Sensing.c **** *
2387:Generated_Source\PSoC4/CapSense_Sensing.c **** * \details
2388:Generated_Source\PSoC4/CapSense_Sensing.c **** *  Updates snsClkSource and rowSnsClkSource with a source for the sense Clk.
2389:Generated_Source\PSoC4/CapSense_Sensing.c **** *  for all CSD widgets.
2390:Generated_Source\PSoC4/CapSense_Sensing.c **** *
2391:Generated_Source\PSoC4/CapSense_Sensing.c **** *******************************************************************************/
2392:Generated_Source\PSoC4/CapSense_Sensing.c **** void CapSense_SsInitializeSourceSenseClk(void)
2393:Generated_Source\PSoC4/CapSense_Sensing.c **** {
2394:Generated_Source\PSoC4/CapSense_Sensing.c ****     uint32 wdgtIndex;
2395:Generated_Source\PSoC4/CapSense_Sensing.c ****     CapSense_RAM_WD_BASE_STRUCT *ptrWdgt;
2396:Generated_Source\PSoC4/CapSense_Sensing.c **** 
ARM GAS  C:\Users\Lenovo\AppData\Local\Temp\cc2HN0Qn.s 			page 59


2397:Generated_Source\PSoC4/CapSense_Sensing.c ****     for (wdgtIndex = 0u; wdgtIndex < CapSense_TOTAL_WIDGETS; wdgtIndex++)
2398:Generated_Source\PSoC4/CapSense_Sensing.c ****     {
2399:Generated_Source\PSoC4/CapSense_Sensing.c ****         ptrWdgt = (CapSense_RAM_WD_BASE_STRUCT *)CapSense_dsFlash.wdgtArray[wdgtIndex].ptr2WdgtRam;
2400:Generated_Source\PSoC4/CapSense_Sensing.c ****         if (CapSense_SENSE_METHOD_CSD_E ==
2401:Generated_Source\PSoC4/CapSense_Sensing.c ****         CapSense_GET_SENSE_METHOD(&CapSense_dsFlash.wdgtArray[wdgtIndex]))
2402:Generated_Source\PSoC4/CapSense_Sensing.c ****         {
2403:Generated_Source\PSoC4/CapSense_Sensing.c ****             #if ((CapSense_ENABLE == CapSense_CSD_EN) || (CapSense_ENABLE == CapSense_CSD2X_EN))
2404:Generated_Source\PSoC4/CapSense_Sensing.c ****                 CapSense_SsSetWidgetSenseClkSrc(wdgtIndex, ptrWdgt);
2405:Generated_Source\PSoC4/CapSense_Sensing.c ****             #endif /* ((CapSense_ENABLE == CapSense_CSD_EN) || CapSense_ENABLE == CapSense_CSD2X_EN
2406:Generated_Source\PSoC4/CapSense_Sensing.c ****         }
2407:Generated_Source\PSoC4/CapSense_Sensing.c ****         else
2408:Generated_Source\PSoC4/CapSense_Sensing.c ****         {
2409:Generated_Source\PSoC4/CapSense_Sensing.c ****             #if ((CapSense_ENABLE == CapSense_CSX_EN) && (CapSense_ENABLE == CapSense_CSDV2))
2410:Generated_Source\PSoC4/CapSense_Sensing.c ****                 CapSense_SsSetWidgetTxClkSrc(wdgtIndex, ptrWdgt);
2411:Generated_Source\PSoC4/CapSense_Sensing.c ****             #endif /* ((CapSense_ENABLE == CapSense_CSX_EN) && (CapSense_ENABLE == CapSense_CSDV2))
2412:Generated_Source\PSoC4/CapSense_Sensing.c ****         }
2413:Generated_Source\PSoC4/CapSense_Sensing.c ****         #if (CapSense_ENABLE == CapSense_TST_WDGT_CRC_EN)
2414:Generated_Source\PSoC4/CapSense_Sensing.c ****             CapSense_DsUpdateWidgetCrc(wdgtIndex);
2415:Generated_Source\PSoC4/CapSense_Sensing.c ****         #endif /* (CapSense_ENABLE == CapSense_TST_WDGT_CRC_EN) */
2416:Generated_Source\PSoC4/CapSense_Sensing.c ****     }
2417:Generated_Source\PSoC4/CapSense_Sensing.c **** }
2418:Generated_Source\PSoC4/CapSense_Sensing.c **** #endif /* ((CapSense_ENABLE == CapSense_CSD_EN) ||\
2419:Generated_Source\PSoC4/CapSense_Sensing.c ****            (CapSense_ENABLE == CapSense_CSD2X_EN) ||\
2420:Generated_Source\PSoC4/CapSense_Sensing.c ****            ((CapSense_ENABLE == CapSense_CSX_EN) && (CapSense_ENABLE == CapSense_CSDV2))) */
2421:Generated_Source\PSoC4/CapSense_Sensing.c **** 
2422:Generated_Source\PSoC4/CapSense_Sensing.c **** 
2423:Generated_Source\PSoC4/CapSense_Sensing.c **** #if ((CapSense_ENABLE == CapSense_CSD_EN) ||\
2424:Generated_Source\PSoC4/CapSense_Sensing.c ****      (CapSense_ENABLE == CapSense_CSD2X_EN))
2425:Generated_Source\PSoC4/CapSense_Sensing.c ****     /*******************************************************************************
2426:Generated_Source\PSoC4/CapSense_Sensing.c ****     * Function Name: CapSense_SsSetWidgetSenseClkSrc
2427:Generated_Source\PSoC4/CapSense_Sensing.c ****     ****************************************************************************//**
2428:Generated_Source\PSoC4/CapSense_Sensing.c ****     *
2429:Generated_Source\PSoC4/CapSense_Sensing.c ****     * \brief
2430:Generated_Source\PSoC4/CapSense_Sensing.c ****     *  Sets a source for the sense clock for a widget.
2431:Generated_Source\PSoC4/CapSense_Sensing.c ****     *
2432:Generated_Source\PSoC4/CapSense_Sensing.c ****     * \param wdgtIndex
2433:Generated_Source\PSoC4/CapSense_Sensing.c ****     *   Specifies the ID of the widget.
2434:Generated_Source\PSoC4/CapSense_Sensing.c ****     * \param ptrWdgt
2435:Generated_Source\PSoC4/CapSense_Sensing.c ****     *   The pointer to the RAM_WD_BASE_STRUCT structure.
2436:Generated_Source\PSoC4/CapSense_Sensing.c ****     *
2437:Generated_Source\PSoC4/CapSense_Sensing.c ****     * \details
2438:Generated_Source\PSoC4/CapSense_Sensing.c ****     *  Updates snsClkSource and rowSnsClkSource with a source for the sense Clk for a
2439:Generated_Source\PSoC4/CapSense_Sensing.c ****     *  widget.
2440:Generated_Source\PSoC4/CapSense_Sensing.c ****     *
2441:Generated_Source\PSoC4/CapSense_Sensing.c ****     *******************************************************************************/
2442:Generated_Source\PSoC4/CapSense_Sensing.c ****     static void CapSense_SsSetWidgetSenseClkSrc(uint32 wdgtIndex, CapSense_RAM_WD_BASE_STRUCT * ptr
2443:Generated_Source\PSoC4/CapSense_Sensing.c ****     {
2444:Generated_Source\PSoC4/CapSense_Sensing.c ****         uint8 lfsrSize;
2445:Generated_Source\PSoC4/CapSense_Sensing.c ****         uint8 lfsrScale;
2446:Generated_Source\PSoC4/CapSense_Sensing.c **** 
2447:Generated_Source\PSoC4/CapSense_Sensing.c ****         #if(CapSense_CLK_SOURCE_PRSAUTO == CapSense_CSD_SNS_CLK_SOURCE)
2448:Generated_Source\PSoC4/CapSense_Sensing.c ****             #if(CapSense_ENABLE == CapSense_CSDV2)
2449:Generated_Source\PSoC4/CapSense_Sensing.c ****                 uint32 conversionsNum;
2450:Generated_Source\PSoC4/CapSense_Sensing.c ****             #endif /* (CapSense_ENABLE == CapSense_CSDV2) */
2451:Generated_Source\PSoC4/CapSense_Sensing.c ****             uint32 snsClkDivider;
2452:Generated_Source\PSoC4/CapSense_Sensing.c ****         #endif /* (CapSense_CLK_SOURCE_PRSAUTO == CapSense_CSD_SNS_CLK_SOURCE) */
2453:Generated_Source\PSoC4/CapSense_Sensing.c **** 
ARM GAS  C:\Users\Lenovo\AppData\Local\Temp\cc2HN0Qn.s 			page 60


2454:Generated_Source\PSoC4/CapSense_Sensing.c ****         #if(CapSense_CLK_SOURCE_PRSAUTO == CapSense_CSD_SNS_CLK_SOURCE)
2455:Generated_Source\PSoC4/CapSense_Sensing.c ****             snsClkDivider = CapSense_SsCSDGetColSnsClkDivider(wdgtIndex);
2456:Generated_Source\PSoC4/CapSense_Sensing.c **** 
2457:Generated_Source\PSoC4/CapSense_Sensing.c ****             #if(CapSense_ENABLE == CapSense_CSDV2)
2458:Generated_Source\PSoC4/CapSense_Sensing.c ****                 conversionsNum = CapSense_SsCSDGetNumberOfConversions(snsClkDivider, (uint32)ptrWdg
2459:Generated_Source\PSoC4/CapSense_Sensing.c ****                                                                                              CapSen
2460:Generated_Source\PSoC4/CapSense_Sensing.c ****                 lfsrSize = CapSense_SsCalcLfsrSize(snsClkDivider, conversionsNum);
2461:Generated_Source\PSoC4/CapSense_Sensing.c ****                 if (CapSense_CLK_SOURCE_DIRECT == lfsrSize)
2462:Generated_Source\PSoC4/CapSense_Sensing.c ****                 {
2463:Generated_Source\PSoC4/CapSense_Sensing.c ****                     lfsrSize = CapSense_SsCSDCalcPrsSize(snsClkDivider, (uint32)ptrWdgt->resolution
2464:Generated_Source\PSoC4/CapSense_Sensing.c ****                 }
2465:Generated_Source\PSoC4/CapSense_Sensing.c ****                 lfsrScale = CapSense_SsCalcLfsrScale(snsClkDivider, lfsrSize);
2466:Generated_Source\PSoC4/CapSense_Sensing.c ****             #else
2467:Generated_Source\PSoC4/CapSense_Sensing.c ****                 lfsrSize = CapSense_SsCSDCalcPrsSize(snsClkDivider, (uint32)ptrWdgt->resolution);
2468:Generated_Source\PSoC4/CapSense_Sensing.c ****                 lfsrScale = 0u;
2469:Generated_Source\PSoC4/CapSense_Sensing.c ****             #endif /* (CapSense_ENABLE == CapSense_CSDV2) */
2470:Generated_Source\PSoC4/CapSense_Sensing.c ****         #else
2471:Generated_Source\PSoC4/CapSense_Sensing.c ****             lfsrSize = (uint8)CapSense_DEFAULT_MODULATION_MODE;
2472:Generated_Source\PSoC4/CapSense_Sensing.c ****             lfsrScale = 0u;
2473:Generated_Source\PSoC4/CapSense_Sensing.c ****             (void)wdgtIndex; /* This parameter is unused in such configurations */
2474:Generated_Source\PSoC4/CapSense_Sensing.c ****         #endif /* (CapSense_CLK_SOURCE_PRSAUTO == CapSense_CSD_SNS_CLK_SOURCE) */
2475:Generated_Source\PSoC4/CapSense_Sensing.c **** 
2476:Generated_Source\PSoC4/CapSense_Sensing.c ****         ptrWdgt->snsClkSource = lfsrSize | (uint8)(lfsrScale << CapSense_CLK_SOURCE_LFSR_SCALE_OFFS
2477:Generated_Source\PSoC4/CapSense_Sensing.c **** 
2478:Generated_Source\PSoC4/CapSense_Sensing.c ****         #if (CapSense_ENABLE == (CapSense_CSD_MATRIX_WIDGET_EN | CapSense_CSD_TOUCHPAD_WIDGET_EN))
2479:Generated_Source\PSoC4/CapSense_Sensing.c ****             if ((CapSense_WD_TOUCHPAD_E == (CapSense_WD_TYPE_ENUM)CapSense_dsFlash.wdgtArray[wdgtIn
2480:Generated_Source\PSoC4/CapSense_Sensing.c ****                 (CapSense_WD_MATRIX_BUTTON_E == (CapSense_WD_TYPE_ENUM)CapSense_dsFlash.wdgtArray[w
2481:Generated_Source\PSoC4/CapSense_Sensing.c ****             {
2482:Generated_Source\PSoC4/CapSense_Sensing.c ****                 #if(CapSense_CLK_SOURCE_PRSAUTO == CapSense_CSD_SNS_CLK_SOURCE)
2483:Generated_Source\PSoC4/CapSense_Sensing.c ****                     snsClkDivider = CapSense_SsCSDGetRowSnsClkDivider(wdgtIndex);
2484:Generated_Source\PSoC4/CapSense_Sensing.c **** 
2485:Generated_Source\PSoC4/CapSense_Sensing.c ****                     #if(CapSense_ENABLE == CapSense_CSDV2)
2486:Generated_Source\PSoC4/CapSense_Sensing.c ****                         lfsrSize = CapSense_SsCalcLfsrSize(snsClkDivider, conversionsNum);
2487:Generated_Source\PSoC4/CapSense_Sensing.c ****                         if (CapSense_CLK_SOURCE_DIRECT == lfsrSize)
2488:Generated_Source\PSoC4/CapSense_Sensing.c ****                         {
2489:Generated_Source\PSoC4/CapSense_Sensing.c ****                             lfsrSize = CapSense_SsCSDCalcPrsSize(snsClkDivider, (uint32)ptrWdgt->re
2490:Generated_Source\PSoC4/CapSense_Sensing.c ****                         }
2491:Generated_Source\PSoC4/CapSense_Sensing.c ****                         lfsrScale = CapSense_SsCalcLfsrScale(snsClkDivider, lfsrSize);
2492:Generated_Source\PSoC4/CapSense_Sensing.c ****                     #else
2493:Generated_Source\PSoC4/CapSense_Sensing.c ****                         lfsrSize = CapSense_SsCSDCalcPrsSize(snsClkDivider, (uint32)ptrWdgt->resolu
2494:Generated_Source\PSoC4/CapSense_Sensing.c ****                         lfsrScale = 0u;
2495:Generated_Source\PSoC4/CapSense_Sensing.c ****                     #endif /* (CapSense_ENABLE == CapSense_CSDV2) */
2496:Generated_Source\PSoC4/CapSense_Sensing.c ****                 #else
2497:Generated_Source\PSoC4/CapSense_Sensing.c ****                     lfsrSize = (uint8)CapSense_DEFAULT_MODULATION_MODE;
2498:Generated_Source\PSoC4/CapSense_Sensing.c ****                     lfsrScale = 0u;
2499:Generated_Source\PSoC4/CapSense_Sensing.c ****                 #endif /* (CapSense_CLK_SOURCE_PRSAUTO == CapSense_CSD_SNS_CLK_SOURCE) */
2500:Generated_Source\PSoC4/CapSense_Sensing.c ****                 ptrWdgt->rowSnsClkSource = lfsrSize | (uint8)(lfsrScale << CapSense_CLK_SOURCE_LFSR
2501:Generated_Source\PSoC4/CapSense_Sensing.c ****             }
2502:Generated_Source\PSoC4/CapSense_Sensing.c ****         #endif /* (CapSense_ENABLE == (CapSense_CSD_MATRIX_WIDGET_EN | CapSense_CSD_TOUCHPAD_WIDGET
2503:Generated_Source\PSoC4/CapSense_Sensing.c ****     }
2504:Generated_Source\PSoC4/CapSense_Sensing.c **** #endif /* ((CapSense_ENABLE == CapSense_CSD_EN) ||\
2505:Generated_Source\PSoC4/CapSense_Sensing.c ****            (CapSense_ENABLE == CapSense_CSD2X_EN))*/
2506:Generated_Source\PSoC4/CapSense_Sensing.c **** 
2507:Generated_Source\PSoC4/CapSense_Sensing.c **** 
2508:Generated_Source\PSoC4/CapSense_Sensing.c **** #if ((CapSense_ENABLE == CapSense_CSX_EN) && (CapSense_ENABLE == CapSense_CSDV2))
2509:Generated_Source\PSoC4/CapSense_Sensing.c ****     /*******************************************************************************
2510:Generated_Source\PSoC4/CapSense_Sensing.c ****     * Function Name: CapSense_SsSetWidgetTxClkSrc
ARM GAS  C:\Users\Lenovo\AppData\Local\Temp\cc2HN0Qn.s 			page 61


2511:Generated_Source\PSoC4/CapSense_Sensing.c ****     ****************************************************************************//**
2512:Generated_Source\PSoC4/CapSense_Sensing.c ****     *
2513:Generated_Source\PSoC4/CapSense_Sensing.c ****     * \brief
2514:Generated_Source\PSoC4/CapSense_Sensing.c ****     *  Sets a source for the Tx clock for a widget.
2515:Generated_Source\PSoC4/CapSense_Sensing.c ****     *
2516:Generated_Source\PSoC4/CapSense_Sensing.c ****     * \param wdgtIndex
2517:Generated_Source\PSoC4/CapSense_Sensing.c ****     *   Specifies the ID of the widget.
2518:Generated_Source\PSoC4/CapSense_Sensing.c ****     * \param ptrWdgt
2519:Generated_Source\PSoC4/CapSense_Sensing.c ****     *   The pointer to the RAM_WD_BASE_STRUCT structure.
2520:Generated_Source\PSoC4/CapSense_Sensing.c ****     *
2521:Generated_Source\PSoC4/CapSense_Sensing.c ****     * \details
2522:Generated_Source\PSoC4/CapSense_Sensing.c ****     *  Updates snsClkSourcewith with a source for Tx Clk for a widget.
2523:Generated_Source\PSoC4/CapSense_Sensing.c ****     *
2524:Generated_Source\PSoC4/CapSense_Sensing.c ****     *******************************************************************************/
2525:Generated_Source\PSoC4/CapSense_Sensing.c ****     static void CapSense_SsSetWidgetTxClkSrc(uint32 wdgtIndex, CapSense_RAM_WD_BASE_STRUCT * ptrWdg
2526:Generated_Source\PSoC4/CapSense_Sensing.c ****     {
2527:Generated_Source\PSoC4/CapSense_Sensing.c ****         uint8 lfsrSize;
2528:Generated_Source\PSoC4/CapSense_Sensing.c ****         uint8 lfsrScale;
2529:Generated_Source\PSoC4/CapSense_Sensing.c **** 
2530:Generated_Source\PSoC4/CapSense_Sensing.c ****         #if ((CapSense_CLK_SOURCE_PRSAUTO == CapSense_CSX_TX_CLK_SOURCE) && \
2531:Generated_Source\PSoC4/CapSense_Sensing.c ****              (CapSense_DISABLE == CapSense_CSX_SKIP_OVSMPL_SPECIFIC_NODES))
2532:Generated_Source\PSoC4/CapSense_Sensing.c ****             uint32 conversionsNum;
2533:Generated_Source\PSoC4/CapSense_Sensing.c ****             uint32 snsClkDivider;
2534:Generated_Source\PSoC4/CapSense_Sensing.c ****         #endif
2535:Generated_Source\PSoC4/CapSense_Sensing.c **** 
2536:Generated_Source\PSoC4/CapSense_Sensing.c ****         #if(CapSense_CLK_SOURCE_PRSAUTO == CapSense_CSX_TX_CLK_SOURCE)
2537:Generated_Source\PSoC4/CapSense_Sensing.c ****             #if (CapSense_DISABLE == CapSense_CSX_SKIP_OVSMPL_SPECIFIC_NODES)
2538:Generated_Source\PSoC4/CapSense_Sensing.c ****                 conversionsNum = (uint32)ptrWdgt->resolution;
2539:Generated_Source\PSoC4/CapSense_Sensing.c ****                 snsClkDivider = CapSense_SsCSXGetTxClkDivider(wdgtIndex);
2540:Generated_Source\PSoC4/CapSense_Sensing.c ****                 lfsrSize = CapSense_SsCalcLfsrSize(snsClkDivider, conversionsNum);
2541:Generated_Source\PSoC4/CapSense_Sensing.c ****                 lfsrScale = CapSense_SsCalcLfsrScale(snsClkDivider, lfsrSize);
2542:Generated_Source\PSoC4/CapSense_Sensing.c ****             #else
2543:Generated_Source\PSoC4/CapSense_Sensing.c ****                 lfsrSize = (uint8)CapSense_CLK_SOURCE_DIRECT;
2544:Generated_Source\PSoC4/CapSense_Sensing.c ****                 lfsrScale = 0u;
2545:Generated_Source\PSoC4/CapSense_Sensing.c ****             #endif /* (CapSense_ENABLE == CapSense_CSX_SKIP_OVSMPL_SPECIFIC_NODES) */
2546:Generated_Source\PSoC4/CapSense_Sensing.c ****         #else
2547:Generated_Source\PSoC4/CapSense_Sensing.c ****             lfsrSize = (uint8)CapSense_CSX_TX_CLK_SOURCE;
2548:Generated_Source\PSoC4/CapSense_Sensing.c ****             lfsrScale = 0u;
2549:Generated_Source\PSoC4/CapSense_Sensing.c ****         #endif /* (CapSense_CLK_SOURCE_PRSAUTO == CapSense_CSX_TX_CLK_SOURCE) */
2550:Generated_Source\PSoC4/CapSense_Sensing.c **** 
2551:Generated_Source\PSoC4/CapSense_Sensing.c ****         ptrWdgt->snsClkSource = lfsrSize | (uint8)(lfsrScale << CapSense_CLK_SOURCE_LFSR_SCALE_OFFS
2552:Generated_Source\PSoC4/CapSense_Sensing.c ****     }
2553:Generated_Source\PSoC4/CapSense_Sensing.c **** #endif /* ((CapSense_ENABLE == CapSense_CSX_EN) && (CapSense_ENABLE == CapSense_CSDV2)) */
2554:Generated_Source\PSoC4/CapSense_Sensing.c **** 
2555:Generated_Source\PSoC4/CapSense_Sensing.c **** 
2556:Generated_Source\PSoC4/CapSense_Sensing.c **** #if(((CapSense_ENABLE == CapSense_CSX_EN) && \
2557:Generated_Source\PSoC4/CapSense_Sensing.c ****      (CapSense_ENABLE == CapSense_CSDV2) && \
2558:Generated_Source\PSoC4/CapSense_Sensing.c ****      (CapSense_CLK_SOURCE_PRSAUTO == CapSense_CSX_TX_CLK_SOURCE)) ||\
2559:Generated_Source\PSoC4/CapSense_Sensing.c ****     ((CapSense_ENABLE == CapSense_CSD_EN) && \
2560:Generated_Source\PSoC4/CapSense_Sensing.c ****      (CapSense_ENABLE == CapSense_CSDV2) && \
2561:Generated_Source\PSoC4/CapSense_Sensing.c ****      (CapSense_CLK_SOURCE_PRSAUTO == CapSense_CSD_SNS_CLK_SOURCE)))
2562:Generated_Source\PSoC4/CapSense_Sensing.c **** /*******************************************************************************
2563:Generated_Source\PSoC4/CapSense_Sensing.c **** * Function Name: CapSense_SsCSDCalcLfsr
2564:Generated_Source\PSoC4/CapSense_Sensing.c **** ****************************************************************************//**
2565:Generated_Source\PSoC4/CapSense_Sensing.c **** *
2566:Generated_Source\PSoC4/CapSense_Sensing.c **** * \brief
2567:Generated_Source\PSoC4/CapSense_Sensing.c **** *   This is an internal function that finds a SSC polynomial size in the Auto mode.
ARM GAS  C:\Users\Lenovo\AppData\Local\Temp\cc2HN0Qn.s 			page 62


2568:Generated_Source\PSoC4/CapSense_Sensing.c **** *
2569:Generated_Source\PSoC4/CapSense_Sensing.c **** * \details
2570:Generated_Source\PSoC4/CapSense_Sensing.c **** *   The SSC polynomial size in the auto mode is found based on the following
2571:Generated_Source\PSoC4/CapSense_Sensing.c **** *   requirements:
2572:Generated_Source\PSoC4/CapSense_Sensing.c **** *   - an LFSR value should be selected so that the max clock dither is limited with +/-10%.
2573:Generated_Source\PSoC4/CapSense_Sensing.c **** *   - at least one full spread spectrum polynomial should pass during the scan time.
2574:Generated_Source\PSoC4/CapSense_Sensing.c **** *   - the value of the number of conversions should be an integer multiple of the
2575:Generated_Source\PSoC4/CapSense_Sensing.c **** *     repeat period of the programmed LFSR_SIZE.
2576:Generated_Source\PSoC4/CapSense_Sensing.c **** *
2577:Generated_Source\PSoC4/CapSense_Sensing.c **** * \param
2578:Generated_Source\PSoC4/CapSense_Sensing.c **** *  snsClkDivider The divider value for the sense clock.
2579:Generated_Source\PSoC4/CapSense_Sensing.c **** *  resolution The widget resolution.
2580:Generated_Source\PSoC4/CapSense_Sensing.c **** *
2581:Generated_Source\PSoC4/CapSense_Sensing.c **** * \return lfsrSize The LFSRSIZE value for the SENSE_PERIOD register.
2582:Generated_Source\PSoC4/CapSense_Sensing.c **** *
2583:Generated_Source\PSoC4/CapSense_Sensing.c **** *******************************************************************************/
2584:Generated_Source\PSoC4/CapSense_Sensing.c **** static CY_INLINE  uint8 CapSense_SsCalcLfsrSize(uint32 snsClkDivider, uint32 conversionsNum)
2585:Generated_Source\PSoC4/CapSense_Sensing.c **** {
2586:Generated_Source\PSoC4/CapSense_Sensing.c ****     uint8 lfsrSize = 0u;
2587:Generated_Source\PSoC4/CapSense_Sensing.c **** 
2588:Generated_Source\PSoC4/CapSense_Sensing.c ****     /* Find LFSR value */
2589:Generated_Source\PSoC4/CapSense_Sensing.c ****     if((CapSense_SNSCLK_SSC4_THRESHOLD <= snsClkDivider) &&
2590:Generated_Source\PSoC4/CapSense_Sensing.c ****        (CapSense_SNSCLK_SSC4_PERIOD <= conversionsNum) &&
2591:Generated_Source\PSoC4/CapSense_Sensing.c ****        (0uL == (conversionsNum % CapSense_SNSCLK_SSC4_PERIOD)))
2592:Generated_Source\PSoC4/CapSense_Sensing.c ****     {
2593:Generated_Source\PSoC4/CapSense_Sensing.c ****         lfsrSize = CapSense_CLK_SOURCE_SSC4;
2594:Generated_Source\PSoC4/CapSense_Sensing.c ****     }
2595:Generated_Source\PSoC4/CapSense_Sensing.c ****     else if((CapSense_SNSCLK_SSC3_THRESHOLD <= snsClkDivider) &&
2596:Generated_Source\PSoC4/CapSense_Sensing.c ****             (CapSense_SNSCLK_SSC3_PERIOD <= conversionsNum) &&
2597:Generated_Source\PSoC4/CapSense_Sensing.c ****             (0uL == (conversionsNum % CapSense_SNSCLK_SSC3_PERIOD)))
2598:Generated_Source\PSoC4/CapSense_Sensing.c ****     {
2599:Generated_Source\PSoC4/CapSense_Sensing.c ****         lfsrSize = CapSense_CLK_SOURCE_SSC3;
2600:Generated_Source\PSoC4/CapSense_Sensing.c ****     }
2601:Generated_Source\PSoC4/CapSense_Sensing.c ****     else if((CapSense_SNSCLK_SSC2_THRESHOLD <= snsClkDivider) &&
2602:Generated_Source\PSoC4/CapSense_Sensing.c ****             (CapSense_SNSCLK_SSC2_PERIOD <= conversionsNum) &&
2603:Generated_Source\PSoC4/CapSense_Sensing.c ****             (0uL == (conversionsNum % CapSense_SNSCLK_SSC2_PERIOD)))
2604:Generated_Source\PSoC4/CapSense_Sensing.c ****     {
2605:Generated_Source\PSoC4/CapSense_Sensing.c ****         lfsrSize = CapSense_CLK_SOURCE_SSC2;
2606:Generated_Source\PSoC4/CapSense_Sensing.c ****     }
2607:Generated_Source\PSoC4/CapSense_Sensing.c ****     else if((CapSense_SNSCLK_SSC1_THRESHOLD <= snsClkDivider) &&
2608:Generated_Source\PSoC4/CapSense_Sensing.c ****             (CapSense_SNSCLK_SSC1_PERIOD <= conversionsNum) &&
2609:Generated_Source\PSoC4/CapSense_Sensing.c ****             (0uL == (conversionsNum % CapSense_SNSCLK_SSC1_PERIOD)))
2610:Generated_Source\PSoC4/CapSense_Sensing.c ****     {
2611:Generated_Source\PSoC4/CapSense_Sensing.c ****         lfsrSize = CapSense_CLK_SOURCE_SSC1;
2612:Generated_Source\PSoC4/CapSense_Sensing.c ****     }
2613:Generated_Source\PSoC4/CapSense_Sensing.c ****     else
2614:Generated_Source\PSoC4/CapSense_Sensing.c ****     {
2615:Generated_Source\PSoC4/CapSense_Sensing.c ****         lfsrSize = (uint8)CapSense_CLK_SOURCE_DIRECT;
2616:Generated_Source\PSoC4/CapSense_Sensing.c ****     }
2617:Generated_Source\PSoC4/CapSense_Sensing.c **** 
2618:Generated_Source\PSoC4/CapSense_Sensing.c ****     return (lfsrSize);
2619:Generated_Source\PSoC4/CapSense_Sensing.c **** }
2620:Generated_Source\PSoC4/CapSense_Sensing.c **** 
2621:Generated_Source\PSoC4/CapSense_Sensing.c **** 
2622:Generated_Source\PSoC4/CapSense_Sensing.c **** /*******************************************************************************
2623:Generated_Source\PSoC4/CapSense_Sensing.c **** * Function Name: CapSense_SsCSDCalcLfsr
2624:Generated_Source\PSoC4/CapSense_Sensing.c **** ****************************************************************************//**
ARM GAS  C:\Users\Lenovo\AppData\Local\Temp\cc2HN0Qn.s 			page 63


2625:Generated_Source\PSoC4/CapSense_Sensing.c **** *
2626:Generated_Source\PSoC4/CapSense_Sensing.c **** * \brief
2627:Generated_Source\PSoC4/CapSense_Sensing.c **** *   This is an internal function that calculates the LFSR scale value.
2628:Generated_Source\PSoC4/CapSense_Sensing.c **** *
2629:Generated_Source\PSoC4/CapSense_Sensing.c **** * \details
2630:Generated_Source\PSoC4/CapSense_Sensing.c **** *   The LFSR scale value is used to increase the clock dither if the desired dither
2631:Generated_Source\PSoC4/CapSense_Sensing.c **** *   is wider than can be achieved with the current Sense Clock Divider and current LFSR
2632:Generated_Source\PSoC4/CapSense_Sensing.c **** *   period.
2633:Generated_Source\PSoC4/CapSense_Sensing.c **** *
2634:Generated_Source\PSoC4/CapSense_Sensing.c **** *   This returns the LFSR scale value needed to keep the clock dither in
2635:Generated_Source\PSoC4/CapSense_Sensing.c **** *   range +/-10%.
2636:Generated_Source\PSoC4/CapSense_Sensing.c **** *
2637:Generated_Source\PSoC4/CapSense_Sensing.c **** * \param
2638:Generated_Source\PSoC4/CapSense_Sensing.c **** *  snsClkDivider The divider value for the sense clock.
2639:Generated_Source\PSoC4/CapSense_Sensing.c **** *  lfsrSize The period of the LFSR sequence.
2640:Generated_Source\PSoC4/CapSense_Sensing.c **** *           For devices with CapSense_CSDV2_REF9P6UA_EN = TRUE, the
2641:Generated_Source\PSoC4/CapSense_Sensing.c **** *           mode parameters can take the following values:
2642:Generated_Source\PSoC4/CapSense_Sensing.c **** *           CapSense_CLK_SOURCE_DIRECT The spreadspectrum is not used.
2643:Generated_Source\PSoC4/CapSense_Sensing.c **** *           CapSense_CLK_SOURCE_SSC1   The length of LFSR sequence is 63 cycles.
2644:Generated_Source\PSoC4/CapSense_Sensing.c **** *           CapSense_CLK_SOURCE_SSC2   The length of LFSR sequence is 127 cycles.
2645:Generated_Source\PSoC4/CapSense_Sensing.c **** *           CapSense_CLK_SOURCE_SSC3   The length of LFSR sequence is 255 cycles.
2646:Generated_Source\PSoC4/CapSense_Sensing.c **** *           CapSense_CLK_SOURCE_SSC4   The length of LFSR sequence is 511 cycles.
2647:Generated_Source\PSoC4/CapSense_Sensing.c **** *
2648:Generated_Source\PSoC4/CapSense_Sensing.c **** *           For devices with CapSense_CSDV2_REF9P6UA_EN = TRUE, the
2649:Generated_Source\PSoC4/CapSense_Sensing.c **** *           mode parameters can take the following values:
2650:Generated_Source\PSoC4/CapSense_Sensing.c **** *           CapSense_CLK_SOURCE_DIRECT The spreadspectrum is not used.
2651:Generated_Source\PSoC4/CapSense_Sensing.c **** *           CapSense_CLK_SOURCE_SSC1   The length of LFSR sequence is 3 cycles.
2652:Generated_Source\PSoC4/CapSense_Sensing.c **** *           CapSense_CLK_SOURCE_SSC2   The length of LFSR sequence is 7 cycles.
2653:Generated_Source\PSoC4/CapSense_Sensing.c **** *           CapSense_CLK_SOURCE_SSC3   The length of LFSR sequence is 15 cycles.
2654:Generated_Source\PSoC4/CapSense_Sensing.c **** *           CapSense_CLK_SOURCE_SSC4   The length of LFSR sequence is 31 cycles.
2655:Generated_Source\PSoC4/CapSense_Sensing.c **** *
2656:Generated_Source\PSoC4/CapSense_Sensing.c **** * \return The LFSR scale value needed to keep the clock dither in range +/-10%.
2657:Generated_Source\PSoC4/CapSense_Sensing.c **** *
2658:Generated_Source\PSoC4/CapSense_Sensing.c **** *******************************************************************************/
2659:Generated_Source\PSoC4/CapSense_Sensing.c **** static CY_INLINE uint8 CapSense_SsCalcLfsrScale(uint32 snsClkDivider, uint8 lfsrSize)
2660:Generated_Source\PSoC4/CapSense_Sensing.c **** {
2661:Generated_Source\PSoC4/CapSense_Sensing.c ****     uint32 lfsrScale;
2662:Generated_Source\PSoC4/CapSense_Sensing.c ****     uint32 lfsrRange;
2663:Generated_Source\PSoC4/CapSense_Sensing.c ****     uint32 lfsrDither;
2664:Generated_Source\PSoC4/CapSense_Sensing.c **** 
2665:Generated_Source\PSoC4/CapSense_Sensing.c ****     /* Initialize the lfsrSize variable with the LFSR Range for given Lfsr Size. */
2666:Generated_Source\PSoC4/CapSense_Sensing.c ****     switch(lfsrSize)
2667:Generated_Source\PSoC4/CapSense_Sensing.c ****     {
2668:Generated_Source\PSoC4/CapSense_Sensing.c ****         case CapSense_CLK_SOURCE_SSC1:
2669:Generated_Source\PSoC4/CapSense_Sensing.c ****         {
2670:Generated_Source\PSoC4/CapSense_Sensing.c ****             lfsrRange = CapSense_SNSCLK_SSC1_RANGE;
2671:Generated_Source\PSoC4/CapSense_Sensing.c ****             break;
2672:Generated_Source\PSoC4/CapSense_Sensing.c ****         }
2673:Generated_Source\PSoC4/CapSense_Sensing.c ****         case CapSense_CLK_SOURCE_SSC2:
2674:Generated_Source\PSoC4/CapSense_Sensing.c ****         {
2675:Generated_Source\PSoC4/CapSense_Sensing.c ****             lfsrRange = CapSense_SNSCLK_SSC2_RANGE;
2676:Generated_Source\PSoC4/CapSense_Sensing.c ****             break;
2677:Generated_Source\PSoC4/CapSense_Sensing.c ****         }
2678:Generated_Source\PSoC4/CapSense_Sensing.c ****         case CapSense_CLK_SOURCE_SSC3:
2679:Generated_Source\PSoC4/CapSense_Sensing.c ****         {
2680:Generated_Source\PSoC4/CapSense_Sensing.c ****             lfsrRange = CapSense_SNSCLK_SSC3_RANGE;
2681:Generated_Source\PSoC4/CapSense_Sensing.c ****             break;
ARM GAS  C:\Users\Lenovo\AppData\Local\Temp\cc2HN0Qn.s 			page 64


2682:Generated_Source\PSoC4/CapSense_Sensing.c ****         }
2683:Generated_Source\PSoC4/CapSense_Sensing.c ****         case CapSense_CLK_SOURCE_SSC4:
2684:Generated_Source\PSoC4/CapSense_Sensing.c ****         {
2685:Generated_Source\PSoC4/CapSense_Sensing.c ****             lfsrRange = CapSense_SNSCLK_SSC4_RANGE;
2686:Generated_Source\PSoC4/CapSense_Sensing.c ****             break;
2687:Generated_Source\PSoC4/CapSense_Sensing.c ****         }
2688:Generated_Source\PSoC4/CapSense_Sensing.c ****         default:
2689:Generated_Source\PSoC4/CapSense_Sensing.c ****         {
2690:Generated_Source\PSoC4/CapSense_Sensing.c ****             lfsrRange = 0u;
2691:Generated_Source\PSoC4/CapSense_Sensing.c ****             break;
2692:Generated_Source\PSoC4/CapSense_Sensing.c ****         }
2693:Generated_Source\PSoC4/CapSense_Sensing.c ****     }
2694:Generated_Source\PSoC4/CapSense_Sensing.c **** 
2695:Generated_Source\PSoC4/CapSense_Sensing.c ****     /* Calculate the LFSR Scale value that is required to keep the Clock dither
2696:Generated_Source\PSoC4/CapSense_Sensing.c ****      * as close as possible to the +/-10% limit of the used frequency.
2697:Generated_Source\PSoC4/CapSense_Sensing.c ****      */
2698:Generated_Source\PSoC4/CapSense_Sensing.c ****     if((lfsrSize != CapSense_CLK_SOURCE_DIRECT) && (0u != lfsrRange))
2699:Generated_Source\PSoC4/CapSense_Sensing.c ****     {
2700:Generated_Source\PSoC4/CapSense_Sensing.c ****         /* Calculate the LFSR Dither in percents. */
2701:Generated_Source\PSoC4/CapSense_Sensing.c ****         lfsrDither  = ((lfsrRange * 100uL) / snsClkDivider);
2702:Generated_Source\PSoC4/CapSense_Sensing.c ****         lfsrScale = 0uL;
2703:Generated_Source\PSoC4/CapSense_Sensing.c **** 
2704:Generated_Source\PSoC4/CapSense_Sensing.c ****         while(lfsrDither < CapSense_LFSR_DITHER_PERCENTAGE)
2705:Generated_Source\PSoC4/CapSense_Sensing.c ****         {
2706:Generated_Source\PSoC4/CapSense_Sensing.c ****             lfsrScale++;
2707:Generated_Source\PSoC4/CapSense_Sensing.c ****             lfsrDither <<=1uL;
2708:Generated_Source\PSoC4/CapSense_Sensing.c ****         }
2709:Generated_Source\PSoC4/CapSense_Sensing.c **** 
2710:Generated_Source\PSoC4/CapSense_Sensing.c ****         if(lfsrDither > CapSense_LFSR_DITHER_PERCENTAGE)
2711:Generated_Source\PSoC4/CapSense_Sensing.c ****         {
2712:Generated_Source\PSoC4/CapSense_Sensing.c ****             lfsrScale--;
2713:Generated_Source\PSoC4/CapSense_Sensing.c ****         }
2714:Generated_Source\PSoC4/CapSense_Sensing.c ****     }
2715:Generated_Source\PSoC4/CapSense_Sensing.c ****     else
2716:Generated_Source\PSoC4/CapSense_Sensing.c ****     {
2717:Generated_Source\PSoC4/CapSense_Sensing.c ****         lfsrScale = 0uL;
2718:Generated_Source\PSoC4/CapSense_Sensing.c ****     }
2719:Generated_Source\PSoC4/CapSense_Sensing.c **** 
2720:Generated_Source\PSoC4/CapSense_Sensing.c ****     return ((uint8)lfsrScale);
2721:Generated_Source\PSoC4/CapSense_Sensing.c **** }
2722:Generated_Source\PSoC4/CapSense_Sensing.c **** #endif /* (((CapSense_ENABLE == CapSense_CSX_EN) &&  \
2723:Generated_Source\PSoC4/CapSense_Sensing.c ****             (CapSense_ENABLE == CapSense_CSDV2) &&  \
2724:Generated_Source\PSoC4/CapSense_Sensing.c ****             (CapSense_CLK_SOURCE_PRSAUTO == CapSense_CSX_TX_CLK_SOURCE)) ||\
2725:Generated_Source\PSoC4/CapSense_Sensing.c ****           ((CapSense_ENABLE == CapSense_CSD_EN) &&  \
2726:Generated_Source\PSoC4/CapSense_Sensing.c ****            (CapSense_ENABLE == CapSense_CSDV2) &&  \
2727:Generated_Source\PSoC4/CapSense_Sensing.c ****            (CapSense_CLK_SOURCE_PRSAUTO == CapSense_CSD_SNS_CLK_SOURCE))) */
2728:Generated_Source\PSoC4/CapSense_Sensing.c **** 
2729:Generated_Source\PSoC4/CapSense_Sensing.c **** 
2730:Generated_Source\PSoC4/CapSense_Sensing.c **** #if ((CapSense_ENABLE == CapSense_CSD_EN) ||\
2731:Generated_Source\PSoC4/CapSense_Sensing.c ****     (CapSense_ENABLE == CapSense_CSD2X_EN))
2732:Generated_Source\PSoC4/CapSense_Sensing.c ****     /*******************************************************************************
2733:Generated_Source\PSoC4/CapSense_Sensing.c ****     * Function Name: CapSense_SsClearCSDSensors
2734:Generated_Source\PSoC4/CapSense_Sensing.c ****     ****************************************************************************//**
2735:Generated_Source\PSoC4/CapSense_Sensing.c ****     *
2736:Generated_Source\PSoC4/CapSense_Sensing.c ****     * \brief
2737:Generated_Source\PSoC4/CapSense_Sensing.c ****     *  Resets all the CSD sensors to the non-sampling state by sequentially
2738:Generated_Source\PSoC4/CapSense_Sensing.c ****     *  disconnecting all the sensors from the Analog MUX bus and putting them to
ARM GAS  C:\Users\Lenovo\AppData\Local\Temp\cc2HN0Qn.s 			page 65


2739:Generated_Source\PSoC4/CapSense_Sensing.c ****     *  an inactive state.
2740:Generated_Source\PSoC4/CapSense_Sensing.c ****     *
2741:Generated_Source\PSoC4/CapSense_Sensing.c ****     * \details
2742:Generated_Source\PSoC4/CapSense_Sensing.c ****     *   The function goes through all the widgets and updates appropriate bits in
2743:Generated_Source\PSoC4/CapSense_Sensing.c ****     *   the IO HSIOM, PC and DR registers depending on the Inactive sensor connection
2744:Generated_Source\PSoC4/CapSense_Sensing.c ****     *   parameter. DR register bits are set to zero when the Inactive sensor
2745:Generated_Source\PSoC4/CapSense_Sensing.c ****     *   connection is Ground or Hi-Z.
2746:Generated_Source\PSoC4/CapSense_Sensing.c ****     *
2747:Generated_Source\PSoC4/CapSense_Sensing.c ****     *******************************************************************************/
2748:Generated_Source\PSoC4/CapSense_Sensing.c ****     void CapSense_SsClearCSDSensors(void)
2749:Generated_Source\PSoC4/CapSense_Sensing.c ****     {
 803              		.loc 1 2749 0
 804              		.cfi_startproc
 805              		@ args = 0, pretend = 0, frame = 0
 806              		@ frame_needed = 0, uses_anonymous_args = 0
 807 0000 70B5     		push	{r4, r5, r6, lr}
 808              		.cfi_def_cfa_offset 16
 809              		.cfi_offset 4, -16
 810              		.cfi_offset 5, -12
 811              		.cfi_offset 6, -8
 812              		.cfi_offset 14, -4
 813              	.LVL75:
2750:Generated_Source\PSoC4/CapSense_Sensing.c ****         uint32 wdgtIndex;
2751:Generated_Source\PSoC4/CapSense_Sensing.c ****         uint32 snsIndex;
2752:Generated_Source\PSoC4/CapSense_Sensing.c **** 
2753:Generated_Source\PSoC4/CapSense_Sensing.c ****         #if (CapSense_ENABLE == CapSense_CSD_GANGED_SNS_EN)
2754:Generated_Source\PSoC4/CapSense_Sensing.c ****             uint32 pinIndex;
2755:Generated_Source\PSoC4/CapSense_Sensing.c ****         #endif /* (CapSense_ENABLE == CapSense_CSD_GANGED_SNS_EN)  */
2756:Generated_Source\PSoC4/CapSense_Sensing.c **** 
2757:Generated_Source\PSoC4/CapSense_Sensing.c ****         #if (CapSense_ENABLE == CapSense_CSD_GANGED_SNS_EN)
2758:Generated_Source\PSoC4/CapSense_Sensing.c ****             /* Declare ptr to sensor IO structure */
2759:Generated_Source\PSoC4/CapSense_Sensing.c ****             CapSense_FLASH_IO_STRUCT const *curDedicatedSnsIOPtr;
2760:Generated_Source\PSoC4/CapSense_Sensing.c ****             /*  Pointer to Flash structure holding info of sensor to be scanned  */
2761:Generated_Source\PSoC4/CapSense_Sensing.c ****             CapSense_FLASH_SNS_STRUCT const *curFlashSnsPtr;
2762:Generated_Source\PSoC4/CapSense_Sensing.c ****         #endif /* (CapSense_ENABLE == CapSense_CSD_GANGED_SNS_EN)  */
2763:Generated_Source\PSoC4/CapSense_Sensing.c ****         CapSense_FLASH_IO_STRUCT const *curSnsIOPtr;
2764:Generated_Source\PSoC4/CapSense_Sensing.c **** 
2765:Generated_Source\PSoC4/CapSense_Sensing.c ****         for (wdgtIndex = 0u; wdgtIndex < CapSense_TOTAL_WIDGETS; wdgtIndex++)
 814              		.loc 1 2765 0
 815 0002 0025     		movs	r5, #0
 816 0004 16E0     		b	.L62
 817              	.LVL76:
 818              	.L65:
2766:Generated_Source\PSoC4/CapSense_Sensing.c ****         {
2767:Generated_Source\PSoC4/CapSense_Sensing.c ****             if (CapSense_SENSE_METHOD_CSD_E ==
2768:Generated_Source\PSoC4/CapSense_Sensing.c ****                 CapSense_GET_SENSE_METHOD(&CapSense_dsFlash.wdgtArray[wdgtIndex]))
2769:Generated_Source\PSoC4/CapSense_Sensing.c ****             {
2770:Generated_Source\PSoC4/CapSense_Sensing.c ****                 curSnsIOPtr = (CapSense_FLASH_IO_STRUCT const *)
 819              		.loc 1 2770 0
 820 0006 EB00     		lsls	r3, r5, #3
 821 0008 5B19     		adds	r3, r3, r5
 822 000a 9A00     		lsls	r2, r3, #2
 823 000c 0B4B     		ldr	r3, .L66
 824 000e D658     		ldr	r6, [r2, r3]
 825              	.LVL77:
2771:Generated_Source\PSoC4/CapSense_Sensing.c ****                                                 CapSense_dsFlash.wdgtArray[wdgtIndex].ptr2SnsFlash;
2772:Generated_Source\PSoC4/CapSense_Sensing.c **** 
ARM GAS  C:\Users\Lenovo\AppData\Local\Temp\cc2HN0Qn.s 			page 66


2773:Generated_Source\PSoC4/CapSense_Sensing.c ****                 /* Go through all sensors in widget */
2774:Generated_Source\PSoC4/CapSense_Sensing.c ****                 for (snsIndex = 0u; snsIndex < (uint8)CapSense_dsFlash.wdgtArray[(wdgtIndex)].total
 826              		.loc 1 2774 0
 827 0010 0024     		movs	r4, #0
 828 0012 06E0     		b	.L63
 829              	.LVL78:
 830              	.L64:
2775:Generated_Source\PSoC4/CapSense_Sensing.c ****                 {
2776:Generated_Source\PSoC4/CapSense_Sensing.c ****                     #if (CapSense_ENABLE == CapSense_CSD_GANGED_SNS_EN)
2777:Generated_Source\PSoC4/CapSense_Sensing.c ****                         /* Check ganged sns flag  */
2778:Generated_Source\PSoC4/CapSense_Sensing.c ****                         if (CapSense_GANGED_SNS_MASK == (CapSense_dsFlash.wdgtArray[wdgtIndex].stat
2779:Generated_Source\PSoC4/CapSense_Sensing.c ****                                                                  CapSense_GANGED_SNS_MASK))
2780:Generated_Source\PSoC4/CapSense_Sensing.c ****                         {
2781:Generated_Source\PSoC4/CapSense_Sensing.c ****                             /* Get sns pointer */
2782:Generated_Source\PSoC4/CapSense_Sensing.c ****                             curFlashSnsPtr = (CapSense_FLASH_SNS_STRUCT const *)
2783:Generated_Source\PSoC4/CapSense_Sensing.c ****                                                                CapSense_dsFlash.wdgtArray[wdgtIndex
2784:Generated_Source\PSoC4/CapSense_Sensing.c ****                                                                snsIndex;
2785:Generated_Source\PSoC4/CapSense_Sensing.c **** 
2786:Generated_Source\PSoC4/CapSense_Sensing.c ****                             for(pinIndex = 0u; pinIndex < curFlashSnsPtr->numPins; pinIndex++)
2787:Generated_Source\PSoC4/CapSense_Sensing.c ****                             {
2788:Generated_Source\PSoC4/CapSense_Sensing.c ****                                 /* Get IO pointer for dedicated pin */
2789:Generated_Source\PSoC4/CapSense_Sensing.c ****                                 curDedicatedSnsIOPtr = &CapSense_ioList[curFlashSnsPtr->firstPinId 
2790:Generated_Source\PSoC4/CapSense_Sensing.c **** 
2791:Generated_Source\PSoC4/CapSense_Sensing.c ****                                 /* Disconnect dedicated pin */
2792:Generated_Source\PSoC4/CapSense_Sensing.c ****                                 CapSense_CSDDisconnectSns(curDedicatedSnsIOPtr);
2793:Generated_Source\PSoC4/CapSense_Sensing.c ****                             }
2794:Generated_Source\PSoC4/CapSense_Sensing.c ****                         }
2795:Generated_Source\PSoC4/CapSense_Sensing.c ****                         else
2796:Generated_Source\PSoC4/CapSense_Sensing.c ****                         {
2797:Generated_Source\PSoC4/CapSense_Sensing.c ****                             /* Disable sensor */
2798:Generated_Source\PSoC4/CapSense_Sensing.c ****                             CapSense_CSDDisconnectSns(&curSnsIOPtr[snsIndex]);
2799:Generated_Source\PSoC4/CapSense_Sensing.c ****                         }
2800:Generated_Source\PSoC4/CapSense_Sensing.c ****                     #else
2801:Generated_Source\PSoC4/CapSense_Sensing.c ****                         /* Disable sensor */
2802:Generated_Source\PSoC4/CapSense_Sensing.c ****                         CapSense_CSDDisconnectSns(&curSnsIOPtr[snsIndex]);
 831              		.loc 1 2802 0 discriminator 3
 832 0014 E300     		lsls	r3, r4, #3
 833 0016 1B1B     		subs	r3, r3, r4
 834 0018 9800     		lsls	r0, r3, #2
 835 001a 3018     		adds	r0, r6, r0
 836 001c FFF7FEFF 		bl	CapSense_CSDDisconnectSns
 837              	.LVL79:
2774:Generated_Source\PSoC4/CapSense_Sensing.c ****                 {
 838              		.loc 1 2774 0 discriminator 3
 839 0020 0134     		adds	r4, r4, #1
 840              	.LVL80:
 841              	.L63:
2774:Generated_Source\PSoC4/CapSense_Sensing.c ****                 {
 842              		.loc 1 2774 0 is_stmt 0 discriminator 1
 843 0022 EA00     		lsls	r2, r5, #3
 844 0024 5219     		adds	r2, r2, r5
 845 0026 9300     		lsls	r3, r2, #2
 846 0028 044A     		ldr	r2, .L66
 847 002a D318     		adds	r3, r2, r3
 848 002c 9B7D     		ldrb	r3, [r3, #22]
 849 002e 9C42     		cmp	r4, r3
 850 0030 F0D3     		bcc	.L64
ARM GAS  C:\Users\Lenovo\AppData\Local\Temp\cc2HN0Qn.s 			page 67


2765:Generated_Source\PSoC4/CapSense_Sensing.c ****         {
 851              		.loc 1 2765 0 is_stmt 1 discriminator 2
 852 0032 0135     		adds	r5, r5, #1
 853              	.LVL81:
 854              	.L62:
2765:Generated_Source\PSoC4/CapSense_Sensing.c ****         {
 855              		.loc 1 2765 0 is_stmt 0 discriminator 1
 856 0034 002D     		cmp	r5, #0
 857 0036 E6D0     		beq	.L65
2803:Generated_Source\PSoC4/CapSense_Sensing.c ****                     #endif /* (CapSense_ENABLE == CapSense_CSD_GANGED_SNS_EN)  */
2804:Generated_Source\PSoC4/CapSense_Sensing.c ****                 }
2805:Generated_Source\PSoC4/CapSense_Sensing.c ****             }
2806:Generated_Source\PSoC4/CapSense_Sensing.c ****         }
2807:Generated_Source\PSoC4/CapSense_Sensing.c ****     }
 858              		.loc 1 2807 0 is_stmt 1
 859              		@ sp needed
 860              	.LVL82:
 861 0038 70BD     		pop	{r4, r5, r6, pc}
 862              	.L67:
 863 003a C046     		.align	2
 864              	.L66:
 865 003c 00000000 		.word	CapSense_dsFlash
 866              		.cfi_endproc
 867              	.LFE20:
 868              		.size	CapSense_SsClearCSDSensors, .-CapSense_SsClearCSDSensors
 869              		.section	.text.CapSense_SsCSDGetColSnsClkDivider,"ax",%progbits
 870              		.align	2
 871              		.global	CapSense_SsCSDGetColSnsClkDivider
 872              		.code	16
 873              		.thumb_func
 874              		.type	CapSense_SsCSDGetColSnsClkDivider, %function
 875              	CapSense_SsCSDGetColSnsClkDivider:
 876              	.LFB21:
2808:Generated_Source\PSoC4/CapSense_Sensing.c **** 
2809:Generated_Source\PSoC4/CapSense_Sensing.c ****     /*******************************************************************************
2810:Generated_Source\PSoC4/CapSense_Sensing.c ****     * Function Name: CapSense_SsCSDGetColSnsClkDivider
2811:Generated_Source\PSoC4/CapSense_Sensing.c ****     ****************************************************************************//**
2812:Generated_Source\PSoC4/CapSense_Sensing.c ****     *
2813:Generated_Source\PSoC4/CapSense_Sensing.c ****     * \brief
2814:Generated_Source\PSoC4/CapSense_Sensing.c ****     *  This function gets the Sense Clock Divider value for one-dimension widgets
2815:Generated_Source\PSoC4/CapSense_Sensing.c ****     *  and Column Sense Clock divider value for two-dimension widgets.
2816:Generated_Source\PSoC4/CapSense_Sensing.c ****     *
2817:Generated_Source\PSoC4/CapSense_Sensing.c ****     * \details
2818:Generated_Source\PSoC4/CapSense_Sensing.c ****     *  This function gets the Sense Clock Divider value based on the component
2819:Generated_Source\PSoC4/CapSense_Sensing.c ****     *  configuration. The function is applicable for one-dimension widgets and for
2820:Generated_Source\PSoC4/CapSense_Sensing.c ****     *  two-dimension widgets.
2821:Generated_Source\PSoC4/CapSense_Sensing.c ****     *
2822:Generated_Source\PSoC4/CapSense_Sensing.c ****     * \param widgetId
2823:Generated_Source\PSoC4/CapSense_Sensing.c ****     *  Specifies the ID of the widget.
2824:Generated_Source\PSoC4/CapSense_Sensing.c ****     *
2825:Generated_Source\PSoC4/CapSense_Sensing.c ****     * \return The Sense Clock Divider value for one-dimension widgets
2826:Generated_Source\PSoC4/CapSense_Sensing.c ****     *         and the Column Sense Clock divider value for two-dimension widgets.
2827:Generated_Source\PSoC4/CapSense_Sensing.c ****     *
2828:Generated_Source\PSoC4/CapSense_Sensing.c ****     *******************************************************************************/
2829:Generated_Source\PSoC4/CapSense_Sensing.c ****     uint32 CapSense_SsCSDGetColSnsClkDivider(uint32 widgetId)
2830:Generated_Source\PSoC4/CapSense_Sensing.c ****     {
 877              		.loc 1 2830 0
ARM GAS  C:\Users\Lenovo\AppData\Local\Temp\cc2HN0Qn.s 			page 68


 878              		.cfi_startproc
 879              		@ args = 0, pretend = 0, frame = 0
 880              		@ frame_needed = 0, uses_anonymous_args = 0
 881              		@ link register save eliminated.
 882              	.LVL83:
2831:Generated_Source\PSoC4/CapSense_Sensing.c ****         uint32 retVal;
2832:Generated_Source\PSoC4/CapSense_Sensing.c **** 
2833:Generated_Source\PSoC4/CapSense_Sensing.c ****         /* Get sense divider based on configuration */
2834:Generated_Source\PSoC4/CapSense_Sensing.c ****         #if (CapSense_ENABLE != CapSense_CSD_COMMON_SNS_CLK_EN)
2835:Generated_Source\PSoC4/CapSense_Sensing.c ****             CapSense_RAM_WD_BASE_STRUCT *ptrWdgt;
2836:Generated_Source\PSoC4/CapSense_Sensing.c **** 
2837:Generated_Source\PSoC4/CapSense_Sensing.c ****             ptrWdgt = (CapSense_RAM_WD_BASE_STRUCT *)
 883              		.loc 1 2837 0
 884 0000 C300     		lsls	r3, r0, #3
 885 0002 1818     		adds	r0, r3, r0
 886              	.LVL84:
 887 0004 8300     		lsls	r3, r0, #2
 888 0006 024A     		ldr	r2, .L69
 889 0008 D318     		adds	r3, r2, r3
 890 000a 5B68     		ldr	r3, [r3, #4]
 891              	.LVL85:
2838:Generated_Source\PSoC4/CapSense_Sensing.c ****             CapSense_dsFlash.wdgtArray[widgetId].ptr2WdgtRam;
2839:Generated_Source\PSoC4/CapSense_Sensing.c **** 
2840:Generated_Source\PSoC4/CapSense_Sensing.c ****             retVal = (uint32)(ptrWdgt->snsClk);
 892              		.loc 1 2840 0
 893 000c 5889     		ldrh	r0, [r3, #10]
 894              	.LVL86:
2841:Generated_Source\PSoC4/CapSense_Sensing.c ****         #else
2842:Generated_Source\PSoC4/CapSense_Sensing.c ****             retVal = (uint32)CapSense_dsRam.snsCsdClk;
2843:Generated_Source\PSoC4/CapSense_Sensing.c **** 
2844:Generated_Source\PSoC4/CapSense_Sensing.c ****             (void)widgetId; /* This parameter is unused in such configurations */
2845:Generated_Source\PSoC4/CapSense_Sensing.c ****         #endif /* (CapSense_ENABLE == CapSense_CSD_COMMON_SNS_CLK_EN) */
2846:Generated_Source\PSoC4/CapSense_Sensing.c **** 
2847:Generated_Source\PSoC4/CapSense_Sensing.c ****         return (retVal);
2848:Generated_Source\PSoC4/CapSense_Sensing.c ****     }
 895              		.loc 1 2848 0
 896              		@ sp needed
 897 000e 7047     		bx	lr
 898              	.L70:
 899              		.align	2
 900              	.L69:
 901 0010 00000000 		.word	CapSense_dsFlash
 902              		.cfi_endproc
 903              	.LFE21:
 904              		.size	CapSense_SsCSDGetColSnsClkDivider, .-CapSense_SsCSDGetColSnsClkDivider
 905              		.section	.text.CapSense_SsCSDCalcPrsSize,"ax",%progbits
 906              		.align	2
 907              		.global	CapSense_SsCSDCalcPrsSize
 908              		.code	16
 909              		.thumb_func
 910              		.type	CapSense_SsCSDCalcPrsSize, %function
 911              	CapSense_SsCSDCalcPrsSize:
 912              	.LFB22:
2849:Generated_Source\PSoC4/CapSense_Sensing.c **** 
2850:Generated_Source\PSoC4/CapSense_Sensing.c **** 
2851:Generated_Source\PSoC4/CapSense_Sensing.c ****     #if (CapSense_ENABLE == (CapSense_CSD_MATRIX_WIDGET_EN | CapSense_CSD_TOUCHPAD_WIDGET_EN))
2852:Generated_Source\PSoC4/CapSense_Sensing.c ****         /*******************************************************************************
ARM GAS  C:\Users\Lenovo\AppData\Local\Temp\cc2HN0Qn.s 			page 69


2853:Generated_Source\PSoC4/CapSense_Sensing.c ****         * Function Name: CapSense_SsCSDGetRowSnsClkDivider
2854:Generated_Source\PSoC4/CapSense_Sensing.c ****         ****************************************************************************//**
2855:Generated_Source\PSoC4/CapSense_Sensing.c ****         *
2856:Generated_Source\PSoC4/CapSense_Sensing.c ****         * \brief
2857:Generated_Source\PSoC4/CapSense_Sensing.c ****         *  This function gets the Sense Clock Divider value for one-dimension widgets
2858:Generated_Source\PSoC4/CapSense_Sensing.c ****         *  and the Column Sense Clock divider value for two-dimension widgets.
2859:Generated_Source\PSoC4/CapSense_Sensing.c ****         *
2860:Generated_Source\PSoC4/CapSense_Sensing.c ****         * \details
2861:Generated_Source\PSoC4/CapSense_Sensing.c ****         *  This function gets the Sense Clock Divider value based on the component
2862:Generated_Source\PSoC4/CapSense_Sensing.c ****         *  configuration. The function is applicable for one-dimension widgets and for
2863:Generated_Source\PSoC4/CapSense_Sensing.c ****         *  two-dimension widgets.
2864:Generated_Source\PSoC4/CapSense_Sensing.c ****         *
2865:Generated_Source\PSoC4/CapSense_Sensing.c ****         * \param
2866:Generated_Source\PSoC4/CapSense_Sensing.c ****         *  widgetId Specifies the ID of the widget.
2867:Generated_Source\PSoC4/CapSense_Sensing.c ****         *
2868:Generated_Source\PSoC4/CapSense_Sensing.c ****         * \return The Sense Clock Divider value for one-dimension widgets
2869:Generated_Source\PSoC4/CapSense_Sensing.c ****         *         and Column Sense Clock divider value for two-dimension widgets.
2870:Generated_Source\PSoC4/CapSense_Sensing.c ****         *
2871:Generated_Source\PSoC4/CapSense_Sensing.c ****         *******************************************************************************/
2872:Generated_Source\PSoC4/CapSense_Sensing.c ****         uint32 CapSense_SsCSDGetRowSnsClkDivider(uint32 widgetId)
2873:Generated_Source\PSoC4/CapSense_Sensing.c ****         {
2874:Generated_Source\PSoC4/CapSense_Sensing.c ****             uint32 retVal;
2875:Generated_Source\PSoC4/CapSense_Sensing.c **** 
2876:Generated_Source\PSoC4/CapSense_Sensing.c ****             /* Get sense divider based on configuration */
2877:Generated_Source\PSoC4/CapSense_Sensing.c ****             #if (CapSense_ENABLE != CapSense_CSD_COMMON_SNS_CLK_EN)
2878:Generated_Source\PSoC4/CapSense_Sensing.c ****                 CapSense_RAM_WD_BASE_STRUCT *ptrWdgt;
2879:Generated_Source\PSoC4/CapSense_Sensing.c **** 
2880:Generated_Source\PSoC4/CapSense_Sensing.c ****                 ptrWdgt = (CapSense_RAM_WD_BASE_STRUCT *)
2881:Generated_Source\PSoC4/CapSense_Sensing.c ****                 CapSense_dsFlash.wdgtArray[widgetId].ptr2WdgtRam;
2882:Generated_Source\PSoC4/CapSense_Sensing.c **** 
2883:Generated_Source\PSoC4/CapSense_Sensing.c ****                 retVal = ptrWdgt->rowSnsClk;
2884:Generated_Source\PSoC4/CapSense_Sensing.c ****             #else
2885:Generated_Source\PSoC4/CapSense_Sensing.c ****                 retVal = (uint32)CapSense_dsRam.snsCsdClk;
2886:Generated_Source\PSoC4/CapSense_Sensing.c **** 
2887:Generated_Source\PSoC4/CapSense_Sensing.c ****                 (void)widgetId; /* This parameter is unused in such configurations */
2888:Generated_Source\PSoC4/CapSense_Sensing.c ****             #endif /* (CapSense_ENABLE == CapSense_CSD_COMMON_SNS_CLK_EN) */
2889:Generated_Source\PSoC4/CapSense_Sensing.c **** 
2890:Generated_Source\PSoC4/CapSense_Sensing.c ****             return (retVal);
2891:Generated_Source\PSoC4/CapSense_Sensing.c ****         }
2892:Generated_Source\PSoC4/CapSense_Sensing.c ****     #endif /* (CapSense_ENABLE == (CapSense_CSD_MATRIX_WIDGET_EN | CapSense_CSD_TOUCHPAD_WIDGET_EN)
2893:Generated_Source\PSoC4/CapSense_Sensing.c **** 
2894:Generated_Source\PSoC4/CapSense_Sensing.c ****     #if (CapSense_CLK_SOURCE_PRSAUTO == CapSense_CSD_SNS_CLK_SOURCE)
2895:Generated_Source\PSoC4/CapSense_Sensing.c ****         /*******************************************************************************
2896:Generated_Source\PSoC4/CapSense_Sensing.c ****         * Function Name: CapSense_SsCSDCalcPrsSize
2897:Generated_Source\PSoC4/CapSense_Sensing.c ****         ****************************************************************************//**
2898:Generated_Source\PSoC4/CapSense_Sensing.c ****         *
2899:Generated_Source\PSoC4/CapSense_Sensing.c ****         * \brief
2900:Generated_Source\PSoC4/CapSense_Sensing.c ****         *   The function finds PRS polynomial size in the Auto mode.
2901:Generated_Source\PSoC4/CapSense_Sensing.c ****         *
2902:Generated_Source\PSoC4/CapSense_Sensing.c ****         * \details
2903:Generated_Source\PSoC4/CapSense_Sensing.c ****         *   The PRS polynomial size in the Auto mode is found based on the following
2904:Generated_Source\PSoC4/CapSense_Sensing.c ****         *   requirements:
2905:Generated_Source\PSoC4/CapSense_Sensing.c ****         *   - at least one full spread spectrum polynomial should pass during scan time.
2906:Generated_Source\PSoC4/CapSense_Sensing.c ****         *
2907:Generated_Source\PSoC4/CapSense_Sensing.c ****         * \param
2908:Generated_Source\PSoC4/CapSense_Sensing.c ****         *  snsClkDivider The divider value for the sense clock.
2909:Generated_Source\PSoC4/CapSense_Sensing.c ****         *  resolution The widget resolution.
ARM GAS  C:\Users\Lenovo\AppData\Local\Temp\cc2HN0Qn.s 			page 70


2910:Generated_Source\PSoC4/CapSense_Sensing.c ****         *
2911:Generated_Source\PSoC4/CapSense_Sensing.c ****         * \return prsSize PRS value for SENSE_PERIOD register.
2912:Generated_Source\PSoC4/CapSense_Sensing.c ****         *
2913:Generated_Source\PSoC4/CapSense_Sensing.c ****         *******************************************************************************/
2914:Generated_Source\PSoC4/CapSense_Sensing.c ****         uint8 CapSense_SsCSDCalcPrsSize(uint32 snsClkDivider, uint32 resolution)
2915:Generated_Source\PSoC4/CapSense_Sensing.c ****         {
 913              		.loc 1 2915 0
 914              		.cfi_startproc
 915              		@ args = 0, pretend = 0, frame = 0
 916              		@ frame_needed = 0, uses_anonymous_args = 0
 917              	.LVL87:
 918 0000 10B5     		push	{r4, lr}
 919              		.cfi_def_cfa_offset 8
 920              		.cfi_offset 4, -8
 921              		.cfi_offset 14, -4
2916:Generated_Source\PSoC4/CapSense_Sensing.c ****             uint32 prsSize;
2917:Generated_Source\PSoC4/CapSense_Sensing.c ****             uint32 modClkDivider;
2918:Generated_Source\PSoC4/CapSense_Sensing.c **** 
2919:Generated_Source\PSoC4/CapSense_Sensing.c ****             #if (CapSense_ENABLE == CapSense_CSDV2)
2920:Generated_Source\PSoC4/CapSense_Sensing.c ****                 modClkDivider = 1uL;
2921:Generated_Source\PSoC4/CapSense_Sensing.c ****             #else
2922:Generated_Source\PSoC4/CapSense_Sensing.c ****                 #if (CapSense_ENABLE == CapSense_IS_M0S8PERI_BLOCK)
2923:Generated_Source\PSoC4/CapSense_Sensing.c ****                     modClkDivider = (uint32)CapSense_dsRam.modCsdClk;
 922              		.loc 1 2923 0
 923 0002 0A4B     		ldr	r3, .L75
 924 0004 1C7E     		ldrb	r4, [r3, #24]
 925              	.LVL88:
2924:Generated_Source\PSoC4/CapSense_Sensing.c ****                 #else
2925:Generated_Source\PSoC4/CapSense_Sensing.c ****                     modClkDivider = 1uL;
2926:Generated_Source\PSoC4/CapSense_Sensing.c ****                 #endif /* (CapSense_ENABLE == CapSense_IS_M0S8PERI_BLOCK) */
2927:Generated_Source\PSoC4/CapSense_Sensing.c ****             #endif /* (CapSense_ENABLE == CapSense_CSDV2) */
2928:Generated_Source\PSoC4/CapSense_Sensing.c **** 
2929:Generated_Source\PSoC4/CapSense_Sensing.c ****             if ((snsClkDivider * CapSense_PRS_LENGTH_12_BITS) <
 926              		.loc 1 2929 0
 927 0006 0203     		lsls	r2, r0, #12
 928 0008 121A     		subs	r2, r2, r0
2930:Generated_Source\PSoC4/CapSense_Sensing.c ****                 (modClkDivider * ((0x00000001Lu << resolution) - 1u)))
 929              		.loc 1 2930 0
 930 000a 0123     		movs	r3, #1
 931 000c 8B40     		lsls	r3, r3, r1
 932 000e 013B     		subs	r3, r3, #1
 933 0010 6343     		muls	r3, r4
2929:Generated_Source\PSoC4/CapSense_Sensing.c ****                 (modClkDivider * ((0x00000001Lu << resolution) - 1u)))
 934              		.loc 1 2929 0
 935 0012 9A42     		cmp	r2, r3
 936 0014 05D3     		bcc	.L73
2931:Generated_Source\PSoC4/CapSense_Sensing.c ****             {
2932:Generated_Source\PSoC4/CapSense_Sensing.c ****                 /* Set PRS12 mode */
2933:Generated_Source\PSoC4/CapSense_Sensing.c ****                 prsSize = CapSense_PRS_12_CONFIG;
2934:Generated_Source\PSoC4/CapSense_Sensing.c ****             }
2935:Generated_Source\PSoC4/CapSense_Sensing.c ****             else if ((snsClkDivider * CapSense_PRS_LENGTH_8_BITS) <
 937              		.loc 1 2935 0
 938 0016 0202     		lsls	r2, r0, #8
 939 0018 101A     		subs	r0, r2, r0
 940              	.LVL89:
 941 001a 8342     		cmp	r3, r0
 942 001c 03D9     		bls	.L74
ARM GAS  C:\Users\Lenovo\AppData\Local\Temp\cc2HN0Qn.s 			page 71


2936:Generated_Source\PSoC4/CapSense_Sensing.c ****                      (modClkDivider * ((0x00000001Lu << resolution) - 1u)))
2937:Generated_Source\PSoC4/CapSense_Sensing.c ****             {
2938:Generated_Source\PSoC4/CapSense_Sensing.c ****                 /* Set PRS8 mode */
2939:Generated_Source\PSoC4/CapSense_Sensing.c ****                 prsSize = CapSense_PRS_8_CONFIG;
 943              		.loc 1 2939 0
 944 001e 4020     		movs	r0, #64
 945 0020 02E0     		b	.L72
 946              	.LVL90:
 947              	.L73:
2933:Generated_Source\PSoC4/CapSense_Sensing.c ****             }
 948              		.loc 1 2933 0
 949 0022 C020     		movs	r0, #192
 950              	.LVL91:
 951 0024 00E0     		b	.L72
 952              	.L74:
2940:Generated_Source\PSoC4/CapSense_Sensing.c ****             }
2941:Generated_Source\PSoC4/CapSense_Sensing.c ****             else
2942:Generated_Source\PSoC4/CapSense_Sensing.c ****             {
2943:Generated_Source\PSoC4/CapSense_Sensing.c ****                 /* Set Direct clock mode */
2944:Generated_Source\PSoC4/CapSense_Sensing.c ****                 prsSize = CapSense_CLK_SOURCE_DIRECT;
 953              		.loc 1 2944 0
 954 0026 0020     		movs	r0, #0
 955              	.L72:
 956              	.LVL92:
2945:Generated_Source\PSoC4/CapSense_Sensing.c ****             }
2946:Generated_Source\PSoC4/CapSense_Sensing.c **** 
2947:Generated_Source\PSoC4/CapSense_Sensing.c ****             return (uint8)prsSize;
 957              		.loc 1 2947 0
 958 0028 C0B2     		uxtb	r0, r0
 959              	.LVL93:
2948:Generated_Source\PSoC4/CapSense_Sensing.c ****         }
 960              		.loc 1 2948 0
 961              		@ sp needed
 962              	.LVL94:
 963 002a 10BD     		pop	{r4, pc}
 964              	.L76:
 965              		.align	2
 966              	.L75:
 967 002c 00000000 		.word	CapSense_dsRam
 968              		.cfi_endproc
 969              	.LFE22:
 970              		.size	CapSense_SsCSDCalcPrsSize, .-CapSense_SsCSDCalcPrsSize
 971              		.section	.text.CapSense_SsSetWidgetSenseClkSrc,"ax",%progbits
 972              		.align	2
 973              		.code	16
 974              		.thumb_func
 975              		.type	CapSense_SsSetWidgetSenseClkSrc, %function
 976              	CapSense_SsSetWidgetSenseClkSrc:
 977              	.LFB19:
2443:Generated_Source\PSoC4/CapSense_Sensing.c ****         uint8 lfsrSize;
 978              		.loc 1 2443 0
 979              		.cfi_startproc
 980              		@ args = 0, pretend = 0, frame = 0
 981              		@ frame_needed = 0, uses_anonymous_args = 0
 982              	.LVL95:
 983 0000 10B5     		push	{r4, lr}
 984              		.cfi_def_cfa_offset 8
ARM GAS  C:\Users\Lenovo\AppData\Local\Temp\cc2HN0Qn.s 			page 72


 985              		.cfi_offset 4, -8
 986              		.cfi_offset 14, -4
 987 0002 0C00     		movs	r4, r1
2455:Generated_Source\PSoC4/CapSense_Sensing.c **** 
 988              		.loc 1 2455 0
 989 0004 FFF7FEFF 		bl	CapSense_SsCSDGetColSnsClkDivider
 990              	.LVL96:
2467:Generated_Source\PSoC4/CapSense_Sensing.c ****                 lfsrScale = 0u;
 991              		.loc 1 2467 0
 992 0008 2188     		ldrh	r1, [r4]
 993 000a FFF7FEFF 		bl	CapSense_SsCSDCalcPrsSize
 994              	.LVL97:
2476:Generated_Source\PSoC4/CapSense_Sensing.c **** 
 995              		.loc 1 2476 0
 996 000e 2073     		strb	r0, [r4, #12]
2503:Generated_Source\PSoC4/CapSense_Sensing.c **** #endif /* ((CapSense_ENABLE == CapSense_CSD_EN) ||\
 997              		.loc 1 2503 0
 998              		@ sp needed
 999              	.LVL98:
 1000 0010 10BD     		pop	{r4, pc}
 1001              		.cfi_endproc
 1002              	.LFE19:
 1003              		.size	CapSense_SsSetWidgetSenseClkSrc, .-CapSense_SsSetWidgetSenseClkSrc
 1004 0012 C046     		.section	.text.CapSense_SsInitializeSourceSenseClk,"ax",%progbits
 1005              		.align	2
 1006              		.global	CapSense_SsInitializeSourceSenseClk
 1007              		.code	16
 1008              		.thumb_func
 1009              		.type	CapSense_SsInitializeSourceSenseClk, %function
 1010              	CapSense_SsInitializeSourceSenseClk:
 1011              	.LFB18:
2393:Generated_Source\PSoC4/CapSense_Sensing.c ****     uint32 wdgtIndex;
 1012              		.loc 1 2393 0
 1013              		.cfi_startproc
 1014              		@ args = 0, pretend = 0, frame = 0
 1015              		@ frame_needed = 0, uses_anonymous_args = 0
 1016 0000 10B5     		push	{r4, lr}
 1017              		.cfi_def_cfa_offset 8
 1018              		.cfi_offset 4, -8
 1019              		.cfi_offset 14, -4
 1020              	.LVL99:
2397:Generated_Source\PSoC4/CapSense_Sensing.c ****     {
 1021              		.loc 1 2397 0
 1022 0002 0024     		movs	r4, #0
 1023 0004 09E0     		b	.L79
 1024              	.LVL100:
 1025              	.L80:
2399:Generated_Source\PSoC4/CapSense_Sensing.c ****         if (CapSense_SENSE_METHOD_CSD_E ==
 1026              		.loc 1 2399 0
 1027 0006 E200     		lsls	r2, r4, #3
 1028 0008 1219     		adds	r2, r2, r4
 1029 000a 9300     		lsls	r3, r2, #2
 1030 000c 044A     		ldr	r2, .L81
 1031 000e D318     		adds	r3, r2, r3
 1032 0010 5968     		ldr	r1, [r3, #4]
 1033              	.LVL101:
2404:Generated_Source\PSoC4/CapSense_Sensing.c ****             #endif /* ((CapSense_ENABLE == CapSense_CSD_EN) || CapSense_ENABLE == CapSense_CSD2X_EN
ARM GAS  C:\Users\Lenovo\AppData\Local\Temp\cc2HN0Qn.s 			page 73


 1034              		.loc 1 2404 0
 1035 0012 2000     		movs	r0, r4
 1036 0014 FFF7FEFF 		bl	CapSense_SsSetWidgetSenseClkSrc
 1037              	.LVL102:
2397:Generated_Source\PSoC4/CapSense_Sensing.c ****     {
 1038              		.loc 1 2397 0
 1039 0018 0134     		adds	r4, r4, #1
 1040              	.LVL103:
 1041              	.L79:
2397:Generated_Source\PSoC4/CapSense_Sensing.c ****     {
 1042              		.loc 1 2397 0 is_stmt 0 discriminator 1
 1043 001a 002C     		cmp	r4, #0
 1044 001c F3D0     		beq	.L80
2417:Generated_Source\PSoC4/CapSense_Sensing.c **** #endif /* ((CapSense_ENABLE == CapSense_CSD_EN) ||\
 1045              		.loc 1 2417 0 is_stmt 1
 1046              		@ sp needed
 1047              	.LVL104:
 1048 001e 10BD     		pop	{r4, pc}
 1049              	.L82:
 1050              		.align	2
 1051              	.L81:
 1052 0020 00000000 		.word	CapSense_dsFlash
 1053              		.cfi_endproc
 1054              	.LFE18:
 1055              		.size	CapSense_SsInitializeSourceSenseClk, .-CapSense_SsInitializeSourceSenseClk
 1056              		.section	.text.CapSense_SsInitialize,"ax",%progbits
 1057              		.align	2
 1058              		.global	CapSense_SsInitialize
 1059              		.code	16
 1060              		.thumb_func
 1061              		.type	CapSense_SsInitialize, %function
 1062              	CapSense_SsInitialize:
 1063              	.LFB6:
 596:Generated_Source\PSoC4/CapSense_Sensing.c ****     cystatus initStatus = CYRET_SUCCESS;
 1064              		.loc 1 596 0
 1065              		.cfi_startproc
 1066              		@ args = 0, pretend = 0, frame = 0
 1067              		@ frame_needed = 0, uses_anonymous_args = 0
 1068 0000 10B5     		push	{r4, lr}
 1069              		.cfi_def_cfa_offset 8
 1070              		.cfi_offset 4, -8
 1071              		.cfi_offset 14, -4
 1072              	.LVL105:
 625:Generated_Source\PSoC4/CapSense_Sensing.c ****     #endif /* (CapSense_ENABLE == CapSense_CSDV2) */
 1073              		.loc 1 625 0
 1074 0002 FFF7FEFF 		bl	CapSense_SsTrimIdacs
 1075              	.LVL106:
 630:Generated_Source\PSoC4/CapSense_Sensing.c ****     #endif /* ((CapSense_ENABLE == CapSense_CSD_EN) ||\
 1076              		.loc 1 630 0
 1077 0006 FFF7FEFF 		bl	CapSense_SsInitializeSourceSenseClk
 1078              	.LVL107:
 635:Generated_Source\PSoC4/CapSense_Sensing.c **** 
 1079              		.loc 1 635 0
 1080 000a FFF7FEFF 		bl	CapSense_SsSetIOsInDefaultState
 1081              	.LVL108:
 669:Generated_Source\PSoC4/CapSense_Sensing.c **** 
 1082              		.loc 1 669 0
ARM GAS  C:\Users\Lenovo\AppData\Local\Temp\cc2HN0Qn.s 			page 74


 1083 000e FFF7FEFF 		bl	CapSense_SsCSDInitialize
 1084              	.LVL109:
 681:Generated_Source\PSoC4/CapSense_Sensing.c **** 
 1085              		.loc 1 681 0
 1086 0012 0020     		movs	r0, #0
 1087              		@ sp needed
 1088 0014 10BD     		pop	{r4, pc}
 1089              		.cfi_endproc
 1090              	.LFE6:
 1091              		.size	CapSense_SsInitialize, .-CapSense_SsInitialize
 1092              		.comm	CapSense_curSnsIOPtr,4,4
 1093              		.comm	CapSense_curRamSnsPtr,4,4
 1094              		.global	CapSense_requestScanAllWidget
 1095              		.global	CapSense_sensorIndex
 1096              		.global	CapSense_widgetIndex
 1097              		.global	CapSense_scanFreqIndex
 1098 0016 C046     		.section	.rodata
 1099              		.type	CapSense_scanFreqIndex, %object
 1100              		.size	CapSense_scanFreqIndex, 1
 1101              	CapSense_scanFreqIndex:
 1102 0000 00       		.space	1
 1103              		.bss
 1104              		.set	.LANCHOR0,. + 0
 1105              		.type	CapSense_requestScanAllWidget, %object
 1106              		.size	CapSense_requestScanAllWidget, 1
 1107              	CapSense_requestScanAllWidget:
 1108 0000 00       		.space	1
 1109              		.type	CapSense_sensorIndex, %object
 1110              		.size	CapSense_sensorIndex, 1
 1111              	CapSense_sensorIndex:
 1112 0001 00       		.space	1
 1113              		.type	CapSense_widgetIndex, %object
 1114              		.size	CapSense_widgetIndex, 1
 1115              	CapSense_widgetIndex:
 1116 0002 00       		.space	1
 1117              		.text
 1118              	.Letext0:
 1119              		.file 2 "Generated_Source\\PSoC4/cytypes.h"
 1120              		.file 3 "Generated_Source\\PSoC4\\CapSense_Configuration.h"
 1121              		.file 4 "Generated_Source\\PSoC4\\CapSense_Structure.h"
 1122              		.file 5 "Generated_Source\\PSoC4\\CapSense_SensingCSD_LL.h"
 1123              		.file 6 "Generated_Source\\PSoC4/CyLib.h"
 1124              		.file 7 "Generated_Source\\PSoC4\\CapSense_ISR.h"
 1125              		.section	.debug_info,"",%progbits
 1126              	.Ldebug_info0:
 1127 0000 AE0C0000 		.4byte	0xcae
 1128 0004 0400     		.2byte	0x4
 1129 0006 00000000 		.4byte	.Ldebug_abbrev0
 1130 000a 04       		.byte	0x4
 1131 000b 01       		.uleb128 0x1
 1132 000c 15020000 		.4byte	.LASF153
 1133 0010 0C       		.byte	0xc
 1134 0011 92060000 		.4byte	.LASF154
 1135 0015 0B090000 		.4byte	.LASF155
 1136 0019 00000000 		.4byte	.Ldebug_ranges0+0
 1137 001d 00000000 		.4byte	0
 1138 0021 00000000 		.4byte	.Ldebug_line0
ARM GAS  C:\Users\Lenovo\AppData\Local\Temp\cc2HN0Qn.s 			page 75


 1139 0025 02       		.uleb128 0x2
 1140 0026 01       		.byte	0x1
 1141 0027 06       		.byte	0x6
 1142 0028 D0080000 		.4byte	.LASF0
 1143 002c 02       		.uleb128 0x2
 1144 002d 01       		.byte	0x1
 1145 002e 08       		.byte	0x8
 1146 002f BE070000 		.4byte	.LASF1
 1147 0033 02       		.uleb128 0x2
 1148 0034 02       		.byte	0x2
 1149 0035 05       		.byte	0x5
 1150 0036 B9050000 		.4byte	.LASF2
 1151 003a 02       		.uleb128 0x2
 1152 003b 02       		.byte	0x2
 1153 003c 07       		.byte	0x7
 1154 003d F8080000 		.4byte	.LASF3
 1155 0041 02       		.uleb128 0x2
 1156 0042 04       		.byte	0x4
 1157 0043 05       		.byte	0x5
 1158 0044 F1050000 		.4byte	.LASF4
 1159 0048 02       		.uleb128 0x2
 1160 0049 04       		.byte	0x4
 1161 004a 07       		.byte	0x7
 1162 004b 07070000 		.4byte	.LASF5
 1163 004f 02       		.uleb128 0x2
 1164 0050 08       		.byte	0x8
 1165 0051 05       		.byte	0x5
 1166 0052 EB030000 		.4byte	.LASF6
 1167 0056 02       		.uleb128 0x2
 1168 0057 08       		.byte	0x8
 1169 0058 07       		.byte	0x7
 1170 0059 AE010000 		.4byte	.LASF7
 1171 005d 03       		.uleb128 0x3
 1172 005e 04       		.byte	0x4
 1173 005f 05       		.byte	0x5
 1174 0060 696E7400 		.ascii	"int\000"
 1175 0064 02       		.uleb128 0x2
 1176 0065 04       		.byte	0x4
 1177 0066 07       		.byte	0x7
 1178 0067 95000000 		.4byte	.LASF8
 1179 006b 04       		.uleb128 0x4
 1180 006c A2090000 		.4byte	.LASF9
 1181 0070 02       		.byte	0x2
 1182 0071 D201     		.2byte	0x1d2
 1183 0073 2C000000 		.4byte	0x2c
 1184 0077 04       		.uleb128 0x4
 1185 0078 55030000 		.4byte	.LASF10
 1186 007c 02       		.byte	0x2
 1187 007d D301     		.2byte	0x1d3
 1188 007f 3A000000 		.4byte	0x3a
 1189 0083 04       		.uleb128 0x4
 1190 0084 E4040000 		.4byte	.LASF11
 1191 0088 02       		.byte	0x2
 1192 0089 D401     		.2byte	0x1d4
 1193 008b 48000000 		.4byte	0x48
 1194 008f 02       		.uleb128 0x2
 1195 0090 04       		.byte	0x4
ARM GAS  C:\Users\Lenovo\AppData\Local\Temp\cc2HN0Qn.s 			page 76


 1196 0091 04       		.byte	0x4
 1197 0092 67010000 		.4byte	.LASF12
 1198 0096 02       		.uleb128 0x2
 1199 0097 08       		.byte	0x8
 1200 0098 04       		.byte	0x4
 1201 0099 A8090000 		.4byte	.LASF13
 1202 009d 02       		.uleb128 0x2
 1203 009e 01       		.byte	0x1
 1204 009f 08       		.byte	0x8
 1205 00a0 2F030000 		.4byte	.LASF14
 1206 00a4 04       		.uleb128 0x4
 1207 00a5 B5070000 		.4byte	.LASF15
 1208 00a9 02       		.byte	0x2
 1209 00aa 7402     		.2byte	0x274
 1210 00ac 48000000 		.4byte	0x48
 1211 00b0 04       		.uleb128 0x4
 1212 00b1 D1000000 		.4byte	.LASF16
 1213 00b5 02       		.byte	0x2
 1214 00b6 7C02     		.2byte	0x27c
 1215 00b8 BC000000 		.4byte	0xbc
 1216 00bc 05       		.uleb128 0x5
 1217 00bd 6B000000 		.4byte	0x6b
 1218 00c1 04       		.uleb128 0x4
 1219 00c2 50050000 		.4byte	.LASF17
 1220 00c6 02       		.byte	0x2
 1221 00c7 7E02     		.2byte	0x27e
 1222 00c9 CD000000 		.4byte	0xcd
 1223 00cd 05       		.uleb128 0x5
 1224 00ce 83000000 		.4byte	0x83
 1225 00d2 04       		.uleb128 0x4
 1226 00d3 B2040000 		.4byte	.LASF18
 1227 00d7 02       		.byte	0x2
 1228 00d8 8E02     		.2byte	0x28e
 1229 00da DE000000 		.4byte	0xde
 1230 00de 06       		.uleb128 0x6
 1231 00df 04       		.byte	0x4
 1232 00e0 E4000000 		.4byte	0xe4
 1233 00e4 07       		.uleb128 0x7
 1234 00e5 08       		.uleb128 0x8
 1235 00e6 0A080000 		.4byte	.LASF19
 1236 00ea 03       		.byte	0x3
 1237 00eb DD       		.byte	0xdd
 1238 00ec 77000000 		.4byte	0x77
 1239 00f0 08       		.uleb128 0x8
 1240 00f1 A4030000 		.4byte	.LASF20
 1241 00f5 03       		.byte	0x3
 1242 00f6 E1       		.byte	0xe1
 1243 00f7 6B000000 		.4byte	0x6b
 1244 00fb 09       		.uleb128 0x9
 1245 00fc 01       		.byte	0x1
 1246 00fd 2C000000 		.4byte	0x2c
 1247 0101 04       		.byte	0x4
 1248 0102 61       		.byte	0x61
 1249 0103 20010000 		.4byte	0x120
 1250 0107 0A       		.uleb128 0xa
 1251 0108 80000000 		.4byte	.LASF21
 1252 010c 00       		.byte	0
ARM GAS  C:\Users\Lenovo\AppData\Local\Temp\cc2HN0Qn.s 			page 77


 1253 010d 0A       		.uleb128 0xa
 1254 010e DA060000 		.4byte	.LASF22
 1255 0112 01       		.byte	0x1
 1256 0113 0A       		.uleb128 0xa
 1257 0114 13060000 		.4byte	.LASF23
 1258 0118 02       		.byte	0x2
 1259 0119 0A       		.uleb128 0xa
 1260 011a 33080000 		.4byte	.LASF24
 1261 011e 03       		.byte	0x3
 1262 011f 00       		.byte	0
 1263 0120 0B       		.uleb128 0xb
 1264 0121 0E       		.byte	0xe
 1265 0122 04       		.byte	0x4
 1266 0123 80       		.byte	0x80
 1267 0124 A1010000 		.4byte	0x1a1
 1268 0128 0C       		.uleb128 0xc
 1269 0129 79030000 		.4byte	.LASF25
 1270 012d 04       		.byte	0x4
 1271 012e 86       		.byte	0x86
 1272 012f 77000000 		.4byte	0x77
 1273 0133 00       		.byte	0
 1274 0134 0C       		.uleb128 0xc
 1275 0135 95070000 		.4byte	.LASF26
 1276 0139 04       		.byte	0x4
 1277 013a 8B       		.byte	0x8b
 1278 013b E5000000 		.4byte	0xe5
 1279 013f 02       		.byte	0x2
 1280 0140 0C       		.uleb128 0xc
 1281 0141 27030000 		.4byte	.LASF27
 1282 0145 04       		.byte	0x4
 1283 0146 90       		.byte	0x90
 1284 0147 6B000000 		.4byte	0x6b
 1285 014b 04       		.byte	0x4
 1286 014c 0C       		.uleb128 0xc
 1287 014d 9E040000 		.4byte	.LASF28
 1288 0151 04       		.byte	0x4
 1289 0152 95       		.byte	0x95
 1290 0153 6B000000 		.4byte	0x6b
 1291 0157 05       		.byte	0x5
 1292 0158 0C       		.uleb128 0xc
 1293 0159 EC020000 		.4byte	.LASF29
 1294 015d 04       		.byte	0x4
 1295 015e 9A       		.byte	0x9a
 1296 015f 6B000000 		.4byte	0x6b
 1297 0163 06       		.byte	0x6
 1298 0164 0C       		.uleb128 0xc
 1299 0165 1A040000 		.4byte	.LASF30
 1300 0169 04       		.byte	0x4
 1301 016a 9F       		.byte	0x9f
 1302 016b 6B000000 		.4byte	0x6b
 1303 016f 07       		.byte	0x7
 1304 0170 0C       		.uleb128 0xc
 1305 0171 10030000 		.4byte	.LASF31
 1306 0175 04       		.byte	0x4
 1307 0176 A5       		.byte	0xa5
 1308 0177 F0000000 		.4byte	0xf0
 1309 017b 08       		.byte	0x8
ARM GAS  C:\Users\Lenovo\AppData\Local\Temp\cc2HN0Qn.s 			page 78


 1310 017c 0C       		.uleb128 0xc
 1311 017d 28070000 		.4byte	.LASF32
 1312 0181 04       		.byte	0x4
 1313 0182 AC       		.byte	0xac
 1314 0183 A1010000 		.4byte	0x1a1
 1315 0187 09       		.byte	0x9
 1316 0188 0C       		.uleb128 0xc
 1317 0189 9C080000 		.4byte	.LASF33
 1318 018d 04       		.byte	0x4
 1319 018e B3       		.byte	0xb3
 1320 018f 77000000 		.4byte	0x77
 1321 0193 0A       		.byte	0xa
 1322 0194 0C       		.uleb128 0xc
 1323 0195 87050000 		.4byte	.LASF34
 1324 0199 04       		.byte	0x4
 1325 019a B8       		.byte	0xb8
 1326 019b 6B000000 		.4byte	0x6b
 1327 019f 0C       		.byte	0xc
 1328 01a0 00       		.byte	0
 1329 01a1 0D       		.uleb128 0xd
 1330 01a2 6B000000 		.4byte	0x6b
 1331 01a6 B1010000 		.4byte	0x1b1
 1332 01aa 0E       		.uleb128 0xe
 1333 01ab B1010000 		.4byte	0x1b1
 1334 01af 00       		.byte	0
 1335 01b0 00       		.byte	0
 1336 01b1 02       		.uleb128 0x2
 1337 01b2 04       		.byte	0x4
 1338 01b3 07       		.byte	0x7
 1339 01b4 F6060000 		.4byte	.LASF35
 1340 01b8 08       		.uleb128 0x8
 1341 01b9 BF040000 		.4byte	.LASF36
 1342 01bd 04       		.byte	0x4
 1343 01be B9       		.byte	0xb9
 1344 01bf 20010000 		.4byte	0x120
 1345 01c3 0B       		.uleb128 0xb
 1346 01c4 10       		.byte	0x10
 1347 01c5 04       		.byte	0x4
 1348 01c6 BE       		.byte	0xbe
 1349 01c7 50020000 		.4byte	0x250
 1350 01cb 0C       		.uleb128 0xc
 1351 01cc 79030000 		.4byte	.LASF25
 1352 01d0 04       		.byte	0x4
 1353 01d1 C4       		.byte	0xc4
 1354 01d2 77000000 		.4byte	0x77
 1355 01d6 00       		.byte	0
 1356 01d7 0C       		.uleb128 0xc
 1357 01d8 95070000 		.4byte	.LASF26
 1358 01dc 04       		.byte	0x4
 1359 01dd C9       		.byte	0xc9
 1360 01de E5000000 		.4byte	0xe5
 1361 01e2 02       		.byte	0x2
 1362 01e3 0C       		.uleb128 0xc
 1363 01e4 27030000 		.4byte	.LASF27
 1364 01e8 04       		.byte	0x4
 1365 01e9 CE       		.byte	0xce
 1366 01ea 6B000000 		.4byte	0x6b
ARM GAS  C:\Users\Lenovo\AppData\Local\Temp\cc2HN0Qn.s 			page 79


 1367 01ee 04       		.byte	0x4
 1368 01ef 0C       		.uleb128 0xc
 1369 01f0 9E040000 		.4byte	.LASF28
 1370 01f4 04       		.byte	0x4
 1371 01f5 D3       		.byte	0xd3
 1372 01f6 6B000000 		.4byte	0x6b
 1373 01fa 05       		.byte	0x5
 1374 01fb 0C       		.uleb128 0xc
 1375 01fc EC020000 		.4byte	.LASF29
 1376 0200 04       		.byte	0x4
 1377 0201 D8       		.byte	0xd8
 1378 0202 6B000000 		.4byte	0x6b
 1379 0206 06       		.byte	0x6
 1380 0207 0C       		.uleb128 0xc
 1381 0208 1A040000 		.4byte	.LASF30
 1382 020c 04       		.byte	0x4
 1383 020d DD       		.byte	0xdd
 1384 020e 6B000000 		.4byte	0x6b
 1385 0212 07       		.byte	0x7
 1386 0213 0C       		.uleb128 0xc
 1387 0214 10030000 		.4byte	.LASF31
 1388 0218 04       		.byte	0x4
 1389 0219 E3       		.byte	0xe3
 1390 021a F0000000 		.4byte	0xf0
 1391 021e 08       		.byte	0x8
 1392 021f 0C       		.uleb128 0xc
 1393 0220 28070000 		.4byte	.LASF32
 1394 0224 04       		.byte	0x4
 1395 0225 EA       		.byte	0xea
 1396 0226 A1010000 		.4byte	0x1a1
 1397 022a 09       		.byte	0x9
 1398 022b 0C       		.uleb128 0xc
 1399 022c 9C080000 		.4byte	.LASF33
 1400 0230 04       		.byte	0x4
 1401 0231 F1       		.byte	0xf1
 1402 0232 77000000 		.4byte	0x77
 1403 0236 0A       		.byte	0xa
 1404 0237 0C       		.uleb128 0xc
 1405 0238 87050000 		.4byte	.LASF34
 1406 023c 04       		.byte	0x4
 1407 023d F6       		.byte	0xf6
 1408 023e 6B000000 		.4byte	0x6b
 1409 0242 0C       		.byte	0xc
 1410 0243 0C       		.uleb128 0xc
 1411 0244 500A0000 		.4byte	.LASF37
 1412 0248 04       		.byte	0x4
 1413 0249 FB       		.byte	0xfb
 1414 024a 50020000 		.4byte	0x250
 1415 024e 0E       		.byte	0xe
 1416 024f 00       		.byte	0
 1417 0250 0D       		.uleb128 0xd
 1418 0251 77000000 		.4byte	0x77
 1419 0255 60020000 		.4byte	0x260
 1420 0259 0E       		.uleb128 0xe
 1421 025a B1010000 		.4byte	0x1b1
 1422 025e 00       		.byte	0
 1423 025f 00       		.byte	0
ARM GAS  C:\Users\Lenovo\AppData\Local\Temp\cc2HN0Qn.s 			page 80


 1424 0260 08       		.uleb128 0x8
 1425 0261 BC060000 		.4byte	.LASF38
 1426 0265 04       		.byte	0x4
 1427 0266 FC       		.byte	0xfc
 1428 0267 C3010000 		.4byte	0x1c3
 1429 026b 0F       		.uleb128 0xf
 1430 026c 10       		.byte	0x10
 1431 026d 04       		.byte	0x4
 1432 026e 0201     		.2byte	0x102
 1433 0270 82020000 		.4byte	0x282
 1434 0274 10       		.uleb128 0x10
 1435 0275 56080000 		.4byte	.LASF39
 1436 0279 04       		.byte	0x4
 1437 027a 0701     		.2byte	0x107
 1438 027c 60020000 		.4byte	0x260
 1439 0280 00       		.byte	0
 1440 0281 00       		.byte	0
 1441 0282 04       		.uleb128 0x4
 1442 0283 11010000 		.4byte	.LASF40
 1443 0287 04       		.byte	0x4
 1444 0288 0801     		.2byte	0x108
 1445 028a 6B020000 		.4byte	0x26b
 1446 028e 0F       		.uleb128 0xf
 1447 028f 0A       		.byte	0xa
 1448 0290 04       		.byte	0x4
 1449 0291 0E01     		.2byte	0x10e
 1450 0293 D9020000 		.4byte	0x2d9
 1451 0297 11       		.uleb128 0x11
 1452 0298 72617700 		.ascii	"raw\000"
 1453 029c 04       		.byte	0x4
 1454 029d 1301     		.2byte	0x113
 1455 029f 50020000 		.4byte	0x250
 1456 02a3 00       		.byte	0
 1457 02a4 10       		.uleb128 0x10
 1458 02a5 F3080000 		.4byte	.LASF41
 1459 02a9 04       		.byte	0x4
 1460 02aa 1801     		.2byte	0x118
 1461 02ac 50020000 		.4byte	0x250
 1462 02b0 02       		.byte	0x2
 1463 02b1 10       		.uleb128 0x10
 1464 02b2 9E070000 		.4byte	.LASF42
 1465 02b6 04       		.byte	0x4
 1466 02b7 1E01     		.2byte	0x11e
 1467 02b9 A1010000 		.4byte	0x1a1
 1468 02bd 04       		.byte	0x4
 1469 02be 10       		.uleb128 0x10
 1470 02bf 05060000 		.4byte	.LASF43
 1471 02c3 04       		.byte	0x4
 1472 02c4 2301     		.2byte	0x123
 1473 02c6 E5000000 		.4byte	0xe5
 1474 02ca 06       		.byte	0x6
 1475 02cb 10       		.uleb128 0x10
 1476 02cc AF090000 		.4byte	.LASF44
 1477 02d0 04       		.byte	0x4
 1478 02d1 2801     		.2byte	0x128
 1479 02d3 D9020000 		.4byte	0x2d9
 1480 02d7 08       		.byte	0x8
ARM GAS  C:\Users\Lenovo\AppData\Local\Temp\cc2HN0Qn.s 			page 81


 1481 02d8 00       		.byte	0
 1482 02d9 0D       		.uleb128 0xd
 1483 02da F0000000 		.4byte	0xf0
 1484 02de E9020000 		.4byte	0x2e9
 1485 02e2 0E       		.uleb128 0xe
 1486 02e3 B1010000 		.4byte	0x1b1
 1487 02e7 00       		.byte	0
 1488 02e8 00       		.byte	0
 1489 02e9 04       		.uleb128 0x4
 1490 02ea AD020000 		.4byte	.LASF45
 1491 02ee 04       		.byte	0x4
 1492 02ef 2901     		.2byte	0x129
 1493 02f1 8E020000 		.4byte	0x28e
 1494 02f5 0F       		.uleb128 0xf
 1495 02f6 32       		.byte	0x32
 1496 02f7 04       		.byte	0x4
 1497 02f8 2F01     		.2byte	0x12f
 1498 02fa 0C030000 		.4byte	0x30c
 1499 02fe 10       		.uleb128 0x10
 1500 02ff 56080000 		.4byte	.LASF39
 1501 0303 04       		.byte	0x4
 1502 0304 3401     		.2byte	0x134
 1503 0306 0C030000 		.4byte	0x30c
 1504 030a 00       		.byte	0
 1505 030b 00       		.byte	0
 1506 030c 0D       		.uleb128 0xd
 1507 030d E9020000 		.4byte	0x2e9
 1508 0311 1C030000 		.4byte	0x31c
 1509 0315 0E       		.uleb128 0xe
 1510 0316 B1010000 		.4byte	0x1b1
 1511 031a 04       		.byte	0x4
 1512 031b 00       		.byte	0
 1513 031c 04       		.uleb128 0x4
 1514 031d 590A0000 		.4byte	.LASF46
 1515 0321 04       		.byte	0x4
 1516 0322 3501     		.2byte	0x135
 1517 0324 F5020000 		.4byte	0x2f5
 1518 0328 0F       		.uleb128 0xf
 1519 0329 64       		.byte	0x64
 1520 032a 04       		.byte	0x4
 1521 032b 3B01     		.2byte	0x13b
 1522 032d 02040000 		.4byte	0x402
 1523 0331 10       		.uleb128 0x10
 1524 0332 69050000 		.4byte	.LASF47
 1525 0336 04       		.byte	0x4
 1526 0337 4101     		.2byte	0x141
 1527 0339 77000000 		.4byte	0x77
 1528 033d 00       		.byte	0
 1529 033e 10       		.uleb128 0x10
 1530 033f EF090000 		.4byte	.LASF48
 1531 0343 04       		.byte	0x4
 1532 0344 4601     		.2byte	0x146
 1533 0346 77000000 		.4byte	0x77
 1534 034a 02       		.byte	0x2
 1535 034b 10       		.uleb128 0x10
 1536 034c 0A060000 		.4byte	.LASF49
 1537 0350 04       		.byte	0x4
ARM GAS  C:\Users\Lenovo\AppData\Local\Temp\cc2HN0Qn.s 			page 82


 1538 0351 4C01     		.2byte	0x14c
 1539 0353 77000000 		.4byte	0x77
 1540 0357 04       		.byte	0x4
 1541 0358 10       		.uleb128 0x10
 1542 0359 A2000000 		.4byte	.LASF50
 1543 035d 04       		.byte	0x4
 1544 035e 5101     		.2byte	0x151
 1545 0360 77000000 		.4byte	0x77
 1546 0364 06       		.byte	0x6
 1547 0365 10       		.uleb128 0x10
 1548 0366 84030000 		.4byte	.LASF51
 1549 036a 04       		.byte	0x4
 1550 036b 5601     		.2byte	0x156
 1551 036d 83000000 		.4byte	0x83
 1552 0371 08       		.byte	0x8
 1553 0372 10       		.uleb128 0x10
 1554 0373 FA050000 		.4byte	.LASF52
 1555 0377 04       		.byte	0x4
 1556 0378 5B01     		.2byte	0x15b
 1557 037a 02040000 		.4byte	0x402
 1558 037e 0C       		.byte	0xc
 1559 037f 10       		.uleb128 0x10
 1560 0380 77060000 		.4byte	.LASF53
 1561 0384 04       		.byte	0x4
 1562 0385 6001     		.2byte	0x160
 1563 0387 02040000 		.4byte	0x402
 1564 038b 10       		.byte	0x10
 1565 038c 10       		.uleb128 0x10
 1566 038d 7D050000 		.4byte	.LASF54
 1567 0391 04       		.byte	0x4
 1568 0392 6E01     		.2byte	0x16e
 1569 0394 A1010000 		.4byte	0x1a1
 1570 0398 14       		.byte	0x14
 1571 0399 10       		.uleb128 0x10
 1572 039a A7040000 		.4byte	.LASF55
 1573 039e 04       		.byte	0x4
 1574 039f 7301     		.2byte	0x173
 1575 03a1 77000000 		.4byte	0x77
 1576 03a5 16       		.byte	0x16
 1577 03a6 10       		.uleb128 0x10
 1578 03a7 A3020000 		.4byte	.LASF56
 1579 03ab 04       		.byte	0x4
 1580 03ac 7801     		.2byte	0x178
 1581 03ae 6B000000 		.4byte	0x6b
 1582 03b2 18       		.byte	0x18
 1583 03b3 10       		.uleb128 0x10
 1584 03b4 35040000 		.4byte	.LASF57
 1585 03b8 04       		.byte	0x4
 1586 03b9 7D01     		.2byte	0x17d
 1587 03bb 82020000 		.4byte	0x282
 1588 03bf 1A       		.byte	0x1a
 1589 03c0 10       		.uleb128 0x10
 1590 03c1 A6010000 		.4byte	.LASF58
 1591 03c5 04       		.byte	0x4
 1592 03c6 8201     		.2byte	0x182
 1593 03c8 1C030000 		.4byte	0x31c
 1594 03cc 2A       		.byte	0x2a
ARM GAS  C:\Users\Lenovo\AppData\Local\Temp\cc2HN0Qn.s 			page 83


 1595 03cd 10       		.uleb128 0x10
 1596 03ce 70000000 		.4byte	.LASF59
 1597 03d2 04       		.byte	0x4
 1598 03d3 8701     		.2byte	0x187
 1599 03d5 6B000000 		.4byte	0x6b
 1600 03d9 5C       		.byte	0x5c
 1601 03da 10       		.uleb128 0x10
 1602 03db F3010000 		.4byte	.LASF60
 1603 03df 04       		.byte	0x4
 1604 03e0 8C01     		.2byte	0x18c
 1605 03e2 6B000000 		.4byte	0x6b
 1606 03e6 5D       		.byte	0x5d
 1607 03e7 10       		.uleb128 0x10
 1608 03e8 56050000 		.4byte	.LASF61
 1609 03ec 04       		.byte	0x4
 1610 03ed 9101     		.2byte	0x191
 1611 03ef 77000000 		.4byte	0x77
 1612 03f3 5E       		.byte	0x5e
 1613 03f4 10       		.uleb128 0x10
 1614 03f5 8E040000 		.4byte	.LASF62
 1615 03f9 04       		.byte	0x4
 1616 03fa 9601     		.2byte	0x196
 1617 03fc 50020000 		.4byte	0x250
 1618 0400 60       		.byte	0x60
 1619 0401 00       		.byte	0
 1620 0402 0D       		.uleb128 0xd
 1621 0403 83000000 		.4byte	0x83
 1622 0407 12040000 		.4byte	0x412
 1623 040b 0E       		.uleb128 0xe
 1624 040c B1010000 		.4byte	0x1b1
 1625 0410 00       		.byte	0
 1626 0411 00       		.byte	0
 1627 0412 04       		.uleb128 0x4
 1628 0413 C3050000 		.4byte	.LASF63
 1629 0417 04       		.byte	0x4
 1630 0418 9701     		.2byte	0x197
 1631 041a 28030000 		.4byte	0x328
 1632 041e 0F       		.uleb128 0xf
 1633 041f 1C       		.byte	0x1c
 1634 0420 04       		.byte	0x4
 1635 0421 9D01     		.2byte	0x19d
 1636 0423 9D040000 		.4byte	0x49d
 1637 0427 10       		.uleb128 0x10
 1638 0428 DB040000 		.4byte	.LASF64
 1639 042c 04       		.byte	0x4
 1640 042d A201     		.2byte	0x1a2
 1641 042f 9D040000 		.4byte	0x49d
 1642 0433 00       		.byte	0
 1643 0434 10       		.uleb128 0x10
 1644 0435 E5030000 		.4byte	.LASF65
 1645 0439 04       		.byte	0x4
 1646 043a A701     		.2byte	0x1a7
 1647 043c 9D040000 		.4byte	0x49d
 1648 0440 04       		.byte	0x4
 1649 0441 10       		.uleb128 0x10
 1650 0442 DF020000 		.4byte	.LASF66
 1651 0446 04       		.byte	0x4
ARM GAS  C:\Users\Lenovo\AppData\Local\Temp\cc2HN0Qn.s 			page 84


 1652 0447 AC01     		.2byte	0x1ac
 1653 0449 9D040000 		.4byte	0x49d
 1654 044d 08       		.byte	0x8
 1655 044e 10       		.uleb128 0x10
 1656 044f 2F060000 		.4byte	.LASF67
 1657 0453 04       		.byte	0x4
 1658 0454 B101     		.2byte	0x1b1
 1659 0456 9D040000 		.4byte	0x49d
 1660 045a 0C       		.byte	0xc
 1661 045b 10       		.uleb128 0x10
 1662 045c 86080000 		.4byte	.LASF68
 1663 0460 04       		.byte	0x4
 1664 0461 B601     		.2byte	0x1b6
 1665 0463 83000000 		.4byte	0x83
 1666 0467 10       		.byte	0x10
 1667 0468 10       		.uleb128 0x10
 1668 0469 10050000 		.4byte	.LASF69
 1669 046d 04       		.byte	0x4
 1670 046e BB01     		.2byte	0x1bb
 1671 0470 83000000 		.4byte	0x83
 1672 0474 14       		.byte	0x14
 1673 0475 10       		.uleb128 0x10
 1674 0476 4A030000 		.4byte	.LASF70
 1675 047a 04       		.byte	0x4
 1676 047b C001     		.2byte	0x1c0
 1677 047d 6B000000 		.4byte	0x6b
 1678 0481 18       		.byte	0x18
 1679 0482 10       		.uleb128 0x10
 1680 0483 FF060000 		.4byte	.LASF71
 1681 0487 04       		.byte	0x4
 1682 0488 C501     		.2byte	0x1c5
 1683 048a 6B000000 		.4byte	0x6b
 1684 048e 19       		.byte	0x19
 1685 048f 10       		.uleb128 0x10
 1686 0490 6D010000 		.4byte	.LASF72
 1687 0494 04       		.byte	0x4
 1688 0495 CA01     		.2byte	0x1ca
 1689 0497 6B000000 		.4byte	0x6b
 1690 049b 1A       		.byte	0x1a
 1691 049c 00       		.byte	0
 1692 049d 06       		.uleb128 0x6
 1693 049e 04       		.byte	0x4
 1694 049f C1000000 		.4byte	0xc1
 1695 04a3 04       		.uleb128 0x4
 1696 04a4 DA010000 		.4byte	.LASF73
 1697 04a8 04       		.byte	0x4
 1698 04a9 CB01     		.2byte	0x1cb
 1699 04ab 1E040000 		.4byte	0x41e
 1700 04af 0F       		.uleb128 0xf
 1701 04b0 24       		.byte	0x24
 1702 04b1 04       		.byte	0x4
 1703 04b2 F601     		.2byte	0x1f6
 1704 04b4 55050000 		.4byte	0x555
 1705 04b8 10       		.uleb128 0x10
 1706 04b9 95090000 		.4byte	.LASF74
 1707 04bd 04       		.byte	0x4
 1708 04be FF01     		.2byte	0x1ff
ARM GAS  C:\Users\Lenovo\AppData\Local\Temp\cc2HN0Qn.s 			page 85


 1709 04c0 55050000 		.4byte	0x555
 1710 04c4 00       		.byte	0
 1711 04c5 10       		.uleb128 0x10
 1712 04c6 FE070000 		.4byte	.LASF75
 1713 04ca 04       		.byte	0x4
 1714 04cb 0502     		.2byte	0x205
 1715 04cd 5C050000 		.4byte	0x55c
 1716 04d1 04       		.byte	0x4
 1717 04d2 10       		.uleb128 0x10
 1718 04d3 72050000 		.4byte	.LASF76
 1719 04d7 04       		.byte	0x4
 1720 04d8 0B02     		.2byte	0x20b
 1721 04da 5E050000 		.4byte	0x55e
 1722 04de 08       		.byte	0x8
 1723 04df 10       		.uleb128 0x10
 1724 04e0 EB040000 		.4byte	.LASF77
 1725 04e4 04       		.byte	0x4
 1726 04e5 1002     		.2byte	0x210
 1727 04e7 5C050000 		.4byte	0x55c
 1728 04eb 0C       		.byte	0xc
 1729 04ec 10       		.uleb128 0x10
 1730 04ed 45070000 		.4byte	.LASF78
 1731 04f1 04       		.byte	0x4
 1732 04f2 1702     		.2byte	0x217
 1733 04f4 64050000 		.4byte	0x564
 1734 04f8 10       		.byte	0x10
 1735 04f9 10       		.uleb128 0x10
 1736 04fa EB070000 		.4byte	.LASF79
 1737 04fe 04       		.byte	0x4
 1738 04ff 1C02     		.2byte	0x21c
 1739 0501 77000000 		.4byte	0x77
 1740 0505 14       		.byte	0x14
 1741 0506 10       		.uleb128 0x10
 1742 0507 1B030000 		.4byte	.LASF80
 1743 050b 04       		.byte	0x4
 1744 050c 2302     		.2byte	0x223
 1745 050e 77000000 		.4byte	0x77
 1746 0512 16       		.byte	0x16
 1747 0513 10       		.uleb128 0x10
 1748 0514 03020000 		.4byte	.LASF81
 1749 0518 04       		.byte	0x4
 1750 0519 2E02     		.2byte	0x22e
 1751 051b 6B000000 		.4byte	0x6b
 1752 051f 18       		.byte	0x18
 1753 0520 10       		.uleb128 0x10
 1754 0521 F9030000 		.4byte	.LASF82
 1755 0525 04       		.byte	0x4
 1756 0526 3602     		.2byte	0x236
 1757 0528 6B000000 		.4byte	0x6b
 1758 052c 19       		.byte	0x19
 1759 052d 10       		.uleb128 0x10
 1760 052e 94050000 		.4byte	.LASF83
 1761 0532 04       		.byte	0x4
 1762 0533 3C02     		.2byte	0x23c
 1763 0535 77000000 		.4byte	0x77
 1764 0539 1A       		.byte	0x1a
 1765 053a 10       		.uleb128 0x10
ARM GAS  C:\Users\Lenovo\AppData\Local\Temp\cc2HN0Qn.s 			page 86


 1766 053b 81070000 		.4byte	.LASF84
 1767 053f 04       		.byte	0x4
 1768 0540 4502     		.2byte	0x245
 1769 0542 83000000 		.4byte	0x83
 1770 0546 1C       		.byte	0x1c
 1771 0547 10       		.uleb128 0x10
 1772 0548 A6070000 		.4byte	.LASF85
 1773 054c 04       		.byte	0x4
 1774 054d 4A02     		.2byte	0x24a
 1775 054f 5C050000 		.4byte	0x55c
 1776 0553 20       		.byte	0x20
 1777 0554 00       		.byte	0
 1778 0555 06       		.uleb128 0x6
 1779 0556 04       		.byte	0x4
 1780 0557 5B050000 		.4byte	0x55b
 1781 055b 12       		.uleb128 0x12
 1782 055c 13       		.uleb128 0x13
 1783 055d 04       		.byte	0x4
 1784 055e 06       		.uleb128 0x6
 1785 055f 04       		.byte	0x4
 1786 0560 E9020000 		.4byte	0x2e9
 1787 0564 06       		.uleb128 0x6
 1788 0565 04       		.byte	0x4
 1789 0566 6B000000 		.4byte	0x6b
 1790 056a 04       		.uleb128 0x4
 1791 056b F7020000 		.4byte	.LASF86
 1792 056f 04       		.byte	0x4
 1793 0570 4B02     		.2byte	0x24b
 1794 0572 AF040000 		.4byte	0x4af
 1795 0576 0F       		.uleb128 0xf
 1796 0577 24       		.byte	0x24
 1797 0578 04       		.byte	0x4
 1798 0579 5102     		.2byte	0x251
 1799 057b 8D050000 		.4byte	0x58d
 1800 057f 10       		.uleb128 0x10
 1801 0580 760A0000 		.4byte	.LASF87
 1802 0584 04       		.byte	0x4
 1803 0585 5602     		.2byte	0x256
 1804 0587 8D050000 		.4byte	0x58d
 1805 058b 00       		.byte	0
 1806 058c 00       		.byte	0
 1807 058d 0D       		.uleb128 0xd
 1808 058e 6A050000 		.4byte	0x56a
 1809 0592 9D050000 		.4byte	0x59d
 1810 0596 0E       		.uleb128 0xe
 1811 0597 B1010000 		.4byte	0x1b1
 1812 059b 00       		.byte	0
 1813 059c 00       		.byte	0
 1814 059d 04       		.uleb128 0x4
 1815 059e 5B040000 		.4byte	.LASF88
 1816 05a2 04       		.byte	0x4
 1817 05a3 5702     		.2byte	0x257
 1818 05a5 76050000 		.4byte	0x576
 1819 05a9 02       		.uleb128 0x2
 1820 05aa 08       		.byte	0x8
 1821 05ab 04       		.byte	0x4
 1822 05ac 44050000 		.4byte	.LASF89
ARM GAS  C:\Users\Lenovo\AppData\Local\Temp\cc2HN0Qn.s 			page 87


 1823 05b0 14       		.uleb128 0x14
 1824 05b1 5C030000 		.4byte	.LASF90
 1825 05b5 01       		.byte	0x1
 1826 05b6 D808     		.2byte	0x8d8
 1827 05b8 00000000 		.4byte	.LFB16
 1828 05bc 20000000 		.4byte	.LFE16-.LFB16
 1829 05c0 01       		.uleb128 0x1
 1830 05c1 9C       		.byte	0x9c
 1831 05c2 D7050000 		.4byte	0x5d7
 1832 05c6 15       		.uleb128 0x15
 1833 05c7 CC070000 		.4byte	.LASF92
 1834 05cb 01       		.byte	0x1
 1835 05cc DA08     		.2byte	0x8da
 1836 05ce 83000000 		.4byte	0x83
 1837 05d2 00000000 		.4byte	.LLST0
 1838 05d6 00       		.byte	0
 1839 05d7 14       		.uleb128 0x14
 1840 05d8 55070000 		.4byte	.LASF91
 1841 05dc 01       		.byte	0x1
 1842 05dd 2209     		.2byte	0x922
 1843 05df 00000000 		.4byte	.LFB17
 1844 05e3 08000000 		.4byte	.LFE17-.LFB17
 1845 05e7 01       		.uleb128 0x1
 1846 05e8 9C       		.byte	0x9c
 1847 05e9 F7050000 		.4byte	0x5f7
 1848 05ed 16       		.uleb128 0x16
 1849 05ee 06000000 		.4byte	.LVL2
 1850 05f2 B0050000 		.4byte	0x5b0
 1851 05f6 00       		.byte	0
 1852 05f7 17       		.uleb128 0x17
 1853 05f8 E0000000 		.4byte	.LASF156
 1854 05fc 01       		.byte	0x1
 1855 05fd 2101     		.2byte	0x121
 1856 05ff 83000000 		.4byte	0x83
 1857 0603 00000000 		.4byte	.LFB2
 1858 0607 10000000 		.4byte	.LFE2-.LFB2
 1859 060b 01       		.uleb128 0x1
 1860 060c 9C       		.byte	0x9c
 1861 060d 18       		.uleb128 0x18
 1862 060e 35060000 		.4byte	.LASF94
 1863 0612 01       		.byte	0x1
 1864 0613 5101     		.2byte	0x151
 1865 0615 A4000000 		.4byte	0xa4
 1866 0619 00000000 		.4byte	.LFB3
 1867 061d 44000000 		.4byte	.LFE3-.LFB3
 1868 0621 01       		.uleb128 0x1
 1869 0622 9C       		.byte	0x9c
 1870 0623 51060000 		.4byte	0x651
 1871 0627 19       		.uleb128 0x19
 1872 0628 050A0000 		.4byte	.LASF99
 1873 062c 01       		.byte	0x1
 1874 062d 5101     		.2byte	0x151
 1875 062f 83000000 		.4byte	0x83
 1876 0633 1E000000 		.4byte	.LLST1
 1877 0637 15       		.uleb128 0x15
 1878 0638 F8090000 		.4byte	.LASF93
 1879 063c 01       		.byte	0x1
ARM GAS  C:\Users\Lenovo\AppData\Local\Temp\cc2HN0Qn.s 			page 88


 1880 063d 5301     		.2byte	0x153
 1881 063f A4000000 		.4byte	0xa4
 1882 0643 3F000000 		.4byte	.LLST2
 1883 0647 16       		.uleb128 0x16
 1884 0648 3A000000 		.4byte	.LVL5
 1885 064c 4E0C0000 		.4byte	0xc4e
 1886 0650 00       		.byte	0
 1887 0651 18       		.uleb128 0x18
 1888 0652 71040000 		.4byte	.LASF95
 1889 0656 01       		.byte	0x1
 1890 0657 AF01     		.2byte	0x1af
 1891 0659 A4000000 		.4byte	0xa4
 1892 065d 00000000 		.4byte	.LFB4
 1893 0661 1C000000 		.4byte	.LFE4-.LFB4
 1894 0665 01       		.uleb128 0x1
 1895 0666 9C       		.byte	0x9c
 1896 0667 85060000 		.4byte	0x685
 1897 066b 15       		.uleb128 0x15
 1898 066c 30000000 		.4byte	.LASF96
 1899 0670 01       		.byte	0x1
 1900 0671 B101     		.2byte	0x1b1
 1901 0673 A4000000 		.4byte	0xa4
 1902 0677 5D000000 		.4byte	.LLST3
 1903 067b 16       		.uleb128 0x16
 1904 067c 0E000000 		.4byte	.LVL8
 1905 0680 590C0000 		.4byte	0xc59
 1906 0684 00       		.byte	0
 1907 0685 18       		.uleb128 0x18
 1908 0686 6E080000 		.4byte	.LASF97
 1909 068a 01       		.byte	0x1
 1910 068b FB01     		.2byte	0x1fb
 1911 068d A4000000 		.4byte	0xa4
 1912 0691 00000000 		.4byte	.LFB5
 1913 0695 3C000000 		.4byte	.LFE5-.LFB5
 1914 0699 01       		.uleb128 0x1
 1915 069a 9C       		.byte	0x9c
 1916 069b DD060000 		.4byte	0x6dd
 1917 069f 15       		.uleb128 0x15
 1918 06a0 30000000 		.4byte	.LASF96
 1919 06a4 01       		.byte	0x1
 1920 06a5 FD01     		.2byte	0x1fd
 1921 06a7 A4000000 		.4byte	0xa4
 1922 06ab 7C000000 		.4byte	.LLST4
 1923 06af 15       		.uleb128 0x15
 1924 06b0 31050000 		.4byte	.LASF98
 1925 06b4 01       		.byte	0x1
 1926 06b5 FF01     		.2byte	0x1ff
 1927 06b7 83000000 		.4byte	0x83
 1928 06bb CA000000 		.4byte	.LLST5
 1929 06bf 1A       		.uleb128 0x1a
 1930 06c0 18000000 		.4byte	.LVL13
 1931 06c4 0D060000 		.4byte	0x60d
 1932 06c8 D3060000 		.4byte	0x6d3
 1933 06cc 1B       		.uleb128 0x1b
 1934 06cd 01       		.uleb128 0x1
 1935 06ce 50       		.byte	0x50
 1936 06cf 02       		.uleb128 0x2
ARM GAS  C:\Users\Lenovo\AppData\Local\Temp\cc2HN0Qn.s 			page 89


 1937 06d0 74       		.byte	0x74
 1938 06d1 00       		.sleb128 0
 1939 06d2 00       		.byte	0
 1940 06d3 16       		.uleb128 0x16
 1941 06d4 26000000 		.4byte	.LVL14
 1942 06d8 51060000 		.4byte	0x651
 1943 06dc 00       		.byte	0
 1944 06dd 1C       		.uleb128 0x1c
 1945 06de D6070000 		.4byte	.LASF106
 1946 06e2 01       		.byte	0x1
 1947 06e3 ED02     		.2byte	0x2ed
 1948 06e5 00000000 		.4byte	.LFB7
 1949 06e9 A0000000 		.4byte	.LFE7-.LFB7
 1950 06ed 01       		.uleb128 0x1
 1951 06ee 9C       		.byte	0x9c
 1952 06ef A7070000 		.4byte	0x7a7
 1953 06f3 19       		.uleb128 0x19
 1954 06f4 050A0000 		.4byte	.LASF99
 1955 06f8 01       		.byte	0x1
 1956 06f9 ED02     		.2byte	0x2ed
 1957 06fb 83000000 		.4byte	0x83
 1958 06ff DD000000 		.4byte	.LLST6
 1959 0703 19       		.uleb128 0x19
 1960 0704 22000000 		.4byte	.LASF100
 1961 0708 01       		.byte	0x1
 1962 0709 ED02     		.2byte	0x2ed
 1963 070b 83000000 		.4byte	0x83
 1964 070f FE000000 		.4byte	.LLST7
 1965 0713 19       		.uleb128 0x19
 1966 0714 50080000 		.4byte	.LASF101
 1967 0718 01       		.byte	0x1
 1968 0719 ED02     		.2byte	0x2ed
 1969 071b 83000000 		.4byte	0x83
 1970 071f 1F010000 		.4byte	.LLST8
 1971 0723 1D       		.uleb128 0x1d
 1972 0724 2D010000 		.4byte	.LASF102
 1973 0728 01       		.byte	0x1
 1974 0729 EF02     		.2byte	0x2ef
 1975 072b 83000000 		.4byte	0x83
 1976 072f 01       		.byte	0x1
 1977 0730 15       		.uleb128 0x15
 1978 0731 64080000 		.4byte	.LASF103
 1979 0735 01       		.byte	0x1
 1980 0736 F002     		.2byte	0x2f0
 1981 0738 83000000 		.4byte	0x83
 1982 073c 4B010000 		.4byte	.LLST9
 1983 0740 15       		.uleb128 0x15
 1984 0741 C2000000 		.4byte	.LASF104
 1985 0745 01       		.byte	0x1
 1986 0746 F102     		.2byte	0x2f1
 1987 0748 6B000000 		.4byte	0x6b
 1988 074c 6A010000 		.4byte	.LLST10
 1989 0750 15       		.uleb128 0x15
 1990 0751 F8070000 		.4byte	.LASF105
 1991 0755 01       		.byte	0x1
 1992 0756 F202     		.2byte	0x2f2
 1993 0758 A7070000 		.4byte	0x7a7
ARM GAS  C:\Users\Lenovo\AppData\Local\Temp\cc2HN0Qn.s 			page 90


 1994 075c 93010000 		.4byte	.LLST11
 1995 0760 16       		.uleb128 0x16
 1996 0761 1E000000 		.4byte	.LVL24
 1997 0765 640C0000 		.4byte	0xc64
 1998 0769 16       		.uleb128 0x16
 1999 076a 3E000000 		.4byte	.LVL25
 2000 076e 6F0C0000 		.4byte	0xc6f
 2001 0772 16       		.uleb128 0x16
 2002 0773 50000000 		.4byte	.LVL26
 2003 0777 640C0000 		.4byte	0xc64
 2004 077b 16       		.uleb128 0x16
 2005 077c 70000000 		.4byte	.LVL27
 2006 0780 6F0C0000 		.4byte	0xc6f
 2007 0784 16       		.uleb128 0x16
 2008 0785 76000000 		.4byte	.LVL28
 2009 0789 640C0000 		.4byte	0xc64
 2010 078d 16       		.uleb128 0x16
 2011 078e 88000000 		.4byte	.LVL29
 2012 0792 6F0C0000 		.4byte	0xc6f
 2013 0796 1E       		.uleb128 0x1e
 2014 0797 90000000 		.4byte	.LVL30
 2015 079b 7A0C0000 		.4byte	0xc7a
 2016 079f 1B       		.uleb128 0x1b
 2017 07a0 01       		.uleb128 0x1
 2018 07a1 50       		.byte	0x50
 2019 07a2 02       		.uleb128 0x2
 2020 07a3 74       		.byte	0x74
 2021 07a4 00       		.sleb128 0
 2022 07a5 00       		.byte	0
 2023 07a6 00       		.byte	0
 2024 07a7 06       		.uleb128 0x6
 2025 07a8 04       		.byte	0x4
 2026 07a9 AD070000 		.4byte	0x7ad
 2027 07ad 1F       		.uleb128 0x1f
 2028 07ae A3040000 		.4byte	0x4a3
 2029 07b2 1C       		.uleb128 0x1c
 2030 07b3 3B000000 		.4byte	.LASF107
 2031 07b7 01       		.byte	0x1
 2032 07b8 1F04     		.2byte	0x41f
 2033 07ba 00000000 		.4byte	.LFB8
 2034 07be 40000000 		.4byte	.LFE8-.LFB8
 2035 07c2 01       		.uleb128 0x1
 2036 07c3 9C       		.byte	0x9c
 2037 07c4 F9070000 		.4byte	0x7f9
 2038 07c8 15       		.uleb128 0x15
 2039 07c9 F8070000 		.4byte	.LASF105
 2040 07cd 01       		.byte	0x1
 2041 07ce 2104     		.2byte	0x421
 2042 07d0 A7070000 		.4byte	0x7a7
 2043 07d4 A6010000 		.4byte	.LLST12
 2044 07d8 15       		.uleb128 0x15
 2045 07d9 5D010000 		.4byte	.LASF108
 2046 07dd 01       		.byte	0x1
 2047 07de 2204     		.2byte	0x422
 2048 07e0 83000000 		.4byte	0x83
 2049 07e4 B9010000 		.4byte	.LLST13
 2050 07e8 15       		.uleb128 0x15
ARM GAS  C:\Users\Lenovo\AppData\Local\Temp\cc2HN0Qn.s 			page 91


 2051 07e9 B9000000 		.4byte	.LASF109
 2052 07ed 01       		.byte	0x1
 2053 07ee 2304     		.2byte	0x423
 2054 07f0 83000000 		.4byte	0x83
 2055 07f4 D8010000 		.4byte	.LLST14
 2056 07f8 00       		.byte	0
 2057 07f9 20       		.uleb128 0x20
 2058 07fa 77090000 		.4byte	.LASF157
 2059 07fe 01       		.byte	0x1
 2060 07ff 9004     		.2byte	0x490
 2061 0801 00000000 		.4byte	.LFB9
 2062 0805 02000000 		.4byte	.LFE9-.LFB9
 2063 0809 01       		.uleb128 0x1
 2064 080a 9C       		.byte	0x9c
 2065 080b 1C       		.uleb128 0x1c
 2066 080c A0050000 		.4byte	.LASF110
 2067 0810 01       		.byte	0x1
 2068 0811 0C05     		.2byte	0x50c
 2069 0813 00000000 		.4byte	.LFB10
 2070 0817 08000000 		.4byte	.LFE10-.LFB10
 2071 081b 01       		.uleb128 0x1
 2072 081c 9C       		.byte	0x9c
 2073 081d 43080000 		.4byte	0x843
 2074 0821 19       		.uleb128 0x19
 2075 0822 20070000 		.4byte	.LASF111
 2076 0826 01       		.byte	0x1
 2077 0827 0C05     		.2byte	0x50c
 2078 0829 D2000000 		.4byte	0xd2
 2079 082d 01020000 		.4byte	.LLST15
 2080 0831 1E       		.uleb128 0x1e
 2081 0832 06000000 		.4byte	.LVL49
 2082 0836 850C0000 		.4byte	0xc85
 2083 083a 1B       		.uleb128 0x1b
 2084 083b 01       		.uleb128 0x1
 2085 083c 50       		.byte	0x50
 2086 083d 03       		.uleb128 0x3
 2087 083e F3       		.byte	0xf3
 2088 083f 01       		.uleb128 0x1
 2089 0840 50       		.byte	0x50
 2090 0841 00       		.byte	0
 2091 0842 00       		.byte	0
 2092 0843 1C       		.uleb128 0x1c
 2093 0844 F0000000 		.4byte	.LASF112
 2094 0848 01       		.byte	0x1
 2095 0849 2805     		.2byte	0x528
 2096 084b 00000000 		.4byte	.LFB11
 2097 084f 30000000 		.4byte	.LFE11-.LFB11
 2098 0853 01       		.uleb128 0x1
 2099 0854 9C       		.byte	0x9c
 2100 0855 6A080000 		.4byte	0x86a
 2101 0859 19       		.uleb128 0x19
 2102 085a E5020000 		.4byte	.LASF113
 2103 085e 01       		.byte	0x1
 2104 085f 2805     		.2byte	0x528
 2105 0861 83000000 		.4byte	0x83
 2106 0865 22020000 		.4byte	.LLST16
 2107 0869 00       		.byte	0
ARM GAS  C:\Users\Lenovo\AppData\Local\Temp\cc2HN0Qn.s 			page 92


 2108 086a 1C       		.uleb128 0x1c
 2109 086b BF030000 		.4byte	.LASF114
 2110 086f 01       		.byte	0x1
 2111 0870 6C05     		.2byte	0x56c
 2112 0872 00000000 		.4byte	.LFB12
 2113 0876 30000000 		.4byte	.LFE12-.LFB12
 2114 087a 01       		.uleb128 0x1
 2115 087b 9C       		.byte	0x9c
 2116 087c 91080000 		.4byte	0x891
 2117 0880 19       		.uleb128 0x19
 2118 0881 9C080000 		.4byte	.LASF33
 2119 0885 01       		.byte	0x1
 2120 0886 6C05     		.2byte	0x56c
 2121 0888 83000000 		.4byte	0x83
 2122 088c 50020000 		.4byte	.LLST17
 2123 0890 00       		.byte	0
 2124 0891 1C       		.uleb128 0x1c
 2125 0892 15050000 		.4byte	.LASF115
 2126 0896 01       		.byte	0x1
 2127 0897 C005     		.2byte	0x5c0
 2128 0899 00000000 		.4byte	.LFB13
 2129 089d 12000000 		.4byte	.LFE13-.LFB13
 2130 08a1 01       		.uleb128 0x1
 2131 08a2 9C       		.byte	0x9c
 2132 08a3 ED080000 		.4byte	0x8ed
 2133 08a7 19       		.uleb128 0x19
 2134 08a8 9C080000 		.4byte	.LASF33
 2135 08ac 01       		.byte	0x1
 2136 08ad C005     		.2byte	0x5c0
 2137 08af 83000000 		.4byte	0x83
 2138 08b3 7E020000 		.4byte	.LLST18
 2139 08b7 19       		.uleb128 0x19
 2140 08b8 E5020000 		.4byte	.LASF113
 2141 08bc 01       		.byte	0x1
 2142 08bd C005     		.2byte	0x5c0
 2143 08bf 83000000 		.4byte	0x83
 2144 08c3 AA020000 		.4byte	.LLST19
 2145 08c7 1A       		.uleb128 0x1a
 2146 08c8 0A000000 		.4byte	.LVL58
 2147 08cc 43080000 		.4byte	0x843
 2148 08d0 DC080000 		.4byte	0x8dc
 2149 08d4 1B       		.uleb128 0x1b
 2150 08d5 01       		.uleb128 0x1
 2151 08d6 50       		.byte	0x50
 2152 08d7 03       		.uleb128 0x3
 2153 08d8 F3       		.byte	0xf3
 2154 08d9 01       		.uleb128 0x1
 2155 08da 51       		.byte	0x51
 2156 08db 00       		.byte	0
 2157 08dc 1E       		.uleb128 0x1e
 2158 08dd 10000000 		.4byte	.LVL59
 2159 08e1 6A080000 		.4byte	0x86a
 2160 08e5 1B       		.uleb128 0x1b
 2161 08e6 01       		.uleb128 0x1
 2162 08e7 50       		.byte	0x50
 2163 08e8 02       		.uleb128 0x2
 2164 08e9 74       		.byte	0x74
ARM GAS  C:\Users\Lenovo\AppData\Local\Temp\cc2HN0Qn.s 			page 93


 2165 08ea 00       		.sleb128 0
 2166 08eb 00       		.byte	0
 2167 08ec 00       		.byte	0
 2168 08ed 18       		.uleb128 0x18
 2169 08ee 8B030000 		.4byte	.LASF116
 2170 08f2 01       		.byte	0x1
 2171 08f3 ED05     		.2byte	0x5ed
 2172 08f5 A4000000 		.4byte	0xa4
 2173 08f9 00000000 		.4byte	.LFB14
 2174 08fd 1A000000 		.4byte	.LFE14-.LFB14
 2175 0901 01       		.uleb128 0x1
 2176 0902 9C       		.byte	0x9c
 2177 0903 3F090000 		.4byte	0x93f
 2178 0907 19       		.uleb128 0x19
 2179 0908 050A0000 		.4byte	.LASF99
 2180 090c 01       		.byte	0x1
 2181 090d ED05     		.2byte	0x5ed
 2182 090f 83000000 		.4byte	0x83
 2183 0913 CB020000 		.4byte	.LLST20
 2184 0917 15       		.uleb128 0x15
 2185 0918 25040000 		.4byte	.LASF117
 2186 091c 01       		.byte	0x1
 2187 091d EF05     		.2byte	0x5ef
 2188 091f A4000000 		.4byte	0xa4
 2189 0923 0D030000 		.4byte	.LLST21
 2190 0927 1E       		.uleb128 0x1e
 2191 0928 18000000 		.4byte	.LVL67
 2192 092c 900C0000 		.4byte	0xc90
 2193 0930 1B       		.uleb128 0x1b
 2194 0931 01       		.uleb128 0x1
 2195 0932 50       		.byte	0x50
 2196 0933 03       		.uleb128 0x3
 2197 0934 F3       		.byte	0xf3
 2198 0935 01       		.uleb128 0x1
 2199 0936 50       		.byte	0x50
 2200 0937 1B       		.uleb128 0x1b
 2201 0938 01       		.uleb128 0x1
 2202 0939 51       		.byte	0x51
 2203 093a 02       		.uleb128 0x2
 2204 093b 08       		.byte	0x8
 2205 093c 55       		.byte	0x55
 2206 093d 00       		.byte	0
 2207 093e 00       		.byte	0
 2208 093f 18       		.uleb128 0x18
 2209 0940 3E040000 		.4byte	.LASF118
 2210 0944 01       		.byte	0x1
 2211 0945 5806     		.2byte	0x658
 2212 0947 A4000000 		.4byte	0xa4
 2213 094b 00000000 		.4byte	.LFB15
 2214 094f 1A000000 		.4byte	.LFE15-.LFB15
 2215 0953 01       		.uleb128 0x1
 2216 0954 9C       		.byte	0x9c
 2217 0955 8A090000 		.4byte	0x98a
 2218 0959 15       		.uleb128 0x15
 2219 095a 25040000 		.4byte	.LASF117
 2220 095e 01       		.byte	0x1
 2221 095f 5A06     		.2byte	0x65a
ARM GAS  C:\Users\Lenovo\AppData\Local\Temp\cc2HN0Qn.s 			page 94


 2222 0961 A4000000 		.4byte	0xa4
 2223 0965 37030000 		.4byte	.LLST22
 2224 0969 15       		.uleb128 0x15
 2225 096a 31050000 		.4byte	.LASF98
 2226 096e 01       		.byte	0x1
 2227 096f 5B06     		.2byte	0x65b
 2228 0971 83000000 		.4byte	0x83
 2229 0975 61030000 		.4byte	.LLST23
 2230 0979 1E       		.uleb128 0x1e
 2231 097a 0E000000 		.4byte	.LVL70
 2232 097e ED080000 		.4byte	0x8ed
 2233 0982 1B       		.uleb128 0x1b
 2234 0983 01       		.uleb128 0x1
 2235 0984 50       		.byte	0x50
 2236 0985 02       		.uleb128 0x2
 2237 0986 74       		.byte	0x74
 2238 0987 00       		.sleb128 0
 2239 0988 00       		.byte	0
 2240 0989 00       		.byte	0
 2241 098a 1C       		.uleb128 0x1c
 2242 098b 73010000 		.4byte	.LASF119
 2243 098f 01       		.byte	0x1
 2244 0990 BC0A     		.2byte	0xabc
 2245 0992 00000000 		.4byte	.LFB20
 2246 0996 40000000 		.4byte	.LFE20-.LFB20
 2247 099a 01       		.uleb128 0x1
 2248 099b 9C       		.byte	0x9c
 2249 099c EB090000 		.4byte	0x9eb
 2250 09a0 15       		.uleb128 0x15
 2251 09a1 31050000 		.4byte	.LASF98
 2252 09a5 01       		.byte	0x1
 2253 09a6 BE0A     		.2byte	0xabe
 2254 09a8 83000000 		.4byte	0x83
 2255 09ac 80030000 		.4byte	.LLST24
 2256 09b0 15       		.uleb128 0x15
 2257 09b1 3B050000 		.4byte	.LASF120
 2258 09b5 01       		.byte	0x1
 2259 09b6 BF0A     		.2byte	0xabf
 2260 09b8 83000000 		.4byte	0x83
 2261 09bc 9F030000 		.4byte	.LLST25
 2262 09c0 15       		.uleb128 0x15
 2263 09c1 90080000 		.4byte	.LASF121
 2264 09c5 01       		.byte	0x1
 2265 09c6 CB0A     		.2byte	0xacb
 2266 09c8 A7070000 		.4byte	0x7a7
 2267 09cc BE030000 		.4byte	.LLST26
 2268 09d0 1E       		.uleb128 0x1e
 2269 09d1 20000000 		.4byte	.LVL79
 2270 09d5 9B0C0000 		.4byte	0xc9b
 2271 09d9 1B       		.uleb128 0x1b
 2272 09da 01       		.uleb128 0x1
 2273 09db 50       		.byte	0x50
 2274 09dc 0C       		.uleb128 0xc
 2275 09dd 74       		.byte	0x74
 2276 09de 00       		.sleb128 0
 2277 09df 33       		.byte	0x33
 2278 09e0 24       		.byte	0x24
ARM GAS  C:\Users\Lenovo\AppData\Local\Temp\cc2HN0Qn.s 			page 95


 2279 09e1 74       		.byte	0x74
 2280 09e2 00       		.sleb128 0
 2281 09e3 1C       		.byte	0x1c
 2282 09e4 32       		.byte	0x32
 2283 09e5 24       		.byte	0x24
 2284 09e6 76       		.byte	0x76
 2285 09e7 00       		.sleb128 0
 2286 09e8 22       		.byte	0x22
 2287 09e9 00       		.byte	0
 2288 09ea 00       		.byte	0
 2289 09eb 18       		.uleb128 0x18
 2290 09ec 00000000 		.4byte	.LASF122
 2291 09f0 01       		.byte	0x1
 2292 09f1 0D0B     		.2byte	0xb0d
 2293 09f3 83000000 		.4byte	0x83
 2294 09f7 00000000 		.4byte	.LFB21
 2295 09fb 14000000 		.4byte	.LFE21-.LFB21
 2296 09ff 01       		.uleb128 0x1
 2297 0a00 9C       		.byte	0x9c
 2298 0a01 320A0000 		.4byte	0xa32
 2299 0a05 19       		.uleb128 0x19
 2300 0a06 050A0000 		.4byte	.LASF99
 2301 0a0a 01       		.byte	0x1
 2302 0a0b 0D0B     		.2byte	0xb0d
 2303 0a0d 83000000 		.4byte	0x83
 2304 0a11 D1030000 		.4byte	.LLST27
 2305 0a15 21       		.uleb128 0x21
 2306 0a16 19070000 		.4byte	.LASF123
 2307 0a1a 01       		.byte	0x1
 2308 0a1b 0F0B     		.2byte	0xb0f
 2309 0a1d 83000000 		.4byte	0x83
 2310 0a21 01       		.uleb128 0x1
 2311 0a22 50       		.byte	0x50
 2312 0a23 21       		.uleb128 0x21
 2313 0a24 35010000 		.4byte	.LASF124
 2314 0a28 01       		.byte	0x1
 2315 0a29 130B     		.2byte	0xb13
 2316 0a2b 320A0000 		.4byte	0xa32
 2317 0a2f 01       		.uleb128 0x1
 2318 0a30 53       		.byte	0x53
 2319 0a31 00       		.byte	0
 2320 0a32 06       		.uleb128 0x6
 2321 0a33 04       		.byte	0x4
 2322 0a34 B8010000 		.4byte	0x1b8
 2323 0a38 18       		.uleb128 0x18
 2324 0a39 C5020000 		.4byte	.LASF125
 2325 0a3d 01       		.byte	0x1
 2326 0a3e 620B     		.2byte	0xb62
 2327 0a40 6B000000 		.4byte	0x6b
 2328 0a44 00000000 		.4byte	.LFB22
 2329 0a48 30000000 		.4byte	.LFE22-.LFB22
 2330 0a4c 01       		.uleb128 0x1
 2331 0a4d 9C       		.byte	0x9c
 2332 0a4e 910A0000 		.4byte	0xa91
 2333 0a52 19       		.uleb128 0x19
 2334 0a53 D3090000 		.4byte	.LASF126
 2335 0a57 01       		.byte	0x1
ARM GAS  C:\Users\Lenovo\AppData\Local\Temp\cc2HN0Qn.s 			page 96


 2336 0a58 620B     		.2byte	0xb62
 2337 0a5a 83000000 		.4byte	0x83
 2338 0a5e F2030000 		.4byte	.LLST28
 2339 0a62 22       		.uleb128 0x22
 2340 0a63 79030000 		.4byte	.LASF25
 2341 0a67 01       		.byte	0x1
 2342 0a68 620B     		.2byte	0xb62
 2343 0a6a 83000000 		.4byte	0x83
 2344 0a6e 01       		.uleb128 0x1
 2345 0a6f 51       		.byte	0x51
 2346 0a70 15       		.uleb128 0x15
 2347 0a71 DD030000 		.4byte	.LASF127
 2348 0a75 01       		.byte	0x1
 2349 0a76 640B     		.2byte	0xb64
 2350 0a78 83000000 		.4byte	0x83
 2351 0a7c 2C040000 		.4byte	.LLST29
 2352 0a80 15       		.uleb128 0x15
 2353 0a81 E1090000 		.4byte	.LASF128
 2354 0a85 01       		.byte	0x1
 2355 0a86 650B     		.2byte	0xb65
 2356 0a88 83000000 		.4byte	0x83
 2357 0a8c 3F040000 		.4byte	.LLST30
 2358 0a90 00       		.byte	0
 2359 0a91 14       		.uleb128 0x14
 2360 0a92 3D010000 		.4byte	.LASF129
 2361 0a96 01       		.byte	0x1
 2362 0a97 8A09     		.2byte	0x98a
 2363 0a99 00000000 		.4byte	.LFB19
 2364 0a9d 12000000 		.4byte	.LFE19-.LFB19
 2365 0aa1 01       		.uleb128 0x1
 2366 0aa2 9C       		.byte	0x9c
 2367 0aa3 110B0000 		.4byte	0xb11
 2368 0aa7 19       		.uleb128 0x19
 2369 0aa8 31050000 		.4byte	.LASF98
 2370 0aac 01       		.byte	0x1
 2371 0aad 8A09     		.2byte	0x98a
 2372 0aaf 83000000 		.4byte	0x83
 2373 0ab3 52040000 		.4byte	.LLST31
 2374 0ab7 19       		.uleb128 0x19
 2375 0ab8 35010000 		.4byte	.LASF124
 2376 0abc 01       		.byte	0x1
 2377 0abd 8A09     		.2byte	0x98a
 2378 0abf 320A0000 		.4byte	0xa32
 2379 0ac3 73040000 		.4byte	.LLST32
 2380 0ac7 21       		.uleb128 0x21
 2381 0ac8 0C020000 		.4byte	.LASF130
 2382 0acc 01       		.byte	0x1
 2383 0acd 8C09     		.2byte	0x98c
 2384 0acf 6B000000 		.4byte	0x6b
 2385 0ad3 01       		.uleb128 0x1
 2386 0ad4 50       		.byte	0x50
 2387 0ad5 1D       		.uleb128 0x1d
 2388 0ad6 D6000000 		.4byte	.LASF131
 2389 0ada 01       		.byte	0x1
 2390 0adb 8D09     		.2byte	0x98d
 2391 0add 6B000000 		.4byte	0x6b
 2392 0ae1 00       		.byte	0
ARM GAS  C:\Users\Lenovo\AppData\Local\Temp\cc2HN0Qn.s 			page 97


 2393 0ae2 15       		.uleb128 0x15
 2394 0ae3 D3090000 		.4byte	.LASF126
 2395 0ae7 01       		.byte	0x1
 2396 0ae8 9309     		.2byte	0x993
 2397 0aea 83000000 		.4byte	0x83
 2398 0aee 9F040000 		.4byte	.LLST33
 2399 0af2 1A       		.uleb128 0x1a
 2400 0af3 08000000 		.4byte	.LVL96
 2401 0af7 EB090000 		.4byte	0x9eb
 2402 0afb 070B0000 		.4byte	0xb07
 2403 0aff 1B       		.uleb128 0x1b
 2404 0b00 01       		.uleb128 0x1
 2405 0b01 50       		.byte	0x50
 2406 0b02 03       		.uleb128 0x3
 2407 0b03 F3       		.byte	0xf3
 2408 0b04 01       		.uleb128 0x1
 2409 0b05 50       		.byte	0x50
 2410 0b06 00       		.byte	0
 2411 0b07 16       		.uleb128 0x16
 2412 0b08 0E000000 		.4byte	.LVL97
 2413 0b0c 380A0000 		.4byte	0xa38
 2414 0b10 00       		.byte	0
 2415 0b11 1C       		.uleb128 0x1c
 2416 0b12 2C0A0000 		.4byte	.LASF132
 2417 0b16 01       		.byte	0x1
 2418 0b17 5809     		.2byte	0x958
 2419 0b19 00000000 		.4byte	.LFB18
 2420 0b1d 24000000 		.4byte	.LFE18-.LFB18
 2421 0b21 01       		.uleb128 0x1
 2422 0b22 9C       		.byte	0x9c
 2423 0b23 580B0000 		.4byte	0xb58
 2424 0b27 15       		.uleb128 0x15
 2425 0b28 31050000 		.4byte	.LASF98
 2426 0b2c 01       		.byte	0x1
 2427 0b2d 5A09     		.2byte	0x95a
 2428 0b2f 83000000 		.4byte	0x83
 2429 0b33 B2040000 		.4byte	.LLST34
 2430 0b37 15       		.uleb128 0x15
 2431 0b38 35010000 		.4byte	.LASF124
 2432 0b3c 01       		.byte	0x1
 2433 0b3d 5B09     		.2byte	0x95b
 2434 0b3f 320A0000 		.4byte	0xa32
 2435 0b43 D1040000 		.4byte	.LLST35
 2436 0b47 1E       		.uleb128 0x1e
 2437 0b48 18000000 		.4byte	.LVL102
 2438 0b4c 910A0000 		.4byte	0xa91
 2439 0b50 1B       		.uleb128 0x1b
 2440 0b51 01       		.uleb128 0x1
 2441 0b52 50       		.byte	0x50
 2442 0b53 02       		.uleb128 0x2
 2443 0b54 74       		.byte	0x74
 2444 0b55 00       		.sleb128 0
 2445 0b56 00       		.byte	0
 2446 0b57 00       		.byte	0
 2447 0b58 18       		.uleb128 0x18
 2448 0b59 BD090000 		.4byte	.LASF133
 2449 0b5d 01       		.byte	0x1
ARM GAS  C:\Users\Lenovo\AppData\Local\Temp\cc2HN0Qn.s 			page 98


 2450 0b5e 5302     		.2byte	0x253
 2451 0b60 A4000000 		.4byte	0xa4
 2452 0b64 00000000 		.4byte	.LFB6
 2453 0b68 16000000 		.4byte	.LFE6-.LFB6
 2454 0b6c 01       		.uleb128 0x1
 2455 0b6d 9C       		.byte	0x9c
 2456 0b6e A40B0000 		.4byte	0xba4
 2457 0b72 1D       		.uleb128 0x1d
 2458 0b73 AE000000 		.4byte	.LASF134
 2459 0b77 01       		.byte	0x1
 2460 0b78 5502     		.2byte	0x255
 2461 0b7a A4000000 		.4byte	0xa4
 2462 0b7e 00       		.byte	0
 2463 0b7f 16       		.uleb128 0x16
 2464 0b80 06000000 		.4byte	.LVL106
 2465 0b84 D7050000 		.4byte	0x5d7
 2466 0b88 16       		.uleb128 0x16
 2467 0b89 0A000000 		.4byte	.LVL107
 2468 0b8d 110B0000 		.4byte	0xb11
 2469 0b91 16       		.uleb128 0x16
 2470 0b92 0E000000 		.4byte	.LVL108
 2471 0b96 B2070000 		.4byte	0x7b2
 2472 0b9a 16       		.uleb128 0x16
 2473 0b9b 12000000 		.4byte	.LVL109
 2474 0b9f A60C0000 		.4byte	0xca6
 2475 0ba3 00       		.byte	0
 2476 0ba4 23       		.uleb128 0x23
 2477 0ba5 7F040000 		.4byte	.LASF135
 2478 0ba9 04       		.byte	0x4
 2479 0baa AB03     		.2byte	0x3ab
 2480 0bac 12040000 		.4byte	0x412
 2481 0bb0 23       		.uleb128 0x23
 2482 0bb1 66060000 		.4byte	.LASF136
 2483 0bb5 04       		.byte	0x4
 2484 0bb6 AC03     		.2byte	0x3ac
 2485 0bb8 BC0B0000 		.4byte	0xbbc
 2486 0bbc 1F       		.uleb128 0x1f
 2487 0bbd 9D050000 		.4byte	0x59d
 2488 0bc1 0D       		.uleb128 0xd
 2489 0bc2 AD070000 		.4byte	0x7ad
 2490 0bc6 D10B0000 		.4byte	0xbd1
 2491 0bca 0E       		.uleb128 0xe
 2492 0bcb B1010000 		.4byte	0x1b1
 2493 0bcf 04       		.byte	0x4
 2494 0bd0 00       		.byte	0
 2495 0bd1 23       		.uleb128 0x23
 2496 0bd2 82060000 		.4byte	.LASF137
 2497 0bd6 04       		.byte	0x4
 2498 0bd7 AD03     		.2byte	0x3ad
 2499 0bd9 DD0B0000 		.4byte	0xbdd
 2500 0bdd 1F       		.uleb128 0x1f
 2501 0bde C10B0000 		.4byte	0xbc1
 2502 0be2 24       		.uleb128 0x24
 2503 0be3 DC080000 		.4byte	.LASF138
 2504 0be7 01       		.byte	0x1
 2505 0be8 D4       		.byte	0xd4
 2506 0be9 F30B0000 		.4byte	0xbf3
ARM GAS  C:\Users\Lenovo\AppData\Local\Temp\cc2HN0Qn.s 			page 99


 2507 0bed 05       		.uleb128 0x5
 2508 0bee 03       		.byte	0x3
 2509 0bef 00000000 		.4byte	CapSense_scanFreqIndex
 2510 0bf3 1F       		.uleb128 0x1f
 2511 0bf4 6B000000 		.4byte	0x6b
 2512 0bf8 24       		.uleb128 0x24
 2513 0bf9 5B000000 		.4byte	.LASF139
 2514 0bfd 01       		.byte	0x1
 2515 0bfe DE       		.byte	0xde
 2516 0bff BC000000 		.4byte	0xbc
 2517 0c03 05       		.uleb128 0x5
 2518 0c04 03       		.byte	0x3
 2519 0c05 00000000 		.4byte	CapSense_widgetIndex
 2520 0c09 24       		.uleb128 0x24
 2521 0c0a C5010000 		.4byte	.LASF140
 2522 0c0e 01       		.byte	0x1
 2523 0c0f DF       		.byte	0xdf
 2524 0c10 BC000000 		.4byte	0xbc
 2525 0c14 05       		.uleb128 0x5
 2526 0c15 03       		.byte	0x3
 2527 0c16 00000000 		.4byte	CapSense_sensorIndex
 2528 0c1a 24       		.uleb128 0x24
 2529 0c1b 0E0A0000 		.4byte	.LASF141
 2530 0c1f 01       		.byte	0x1
 2531 0c20 E1       		.byte	0xe1
 2532 0c21 6B000000 		.4byte	0x6b
 2533 0c25 05       		.uleb128 0x5
 2534 0c26 03       		.byte	0x3
 2535 0c27 00000000 		.4byte	CapSense_requestScanAllWidget
 2536 0c2b 24       		.uleb128 0x24
 2537 0c2c BA080000 		.4byte	.LASF142
 2538 0c30 01       		.byte	0x1
 2539 0c31 EB       		.byte	0xeb
 2540 0c32 5E050000 		.4byte	0x55e
 2541 0c36 05       		.uleb128 0x5
 2542 0c37 03       		.byte	0x3
 2543 0c38 00000000 		.4byte	CapSense_curRamSnsPtr
 2544 0c3c 25       		.uleb128 0x25
 2545 0c3d FB040000 		.4byte	.LASF143
 2546 0c41 01       		.byte	0x1
 2547 0c42 0701     		.2byte	0x107
 2548 0c44 A7070000 		.4byte	0x7a7
 2549 0c48 05       		.uleb128 0x5
 2550 0c49 03       		.byte	0x3
 2551 0c4a 00000000 		.4byte	CapSense_curSnsIOPtr
 2552 0c4e 26       		.uleb128 0x26
 2553 0c4f 8E010000 		.4byte	.LASF144
 2554 0c53 8E010000 		.4byte	.LASF144
 2555 0c57 05       		.byte	0x5
 2556 0c58 3A       		.byte	0x3a
 2557 0c59 26       		.uleb128 0x26
 2558 0c5a 22080000 		.4byte	.LASF145
 2559 0c5e 22080000 		.4byte	.LASF145
 2560 0c62 05       		.byte	0x5
 2561 0c63 3C       		.byte	0x3c
 2562 0c64 26       		.uleb128 0x26
 2563 0c65 A3080000 		.4byte	.LASF146
ARM GAS  C:\Users\Lenovo\AppData\Local\Temp\cc2HN0Qn.s 			page 100


 2564 0c69 A3080000 		.4byte	.LASF146
 2565 0c6d 06       		.byte	0x6
 2566 0c6e E5       		.byte	0xe5
 2567 0c6f 26       		.uleb128 0x26
 2568 0c70 34030000 		.4byte	.LASF147
 2569 0c74 34030000 		.4byte	.LASF147
 2570 0c78 06       		.byte	0x6
 2571 0c79 E6       		.byte	0xe6
 2572 0c7a 26       		.uleb128 0x26
 2573 0c7b 6A070000 		.4byte	.LASF148
 2574 0c7f 6A070000 		.4byte	.LASF148
 2575 0c83 05       		.byte	0x5
 2576 0c84 43       		.byte	0x43
 2577 0c85 26       		.uleb128 0x26
 2578 0c86 30070000 		.4byte	.LASF149
 2579 0c8a 30070000 		.4byte	.LASF149
 2580 0c8e 07       		.byte	0x7
 2581 0c8f 18       		.byte	0x18
 2582 0c90 26       		.uleb128 0x26
 2583 0c91 4A060000 		.4byte	.LASF150
 2584 0c95 4A060000 		.4byte	.LASF150
 2585 0c99 05       		.byte	0x5
 2586 0c9a 40       		.byte	0x40
 2587 0c9b 26       		.uleb128 0x26
 2588 0c9c D7050000 		.4byte	.LASF151
 2589 0ca0 D7050000 		.4byte	.LASF151
 2590 0ca4 05       		.byte	0x5
 2591 0ca5 44       		.byte	0x44
 2592 0ca6 26       		.uleb128 0x26
 2593 0ca7 01040000 		.4byte	.LASF152
 2594 0cab 01040000 		.4byte	.LASF152
 2595 0caf 05       		.byte	0x5
 2596 0cb0 52       		.byte	0x52
 2597 0cb1 00       		.byte	0
 2598              		.section	.debug_abbrev,"",%progbits
 2599              	.Ldebug_abbrev0:
 2600 0000 01       		.uleb128 0x1
 2601 0001 11       		.uleb128 0x11
 2602 0002 01       		.byte	0x1
 2603 0003 25       		.uleb128 0x25
 2604 0004 0E       		.uleb128 0xe
 2605 0005 13       		.uleb128 0x13
 2606 0006 0B       		.uleb128 0xb
 2607 0007 03       		.uleb128 0x3
 2608 0008 0E       		.uleb128 0xe
 2609 0009 1B       		.uleb128 0x1b
 2610 000a 0E       		.uleb128 0xe
 2611 000b 55       		.uleb128 0x55
 2612 000c 17       		.uleb128 0x17
 2613 000d 11       		.uleb128 0x11
 2614 000e 01       		.uleb128 0x1
 2615 000f 10       		.uleb128 0x10
 2616 0010 17       		.uleb128 0x17
 2617 0011 00       		.byte	0
 2618 0012 00       		.byte	0
 2619 0013 02       		.uleb128 0x2
 2620 0014 24       		.uleb128 0x24
ARM GAS  C:\Users\Lenovo\AppData\Local\Temp\cc2HN0Qn.s 			page 101


 2621 0015 00       		.byte	0
 2622 0016 0B       		.uleb128 0xb
 2623 0017 0B       		.uleb128 0xb
 2624 0018 3E       		.uleb128 0x3e
 2625 0019 0B       		.uleb128 0xb
 2626 001a 03       		.uleb128 0x3
 2627 001b 0E       		.uleb128 0xe
 2628 001c 00       		.byte	0
 2629 001d 00       		.byte	0
 2630 001e 03       		.uleb128 0x3
 2631 001f 24       		.uleb128 0x24
 2632 0020 00       		.byte	0
 2633 0021 0B       		.uleb128 0xb
 2634 0022 0B       		.uleb128 0xb
 2635 0023 3E       		.uleb128 0x3e
 2636 0024 0B       		.uleb128 0xb
 2637 0025 03       		.uleb128 0x3
 2638 0026 08       		.uleb128 0x8
 2639 0027 00       		.byte	0
 2640 0028 00       		.byte	0
 2641 0029 04       		.uleb128 0x4
 2642 002a 16       		.uleb128 0x16
 2643 002b 00       		.byte	0
 2644 002c 03       		.uleb128 0x3
 2645 002d 0E       		.uleb128 0xe
 2646 002e 3A       		.uleb128 0x3a
 2647 002f 0B       		.uleb128 0xb
 2648 0030 3B       		.uleb128 0x3b
 2649 0031 05       		.uleb128 0x5
 2650 0032 49       		.uleb128 0x49
 2651 0033 13       		.uleb128 0x13
 2652 0034 00       		.byte	0
 2653 0035 00       		.byte	0
 2654 0036 05       		.uleb128 0x5
 2655 0037 35       		.uleb128 0x35
 2656 0038 00       		.byte	0
 2657 0039 49       		.uleb128 0x49
 2658 003a 13       		.uleb128 0x13
 2659 003b 00       		.byte	0
 2660 003c 00       		.byte	0
 2661 003d 06       		.uleb128 0x6
 2662 003e 0F       		.uleb128 0xf
 2663 003f 00       		.byte	0
 2664 0040 0B       		.uleb128 0xb
 2665 0041 0B       		.uleb128 0xb
 2666 0042 49       		.uleb128 0x49
 2667 0043 13       		.uleb128 0x13
 2668 0044 00       		.byte	0
 2669 0045 00       		.byte	0
 2670 0046 07       		.uleb128 0x7
 2671 0047 15       		.uleb128 0x15
 2672 0048 00       		.byte	0
 2673 0049 27       		.uleb128 0x27
 2674 004a 19       		.uleb128 0x19
 2675 004b 00       		.byte	0
 2676 004c 00       		.byte	0
 2677 004d 08       		.uleb128 0x8
ARM GAS  C:\Users\Lenovo\AppData\Local\Temp\cc2HN0Qn.s 			page 102


 2678 004e 16       		.uleb128 0x16
 2679 004f 00       		.byte	0
 2680 0050 03       		.uleb128 0x3
 2681 0051 0E       		.uleb128 0xe
 2682 0052 3A       		.uleb128 0x3a
 2683 0053 0B       		.uleb128 0xb
 2684 0054 3B       		.uleb128 0x3b
 2685 0055 0B       		.uleb128 0xb
 2686 0056 49       		.uleb128 0x49
 2687 0057 13       		.uleb128 0x13
 2688 0058 00       		.byte	0
 2689 0059 00       		.byte	0
 2690 005a 09       		.uleb128 0x9
 2691 005b 04       		.uleb128 0x4
 2692 005c 01       		.byte	0x1
 2693 005d 0B       		.uleb128 0xb
 2694 005e 0B       		.uleb128 0xb
 2695 005f 49       		.uleb128 0x49
 2696 0060 13       		.uleb128 0x13
 2697 0061 3A       		.uleb128 0x3a
 2698 0062 0B       		.uleb128 0xb
 2699 0063 3B       		.uleb128 0x3b
 2700 0064 0B       		.uleb128 0xb
 2701 0065 01       		.uleb128 0x1
 2702 0066 13       		.uleb128 0x13
 2703 0067 00       		.byte	0
 2704 0068 00       		.byte	0
 2705 0069 0A       		.uleb128 0xa
 2706 006a 28       		.uleb128 0x28
 2707 006b 00       		.byte	0
 2708 006c 03       		.uleb128 0x3
 2709 006d 0E       		.uleb128 0xe
 2710 006e 1C       		.uleb128 0x1c
 2711 006f 0B       		.uleb128 0xb
 2712 0070 00       		.byte	0
 2713 0071 00       		.byte	0
 2714 0072 0B       		.uleb128 0xb
 2715 0073 13       		.uleb128 0x13
 2716 0074 01       		.byte	0x1
 2717 0075 0B       		.uleb128 0xb
 2718 0076 0B       		.uleb128 0xb
 2719 0077 3A       		.uleb128 0x3a
 2720 0078 0B       		.uleb128 0xb
 2721 0079 3B       		.uleb128 0x3b
 2722 007a 0B       		.uleb128 0xb
 2723 007b 01       		.uleb128 0x1
 2724 007c 13       		.uleb128 0x13
 2725 007d 00       		.byte	0
 2726 007e 00       		.byte	0
 2727 007f 0C       		.uleb128 0xc
 2728 0080 0D       		.uleb128 0xd
 2729 0081 00       		.byte	0
 2730 0082 03       		.uleb128 0x3
 2731 0083 0E       		.uleb128 0xe
 2732 0084 3A       		.uleb128 0x3a
 2733 0085 0B       		.uleb128 0xb
 2734 0086 3B       		.uleb128 0x3b
ARM GAS  C:\Users\Lenovo\AppData\Local\Temp\cc2HN0Qn.s 			page 103


 2735 0087 0B       		.uleb128 0xb
 2736 0088 49       		.uleb128 0x49
 2737 0089 13       		.uleb128 0x13
 2738 008a 38       		.uleb128 0x38
 2739 008b 0B       		.uleb128 0xb
 2740 008c 00       		.byte	0
 2741 008d 00       		.byte	0
 2742 008e 0D       		.uleb128 0xd
 2743 008f 01       		.uleb128 0x1
 2744 0090 01       		.byte	0x1
 2745 0091 49       		.uleb128 0x49
 2746 0092 13       		.uleb128 0x13
 2747 0093 01       		.uleb128 0x1
 2748 0094 13       		.uleb128 0x13
 2749 0095 00       		.byte	0
 2750 0096 00       		.byte	0
 2751 0097 0E       		.uleb128 0xe
 2752 0098 21       		.uleb128 0x21
 2753 0099 00       		.byte	0
 2754 009a 49       		.uleb128 0x49
 2755 009b 13       		.uleb128 0x13
 2756 009c 2F       		.uleb128 0x2f
 2757 009d 0B       		.uleb128 0xb
 2758 009e 00       		.byte	0
 2759 009f 00       		.byte	0
 2760 00a0 0F       		.uleb128 0xf
 2761 00a1 13       		.uleb128 0x13
 2762 00a2 01       		.byte	0x1
 2763 00a3 0B       		.uleb128 0xb
 2764 00a4 0B       		.uleb128 0xb
 2765 00a5 3A       		.uleb128 0x3a
 2766 00a6 0B       		.uleb128 0xb
 2767 00a7 3B       		.uleb128 0x3b
 2768 00a8 05       		.uleb128 0x5
 2769 00a9 01       		.uleb128 0x1
 2770 00aa 13       		.uleb128 0x13
 2771 00ab 00       		.byte	0
 2772 00ac 00       		.byte	0
 2773 00ad 10       		.uleb128 0x10
 2774 00ae 0D       		.uleb128 0xd
 2775 00af 00       		.byte	0
 2776 00b0 03       		.uleb128 0x3
 2777 00b1 0E       		.uleb128 0xe
 2778 00b2 3A       		.uleb128 0x3a
 2779 00b3 0B       		.uleb128 0xb
 2780 00b4 3B       		.uleb128 0x3b
 2781 00b5 05       		.uleb128 0x5
 2782 00b6 49       		.uleb128 0x49
 2783 00b7 13       		.uleb128 0x13
 2784 00b8 38       		.uleb128 0x38
 2785 00b9 0B       		.uleb128 0xb
 2786 00ba 00       		.byte	0
 2787 00bb 00       		.byte	0
 2788 00bc 11       		.uleb128 0x11
 2789 00bd 0D       		.uleb128 0xd
 2790 00be 00       		.byte	0
 2791 00bf 03       		.uleb128 0x3
ARM GAS  C:\Users\Lenovo\AppData\Local\Temp\cc2HN0Qn.s 			page 104


 2792 00c0 08       		.uleb128 0x8
 2793 00c1 3A       		.uleb128 0x3a
 2794 00c2 0B       		.uleb128 0xb
 2795 00c3 3B       		.uleb128 0x3b
 2796 00c4 05       		.uleb128 0x5
 2797 00c5 49       		.uleb128 0x49
 2798 00c6 13       		.uleb128 0x13
 2799 00c7 38       		.uleb128 0x38
 2800 00c8 0B       		.uleb128 0xb
 2801 00c9 00       		.byte	0
 2802 00ca 00       		.byte	0
 2803 00cb 12       		.uleb128 0x12
 2804 00cc 26       		.uleb128 0x26
 2805 00cd 00       		.byte	0
 2806 00ce 00       		.byte	0
 2807 00cf 00       		.byte	0
 2808 00d0 13       		.uleb128 0x13
 2809 00d1 0F       		.uleb128 0xf
 2810 00d2 00       		.byte	0
 2811 00d3 0B       		.uleb128 0xb
 2812 00d4 0B       		.uleb128 0xb
 2813 00d5 00       		.byte	0
 2814 00d6 00       		.byte	0
 2815 00d7 14       		.uleb128 0x14
 2816 00d8 2E       		.uleb128 0x2e
 2817 00d9 01       		.byte	0x1
 2818 00da 03       		.uleb128 0x3
 2819 00db 0E       		.uleb128 0xe
 2820 00dc 3A       		.uleb128 0x3a
 2821 00dd 0B       		.uleb128 0xb
 2822 00de 3B       		.uleb128 0x3b
 2823 00df 05       		.uleb128 0x5
 2824 00e0 27       		.uleb128 0x27
 2825 00e1 19       		.uleb128 0x19
 2826 00e2 11       		.uleb128 0x11
 2827 00e3 01       		.uleb128 0x1
 2828 00e4 12       		.uleb128 0x12
 2829 00e5 06       		.uleb128 0x6
 2830 00e6 40       		.uleb128 0x40
 2831 00e7 18       		.uleb128 0x18
 2832 00e8 9742     		.uleb128 0x2117
 2833 00ea 19       		.uleb128 0x19
 2834 00eb 01       		.uleb128 0x1
 2835 00ec 13       		.uleb128 0x13
 2836 00ed 00       		.byte	0
 2837 00ee 00       		.byte	0
 2838 00ef 15       		.uleb128 0x15
 2839 00f0 34       		.uleb128 0x34
 2840 00f1 00       		.byte	0
 2841 00f2 03       		.uleb128 0x3
 2842 00f3 0E       		.uleb128 0xe
 2843 00f4 3A       		.uleb128 0x3a
 2844 00f5 0B       		.uleb128 0xb
 2845 00f6 3B       		.uleb128 0x3b
 2846 00f7 05       		.uleb128 0x5
 2847 00f8 49       		.uleb128 0x49
 2848 00f9 13       		.uleb128 0x13
ARM GAS  C:\Users\Lenovo\AppData\Local\Temp\cc2HN0Qn.s 			page 105


 2849 00fa 02       		.uleb128 0x2
 2850 00fb 17       		.uleb128 0x17
 2851 00fc 00       		.byte	0
 2852 00fd 00       		.byte	0
 2853 00fe 16       		.uleb128 0x16
 2854 00ff 898201   		.uleb128 0x4109
 2855 0102 00       		.byte	0
 2856 0103 11       		.uleb128 0x11
 2857 0104 01       		.uleb128 0x1
 2858 0105 31       		.uleb128 0x31
 2859 0106 13       		.uleb128 0x13
 2860 0107 00       		.byte	0
 2861 0108 00       		.byte	0
 2862 0109 17       		.uleb128 0x17
 2863 010a 2E       		.uleb128 0x2e
 2864 010b 00       		.byte	0
 2865 010c 3F       		.uleb128 0x3f
 2866 010d 19       		.uleb128 0x19
 2867 010e 03       		.uleb128 0x3
 2868 010f 0E       		.uleb128 0xe
 2869 0110 3A       		.uleb128 0x3a
 2870 0111 0B       		.uleb128 0xb
 2871 0112 3B       		.uleb128 0x3b
 2872 0113 05       		.uleb128 0x5
 2873 0114 27       		.uleb128 0x27
 2874 0115 19       		.uleb128 0x19
 2875 0116 49       		.uleb128 0x49
 2876 0117 13       		.uleb128 0x13
 2877 0118 11       		.uleb128 0x11
 2878 0119 01       		.uleb128 0x1
 2879 011a 12       		.uleb128 0x12
 2880 011b 06       		.uleb128 0x6
 2881 011c 40       		.uleb128 0x40
 2882 011d 18       		.uleb128 0x18
 2883 011e 9742     		.uleb128 0x2117
 2884 0120 19       		.uleb128 0x19
 2885 0121 00       		.byte	0
 2886 0122 00       		.byte	0
 2887 0123 18       		.uleb128 0x18
 2888 0124 2E       		.uleb128 0x2e
 2889 0125 01       		.byte	0x1
 2890 0126 3F       		.uleb128 0x3f
 2891 0127 19       		.uleb128 0x19
 2892 0128 03       		.uleb128 0x3
 2893 0129 0E       		.uleb128 0xe
 2894 012a 3A       		.uleb128 0x3a
 2895 012b 0B       		.uleb128 0xb
 2896 012c 3B       		.uleb128 0x3b
 2897 012d 05       		.uleb128 0x5
 2898 012e 27       		.uleb128 0x27
 2899 012f 19       		.uleb128 0x19
 2900 0130 49       		.uleb128 0x49
 2901 0131 13       		.uleb128 0x13
 2902 0132 11       		.uleb128 0x11
 2903 0133 01       		.uleb128 0x1
 2904 0134 12       		.uleb128 0x12
 2905 0135 06       		.uleb128 0x6
ARM GAS  C:\Users\Lenovo\AppData\Local\Temp\cc2HN0Qn.s 			page 106


 2906 0136 40       		.uleb128 0x40
 2907 0137 18       		.uleb128 0x18
 2908 0138 9742     		.uleb128 0x2117
 2909 013a 19       		.uleb128 0x19
 2910 013b 01       		.uleb128 0x1
 2911 013c 13       		.uleb128 0x13
 2912 013d 00       		.byte	0
 2913 013e 00       		.byte	0
 2914 013f 19       		.uleb128 0x19
 2915 0140 05       		.uleb128 0x5
 2916 0141 00       		.byte	0
 2917 0142 03       		.uleb128 0x3
 2918 0143 0E       		.uleb128 0xe
 2919 0144 3A       		.uleb128 0x3a
 2920 0145 0B       		.uleb128 0xb
 2921 0146 3B       		.uleb128 0x3b
 2922 0147 05       		.uleb128 0x5
 2923 0148 49       		.uleb128 0x49
 2924 0149 13       		.uleb128 0x13
 2925 014a 02       		.uleb128 0x2
 2926 014b 17       		.uleb128 0x17
 2927 014c 00       		.byte	0
 2928 014d 00       		.byte	0
 2929 014e 1A       		.uleb128 0x1a
 2930 014f 898201   		.uleb128 0x4109
 2931 0152 01       		.byte	0x1
 2932 0153 11       		.uleb128 0x11
 2933 0154 01       		.uleb128 0x1
 2934 0155 31       		.uleb128 0x31
 2935 0156 13       		.uleb128 0x13
 2936 0157 01       		.uleb128 0x1
 2937 0158 13       		.uleb128 0x13
 2938 0159 00       		.byte	0
 2939 015a 00       		.byte	0
 2940 015b 1B       		.uleb128 0x1b
 2941 015c 8A8201   		.uleb128 0x410a
 2942 015f 00       		.byte	0
 2943 0160 02       		.uleb128 0x2
 2944 0161 18       		.uleb128 0x18
 2945 0162 9142     		.uleb128 0x2111
 2946 0164 18       		.uleb128 0x18
 2947 0165 00       		.byte	0
 2948 0166 00       		.byte	0
 2949 0167 1C       		.uleb128 0x1c
 2950 0168 2E       		.uleb128 0x2e
 2951 0169 01       		.byte	0x1
 2952 016a 3F       		.uleb128 0x3f
 2953 016b 19       		.uleb128 0x19
 2954 016c 03       		.uleb128 0x3
 2955 016d 0E       		.uleb128 0xe
 2956 016e 3A       		.uleb128 0x3a
 2957 016f 0B       		.uleb128 0xb
 2958 0170 3B       		.uleb128 0x3b
 2959 0171 05       		.uleb128 0x5
 2960 0172 27       		.uleb128 0x27
 2961 0173 19       		.uleb128 0x19
 2962 0174 11       		.uleb128 0x11
ARM GAS  C:\Users\Lenovo\AppData\Local\Temp\cc2HN0Qn.s 			page 107


 2963 0175 01       		.uleb128 0x1
 2964 0176 12       		.uleb128 0x12
 2965 0177 06       		.uleb128 0x6
 2966 0178 40       		.uleb128 0x40
 2967 0179 18       		.uleb128 0x18
 2968 017a 9742     		.uleb128 0x2117
 2969 017c 19       		.uleb128 0x19
 2970 017d 01       		.uleb128 0x1
 2971 017e 13       		.uleb128 0x13
 2972 017f 00       		.byte	0
 2973 0180 00       		.byte	0
 2974 0181 1D       		.uleb128 0x1d
 2975 0182 34       		.uleb128 0x34
 2976 0183 00       		.byte	0
 2977 0184 03       		.uleb128 0x3
 2978 0185 0E       		.uleb128 0xe
 2979 0186 3A       		.uleb128 0x3a
 2980 0187 0B       		.uleb128 0xb
 2981 0188 3B       		.uleb128 0x3b
 2982 0189 05       		.uleb128 0x5
 2983 018a 49       		.uleb128 0x49
 2984 018b 13       		.uleb128 0x13
 2985 018c 1C       		.uleb128 0x1c
 2986 018d 0B       		.uleb128 0xb
 2987 018e 00       		.byte	0
 2988 018f 00       		.byte	0
 2989 0190 1E       		.uleb128 0x1e
 2990 0191 898201   		.uleb128 0x4109
 2991 0194 01       		.byte	0x1
 2992 0195 11       		.uleb128 0x11
 2993 0196 01       		.uleb128 0x1
 2994 0197 31       		.uleb128 0x31
 2995 0198 13       		.uleb128 0x13
 2996 0199 00       		.byte	0
 2997 019a 00       		.byte	0
 2998 019b 1F       		.uleb128 0x1f
 2999 019c 26       		.uleb128 0x26
 3000 019d 00       		.byte	0
 3001 019e 49       		.uleb128 0x49
 3002 019f 13       		.uleb128 0x13
 3003 01a0 00       		.byte	0
 3004 01a1 00       		.byte	0
 3005 01a2 20       		.uleb128 0x20
 3006 01a3 2E       		.uleb128 0x2e
 3007 01a4 00       		.byte	0
 3008 01a5 3F       		.uleb128 0x3f
 3009 01a6 19       		.uleb128 0x19
 3010 01a7 03       		.uleb128 0x3
 3011 01a8 0E       		.uleb128 0xe
 3012 01a9 3A       		.uleb128 0x3a
 3013 01aa 0B       		.uleb128 0xb
 3014 01ab 3B       		.uleb128 0x3b
 3015 01ac 05       		.uleb128 0x5
 3016 01ad 27       		.uleb128 0x27
 3017 01ae 19       		.uleb128 0x19
 3018 01af 11       		.uleb128 0x11
 3019 01b0 01       		.uleb128 0x1
ARM GAS  C:\Users\Lenovo\AppData\Local\Temp\cc2HN0Qn.s 			page 108


 3020 01b1 12       		.uleb128 0x12
 3021 01b2 06       		.uleb128 0x6
 3022 01b3 40       		.uleb128 0x40
 3023 01b4 18       		.uleb128 0x18
 3024 01b5 9742     		.uleb128 0x2117
 3025 01b7 19       		.uleb128 0x19
 3026 01b8 00       		.byte	0
 3027 01b9 00       		.byte	0
 3028 01ba 21       		.uleb128 0x21
 3029 01bb 34       		.uleb128 0x34
 3030 01bc 00       		.byte	0
 3031 01bd 03       		.uleb128 0x3
 3032 01be 0E       		.uleb128 0xe
 3033 01bf 3A       		.uleb128 0x3a
 3034 01c0 0B       		.uleb128 0xb
 3035 01c1 3B       		.uleb128 0x3b
 3036 01c2 05       		.uleb128 0x5
 3037 01c3 49       		.uleb128 0x49
 3038 01c4 13       		.uleb128 0x13
 3039 01c5 02       		.uleb128 0x2
 3040 01c6 18       		.uleb128 0x18
 3041 01c7 00       		.byte	0
 3042 01c8 00       		.byte	0
 3043 01c9 22       		.uleb128 0x22
 3044 01ca 05       		.uleb128 0x5
 3045 01cb 00       		.byte	0
 3046 01cc 03       		.uleb128 0x3
 3047 01cd 0E       		.uleb128 0xe
 3048 01ce 3A       		.uleb128 0x3a
 3049 01cf 0B       		.uleb128 0xb
 3050 01d0 3B       		.uleb128 0x3b
 3051 01d1 05       		.uleb128 0x5
 3052 01d2 49       		.uleb128 0x49
 3053 01d3 13       		.uleb128 0x13
 3054 01d4 02       		.uleb128 0x2
 3055 01d5 18       		.uleb128 0x18
 3056 01d6 00       		.byte	0
 3057 01d7 00       		.byte	0
 3058 01d8 23       		.uleb128 0x23
 3059 01d9 34       		.uleb128 0x34
 3060 01da 00       		.byte	0
 3061 01db 03       		.uleb128 0x3
 3062 01dc 0E       		.uleb128 0xe
 3063 01dd 3A       		.uleb128 0x3a
 3064 01de 0B       		.uleb128 0xb
 3065 01df 3B       		.uleb128 0x3b
 3066 01e0 05       		.uleb128 0x5
 3067 01e1 49       		.uleb128 0x49
 3068 01e2 13       		.uleb128 0x13
 3069 01e3 3F       		.uleb128 0x3f
 3070 01e4 19       		.uleb128 0x19
 3071 01e5 3C       		.uleb128 0x3c
 3072 01e6 19       		.uleb128 0x19
 3073 01e7 00       		.byte	0
 3074 01e8 00       		.byte	0
 3075 01e9 24       		.uleb128 0x24
 3076 01ea 34       		.uleb128 0x34
ARM GAS  C:\Users\Lenovo\AppData\Local\Temp\cc2HN0Qn.s 			page 109


 3077 01eb 00       		.byte	0
 3078 01ec 03       		.uleb128 0x3
 3079 01ed 0E       		.uleb128 0xe
 3080 01ee 3A       		.uleb128 0x3a
 3081 01ef 0B       		.uleb128 0xb
 3082 01f0 3B       		.uleb128 0x3b
 3083 01f1 0B       		.uleb128 0xb
 3084 01f2 49       		.uleb128 0x49
 3085 01f3 13       		.uleb128 0x13
 3086 01f4 3F       		.uleb128 0x3f
 3087 01f5 19       		.uleb128 0x19
 3088 01f6 02       		.uleb128 0x2
 3089 01f7 18       		.uleb128 0x18
 3090 01f8 00       		.byte	0
 3091 01f9 00       		.byte	0
 3092 01fa 25       		.uleb128 0x25
 3093 01fb 34       		.uleb128 0x34
 3094 01fc 00       		.byte	0
 3095 01fd 03       		.uleb128 0x3
 3096 01fe 0E       		.uleb128 0xe
 3097 01ff 3A       		.uleb128 0x3a
 3098 0200 0B       		.uleb128 0xb
 3099 0201 3B       		.uleb128 0x3b
 3100 0202 05       		.uleb128 0x5
 3101 0203 49       		.uleb128 0x49
 3102 0204 13       		.uleb128 0x13
 3103 0205 3F       		.uleb128 0x3f
 3104 0206 19       		.uleb128 0x19
 3105 0207 02       		.uleb128 0x2
 3106 0208 18       		.uleb128 0x18
 3107 0209 00       		.byte	0
 3108 020a 00       		.byte	0
 3109 020b 26       		.uleb128 0x26
 3110 020c 2E       		.uleb128 0x2e
 3111 020d 00       		.byte	0
 3112 020e 3F       		.uleb128 0x3f
 3113 020f 19       		.uleb128 0x19
 3114 0210 3C       		.uleb128 0x3c
 3115 0211 19       		.uleb128 0x19
 3116 0212 6E       		.uleb128 0x6e
 3117 0213 0E       		.uleb128 0xe
 3118 0214 03       		.uleb128 0x3
 3119 0215 0E       		.uleb128 0xe
 3120 0216 3A       		.uleb128 0x3a
 3121 0217 0B       		.uleb128 0xb
 3122 0218 3B       		.uleb128 0x3b
 3123 0219 0B       		.uleb128 0xb
 3124 021a 00       		.byte	0
 3125 021b 00       		.byte	0
 3126 021c 00       		.byte	0
 3127              		.section	.debug_loc,"",%progbits
 3128              	.Ldebug_loc0:
 3129              	.LLST0:
 3130 0000 0A000000 		.4byte	.LVL0
 3131 0004 12000000 		.4byte	.LVL1
 3132 0008 0100     		.2byte	0x1
 3133 000a 51       		.byte	0x51
ARM GAS  C:\Users\Lenovo\AppData\Local\Temp\cc2HN0Qn.s 			page 110


 3134 000b 12000000 		.4byte	.LVL1
 3135 000f 20000000 		.4byte	.LFE16
 3136 0013 0100     		.2byte	0x1
 3137 0015 53       		.byte	0x53
 3138 0016 00000000 		.4byte	0
 3139 001a 00000000 		.4byte	0
 3140              	.LLST1:
 3141 001e 00000000 		.4byte	.LVL3
 3142 0022 39000000 		.4byte	.LVL5-1
 3143 0026 0100     		.2byte	0x1
 3144 0028 50       		.byte	0x50
 3145 0029 39000000 		.4byte	.LVL5-1
 3146 002d 44000000 		.4byte	.LFE3
 3147 0031 0400     		.2byte	0x4
 3148 0033 F3       		.byte	0xf3
 3149 0034 01       		.uleb128 0x1
 3150 0035 50       		.byte	0x50
 3151 0036 9F       		.byte	0x9f
 3152 0037 00000000 		.4byte	0
 3153 003b 00000000 		.4byte	0
 3154              	.LLST2:
 3155 003f 32000000 		.4byte	.LVL4
 3156 0043 3C000000 		.4byte	.LVL6
 3157 0047 0100     		.2byte	0x1
 3158 0049 54       		.byte	0x54
 3159 004a 3C000000 		.4byte	.LVL6
 3160 004e 44000000 		.4byte	.LFE3
 3161 0052 0100     		.2byte	0x1
 3162 0054 50       		.byte	0x50
 3163 0055 00000000 		.4byte	0
 3164 0059 00000000 		.4byte	0
 3165              	.LLST3:
 3166 005d 02000000 		.4byte	.LVL7
 3167 0061 14000000 		.4byte	.LVL9
 3168 0065 0200     		.2byte	0x2
 3169 0067 30       		.byte	0x30
 3170 0068 9F       		.byte	0x9f
 3171 0069 14000000 		.4byte	.LVL9
 3172 006d 1C000000 		.4byte	.LFE4
 3173 0071 0100     		.2byte	0x1
 3174 0073 50       		.byte	0x50
 3175 0074 00000000 		.4byte	0
 3176 0078 00000000 		.4byte	0
 3177              	.LLST4:
 3178 007c 02000000 		.4byte	.LVL10
 3179 0080 12000000 		.4byte	.LVL11
 3180 0084 0300     		.2byte	0x3
 3181 0086 09       		.byte	0x9
 3182 0087 FF       		.byte	0xff
 3183 0088 9F       		.byte	0x9f
 3184 0089 12000000 		.4byte	.LVL11
 3185 008d 14000000 		.4byte	.LVL12
 3186 0091 0100     		.2byte	0x1
 3187 0093 50       		.byte	0x50
 3188 0094 18000000 		.4byte	.LVL13
 3189 0098 25000000 		.4byte	.LVL14-1
 3190 009c 0100     		.2byte	0x1
ARM GAS  C:\Users\Lenovo\AppData\Local\Temp\cc2HN0Qn.s 			page 111


 3191 009e 50       		.byte	0x50
 3192 009f 26000000 		.4byte	.LVL14
 3193 00a3 30000000 		.4byte	.LVL16
 3194 00a7 0100     		.2byte	0x1
 3195 00a9 50       		.byte	0x50
 3196 00aa 30000000 		.4byte	.LVL16
 3197 00ae 32000000 		.4byte	.LVL17
 3198 00b2 0300     		.2byte	0x3
 3199 00b4 09       		.byte	0x9
 3200 00b5 FF       		.byte	0xff
 3201 00b6 9F       		.byte	0x9f
 3202 00b7 32000000 		.4byte	.LVL17
 3203 00bb 3C000000 		.4byte	.LFE5
 3204 00bf 0100     		.2byte	0x1
 3205 00c1 50       		.byte	0x50
 3206 00c2 00000000 		.4byte	0
 3207 00c6 00000000 		.4byte	0
 3208              	.LLST5:
 3209 00ca 12000000 		.4byte	.LVL11
 3210 00ce 30000000 		.4byte	.LVL16
 3211 00d2 0100     		.2byte	0x1
 3212 00d4 54       		.byte	0x54
 3213 00d5 00000000 		.4byte	0
 3214 00d9 00000000 		.4byte	0
 3215              	.LLST6:
 3216 00dd 00000000 		.4byte	.LVL18
 3217 00e1 08000000 		.4byte	.LVL19
 3218 00e5 0100     		.2byte	0x1
 3219 00e7 50       		.byte	0x50
 3220 00e8 08000000 		.4byte	.LVL19
 3221 00ec A0000000 		.4byte	.LFE7
 3222 00f0 0400     		.2byte	0x4
 3223 00f2 F3       		.byte	0xf3
 3224 00f3 01       		.uleb128 0x1
 3225 00f4 50       		.byte	0x50
 3226 00f5 9F       		.byte	0x9f
 3227 00f6 00000000 		.4byte	0
 3228 00fa 00000000 		.4byte	0
 3229              	.LLST7:
 3230 00fe 00000000 		.4byte	.LVL18
 3231 0102 12000000 		.4byte	.LVL21
 3232 0106 0100     		.2byte	0x1
 3233 0108 51       		.byte	0x51
 3234 0109 12000000 		.4byte	.LVL21
 3235 010d A0000000 		.4byte	.LFE7
 3236 0111 0400     		.2byte	0x4
 3237 0113 F3       		.byte	0xf3
 3238 0114 01       		.uleb128 0x1
 3239 0115 51       		.byte	0x51
 3240 0116 9F       		.byte	0x9f
 3241 0117 00000000 		.4byte	0
 3242 011b 00000000 		.4byte	0
 3243              	.LLST8:
 3244 011f 00000000 		.4byte	.LVL18
 3245 0123 0C000000 		.4byte	.LVL20
 3246 0127 0100     		.2byte	0x1
 3247 0129 52       		.byte	0x52
ARM GAS  C:\Users\Lenovo\AppData\Local\Temp\cc2HN0Qn.s 			page 112


 3248 012a 0C000000 		.4byte	.LVL20
 3249 012e 98000000 		.4byte	.LVL35
 3250 0132 0100     		.2byte	0x1
 3251 0134 56       		.byte	0x56
 3252 0135 98000000 		.4byte	.LVL35
 3253 0139 A0000000 		.4byte	.LFE7
 3254 013d 0400     		.2byte	0x4
 3255 013f F3       		.byte	0xf3
 3256 0140 01       		.uleb128 0x1
 3257 0141 52       		.byte	0x52
 3258 0142 9F       		.byte	0x9f
 3259 0143 00000000 		.4byte	0
 3260 0147 00000000 		.4byte	0
 3261              	.LLST9:
 3262 014b 16000000 		.4byte	.LVL22
 3263 014f 1A000000 		.4byte	.LVL23
 3264 0153 0200     		.2byte	0x2
 3265 0155 30       		.byte	0x30
 3266 0156 9F       		.byte	0x9f
 3267 0157 1A000000 		.4byte	.LVL23
 3268 015b 98000000 		.4byte	.LVL34
 3269 015f 0100     		.2byte	0x1
 3270 0161 55       		.byte	0x55
 3271 0162 00000000 		.4byte	0
 3272 0166 00000000 		.4byte	0
 3273              	.LLST10:
 3274 016a 1E000000 		.4byte	.LVL24
 3275 016e 3D000000 		.4byte	.LVL25-1
 3276 0172 0100     		.2byte	0x1
 3277 0174 50       		.byte	0x50
 3278 0175 50000000 		.4byte	.LVL26
 3279 0179 6F000000 		.4byte	.LVL27-1
 3280 017d 0100     		.2byte	0x1
 3281 017f 50       		.byte	0x50
 3282 0180 76000000 		.4byte	.LVL28
 3283 0184 87000000 		.4byte	.LVL29-1
 3284 0188 0100     		.2byte	0x1
 3285 018a 50       		.byte	0x50
 3286 018b 00000000 		.4byte	0
 3287 018f 00000000 		.4byte	0
 3288              	.LLST11:
 3289 0193 16000000 		.4byte	.LVL22
 3290 0197 98000000 		.4byte	.LVL33
 3291 019b 0100     		.2byte	0x1
 3292 019d 54       		.byte	0x54
 3293 019e 00000000 		.4byte	0
 3294 01a2 00000000 		.4byte	0
 3295              	.LLST12:
 3296 01a6 08000000 		.4byte	.LVL37
 3297 01aa 40000000 		.4byte	.LFE8
 3298 01ae 0100     		.2byte	0x1
 3299 01b0 53       		.byte	0x53
 3300 01b1 00000000 		.4byte	0
 3301 01b5 00000000 		.4byte	0
 3302              	.LLST13:
 3303 01b9 02000000 		.4byte	.LVL36
 3304 01bd 08000000 		.4byte	.LVL37
ARM GAS  C:\Users\Lenovo\AppData\Local\Temp\cc2HN0Qn.s 			page 113


 3305 01c1 0200     		.2byte	0x2
 3306 01c3 30       		.byte	0x30
 3307 01c4 9F       		.byte	0x9f
 3308 01c5 08000000 		.4byte	.LVL37
 3309 01c9 40000000 		.4byte	.LFE8
 3310 01cd 0100     		.2byte	0x1
 3311 01cf 50       		.byte	0x50
 3312 01d0 00000000 		.4byte	0
 3313 01d4 00000000 		.4byte	0
 3314              	.LLST14:
 3315 01d8 0C000000 		.4byte	.LVL38
 3316 01dc 1E000000 		.4byte	.LVL41
 3317 01e0 0100     		.2byte	0x1
 3318 01e2 52       		.byte	0x52
 3319 01e3 20000000 		.4byte	.LVL42
 3320 01e7 26000000 		.4byte	.LVL43
 3321 01eb 0100     		.2byte	0x1
 3322 01ed 51       		.byte	0x51
 3323 01ee 26000000 		.4byte	.LVL43
 3324 01f2 36000000 		.4byte	.LVL47
 3325 01f6 0100     		.2byte	0x1
 3326 01f8 52       		.byte	0x52
 3327 01f9 00000000 		.4byte	0
 3328 01fd 00000000 		.4byte	0
 3329              	.LLST15:
 3330 0201 00000000 		.4byte	.LVL48
 3331 0205 05000000 		.4byte	.LVL49-1
 3332 0209 0100     		.2byte	0x1
 3333 020b 50       		.byte	0x50
 3334 020c 05000000 		.4byte	.LVL49-1
 3335 0210 08000000 		.4byte	.LFE10
 3336 0214 0400     		.2byte	0x4
 3337 0216 F3       		.byte	0xf3
 3338 0217 01       		.uleb128 0x1
 3339 0218 50       		.byte	0x50
 3340 0219 9F       		.byte	0x9f
 3341 021a 00000000 		.4byte	0
 3342 021e 00000000 		.4byte	0
 3343              	.LLST16:
 3344 0222 00000000 		.4byte	.LVL50
 3345 0226 08000000 		.4byte	.LVL51
 3346 022a 0100     		.2byte	0x1
 3347 022c 50       		.byte	0x50
 3348 022d 08000000 		.4byte	.LVL51
 3349 0231 0A000000 		.4byte	.LVL52
 3350 0235 0300     		.2byte	0x3
 3351 0237 70       		.byte	0x70
 3352 0238 01       		.sleb128 1
 3353 0239 9F       		.byte	0x9f
 3354 023a 0A000000 		.4byte	.LVL52
 3355 023e 30000000 		.4byte	.LFE11
 3356 0242 0400     		.2byte	0x4
 3357 0244 F3       		.byte	0xf3
 3358 0245 01       		.uleb128 0x1
 3359 0246 50       		.byte	0x50
 3360 0247 9F       		.byte	0x9f
 3361 0248 00000000 		.4byte	0
ARM GAS  C:\Users\Lenovo\AppData\Local\Temp\cc2HN0Qn.s 			page 114


 3362 024c 00000000 		.4byte	0
 3363              	.LLST17:
 3364 0250 00000000 		.4byte	.LVL53
 3365 0254 08000000 		.4byte	.LVL54
 3366 0258 0100     		.2byte	0x1
 3367 025a 50       		.byte	0x50
 3368 025b 08000000 		.4byte	.LVL54
 3369 025f 0A000000 		.4byte	.LVL55
 3370 0263 0300     		.2byte	0x3
 3371 0265 70       		.byte	0x70
 3372 0266 01       		.sleb128 1
 3373 0267 9F       		.byte	0x9f
 3374 0268 0A000000 		.4byte	.LVL55
 3375 026c 30000000 		.4byte	.LFE12
 3376 0270 0400     		.2byte	0x4
 3377 0272 F3       		.byte	0xf3
 3378 0273 01       		.uleb128 0x1
 3379 0274 50       		.byte	0x50
 3380 0275 9F       		.byte	0x9f
 3381 0276 00000000 		.4byte	0
 3382 027a 00000000 		.4byte	0
 3383              	.LLST18:
 3384 027e 00000000 		.4byte	.LVL56
 3385 0282 06000000 		.4byte	.LVL57
 3386 0286 0100     		.2byte	0x1
 3387 0288 50       		.byte	0x50
 3388 0289 06000000 		.4byte	.LVL57
 3389 028d 10000000 		.4byte	.LVL60
 3390 0291 0100     		.2byte	0x1
 3391 0293 54       		.byte	0x54
 3392 0294 10000000 		.4byte	.LVL60
 3393 0298 12000000 		.4byte	.LFE13
 3394 029c 0400     		.2byte	0x4
 3395 029e F3       		.byte	0xf3
 3396 029f 01       		.uleb128 0x1
 3397 02a0 50       		.byte	0x50
 3398 02a1 9F       		.byte	0x9f
 3399 02a2 00000000 		.4byte	0
 3400 02a6 00000000 		.4byte	0
 3401              	.LLST19:
 3402 02aa 00000000 		.4byte	.LVL56
 3403 02ae 09000000 		.4byte	.LVL58-1
 3404 02b2 0100     		.2byte	0x1
 3405 02b4 51       		.byte	0x51
 3406 02b5 09000000 		.4byte	.LVL58-1
 3407 02b9 12000000 		.4byte	.LFE13
 3408 02bd 0400     		.2byte	0x4
 3409 02bf F3       		.byte	0xf3
 3410 02c0 01       		.uleb128 0x1
 3411 02c1 51       		.byte	0x51
 3412 02c2 9F       		.byte	0x9f
 3413 02c3 00000000 		.4byte	0
 3414 02c7 00000000 		.4byte	0
 3415              	.LLST20:
 3416 02cb 00000000 		.4byte	.LVL61
 3417 02cf 08000000 		.4byte	.LVL63
 3418 02d3 0100     		.2byte	0x1
ARM GAS  C:\Users\Lenovo\AppData\Local\Temp\cc2HN0Qn.s 			page 115


 3419 02d5 50       		.byte	0x50
 3420 02d6 08000000 		.4byte	.LVL63
 3421 02da 0A000000 		.4byte	.LVL64
 3422 02de 0100     		.2byte	0x1
 3423 02e0 53       		.byte	0x53
 3424 02e1 0A000000 		.4byte	.LVL64
 3425 02e5 0C000000 		.4byte	.LVL65
 3426 02e9 0100     		.2byte	0x1
 3427 02eb 50       		.byte	0x50
 3428 02ec 0C000000 		.4byte	.LVL65
 3429 02f0 17000000 		.4byte	.LVL67-1
 3430 02f4 0100     		.2byte	0x1
 3431 02f6 53       		.byte	0x53
 3432 02f7 17000000 		.4byte	.LVL67-1
 3433 02fb 1A000000 		.4byte	.LFE14
 3434 02ff 0400     		.2byte	0x4
 3435 0301 F3       		.byte	0xf3
 3436 0302 01       		.uleb128 0x1
 3437 0303 50       		.byte	0x50
 3438 0304 9F       		.byte	0x9f
 3439 0305 00000000 		.4byte	0
 3440 0309 00000000 		.4byte	0
 3441              	.LLST21:
 3442 030d 04000000 		.4byte	.LVL62
 3443 0311 0C000000 		.4byte	.LVL65
 3444 0315 0200     		.2byte	0x2
 3445 0317 30       		.byte	0x30
 3446 0318 9F       		.byte	0x9f
 3447 0319 0C000000 		.4byte	.LVL65
 3448 031d 14000000 		.4byte	.LVL66
 3449 0321 0100     		.2byte	0x1
 3450 0323 50       		.byte	0x50
 3451 0324 18000000 		.4byte	.LVL67
 3452 0328 1A000000 		.4byte	.LFE14
 3453 032c 0100     		.2byte	0x1
 3454 032e 50       		.byte	0x50
 3455 032f 00000000 		.4byte	0
 3456 0333 00000000 		.4byte	0
 3457              	.LLST22:
 3458 0337 02000000 		.4byte	.LVL68
 3459 033b 08000000 		.4byte	.LVL69
 3460 033f 0200     		.2byte	0x2
 3461 0341 30       		.byte	0x30
 3462 0342 9F       		.byte	0x9f
 3463 0343 08000000 		.4byte	.LVL69
 3464 0347 18000000 		.4byte	.LVL74
 3465 034b 0100     		.2byte	0x1
 3466 034d 55       		.byte	0x55
 3467 034e 18000000 		.4byte	.LVL74
 3468 0352 1A000000 		.4byte	.LFE15
 3469 0356 0100     		.2byte	0x1
 3470 0358 50       		.byte	0x50
 3471 0359 00000000 		.4byte	0
 3472 035d 00000000 		.4byte	0
 3473              	.LLST23:
 3474 0361 02000000 		.4byte	.LVL68
 3475 0365 08000000 		.4byte	.LVL69
ARM GAS  C:\Users\Lenovo\AppData\Local\Temp\cc2HN0Qn.s 			page 116


 3476 0369 0200     		.2byte	0x2
 3477 036b 30       		.byte	0x30
 3478 036c 9F       		.byte	0x9f
 3479 036d 08000000 		.4byte	.LVL69
 3480 0371 18000000 		.4byte	.LVL73
 3481 0375 0100     		.2byte	0x1
 3482 0377 54       		.byte	0x54
 3483 0378 00000000 		.4byte	0
 3484 037c 00000000 		.4byte	0
 3485              	.LLST24:
 3486 0380 02000000 		.4byte	.LVL75
 3487 0384 06000000 		.4byte	.LVL76
 3488 0388 0200     		.2byte	0x2
 3489 038a 30       		.byte	0x30
 3490 038b 9F       		.byte	0x9f
 3491 038c 06000000 		.4byte	.LVL76
 3492 0390 38000000 		.4byte	.LVL82
 3493 0394 0100     		.2byte	0x1
 3494 0396 55       		.byte	0x55
 3495 0397 00000000 		.4byte	0
 3496 039b 00000000 		.4byte	0
 3497              	.LLST25:
 3498 039f 10000000 		.4byte	.LVL77
 3499 03a3 14000000 		.4byte	.LVL78
 3500 03a7 0200     		.2byte	0x2
 3501 03a9 30       		.byte	0x30
 3502 03aa 9F       		.byte	0x9f
 3503 03ab 14000000 		.4byte	.LVL78
 3504 03af 34000000 		.4byte	.LVL81
 3505 03b3 0100     		.2byte	0x1
 3506 03b5 54       		.byte	0x54
 3507 03b6 00000000 		.4byte	0
 3508 03ba 00000000 		.4byte	0
 3509              	.LLST26:
 3510 03be 10000000 		.4byte	.LVL77
 3511 03c2 34000000 		.4byte	.LVL81
 3512 03c6 0100     		.2byte	0x1
 3513 03c8 56       		.byte	0x56
 3514 03c9 00000000 		.4byte	0
 3515 03cd 00000000 		.4byte	0
 3516              	.LLST27:
 3517 03d1 00000000 		.4byte	.LVL83
 3518 03d5 04000000 		.4byte	.LVL84
 3519 03d9 0100     		.2byte	0x1
 3520 03db 50       		.byte	0x50
 3521 03dc 04000000 		.4byte	.LVL84
 3522 03e0 14000000 		.4byte	.LFE21
 3523 03e4 0400     		.2byte	0x4
 3524 03e6 F3       		.byte	0xf3
 3525 03e7 01       		.uleb128 0x1
 3526 03e8 50       		.byte	0x50
 3527 03e9 9F       		.byte	0x9f
 3528 03ea 00000000 		.4byte	0
 3529 03ee 00000000 		.4byte	0
 3530              	.LLST28:
 3531 03f2 00000000 		.4byte	.LVL87
 3532 03f6 1A000000 		.4byte	.LVL89
ARM GAS  C:\Users\Lenovo\AppData\Local\Temp\cc2HN0Qn.s 			page 117


 3533 03fa 0100     		.2byte	0x1
 3534 03fc 50       		.byte	0x50
 3535 03fd 1A000000 		.4byte	.LVL89
 3536 0401 22000000 		.4byte	.LVL90
 3537 0405 0400     		.2byte	0x4
 3538 0407 F3       		.byte	0xf3
 3539 0408 01       		.uleb128 0x1
 3540 0409 50       		.byte	0x50
 3541 040a 9F       		.byte	0x9f
 3542 040b 22000000 		.4byte	.LVL90
 3543 040f 24000000 		.4byte	.LVL91
 3544 0413 0100     		.2byte	0x1
 3545 0415 50       		.byte	0x50
 3546 0416 24000000 		.4byte	.LVL91
 3547 041a 30000000 		.4byte	.LFE22
 3548 041e 0400     		.2byte	0x4
 3549 0420 F3       		.byte	0xf3
 3550 0421 01       		.uleb128 0x1
 3551 0422 50       		.byte	0x50
 3552 0423 9F       		.byte	0x9f
 3553 0424 00000000 		.4byte	0
 3554 0428 00000000 		.4byte	0
 3555              	.LLST29:
 3556 042c 28000000 		.4byte	.LVL92
 3557 0430 2A000000 		.4byte	.LVL93
 3558 0434 0100     		.2byte	0x1
 3559 0436 50       		.byte	0x50
 3560 0437 00000000 		.4byte	0
 3561 043b 00000000 		.4byte	0
 3562              	.LLST30:
 3563 043f 06000000 		.4byte	.LVL88
 3564 0443 2A000000 		.4byte	.LVL94
 3565 0447 0100     		.2byte	0x1
 3566 0449 54       		.byte	0x54
 3567 044a 00000000 		.4byte	0
 3568 044e 00000000 		.4byte	0
 3569              	.LLST31:
 3570 0452 00000000 		.4byte	.LVL95
 3571 0456 07000000 		.4byte	.LVL96-1
 3572 045a 0100     		.2byte	0x1
 3573 045c 50       		.byte	0x50
 3574 045d 07000000 		.4byte	.LVL96-1
 3575 0461 12000000 		.4byte	.LFE19
 3576 0465 0400     		.2byte	0x4
 3577 0467 F3       		.byte	0xf3
 3578 0468 01       		.uleb128 0x1
 3579 0469 50       		.byte	0x50
 3580 046a 9F       		.byte	0x9f
 3581 046b 00000000 		.4byte	0
 3582 046f 00000000 		.4byte	0
 3583              	.LLST32:
 3584 0473 00000000 		.4byte	.LVL95
 3585 0477 07000000 		.4byte	.LVL96-1
 3586 047b 0100     		.2byte	0x1
 3587 047d 51       		.byte	0x51
 3588 047e 07000000 		.4byte	.LVL96-1
 3589 0482 10000000 		.4byte	.LVL98
ARM GAS  C:\Users\Lenovo\AppData\Local\Temp\cc2HN0Qn.s 			page 118


 3590 0486 0100     		.2byte	0x1
 3591 0488 54       		.byte	0x54
 3592 0489 10000000 		.4byte	.LVL98
 3593 048d 12000000 		.4byte	.LFE19
 3594 0491 0400     		.2byte	0x4
 3595 0493 F3       		.byte	0xf3
 3596 0494 01       		.uleb128 0x1
 3597 0495 51       		.byte	0x51
 3598 0496 9F       		.byte	0x9f
 3599 0497 00000000 		.4byte	0
 3600 049b 00000000 		.4byte	0
 3601              	.LLST33:
 3602 049f 08000000 		.4byte	.LVL96
 3603 04a3 0D000000 		.4byte	.LVL97-1
 3604 04a7 0100     		.2byte	0x1
 3605 04a9 50       		.byte	0x50
 3606 04aa 00000000 		.4byte	0
 3607 04ae 00000000 		.4byte	0
 3608              	.LLST34:
 3609 04b2 02000000 		.4byte	.LVL99
 3610 04b6 06000000 		.4byte	.LVL100
 3611 04ba 0200     		.2byte	0x2
 3612 04bc 30       		.byte	0x30
 3613 04bd 9F       		.byte	0x9f
 3614 04be 06000000 		.4byte	.LVL100
 3615 04c2 1E000000 		.4byte	.LVL104
 3616 04c6 0100     		.2byte	0x1
 3617 04c8 54       		.byte	0x54
 3618 04c9 00000000 		.4byte	0
 3619 04cd 00000000 		.4byte	0
 3620              	.LLST35:
 3621 04d1 12000000 		.4byte	.LVL101
 3622 04d5 17000000 		.4byte	.LVL102-1
 3623 04d9 0100     		.2byte	0x1
 3624 04db 51       		.byte	0x51
 3625 04dc 00000000 		.4byte	0
 3626 04e0 00000000 		.4byte	0
 3627              		.section	.debug_aranges,"",%progbits
 3628 0000 BC000000 		.4byte	0xbc
 3629 0004 0200     		.2byte	0x2
 3630 0006 00000000 		.4byte	.Ldebug_info0
 3631 000a 04       		.byte	0x4
 3632 000b 00       		.byte	0
 3633 000c 0000     		.2byte	0
 3634 000e 0000     		.2byte	0
 3635 0010 00000000 		.4byte	.LFB16
 3636 0014 20000000 		.4byte	.LFE16-.LFB16
 3637 0018 00000000 		.4byte	.LFB17
 3638 001c 08000000 		.4byte	.LFE17-.LFB17
 3639 0020 00000000 		.4byte	.LFB2
 3640 0024 10000000 		.4byte	.LFE2-.LFB2
 3641 0028 00000000 		.4byte	.LFB3
 3642 002c 44000000 		.4byte	.LFE3-.LFB3
 3643 0030 00000000 		.4byte	.LFB4
 3644 0034 1C000000 		.4byte	.LFE4-.LFB4
 3645 0038 00000000 		.4byte	.LFB5
 3646 003c 3C000000 		.4byte	.LFE5-.LFB5
ARM GAS  C:\Users\Lenovo\AppData\Local\Temp\cc2HN0Qn.s 			page 119


 3647 0040 00000000 		.4byte	.LFB7
 3648 0044 A0000000 		.4byte	.LFE7-.LFB7
 3649 0048 00000000 		.4byte	.LFB8
 3650 004c 40000000 		.4byte	.LFE8-.LFB8
 3651 0050 00000000 		.4byte	.LFB9
 3652 0054 02000000 		.4byte	.LFE9-.LFB9
 3653 0058 00000000 		.4byte	.LFB10
 3654 005c 08000000 		.4byte	.LFE10-.LFB10
 3655 0060 00000000 		.4byte	.LFB11
 3656 0064 30000000 		.4byte	.LFE11-.LFB11
 3657 0068 00000000 		.4byte	.LFB12
 3658 006c 30000000 		.4byte	.LFE12-.LFB12
 3659 0070 00000000 		.4byte	.LFB13
 3660 0074 12000000 		.4byte	.LFE13-.LFB13
 3661 0078 00000000 		.4byte	.LFB14
 3662 007c 1A000000 		.4byte	.LFE14-.LFB14
 3663 0080 00000000 		.4byte	.LFB15
 3664 0084 1A000000 		.4byte	.LFE15-.LFB15
 3665 0088 00000000 		.4byte	.LFB20
 3666 008c 40000000 		.4byte	.LFE20-.LFB20
 3667 0090 00000000 		.4byte	.LFB21
 3668 0094 14000000 		.4byte	.LFE21-.LFB21
 3669 0098 00000000 		.4byte	.LFB22
 3670 009c 30000000 		.4byte	.LFE22-.LFB22
 3671 00a0 00000000 		.4byte	.LFB19
 3672 00a4 12000000 		.4byte	.LFE19-.LFB19
 3673 00a8 00000000 		.4byte	.LFB18
 3674 00ac 24000000 		.4byte	.LFE18-.LFB18
 3675 00b0 00000000 		.4byte	.LFB6
 3676 00b4 16000000 		.4byte	.LFE6-.LFB6
 3677 00b8 00000000 		.4byte	0
 3678 00bc 00000000 		.4byte	0
 3679              		.section	.debug_ranges,"",%progbits
 3680              	.Ldebug_ranges0:
 3681 0000 00000000 		.4byte	.LFB16
 3682 0004 20000000 		.4byte	.LFE16
 3683 0008 00000000 		.4byte	.LFB17
 3684 000c 08000000 		.4byte	.LFE17
 3685 0010 00000000 		.4byte	.LFB2
 3686 0014 10000000 		.4byte	.LFE2
 3687 0018 00000000 		.4byte	.LFB3
 3688 001c 44000000 		.4byte	.LFE3
 3689 0020 00000000 		.4byte	.LFB4
 3690 0024 1C000000 		.4byte	.LFE4
 3691 0028 00000000 		.4byte	.LFB5
 3692 002c 3C000000 		.4byte	.LFE5
 3693 0030 00000000 		.4byte	.LFB7
 3694 0034 A0000000 		.4byte	.LFE7
 3695 0038 00000000 		.4byte	.LFB8
 3696 003c 40000000 		.4byte	.LFE8
 3697 0040 00000000 		.4byte	.LFB9
 3698 0044 02000000 		.4byte	.LFE9
 3699 0048 00000000 		.4byte	.LFB10
 3700 004c 08000000 		.4byte	.LFE10
 3701 0050 00000000 		.4byte	.LFB11
 3702 0054 30000000 		.4byte	.LFE11
 3703 0058 00000000 		.4byte	.LFB12
ARM GAS  C:\Users\Lenovo\AppData\Local\Temp\cc2HN0Qn.s 			page 120


 3704 005c 30000000 		.4byte	.LFE12
 3705 0060 00000000 		.4byte	.LFB13
 3706 0064 12000000 		.4byte	.LFE13
 3707 0068 00000000 		.4byte	.LFB14
 3708 006c 1A000000 		.4byte	.LFE14
 3709 0070 00000000 		.4byte	.LFB15
 3710 0074 1A000000 		.4byte	.LFE15
 3711 0078 00000000 		.4byte	.LFB20
 3712 007c 40000000 		.4byte	.LFE20
 3713 0080 00000000 		.4byte	.LFB21
 3714 0084 14000000 		.4byte	.LFE21
 3715 0088 00000000 		.4byte	.LFB22
 3716 008c 30000000 		.4byte	.LFE22
 3717 0090 00000000 		.4byte	.LFB19
 3718 0094 12000000 		.4byte	.LFE19
 3719 0098 00000000 		.4byte	.LFB18
 3720 009c 24000000 		.4byte	.LFE18
 3721 00a0 00000000 		.4byte	.LFB6
 3722 00a4 16000000 		.4byte	.LFE6
 3723 00a8 00000000 		.4byte	0
 3724 00ac 00000000 		.4byte	0
 3725              		.section	.debug_line,"",%progbits
 3726              	.Ldebug_line0:
 3727 0000 7D030000 		.section	.debug_str,"MS",%progbits,1
 3727      0200BA00 
 3727      00000201 
 3727      FB0E0D00 
 3727      01010101 
 3728              	.LASF122:
 3729 0000 43617053 		.ascii	"CapSense_SsCSDGetColSnsClkDivider\000"
 3729      656E7365 
 3729      5F537343 
 3729      53444765 
 3729      74436F6C 
 3730              	.LASF100:
 3731 0022 73656E73 		.ascii	"sensorElement\000"
 3731      6F72456C 
 3731      656D656E 
 3731      7400
 3732              	.LASF96:
 3733 0030 7363616E 		.ascii	"scanStatus\000"
 3733      53746174 
 3733      757300
 3734              	.LASF107:
 3735 003b 43617053 		.ascii	"CapSense_SsSetIOsInDefaultState\000"
 3735      656E7365 
 3735      5F537353 
 3735      6574494F 
 3735      73496E44 
 3736              	.LASF139:
 3737 005b 43617053 		.ascii	"CapSense_widgetIndex\000"
 3737      656E7365 
 3737      5F776964 
 3737      67657449 
 3737      6E646578 
 3738              	.LASF59:
 3739 0070 736E7254 		.ascii	"snrTestWidgetId\000"
ARM GAS  C:\Users\Lenovo\AppData\Local\Temp\cc2HN0Qn.s 			page 121


 3739      65737457 
 3739      69646765 
 3739      74496400 
 3740              	.LASF21:
 3741 0080 43617053 		.ascii	"CapSense_UNDEFINED_E\000"
 3741      656E7365 
 3741      5F554E44 
 3741      4546494E 
 3741      45445F45 
 3742              	.LASF8:
 3743 0095 756E7369 		.ascii	"unsigned int\000"
 3743      676E6564 
 3743      20696E74 
 3743      00
 3744              	.LASF50:
 3745 00a2 7363616E 		.ascii	"scanCounter\000"
 3745      436F756E 
 3745      74657200 
 3746              	.LASF134:
 3747 00ae 696E6974 		.ascii	"initStatus\000"
 3747      53746174 
 3747      757300
 3748              	.LASF109:
 3749 00b9 72656756 		.ascii	"regValue\000"
 3749      616C7565 
 3749      00
 3750              	.LASF104:
 3751 00c2 696E7465 		.ascii	"interruptState\000"
 3751      72727570 
 3751      74537461 
 3751      746500
 3752              	.LASF16:
 3753 00d1 72656738 		.ascii	"reg8\000"
 3753      00
 3754              	.LASF131:
 3755 00d6 6C667372 		.ascii	"lfsrScale\000"
 3755      5363616C 
 3755      6500
 3756              	.LASF156:
 3757 00e0 43617053 		.ascii	"CapSense_IsBusy\000"
 3757      656E7365 
 3757      5F497342 
 3757      75737900 
 3758              	.LASF112:
 3759 00f0 43617053 		.ascii	"CapSense_SsSetModClkClockDivider\000"
 3759      656E7365 
 3759      5F537353 
 3759      65744D6F 
 3759      64436C6B 
 3760              	.LASF40:
 3761 0111 43617053 		.ascii	"CapSense_RAM_WD_LIST_STRUCT\000"
 3761      656E7365 
 3761      5F52414D 
 3761      5F57445F 
 3761      4C495354 
 3762              	.LASF102:
 3763 012d 656C7464 		.ascii	"eltdNum\000"
ARM GAS  C:\Users\Lenovo\AppData\Local\Temp\cc2HN0Qn.s 			page 122


 3763      4E756D00 
 3764              	.LASF124:
 3765 0135 70747257 		.ascii	"ptrWdgt\000"
 3765      64677400 
 3766              	.LASF129:
 3767 013d 43617053 		.ascii	"CapSense_SsSetWidgetSenseClkSrc\000"
 3767      656E7365 
 3767      5F537353 
 3767      65745769 
 3767      64676574 
 3768              	.LASF108:
 3769 015d 6C6F6F70 		.ascii	"loopIndex\000"
 3769      496E6465 
 3769      7800
 3770              	.LASF12:
 3771 0167 666C6F61 		.ascii	"float\000"
 3771      7400
 3772              	.LASF72:
 3773 016d 73686966 		.ascii	"shift\000"
 3773      7400
 3774              	.LASF119:
 3775 0173 43617053 		.ascii	"CapSense_SsClearCSDSensors\000"
 3775      656E7365 
 3775      5F537343 
 3775      6C656172 
 3775      43534453 
 3776              	.LASF144:
 3777 018e 43617053 		.ascii	"CapSense_CSDSetupWidget\000"
 3777      656E7365 
 3777      5F435344 
 3777      53657475 
 3777      70576964 
 3778              	.LASF58:
 3779 01a6 736E734C 		.ascii	"snsList\000"
 3779      69737400 
 3780              	.LASF7:
 3781 01ae 6C6F6E67 		.ascii	"long long unsigned int\000"
 3781      206C6F6E 
 3781      6720756E 
 3781      7369676E 
 3781      65642069 
 3782              	.LASF140:
 3783 01c5 43617053 		.ascii	"CapSense_sensorIndex\000"
 3783      656E7365 
 3783      5F73656E 
 3783      736F7249 
 3783      6E646578 
 3784              	.LASF73:
 3785 01da 43617053 		.ascii	"CapSense_FLASH_IO_STRUCT\000"
 3785      656E7365 
 3785      5F464C41 
 3785      53485F49 
 3785      4F5F5354 
 3786              	.LASF60:
 3787 01f3 736E7254 		.ascii	"snrTestSensorId\000"
 3787      65737453 
 3787      656E736F 
ARM GAS  C:\Users\Lenovo\AppData\Local\Temp\cc2HN0Qn.s 			page 123


 3787      72496400 
 3788              	.LASF81:
 3789 0203 77646774 		.ascii	"wdgtType\000"
 3789      54797065 
 3789      00
 3790              	.LASF130:
 3791 020c 6C667372 		.ascii	"lfsrSize\000"
 3791      53697A65 
 3791      00
 3792              	.LASF153:
 3793 0215 474E5520 		.ascii	"GNU C11 5.4.1 20160609 (release) [ARM/embedded-5-br"
 3793      43313120 
 3793      352E342E 
 3793      31203230 
 3793      31363036 
 3794 0248 616E6368 		.ascii	"anch revision 237715] -mcpu=cortex-m0 -mthumb -g -O"
 3794      20726576 
 3794      6973696F 
 3794      6E203233 
 3794      37373135 
 3795 027b 67202D66 		.ascii	"g -ffunction-sections -ffat-lto-objects\000"
 3795      66756E63 
 3795      74696F6E 
 3795      2D736563 
 3795      74696F6E 
 3796              	.LASF56:
 3797 02a3 6D6F6443 		.ascii	"modCsdClk\000"
 3797      7364436C 
 3797      6B00
 3798              	.LASF45:
 3799 02ad 43617053 		.ascii	"CapSense_RAM_SNS_STRUCT\000"
 3799      656E7365 
 3799      5F52414D 
 3799      5F534E53 
 3799      5F535452 
 3800              	.LASF125:
 3801 02c5 43617053 		.ascii	"CapSense_SsCSDCalcPrsSize\000"
 3801      656E7365 
 3801      5F537343 
 3801      53444361 
 3801      6C635072 
 3802              	.LASF66:
 3803 02df 64725074 		.ascii	"drPtr\000"
 3803      7200
 3804              	.LASF113:
 3805 02e5 6D6F6443 		.ascii	"modClk\000"
 3805      6C6B00
 3806              	.LASF29:
 3807 02ec 68797374 		.ascii	"hysteresis\000"
 3807      65726573 
 3807      697300
 3808              	.LASF86:
 3809 02f7 43617053 		.ascii	"CapSense_FLASH_WD_STRUCT\000"
 3809      656E7365 
 3809      5F464C41 
 3809      53485F57 
 3809      445F5354 
ARM GAS  C:\Users\Lenovo\AppData\Local\Temp\cc2HN0Qn.s 			page 124


 3810              	.LASF31:
 3811 0310 6C6F7742 		.ascii	"lowBslnRst\000"
 3811      736C6E52 
 3811      737400
 3812              	.LASF80:
 3813 031b 746F7461 		.ascii	"totalNumSns\000"
 3813      6C4E756D 
 3813      536E7300 
 3814              	.LASF27:
 3815 0327 6E6F6973 		.ascii	"noiseTh\000"
 3815      65546800 
 3816              	.LASF14:
 3817 032f 63686172 		.ascii	"char\000"
 3817      00
 3818              	.LASF147:
 3819 0334 43794578 		.ascii	"CyExitCriticalSection\000"
 3819      69744372 
 3819      69746963 
 3819      616C5365 
 3819      6374696F 
 3820              	.LASF70:
 3821 034a 6873696F 		.ascii	"hsiomShift\000"
 3821      6D536869 
 3821      667400
 3822              	.LASF10:
 3823 0355 75696E74 		.ascii	"uint16\000"
 3823      313600
 3824              	.LASF90:
 3825 035c 43617053 		.ascii	"CapSense_SsTrimIdacsSourcing\000"
 3825      656E7365 
 3825      5F537354 
 3825      72696D49 
 3825      64616373 
 3826              	.LASF25:
 3827 0379 7265736F 		.ascii	"resolution\000"
 3827      6C757469 
 3827      6F6E00
 3828              	.LASF51:
 3829 0384 73746174 		.ascii	"status\000"
 3829      757300
 3830              	.LASF116:
 3831 038b 43617053 		.ascii	"CapSense_CalibrateWidget\000"
 3831      656E7365 
 3831      5F43616C 
 3831      69627261 
 3831      74655769 
 3832              	.LASF20:
 3833 03a4 43617053 		.ascii	"CapSense_LOW_BSLN_RST_TYPE\000"
 3833      656E7365 
 3833      5F4C4F57 
 3833      5F42534C 
 3833      4E5F5253 
 3834              	.LASF114:
 3835 03bf 43617053 		.ascii	"CapSense_SsSetSnsClockDivider\000"
 3835      656E7365 
 3835      5F537353 
 3835      6574536E 
ARM GAS  C:\Users\Lenovo\AppData\Local\Temp\cc2HN0Qn.s 			page 125


 3835      73436C6F 
 3836              	.LASF127:
 3837 03dd 70727353 		.ascii	"prsSize\000"
 3837      697A6500 
 3838              	.LASF65:
 3839 03e5 70635074 		.ascii	"pcPtr\000"
 3839      7200
 3840              	.LASF6:
 3841 03eb 6C6F6E67 		.ascii	"long long int\000"
 3841      206C6F6E 
 3841      6720696E 
 3841      7400
 3842              	.LASF82:
 3843 03f9 6E756D43 		.ascii	"numCols\000"
 3843      6F6C7300 
 3844              	.LASF152:
 3845 0401 43617053 		.ascii	"CapSense_SsCSDInitialize\000"
 3845      656E7365 
 3845      5F537343 
 3845      5344496E 
 3845      69746961 
 3846              	.LASF30:
 3847 041a 6F6E4465 		.ascii	"onDebounce\000"
 3847      626F756E 
 3847      636500
 3848              	.LASF117:
 3849 0425 63616C69 		.ascii	"calibrateStatus\000"
 3849      62726174 
 3849      65537461 
 3849      74757300 
 3850              	.LASF57:
 3851 0435 77646774 		.ascii	"wdgtList\000"
 3851      4C697374 
 3851      00
 3852              	.LASF118:
 3853 043e 43617053 		.ascii	"CapSense_CalibrateAllWidgets\000"
 3853      656E7365 
 3853      5F43616C 
 3853      69627261 
 3853      7465416C 
 3854              	.LASF88:
 3855 045b 43617053 		.ascii	"CapSense_FLASH_STRUCT\000"
 3855      656E7365 
 3855      5F464C41 
 3855      53485F53 
 3855      54525543 
 3856              	.LASF95:
 3857 0471 43617053 		.ascii	"CapSense_Scan\000"
 3857      656E7365 
 3857      5F536361 
 3857      6E00
 3858              	.LASF135:
 3859 047f 43617053 		.ascii	"CapSense_dsRam\000"
 3859      656E7365 
 3859      5F647352 
 3859      616D00
 3860              	.LASF62:
ARM GAS  C:\Users\Lenovo\AppData\Local\Temp\cc2HN0Qn.s 			page 126


 3861 048e 736E7254 		.ascii	"snrTestRawCount\000"
 3861      65737452 
 3861      6177436F 
 3861      756E7400 
 3862              	.LASF28:
 3863 049e 6E4E6F69 		.ascii	"nNoiseTh\000"
 3863      73655468 
 3863      00
 3864              	.LASF55:
 3865 04a7 63736430 		.ascii	"csd0Config\000"
 3865      436F6E66 
 3865      696700
 3866              	.LASF18:
 3867 04b2 63796973 		.ascii	"cyisraddress\000"
 3867      72616464 
 3867      72657373 
 3867      00
 3868              	.LASF36:
 3869 04bf 43617053 		.ascii	"CapSense_RAM_WD_BASE_STRUCT\000"
 3869      656E7365 
 3869      5F52414D 
 3869      5F57445F 
 3869      42415345 
 3870              	.LASF64:
 3871 04db 6873696F 		.ascii	"hsiomPtr\000"
 3871      6D507472 
 3871      00
 3872              	.LASF11:
 3873 04e4 75696E74 		.ascii	"uint32\000"
 3873      333200
 3874              	.LASF77:
 3875 04eb 70747232 		.ascii	"ptr2FltrHistory\000"
 3875      466C7472 
 3875      48697374 
 3875      6F727900 
 3876              	.LASF143:
 3877 04fb 43617053 		.ascii	"CapSense_curSnsIOPtr\000"
 3877      656E7365 
 3877      5F637572 
 3877      536E7349 
 3877      4F507472 
 3878              	.LASF69:
 3879 0510 6D61736B 		.ascii	"mask\000"
 3879      00
 3880              	.LASF115:
 3881 0515 43617053 		.ascii	"CapSense_SsSetClockDividers\000"
 3881      656E7365 
 3881      5F537353 
 3881      6574436C 
 3881      6F636B44 
 3882              	.LASF98:
 3883 0531 77646774 		.ascii	"wdgtIndex\000"
 3883      496E6465 
 3883      7800
 3884              	.LASF120:
 3885 053b 736E7349 		.ascii	"snsIndex\000"
 3885      6E646578 
ARM GAS  C:\Users\Lenovo\AppData\Local\Temp\cc2HN0Qn.s 			page 127


 3885      00
 3886              	.LASF89:
 3887 0544 6C6F6E67 		.ascii	"long double\000"
 3887      20646F75 
 3887      626C6500 
 3888              	.LASF17:
 3889 0550 72656733 		.ascii	"reg32\000"
 3889      3200
 3890              	.LASF61:
 3891 0556 736E7254 		.ascii	"snrTestScanCounter\000"
 3891      65737453 
 3891      63616E43 
 3891      6F756E74 
 3891      657200
 3892              	.LASF47:
 3893 0569 636F6E66 		.ascii	"configId\000"
 3893      69674964 
 3893      00
 3894              	.LASF76:
 3895 0572 70747232 		.ascii	"ptr2SnsRam\000"
 3895      536E7352 
 3895      616D00
 3896              	.LASF54:
 3897 057d 736E7353 		.ascii	"snsStatus\000"
 3897      74617475 
 3897      7300
 3898              	.LASF34:
 3899 0587 736E7343 		.ascii	"snsClkSource\000"
 3899      6C6B536F 
 3899      75726365 
 3899      00
 3900              	.LASF83:
 3901 0594 78526573 		.ascii	"xResolution\000"
 3901      6F6C7574 
 3901      696F6E00 
 3902              	.LASF110:
 3903 05a0 43617053 		.ascii	"CapSense_SsIsrInitialize\000"
 3903      656E7365 
 3903      5F537349 
 3903      7372496E 
 3903      69746961 
 3904              	.LASF2:
 3905 05b9 73686F72 		.ascii	"short int\000"
 3905      7420696E 
 3905      7400
 3906              	.LASF63:
 3907 05c3 43617053 		.ascii	"CapSense_RAM_STRUCT\000"
 3907      656E7365 
 3907      5F52414D 
 3907      5F535452 
 3907      55435400 
 3908              	.LASF151:
 3909 05d7 43617053 		.ascii	"CapSense_CSDDisconnectSns\000"
 3909      656E7365 
 3909      5F435344 
 3909      44697363 
 3909      6F6E6E65 
ARM GAS  C:\Users\Lenovo\AppData\Local\Temp\cc2HN0Qn.s 			page 128


 3910              	.LASF4:
 3911 05f1 6C6F6E67 		.ascii	"long int\000"
 3911      20696E74 
 3911      00
 3912              	.LASF52:
 3913 05fa 77646774 		.ascii	"wdgtEnable\000"
 3913      456E6162 
 3913      6C6500
 3914              	.LASF43:
 3915 0605 64696666 		.ascii	"diff\000"
 3915      00
 3916              	.LASF49:
 3917 060a 74756E65 		.ascii	"tunerCmd\000"
 3917      72436D64 
 3917      00
 3918              	.LASF23:
 3919 0613 43617053 		.ascii	"CapSense_SENSE_METHOD_CSX_E\000"
 3919      656E7365 
 3919      5F53454E 
 3919      53455F4D 
 3919      4554484F 
 3920              	.LASF67:
 3921 062f 70735074 		.ascii	"psPtr\000"
 3921      7200
 3922              	.LASF94:
 3923 0635 43617053 		.ascii	"CapSense_SetupWidget\000"
 3923      656E7365 
 3923      5F536574 
 3923      75705769 
 3923      64676574 
 3924              	.LASF150:
 3925 064a 43617053 		.ascii	"CapSense_CSDCalibrateWidget\000"
 3925      656E7365 
 3925      5F435344 
 3925      43616C69 
 3925      62726174 
 3926              	.LASF136:
 3927 0666 43617053 		.ascii	"CapSense_dsFlash\000"
 3927      656E7365 
 3927      5F647346 
 3927      6C617368 
 3927      00
 3928              	.LASF53:
 3929 0677 77646774 		.ascii	"wdgtStatus\000"
 3929      53746174 
 3929      757300
 3930              	.LASF137:
 3931 0682 43617053 		.ascii	"CapSense_ioList\000"
 3931      656E7365 
 3931      5F696F4C 
 3931      69737400 
 3932              	.LASF154:
 3933 0692 47656E65 		.ascii	"Generated_Source\\PSoC4\\CapSense_Sensing.c\000"
 3933      72617465 
 3933      645F536F 
 3933      75726365 
 3933      5C50536F 
ARM GAS  C:\Users\Lenovo\AppData\Local\Temp\cc2HN0Qn.s 			page 129


 3934              	.LASF38:
 3935 06bc 43617053 		.ascii	"CapSense_RAM_WD_SLIDER_STRUCT\000"
 3935      656E7365 
 3935      5F52414D 
 3935      5F57445F 
 3935      534C4944 
 3936              	.LASF22:
 3937 06da 43617053 		.ascii	"CapSense_SENSE_METHOD_CSD_E\000"
 3937      656E7365 
 3937      5F53454E 
 3937      53455F4D 
 3937      4554484F 
 3938              	.LASF35:
 3939 06f6 73697A65 		.ascii	"sizetype\000"
 3939      74797065 
 3939      00
 3940              	.LASF71:
 3941 06ff 64725368 		.ascii	"drShift\000"
 3941      69667400 
 3942              	.LASF5:
 3943 0707 6C6F6E67 		.ascii	"long unsigned int\000"
 3943      20756E73 
 3943      69676E65 
 3943      6420696E 
 3943      7400
 3944              	.LASF123:
 3945 0719 72657456 		.ascii	"retVal\000"
 3945      616C00
 3946              	.LASF111:
 3947 0720 61646472 		.ascii	"address\000"
 3947      65737300 
 3948              	.LASF32:
 3949 0728 69646163 		.ascii	"idacMod\000"
 3949      4D6F6400 
 3950              	.LASF149:
 3951 0730 43617053 		.ascii	"CapSense_ISR_StartEx\000"
 3951      656E7365 
 3951      5F495352 
 3951      5F537461 
 3951      72744578 
 3952              	.LASF78:
 3953 0745 70747232 		.ascii	"ptr2DebounceArr\000"
 3953      4465626F 
 3953      756E6365 
 3953      41727200 
 3954              	.LASF91:
 3955 0755 43617053 		.ascii	"CapSense_SsTrimIdacs\000"
 3955      656E7365 
 3955      5F537354 
 3955      72696D49 
 3955      64616373 
 3956              	.LASF148:
 3957 076a 43617053 		.ascii	"CapSense_CSDConnectSns\000"
 3957      656E7365 
 3957      5F435344 
 3957      436F6E6E 
 3957      65637453 
ARM GAS  C:\Users\Lenovo\AppData\Local\Temp\cc2HN0Qn.s 			page 130


 3958              	.LASF84:
 3959 0781 7843656E 		.ascii	"xCentroidMultiplier\000"
 3959      74726F69 
 3959      644D756C 
 3959      7469706C 
 3959      69657200 
 3960              	.LASF26:
 3961 0795 66696E67 		.ascii	"fingerTh\000"
 3961      65725468 
 3961      00
 3962              	.LASF42:
 3963 079e 62736C6E 		.ascii	"bslnExt\000"
 3963      45787400 
 3964              	.LASF85:
 3965 07a6 70747232 		.ascii	"ptr2PosHistory\000"
 3965      506F7348 
 3965      6973746F 
 3965      727900
 3966              	.LASF15:
 3967 07b5 63797374 		.ascii	"cystatus\000"
 3967      61747573 
 3967      00
 3968              	.LASF1:
 3969 07be 756E7369 		.ascii	"unsigned char\000"
 3969      676E6564 
 3969      20636861 
 3969      7200
 3970              	.LASF92:
 3971 07cc 7472696D 		.ascii	"trimValue\000"
 3971      56616C75 
 3971      6500
 3972              	.LASF106:
 3973 07d6 43617053 		.ascii	"CapSense_SetPinState\000"
 3973      656E7365 
 3973      5F536574 
 3973      50696E53 
 3973      74617465 
 3974              	.LASF79:
 3975 07eb 73746174 		.ascii	"staticConfig\000"
 3975      6963436F 
 3975      6E666967 
 3975      00
 3976              	.LASF105:
 3977 07f8 696F5074 		.ascii	"ioPtr\000"
 3977      7200
 3978              	.LASF75:
 3979 07fe 70747232 		.ascii	"ptr2WdgtRam\000"
 3979      57646774 
 3979      52616D00 
 3980              	.LASF19:
 3981 080a 43617053 		.ascii	"CapSense_THRESHOLD_TYPE\000"
 3981      656E7365 
 3981      5F544852 
 3981      4553484F 
 3981      4C445F54 
 3982              	.LASF145:
 3983 0822 43617053 		.ascii	"CapSense_CSDScan\000"
ARM GAS  C:\Users\Lenovo\AppData\Local\Temp\cc2HN0Qn.s 			page 131


 3983      656E7365 
 3983      5F435344 
 3983      5363616E 
 3983      00
 3984              	.LASF24:
 3985 0833 43617053 		.ascii	"CapSense_SENSE_METHOD_BIST_E\000"
 3985      656E7365 
 3985      5F53454E 
 3985      53455F4D 
 3985      4554484F 
 3986              	.LASF101:
 3987 0850 73746174 		.ascii	"state\000"
 3987      6500
 3988              	.LASF39:
 3989 0856 6C696E65 		.ascii	"linearslider0\000"
 3989      6172736C 
 3989      69646572 
 3989      3000
 3990              	.LASF103:
 3991 0864 656C7464 		.ascii	"eltdIndex\000"
 3991      496E6465 
 3991      7800
 3992              	.LASF97:
 3993 086e 43617053 		.ascii	"CapSense_ScanAllWidgets\000"
 3993      656E7365 
 3993      5F536361 
 3993      6E416C6C 
 3993      57696467 
 3994              	.LASF68:
 3995 0886 6873696F 		.ascii	"hsiomMask\000"
 3995      6D4D6173 
 3995      6B00
 3996              	.LASF121:
 3997 0890 63757253 		.ascii	"curSnsIOPtr\000"
 3997      6E73494F 
 3997      50747200 
 3998              	.LASF33:
 3999 089c 736E7343 		.ascii	"snsClk\000"
 3999      6C6B00
 4000              	.LASF146:
 4001 08a3 4379456E 		.ascii	"CyEnterCriticalSection\000"
 4001      74657243 
 4001      72697469 
 4001      63616C53 
 4001      65637469 
 4002              	.LASF142:
 4003 08ba 43617053 		.ascii	"CapSense_curRamSnsPtr\000"
 4003      656E7365 
 4003      5F637572 
 4003      52616D53 
 4003      6E735074 
 4004              	.LASF0:
 4005 08d0 7369676E 		.ascii	"signed char\000"
 4005      65642063 
 4005      68617200 
 4006              	.LASF138:
 4007 08dc 43617053 		.ascii	"CapSense_scanFreqIndex\000"
ARM GAS  C:\Users\Lenovo\AppData\Local\Temp\cc2HN0Qn.s 			page 132


 4007      656E7365 
 4007      5F736361 
 4007      6E467265 
 4007      71496E64 
 4008              	.LASF41:
 4009 08f3 62736C6E 		.ascii	"bsln\000"
 4009      00
 4010              	.LASF3:
 4011 08f8 73686F72 		.ascii	"short unsigned int\000"
 4011      7420756E 
 4011      7369676E 
 4011      65642069 
 4011      6E7400
 4012              	.LASF155:
 4013 090b 443A5C55 		.ascii	"D:\\UCU\\POC\\PSoC_Projects_Embedded\\PSoC_LAB4\\la"
 4013      43555C50 
 4013      4F435C50 
 4013      536F435F 
 4013      50726F6A 
 4014 0939 62362D70 		.ascii	"b6-psoc-3-shevchuk-lykhanskyi\\Lab_4_1_BLE_Automati"
 4014      736F632D 
 4014      332D7368 
 4014      65766368 
 4014      756B2D6C 
 4015 096b 6F6E5F49 		.ascii	"on_IO.cydsn\000"
 4015      4F2E6379 
 4015      64736E00 
 4016              	.LASF157:
 4017 0977 43617053 		.ascii	"CapSense_SsPostAllWidgetsScan\000"
 4017      656E7365 
 4017      5F537350 
 4017      6F737441 
 4017      6C6C5769 
 4018              	.LASF74:
 4019 0995 70747232 		.ascii	"ptr2SnsFlash\000"
 4019      536E7346 
 4019      6C617368 
 4019      00
 4020              	.LASF9:
 4021 09a2 75696E74 		.ascii	"uint8\000"
 4021      3800
 4022              	.LASF13:
 4023 09a8 646F7562 		.ascii	"double\000"
 4023      6C6500
 4024              	.LASF44:
 4025 09af 6E656742 		.ascii	"negBslnRstCnt\000"
 4025      736C6E52 
 4025      7374436E 
 4025      7400
 4026              	.LASF133:
 4027 09bd 43617053 		.ascii	"CapSense_SsInitialize\000"
 4027      656E7365 
 4027      5F537349 
 4027      6E697469 
 4027      616C697A 
 4028              	.LASF126:
 4029 09d3 736E7343 		.ascii	"snsClkDivider\000"
ARM GAS  C:\Users\Lenovo\AppData\Local\Temp\cc2HN0Qn.s 			page 133


 4029      6C6B4469 
 4029      76696465 
 4029      7200
 4030              	.LASF128:
 4031 09e1 6D6F6443 		.ascii	"modClkDivider\000"
 4031      6C6B4469 
 4031      76696465 
 4031      7200
 4032              	.LASF48:
 4033 09ef 64657669 		.ascii	"deviceId\000"
 4033      63654964 
 4033      00
 4034              	.LASF93:
 4035 09f8 77696467 		.ascii	"widgetStatus\000"
 4035      65745374 
 4035      61747573 
 4035      00
 4036              	.LASF99:
 4037 0a05 77696467 		.ascii	"widgetId\000"
 4037      65744964 
 4037      00
 4038              	.LASF141:
 4039 0a0e 43617053 		.ascii	"CapSense_requestScanAllWidget\000"
 4039      656E7365 
 4039      5F726571 
 4039      75657374 
 4039      5363616E 
 4040              	.LASF132:
 4041 0a2c 43617053 		.ascii	"CapSense_SsInitializeSourceSenseClk\000"
 4041      656E7365 
 4041      5F537349 
 4041      6E697469 
 4041      616C697A 
 4042              	.LASF37:
 4043 0a50 706F7369 		.ascii	"position\000"
 4043      74696F6E 
 4043      00
 4044              	.LASF46:
 4045 0a59 43617053 		.ascii	"CapSense_RAM_SNS_LIST_STRUCT\000"
 4045      656E7365 
 4045      5F52414D 
 4045      5F534E53 
 4045      5F4C4953 
 4046              	.LASF87:
 4047 0a76 77646774 		.ascii	"wdgtArray\000"
 4047      41727261 
 4047      7900
 4048              		.ident	"GCC: (GNU Tools for ARM Embedded Processors) 5.4.1 20160609 (release) [ARM/embedded-5-bran
