ARM GAS  C:\Users\Lenovo\AppData\Local\Temp\cc5ZOoAI.s 			page 1


   1              		.syntax unified
   2              		.cpu cortex-m0
   3              		.fpu softvfp
   4              		.eabi_attribute 20, 1
   5              		.eabi_attribute 21, 1
   6              		.eabi_attribute 23, 3
   7              		.eabi_attribute 24, 1
   8              		.eabi_attribute 25, 1
   9              		.eabi_attribute 26, 1
  10              		.eabi_attribute 30, 1
  11              		.eabi_attribute 34, 0
  12              		.eabi_attribute 18, 4
  13              		.thumb
  14              		.syntax unified
  15              		.file	"CapSense_Control.c"
  16              		.text
  17              	.Ltext0:
  18              		.cfi_sections	.debug_frame
  19              		.section	.text.CapSense_Initialize,"ax",%progbits
  20              		.align	2
  21              		.global	CapSense_Initialize
  22              		.code	16
  23              		.thumb_func
  24              		.type	CapSense_Initialize, %function
  25              	CapSense_Initialize:
  26              	.LFB4:
  27              		.file 1 "Generated_Source\\PSoC4\\CapSense_Control.c"
   1:Generated_Source\PSoC4/CapSense_Control.c **** /***************************************************************************//**
   2:Generated_Source\PSoC4/CapSense_Control.c **** * \file CapSense_Control.c
   3:Generated_Source\PSoC4/CapSense_Control.c **** * \version 4.0
   4:Generated_Source\PSoC4/CapSense_Control.c **** *
   5:Generated_Source\PSoC4/CapSense_Control.c **** * \brief
   6:Generated_Source\PSoC4/CapSense_Control.c **** * This file provides the source code to the Control module API of the Component.
   7:Generated_Source\PSoC4/CapSense_Control.c **** *
   8:Generated_Source\PSoC4/CapSense_Control.c **** * \see CapSense P4 v4.0 Datasheet
   9:Generated_Source\PSoC4/CapSense_Control.c **** *
  10:Generated_Source\PSoC4/CapSense_Control.c **** *//*****************************************************************************
  11:Generated_Source\PSoC4/CapSense_Control.c **** * Copyright (2016-2017), Cypress Semiconductor Corporation.
  12:Generated_Source\PSoC4/CapSense_Control.c **** ********************************************************************************
  13:Generated_Source\PSoC4/CapSense_Control.c **** * This software is owned by Cypress Semiconductor Corporation (Cypress) and is
  14:Generated_Source\PSoC4/CapSense_Control.c **** * protected by and subject to worldwide patent protection (United States and
  15:Generated_Source\PSoC4/CapSense_Control.c **** * foreign), United States copyright laws and international treaty provisions.
  16:Generated_Source\PSoC4/CapSense_Control.c **** * Cypress hereby grants to licensee a personal, non-exclusive, non-transferable
  17:Generated_Source\PSoC4/CapSense_Control.c **** * license to copy, use, modify, create derivative works of, and compile the
  18:Generated_Source\PSoC4/CapSense_Control.c **** * Cypress Source Code and derivative works for the sole purpose of creating
  19:Generated_Source\PSoC4/CapSense_Control.c **** * custom software in support of licensee product to be used only in conjunction
  20:Generated_Source\PSoC4/CapSense_Control.c **** * with a Cypress integrated circuit as specified in the applicable agreement.
  21:Generated_Source\PSoC4/CapSense_Control.c **** * Any reproduction, modification, translation, compilation, or representation of
  22:Generated_Source\PSoC4/CapSense_Control.c **** * this software except as specified above is prohibited without the express
  23:Generated_Source\PSoC4/CapSense_Control.c **** * written permission of Cypress.
  24:Generated_Source\PSoC4/CapSense_Control.c **** *
  25:Generated_Source\PSoC4/CapSense_Control.c **** * Disclaimer: CYPRESS MAKES NO WARRANTY OF ANY KIND, EXPRESS OR IMPLIED, WITH
  26:Generated_Source\PSoC4/CapSense_Control.c **** * REGARD TO THIS MATERIAL, INCLUDING, BUT NOT LIMITED TO, THE IMPLIED
  27:Generated_Source\PSoC4/CapSense_Control.c **** * WARRANTIES OF MERCHANTABILITY AND FITNESS FOR A PARTICULAR PURPOSE.
  28:Generated_Source\PSoC4/CapSense_Control.c **** * Cypress reserves the right to make changes without further notice to the
  29:Generated_Source\PSoC4/CapSense_Control.c **** * materials described herein. Cypress does not assume any liability arising out
  30:Generated_Source\PSoC4/CapSense_Control.c **** * of the application or use of any product or circuit described herein. Cypress
ARM GAS  C:\Users\Lenovo\AppData\Local\Temp\cc5ZOoAI.s 			page 2


  31:Generated_Source\PSoC4/CapSense_Control.c **** * does not authorize its products for use as critical components in life-support
  32:Generated_Source\PSoC4/CapSense_Control.c **** * systems where a malfunction or failure may reasonably be expected to result in
  33:Generated_Source\PSoC4/CapSense_Control.c **** * significant injury to the user. The inclusion of Cypress' product in a life-
  34:Generated_Source\PSoC4/CapSense_Control.c **** * support systems application implies that the manufacturer assumes all risk of
  35:Generated_Source\PSoC4/CapSense_Control.c **** * such use and in doing so indemnifies Cypress against all charges. Use may be
  36:Generated_Source\PSoC4/CapSense_Control.c **** * limited by and subject to the applicable Cypress software license agreement.
  37:Generated_Source\PSoC4/CapSense_Control.c **** *******************************************************************************/
  38:Generated_Source\PSoC4/CapSense_Control.c **** 
  39:Generated_Source\PSoC4/CapSense_Control.c **** #include "cytypes.h"
  40:Generated_Source\PSoC4/CapSense_Control.c **** #include "CyLib.h"
  41:Generated_Source\PSoC4/CapSense_Control.c **** #include "cyPm.h"
  42:Generated_Source\PSoC4/CapSense_Control.c **** #include "CapSense_Configuration.h"
  43:Generated_Source\PSoC4/CapSense_Control.c **** #include "CapSense_Structure.h"
  44:Generated_Source\PSoC4/CapSense_Control.c **** #include "CapSense_Control.h"
  45:Generated_Source\PSoC4/CapSense_Control.c **** #include "CapSense_Processing.h"
  46:Generated_Source\PSoC4/CapSense_Control.c **** #include "CapSense_Filter.h"
  47:Generated_Source\PSoC4/CapSense_Control.c **** #include "CapSense_Sensing.h"
  48:Generated_Source\PSoC4/CapSense_Control.c **** #include "CapSense_Tuner.h"
  49:Generated_Source\PSoC4/CapSense_Control.c **** 
  50:Generated_Source\PSoC4/CapSense_Control.c **** #if (CapSense_ENABLE == CapSense_SELF_TEST_EN)
  51:Generated_Source\PSoC4/CapSense_Control.c ****     #include "CapSense_SelfTest.h"
  52:Generated_Source\PSoC4/CapSense_Control.c **** #endif
  53:Generated_Source\PSoC4/CapSense_Control.c **** 
  54:Generated_Source\PSoC4/CapSense_Control.c **** #if (0u != CapSense_ADC_EN)
  55:Generated_Source\PSoC4/CapSense_Control.c ****     #include "CapSense_Adc.h"
  56:Generated_Source\PSoC4/CapSense_Control.c **** #endif /* (0u != CapSense_ADC_EN) */
  57:Generated_Source\PSoC4/CapSense_Control.c **** 
  58:Generated_Source\PSoC4/CapSense_Control.c **** /**************************************************************************************************
  59:Generated_Source\PSoC4/CapSense_Control.c **** * Local definition
  60:Generated_Source\PSoC4/CapSense_Control.c **** ***************************************************************************************************
  61:Generated_Source\PSoC4/CapSense_Control.c **** #define CapSense_INIT_DONE   (1u)
  62:Generated_Source\PSoC4/CapSense_Control.c **** #define CapSense_INIT_NEEDED (0u)
  63:Generated_Source\PSoC4/CapSense_Control.c **** 
  64:Generated_Source\PSoC4/CapSense_Control.c **** /**************************************************************************************************
  65:Generated_Source\PSoC4/CapSense_Control.c **** * Local variables
  66:Generated_Source\PSoC4/CapSense_Control.c **** ***************************************************************************************************
  67:Generated_Source\PSoC4/CapSense_Control.c **** static uint8 CapSense_InitVar = CapSense_INIT_NEEDED;
  68:Generated_Source\PSoC4/CapSense_Control.c **** 
  69:Generated_Source\PSoC4/CapSense_Control.c **** /*******************************************************************************
  70:Generated_Source\PSoC4/CapSense_Control.c **** * Function Name: CapSense_Start
  71:Generated_Source\PSoC4/CapSense_Control.c **** ****************************************************************************//**
  72:Generated_Source\PSoC4/CapSense_Control.c **** *
  73:Generated_Source\PSoC4/CapSense_Control.c **** * \brief
  74:Generated_Source\PSoC4/CapSense_Control.c **** *  Initializes component hardware and firmware modules. This function should be
  75:Generated_Source\PSoC4/CapSense_Control.c **** *  called by the application program prior to calling any other function of the
  76:Generated_Source\PSoC4/CapSense_Control.c **** *  component.
  77:Generated_Source\PSoC4/CapSense_Control.c **** *
  78:Generated_Source\PSoC4/CapSense_Control.c **** * \details
  79:Generated_Source\PSoC4/CapSense_Control.c **** *  This function initializes the component hardware and firmware modules and
  80:Generated_Source\PSoC4/CapSense_Control.c **** *  should be called by the application program prior to calling any other API
  81:Generated_Source\PSoC4/CapSense_Control.c **** *  of the component. When this function is called, the following tasks are
  82:Generated_Source\PSoC4/CapSense_Control.c **** *  executed as part of the initialization process:
  83:Generated_Source\PSoC4/CapSense_Control.c **** *    1. Initialize the registers of the \ref group_structures variable
  84:Generated_Source\PSoC4/CapSense_Control.c **** *       CapSense_dsRam based on the user selection in component
  85:Generated_Source\PSoC4/CapSense_Control.c **** *       configuration wizard.
  86:Generated_Source\PSoC4/CapSense_Control.c **** *    2. Configure the hardware to perform capacitive sensing.
  87:Generated_Source\PSoC4/CapSense_Control.c **** *    3. If SmartSense Auto-tuning is selected for the CSD Tuning mode in the
ARM GAS  C:\Users\Lenovo\AppData\Local\Temp\cc5ZOoAI.s 			page 3


  88:Generated_Source\PSoC4/CapSense_Control.c **** *       Basic tab, the auto-tuning algorithm is executed to set the optimal
  89:Generated_Source\PSoC4/CapSense_Control.c **** *       values for the hardware parameters of the widgets/sensors.
  90:Generated_Source\PSoC4/CapSense_Control.c **** *    4. Calibrate the sensors and find the optimal values for IDACs of each
  91:Generated_Source\PSoC4/CapSense_Control.c **** *       widget / sensor, if the Enable IDAC auto-calibration is enabled in the
  92:Generated_Source\PSoC4/CapSense_Control.c **** *       CSD Setting or CSX Setting tabs.
  93:Generated_Source\PSoC4/CapSense_Control.c **** *    5. Perform a scan for all sensors and initialize the baseline history.
  94:Generated_Source\PSoC4/CapSense_Control.c **** *    6. If the firmware filters are enabled in the Advanced General tab, the
  95:Generated_Source\PSoC4/CapSense_Control.c **** *       filter histories are also initialized.
  96:Generated_Source\PSoC4/CapSense_Control.c **** 
  97:Generated_Source\PSoC4/CapSense_Control.c **** *  Any next call of this API repeats an initialization process except for
  98:Generated_Source\PSoC4/CapSense_Control.c **** *  data structure initialization. Therefore, it is possible to change the
  99:Generated_Source\PSoC4/CapSense_Control.c **** *  component configuration from the application program by writing to the
 100:Generated_Source\PSoC4/CapSense_Control.c **** *  data structure registers and calling this function again. This is also
 101:Generated_Source\PSoC4/CapSense_Control.c **** *  done inside the CapSense_RunTuner() function when a restart command
 102:Generated_Source\PSoC4/CapSense_Control.c **** *  is received.
 103:Generated_Source\PSoC4/CapSense_Control.c **** *
 104:Generated_Source\PSoC4/CapSense_Control.c **** *  When the component operation is stopped by the CapSense_Stop()
 105:Generated_Source\PSoC4/CapSense_Control.c **** *  function, the CapSense_Start() function repeats an initialization
 106:Generated_Source\PSoC4/CapSense_Control.c **** *  process including data structure initialization.
 107:Generated_Source\PSoC4/CapSense_Control.c **** *
 108:Generated_Source\PSoC4/CapSense_Control.c **** * \return
 109:Generated_Source\PSoC4/CapSense_Control.c **** *  Returns the status of the initialization process. If CYRET_SUCCESS is not
 110:Generated_Source\PSoC4/CapSense_Control.c **** *  received, some of the initialization fails and the component may not operate
 111:Generated_Source\PSoC4/CapSense_Control.c **** *  as expected.
 112:Generated_Source\PSoC4/CapSense_Control.c **** *
 113:Generated_Source\PSoC4/CapSense_Control.c **** *******************************************************************************/
 114:Generated_Source\PSoC4/CapSense_Control.c **** cystatus CapSense_Start(void)
 115:Generated_Source\PSoC4/CapSense_Control.c **** {
 116:Generated_Source\PSoC4/CapSense_Control.c ****     cystatus result;
 117:Generated_Source\PSoC4/CapSense_Control.c **** 
 118:Generated_Source\PSoC4/CapSense_Control.c ****     /* Initialize CapSense modules */
 119:Generated_Source\PSoC4/CapSense_Control.c ****     result = CapSense_Initialize();
 120:Generated_Source\PSoC4/CapSense_Control.c **** 
 121:Generated_Source\PSoC4/CapSense_Control.c ****     #if (CapSense_CSD_AUTOTUNE != CapSense_CSD_SS_DIS)
 122:Generated_Source\PSoC4/CapSense_Control.c ****         if (CYRET_SUCCESS == result)
 123:Generated_Source\PSoC4/CapSense_Control.c ****         {
 124:Generated_Source\PSoC4/CapSense_Control.c ****             result = CapSense_SsAutoTune();
 125:Generated_Source\PSoC4/CapSense_Control.c ****         }
 126:Generated_Source\PSoC4/CapSense_Control.c ****     #endif /* #if (CapSense_CSD_AUTOTUNE != CapSense_CSD_SS_DIS) */
 127:Generated_Source\PSoC4/CapSense_Control.c **** 
 128:Generated_Source\PSoC4/CapSense_Control.c ****     #if ((0u != CapSense_CSX_IDAC_AUTOCAL_EN) || \
 129:Generated_Source\PSoC4/CapSense_Control.c ****         ((CapSense_CSD_AUTOTUNE == CapSense_CSD_SS_DIS) && (0u != CapSense_CSD_IDAC_AUTOCAL_EN)))
 130:Generated_Source\PSoC4/CapSense_Control.c ****         if (CYRET_SUCCESS == result)
 131:Generated_Source\PSoC4/CapSense_Control.c ****         {
 132:Generated_Source\PSoC4/CapSense_Control.c ****             result = CapSense_CalibrateAllWidgets();
 133:Generated_Source\PSoC4/CapSense_Control.c ****         }
 134:Generated_Source\PSoC4/CapSense_Control.c ****     #endif
 135:Generated_Source\PSoC4/CapSense_Control.c **** 
 136:Generated_Source\PSoC4/CapSense_Control.c ****     if (CYRET_SUCCESS == result)
 137:Generated_Source\PSoC4/CapSense_Control.c ****     {
 138:Generated_Source\PSoC4/CapSense_Control.c ****         result = CapSense_ScanAllWidgets();
 139:Generated_Source\PSoC4/CapSense_Control.c ****     }
 140:Generated_Source\PSoC4/CapSense_Control.c **** 
 141:Generated_Source\PSoC4/CapSense_Control.c ****     while(CapSense_NOT_BUSY != CapSense_IsBusy()) {}
 142:Generated_Source\PSoC4/CapSense_Control.c **** 
 143:Generated_Source\PSoC4/CapSense_Control.c ****     CapSense_FtInitialize();
 144:Generated_Source\PSoC4/CapSense_Control.c ****     CapSense_InitializeAllBaselines();
ARM GAS  C:\Users\Lenovo\AppData\Local\Temp\cc5ZOoAI.s 			page 4


 145:Generated_Source\PSoC4/CapSense_Control.c **** 
 146:Generated_Source\PSoC4/CapSense_Control.c ****     #if (0u != CapSense_ADC_EN)
 147:Generated_Source\PSoC4/CapSense_Control.c ****         CapSense_AdcInitialize();
 148:Generated_Source\PSoC4/CapSense_Control.c ****     #endif /* (0u != CapSense_ADC_EN) */
 149:Generated_Source\PSoC4/CapSense_Control.c **** 
 150:Generated_Source\PSoC4/CapSense_Control.c ****     return result;
 151:Generated_Source\PSoC4/CapSense_Control.c **** }
 152:Generated_Source\PSoC4/CapSense_Control.c **** 
 153:Generated_Source\PSoC4/CapSense_Control.c **** /*******************************************************************************
 154:Generated_Source\PSoC4/CapSense_Control.c **** * Function Name: CapSense_Initialize
 155:Generated_Source\PSoC4/CapSense_Control.c **** ****************************************************************************//**
 156:Generated_Source\PSoC4/CapSense_Control.c **** *
 157:Generated_Source\PSoC4/CapSense_Control.c **** * \brief
 158:Generated_Source\PSoC4/CapSense_Control.c **** *  This function initializes the CapSense component.
 159:Generated_Source\PSoC4/CapSense_Control.c **** *
 160:Generated_Source\PSoC4/CapSense_Control.c **** * \details
 161:Generated_Source\PSoC4/CapSense_Control.c **** *  This API initializes all sub-modules of the CapSense component:
 162:Generated_Source\PSoC4/CapSense_Control.c **** *   - Data Structure - set the default component parameters defined in the Customizer.
 163:Generated_Source\PSoC4/CapSense_Control.c **** *   - Data Processing - resets all widget statuses.
 164:Generated_Source\PSoC4/CapSense_Control.c **** *   - Tuner - resets tuning state.
 165:Generated_Source\PSoC4/CapSense_Control.c **** *   - Sensing - prepares CSD HW for operation.
 166:Generated_Source\PSoC4/CapSense_Control.c **** *
 167:Generated_Source\PSoC4/CapSense_Control.c **** *  Note that Data Structure module is initialized only once after the reset or
 168:Generated_Source\PSoC4/CapSense_Control.c **** *  CapSense_Stop() API is called. The repeated calls of Initialize API
 169:Generated_Source\PSoC4/CapSense_Control.c **** *  will not re-initialize Data Structure. This is done to preserve component
 170:Generated_Source\PSoC4/CapSense_Control.c **** *  parameters that user may set in runtime.
 171:Generated_Source\PSoC4/CapSense_Control.c **** *
 172:Generated_Source\PSoC4/CapSense_Control.c **** *  If default component parameters are needed the CapSense_DsInitialize()
 173:Generated_Source\PSoC4/CapSense_Control.c **** *  API must be called directly from the application code.
 174:Generated_Source\PSoC4/CapSense_Control.c **** *
 175:Generated_Source\PSoC4/CapSense_Control.c **** * \return
 176:Generated_Source\PSoC4/CapSense_Control.c **** *  Return CYRET_SUCCESS if the initialization was successful.
 177:Generated_Source\PSoC4/CapSense_Control.c **** *
 178:Generated_Source\PSoC4/CapSense_Control.c **** *******************************************************************************/
 179:Generated_Source\PSoC4/CapSense_Control.c **** cystatus CapSense_Initialize(void)
 180:Generated_Source\PSoC4/CapSense_Control.c **** {
  28              		.loc 1 180 0
  29              		.cfi_startproc
  30              		@ args = 0, pretend = 0, frame = 0
  31              		@ frame_needed = 0, uses_anonymous_args = 0
  32 0000 10B5     		push	{r4, lr}
  33              		.cfi_def_cfa_offset 8
  34              		.cfi_offset 4, -8
  35              		.cfi_offset 14, -4
 181:Generated_Source\PSoC4/CapSense_Control.c ****     cystatus result;
 182:Generated_Source\PSoC4/CapSense_Control.c **** 
 183:Generated_Source\PSoC4/CapSense_Control.c ****     /* The Data Structure and Tuner are initialized only once */
 184:Generated_Source\PSoC4/CapSense_Control.c ****     if (CapSense_INIT_NEEDED == CapSense_InitVar)
  36              		.loc 1 184 0
  37 0002 084B     		ldr	r3, .L3
  38 0004 1B78     		ldrb	r3, [r3]
  39 0006 002B     		cmp	r3, #0
  40 0008 06D1     		bne	.L2
 185:Generated_Source\PSoC4/CapSense_Control.c ****     {
 186:Generated_Source\PSoC4/CapSense_Control.c ****         CapSense_DsInitialize();
  41              		.loc 1 186 0
  42 000a FFF7FEFF 		bl	CapSense_DsInitialize
ARM GAS  C:\Users\Lenovo\AppData\Local\Temp\cc5ZOoAI.s 			page 5


  43              	.LVL0:
 187:Generated_Source\PSoC4/CapSense_Control.c ****         CapSense_TuInitialize();
  44              		.loc 1 187 0
  45 000e FFF7FEFF 		bl	CapSense_TuInitialize
  46              	.LVL1:
 188:Generated_Source\PSoC4/CapSense_Control.c ****         CapSense_InitVar = CapSense_INIT_DONE;
  47              		.loc 1 188 0
  48 0012 0122     		movs	r2, #1
  49 0014 034B     		ldr	r3, .L3
  50 0016 1A70     		strb	r2, [r3]
  51              	.L2:
 189:Generated_Source\PSoC4/CapSense_Control.c ****     }
 190:Generated_Source\PSoC4/CapSense_Control.c **** 
 191:Generated_Source\PSoC4/CapSense_Control.c ****     CapSense_DpInitialize();
  52              		.loc 1 191 0
  53 0018 FFF7FEFF 		bl	CapSense_DpInitialize
  54              	.LVL2:
 192:Generated_Source\PSoC4/CapSense_Control.c **** 
 193:Generated_Source\PSoC4/CapSense_Control.c ****     result = CapSense_SsInitialize();
  55              		.loc 1 193 0
  56 001c FFF7FEFF 		bl	CapSense_SsInitialize
  57              	.LVL3:
 194:Generated_Source\PSoC4/CapSense_Control.c **** 
 195:Generated_Source\PSoC4/CapSense_Control.c ****     return result;
 196:Generated_Source\PSoC4/CapSense_Control.c **** }
  58              		.loc 1 196 0
  59              		@ sp needed
  60 0020 10BD     		pop	{r4, pc}
  61              	.L4:
  62 0022 C046     		.align	2
  63              	.L3:
  64 0024 00000000 		.word	.LANCHOR0
  65              		.cfi_endproc
  66              	.LFE4:
  67              		.size	CapSense_Initialize, .-CapSense_Initialize
  68              		.section	.text.CapSense_Start,"ax",%progbits
  69              		.align	2
  70              		.global	CapSense_Start
  71              		.code	16
  72              		.thumb_func
  73              		.type	CapSense_Start, %function
  74              	CapSense_Start:
  75              	.LFB3:
 115:Generated_Source\PSoC4/CapSense_Control.c ****     cystatus result;
  76              		.loc 1 115 0
  77              		.cfi_startproc
  78              		@ args = 0, pretend = 0, frame = 0
  79              		@ frame_needed = 0, uses_anonymous_args = 0
  80 0000 10B5     		push	{r4, lr}
  81              		.cfi_def_cfa_offset 8
  82              		.cfi_offset 4, -8
  83              		.cfi_offset 14, -4
 119:Generated_Source\PSoC4/CapSense_Control.c **** 
  84              		.loc 1 119 0
  85 0002 FFF7FEFF 		bl	CapSense_Initialize
  86              	.LVL4:
  87 0006 041E     		subs	r4, r0, #0
ARM GAS  C:\Users\Lenovo\AppData\Local\Temp\cc5ZOoAI.s 			page 6


  88              	.LVL5:
 130:Generated_Source\PSoC4/CapSense_Control.c ****         {
  89              		.loc 1 130 0
  90 0008 02D1     		bne	.L6
 132:Generated_Source\PSoC4/CapSense_Control.c ****         }
  91              		.loc 1 132 0
  92 000a FFF7FEFF 		bl	CapSense_CalibrateAllWidgets
  93              	.LVL6:
  94 000e 0400     		movs	r4, r0
  95              	.LVL7:
  96              	.L6:
 136:Generated_Source\PSoC4/CapSense_Control.c ****     {
  97              		.loc 1 136 0
  98 0010 002C     		cmp	r4, #0
  99 0012 02D1     		bne	.L8
 138:Generated_Source\PSoC4/CapSense_Control.c ****     }
 100              		.loc 1 138 0
 101 0014 FFF7FEFF 		bl	CapSense_ScanAllWidgets
 102              	.LVL8:
 103 0018 0400     		movs	r4, r0
 104              	.LVL9:
 105              	.L8:
 141:Generated_Source\PSoC4/CapSense_Control.c **** 
 106              		.loc 1 141 0 discriminator 1
 107 001a FFF7FEFF 		bl	CapSense_IsBusy
 108              	.LVL10:
 109 001e 0028     		cmp	r0, #0
 110 0020 FBD1     		bne	.L8
 143:Generated_Source\PSoC4/CapSense_Control.c ****     CapSense_InitializeAllBaselines();
 111              		.loc 1 143 0
 112 0022 FFF7FEFF 		bl	CapSense_FtInitialize
 113              	.LVL11:
 144:Generated_Source\PSoC4/CapSense_Control.c **** 
 114              		.loc 1 144 0
 115 0026 FFF7FEFF 		bl	CapSense_InitializeAllBaselines
 116              	.LVL12:
 151:Generated_Source\PSoC4/CapSense_Control.c **** 
 117              		.loc 1 151 0
 118 002a 2000     		movs	r0, r4
 119              		@ sp needed
 120              	.LVL13:
 121 002c 10BD     		pop	{r4, pc}
 122              		.cfi_endproc
 123              	.LFE3:
 124              		.size	CapSense_Start, .-CapSense_Start
 125 002e C046     		.section	.text.CapSense_Stop,"ax",%progbits
 126              		.align	2
 127              		.global	CapSense_Stop
 128              		.code	16
 129              		.thumb_func
 130              		.type	CapSense_Stop, %function
 131              	CapSense_Stop:
 132              	.LFB5:
 197:Generated_Source\PSoC4/CapSense_Control.c **** 
 198:Generated_Source\PSoC4/CapSense_Control.c **** /*******************************************************************************
 199:Generated_Source\PSoC4/CapSense_Control.c **** * Function Name: CapSense_Stop
 200:Generated_Source\PSoC4/CapSense_Control.c **** ****************************************************************************//**
ARM GAS  C:\Users\Lenovo\AppData\Local\Temp\cc5ZOoAI.s 			page 7


 201:Generated_Source\PSoC4/CapSense_Control.c **** *
 202:Generated_Source\PSoC4/CapSense_Control.c **** * \brief
 203:Generated_Source\PSoC4/CapSense_Control.c **** *  Stops the component operation.
 204:Generated_Source\PSoC4/CapSense_Control.c **** *
 205:Generated_Source\PSoC4/CapSense_Control.c **** * \details
 206:Generated_Source\PSoC4/CapSense_Control.c **** *  This function stops the component operation, no sensor scanning can be
 207:Generated_Source\PSoC4/CapSense_Control.c **** *  executed when the component is stopped. Once stopped, the hardware block may
 208:Generated_Source\PSoC4/CapSense_Control.c **** *  be reconfigured by the application program for any other special usage. The
 209:Generated_Source\PSoC4/CapSense_Control.c **** *  component operation can be resumed by calling the CapSense_Resume()
 210:Generated_Source\PSoC4/CapSense_Control.c **** *  function or the component can be reset by calling the
 211:Generated_Source\PSoC4/CapSense_Control.c **** *  CapSense_Start() function.
 212:Generated_Source\PSoC4/CapSense_Control.c **** *
 213:Generated_Source\PSoC4/CapSense_Control.c **** *  This function should be called when no scanning is in progress.
 214:Generated_Source\PSoC4/CapSense_Control.c **** *  I.e. CapSense_IsBusy() returns a non-busy status.
 215:Generated_Source\PSoC4/CapSense_Control.c **** *
 216:Generated_Source\PSoC4/CapSense_Control.c **** * \return
 217:Generated_Source\PSoC4/CapSense_Control.c **** *  Returns the status of the stop process. If CYRET_SUCCESS is not received,
 218:Generated_Source\PSoC4/CapSense_Control.c **** *  the stop process fails and retries may be required.
 219:Generated_Source\PSoC4/CapSense_Control.c **** *
 220:Generated_Source\PSoC4/CapSense_Control.c **** *******************************************************************************/
 221:Generated_Source\PSoC4/CapSense_Control.c **** cystatus CapSense_Stop(void)
 222:Generated_Source\PSoC4/CapSense_Control.c **** {
 133              		.loc 1 222 0
 134              		.cfi_startproc
 135              		@ args = 0, pretend = 0, frame = 0
 136              		@ frame_needed = 0, uses_anonymous_args = 0
 137              		@ link register save eliminated.
 138              	.LVL14:
 223:Generated_Source\PSoC4/CapSense_Control.c ****     cystatus result = CYRET_SUCCESS;
 224:Generated_Source\PSoC4/CapSense_Control.c **** 
 225:Generated_Source\PSoC4/CapSense_Control.c ****     #if (CapSense_ENABLE == CapSense_ADC_EN)
 226:Generated_Source\PSoC4/CapSense_Control.c ****         /* Release CSD resources */
 227:Generated_Source\PSoC4/CapSense_Control.c ****         result = CapSense_SsReleaseResources();
 228:Generated_Source\PSoC4/CapSense_Control.c **** 
 229:Generated_Source\PSoC4/CapSense_Control.c ****         /* Release ADC resources */
 230:Generated_Source\PSoC4/CapSense_Control.c ****         CapSense_AdcStop();
 231:Generated_Source\PSoC4/CapSense_Control.c ****     #endif /* (CapSense_ENABLE == CapSense_ADC_EN) */
 232:Generated_Source\PSoC4/CapSense_Control.c **** 
 233:Generated_Source\PSoC4/CapSense_Control.c ****     CapSense_InitVar = CapSense_INIT_NEEDED;
 139              		.loc 1 233 0
 140 0000 0022     		movs	r2, #0
 141 0002 024B     		ldr	r3, .L10
 142 0004 1A70     		strb	r2, [r3]
 234:Generated_Source\PSoC4/CapSense_Control.c **** 
 235:Generated_Source\PSoC4/CapSense_Control.c ****     return result;
 236:Generated_Source\PSoC4/CapSense_Control.c **** }
 143              		.loc 1 236 0
 144 0006 0020     		movs	r0, #0
 145              		@ sp needed
 146 0008 7047     		bx	lr
 147              	.L11:
 148 000a C046     		.align	2
 149              	.L10:
 150 000c 00000000 		.word	.LANCHOR0
 151              		.cfi_endproc
 152              	.LFE5:
 153              		.size	CapSense_Stop, .-CapSense_Stop
ARM GAS  C:\Users\Lenovo\AppData\Local\Temp\cc5ZOoAI.s 			page 8


 154              		.section	.text.CapSense_Resume,"ax",%progbits
 155              		.align	2
 156              		.global	CapSense_Resume
 157              		.code	16
 158              		.thumb_func
 159              		.type	CapSense_Resume, %function
 160              	CapSense_Resume:
 161              	.LFB6:
 237:Generated_Source\PSoC4/CapSense_Control.c **** 
 238:Generated_Source\PSoC4/CapSense_Control.c **** /*******************************************************************************
 239:Generated_Source\PSoC4/CapSense_Control.c **** * Function Name: CapSense_Resume
 240:Generated_Source\PSoC4/CapSense_Control.c **** ****************************************************************************//**
 241:Generated_Source\PSoC4/CapSense_Control.c **** *
 242:Generated_Source\PSoC4/CapSense_Control.c **** * \brief
 243:Generated_Source\PSoC4/CapSense_Control.c **** *  Resumes the component operation if CapSense_Stop() function was
 244:Generated_Source\PSoC4/CapSense_Control.c **** *  called previously.
 245:Generated_Source\PSoC4/CapSense_Control.c **** *
 246:Generated_Source\PSoC4/CapSense_Control.c **** * \details
 247:Generated_Source\PSoC4/CapSense_Control.c **** *  This function resumes the component operation if the operation is stopped
 248:Generated_Source\PSoC4/CapSense_Control.c **** *  previously by the CapSense_Stop() function. The following tasks are
 249:Generated_Source\PSoC4/CapSense_Control.c **** *  executed as part of the operation resume process:
 250:Generated_Source\PSoC4/CapSense_Control.c **** *    1. Reset all Widgets/Sensors status.
 251:Generated_Source\PSoC4/CapSense_Control.c **** *    2. Configure the hardware to perform capacitive sensing.
 252:Generated_Source\PSoC4/CapSense_Control.c **** *
 253:Generated_Source\PSoC4/CapSense_Control.c **** * \return
 254:Generated_Source\PSoC4/CapSense_Control.c **** *  Returns the status of the resume process. If CYRET_SUCCESS is not received,
 255:Generated_Source\PSoC4/CapSense_Control.c **** *  the resume process fails and retries may be required.
 256:Generated_Source\PSoC4/CapSense_Control.c **** *
 257:Generated_Source\PSoC4/CapSense_Control.c **** *******************************************************************************/
 258:Generated_Source\PSoC4/CapSense_Control.c **** cystatus CapSense_Resume(void)
 259:Generated_Source\PSoC4/CapSense_Control.c **** {
 162              		.loc 1 259 0
 163              		.cfi_startproc
 164              		@ args = 0, pretend = 0, frame = 0
 165              		@ frame_needed = 0, uses_anonymous_args = 0
 166 0000 10B5     		push	{r4, lr}
 167              		.cfi_def_cfa_offset 8
 168              		.cfi_offset 4, -8
 169              		.cfi_offset 14, -4
 260:Generated_Source\PSoC4/CapSense_Control.c ****     cystatus result;
 261:Generated_Source\PSoC4/CapSense_Control.c **** 
 262:Generated_Source\PSoC4/CapSense_Control.c ****     /* The Tuner are initialized only once to do not break communication */
 263:Generated_Source\PSoC4/CapSense_Control.c ****     if (CapSense_INIT_NEEDED == CapSense_InitVar)
 170              		.loc 1 263 0
 171 0002 074B     		ldr	r3, .L14
 172 0004 1B78     		ldrb	r3, [r3]
 173 0006 002B     		cmp	r3, #0
 174 0008 04D1     		bne	.L13
 264:Generated_Source\PSoC4/CapSense_Control.c ****     {
 265:Generated_Source\PSoC4/CapSense_Control.c ****         CapSense_TuInitialize();
 175              		.loc 1 265 0
 176 000a FFF7FEFF 		bl	CapSense_TuInitialize
 177              	.LVL15:
 266:Generated_Source\PSoC4/CapSense_Control.c ****         CapSense_InitVar = CapSense_INIT_DONE;
 178              		.loc 1 266 0
 179 000e 0122     		movs	r2, #1
 180 0010 034B     		ldr	r3, .L14
ARM GAS  C:\Users\Lenovo\AppData\Local\Temp\cc5ZOoAI.s 			page 9


 181 0012 1A70     		strb	r2, [r3]
 182              	.L13:
 267:Generated_Source\PSoC4/CapSense_Control.c ****     }
 268:Generated_Source\PSoC4/CapSense_Control.c ****     CapSense_DpInitialize();
 183              		.loc 1 268 0
 184 0014 FFF7FEFF 		bl	CapSense_DpInitialize
 185              	.LVL16:
 269:Generated_Source\PSoC4/CapSense_Control.c **** 
 270:Generated_Source\PSoC4/CapSense_Control.c ****     result = CapSense_SsInitialize();
 186              		.loc 1 270 0
 187 0018 FFF7FEFF 		bl	CapSense_SsInitialize
 188              	.LVL17:
 271:Generated_Source\PSoC4/CapSense_Control.c **** 
 272:Generated_Source\PSoC4/CapSense_Control.c ****     return result;
 273:Generated_Source\PSoC4/CapSense_Control.c **** }
 189              		.loc 1 273 0
 190              		@ sp needed
 191 001c 10BD     		pop	{r4, pc}
 192              	.L15:
 193 001e C046     		.align	2
 194              	.L14:
 195 0020 00000000 		.word	.LANCHOR0
 196              		.cfi_endproc
 197              	.LFE6:
 198              		.size	CapSense_Resume, .-CapSense_Resume
 199              		.section	.text.CapSense_ProcessAllWidgets,"ax",%progbits
 200              		.align	2
 201              		.global	CapSense_ProcessAllWidgets
 202              		.code	16
 203              		.thumb_func
 204              		.type	CapSense_ProcessAllWidgets, %function
 205              	CapSense_ProcessAllWidgets:
 206              	.LFB7:
 274:Generated_Source\PSoC4/CapSense_Control.c **** 
 275:Generated_Source\PSoC4/CapSense_Control.c **** /*******************************************************************************
 276:Generated_Source\PSoC4/CapSense_Control.c **** * Function Name: CapSense_ProcessAllWidgets
 277:Generated_Source\PSoC4/CapSense_Control.c **** ****************************************************************************//**
 278:Generated_Source\PSoC4/CapSense_Control.c **** *
 279:Generated_Source\PSoC4/CapSense_Control.c **** * \brief
 280:Generated_Source\PSoC4/CapSense_Control.c **** *  Performs full data processing of all enabled widgets.
 281:Generated_Source\PSoC4/CapSense_Control.c **** *
 282:Generated_Source\PSoC4/CapSense_Control.c **** * \details
 283:Generated_Source\PSoC4/CapSense_Control.c **** *  This function performs all data processes for all enabled widgets in the
 284:Generated_Source\PSoC4/CapSense_Control.c **** *  component. The following tasks are executed as part of processing all the
 285:Generated_Source\PSoC4/CapSense_Control.c **** *  widgets:
 286:Generated_Source\PSoC4/CapSense_Control.c **** *    1. Apply raw-count filters to raw counts, if they are enabled in the
 287:Generated_Source\PSoC4/CapSense_Control.c **** *       customizer.
 288:Generated_Source\PSoC4/CapSense_Control.c **** *    2. Update thresholds if the SmartSense Full Auto-Tuning is enabled in
 289:Generated_Source\PSoC4/CapSense_Control.c **** *       the customizer.
 290:Generated_Source\PSoC4/CapSense_Control.c **** *    3. Update the Baselines and Difference counts for all sensors.
 291:Generated_Source\PSoC4/CapSense_Control.c **** *    4. Update the sensor and widget status (on/off), update centroid for
 292:Generated_Source\PSoC4/CapSense_Control.c **** *       sliders and X/Y position for touchpads.
 293:Generated_Source\PSoC4/CapSense_Control.c **** *
 294:Generated_Source\PSoC4/CapSense_Control.c **** *  Disabled widgets are not processed. To disable/enable a widget, set
 295:Generated_Source\PSoC4/CapSense_Control.c **** *  appropriate values in the
 296:Generated_Source\PSoC4/CapSense_Control.c **** *  CapSense_WDGT_ENABLE<RegisterNumber>_PARAM_ID register using the
 297:Generated_Source\PSoC4/CapSense_Control.c **** *  CapSense_SetParam() function.
ARM GAS  C:\Users\Lenovo\AppData\Local\Temp\cc5ZOoAI.s 			page 10


 298:Generated_Source\PSoC4/CapSense_Control.c **** *  This function should be called only after all the sensors in the component
 299:Generated_Source\PSoC4/CapSense_Control.c **** *  are scanned. Calling this function multiple times without sensor scanning
 300:Generated_Source\PSoC4/CapSense_Control.c **** *  causes unexpected behavior.
 301:Generated_Source\PSoC4/CapSense_Control.c **** *
 302:Generated_Source\PSoC4/CapSense_Control.c **** *  If Self-test library is enabled this function executes baseline duplication
 303:Generated_Source\PSoC4/CapSense_Control.c **** *  test. Refer to CapSense_CheckBaselineDuplication() for details.
 304:Generated_Source\PSoC4/CapSense_Control.c **** *
 305:Generated_Source\PSoC4/CapSense_Control.c **** * \return
 306:Generated_Source\PSoC4/CapSense_Control.c **** *  Returns the status of the processing operation. If CYRET_SUCCESS is not received,
 307:Generated_Source\PSoC4/CapSense_Control.c **** *  the processing fails and retries may be required.
 308:Generated_Source\PSoC4/CapSense_Control.c **** *
 309:Generated_Source\PSoC4/CapSense_Control.c **** *******************************************************************************/
 310:Generated_Source\PSoC4/CapSense_Control.c **** cystatus CapSense_ProcessAllWidgets(void)
 311:Generated_Source\PSoC4/CapSense_Control.c **** {
 207              		.loc 1 311 0
 208              		.cfi_startproc
 209              		@ args = 0, pretend = 0, frame = 0
 210              		@ frame_needed = 0, uses_anonymous_args = 0
 211 0000 70B5     		push	{r4, r5, r6, lr}
 212              		.cfi_def_cfa_offset 16
 213              		.cfi_offset 4, -16
 214              		.cfi_offset 5, -12
 215              		.cfi_offset 6, -8
 216              		.cfi_offset 14, -4
 217              	.LVL18:
 312:Generated_Source\PSoC4/CapSense_Control.c ****     uint32 wdgtId;
 313:Generated_Source\PSoC4/CapSense_Control.c ****     cystatus result = CYRET_SUCCESS;
 314:Generated_Source\PSoC4/CapSense_Control.c ****     CapSense_FLASH_WD_STRUCT const *ptrFlashWdgt;
 315:Generated_Source\PSoC4/CapSense_Control.c **** 
 316:Generated_Source\PSoC4/CapSense_Control.c ****     ptrFlashWdgt = CapSense_dsFlash.wdgtArray;
 218              		.loc 1 316 0
 219 0002 0E4E     		ldr	r6, .L20
 313:Generated_Source\PSoC4/CapSense_Control.c ****     CapSense_FLASH_WD_STRUCT const *ptrFlashWdgt;
 220              		.loc 1 313 0
 221 0004 0024     		movs	r4, #0
 317:Generated_Source\PSoC4/CapSense_Control.c **** 
 318:Generated_Source\PSoC4/CapSense_Control.c ****     for (wdgtId = 0u; wdgtId < CapSense_TOTAL_WIDGETS; wdgtId++)
 222              		.loc 1 318 0
 223 0006 0025     		movs	r5, #0
 224 0008 14E0     		b	.L17
 225              	.LVL19:
 226              	.L19:
 319:Generated_Source\PSoC4/CapSense_Control.c ****     {
 320:Generated_Source\PSoC4/CapSense_Control.c ****         if (0uL != CapSense_GET_WIDGET_EN_STATUS(wdgtId))
 227              		.loc 1 320 0
 228 000a 6B09     		lsrs	r3, r5, #5
 229 000c 0233     		adds	r3, r3, #2
 230 000e 9B00     		lsls	r3, r3, #2
 231 0010 0B4A     		ldr	r2, .L20+4
 232 0012 D318     		adds	r3, r2, r3
 233 0014 5B68     		ldr	r3, [r3, #4]
 234 0016 1F22     		movs	r2, #31
 235 0018 2A40     		ands	r2, r5
 236 001a D340     		lsrs	r3, r3, r2
 237 001c DB07     		lsls	r3, r3, #31
 238 001e 07D5     		bpl	.L18
 321:Generated_Source\PSoC4/CapSense_Control.c ****         {
ARM GAS  C:\Users\Lenovo\AppData\Local\Temp\cc5ZOoAI.s 			page 11


 322:Generated_Source\PSoC4/CapSense_Control.c ****             switch(CapSense_GET_SENSE_METHOD(ptrFlashWdgt))
 323:Generated_Source\PSoC4/CapSense_Control.c ****             {
 324:Generated_Source\PSoC4/CapSense_Control.c ****             #if (0u != CapSense_TOTAL_CSD_WIDGETS)
 325:Generated_Source\PSoC4/CapSense_Control.c ****                 case CapSense_SENSE_METHOD_CSD_E:
 326:Generated_Source\PSoC4/CapSense_Control.c ****                     result = CapSense_DpProcessCsdWidgetRawCounts(ptrFlashWdgt);
 239              		.loc 1 326 0
 240 0020 3000     		movs	r0, r6
 241 0022 FFF7FEFF 		bl	CapSense_DpProcessCsdWidgetRawCounts
 242              	.LVL20:
 243 0026 0400     		movs	r4, r0
 244              	.LVL21:
 327:Generated_Source\PSoC4/CapSense_Control.c ****                     CapSense_DpProcessCsdWidgetStatus(wdgtId, ptrFlashWdgt);
 245              		.loc 1 327 0
 246 0028 3100     		movs	r1, r6
 247 002a 2800     		movs	r0, r5
 248              	.LVL22:
 249 002c FFF7FEFF 		bl	CapSense_DpProcessCsdWidgetStatus
 250              	.LVL23:
 251              	.L18:
 328:Generated_Source\PSoC4/CapSense_Control.c ****                     break;
 329:Generated_Source\PSoC4/CapSense_Control.c ****             #endif /* #if (0u != CapSense_TOTAL_CSD_WIDGETS) */
 330:Generated_Source\PSoC4/CapSense_Control.c **** 
 331:Generated_Source\PSoC4/CapSense_Control.c ****             #if (0u != CapSense_TOTAL_CSX_WIDGETS)
 332:Generated_Source\PSoC4/CapSense_Control.c ****                 case CapSense_SENSE_METHOD_CSX_E:
 333:Generated_Source\PSoC4/CapSense_Control.c ****                     result = CapSense_DpProcessCsxWidgetRawCounts(ptrFlashWdgt);
 334:Generated_Source\PSoC4/CapSense_Control.c ****                     CapSense_DpProcessCsxWidgetStatus(wdgtId, ptrFlashWdgt);
 335:Generated_Source\PSoC4/CapSense_Control.c ****                     break;
 336:Generated_Source\PSoC4/CapSense_Control.c ****             #endif /* #if (0u != CapSense_TOTAL_CSX_WIDGETS) */
 337:Generated_Source\PSoC4/CapSense_Control.c **** 
 338:Generated_Source\PSoC4/CapSense_Control.c ****             default:
 339:Generated_Source\PSoC4/CapSense_Control.c ****                 CYASSERT(0u);
 340:Generated_Source\PSoC4/CapSense_Control.c ****                 break;
 341:Generated_Source\PSoC4/CapSense_Control.c ****             }
 342:Generated_Source\PSoC4/CapSense_Control.c **** 
 343:Generated_Source\PSoC4/CapSense_Control.c ****             #if (CapSense_ENABLE == CapSense_TST_BSLN_DUPLICATION_EN)
 344:Generated_Source\PSoC4/CapSense_Control.c ****                 if (CYRET_SUCCESS != result)
 345:Generated_Source\PSoC4/CapSense_Control.c ****                 {
 346:Generated_Source\PSoC4/CapSense_Control.c ****                     CapSense_UpdateTestResultBaselineDuplication(wdgtId, result);
 347:Generated_Source\PSoC4/CapSense_Control.c ****                     result = CYRET_BAD_DATA;
 348:Generated_Source\PSoC4/CapSense_Control.c ****                 }
 349:Generated_Source\PSoC4/CapSense_Control.c ****             #endif /* (CapSense_ENABLE == CapSense_TST_BSLN_DUPLICATION_EN) */
 350:Generated_Source\PSoC4/CapSense_Control.c **** 
 351:Generated_Source\PSoC4/CapSense_Control.c ****         }
 352:Generated_Source\PSoC4/CapSense_Control.c ****         ptrFlashWdgt++;
 252              		.loc 1 352 0 discriminator 2
 253 0030 2436     		adds	r6, r6, #36
 254              	.LVL24:
 318:Generated_Source\PSoC4/CapSense_Control.c ****     {
 255              		.loc 1 318 0 discriminator 2
 256 0032 0135     		adds	r5, r5, #1
 257              	.LVL25:
 258              	.L17:
 318:Generated_Source\PSoC4/CapSense_Control.c ****     {
 259              		.loc 1 318 0 is_stmt 0 discriminator 1
 260 0034 002D     		cmp	r5, #0
 261 0036 E8D0     		beq	.L19
 353:Generated_Source\PSoC4/CapSense_Control.c ****     }
ARM GAS  C:\Users\Lenovo\AppData\Local\Temp\cc5ZOoAI.s 			page 12


 354:Generated_Source\PSoC4/CapSense_Control.c ****     return result;
 355:Generated_Source\PSoC4/CapSense_Control.c **** }
 262              		.loc 1 355 0 is_stmt 1
 263 0038 2000     		movs	r0, r4
 264              		@ sp needed
 265              	.LVL26:
 266              	.LVL27:
 267              	.LVL28:
 268 003a 70BD     		pop	{r4, r5, r6, pc}
 269              	.L21:
 270              		.align	2
 271              	.L20:
 272 003c 00000000 		.word	CapSense_dsFlash
 273 0040 00000000 		.word	CapSense_dsRam
 274              		.cfi_endproc
 275              	.LFE7:
 276              		.size	CapSense_ProcessAllWidgets, .-CapSense_ProcessAllWidgets
 277              		.section	.text.CapSense_ProcessWidget,"ax",%progbits
 278              		.align	2
 279              		.global	CapSense_ProcessWidget
 280              		.code	16
 281              		.thumb_func
 282              		.type	CapSense_ProcessWidget, %function
 283              	CapSense_ProcessWidget:
 284              	.LFB8:
 356:Generated_Source\PSoC4/CapSense_Control.c **** 
 357:Generated_Source\PSoC4/CapSense_Control.c **** /*******************************************************************************
 358:Generated_Source\PSoC4/CapSense_Control.c **** * Function Name: CapSense_ProcessWidget
 359:Generated_Source\PSoC4/CapSense_Control.c **** ****************************************************************************//**
 360:Generated_Source\PSoC4/CapSense_Control.c **** *
 361:Generated_Source\PSoC4/CapSense_Control.c **** * \brief
 362:Generated_Source\PSoC4/CapSense_Control.c **** *  Performs full data processing of the specified widget if it is enabled.
 363:Generated_Source\PSoC4/CapSense_Control.c **** *
 364:Generated_Source\PSoC4/CapSense_Control.c **** * \details
 365:Generated_Source\PSoC4/CapSense_Control.c **** *  This function performs exactly the same tasks as
 366:Generated_Source\PSoC4/CapSense_Control.c **** *  CapSense_ProcessAllWidgets(), but only for a specified widget. This
 367:Generated_Source\PSoC4/CapSense_Control.c **** *  function can be used along with the CapSense_SetupWidget() and
 368:Generated_Source\PSoC4/CapSense_Control.c **** *  CapSense_Scan() functions to scan and process data for a specific
 369:Generated_Source\PSoC4/CapSense_Control.c **** *  widget. This function should be called only after all the sensors in the
 370:Generated_Source\PSoC4/CapSense_Control.c **** *  widgets are scanned. A disabled widget is not processed by this function.
 371:Generated_Source\PSoC4/CapSense_Control.c **** *
 372:Generated_Source\PSoC4/CapSense_Control.c **** *  The pipeline scan method (i.e. during scanning of a widget perform processing
 373:Generated_Source\PSoC4/CapSense_Control.c **** *  of the previously scanned widget) can be implemented using this function and
 374:Generated_Source\PSoC4/CapSense_Control.c **** *  it may reduce the total scan/process time, increase the refresh rate and
 375:Generated_Source\PSoC4/CapSense_Control.c **** *  decrease the power consumption.
 376:Generated_Source\PSoC4/CapSense_Control.c **** *
 377:Generated_Source\PSoC4/CapSense_Control.c **** *  If Self-test library is enabled this function executes baseline duplication
 378:Generated_Source\PSoC4/CapSense_Control.c **** *  test. Refer to CapSense_CheckBaselineDuplication() for details.
 379:Generated_Source\PSoC4/CapSense_Control.c **** *
 380:Generated_Source\PSoC4/CapSense_Control.c **** * \param widgetId
 381:Generated_Source\PSoC4/CapSense_Control.c **** *  Specify the ID number of the widget to be processed.
 382:Generated_Source\PSoC4/CapSense_Control.c **** *  A macro for the widget ID can be found in the
 383:Generated_Source\PSoC4/CapSense_Control.c **** *  CapSense Configuration header file defined as
 384:Generated_Source\PSoC4/CapSense_Control.c **** *  CapSense_<WidgetName>_WDGT_ID
 385:Generated_Source\PSoC4/CapSense_Control.c **** *
 386:Generated_Source\PSoC4/CapSense_Control.c **** * \return
 387:Generated_Source\PSoC4/CapSense_Control.c **** *  Returns the status of the widget processing:
ARM GAS  C:\Users\Lenovo\AppData\Local\Temp\cc5ZOoAI.s 			page 13


 388:Generated_Source\PSoC4/CapSense_Control.c **** *  - CYRET_SUCCESS if operation is successfully completed
 389:Generated_Source\PSoC4/CapSense_Control.c **** *  - CYRET_BAD_PARAM if the input parameter is invalid
 390:Generated_Source\PSoC4/CapSense_Control.c **** *  - CYRET_INVALID_STATE if the specified widget is disabled
 391:Generated_Source\PSoC4/CapSense_Control.c **** *  - CYRET_BAD_DATA if processing was failed
 392:Generated_Source\PSoC4/CapSense_Control.c **** *
 393:Generated_Source\PSoC4/CapSense_Control.c **** *******************************************************************************/
 394:Generated_Source\PSoC4/CapSense_Control.c **** cystatus CapSense_ProcessWidget(uint32 widgetId)
 395:Generated_Source\PSoC4/CapSense_Control.c **** {
 285              		.loc 1 395 0
 286              		.cfi_startproc
 287              		@ args = 0, pretend = 0, frame = 0
 288              		@ frame_needed = 0, uses_anonymous_args = 0
 289              	.LVL29:
 290 0000 70B5     		push	{r4, r5, r6, lr}
 291              		.cfi_def_cfa_offset 16
 292              		.cfi_offset 4, -16
 293              		.cfi_offset 5, -12
 294              		.cfi_offset 6, -8
 295              		.cfi_offset 14, -4
 296 0002 051E     		subs	r5, r0, #0
 297              	.LVL30:
 396:Generated_Source\PSoC4/CapSense_Control.c ****     cystatus result = CYRET_SUCCESS;
 397:Generated_Source\PSoC4/CapSense_Control.c ****     CapSense_FLASH_WD_STRUCT const *ptrFlashWdgt;
 398:Generated_Source\PSoC4/CapSense_Control.c **** 
 399:Generated_Source\PSoC4/CapSense_Control.c ****     if (widgetId >= CapSense_TOTAL_WIDGETS)
 298              		.loc 1 399 0
 299 0004 01D1     		bne	.L26
 396:Generated_Source\PSoC4/CapSense_Control.c ****     cystatus result = CYRET_SUCCESS;
 300              		.loc 1 396 0
 301 0006 0024     		movs	r4, #0
 302 0008 00E0     		b	.L23
 303              	.L26:
 400:Generated_Source\PSoC4/CapSense_Control.c ****     {
 401:Generated_Source\PSoC4/CapSense_Control.c ****         result = CYRET_BAD_PARAM;
 304              		.loc 1 401 0
 305 000a 0124     		movs	r4, #1
 306              	.L23:
 307              	.LVL31:
 402:Generated_Source\PSoC4/CapSense_Control.c ****     }
 403:Generated_Source\PSoC4/CapSense_Control.c **** 
 404:Generated_Source\PSoC4/CapSense_Control.c ****     if ((CYRET_SUCCESS == result) && (0uL == CapSense_GET_WIDGET_EN_STATUS(widgetId)))
 308              		.loc 1 404 0
 309 000c 002C     		cmp	r4, #0
 310 000e 0BD1     		bne	.L24
 311              		.loc 1 404 0 is_stmt 0 discriminator 1
 312 0010 6B09     		lsrs	r3, r5, #5
 313 0012 0233     		adds	r3, r3, #2
 314 0014 9B00     		lsls	r3, r3, #2
 315 0016 0D4A     		ldr	r2, .L28
 316 0018 D318     		adds	r3, r2, r3
 317 001a 5B68     		ldr	r3, [r3, #4]
 318 001c 1F22     		movs	r2, #31
 319 001e 2A40     		ands	r2, r5
 320 0020 D340     		lsrs	r3, r3, r2
 321 0022 DB07     		lsls	r3, r3, #31
 322 0024 00D4     		bmi	.L24
 405:Generated_Source\PSoC4/CapSense_Control.c ****     {
ARM GAS  C:\Users\Lenovo\AppData\Local\Temp\cc5ZOoAI.s 			page 14


 406:Generated_Source\PSoC4/CapSense_Control.c ****         result = CYRET_INVALID_STATE;
 323              		.loc 1 406 0 is_stmt 1
 324 0026 1134     		adds	r4, r4, #17
 325              	.LVL32:
 326              	.L24:
 407:Generated_Source\PSoC4/CapSense_Control.c ****     }
 408:Generated_Source\PSoC4/CapSense_Control.c **** 
 409:Generated_Source\PSoC4/CapSense_Control.c ****     if (CYRET_SUCCESS == result)
 327              		.loc 1 409 0
 328 0028 002C     		cmp	r4, #0
 329 002a 0CD1     		bne	.L25
 410:Generated_Source\PSoC4/CapSense_Control.c ****     {
 411:Generated_Source\PSoC4/CapSense_Control.c ****         ptrFlashWdgt = &CapSense_dsFlash.wdgtArray[widgetId];
 330              		.loc 1 411 0
 331 002c EB00     		lsls	r3, r5, #3
 332 002e 5B19     		adds	r3, r3, r5
 333 0030 9E00     		lsls	r6, r3, #2
 334 0032 074B     		ldr	r3, .L28+4
 335 0034 F618     		adds	r6, r6, r3
 336              	.LVL33:
 412:Generated_Source\PSoC4/CapSense_Control.c **** 
 413:Generated_Source\PSoC4/CapSense_Control.c ****         switch(CapSense_GET_SENSE_METHOD(ptrFlashWdgt))
 414:Generated_Source\PSoC4/CapSense_Control.c ****         {
 415:Generated_Source\PSoC4/CapSense_Control.c ****         #if (0u != CapSense_TOTAL_CSD_WIDGETS)
 416:Generated_Source\PSoC4/CapSense_Control.c ****             case CapSense_SENSE_METHOD_CSD_E:
 417:Generated_Source\PSoC4/CapSense_Control.c ****                 result = CapSense_DpProcessCsdWidgetRawCounts(ptrFlashWdgt);
 337              		.loc 1 417 0
 338 0036 3000     		movs	r0, r6
 339              	.LVL34:
 340 0038 FFF7FEFF 		bl	CapSense_DpProcessCsdWidgetRawCounts
 341              	.LVL35:
 342 003c 0400     		movs	r4, r0
 343              	.LVL36:
 418:Generated_Source\PSoC4/CapSense_Control.c ****                 CapSense_DpProcessCsdWidgetStatus(widgetId, ptrFlashWdgt);
 344              		.loc 1 418 0
 345 003e 3100     		movs	r1, r6
 346 0040 2800     		movs	r0, r5
 347              	.LVL37:
 348 0042 FFF7FEFF 		bl	CapSense_DpProcessCsdWidgetStatus
 349              	.LVL38:
 350              	.L25:
 419:Generated_Source\PSoC4/CapSense_Control.c ****                 break;
 420:Generated_Source\PSoC4/CapSense_Control.c ****         #endif /* #if (0u != CapSense_TOTAL_CSD_WIDGETS) */
 421:Generated_Source\PSoC4/CapSense_Control.c **** 
 422:Generated_Source\PSoC4/CapSense_Control.c ****         #if (0u != CapSense_TOTAL_CSX_WIDGETS)
 423:Generated_Source\PSoC4/CapSense_Control.c ****             case CapSense_SENSE_METHOD_CSX_E:
 424:Generated_Source\PSoC4/CapSense_Control.c ****                 result = CapSense_DpProcessCsxWidgetRawCounts(ptrFlashWdgt);
 425:Generated_Source\PSoC4/CapSense_Control.c ****                 CapSense_DpProcessCsxWidgetStatus(widgetId, ptrFlashWdgt);
 426:Generated_Source\PSoC4/CapSense_Control.c ****                 break;
 427:Generated_Source\PSoC4/CapSense_Control.c ****         #endif /* #if (0u != CapSense_TOTAL_CSX_WIDGETS) */
 428:Generated_Source\PSoC4/CapSense_Control.c **** 
 429:Generated_Source\PSoC4/CapSense_Control.c ****         default:
 430:Generated_Source\PSoC4/CapSense_Control.c ****             CYASSERT(0u);
 431:Generated_Source\PSoC4/CapSense_Control.c ****             break;
 432:Generated_Source\PSoC4/CapSense_Control.c ****         }
 433:Generated_Source\PSoC4/CapSense_Control.c **** 
 434:Generated_Source\PSoC4/CapSense_Control.c ****         #if (CapSense_ENABLE == CapSense_TST_BSLN_DUPLICATION_EN)
ARM GAS  C:\Users\Lenovo\AppData\Local\Temp\cc5ZOoAI.s 			page 15


 435:Generated_Source\PSoC4/CapSense_Control.c ****             if (CYRET_SUCCESS != result)
 436:Generated_Source\PSoC4/CapSense_Control.c ****             {
 437:Generated_Source\PSoC4/CapSense_Control.c ****                 CapSense_UpdateTestResultBaselineDuplication(widgetId, result);
 438:Generated_Source\PSoC4/CapSense_Control.c ****                 result = CYRET_BAD_DATA;
 439:Generated_Source\PSoC4/CapSense_Control.c ****             }
 440:Generated_Source\PSoC4/CapSense_Control.c ****         #endif /* (CapSense_ENABLE == CapSense_TST_BSLN_DUPLICATION_EN) */
 441:Generated_Source\PSoC4/CapSense_Control.c ****     }
 442:Generated_Source\PSoC4/CapSense_Control.c ****     return result;
 443:Generated_Source\PSoC4/CapSense_Control.c **** }
 351              		.loc 1 443 0
 352 0046 2000     		movs	r0, r4
 353              		@ sp needed
 354              	.LVL39:
 355              	.LVL40:
 356 0048 70BD     		pop	{r4, r5, r6, pc}
 357              	.L29:
 358 004a C046     		.align	2
 359              	.L28:
 360 004c 00000000 		.word	CapSense_dsRam
 361 0050 00000000 		.word	CapSense_dsFlash
 362              		.cfi_endproc
 363              	.LFE8:
 364              		.size	CapSense_ProcessWidget, .-CapSense_ProcessWidget
 365              		.section	.text.CapSense_ProcessWidgetExt,"ax",%progbits
 366              		.align	2
 367              		.global	CapSense_ProcessWidgetExt
 368              		.code	16
 369              		.thumb_func
 370              		.type	CapSense_ProcessWidgetExt, %function
 371              	CapSense_ProcessWidgetExt:
 372              	.LFB9:
 444:Generated_Source\PSoC4/CapSense_Control.c **** 
 445:Generated_Source\PSoC4/CapSense_Control.c **** 
 446:Generated_Source\PSoC4/CapSense_Control.c **** /*******************************************************************************
 447:Generated_Source\PSoC4/CapSense_Control.c **** * Function Name: CapSense_ProcessWidgetExt
 448:Generated_Source\PSoC4/CapSense_Control.c **** ****************************************************************************//**
 449:Generated_Source\PSoC4/CapSense_Control.c **** *
 450:Generated_Source\PSoC4/CapSense_Control.c **** * \brief
 451:Generated_Source\PSoC4/CapSense_Control.c **** *  Performs customized data processing on the selected widget.
 452:Generated_Source\PSoC4/CapSense_Control.c **** *
 453:Generated_Source\PSoC4/CapSense_Control.c **** * \details
 454:Generated_Source\PSoC4/CapSense_Control.c **** *  This function performs data processes for the specified widget specified by
 455:Generated_Source\PSoC4/CapSense_Control.c **** *  the mode parameter. The execution order of the requested operations is from
 456:Generated_Source\PSoC4/CapSense_Control.c **** *  LSB to MSB of the mode parameter. If a different order is needed, this API
 457:Generated_Source\PSoC4/CapSense_Control.c **** *  can be called multiple times with the required mode parameter.
 458:Generated_Source\PSoC4/CapSense_Control.c **** *
 459:Generated_Source\PSoC4/CapSense_Control.c **** *  This function can be used with any of the available scan functions. This
 460:Generated_Source\PSoC4/CapSense_Control.c **** *  function should be called only after all sensors in the specified widget are
 461:Generated_Source\PSoC4/CapSense_Control.c **** *  scanned. Calling this function multiple times with the same mode without
 462:Generated_Source\PSoC4/CapSense_Control.c **** *  sensor scanning causes unexpected behavior. This function ignores the value
 463:Generated_Source\PSoC4/CapSense_Control.c **** *  of the wdgtEnable register.
 464:Generated_Source\PSoC4/CapSense_Control.c **** *
 465:Generated_Source\PSoC4/CapSense_Control.c **** *  The CapSense_PROCESS_CALC_NOISE and
 466:Generated_Source\PSoC4/CapSense_Control.c **** *  CapSense_PROCESS_THRESHOLDS flags are supported by the CSD sensing
 467:Generated_Source\PSoC4/CapSense_Control.c **** *  method only when the auto-tuning mode is enabled.
 468:Generated_Source\PSoC4/CapSense_Control.c **** *
 469:Generated_Source\PSoC4/CapSense_Control.c **** *  The pipeline scan method (i.e. during scanning of a widget perform processing
ARM GAS  C:\Users\Lenovo\AppData\Local\Temp\cc5ZOoAI.s 			page 16


 470:Generated_Source\PSoC4/CapSense_Control.c **** *  of a previously scanned widget) can be implemented using this function and it
 471:Generated_Source\PSoC4/CapSense_Control.c **** *  may reduce the total scan/process time, increase the refresh rate and
 472:Generated_Source\PSoC4/CapSense_Control.c **** *  decrease the power consumption.
 473:Generated_Source\PSoC4/CapSense_Control.c **** *
 474:Generated_Source\PSoC4/CapSense_Control.c **** *  If Self-test library is enabled this function executes baseline duplication
 475:Generated_Source\PSoC4/CapSense_Control.c **** *  test. Refer to CapSense_CheckBaselineDuplication() for details.
 476:Generated_Source\PSoC4/CapSense_Control.c **** *
 477:Generated_Source\PSoC4/CapSense_Control.c **** * \param widgetId
 478:Generated_Source\PSoC4/CapSense_Control.c **** *  Specify the ID number of the widget to be processed.
 479:Generated_Source\PSoC4/CapSense_Control.c **** *  A macro for the widget ID can be found in the CapSense Configuration header
 480:Generated_Source\PSoC4/CapSense_Control.c **** *  file defined as CapSense_<WidgetName>_WDGT_ID.
 481:Generated_Source\PSoC4/CapSense_Control.c **** 
 482:Generated_Source\PSoC4/CapSense_Control.c **** * \param mode
 483:Generated_Source\PSoC4/CapSense_Control.c **** *  Specify the type of widget processing that needs to be executed for the
 484:Generated_Source\PSoC4/CapSense_Control.c **** *  specified widget:
 485:Generated_Source\PSoC4/CapSense_Control.c **** *    1. Bits [31..6] - Reserved
 486:Generated_Source\PSoC4/CapSense_Control.c **** *    2. Bits [5..0] - CapSense_PROCESS_ALL - Execute all tasks
 487:Generated_Source\PSoC4/CapSense_Control.c **** *    3. Bit [5] - CapSense_PROCESS_STATUS - Update Status (on/off,
 488:Generated_Source\PSoC4/CapSense_Control.c **** *       centroid position)
 489:Generated_Source\PSoC4/CapSense_Control.c **** *    4. Bit [4] - CapSense_PROCESS_THRESHOLDS - Update Thresholds
 490:Generated_Source\PSoC4/CapSense_Control.c **** *       (only in CSD auto-tuning mode)
 491:Generated_Source\PSoC4/CapSense_Control.c **** *    5. Bit [3] - CapSense_PROCESS_CALC_NOISE - Calculate Noise (only in
 492:Generated_Source\PSoC4/CapSense_Control.c **** *       CSD auto-tuning mode)
 493:Generated_Source\PSoC4/CapSense_Control.c **** *    6. Bit [2] - CapSense_PROCESS_DIFFCOUNTS - Update Difference Counts
 494:Generated_Source\PSoC4/CapSense_Control.c **** *    7. Bit [1] - CapSense_PROCESS_BASELINE - Update Baselines
 495:Generated_Source\PSoC4/CapSense_Control.c **** *    8. Bit [0] - CapSense_PROCESS_FILTER - Run Firmware Filter
 496:Generated_Source\PSoC4/CapSense_Control.c **** *
 497:Generated_Source\PSoC4/CapSense_Control.c **** * \return
 498:Generated_Source\PSoC4/CapSense_Control.c **** *  Returns the status of the widget processing operation:
 499:Generated_Source\PSoC4/CapSense_Control.c **** *  - CYRET_SUCCESS if processing is successfully performed
 500:Generated_Source\PSoC4/CapSense_Control.c **** *  - CYRET_BAD_PARAM if the input parameter is invalid
 501:Generated_Source\PSoC4/CapSense_Control.c **** *  - CYRET_BAD_DATA if processing was failed
 502:Generated_Source\PSoC4/CapSense_Control.c **** *
 503:Generated_Source\PSoC4/CapSense_Control.c **** *******************************************************************************/
 504:Generated_Source\PSoC4/CapSense_Control.c **** cystatus CapSense_ProcessWidgetExt(uint32 widgetId, uint32 mode)
 505:Generated_Source\PSoC4/CapSense_Control.c **** {
 373              		.loc 1 505 0
 374              		.cfi_startproc
 375              		@ args = 0, pretend = 0, frame = 16
 376              		@ frame_needed = 0, uses_anonymous_args = 0
 377              	.LVL41:
 378 0000 F0B5     		push	{r4, r5, r6, r7, lr}
 379              		.cfi_def_cfa_offset 20
 380              		.cfi_offset 4, -20
 381              		.cfi_offset 5, -16
 382              		.cfi_offset 6, -12
 383              		.cfi_offset 7, -8
 384              		.cfi_offset 14, -4
 385 0002 85B0     		sub	sp, sp, #20
 386              		.cfi_def_cfa_offset 40
 387 0004 061E     		subs	r6, r0, #0
 388 0006 0291     		str	r1, [sp, #8]
 389              	.LVL42:
 506:Generated_Source\PSoC4/CapSense_Control.c ****     uint32 snsCount;
 507:Generated_Source\PSoC4/CapSense_Control.c ****     cystatus result = CYRET_BAD_PARAM;
 508:Generated_Source\PSoC4/CapSense_Control.c ****     CapSense_FLASH_WD_STRUCT const *ptrFlashWdgt;
 509:Generated_Source\PSoC4/CapSense_Control.c ****     CapSense_PTR_FILTER_VARIANT fltrHistV;
ARM GAS  C:\Users\Lenovo\AppData\Local\Temp\cc5ZOoAI.s 			page 17


 510:Generated_Source\PSoC4/CapSense_Control.c ****     CapSense_RAM_SNS_STRUCT *ptrSns;
 511:Generated_Source\PSoC4/CapSense_Control.c **** 
 512:Generated_Source\PSoC4/CapSense_Control.c ****     #if (0u != CapSense_TOTAL_CSD_WIDGETS)
 513:Generated_Source\PSoC4/CapSense_Control.c ****         uint32 isProxWdgt;
 514:Generated_Source\PSoC4/CapSense_Control.c ****     #endif
 515:Generated_Source\PSoC4/CapSense_Control.c **** 
 516:Generated_Source\PSoC4/CapSense_Control.c ****     if (widgetId < CapSense_TOTAL_WIDGETS)
 390              		.loc 1 516 0
 391 0008 1FD1     		bne	.L34
 517:Generated_Source\PSoC4/CapSense_Control.c ****     {
 518:Generated_Source\PSoC4/CapSense_Control.c ****         ptrFlashWdgt = &CapSense_dsFlash.wdgtArray[widgetId];
 392              		.loc 1 518 0
 393 000a C300     		lsls	r3, r0, #3
 394 000c 1B18     		adds	r3, r3, r0
 395 000e 9A00     		lsls	r2, r3, #2
 396 0010 104B     		ldr	r3, .L35
 397 0012 D518     		adds	r5, r2, r3
 398              	.LVL43:
 519:Generated_Source\PSoC4/CapSense_Control.c ****         snsCount = CapSense_GET_SNS_CNT_BY_PTR(ptrFlashWdgt);
 399              		.loc 1 519 0
 400 0014 EB8A     		ldrh	r3, [r5, #22]
 401              	.LVL44:
 520:Generated_Source\PSoC4/CapSense_Control.c ****         ptrSns = ptrFlashWdgt->ptr2SnsRam;
 402              		.loc 1 520 0
 403 0016 AF68     		ldr	r7, [r5, #8]
 404              	.LVL45:
 521:Generated_Source\PSoC4/CapSense_Control.c ****         fltrHistV.ptr = ptrFlashWdgt->ptr2FltrHistory;
 405              		.loc 1 521 0
 406 0018 EA68     		ldr	r2, [r5, #12]
 407              	.LVL46:
 408 001a 0392     		str	r2, [sp, #12]
 507:Generated_Source\PSoC4/CapSense_Control.c ****     CapSense_FLASH_WD_STRUCT const *ptrFlashWdgt;
 409              		.loc 1 507 0
 410 001c 0122     		movs	r2, #1
 411              	.LVL47:
 412 001e 0192     		str	r2, [sp, #4]
 413 0020 08E0     		b	.L32
 414              	.LVL48:
 415              	.L33:
 522:Generated_Source\PSoC4/CapSense_Control.c **** 
 523:Generated_Source\PSoC4/CapSense_Control.c ****         switch(CapSense_GET_SENSE_METHOD(ptrFlashWdgt))
 524:Generated_Source\PSoC4/CapSense_Control.c ****         {
 525:Generated_Source\PSoC4/CapSense_Control.c ****         #if (0u != CapSense_TOTAL_CSD_WIDGETS)
 526:Generated_Source\PSoC4/CapSense_Control.c ****             case CapSense_SENSE_METHOD_CSD_E:
 527:Generated_Source\PSoC4/CapSense_Control.c ****             {
 528:Generated_Source\PSoC4/CapSense_Control.c ****                 /* Determine if widget is type of proximity.
 529:Generated_Source\PSoC4/CapSense_Control.c ****                  * The Proximity widgets use different filters and
 530:Generated_Source\PSoC4/CapSense_Control.c ****                  * therefore have different filter history object structure */
 531:Generated_Source\PSoC4/CapSense_Control.c ****                 isProxWdgt =
 532:Generated_Source\PSoC4/CapSense_Control.c ****                     (CapSense_GET_WIDGET_TYPE(ptrFlashWdgt) == CapSense_WD_PROXIMITY_E) ? 1Lu : 0Lu
 533:Generated_Source\PSoC4/CapSense_Control.c **** 
 534:Generated_Source\PSoC4/CapSense_Control.c ****                 /* Run the desired processing for the all CSD widget sensors */
 535:Generated_Source\PSoC4/CapSense_Control.c ****                 for (;snsCount-- > 0u;)
 536:Generated_Source\PSoC4/CapSense_Control.c ****                 {
 537:Generated_Source\PSoC4/CapSense_Control.c ****                     result = CapSense_DpProcessCsdSensorRawCountsExt(ptrFlashWdgt, ptrSns, fltrHist
 416              		.loc 1 537 0
 417 0022 029B     		ldr	r3, [sp, #8]
ARM GAS  C:\Users\Lenovo\AppData\Local\Temp\cc5ZOoAI.s 			page 18


 418 0024 039A     		ldr	r2, [sp, #12]
 419 0026 3900     		movs	r1, r7
 420 0028 2800     		movs	r0, r5
 421 002a FFF7FEFF 		bl	CapSense_DpProcessCsdSensorRawCountsExt
 422              	.LVL49:
 423 002e 0190     		str	r0, [sp, #4]
 424              	.LVL50:
 538:Generated_Source\PSoC4/CapSense_Control.c **** 
 539:Generated_Source\PSoC4/CapSense_Control.c ****                     #if (CapSense_ENABLE == CapSense_TST_BSLN_DUPLICATION_EN)
 540:Generated_Source\PSoC4/CapSense_Control.c ****                         if (CYRET_SUCCESS != result)
 541:Generated_Source\PSoC4/CapSense_Control.c ****                         {
 542:Generated_Source\PSoC4/CapSense_Control.c ****                             result = (result | CapSense_TST_LSBYTE) & snsCount;
 543:Generated_Source\PSoC4/CapSense_Control.c ****                         }
 544:Generated_Source\PSoC4/CapSense_Control.c ****                     #endif /* (CapSense_ENABLE == CapSense_TST_BSLN_DUPLICATION_EN) */
 545:Generated_Source\PSoC4/CapSense_Control.c **** 
 546:Generated_Source\PSoC4/CapSense_Control.c ****                     /* Move to the next sensor and filter history objects */
 547:Generated_Source\PSoC4/CapSense_Control.c ****                     ptrSns++;
 425              		.loc 1 547 0
 426 0030 0A37     		adds	r7, r7, #10
 427              	.LVL51:
 535:Generated_Source\PSoC4/CapSense_Control.c ****                 {
 428              		.loc 1 535 0
 429 0032 2300     		movs	r3, r4
 430              	.LVL52:
 431              	.L32:
 432 0034 5C1E     		subs	r4, r3, #1
 433              	.LVL53:
 434 0036 002B     		cmp	r3, #0
 435 0038 F3D1     		bne	.L33
 548:Generated_Source\PSoC4/CapSense_Control.c ****                     CapSense_INC_FLTR_OBJ_VARIANT(isProxWdgt, fltrHistV);
 549:Generated_Source\PSoC4/CapSense_Control.c ****                 }
 550:Generated_Source\PSoC4/CapSense_Control.c **** 
 551:Generated_Source\PSoC4/CapSense_Control.c ****                 if (0u != (mode & CapSense_PROCESS_STATUS))
 436              		.loc 1 551 0
 437 003a 029B     		ldr	r3, [sp, #8]
 438 003c 9B06     		lsls	r3, r3, #26
 439 003e 06D5     		bpl	.L31
 552:Generated_Source\PSoC4/CapSense_Control.c ****                 {
 553:Generated_Source\PSoC4/CapSense_Control.c ****                     CapSense_DpProcessCsdWidgetStatus(widgetId, ptrFlashWdgt);
 440              		.loc 1 553 0
 441 0040 2900     		movs	r1, r5
 442 0042 3000     		movs	r0, r6
 443 0044 FFF7FEFF 		bl	CapSense_DpProcessCsdWidgetStatus
 444              	.LVL54:
 445 0048 01E0     		b	.L31
 446              	.LVL55:
 447              	.L34:
 507:Generated_Source\PSoC4/CapSense_Control.c ****     CapSense_FLASH_WD_STRUCT const *ptrFlashWdgt;
 448              		.loc 1 507 0
 449 004a 0123     		movs	r3, #1
 450 004c 0193     		str	r3, [sp, #4]
 451              	.LVL56:
 452              	.L31:
 554:Generated_Source\PSoC4/CapSense_Control.c ****                 }
 555:Generated_Source\PSoC4/CapSense_Control.c ****                 break;
 556:Generated_Source\PSoC4/CapSense_Control.c ****             }
 557:Generated_Source\PSoC4/CapSense_Control.c ****         #endif /* #if (0u != CapSense_TOTAL_CSD_WIDGETS) */
ARM GAS  C:\Users\Lenovo\AppData\Local\Temp\cc5ZOoAI.s 			page 19


 558:Generated_Source\PSoC4/CapSense_Control.c **** 
 559:Generated_Source\PSoC4/CapSense_Control.c ****         #if (0u != CapSense_TOTAL_CSX_WIDGETS)
 560:Generated_Source\PSoC4/CapSense_Control.c ****             case CapSense_SENSE_METHOD_CSX_E:
 561:Generated_Source\PSoC4/CapSense_Control.c **** 
 562:Generated_Source\PSoC4/CapSense_Control.c ****                 #if (0u != CapSense_CSX_MULTIPHASE_TX_EN)
 563:Generated_Source\PSoC4/CapSense_Control.c ****                     if ((0u != (mode & CapSense_PROCESS_DECONVOLUTION)) &&
 564:Generated_Source\PSoC4/CapSense_Control.c ****                         (0u != (ptrFlashWdgt->staticConfig & CapSense_MULTIPHASE_TX_MASK)))
 565:Generated_Source\PSoC4/CapSense_Control.c ****                     {
 566:Generated_Source\PSoC4/CapSense_Control.c ****                         CapSense_DpDeconvolution(ptrFlashWdgt);
 567:Generated_Source\PSoC4/CapSense_Control.c ****                     }
 568:Generated_Source\PSoC4/CapSense_Control.c ****                 #endif /* #if (0u != CapSense_CSX_MULTIPHASE_TX_EN) */
 569:Generated_Source\PSoC4/CapSense_Control.c **** 
 570:Generated_Source\PSoC4/CapSense_Control.c ****                 /* Run the desired processing for the all CSX widget sensors */
 571:Generated_Source\PSoC4/CapSense_Control.c ****                 for (;snsCount-- > 0u;)
 572:Generated_Source\PSoC4/CapSense_Control.c ****                 {
 573:Generated_Source\PSoC4/CapSense_Control.c ****                     result = CapSense_DpProcessCsxSensorRawCountsExt(ptrFlashWdgt, ptrSns, fltrHist
 574:Generated_Source\PSoC4/CapSense_Control.c **** 
 575:Generated_Source\PSoC4/CapSense_Control.c ****                     #if (CapSense_ENABLE == CapSense_TST_BSLN_DUPLICATION_EN)
 576:Generated_Source\PSoC4/CapSense_Control.c ****                         if (CYRET_SUCCESS != result)
 577:Generated_Source\PSoC4/CapSense_Control.c ****                         {
 578:Generated_Source\PSoC4/CapSense_Control.c ****                             result = (result | CapSense_TST_LSBYTE) & snsCount;
 579:Generated_Source\PSoC4/CapSense_Control.c ****                         }
 580:Generated_Source\PSoC4/CapSense_Control.c ****                     #endif /* (CapSense_ENABLE == CapSense_TST_BSLN_DUPLICATION_EN) */
 581:Generated_Source\PSoC4/CapSense_Control.c **** 
 582:Generated_Source\PSoC4/CapSense_Control.c ****                     /* Move to the next sensor and filter history objects */
 583:Generated_Source\PSoC4/CapSense_Control.c ****                     ptrSns++;
 584:Generated_Source\PSoC4/CapSense_Control.c ****                     CapSense_INC_FLTR_OBJ_VARIANT(0u, fltrHistV);
 585:Generated_Source\PSoC4/CapSense_Control.c ****                 }
 586:Generated_Source\PSoC4/CapSense_Control.c **** 
 587:Generated_Source\PSoC4/CapSense_Control.c ****                 if (0u != (mode & CapSense_PROCESS_STATUS))
 588:Generated_Source\PSoC4/CapSense_Control.c ****                 {
 589:Generated_Source\PSoC4/CapSense_Control.c ****                     CapSense_DpProcessCsxWidgetStatus(widgetId, ptrFlashWdgt);
 590:Generated_Source\PSoC4/CapSense_Control.c ****                 }
 591:Generated_Source\PSoC4/CapSense_Control.c ****                 break;
 592:Generated_Source\PSoC4/CapSense_Control.c ****         #endif /* #if (0u != CapSense_TOTAL_CSX_WIDGETS) */
 593:Generated_Source\PSoC4/CapSense_Control.c **** 
 594:Generated_Source\PSoC4/CapSense_Control.c ****         default:
 595:Generated_Source\PSoC4/CapSense_Control.c ****             CYASSERT(0u);
 596:Generated_Source\PSoC4/CapSense_Control.c ****             break;
 597:Generated_Source\PSoC4/CapSense_Control.c ****         }
 598:Generated_Source\PSoC4/CapSense_Control.c **** 
 599:Generated_Source\PSoC4/CapSense_Control.c ****         #if (CapSense_ENABLE == CapSense_TST_BSLN_DUPLICATION_EN)
 600:Generated_Source\PSoC4/CapSense_Control.c ****             if (CYRET_SUCCESS != result)
 601:Generated_Source\PSoC4/CapSense_Control.c ****             {
 602:Generated_Source\PSoC4/CapSense_Control.c ****                 CapSense_UpdateTestResultBaselineDuplication(widgetId, snsCount);
 603:Generated_Source\PSoC4/CapSense_Control.c ****                 result = CYRET_BAD_DATA;
 604:Generated_Source\PSoC4/CapSense_Control.c ****             }
 605:Generated_Source\PSoC4/CapSense_Control.c ****         #endif /* (CapSense_ENABLE == CapSense_TST_BSLN_DUPLICATION_EN) */
 606:Generated_Source\PSoC4/CapSense_Control.c **** 
 607:Generated_Source\PSoC4/CapSense_Control.c ****     }
 608:Generated_Source\PSoC4/CapSense_Control.c ****     return result;
 609:Generated_Source\PSoC4/CapSense_Control.c **** }
 453              		.loc 1 609 0
 454 004e 0198     		ldr	r0, [sp, #4]
 455 0050 05B0     		add	sp, sp, #20
 456              		@ sp needed
 457              	.LVL57:
ARM GAS  C:\Users\Lenovo\AppData\Local\Temp\cc5ZOoAI.s 			page 20


 458 0052 F0BD     		pop	{r4, r5, r6, r7, pc}
 459              	.L36:
 460              		.align	2
 461              	.L35:
 462 0054 00000000 		.word	CapSense_dsFlash
 463              		.cfi_endproc
 464              	.LFE9:
 465              		.size	CapSense_ProcessWidgetExt, .-CapSense_ProcessWidgetExt
 466              		.section	.text.CapSense_ProcessSensorExt,"ax",%progbits
 467              		.align	2
 468              		.global	CapSense_ProcessSensorExt
 469              		.code	16
 470              		.thumb_func
 471              		.type	CapSense_ProcessSensorExt, %function
 472              	CapSense_ProcessSensorExt:
 473              	.LFB10:
 610:Generated_Source\PSoC4/CapSense_Control.c **** 
 611:Generated_Source\PSoC4/CapSense_Control.c **** /*******************************************************************************
 612:Generated_Source\PSoC4/CapSense_Control.c **** * Function Name: CapSense_ProcessSensorExt
 613:Generated_Source\PSoC4/CapSense_Control.c **** ****************************************************************************//**
 614:Generated_Source\PSoC4/CapSense_Control.c **** *
 615:Generated_Source\PSoC4/CapSense_Control.c **** * \brief
 616:Generated_Source\PSoC4/CapSense_Control.c **** *  Performs customized data processing on the selected widget's sensor.
 617:Generated_Source\PSoC4/CapSense_Control.c **** *
 618:Generated_Source\PSoC4/CapSense_Control.c **** * \details
 619:Generated_Source\PSoC4/CapSense_Control.c **** *  This function performs data processes for the specified sensor specified by
 620:Generated_Source\PSoC4/CapSense_Control.c **** *  the mode parameter. The execution order of the requested operations is from
 621:Generated_Source\PSoC4/CapSense_Control.c **** *  LSB to MSB of the mode parameter. If a different order is needed, this
 622:Generated_Source\PSoC4/CapSense_Control.c **** *  function can be called multiple times with the required mode parameter.
 623:Generated_Source\PSoC4/CapSense_Control.c **** *
 624:Generated_Source\PSoC4/CapSense_Control.c **** *  This function can be used with any of the available scan functions. This
 625:Generated_Source\PSoC4/CapSense_Control.c **** *  function should be called only after a specified sensor in the widget is
 626:Generated_Source\PSoC4/CapSense_Control.c **** *  scanned. Calling this function multiple times with the same mode without
 627:Generated_Source\PSoC4/CapSense_Control.c **** *  sensor scanning causes unexpected behavior. This function ignores the value
 628:Generated_Source\PSoC4/CapSense_Control.c **** *  of the wdgtEnable register.
 629:Generated_Source\PSoC4/CapSense_Control.c **** *
 630:Generated_Source\PSoC4/CapSense_Control.c **** *  The CapSense_PROCESS_CALC_NOISE and
 631:Generated_Source\PSoC4/CapSense_Control.c **** *  CapSense_PROCESS_THRESHOLDS flags are supported by the CSD sensing
 632:Generated_Source\PSoC4/CapSense_Control.c **** *  method only when the auto-tuning mode is enabled.
 633:Generated_Source\PSoC4/CapSense_Control.c **** *
 634:Generated_Source\PSoC4/CapSense_Control.c **** *  The pipeline scan method (i.e. during scanning of a sensor perform processing
 635:Generated_Source\PSoC4/CapSense_Control.c **** *  of a previously scanned sensor) can be implemented using this function and it
 636:Generated_Source\PSoC4/CapSense_Control.c **** *  may reduce the total scan/process time, increase the refresh rate and
 637:Generated_Source\PSoC4/CapSense_Control.c **** *  decrease the power consumption.
 638:Generated_Source\PSoC4/CapSense_Control.c **** *
 639:Generated_Source\PSoC4/CapSense_Control.c **** *  If Self-test library is enabled this function executes baseline duplication
 640:Generated_Source\PSoC4/CapSense_Control.c **** *  test. Refer to CapSense_CheckBaselineDuplication() for details.
 641:Generated_Source\PSoC4/CapSense_Control.c **** *
 642:Generated_Source\PSoC4/CapSense_Control.c **** * \param widgetId
 643:Generated_Source\PSoC4/CapSense_Control.c **** *  Specify the ID number of the widget to process one of its sensors.
 644:Generated_Source\PSoC4/CapSense_Control.c **** *  A macro for the widget ID can be found in the
 645:Generated_Source\PSoC4/CapSense_Control.c **** *  CapSense Configuration header file defined as
 646:Generated_Source\PSoC4/CapSense_Control.c **** *  CapSense_<WidgetName>_WDGT_ID
 647:Generated_Source\PSoC4/CapSense_Control.c **** *
 648:Generated_Source\PSoC4/CapSense_Control.c **** * \param sensorId
 649:Generated_Source\PSoC4/CapSense_Control.c **** *  Specify the ID number of the sensor within the widget to process it.
 650:Generated_Source\PSoC4/CapSense_Control.c **** *  A macro for the sensor ID within a specified widget can be found in the
ARM GAS  C:\Users\Lenovo\AppData\Local\Temp\cc5ZOoAI.s 			page 21


 651:Generated_Source\PSoC4/CapSense_Control.c **** *  CapSense Configuration header file defined as
 652:Generated_Source\PSoC4/CapSense_Control.c **** *  CapSense_<WidgetName>_SNS<SensorNumber>_ID
 653:Generated_Source\PSoC4/CapSense_Control.c **** *
 654:Generated_Source\PSoC4/CapSense_Control.c **** * \param mode
 655:Generated_Source\PSoC4/CapSense_Control.c **** *  Specify the type of the sensor processing that needs to be executed for the
 656:Generated_Source\PSoC4/CapSense_Control.c **** *  specified sensor:
 657:Generated_Source\PSoC4/CapSense_Control.c **** *    1. Bits [31..5] - Reserved
 658:Generated_Source\PSoC4/CapSense_Control.c **** *    2. Bits [4..0] - CapSense_PROCESS_ALL - Executes all tasks
 659:Generated_Source\PSoC4/CapSense_Control.c **** *    3. Bit [4] - CapSense_PROCESS_THRESHOLDS - Updates Thresholds (only
 660:Generated_Source\PSoC4/CapSense_Control.c **** *       in auto-tuning mode)
 661:Generated_Source\PSoC4/CapSense_Control.c **** *    4. Bit [3] - CapSense_PROCESS_CALC_NOISE - Calculates Noise (only
 662:Generated_Source\PSoC4/CapSense_Control.c **** *       in auto-tuning mode)
 663:Generated_Source\PSoC4/CapSense_Control.c **** *    5. Bit [2] - CapSense_PROCESS_DIFFCOUNTS - Updates Difference Count
 664:Generated_Source\PSoC4/CapSense_Control.c **** *    6. Bit [1] - CapSense_PROCESS_BASELINE - Updates Baseline
 665:Generated_Source\PSoC4/CapSense_Control.c **** *    7. Bit [0] - CapSense_PROCESS_FILTER - Runs Firmware Filter
 666:Generated_Source\PSoC4/CapSense_Control.c **** *
 667:Generated_Source\PSoC4/CapSense_Control.c **** * \return
 668:Generated_Source\PSoC4/CapSense_Control.c **** *  Returns the status of the sensor process operation:
 669:Generated_Source\PSoC4/CapSense_Control.c **** *  - CYRET_SUCCESS if processing is successfully performed
 670:Generated_Source\PSoC4/CapSense_Control.c **** *  - CYRET_BAD_PARAM if the input parameter is invalid
 671:Generated_Source\PSoC4/CapSense_Control.c **** *  - CYRET_BAD_DATA if processing was failed
 672:Generated_Source\PSoC4/CapSense_Control.c **** *
 673:Generated_Source\PSoC4/CapSense_Control.c **** *******************************************************************************/
 674:Generated_Source\PSoC4/CapSense_Control.c **** cystatus CapSense_ProcessSensorExt(uint32 widgetId, uint32 sensorId, uint32 mode)
 675:Generated_Source\PSoC4/CapSense_Control.c **** {
 474              		.loc 1 675 0
 475              		.cfi_startproc
 476              		@ args = 0, pretend = 0, frame = 0
 477              		@ frame_needed = 0, uses_anonymous_args = 0
 478              	.LVL58:
 479 0000 70B5     		push	{r4, r5, r6, lr}
 480              		.cfi_def_cfa_offset 16
 481              		.cfi_offset 4, -16
 482              		.cfi_offset 5, -12
 483              		.cfi_offset 6, -8
 484              		.cfi_offset 14, -4
 485              	.LVL59:
 676:Generated_Source\PSoC4/CapSense_Control.c ****     cystatus result = CYRET_BAD_PARAM;
 677:Generated_Source\PSoC4/CapSense_Control.c ****     CapSense_FLASH_WD_STRUCT const *ptrFlashWdgt;
 678:Generated_Source\PSoC4/CapSense_Control.c ****     CapSense_PTR_FILTER_VARIANT fltrHistV;
 679:Generated_Source\PSoC4/CapSense_Control.c ****     CapSense_RAM_SNS_STRUCT *ptrSns;
 680:Generated_Source\PSoC4/CapSense_Control.c **** 
 681:Generated_Source\PSoC4/CapSense_Control.c ****     if ((widgetId < CapSense_TOTAL_WIDGETS) && (sensorId < CapSense_GET_SENSOR_COUNT(widgetId)))
 486              		.loc 1 681 0
 487 0002 0028     		cmp	r0, #0
 488 0004 15D1     		bne	.L39
 489              		.loc 1 681 0 is_stmt 0 discriminator 1
 490 0006 C500     		lsls	r5, r0, #3
 491 0008 2D18     		adds	r5, r5, r0
 492 000a AC00     		lsls	r4, r5, #2
 493 000c 2500     		movs	r5, r4
 494 000e 0B4B     		ldr	r3, .L41
 495 0010 1C19     		adds	r4, r3, r4
 496 0012 E38A     		ldrh	r3, [r4, #22]
 497 0014 8B42     		cmp	r3, r1
 498 0016 0ED9     		bls	.L40
 499              	.LVL60:
ARM GAS  C:\Users\Lenovo\AppData\Local\Temp\cc5ZOoAI.s 			page 22


 682:Generated_Source\PSoC4/CapSense_Control.c ****     {
 683:Generated_Source\PSoC4/CapSense_Control.c ****         result = CYRET_SUCCESS;
 684:Generated_Source\PSoC4/CapSense_Control.c **** 
 685:Generated_Source\PSoC4/CapSense_Control.c ****         ptrFlashWdgt = &CapSense_dsFlash.wdgtArray[widgetId];
 500              		.loc 1 685 0 is_stmt 1
 501 0018 084E     		ldr	r6, .L41
 502 001a AD19     		adds	r5, r5, r6
 503              	.LVL61:
 686:Generated_Source\PSoC4/CapSense_Control.c ****         fltrHistV.ptr = ptrFlashWdgt->ptr2FltrHistory;
 687:Generated_Source\PSoC4/CapSense_Control.c ****         ptrSns = ptrFlashWdgt->ptr2SnsRam;
 504              		.loc 1 687 0
 505 001c A868     		ldr	r0, [r5, #8]
 506              	.LVL62:
 688:Generated_Source\PSoC4/CapSense_Control.c ****         ptrSns += sensorId;
 507              		.loc 1 688 0
 508 001e 8B00     		lsls	r3, r1, #2
 509 0020 5918     		adds	r1, r3, r1
 510              	.LVL63:
 511 0022 4B00     		lsls	r3, r1, #1
 512 0024 C118     		adds	r1, r0, r3
 513              	.LVL64:
 689:Generated_Source\PSoC4/CapSense_Control.c **** 
 690:Generated_Source\PSoC4/CapSense_Control.c ****         switch(CapSense_GET_SENSE_METHOD(ptrFlashWdgt))
 691:Generated_Source\PSoC4/CapSense_Control.c ****         {
 692:Generated_Source\PSoC4/CapSense_Control.c ****         #if (0u != CapSense_TOTAL_CSD_WIDGETS)
 693:Generated_Source\PSoC4/CapSense_Control.c ****             case CapSense_SENSE_METHOD_CSD_E:
 694:Generated_Source\PSoC4/CapSense_Control.c ****                 if (CapSense_WD_PROXIMITY_E == (CapSense_WD_TYPE_ENUM)ptrFlashWdgt->wdgtType)
 695:Generated_Source\PSoC4/CapSense_Control.c ****                 {
 696:Generated_Source\PSoC4/CapSense_Control.c ****                     #if (0u != CapSense_PROX_RC_FILTER_EN)
 697:Generated_Source\PSoC4/CapSense_Control.c ****                         fltrHistV.ptr = &fltrHistV.ptrProx[sensorId];
 698:Generated_Source\PSoC4/CapSense_Control.c ****                     #endif /* #if (0u != CapSense_PROX_RC_FILTER_EN) */
 699:Generated_Source\PSoC4/CapSense_Control.c ****                 }
 700:Generated_Source\PSoC4/CapSense_Control.c ****                 else
 701:Generated_Source\PSoC4/CapSense_Control.c ****                 {
 702:Generated_Source\PSoC4/CapSense_Control.c ****                     #if (0u != CapSense_REGULAR_RC_FILTER_EN)
 703:Generated_Source\PSoC4/CapSense_Control.c ****                         fltrHistV.ptr = &fltrHistV.ptrRegular[sensorId];
 704:Generated_Source\PSoC4/CapSense_Control.c ****                     #endif /* #if (0u != CapSense_REGULAR_RC_FILTER_EN) */
 705:Generated_Source\PSoC4/CapSense_Control.c ****                 }
 706:Generated_Source\PSoC4/CapSense_Control.c **** 
 707:Generated_Source\PSoC4/CapSense_Control.c ****                 result = CapSense_DpProcessCsdSensorRawCountsExt(ptrFlashWdgt, ptrSns, fltrHistV, m
 514              		.loc 1 707 0
 515 0026 1300     		movs	r3, r2
 516 0028 EA68     		ldr	r2, [r5, #12]
 517              	.LVL65:
 518 002a 2800     		movs	r0, r5
 519 002c FFF7FEFF 		bl	CapSense_DpProcessCsdSensorRawCountsExt
 520              	.LVL66:
 708:Generated_Source\PSoC4/CapSense_Control.c ****                 break;
 521              		.loc 1 708 0
 522 0030 02E0     		b	.L38
 523              	.LVL67:
 524              	.L39:
 676:Generated_Source\PSoC4/CapSense_Control.c ****     CapSense_FLASH_WD_STRUCT const *ptrFlashWdgt;
 525              		.loc 1 676 0
 526 0032 0120     		movs	r0, #1
 527              	.LVL68:
 528 0034 00E0     		b	.L38
ARM GAS  C:\Users\Lenovo\AppData\Local\Temp\cc5ZOoAI.s 			page 23


 529              	.LVL69:
 530              	.L40:
 531 0036 0120     		movs	r0, #1
 532              	.LVL70:
 533              	.L38:
 709:Generated_Source\PSoC4/CapSense_Control.c ****         #endif /* #if (0u != CapSense_TOTAL_CSD_WIDGETS) */
 710:Generated_Source\PSoC4/CapSense_Control.c **** 
 711:Generated_Source\PSoC4/CapSense_Control.c ****         #if (0u != CapSense_TOTAL_CSX_WIDGETS)
 712:Generated_Source\PSoC4/CapSense_Control.c ****             case CapSense_SENSE_METHOD_CSX_E:
 713:Generated_Source\PSoC4/CapSense_Control.c ****                 #if (0u != CapSense_REGULAR_RC_FILTER_EN)
 714:Generated_Source\PSoC4/CapSense_Control.c ****                     fltrHistV.ptr = &fltrHistV.ptrRegular[sensorId];
 715:Generated_Source\PSoC4/CapSense_Control.c ****                 #endif /* #if (0u != CapSense_REGULAR_RC_FILTER_EN) */
 716:Generated_Source\PSoC4/CapSense_Control.c **** 
 717:Generated_Source\PSoC4/CapSense_Control.c ****                 result = CapSense_DpProcessCsxSensorRawCountsExt(ptrFlashWdgt, ptrSns, fltrHistV, m
 718:Generated_Source\PSoC4/CapSense_Control.c ****                 break;
 719:Generated_Source\PSoC4/CapSense_Control.c ****         #endif /* #if (0u != CapSense_TOTAL_CSX_WIDGETS) */
 720:Generated_Source\PSoC4/CapSense_Control.c **** 
 721:Generated_Source\PSoC4/CapSense_Control.c ****         default:
 722:Generated_Source\PSoC4/CapSense_Control.c ****             CYASSERT(0u);
 723:Generated_Source\PSoC4/CapSense_Control.c ****             break;
 724:Generated_Source\PSoC4/CapSense_Control.c ****         }
 725:Generated_Source\PSoC4/CapSense_Control.c **** 
 726:Generated_Source\PSoC4/CapSense_Control.c ****         #if (CapSense_ENABLE == CapSense_TST_BSLN_DUPLICATION_EN)
 727:Generated_Source\PSoC4/CapSense_Control.c ****             if (CYRET_SUCCESS != result)
 728:Generated_Source\PSoC4/CapSense_Control.c ****             {
 729:Generated_Source\PSoC4/CapSense_Control.c ****                 CapSense_UpdateTestResultBaselineDuplication(widgetId, sensorId);
 730:Generated_Source\PSoC4/CapSense_Control.c ****                 result = CYRET_BAD_DATA;
 731:Generated_Source\PSoC4/CapSense_Control.c ****             }
 732:Generated_Source\PSoC4/CapSense_Control.c ****         #endif /* (CapSense_ENABLE == CapSense_TST_BSLN_DUPLICATION_EN) */
 733:Generated_Source\PSoC4/CapSense_Control.c **** 
 734:Generated_Source\PSoC4/CapSense_Control.c ****     }
 735:Generated_Source\PSoC4/CapSense_Control.c ****     return result;
 736:Generated_Source\PSoC4/CapSense_Control.c **** }
 534              		.loc 1 736 0
 535              		@ sp needed
 536 0038 70BD     		pop	{r4, r5, r6, pc}
 537              	.L42:
 538 003a C046     		.align	2
 539              	.L41:
 540 003c 00000000 		.word	CapSense_dsFlash
 541              		.cfi_endproc
 542              	.LFE10:
 543              		.size	CapSense_ProcessSensorExt, .-CapSense_ProcessSensorExt
 544              		.section	.text.CapSense_Sleep,"ax",%progbits
 545              		.align	2
 546              		.global	CapSense_Sleep
 547              		.code	16
 548              		.thumb_func
 549              		.type	CapSense_Sleep, %function
 550              	CapSense_Sleep:
 551              	.LFB11:
 737:Generated_Source\PSoC4/CapSense_Control.c **** 
 738:Generated_Source\PSoC4/CapSense_Control.c **** /*******************************************************************************
 739:Generated_Source\PSoC4/CapSense_Control.c **** * Function Name: CapSense_Sleep
 740:Generated_Source\PSoC4/CapSense_Control.c **** ****************************************************************************//**
 741:Generated_Source\PSoC4/CapSense_Control.c **** *
 742:Generated_Source\PSoC4/CapSense_Control.c **** * \brief
ARM GAS  C:\Users\Lenovo\AppData\Local\Temp\cc5ZOoAI.s 			page 24


 743:Generated_Source\PSoC4/CapSense_Control.c **** *  Prepares the component to deep sleep.
 744:Generated_Source\PSoC4/CapSense_Control.c **** *
 745:Generated_Source\PSoC4/CapSense_Control.c **** * \details
 746:Generated_Source\PSoC4/CapSense_Control.c **** *  Currently this function is empty and exists as a place for future updates,
 747:Generated_Source\PSoC4/CapSense_Control.c **** *  this function shall be used to prepare the component to enter deep sleep.
 748:Generated_Source\PSoC4/CapSense_Control.c **** *
 749:Generated_Source\PSoC4/CapSense_Control.c **** *******************************************************************************/
 750:Generated_Source\PSoC4/CapSense_Control.c **** void CapSense_Sleep(void)
 751:Generated_Source\PSoC4/CapSense_Control.c **** {
 552              		.loc 1 751 0
 553              		.cfi_startproc
 554              		@ args = 0, pretend = 0, frame = 0
 555              		@ frame_needed = 0, uses_anonymous_args = 0
 556              		@ link register save eliminated.
 752:Generated_Source\PSoC4/CapSense_Control.c **** }
 557              		.loc 1 752 0
 558              		@ sp needed
 559 0000 7047     		bx	lr
 560              		.cfi_endproc
 561              	.LFE11:
 562              		.size	CapSense_Sleep, .-CapSense_Sleep
 563 0002 C046     		.section	.text.CapSense_Wakeup,"ax",%progbits
 564              		.align	2
 565              		.global	CapSense_Wakeup
 566              		.code	16
 567              		.thumb_func
 568              		.type	CapSense_Wakeup, %function
 569              	CapSense_Wakeup:
 570              	.LFB12:
 753:Generated_Source\PSoC4/CapSense_Control.c **** 
 754:Generated_Source\PSoC4/CapSense_Control.c **** 
 755:Generated_Source\PSoC4/CapSense_Control.c **** /*******************************************************************************
 756:Generated_Source\PSoC4/CapSense_Control.c **** * Function Name: CapSense_Wakeup
 757:Generated_Source\PSoC4/CapSense_Control.c **** ****************************************************************************//**
 758:Generated_Source\PSoC4/CapSense_Control.c **** *
 759:Generated_Source\PSoC4/CapSense_Control.c **** * \brief
 760:Generated_Source\PSoC4/CapSense_Control.c **** *  Currently this function is empty and exists as a place for future updates,
 761:Generated_Source\PSoC4/CapSense_Control.c **** *  this function shall be used to resume the component after exiting deep sleep.
 762:Generated_Source\PSoC4/CapSense_Control.c **** *
 763:Generated_Source\PSoC4/CapSense_Control.c **** * \details
 764:Generated_Source\PSoC4/CapSense_Control.c **** *  Resumes the component after sleep.
 765:Generated_Source\PSoC4/CapSense_Control.c **** *
 766:Generated_Source\PSoC4/CapSense_Control.c **** *******************************************************************************/
 767:Generated_Source\PSoC4/CapSense_Control.c **** void CapSense_Wakeup(void)
 768:Generated_Source\PSoC4/CapSense_Control.c **** {
 571              		.loc 1 768 0
 572              		.cfi_startproc
 573              		@ args = 0, pretend = 0, frame = 0
 574              		@ frame_needed = 0, uses_anonymous_args = 0
 575              		@ link register save eliminated.
 769:Generated_Source\PSoC4/CapSense_Control.c ****     #if(CapSense_ENABLE == CapSense_CSDV2)
 770:Generated_Source\PSoC4/CapSense_Control.c ****         #if(CapSense_CSDV2_ANALOG_WAKEUP_DELAY_US > 0uL)
 771:Generated_Source\PSoC4/CapSense_Control.c ****             CyDelayUs(CapSense_CSDV2_ANALOG_WAKEUP_DELAY_US);
 772:Generated_Source\PSoC4/CapSense_Control.c ****         #endif /* (CapSense_CSDV2_ANALOG_WAKEUP_DELAY_US > 0uL) */
 773:Generated_Source\PSoC4/CapSense_Control.c ****     #endif /* (CapSense_ENABLE == CapSense_CSDV2) */
 774:Generated_Source\PSoC4/CapSense_Control.c **** }
 576              		.loc 1 774 0
ARM GAS  C:\Users\Lenovo\AppData\Local\Temp\cc5ZOoAI.s 			page 25


 577              		@ sp needed
 578 0000 7047     		bx	lr
 579              		.cfi_endproc
 580              	.LFE12:
 581              		.size	CapSense_Wakeup, .-CapSense_Wakeup
 582 0002 C046     		.bss
 583              		.set	.LANCHOR0,. + 0
 584              		.type	CapSense_InitVar, %object
 585              		.size	CapSense_InitVar, 1
 586              	CapSense_InitVar:
 587 0000 00       		.space	1
 588              		.text
 589              	.Letext0:
 590              		.file 2 "Generated_Source\\PSoC4\\cytypes.h"
 591              		.file 3 "Generated_Source\\PSoC4\\CapSense_Configuration.h"
 592              		.file 4 "Generated_Source\\PSoC4\\CapSense_Structure.h"
 593              		.file 5 "Generated_Source\\PSoC4\\CapSense_Tuner.h"
 594              		.file 6 "Generated_Source\\PSoC4\\CapSense_Processing.h"
 595              		.file 7 "Generated_Source\\PSoC4\\CapSense_Sensing.h"
 596              		.file 8 "Generated_Source\\PSoC4\\CapSense_Filter.h"
 597              		.section	.debug_info,"",%progbits
 598              	.Ldebug_info0:
 599 0000 8E090000 		.4byte	0x98e
 600 0004 0400     		.2byte	0x4
 601 0006 00000000 		.4byte	.Ldebug_abbrev0
 602 000a 04       		.byte	0x4
 603 000b 01       		.uleb128 0x1
 604 000c F7010000 		.4byte	.LASF124
 605 0010 0C       		.byte	0xc
 606 0011 80060000 		.4byte	.LASF125
 607 0015 FC070000 		.4byte	.LASF126
 608 0019 00000000 		.4byte	.Ldebug_ranges0+0
 609 001d 00000000 		.4byte	0
 610 0021 00000000 		.4byte	.Ldebug_line0
 611 0025 02       		.uleb128 0x2
 612 0026 01       		.byte	0x1
 613 0027 06       		.byte	0x6
 614 0028 D8070000 		.4byte	.LASF0
 615 002c 02       		.uleb128 0x2
 616 002d 01       		.byte	0x1
 617 002e 08       		.byte	0x8
 618 002f 1A070000 		.4byte	.LASF1
 619 0033 02       		.uleb128 0x2
 620 0034 02       		.byte	0x2
 621 0035 05       		.byte	0x5
 622 0036 61050000 		.4byte	.LASF2
 623 003a 02       		.uleb128 0x2
 624 003b 02       		.byte	0x2
 625 003c 07       		.byte	0x7
 626 003d E9070000 		.4byte	.LASF3
 627 0041 02       		.uleb128 0x2
 628 0042 04       		.byte	0x4
 629 0043 05       		.byte	0x5
 630 0044 9C050000 		.4byte	.LASF4
 631 0048 02       		.uleb128 0x2
 632 0049 04       		.byte	0x4
 633 004a 07       		.byte	0x7
ARM GAS  C:\Users\Lenovo\AppData\Local\Temp\cc5ZOoAI.s 			page 26


 634 004b B3060000 		.4byte	.LASF5
 635 004f 02       		.uleb128 0x2
 636 0050 08       		.byte	0x8
 637 0051 05       		.byte	0x5
 638 0052 E4030000 		.4byte	.LASF6
 639 0056 02       		.uleb128 0x2
 640 0057 08       		.byte	0x8
 641 0058 07       		.byte	0x7
 642 0059 84010000 		.4byte	.LASF7
 643 005d 03       		.uleb128 0x3
 644 005e 04       		.byte	0x4
 645 005f 05       		.byte	0x5
 646 0060 696E7400 		.ascii	"int\000"
 647 0064 02       		.uleb128 0x2
 648 0065 04       		.byte	0x4
 649 0066 07       		.byte	0x7
 650 0067 B2000000 		.4byte	.LASF8
 651 006b 04       		.uleb128 0x4
 652 006c 7D080000 		.4byte	.LASF9
 653 0070 02       		.byte	0x2
 654 0071 D201     		.2byte	0x1d2
 655 0073 2C000000 		.4byte	0x2c
 656 0077 04       		.uleb128 0x4
 657 0078 7F030000 		.4byte	.LASF10
 658 007c 02       		.byte	0x2
 659 007d D301     		.2byte	0x1d3
 660 007f 3A000000 		.4byte	0x3a
 661 0083 04       		.uleb128 0x4
 662 0084 A0040000 		.4byte	.LASF11
 663 0088 02       		.byte	0x2
 664 0089 D401     		.2byte	0x1d4
 665 008b 48000000 		.4byte	0x48
 666 008f 02       		.uleb128 0x2
 667 0090 04       		.byte	0x4
 668 0091 04       		.byte	0x4
 669 0092 4A010000 		.4byte	.LASF12
 670 0096 02       		.uleb128 0x2
 671 0097 08       		.byte	0x8
 672 0098 04       		.byte	0x4
 673 0099 83080000 		.4byte	.LASF13
 674 009d 02       		.uleb128 0x2
 675 009e 01       		.byte	0x1
 676 009f 08       		.byte	0x8
 677 00a0 55030000 		.4byte	.LASF14
 678 00a4 04       		.uleb128 0x4
 679 00a5 11070000 		.4byte	.LASF15
 680 00a9 02       		.byte	0x2
 681 00aa 7402     		.2byte	0x274
 682 00ac 48000000 		.4byte	0x48
 683 00b0 02       		.uleb128 0x2
 684 00b1 08       		.byte	0x8
 685 00b2 04       		.byte	0x4
 686 00b3 0B050000 		.4byte	.LASF16
 687 00b7 02       		.uleb128 0x2
 688 00b8 04       		.byte	0x4
 689 00b9 07       		.byte	0x7
 690 00ba AA060000 		.4byte	.LASF17
ARM GAS  C:\Users\Lenovo\AppData\Local\Temp\cc5ZOoAI.s 			page 27


 691 00be 05       		.uleb128 0x5
 692 00bf 04       		.byte	0x4
 693 00c0 06       		.uleb128 0x6
 694 00c1 59070000 		.4byte	.LASF18
 695 00c5 03       		.byte	0x3
 696 00c6 DD       		.byte	0xdd
 697 00c7 77000000 		.4byte	0x77
 698 00cb 06       		.uleb128 0x6
 699 00cc AF030000 		.4byte	.LASF19
 700 00d0 03       		.byte	0x3
 701 00d1 E1       		.byte	0xe1
 702 00d2 6B000000 		.4byte	0x6b
 703 00d6 07       		.uleb128 0x7
 704 00d7 01       		.byte	0x1
 705 00d8 2C000000 		.4byte	0x2c
 706 00dc 04       		.byte	0x4
 707 00dd 53       		.byte	0x53
 708 00de 07010000 		.4byte	0x107
 709 00e2 08       		.uleb128 0x8
 710 00e3 F0050000 		.4byte	.LASF20
 711 00e7 01       		.byte	0x1
 712 00e8 08       		.uleb128 0x8
 713 00e9 B7040000 		.4byte	.LASF21
 714 00ed 02       		.byte	0x2
 715 00ee 08       		.uleb128 0x8
 716 00ef F1020000 		.4byte	.LASF22
 717 00f3 03       		.byte	0x3
 718 00f4 08       		.uleb128 0x8
 719 00f5 9B010000 		.4byte	.LASF23
 720 00f9 04       		.byte	0x4
 721 00fa 08       		.uleb128 0x8
 722 00fb EF000000 		.4byte	.LASF24
 723 00ff 05       		.byte	0x5
 724 0100 08       		.uleb128 0x8
 725 0101 00000000 		.4byte	.LASF25
 726 0105 06       		.byte	0x6
 727 0106 00       		.byte	0
 728 0107 06       		.uleb128 0x6
 729 0108 8A040000 		.4byte	.LASF26
 730 010c 04       		.byte	0x4
 731 010d 5A       		.byte	0x5a
 732 010e D6000000 		.4byte	0xd6
 733 0112 07       		.uleb128 0x7
 734 0113 01       		.byte	0x1
 735 0114 2C000000 		.4byte	0x2c
 736 0118 04       		.byte	0x4
 737 0119 61       		.byte	0x61
 738 011a 37010000 		.4byte	0x137
 739 011e 08       		.uleb128 0x8
 740 011f 61000000 		.4byte	.LASF27
 741 0123 00       		.byte	0
 742 0124 08       		.uleb128 0x8
 743 0125 64060000 		.4byte	.LASF28
 744 0129 01       		.byte	0x1
 745 012a 08       		.uleb128 0x8
 746 012b D4050000 		.4byte	.LASF29
 747 012f 02       		.byte	0x2
ARM GAS  C:\Users\Lenovo\AppData\Local\Temp\cc5ZOoAI.s 			page 28


 748 0130 08       		.uleb128 0x8
 749 0131 71070000 		.4byte	.LASF30
 750 0135 03       		.byte	0x3
 751 0136 00       		.byte	0
 752 0137 09       		.uleb128 0x9
 753 0138 6B000000 		.4byte	0x6b
 754 013c 47010000 		.4byte	0x147
 755 0140 0A       		.uleb128 0xa
 756 0141 B7000000 		.4byte	0xb7
 757 0145 00       		.byte	0
 758 0146 00       		.byte	0
 759 0147 0B       		.uleb128 0xb
 760 0148 10       		.byte	0x10
 761 0149 04       		.byte	0x4
 762 014a BE       		.byte	0xbe
 763 014b D4010000 		.4byte	0x1d4
 764 014f 0C       		.uleb128 0xc
 765 0150 9D030000 		.4byte	.LASF31
 766 0154 04       		.byte	0x4
 767 0155 C4       		.byte	0xc4
 768 0156 77000000 		.4byte	0x77
 769 015a 00       		.byte	0
 770 015b 0C       		.uleb128 0xc
 771 015c F1060000 		.4byte	.LASF32
 772 0160 04       		.byte	0x4
 773 0161 C9       		.byte	0xc9
 774 0162 C0000000 		.4byte	0xc0
 775 0166 02       		.byte	0x2
 776 0167 0C       		.uleb128 0xc
 777 0168 4D030000 		.4byte	.LASF33
 778 016c 04       		.byte	0x4
 779 016d CE       		.byte	0xce
 780 016e 6B000000 		.4byte	0x6b
 781 0172 04       		.byte	0x4
 782 0173 0C       		.uleb128 0xc
 783 0174 76040000 		.4byte	.LASF34
 784 0178 04       		.byte	0x4
 785 0179 D3       		.byte	0xd3
 786 017a 6B000000 		.4byte	0x6b
 787 017e 05       		.byte	0x5
 788 017f 0C       		.uleb128 0xc
 789 0180 E6020000 		.4byte	.LASF35
 790 0184 04       		.byte	0x4
 791 0185 D8       		.byte	0xd8
 792 0186 6B000000 		.4byte	0x6b
 793 018a 06       		.byte	0x6
 794 018b 0C       		.uleb128 0xc
 795 018c FA030000 		.4byte	.LASF36
 796 0190 04       		.byte	0x4
 797 0191 DD       		.byte	0xdd
 798 0192 6B000000 		.4byte	0x6b
 799 0196 07       		.byte	0x7
 800 0197 0C       		.uleb128 0xc
 801 0198 26030000 		.4byte	.LASF37
 802 019c 04       		.byte	0x4
 803 019d E3       		.byte	0xe3
 804 019e CB000000 		.4byte	0xcb
ARM GAS  C:\Users\Lenovo\AppData\Local\Temp\cc5ZOoAI.s 			page 29


 805 01a2 08       		.byte	0x8
 806 01a3 0C       		.uleb128 0xc
 807 01a4 C5060000 		.4byte	.LASF38
 808 01a8 04       		.byte	0x4
 809 01a9 EA       		.byte	0xea
 810 01aa 37010000 		.4byte	0x137
 811 01ae 09       		.byte	0x9
 812 01af 0C       		.uleb128 0xc
 813 01b0 CA070000 		.4byte	.LASF39
 814 01b4 04       		.byte	0x4
 815 01b5 F1       		.byte	0xf1
 816 01b6 77000000 		.4byte	0x77
 817 01ba 0A       		.byte	0xa
 818 01bb 0C       		.uleb128 0xc
 819 01bc 48050000 		.4byte	.LASF40
 820 01c0 04       		.byte	0x4
 821 01c1 F6       		.byte	0xf6
 822 01c2 6B000000 		.4byte	0x6b
 823 01c6 0C       		.byte	0xc
 824 01c7 0C       		.uleb128 0xc
 825 01c8 C0080000 		.4byte	.LASF41
 826 01cc 04       		.byte	0x4
 827 01cd FB       		.byte	0xfb
 828 01ce D4010000 		.4byte	0x1d4
 829 01d2 0E       		.byte	0xe
 830 01d3 00       		.byte	0
 831 01d4 09       		.uleb128 0x9
 832 01d5 77000000 		.4byte	0x77
 833 01d9 E4010000 		.4byte	0x1e4
 834 01dd 0A       		.uleb128 0xa
 835 01de B7000000 		.4byte	0xb7
 836 01e2 00       		.byte	0
 837 01e3 00       		.byte	0
 838 01e4 06       		.uleb128 0x6
 839 01e5 46060000 		.4byte	.LASF42
 840 01e9 04       		.byte	0x4
 841 01ea FC       		.byte	0xfc
 842 01eb 47010000 		.4byte	0x147
 843 01ef 0D       		.uleb128 0xd
 844 01f0 10       		.byte	0x10
 845 01f1 04       		.byte	0x4
 846 01f2 0201     		.2byte	0x102
 847 01f4 06020000 		.4byte	0x206
 848 01f8 0E       		.uleb128 0xe
 849 01f9 8E070000 		.4byte	.LASF43
 850 01fd 04       		.byte	0x4
 851 01fe 0701     		.2byte	0x107
 852 0200 E4010000 		.4byte	0x1e4
 853 0204 00       		.byte	0
 854 0205 00       		.byte	0
 855 0206 04       		.uleb128 0x4
 856 0207 06010000 		.4byte	.LASF44
 857 020b 04       		.byte	0x4
 858 020c 0801     		.2byte	0x108
 859 020e EF010000 		.4byte	0x1ef
 860 0212 0D       		.uleb128 0xd
 861 0213 0A       		.byte	0xa
ARM GAS  C:\Users\Lenovo\AppData\Local\Temp\cc5ZOoAI.s 			page 30


 862 0214 04       		.byte	0x4
 863 0215 0E01     		.2byte	0x10e
 864 0217 5D020000 		.4byte	0x25d
 865 021b 0F       		.uleb128 0xf
 866 021c 72617700 		.ascii	"raw\000"
 867 0220 04       		.byte	0x4
 868 0221 1301     		.2byte	0x113
 869 0223 D4010000 		.4byte	0x1d4
 870 0227 00       		.byte	0
 871 0228 0E       		.uleb128 0xe
 872 0229 E4070000 		.4byte	.LASF45
 873 022d 04       		.byte	0x4
 874 022e 1801     		.2byte	0x118
 875 0230 D4010000 		.4byte	0x1d4
 876 0234 02       		.byte	0x2
 877 0235 0E       		.uleb128 0xe
 878 0236 FA060000 		.4byte	.LASF46
 879 023a 04       		.byte	0x4
 880 023b 1E01     		.2byte	0x11e
 881 023d 37010000 		.4byte	0x137
 882 0241 04       		.byte	0x4
 883 0242 0E       		.uleb128 0xe
 884 0243 C6050000 		.4byte	.LASF47
 885 0247 04       		.byte	0x4
 886 0248 2301     		.2byte	0x123
 887 024a C0000000 		.4byte	0xc0
 888 024e 06       		.byte	0x6
 889 024f 0E       		.uleb128 0xe
 890 0250 8A080000 		.4byte	.LASF48
 891 0254 04       		.byte	0x4
 892 0255 2801     		.2byte	0x128
 893 0257 5D020000 		.4byte	0x25d
 894 025b 08       		.byte	0x8
 895 025c 00       		.byte	0
 896 025d 09       		.uleb128 0x9
 897 025e CB000000 		.4byte	0xcb
 898 0262 6D020000 		.4byte	0x26d
 899 0266 0A       		.uleb128 0xa
 900 0267 B7000000 		.4byte	0xb7
 901 026b 00       		.byte	0
 902 026c 00       		.byte	0
 903 026d 04       		.uleb128 0x4
 904 026e 9E020000 		.4byte	.LASF49
 905 0272 04       		.byte	0x4
 906 0273 2901     		.2byte	0x129
 907 0275 12020000 		.4byte	0x212
 908 0279 0D       		.uleb128 0xd
 909 027a 32       		.byte	0x32
 910 027b 04       		.byte	0x4
 911 027c 2F01     		.2byte	0x12f
 912 027e 90020000 		.4byte	0x290
 913 0282 0E       		.uleb128 0xe
 914 0283 8E070000 		.4byte	.LASF43
 915 0287 04       		.byte	0x4
 916 0288 3401     		.2byte	0x134
 917 028a 90020000 		.4byte	0x290
 918 028e 00       		.byte	0
ARM GAS  C:\Users\Lenovo\AppData\Local\Temp\cc5ZOoAI.s 			page 31


 919 028f 00       		.byte	0
 920 0290 09       		.uleb128 0x9
 921 0291 6D020000 		.4byte	0x26d
 922 0295 A0020000 		.4byte	0x2a0
 923 0299 0A       		.uleb128 0xa
 924 029a B7000000 		.4byte	0xb7
 925 029e 04       		.byte	0x4
 926 029f 00       		.byte	0
 927 02a0 04       		.uleb128 0x4
 928 02a1 C9080000 		.4byte	.LASF50
 929 02a5 04       		.byte	0x4
 930 02a6 3501     		.2byte	0x135
 931 02a8 79020000 		.4byte	0x279
 932 02ac 0D       		.uleb128 0xd
 933 02ad 64       		.byte	0x64
 934 02ae 04       		.byte	0x4
 935 02af 3B01     		.2byte	0x13b
 936 02b1 86030000 		.4byte	0x386
 937 02b5 0E       		.uleb128 0xe
 938 02b6 2A050000 		.4byte	.LASF51
 939 02ba 04       		.byte	0x4
 940 02bb 4101     		.2byte	0x141
 941 02bd 77000000 		.4byte	0x77
 942 02c1 00       		.byte	0
 943 02c2 0E       		.uleb128 0xe
 944 02c3 AE080000 		.4byte	.LASF52
 945 02c7 04       		.byte	0x4
 946 02c8 4601     		.2byte	0x146
 947 02ca 77000000 		.4byte	0x77
 948 02ce 02       		.byte	0x2
 949 02cf 0E       		.uleb128 0xe
 950 02d0 CB050000 		.4byte	.LASF53
 951 02d4 04       		.byte	0x4
 952 02d5 4C01     		.2byte	0x14c
 953 02d7 77000000 		.4byte	0x77
 954 02db 04       		.byte	0x4
 955 02dc 0E       		.uleb128 0xe
 956 02dd BF000000 		.4byte	.LASF54
 957 02e1 04       		.byte	0x4
 958 02e2 5101     		.2byte	0x151
 959 02e4 77000000 		.4byte	0x77
 960 02e8 06       		.byte	0x6
 961 02e9 0E       		.uleb128 0xe
 962 02ea A8030000 		.4byte	.LASF55
 963 02ee 04       		.byte	0x4
 964 02ef 5601     		.2byte	0x156
 965 02f1 83000000 		.4byte	0x83
 966 02f5 08       		.byte	0x8
 967 02f6 0E       		.uleb128 0xe
 968 02f7 A5050000 		.4byte	.LASF56
 969 02fb 04       		.byte	0x4
 970 02fc 5B01     		.2byte	0x15b
 971 02fe 86030000 		.4byte	0x386
 972 0302 0C       		.byte	0xc
 973 0303 0E       		.uleb128 0xe
 974 0304 3B060000 		.4byte	.LASF57
 975 0308 04       		.byte	0x4
ARM GAS  C:\Users\Lenovo\AppData\Local\Temp\cc5ZOoAI.s 			page 32


 976 0309 6001     		.2byte	0x160
 977 030b 86030000 		.4byte	0x386
 978 030f 10       		.byte	0x10
 979 0310 0E       		.uleb128 0xe
 980 0311 3E050000 		.4byte	.LASF58
 981 0315 04       		.byte	0x4
 982 0316 6E01     		.2byte	0x16e
 983 0318 37010000 		.4byte	0x137
 984 031c 14       		.byte	0x14
 985 031d 0E       		.uleb128 0xe
 986 031e 7F040000 		.4byte	.LASF59
 987 0322 04       		.byte	0x4
 988 0323 7301     		.2byte	0x173
 989 0325 77000000 		.4byte	0x77
 990 0329 16       		.byte	0x16
 991 032a 0E       		.uleb128 0xe
 992 032b 94020000 		.4byte	.LASF60
 993 032f 04       		.byte	0x4
 994 0330 7801     		.2byte	0x178
 995 0332 6B000000 		.4byte	0x6b
 996 0336 18       		.byte	0x18
 997 0337 0E       		.uleb128 0xe
 998 0338 05040000 		.4byte	.LASF61
 999 033c 04       		.byte	0x4
 1000 033d 7D01     		.2byte	0x17d
 1001 033f 06020000 		.4byte	0x206
 1002 0343 1A       		.byte	0x1a
 1003 0344 0E       		.uleb128 0xe
 1004 0345 75010000 		.4byte	.LASF62
 1005 0349 04       		.byte	0x4
 1006 034a 8201     		.2byte	0x182
 1007 034c A0020000 		.4byte	0x2a0
 1008 0350 2A       		.byte	0x2a
 1009 0351 0E       		.uleb128 0xe
 1010 0352 51000000 		.4byte	.LASF63
 1011 0356 04       		.byte	0x4
 1012 0357 8701     		.2byte	0x187
 1013 0359 6B000000 		.4byte	0x6b
 1014 035d 5C       		.byte	0x5c
 1015 035e 0E       		.uleb128 0xe
 1016 035f C2010000 		.4byte	.LASF64
 1017 0363 04       		.byte	0x4
 1018 0364 8C01     		.2byte	0x18c
 1019 0366 6B000000 		.4byte	0x6b
 1020 036a 5D       		.byte	0x5d
 1021 036b 0E       		.uleb128 0xe
 1022 036c 17050000 		.4byte	.LASF65
 1023 0370 04       		.byte	0x4
 1024 0371 9101     		.2byte	0x191
 1025 0373 77000000 		.4byte	0x77
 1026 0377 5E       		.byte	0x5e
 1027 0378 0E       		.uleb128 0xe
 1028 0379 50040000 		.4byte	.LASF66
 1029 037d 04       		.byte	0x4
 1030 037e 9601     		.2byte	0x196
 1031 0380 D4010000 		.4byte	0x1d4
 1032 0384 60       		.byte	0x60
ARM GAS  C:\Users\Lenovo\AppData\Local\Temp\cc5ZOoAI.s 			page 33


 1033 0385 00       		.byte	0
 1034 0386 09       		.uleb128 0x9
 1035 0387 83000000 		.4byte	0x83
 1036 038b 96030000 		.4byte	0x396
 1037 038f 0A       		.uleb128 0xa
 1038 0390 B7000000 		.4byte	0xb7
 1039 0394 00       		.byte	0
 1040 0395 00       		.byte	0
 1041 0396 04       		.uleb128 0x4
 1042 0397 6B050000 		.4byte	.LASF67
 1043 039b 04       		.byte	0x4
 1044 039c 9701     		.2byte	0x197
 1045 039e AC020000 		.4byte	0x2ac
 1046 03a2 0D       		.uleb128 0xd
 1047 03a3 24       		.byte	0x24
 1048 03a4 04       		.byte	0x4
 1049 03a5 F601     		.2byte	0x1f6
 1050 03a7 48040000 		.4byte	0x448
 1051 03ab 0E       		.uleb128 0xe
 1052 03ac 68080000 		.4byte	.LASF68
 1053 03b0 04       		.byte	0x4
 1054 03b1 FF01     		.2byte	0x1ff
 1055 03b3 48040000 		.4byte	0x448
 1056 03b7 00       		.byte	0
 1057 03b8 0E       		.uleb128 0xe
 1058 03b9 4D070000 		.4byte	.LASF69
 1059 03bd 04       		.byte	0x4
 1060 03be 0502     		.2byte	0x205
 1061 03c0 BE000000 		.4byte	0xbe
 1062 03c4 04       		.byte	0x4
 1063 03c5 0E       		.uleb128 0xe
 1064 03c6 33050000 		.4byte	.LASF70
 1065 03ca 04       		.byte	0x4
 1066 03cb 0B02     		.2byte	0x20b
 1067 03cd 4F040000 		.4byte	0x44f
 1068 03d1 08       		.byte	0x8
 1069 03d2 0E       		.uleb128 0xe
 1070 03d3 A7040000 		.4byte	.LASF71
 1071 03d7 04       		.byte	0x4
 1072 03d8 1002     		.2byte	0x210
 1073 03da BE000000 		.4byte	0xbe
 1074 03de 0C       		.byte	0xc
 1075 03df 0E       		.uleb128 0xe
 1076 03e0 CD060000 		.4byte	.LASF72
 1077 03e4 04       		.byte	0x4
 1078 03e5 1702     		.2byte	0x217
 1079 03e7 55040000 		.4byte	0x455
 1080 03eb 10       		.byte	0x10
 1081 03ec 0E       		.uleb128 0xe
 1082 03ed 40070000 		.4byte	.LASF73
 1083 03f1 04       		.byte	0x4
 1084 03f2 1C02     		.2byte	0x21c
 1085 03f4 77000000 		.4byte	0x77
 1086 03f8 14       		.byte	0x14
 1087 03f9 0E       		.uleb128 0xe
 1088 03fa 41030000 		.4byte	.LASF74
 1089 03fe 04       		.byte	0x4
ARM GAS  C:\Users\Lenovo\AppData\Local\Temp\cc5ZOoAI.s 			page 34


 1090 03ff 2302     		.2byte	0x223
 1091 0401 77000000 		.4byte	0x77
 1092 0405 16       		.byte	0x16
 1093 0406 0E       		.uleb128 0xe
 1094 0407 D2010000 		.4byte	.LASF75
 1095 040b 04       		.byte	0x4
 1096 040c 2E02     		.2byte	0x22e
 1097 040e 6B000000 		.4byte	0x6b
 1098 0412 18       		.byte	0x18
 1099 0413 0E       		.uleb128 0xe
 1100 0414 F2030000 		.4byte	.LASF76
 1101 0418 04       		.byte	0x4
 1102 0419 3602     		.2byte	0x236
 1103 041b 6B000000 		.4byte	0x6b
 1104 041f 19       		.byte	0x19
 1105 0420 0E       		.uleb128 0xe
 1106 0421 55050000 		.4byte	.LASF77
 1107 0425 04       		.byte	0x4
 1108 0426 3C02     		.2byte	0x23c
 1109 0428 77000000 		.4byte	0x77
 1110 042c 1A       		.byte	0x1a
 1111 042d 0E       		.uleb128 0xe
 1112 042e DD060000 		.4byte	.LASF78
 1113 0432 04       		.byte	0x4
 1114 0433 4502     		.2byte	0x245
 1115 0435 83000000 		.4byte	0x83
 1116 0439 1C       		.byte	0x1c
 1117 043a 0E       		.uleb128 0xe
 1118 043b 02070000 		.4byte	.LASF79
 1119 043f 04       		.byte	0x4
 1120 0440 4A02     		.2byte	0x24a
 1121 0442 BE000000 		.4byte	0xbe
 1122 0446 20       		.byte	0x20
 1123 0447 00       		.byte	0
 1124 0448 10       		.uleb128 0x10
 1125 0449 04       		.byte	0x4
 1126 044a 4E040000 		.4byte	0x44e
 1127 044e 11       		.uleb128 0x11
 1128 044f 10       		.uleb128 0x10
 1129 0450 04       		.byte	0x4
 1130 0451 6D020000 		.4byte	0x26d
 1131 0455 10       		.uleb128 0x10
 1132 0456 04       		.byte	0x4
 1133 0457 6B000000 		.4byte	0x6b
 1134 045b 04       		.uleb128 0x4
 1135 045c 0D030000 		.4byte	.LASF80
 1136 0460 04       		.byte	0x4
 1137 0461 4B02     		.2byte	0x24b
 1138 0463 A2030000 		.4byte	0x3a2
 1139 0467 0D       		.uleb128 0xd
 1140 0468 24       		.byte	0x24
 1141 0469 04       		.byte	0x4
 1142 046a 5102     		.2byte	0x251
 1143 046c 7E040000 		.4byte	0x47e
 1144 0470 0E       		.uleb128 0xe
 1145 0471 E6080000 		.4byte	.LASF81
 1146 0475 04       		.byte	0x4
ARM GAS  C:\Users\Lenovo\AppData\Local\Temp\cc5ZOoAI.s 			page 35


 1147 0476 5602     		.2byte	0x256
 1148 0478 7E040000 		.4byte	0x47e
 1149 047c 00       		.byte	0
 1150 047d 00       		.byte	0
 1151 047e 09       		.uleb128 0x9
 1152 047f 5B040000 		.4byte	0x45b
 1153 0483 8E040000 		.4byte	0x48e
 1154 0487 0A       		.uleb128 0xa
 1155 0488 B7000000 		.4byte	0xb7
 1156 048c 00       		.byte	0
 1157 048d 00       		.byte	0
 1158 048e 04       		.uleb128 0x4
 1159 048f 2B040000 		.4byte	.LASF82
 1160 0493 04       		.byte	0x4
 1161 0494 5702     		.2byte	0x257
 1162 0496 67040000 		.4byte	0x467
 1163 049a 0D       		.uleb128 0xd
 1164 049b 02       		.byte	0x2
 1165 049c 04       		.byte	0x4
 1166 049d 8C02     		.2byte	0x28c
 1167 049f B1040000 		.4byte	0x4b1
 1168 04a3 0E       		.uleb128 0xe
 1169 04a4 75080000 		.4byte	.LASF83
 1170 04a8 04       		.byte	0x4
 1171 04a9 8E02     		.2byte	0x28e
 1172 04ab 77000000 		.4byte	0x77
 1173 04af 00       		.byte	0
 1174 04b0 00       		.byte	0
 1175 04b1 04       		.uleb128 0x4
 1176 04b2 05060000 		.4byte	.LASF84
 1177 04b6 04       		.byte	0x4
 1178 04b7 8F02     		.2byte	0x28f
 1179 04b9 9A040000 		.4byte	0x49a
 1180 04bd 0D       		.uleb128 0xd
 1181 04be 02       		.byte	0x2
 1182 04bf 04       		.byte	0x4
 1183 04c0 9402     		.2byte	0x294
 1184 04c2 D4040000 		.4byte	0x4d4
 1185 04c6 0E       		.uleb128 0xe
 1186 04c7 85020000 		.4byte	.LASF85
 1187 04cb 04       		.byte	0x4
 1188 04cc 9902     		.2byte	0x299
 1189 04ce D4040000 		.4byte	0x4d4
 1190 04d2 00       		.byte	0
 1191 04d3 00       		.byte	0
 1192 04d4 09       		.uleb128 0x9
 1193 04d5 B1040000 		.4byte	0x4b1
 1194 04d9 E4040000 		.4byte	0x4e4
 1195 04dd 0A       		.uleb128 0xa
 1196 04de B7000000 		.4byte	0xb7
 1197 04e2 00       		.byte	0
 1198 04e3 00       		.byte	0
 1199 04e4 04       		.uleb128 0x4
 1200 04e5 7F050000 		.4byte	.LASF86
 1201 04e9 04       		.byte	0x4
 1202 04ea 9A02     		.2byte	0x29a
 1203 04ec BD040000 		.4byte	0x4bd
ARM GAS  C:\Users\Lenovo\AppData\Local\Temp\cc5ZOoAI.s 			page 36


 1204 04f0 12       		.uleb128 0x12
 1205 04f1 04       		.byte	0x4
 1206 04f2 04       		.byte	0x4
 1207 04f3 9F02     		.2byte	0x29f
 1208 04f5 12050000 		.4byte	0x512
 1209 04f9 13       		.uleb128 0x13
 1210 04fa 70747200 		.ascii	"ptr\000"
 1211 04fe 04       		.byte	0x4
 1212 04ff A402     		.2byte	0x2a4
 1213 0501 BE000000 		.4byte	0xbe
 1214 0505 14       		.uleb128 0x14
 1215 0506 B7010000 		.4byte	.LASF87
 1216 050a 04       		.byte	0x4
 1217 050b A902     		.2byte	0x2a9
 1218 050d 12050000 		.4byte	0x512
 1219 0511 00       		.byte	0
 1220 0512 10       		.uleb128 0x10
 1221 0513 04       		.byte	0x4
 1222 0514 E4040000 		.4byte	0x4e4
 1223 0518 04       		.uleb128 0x4
 1224 0519 DB010000 		.4byte	.LASF88
 1225 051d 04       		.byte	0x4
 1226 051e AA02     		.2byte	0x2aa
 1227 0520 F0040000 		.4byte	0x4f0
 1228 0524 15       		.uleb128 0x15
 1229 0525 EE040000 		.4byte	.LASF89
 1230 0529 01       		.byte	0x1
 1231 052a B3       		.byte	0xb3
 1232 052b A4000000 		.4byte	0xa4
 1233 052f 00000000 		.4byte	.LFB4
 1234 0533 28000000 		.4byte	.LFE4-.LFB4
 1235 0537 01       		.uleb128 0x1
 1236 0538 9C       		.byte	0x9c
 1237 0539 6F050000 		.4byte	0x56f
 1238 053d 16       		.uleb128 0x16
 1239 053e 7D010000 		.4byte	.LASF91
 1240 0542 01       		.byte	0x1
 1241 0543 B5       		.byte	0xb5
 1242 0544 A4000000 		.4byte	0xa4
 1243 0548 01       		.uleb128 0x1
 1244 0549 50       		.byte	0x50
 1245 054a 17       		.uleb128 0x17
 1246 054b 0E000000 		.4byte	.LVL0
 1247 054f 0C090000 		.4byte	0x90c
 1248 0553 17       		.uleb128 0x17
 1249 0554 12000000 		.4byte	.LVL1
 1250 0558 18090000 		.4byte	0x918
 1251 055c 17       		.uleb128 0x17
 1252 055d 1C000000 		.4byte	.LVL2
 1253 0561 23090000 		.4byte	0x923
 1254 0565 17       		.uleb128 0x17
 1255 0566 20000000 		.4byte	.LVL3
 1256 056a 2E090000 		.4byte	0x92e
 1257 056e 00       		.byte	0
 1258 056f 15       		.uleb128 0x15
 1259 0570 CB000000 		.4byte	.LASF90
 1260 0574 01       		.byte	0x1
ARM GAS  C:\Users\Lenovo\AppData\Local\Temp\cc5ZOoAI.s 			page 37


 1261 0575 72       		.byte	0x72
 1262 0576 A4000000 		.4byte	0xa4
 1263 057a 00000000 		.4byte	.LFB3
 1264 057e 2E000000 		.4byte	.LFE3-.LFB3
 1265 0582 01       		.uleb128 0x1
 1266 0583 9C       		.byte	0x9c
 1267 0584 CE050000 		.4byte	0x5ce
 1268 0588 18       		.uleb128 0x18
 1269 0589 7D010000 		.4byte	.LASF91
 1270 058d 01       		.byte	0x1
 1271 058e 74       		.byte	0x74
 1272 058f A4000000 		.4byte	0xa4
 1273 0593 00000000 		.4byte	.LLST0
 1274 0597 17       		.uleb128 0x17
 1275 0598 06000000 		.4byte	.LVL4
 1276 059c 24050000 		.4byte	0x524
 1277 05a0 17       		.uleb128 0x17
 1278 05a1 0E000000 		.4byte	.LVL6
 1279 05a5 39090000 		.4byte	0x939
 1280 05a9 17       		.uleb128 0x17
 1281 05aa 18000000 		.4byte	.LVL8
 1282 05ae 44090000 		.4byte	0x944
 1283 05b2 17       		.uleb128 0x17
 1284 05b3 1E000000 		.4byte	.LVL10
 1285 05b7 4F090000 		.4byte	0x94f
 1286 05bb 17       		.uleb128 0x17
 1287 05bc 26000000 		.4byte	.LVL11
 1288 05c0 5A090000 		.4byte	0x95a
 1289 05c4 17       		.uleb128 0x17
 1290 05c5 2A000000 		.4byte	.LVL12
 1291 05c9 65090000 		.4byte	0x965
 1292 05cd 00       		.byte	0
 1293 05ce 15       		.uleb128 0x15
 1294 05cf 2B010000 		.4byte	.LASF92
 1295 05d3 01       		.byte	0x1
 1296 05d4 DD       		.byte	0xdd
 1297 05d5 A4000000 		.4byte	0xa4
 1298 05d9 00000000 		.4byte	.LFB5
 1299 05dd 10000000 		.4byte	.LFE5-.LFB5
 1300 05e1 01       		.uleb128 0x1
 1301 05e2 9C       		.byte	0x9c
 1302 05e3 F4050000 		.4byte	0x5f4
 1303 05e7 19       		.uleb128 0x19
 1304 05e8 7D010000 		.4byte	.LASF91
 1305 05ec 01       		.byte	0x1
 1306 05ed DF       		.byte	0xdf
 1307 05ee A4000000 		.4byte	0xa4
 1308 05f2 00       		.byte	0
 1309 05f3 00       		.byte	0
 1310 05f4 1A       		.uleb128 0x1a
 1311 05f5 B6020000 		.4byte	.LASF93
 1312 05f9 01       		.byte	0x1
 1313 05fa 0201     		.2byte	0x102
 1314 05fc A4000000 		.4byte	0xa4
 1315 0600 00000000 		.4byte	.LFB6
 1316 0604 24000000 		.4byte	.LFE6-.LFB6
 1317 0608 01       		.uleb128 0x1
ARM GAS  C:\Users\Lenovo\AppData\Local\Temp\cc5ZOoAI.s 			page 38


 1318 0609 9C       		.byte	0x9c
 1319 060a 38060000 		.4byte	0x638
 1320 060e 1B       		.uleb128 0x1b
 1321 060f 7D010000 		.4byte	.LASF91
 1322 0613 01       		.byte	0x1
 1323 0614 0401     		.2byte	0x104
 1324 0616 A4000000 		.4byte	0xa4
 1325 061a 01       		.uleb128 0x1
 1326 061b 50       		.byte	0x50
 1327 061c 17       		.uleb128 0x17
 1328 061d 0E000000 		.4byte	.LVL15
 1329 0621 18090000 		.4byte	0x918
 1330 0625 17       		.uleb128 0x17
 1331 0626 18000000 		.4byte	.LVL16
 1332 062a 23090000 		.4byte	0x923
 1333 062e 17       		.uleb128 0x17
 1334 062f 1C000000 		.4byte	.LVL17
 1335 0633 2E090000 		.4byte	0x92e
 1336 0637 00       		.byte	0
 1337 0638 1A       		.uleb128 0x1a
 1338 0639 D3040000 		.4byte	.LASF94
 1339 063d 01       		.byte	0x1
 1340 063e 3601     		.2byte	0x136
 1341 0640 A4000000 		.4byte	0xa4
 1342 0644 00000000 		.4byte	.LFB7
 1343 0648 44000000 		.4byte	.LFE7-.LFB7
 1344 064c 01       		.uleb128 0x1
 1345 064d 9C       		.byte	0x9c
 1346 064e AD060000 		.4byte	0x6ad
 1347 0652 1C       		.uleb128 0x1c
 1348 0653 40000000 		.4byte	.LASF95
 1349 0657 01       		.byte	0x1
 1350 0658 3801     		.2byte	0x138
 1351 065a 83000000 		.4byte	0x83
 1352 065e 3F000000 		.4byte	.LLST1
 1353 0662 1C       		.uleb128 0x1c
 1354 0663 7D010000 		.4byte	.LASF91
 1355 0667 01       		.byte	0x1
 1356 0668 3901     		.2byte	0x139
 1357 066a A4000000 		.4byte	0xa4
 1358 066e 5E000000 		.4byte	.LLST2
 1359 0672 1C       		.uleb128 0x1c
 1360 0673 33070000 		.4byte	.LASF96
 1361 0677 01       		.byte	0x1
 1362 0678 3A01     		.2byte	0x13a
 1363 067a AD060000 		.4byte	0x6ad
 1364 067e 9E000000 		.4byte	.LLST3
 1365 0682 1D       		.uleb128 0x1d
 1366 0683 26000000 		.4byte	.LVL20
 1367 0687 70090000 		.4byte	0x970
 1368 068b 96060000 		.4byte	0x696
 1369 068f 1E       		.uleb128 0x1e
 1370 0690 01       		.uleb128 0x1
 1371 0691 50       		.byte	0x50
 1372 0692 02       		.uleb128 0x2
 1373 0693 76       		.byte	0x76
 1374 0694 00       		.sleb128 0
ARM GAS  C:\Users\Lenovo\AppData\Local\Temp\cc5ZOoAI.s 			page 39


 1375 0695 00       		.byte	0
 1376 0696 1F       		.uleb128 0x1f
 1377 0697 30000000 		.4byte	.LVL23
 1378 069b 7B090000 		.4byte	0x97b
 1379 069f 1E       		.uleb128 0x1e
 1380 06a0 01       		.uleb128 0x1
 1381 06a1 50       		.byte	0x50
 1382 06a2 02       		.uleb128 0x2
 1383 06a3 75       		.byte	0x75
 1384 06a4 00       		.sleb128 0
 1385 06a5 1E       		.uleb128 0x1e
 1386 06a6 01       		.uleb128 0x1
 1387 06a7 51       		.byte	0x51
 1388 06a8 02       		.uleb128 0x2
 1389 06a9 76       		.byte	0x76
 1390 06aa 00       		.sleb128 0
 1391 06ab 00       		.byte	0
 1392 06ac 00       		.byte	0
 1393 06ad 10       		.uleb128 0x10
 1394 06ae 04       		.byte	0x4
 1395 06af B3060000 		.4byte	0x6b3
 1396 06b3 20       		.uleb128 0x20
 1397 06b4 5B040000 		.4byte	0x45b
 1398 06b8 1A       		.uleb128 0x1a
 1399 06b9 86030000 		.4byte	.LASF97
 1400 06bd 01       		.byte	0x1
 1401 06be 8A01     		.2byte	0x18a
 1402 06c0 A4000000 		.4byte	0xa4
 1403 06c4 00000000 		.4byte	.LFB8
 1404 06c8 54000000 		.4byte	.LFE8-.LFB8
 1405 06cc 01       		.uleb128 0x1
 1406 06cd 9C       		.byte	0x9c
 1407 06ce 2D070000 		.4byte	0x72d
 1408 06d2 21       		.uleb128 0x21
 1409 06d3 B7080000 		.4byte	.LASF99
 1410 06d7 01       		.byte	0x1
 1411 06d8 8A01     		.2byte	0x18a
 1412 06da 83000000 		.4byte	0x83
 1413 06de B1000000 		.4byte	.LLST4
 1414 06e2 1C       		.uleb128 0x1c
 1415 06e3 7D010000 		.4byte	.LASF91
 1416 06e7 01       		.byte	0x1
 1417 06e8 8C01     		.2byte	0x18c
 1418 06ea A4000000 		.4byte	0xa4
 1419 06ee DD000000 		.4byte	.LLST5
 1420 06f2 1C       		.uleb128 0x1c
 1421 06f3 33070000 		.4byte	.LASF96
 1422 06f7 01       		.byte	0x1
 1423 06f8 8D01     		.2byte	0x18d
 1424 06fa AD060000 		.4byte	0x6ad
 1425 06fe 1D010000 		.4byte	.LLST6
 1426 0702 1D       		.uleb128 0x1d
 1427 0703 3C000000 		.4byte	.LVL35
 1428 0707 70090000 		.4byte	0x970
 1429 070b 16070000 		.4byte	0x716
 1430 070f 1E       		.uleb128 0x1e
 1431 0710 01       		.uleb128 0x1
ARM GAS  C:\Users\Lenovo\AppData\Local\Temp\cc5ZOoAI.s 			page 40


 1432 0711 50       		.byte	0x50
 1433 0712 02       		.uleb128 0x2
 1434 0713 76       		.byte	0x76
 1435 0714 00       		.sleb128 0
 1436 0715 00       		.byte	0
 1437 0716 1F       		.uleb128 0x1f
 1438 0717 46000000 		.4byte	.LVL38
 1439 071b 7B090000 		.4byte	0x97b
 1440 071f 1E       		.uleb128 0x1e
 1441 0720 01       		.uleb128 0x1
 1442 0721 50       		.byte	0x50
 1443 0722 02       		.uleb128 0x2
 1444 0723 75       		.byte	0x75
 1445 0724 00       		.sleb128 0
 1446 0725 1E       		.uleb128 0x1e
 1447 0726 01       		.uleb128 0x1
 1448 0727 51       		.byte	0x51
 1449 0728 02       		.uleb128 0x2
 1450 0729 76       		.byte	0x76
 1451 072a 00       		.sleb128 0
 1452 072b 00       		.byte	0
 1453 072c 00       		.byte	0
 1454 072d 1A       		.uleb128 0x1a
 1455 072e CA030000 		.4byte	.LASF98
 1456 0732 01       		.byte	0x1
 1457 0733 F801     		.2byte	0x1f8
 1458 0735 A4000000 		.4byte	0xa4
 1459 0739 00000000 		.4byte	.LFB9
 1460 073d 58000000 		.4byte	.LFE9-.LFB9
 1461 0741 01       		.uleb128 0x1
 1462 0742 9C       		.byte	0x9c
 1463 0743 02080000 		.4byte	0x802
 1464 0747 21       		.uleb128 0x21
 1465 0748 B7080000 		.4byte	.LASF99
 1466 074c 01       		.byte	0x1
 1467 074d F801     		.2byte	0x1f8
 1468 074f 83000000 		.4byte	0x83
 1469 0753 30010000 		.4byte	.LLST7
 1470 0757 21       		.uleb128 0x21
 1471 0758 DA000000 		.4byte	.LASF100
 1472 075c 01       		.byte	0x1
 1473 075d F801     		.2byte	0x1f8
 1474 075f 83000000 		.4byte	0x83
 1475 0763 72010000 		.4byte	.LLST8
 1476 0767 1C       		.uleb128 0x1c
 1477 0768 02050000 		.4byte	.LASF101
 1478 076c 01       		.byte	0x1
 1479 076d FA01     		.2byte	0x1fa
 1480 076f 83000000 		.4byte	0x83
 1481 0773 A8010000 		.4byte	.LLST9
 1482 0777 1C       		.uleb128 0x1c
 1483 0778 7D010000 		.4byte	.LASF91
 1484 077c 01       		.byte	0x1
 1485 077d FB01     		.2byte	0x1fb
 1486 077f A4000000 		.4byte	0xa4
 1487 0783 DC010000 		.4byte	.LLST10
 1488 0787 1C       		.uleb128 0x1c
ARM GAS  C:\Users\Lenovo\AppData\Local\Temp\cc5ZOoAI.s 			page 41


 1489 0788 33070000 		.4byte	.LASF96
 1490 078c 01       		.byte	0x1
 1491 078d FC01     		.2byte	0x1fc
 1492 078f AD060000 		.4byte	0x6ad
 1493 0793 2B020000 		.4byte	.LLST11
 1494 0797 1C       		.uleb128 0x1c
 1495 0798 47000000 		.4byte	.LASF102
 1496 079c 01       		.byte	0x1
 1497 079d FD01     		.2byte	0x1fd
 1498 079f 18050000 		.4byte	0x518
 1499 07a3 3E020000 		.4byte	.LLST12
 1500 07a7 1C       		.uleb128 0x1c
 1501 07a8 D1070000 		.4byte	.LASF103
 1502 07ac 01       		.byte	0x1
 1503 07ad FE01     		.2byte	0x1fe
 1504 07af 4F040000 		.4byte	0x44f
 1505 07b3 51020000 		.4byte	.LLST13
 1506 07b7 22       		.uleb128 0x22
 1507 07b8 28070000 		.4byte	.LASF106
 1508 07bc 01       		.byte	0x1
 1509 07bd 0102     		.2byte	0x201
 1510 07bf 83000000 		.4byte	0x83
 1511 07c3 1D       		.uleb128 0x1d
 1512 07c4 2E000000 		.4byte	.LVL49
 1513 07c8 86090000 		.4byte	0x986
 1514 07cc EB070000 		.4byte	0x7eb
 1515 07d0 1E       		.uleb128 0x1e
 1516 07d1 01       		.uleb128 0x1
 1517 07d2 50       		.byte	0x50
 1518 07d3 02       		.uleb128 0x2
 1519 07d4 75       		.byte	0x75
 1520 07d5 00       		.sleb128 0
 1521 07d6 1E       		.uleb128 0x1e
 1522 07d7 01       		.uleb128 0x1
 1523 07d8 51       		.byte	0x51
 1524 07d9 02       		.uleb128 0x2
 1525 07da 77       		.byte	0x77
 1526 07db 00       		.sleb128 0
 1527 07dc 1E       		.uleb128 0x1e
 1528 07dd 01       		.uleb128 0x1
 1529 07de 52       		.byte	0x52
 1530 07df 03       		.uleb128 0x3
 1531 07e0 91       		.byte	0x91
 1532 07e1 64       		.sleb128 -28
 1533 07e2 06       		.byte	0x6
 1534 07e3 1E       		.uleb128 0x1e
 1535 07e4 01       		.uleb128 0x1
 1536 07e5 53       		.byte	0x53
 1537 07e6 03       		.uleb128 0x3
 1538 07e7 91       		.byte	0x91
 1539 07e8 60       		.sleb128 -32
 1540 07e9 06       		.byte	0x6
 1541 07ea 00       		.byte	0
 1542 07eb 1F       		.uleb128 0x1f
 1543 07ec 48000000 		.4byte	.LVL54
 1544 07f0 7B090000 		.4byte	0x97b
 1545 07f4 1E       		.uleb128 0x1e
ARM GAS  C:\Users\Lenovo\AppData\Local\Temp\cc5ZOoAI.s 			page 42


 1546 07f5 01       		.uleb128 0x1
 1547 07f6 50       		.byte	0x50
 1548 07f7 02       		.uleb128 0x2
 1549 07f8 76       		.byte	0x76
 1550 07f9 00       		.sleb128 0
 1551 07fa 1E       		.uleb128 0x1e
 1552 07fb 01       		.uleb128 0x1
 1553 07fc 51       		.byte	0x51
 1554 07fd 02       		.uleb128 0x2
 1555 07fe 75       		.byte	0x75
 1556 07ff 00       		.sleb128 0
 1557 0800 00       		.byte	0
 1558 0801 00       		.byte	0
 1559 0802 1A       		.uleb128 0x1a
 1560 0803 98000000 		.4byte	.LASF104
 1561 0807 01       		.byte	0x1
 1562 0808 A202     		.2byte	0x2a2
 1563 080a A4000000 		.4byte	0xa4
 1564 080e 00000000 		.4byte	.LFB10
 1565 0812 40000000 		.4byte	.LFE10-.LFB10
 1566 0816 01       		.uleb128 0x1
 1567 0817 9C       		.byte	0x9c
 1568 0818 BA080000 		.4byte	0x8ba
 1569 081c 21       		.uleb128 0x21
 1570 081d B7080000 		.4byte	.LASF99
 1571 0821 01       		.byte	0x1
 1572 0822 A202     		.2byte	0x2a2
 1573 0824 83000000 		.4byte	0x83
 1574 0828 64020000 		.4byte	.LLST14
 1575 082c 21       		.uleb128 0x21
 1576 082d 22010000 		.4byte	.LASF105
 1577 0831 01       		.byte	0x1
 1578 0832 A202     		.2byte	0x2a2
 1579 0834 83000000 		.4byte	0x83
 1580 0838 B7020000 		.4byte	.LLST15
 1581 083c 21       		.uleb128 0x21
 1582 083d DA000000 		.4byte	.LASF100
 1583 0841 01       		.byte	0x1
 1584 0842 A202     		.2byte	0x2a2
 1585 0844 83000000 		.4byte	0x83
 1586 0848 F1020000 		.4byte	.LLST16
 1587 084c 1C       		.uleb128 0x1c
 1588 084d 7D010000 		.4byte	.LASF91
 1589 0851 01       		.byte	0x1
 1590 0852 A402     		.2byte	0x2a4
 1591 0854 A4000000 		.4byte	0xa4
 1592 0858 36030000 		.4byte	.LLST17
 1593 085c 1C       		.uleb128 0x1c
 1594 085d 33070000 		.4byte	.LASF96
 1595 0861 01       		.byte	0x1
 1596 0862 A502     		.2byte	0x2a5
 1597 0864 AD060000 		.4byte	0x6ad
 1598 0868 78030000 		.4byte	.LLST18
 1599 086c 22       		.uleb128 0x22
 1600 086d 47000000 		.4byte	.LASF102
 1601 0871 01       		.byte	0x1
 1602 0872 A602     		.2byte	0x2a6
ARM GAS  C:\Users\Lenovo\AppData\Local\Temp\cc5ZOoAI.s 			page 43


 1603 0874 18050000 		.4byte	0x518
 1604 0878 1C       		.uleb128 0x1c
 1605 0879 D1070000 		.4byte	.LASF103
 1606 087d 01       		.byte	0x1
 1607 087e A702     		.2byte	0x2a7
 1608 0880 4F040000 		.4byte	0x44f
 1609 0884 8B030000 		.4byte	.LLST19
 1610 0888 1F       		.uleb128 0x1f
 1611 0889 30000000 		.4byte	.LVL66
 1612 088d 86090000 		.4byte	0x986
 1613 0891 1E       		.uleb128 0x1e
 1614 0892 01       		.uleb128 0x1
 1615 0893 50       		.byte	0x50
 1616 0894 02       		.uleb128 0x2
 1617 0895 74       		.byte	0x74
 1618 0896 00       		.sleb128 0
 1619 0897 1E       		.uleb128 0x1e
 1620 0898 01       		.uleb128 0x1
 1621 0899 51       		.byte	0x51
 1622 089a 0F       		.uleb128 0xf
 1623 089b F3       		.byte	0xf3
 1624 089c 01       		.uleb128 0x1
 1625 089d 51       		.byte	0x51
 1626 089e 32       		.byte	0x32
 1627 089f 24       		.byte	0x24
 1628 08a0 F3       		.byte	0xf3
 1629 08a1 01       		.uleb128 0x1
 1630 08a2 51       		.byte	0x51
 1631 08a3 22       		.byte	0x22
 1632 08a4 31       		.byte	0x31
 1633 08a5 24       		.byte	0x24
 1634 08a6 74       		.byte	0x74
 1635 08a7 08       		.sleb128 8
 1636 08a8 06       		.byte	0x6
 1637 08a9 22       		.byte	0x22
 1638 08aa 1E       		.uleb128 0x1e
 1639 08ab 01       		.uleb128 0x1
 1640 08ac 52       		.byte	0x52
 1641 08ad 03       		.uleb128 0x3
 1642 08ae 74       		.byte	0x74
 1643 08af 0C       		.sleb128 12
 1644 08b0 06       		.byte	0x6
 1645 08b1 1E       		.uleb128 0x1e
 1646 08b2 01       		.uleb128 0x1
 1647 08b3 53       		.byte	0x53
 1648 08b4 03       		.uleb128 0x3
 1649 08b5 F3       		.byte	0xf3
 1650 08b6 01       		.uleb128 0x1
 1651 08b7 52       		.byte	0x52
 1652 08b8 00       		.byte	0
 1653 08b9 00       		.byte	0
 1654 08ba 23       		.uleb128 0x23
 1655 08bb 50010000 		.4byte	.LASF107
 1656 08bf 01       		.byte	0x1
 1657 08c0 EE02     		.2byte	0x2ee
 1658 08c2 00000000 		.4byte	.LFB11
 1659 08c6 02000000 		.4byte	.LFE11-.LFB11
ARM GAS  C:\Users\Lenovo\AppData\Local\Temp\cc5ZOoAI.s 			page 44


 1660 08ca 01       		.uleb128 0x1
 1661 08cb 9C       		.byte	0x9c
 1662 08cc 23       		.uleb128 0x23
 1663 08cd 31030000 		.4byte	.LASF108
 1664 08d1 01       		.byte	0x1
 1665 08d2 FF02     		.2byte	0x2ff
 1666 08d4 00000000 		.4byte	.LFB12
 1667 08d8 02000000 		.4byte	.LFE12-.LFB12
 1668 08dc 01       		.uleb128 0x1
 1669 08dd 9C       		.byte	0x9c
 1670 08de 16       		.uleb128 0x16
 1671 08df 39010000 		.4byte	.LASF109
 1672 08e3 01       		.byte	0x1
 1673 08e4 43       		.byte	0x43
 1674 08e5 6B000000 		.4byte	0x6b
 1675 08e9 05       		.uleb128 0x5
 1676 08ea 03       		.byte	0x3
 1677 08eb 00000000 		.4byte	CapSense_InitVar
 1678 08ef 24       		.uleb128 0x24
 1679 08f0 41040000 		.4byte	.LASF110
 1680 08f4 04       		.byte	0x4
 1681 08f5 AB03     		.2byte	0x3ab
 1682 08f7 96030000 		.4byte	0x396
 1683 08fb 24       		.uleb128 0x24
 1684 08fc 2A060000 		.4byte	.LASF111
 1685 0900 04       		.byte	0x4
 1686 0901 AC03     		.2byte	0x3ac
 1687 0903 07090000 		.4byte	0x907
 1688 0907 20       		.uleb128 0x20
 1689 0908 8E040000 		.4byte	0x48e
 1690 090c 25       		.uleb128 0x25
 1691 090d B0050000 		.4byte	.LASF112
 1692 0911 B0050000 		.4byte	.LASF112
 1693 0915 04       		.byte	0x4
 1694 0916 F103     		.2byte	0x3f1
 1695 0918 26       		.uleb128 0x26
 1696 0919 B4070000 		.4byte	.LASF113
 1697 091d B4070000 		.4byte	.LASF113
 1698 0921 05       		.byte	0x5
 1699 0922 53       		.byte	0x53
 1700 0923 26       		.uleb128 0x26
 1701 0924 5F010000 		.4byte	.LASF114
 1702 0928 5F010000 		.4byte	.LASF114
 1703 092c 06       		.byte	0x6
 1704 092d 66       		.byte	0x66
 1705 092e 26       		.uleb128 0x26
 1706 092f 98080000 		.4byte	.LASF115
 1707 0933 98080000 		.4byte	.LASF115
 1708 0937 07       		.byte	0x7
 1709 0938 79       		.byte	0x79
 1710 0939 26       		.uleb128 0x26
 1711 093a 0E040000 		.4byte	.LASF116
 1712 093e 0E040000 		.4byte	.LASF116
 1713 0942 07       		.byte	0x7
 1714 0943 6C       		.byte	0x6c
 1715 0944 26       		.uleb128 0x26
 1716 0945 9C070000 		.4byte	.LASF117
ARM GAS  C:\Users\Lenovo\AppData\Local\Temp\cc5ZOoAI.s 			page 45


 1717 0949 9C070000 		.4byte	.LASF117
 1718 094d 07       		.byte	0x7
 1719 094e 5C       		.byte	0x5c
 1720 094f 26       		.uleb128 0x26
 1721 0950 DF000000 		.4byte	.LASF118
 1722 0954 DF000000 		.4byte	.LASF118
 1723 0958 07       		.byte	0x7
 1724 0959 5D       		.byte	0x5d
 1725 095a 26       		.uleb128 0x26
 1726 095b 60040000 		.4byte	.LASF119
 1727 095f 60040000 		.4byte	.LASF119
 1728 0963 08       		.byte	0x8
 1729 0964 52       		.byte	0x52
 1730 0965 26       		.uleb128 0x26
 1731 0966 C6020000 		.4byte	.LASF120
 1732 096a C6020000 		.4byte	.LASF120
 1733 096e 08       		.byte	0x8
 1734 096f 42       		.byte	0x42
 1735 0970 26       		.uleb128 0x26
 1736 0971 5A030000 		.4byte	.LASF121
 1737 0975 5A030000 		.4byte	.LASF121
 1738 0979 06       		.byte	0x6
 1739 097a 83       		.byte	0x83
 1740 097b 26       		.uleb128 0x26
 1741 097c 76000000 		.4byte	.LASF122
 1742 0980 76000000 		.4byte	.LASF122
 1743 0984 06       		.byte	0x6
 1744 0985 8C       		.byte	0x8c
 1745 0986 26       		.uleb128 0x26
 1746 0987 18000000 		.4byte	.LASF123
 1747 098b 18000000 		.4byte	.LASF123
 1748 098f 06       		.byte	0x6
 1749 0990 86       		.byte	0x86
 1750 0991 00       		.byte	0
 1751              		.section	.debug_abbrev,"",%progbits
 1752              	.Ldebug_abbrev0:
 1753 0000 01       		.uleb128 0x1
 1754 0001 11       		.uleb128 0x11
 1755 0002 01       		.byte	0x1
 1756 0003 25       		.uleb128 0x25
 1757 0004 0E       		.uleb128 0xe
 1758 0005 13       		.uleb128 0x13
 1759 0006 0B       		.uleb128 0xb
 1760 0007 03       		.uleb128 0x3
 1761 0008 0E       		.uleb128 0xe
 1762 0009 1B       		.uleb128 0x1b
 1763 000a 0E       		.uleb128 0xe
 1764 000b 55       		.uleb128 0x55
 1765 000c 17       		.uleb128 0x17
 1766 000d 11       		.uleb128 0x11
 1767 000e 01       		.uleb128 0x1
 1768 000f 10       		.uleb128 0x10
 1769 0010 17       		.uleb128 0x17
 1770 0011 00       		.byte	0
 1771 0012 00       		.byte	0
 1772 0013 02       		.uleb128 0x2
 1773 0014 24       		.uleb128 0x24
ARM GAS  C:\Users\Lenovo\AppData\Local\Temp\cc5ZOoAI.s 			page 46


 1774 0015 00       		.byte	0
 1775 0016 0B       		.uleb128 0xb
 1776 0017 0B       		.uleb128 0xb
 1777 0018 3E       		.uleb128 0x3e
 1778 0019 0B       		.uleb128 0xb
 1779 001a 03       		.uleb128 0x3
 1780 001b 0E       		.uleb128 0xe
 1781 001c 00       		.byte	0
 1782 001d 00       		.byte	0
 1783 001e 03       		.uleb128 0x3
 1784 001f 24       		.uleb128 0x24
 1785 0020 00       		.byte	0
 1786 0021 0B       		.uleb128 0xb
 1787 0022 0B       		.uleb128 0xb
 1788 0023 3E       		.uleb128 0x3e
 1789 0024 0B       		.uleb128 0xb
 1790 0025 03       		.uleb128 0x3
 1791 0026 08       		.uleb128 0x8
 1792 0027 00       		.byte	0
 1793 0028 00       		.byte	0
 1794 0029 04       		.uleb128 0x4
 1795 002a 16       		.uleb128 0x16
 1796 002b 00       		.byte	0
 1797 002c 03       		.uleb128 0x3
 1798 002d 0E       		.uleb128 0xe
 1799 002e 3A       		.uleb128 0x3a
 1800 002f 0B       		.uleb128 0xb
 1801 0030 3B       		.uleb128 0x3b
 1802 0031 05       		.uleb128 0x5
 1803 0032 49       		.uleb128 0x49
 1804 0033 13       		.uleb128 0x13
 1805 0034 00       		.byte	0
 1806 0035 00       		.byte	0
 1807 0036 05       		.uleb128 0x5
 1808 0037 0F       		.uleb128 0xf
 1809 0038 00       		.byte	0
 1810 0039 0B       		.uleb128 0xb
 1811 003a 0B       		.uleb128 0xb
 1812 003b 00       		.byte	0
 1813 003c 00       		.byte	0
 1814 003d 06       		.uleb128 0x6
 1815 003e 16       		.uleb128 0x16
 1816 003f 00       		.byte	0
 1817 0040 03       		.uleb128 0x3
 1818 0041 0E       		.uleb128 0xe
 1819 0042 3A       		.uleb128 0x3a
 1820 0043 0B       		.uleb128 0xb
 1821 0044 3B       		.uleb128 0x3b
 1822 0045 0B       		.uleb128 0xb
 1823 0046 49       		.uleb128 0x49
 1824 0047 13       		.uleb128 0x13
 1825 0048 00       		.byte	0
 1826 0049 00       		.byte	0
 1827 004a 07       		.uleb128 0x7
 1828 004b 04       		.uleb128 0x4
 1829 004c 01       		.byte	0x1
 1830 004d 0B       		.uleb128 0xb
ARM GAS  C:\Users\Lenovo\AppData\Local\Temp\cc5ZOoAI.s 			page 47


 1831 004e 0B       		.uleb128 0xb
 1832 004f 49       		.uleb128 0x49
 1833 0050 13       		.uleb128 0x13
 1834 0051 3A       		.uleb128 0x3a
 1835 0052 0B       		.uleb128 0xb
 1836 0053 3B       		.uleb128 0x3b
 1837 0054 0B       		.uleb128 0xb
 1838 0055 01       		.uleb128 0x1
 1839 0056 13       		.uleb128 0x13
 1840 0057 00       		.byte	0
 1841 0058 00       		.byte	0
 1842 0059 08       		.uleb128 0x8
 1843 005a 28       		.uleb128 0x28
 1844 005b 00       		.byte	0
 1845 005c 03       		.uleb128 0x3
 1846 005d 0E       		.uleb128 0xe
 1847 005e 1C       		.uleb128 0x1c
 1848 005f 0B       		.uleb128 0xb
 1849 0060 00       		.byte	0
 1850 0061 00       		.byte	0
 1851 0062 09       		.uleb128 0x9
 1852 0063 01       		.uleb128 0x1
 1853 0064 01       		.byte	0x1
 1854 0065 49       		.uleb128 0x49
 1855 0066 13       		.uleb128 0x13
 1856 0067 01       		.uleb128 0x1
 1857 0068 13       		.uleb128 0x13
 1858 0069 00       		.byte	0
 1859 006a 00       		.byte	0
 1860 006b 0A       		.uleb128 0xa
 1861 006c 21       		.uleb128 0x21
 1862 006d 00       		.byte	0
 1863 006e 49       		.uleb128 0x49
 1864 006f 13       		.uleb128 0x13
 1865 0070 2F       		.uleb128 0x2f
 1866 0071 0B       		.uleb128 0xb
 1867 0072 00       		.byte	0
 1868 0073 00       		.byte	0
 1869 0074 0B       		.uleb128 0xb
 1870 0075 13       		.uleb128 0x13
 1871 0076 01       		.byte	0x1
 1872 0077 0B       		.uleb128 0xb
 1873 0078 0B       		.uleb128 0xb
 1874 0079 3A       		.uleb128 0x3a
 1875 007a 0B       		.uleb128 0xb
 1876 007b 3B       		.uleb128 0x3b
 1877 007c 0B       		.uleb128 0xb
 1878 007d 01       		.uleb128 0x1
 1879 007e 13       		.uleb128 0x13
 1880 007f 00       		.byte	0
 1881 0080 00       		.byte	0
 1882 0081 0C       		.uleb128 0xc
 1883 0082 0D       		.uleb128 0xd
 1884 0083 00       		.byte	0
 1885 0084 03       		.uleb128 0x3
 1886 0085 0E       		.uleb128 0xe
 1887 0086 3A       		.uleb128 0x3a
ARM GAS  C:\Users\Lenovo\AppData\Local\Temp\cc5ZOoAI.s 			page 48


 1888 0087 0B       		.uleb128 0xb
 1889 0088 3B       		.uleb128 0x3b
 1890 0089 0B       		.uleb128 0xb
 1891 008a 49       		.uleb128 0x49
 1892 008b 13       		.uleb128 0x13
 1893 008c 38       		.uleb128 0x38
 1894 008d 0B       		.uleb128 0xb
 1895 008e 00       		.byte	0
 1896 008f 00       		.byte	0
 1897 0090 0D       		.uleb128 0xd
 1898 0091 13       		.uleb128 0x13
 1899 0092 01       		.byte	0x1
 1900 0093 0B       		.uleb128 0xb
 1901 0094 0B       		.uleb128 0xb
 1902 0095 3A       		.uleb128 0x3a
 1903 0096 0B       		.uleb128 0xb
 1904 0097 3B       		.uleb128 0x3b
 1905 0098 05       		.uleb128 0x5
 1906 0099 01       		.uleb128 0x1
 1907 009a 13       		.uleb128 0x13
 1908 009b 00       		.byte	0
 1909 009c 00       		.byte	0
 1910 009d 0E       		.uleb128 0xe
 1911 009e 0D       		.uleb128 0xd
 1912 009f 00       		.byte	0
 1913 00a0 03       		.uleb128 0x3
 1914 00a1 0E       		.uleb128 0xe
 1915 00a2 3A       		.uleb128 0x3a
 1916 00a3 0B       		.uleb128 0xb
 1917 00a4 3B       		.uleb128 0x3b
 1918 00a5 05       		.uleb128 0x5
 1919 00a6 49       		.uleb128 0x49
 1920 00a7 13       		.uleb128 0x13
 1921 00a8 38       		.uleb128 0x38
 1922 00a9 0B       		.uleb128 0xb
 1923 00aa 00       		.byte	0
 1924 00ab 00       		.byte	0
 1925 00ac 0F       		.uleb128 0xf
 1926 00ad 0D       		.uleb128 0xd
 1927 00ae 00       		.byte	0
 1928 00af 03       		.uleb128 0x3
 1929 00b0 08       		.uleb128 0x8
 1930 00b1 3A       		.uleb128 0x3a
 1931 00b2 0B       		.uleb128 0xb
 1932 00b3 3B       		.uleb128 0x3b
 1933 00b4 05       		.uleb128 0x5
 1934 00b5 49       		.uleb128 0x49
 1935 00b6 13       		.uleb128 0x13
 1936 00b7 38       		.uleb128 0x38
 1937 00b8 0B       		.uleb128 0xb
 1938 00b9 00       		.byte	0
 1939 00ba 00       		.byte	0
 1940 00bb 10       		.uleb128 0x10
 1941 00bc 0F       		.uleb128 0xf
 1942 00bd 00       		.byte	0
 1943 00be 0B       		.uleb128 0xb
 1944 00bf 0B       		.uleb128 0xb
ARM GAS  C:\Users\Lenovo\AppData\Local\Temp\cc5ZOoAI.s 			page 49


 1945 00c0 49       		.uleb128 0x49
 1946 00c1 13       		.uleb128 0x13
 1947 00c2 00       		.byte	0
 1948 00c3 00       		.byte	0
 1949 00c4 11       		.uleb128 0x11
 1950 00c5 26       		.uleb128 0x26
 1951 00c6 00       		.byte	0
 1952 00c7 00       		.byte	0
 1953 00c8 00       		.byte	0
 1954 00c9 12       		.uleb128 0x12
 1955 00ca 17       		.uleb128 0x17
 1956 00cb 01       		.byte	0x1
 1957 00cc 0B       		.uleb128 0xb
 1958 00cd 0B       		.uleb128 0xb
 1959 00ce 3A       		.uleb128 0x3a
 1960 00cf 0B       		.uleb128 0xb
 1961 00d0 3B       		.uleb128 0x3b
 1962 00d1 05       		.uleb128 0x5
 1963 00d2 01       		.uleb128 0x1
 1964 00d3 13       		.uleb128 0x13
 1965 00d4 00       		.byte	0
 1966 00d5 00       		.byte	0
 1967 00d6 13       		.uleb128 0x13
 1968 00d7 0D       		.uleb128 0xd
 1969 00d8 00       		.byte	0
 1970 00d9 03       		.uleb128 0x3
 1971 00da 08       		.uleb128 0x8
 1972 00db 3A       		.uleb128 0x3a
 1973 00dc 0B       		.uleb128 0xb
 1974 00dd 3B       		.uleb128 0x3b
 1975 00de 05       		.uleb128 0x5
 1976 00df 49       		.uleb128 0x49
 1977 00e0 13       		.uleb128 0x13
 1978 00e1 00       		.byte	0
 1979 00e2 00       		.byte	0
 1980 00e3 14       		.uleb128 0x14
 1981 00e4 0D       		.uleb128 0xd
 1982 00e5 00       		.byte	0
 1983 00e6 03       		.uleb128 0x3
 1984 00e7 0E       		.uleb128 0xe
 1985 00e8 3A       		.uleb128 0x3a
 1986 00e9 0B       		.uleb128 0xb
 1987 00ea 3B       		.uleb128 0x3b
 1988 00eb 05       		.uleb128 0x5
 1989 00ec 49       		.uleb128 0x49
 1990 00ed 13       		.uleb128 0x13
 1991 00ee 00       		.byte	0
 1992 00ef 00       		.byte	0
 1993 00f0 15       		.uleb128 0x15
 1994 00f1 2E       		.uleb128 0x2e
 1995 00f2 01       		.byte	0x1
 1996 00f3 3F       		.uleb128 0x3f
 1997 00f4 19       		.uleb128 0x19
 1998 00f5 03       		.uleb128 0x3
 1999 00f6 0E       		.uleb128 0xe
 2000 00f7 3A       		.uleb128 0x3a
 2001 00f8 0B       		.uleb128 0xb
ARM GAS  C:\Users\Lenovo\AppData\Local\Temp\cc5ZOoAI.s 			page 50


 2002 00f9 3B       		.uleb128 0x3b
 2003 00fa 0B       		.uleb128 0xb
 2004 00fb 27       		.uleb128 0x27
 2005 00fc 19       		.uleb128 0x19
 2006 00fd 49       		.uleb128 0x49
 2007 00fe 13       		.uleb128 0x13
 2008 00ff 11       		.uleb128 0x11
 2009 0100 01       		.uleb128 0x1
 2010 0101 12       		.uleb128 0x12
 2011 0102 06       		.uleb128 0x6
 2012 0103 40       		.uleb128 0x40
 2013 0104 18       		.uleb128 0x18
 2014 0105 9742     		.uleb128 0x2117
 2015 0107 19       		.uleb128 0x19
 2016 0108 01       		.uleb128 0x1
 2017 0109 13       		.uleb128 0x13
 2018 010a 00       		.byte	0
 2019 010b 00       		.byte	0
 2020 010c 16       		.uleb128 0x16
 2021 010d 34       		.uleb128 0x34
 2022 010e 00       		.byte	0
 2023 010f 03       		.uleb128 0x3
 2024 0110 0E       		.uleb128 0xe
 2025 0111 3A       		.uleb128 0x3a
 2026 0112 0B       		.uleb128 0xb
 2027 0113 3B       		.uleb128 0x3b
 2028 0114 0B       		.uleb128 0xb
 2029 0115 49       		.uleb128 0x49
 2030 0116 13       		.uleb128 0x13
 2031 0117 02       		.uleb128 0x2
 2032 0118 18       		.uleb128 0x18
 2033 0119 00       		.byte	0
 2034 011a 00       		.byte	0
 2035 011b 17       		.uleb128 0x17
 2036 011c 898201   		.uleb128 0x4109
 2037 011f 00       		.byte	0
 2038 0120 11       		.uleb128 0x11
 2039 0121 01       		.uleb128 0x1
 2040 0122 31       		.uleb128 0x31
 2041 0123 13       		.uleb128 0x13
 2042 0124 00       		.byte	0
 2043 0125 00       		.byte	0
 2044 0126 18       		.uleb128 0x18
 2045 0127 34       		.uleb128 0x34
 2046 0128 00       		.byte	0
 2047 0129 03       		.uleb128 0x3
 2048 012a 0E       		.uleb128 0xe
 2049 012b 3A       		.uleb128 0x3a
 2050 012c 0B       		.uleb128 0xb
 2051 012d 3B       		.uleb128 0x3b
 2052 012e 0B       		.uleb128 0xb
 2053 012f 49       		.uleb128 0x49
 2054 0130 13       		.uleb128 0x13
 2055 0131 02       		.uleb128 0x2
 2056 0132 17       		.uleb128 0x17
 2057 0133 00       		.byte	0
 2058 0134 00       		.byte	0
ARM GAS  C:\Users\Lenovo\AppData\Local\Temp\cc5ZOoAI.s 			page 51


 2059 0135 19       		.uleb128 0x19
 2060 0136 34       		.uleb128 0x34
 2061 0137 00       		.byte	0
 2062 0138 03       		.uleb128 0x3
 2063 0139 0E       		.uleb128 0xe
 2064 013a 3A       		.uleb128 0x3a
 2065 013b 0B       		.uleb128 0xb
 2066 013c 3B       		.uleb128 0x3b
 2067 013d 0B       		.uleb128 0xb
 2068 013e 49       		.uleb128 0x49
 2069 013f 13       		.uleb128 0x13
 2070 0140 1C       		.uleb128 0x1c
 2071 0141 0B       		.uleb128 0xb
 2072 0142 00       		.byte	0
 2073 0143 00       		.byte	0
 2074 0144 1A       		.uleb128 0x1a
 2075 0145 2E       		.uleb128 0x2e
 2076 0146 01       		.byte	0x1
 2077 0147 3F       		.uleb128 0x3f
 2078 0148 19       		.uleb128 0x19
 2079 0149 03       		.uleb128 0x3
 2080 014a 0E       		.uleb128 0xe
 2081 014b 3A       		.uleb128 0x3a
 2082 014c 0B       		.uleb128 0xb
 2083 014d 3B       		.uleb128 0x3b
 2084 014e 05       		.uleb128 0x5
 2085 014f 27       		.uleb128 0x27
 2086 0150 19       		.uleb128 0x19
 2087 0151 49       		.uleb128 0x49
 2088 0152 13       		.uleb128 0x13
 2089 0153 11       		.uleb128 0x11
 2090 0154 01       		.uleb128 0x1
 2091 0155 12       		.uleb128 0x12
 2092 0156 06       		.uleb128 0x6
 2093 0157 40       		.uleb128 0x40
 2094 0158 18       		.uleb128 0x18
 2095 0159 9742     		.uleb128 0x2117
 2096 015b 19       		.uleb128 0x19
 2097 015c 01       		.uleb128 0x1
 2098 015d 13       		.uleb128 0x13
 2099 015e 00       		.byte	0
 2100 015f 00       		.byte	0
 2101 0160 1B       		.uleb128 0x1b
 2102 0161 34       		.uleb128 0x34
 2103 0162 00       		.byte	0
 2104 0163 03       		.uleb128 0x3
 2105 0164 0E       		.uleb128 0xe
 2106 0165 3A       		.uleb128 0x3a
 2107 0166 0B       		.uleb128 0xb
 2108 0167 3B       		.uleb128 0x3b
 2109 0168 05       		.uleb128 0x5
 2110 0169 49       		.uleb128 0x49
 2111 016a 13       		.uleb128 0x13
 2112 016b 02       		.uleb128 0x2
 2113 016c 18       		.uleb128 0x18
 2114 016d 00       		.byte	0
 2115 016e 00       		.byte	0
ARM GAS  C:\Users\Lenovo\AppData\Local\Temp\cc5ZOoAI.s 			page 52


 2116 016f 1C       		.uleb128 0x1c
 2117 0170 34       		.uleb128 0x34
 2118 0171 00       		.byte	0
 2119 0172 03       		.uleb128 0x3
 2120 0173 0E       		.uleb128 0xe
 2121 0174 3A       		.uleb128 0x3a
 2122 0175 0B       		.uleb128 0xb
 2123 0176 3B       		.uleb128 0x3b
 2124 0177 05       		.uleb128 0x5
 2125 0178 49       		.uleb128 0x49
 2126 0179 13       		.uleb128 0x13
 2127 017a 02       		.uleb128 0x2
 2128 017b 17       		.uleb128 0x17
 2129 017c 00       		.byte	0
 2130 017d 00       		.byte	0
 2131 017e 1D       		.uleb128 0x1d
 2132 017f 898201   		.uleb128 0x4109
 2133 0182 01       		.byte	0x1
 2134 0183 11       		.uleb128 0x11
 2135 0184 01       		.uleb128 0x1
 2136 0185 31       		.uleb128 0x31
 2137 0186 13       		.uleb128 0x13
 2138 0187 01       		.uleb128 0x1
 2139 0188 13       		.uleb128 0x13
 2140 0189 00       		.byte	0
 2141 018a 00       		.byte	0
 2142 018b 1E       		.uleb128 0x1e
 2143 018c 8A8201   		.uleb128 0x410a
 2144 018f 00       		.byte	0
 2145 0190 02       		.uleb128 0x2
 2146 0191 18       		.uleb128 0x18
 2147 0192 9142     		.uleb128 0x2111
 2148 0194 18       		.uleb128 0x18
 2149 0195 00       		.byte	0
 2150 0196 00       		.byte	0
 2151 0197 1F       		.uleb128 0x1f
 2152 0198 898201   		.uleb128 0x4109
 2153 019b 01       		.byte	0x1
 2154 019c 11       		.uleb128 0x11
 2155 019d 01       		.uleb128 0x1
 2156 019e 31       		.uleb128 0x31
 2157 019f 13       		.uleb128 0x13
 2158 01a0 00       		.byte	0
 2159 01a1 00       		.byte	0
 2160 01a2 20       		.uleb128 0x20
 2161 01a3 26       		.uleb128 0x26
 2162 01a4 00       		.byte	0
 2163 01a5 49       		.uleb128 0x49
 2164 01a6 13       		.uleb128 0x13
 2165 01a7 00       		.byte	0
 2166 01a8 00       		.byte	0
 2167 01a9 21       		.uleb128 0x21
 2168 01aa 05       		.uleb128 0x5
 2169 01ab 00       		.byte	0
 2170 01ac 03       		.uleb128 0x3
 2171 01ad 0E       		.uleb128 0xe
 2172 01ae 3A       		.uleb128 0x3a
ARM GAS  C:\Users\Lenovo\AppData\Local\Temp\cc5ZOoAI.s 			page 53


 2173 01af 0B       		.uleb128 0xb
 2174 01b0 3B       		.uleb128 0x3b
 2175 01b1 05       		.uleb128 0x5
 2176 01b2 49       		.uleb128 0x49
 2177 01b3 13       		.uleb128 0x13
 2178 01b4 02       		.uleb128 0x2
 2179 01b5 17       		.uleb128 0x17
 2180 01b6 00       		.byte	0
 2181 01b7 00       		.byte	0
 2182 01b8 22       		.uleb128 0x22
 2183 01b9 34       		.uleb128 0x34
 2184 01ba 00       		.byte	0
 2185 01bb 03       		.uleb128 0x3
 2186 01bc 0E       		.uleb128 0xe
 2187 01bd 3A       		.uleb128 0x3a
 2188 01be 0B       		.uleb128 0xb
 2189 01bf 3B       		.uleb128 0x3b
 2190 01c0 05       		.uleb128 0x5
 2191 01c1 49       		.uleb128 0x49
 2192 01c2 13       		.uleb128 0x13
 2193 01c3 00       		.byte	0
 2194 01c4 00       		.byte	0
 2195 01c5 23       		.uleb128 0x23
 2196 01c6 2E       		.uleb128 0x2e
 2197 01c7 00       		.byte	0
 2198 01c8 3F       		.uleb128 0x3f
 2199 01c9 19       		.uleb128 0x19
 2200 01ca 03       		.uleb128 0x3
 2201 01cb 0E       		.uleb128 0xe
 2202 01cc 3A       		.uleb128 0x3a
 2203 01cd 0B       		.uleb128 0xb
 2204 01ce 3B       		.uleb128 0x3b
 2205 01cf 05       		.uleb128 0x5
 2206 01d0 27       		.uleb128 0x27
 2207 01d1 19       		.uleb128 0x19
 2208 01d2 11       		.uleb128 0x11
 2209 01d3 01       		.uleb128 0x1
 2210 01d4 12       		.uleb128 0x12
 2211 01d5 06       		.uleb128 0x6
 2212 01d6 40       		.uleb128 0x40
 2213 01d7 18       		.uleb128 0x18
 2214 01d8 9742     		.uleb128 0x2117
 2215 01da 19       		.uleb128 0x19
 2216 01db 00       		.byte	0
 2217 01dc 00       		.byte	0
 2218 01dd 24       		.uleb128 0x24
 2219 01de 34       		.uleb128 0x34
 2220 01df 00       		.byte	0
 2221 01e0 03       		.uleb128 0x3
 2222 01e1 0E       		.uleb128 0xe
 2223 01e2 3A       		.uleb128 0x3a
 2224 01e3 0B       		.uleb128 0xb
 2225 01e4 3B       		.uleb128 0x3b
 2226 01e5 05       		.uleb128 0x5
 2227 01e6 49       		.uleb128 0x49
 2228 01e7 13       		.uleb128 0x13
 2229 01e8 3F       		.uleb128 0x3f
ARM GAS  C:\Users\Lenovo\AppData\Local\Temp\cc5ZOoAI.s 			page 54


 2230 01e9 19       		.uleb128 0x19
 2231 01ea 3C       		.uleb128 0x3c
 2232 01eb 19       		.uleb128 0x19
 2233 01ec 00       		.byte	0
 2234 01ed 00       		.byte	0
 2235 01ee 25       		.uleb128 0x25
 2236 01ef 2E       		.uleb128 0x2e
 2237 01f0 00       		.byte	0
 2238 01f1 3F       		.uleb128 0x3f
 2239 01f2 19       		.uleb128 0x19
 2240 01f3 3C       		.uleb128 0x3c
 2241 01f4 19       		.uleb128 0x19
 2242 01f5 6E       		.uleb128 0x6e
 2243 01f6 0E       		.uleb128 0xe
 2244 01f7 03       		.uleb128 0x3
 2245 01f8 0E       		.uleb128 0xe
 2246 01f9 3A       		.uleb128 0x3a
 2247 01fa 0B       		.uleb128 0xb
 2248 01fb 3B       		.uleb128 0x3b
 2249 01fc 05       		.uleb128 0x5
 2250 01fd 00       		.byte	0
 2251 01fe 00       		.byte	0
 2252 01ff 26       		.uleb128 0x26
 2253 0200 2E       		.uleb128 0x2e
 2254 0201 00       		.byte	0
 2255 0202 3F       		.uleb128 0x3f
 2256 0203 19       		.uleb128 0x19
 2257 0204 3C       		.uleb128 0x3c
 2258 0205 19       		.uleb128 0x19
 2259 0206 6E       		.uleb128 0x6e
 2260 0207 0E       		.uleb128 0xe
 2261 0208 03       		.uleb128 0x3
 2262 0209 0E       		.uleb128 0xe
 2263 020a 3A       		.uleb128 0x3a
 2264 020b 0B       		.uleb128 0xb
 2265 020c 3B       		.uleb128 0x3b
 2266 020d 0B       		.uleb128 0xb
 2267 020e 00       		.byte	0
 2268 020f 00       		.byte	0
 2269 0210 00       		.byte	0
 2270              		.section	.debug_loc,"",%progbits
 2271              	.Ldebug_loc0:
 2272              	.LLST0:
 2273 0000 08000000 		.4byte	.LVL5
 2274 0004 0D000000 		.4byte	.LVL6-1
 2275 0008 0100     		.2byte	0x1
 2276 000a 50       		.byte	0x50
 2277 000b 0D000000 		.4byte	.LVL6-1
 2278 000f 10000000 		.4byte	.LVL7
 2279 0013 0100     		.2byte	0x1
 2280 0015 54       		.byte	0x54
 2281 0016 10000000 		.4byte	.LVL7
 2282 001a 17000000 		.4byte	.LVL8-1
 2283 001e 0100     		.2byte	0x1
 2284 0020 50       		.byte	0x50
 2285 0021 17000000 		.4byte	.LVL8-1
 2286 0025 2C000000 		.4byte	.LVL13
ARM GAS  C:\Users\Lenovo\AppData\Local\Temp\cc5ZOoAI.s 			page 55


 2287 0029 0100     		.2byte	0x1
 2288 002b 54       		.byte	0x54
 2289 002c 2C000000 		.4byte	.LVL13
 2290 0030 2E000000 		.4byte	.LFE3
 2291 0034 0100     		.2byte	0x1
 2292 0036 50       		.byte	0x50
 2293 0037 00000000 		.4byte	0
 2294 003b 00000000 		.4byte	0
 2295              	.LLST1:
 2296 003f 02000000 		.4byte	.LVL18
 2297 0043 0A000000 		.4byte	.LVL19
 2298 0047 0200     		.2byte	0x2
 2299 0049 30       		.byte	0x30
 2300 004a 9F       		.byte	0x9f
 2301 004b 0A000000 		.4byte	.LVL19
 2302 004f 3A000000 		.4byte	.LVL27
 2303 0053 0100     		.2byte	0x1
 2304 0055 55       		.byte	0x55
 2305 0056 00000000 		.4byte	0
 2306 005a 00000000 		.4byte	0
 2307              	.LLST2:
 2308 005e 02000000 		.4byte	.LVL18
 2309 0062 0A000000 		.4byte	.LVL19
 2310 0066 0200     		.2byte	0x2
 2311 0068 30       		.byte	0x30
 2312 0069 9F       		.byte	0x9f
 2313 006a 0A000000 		.4byte	.LVL19
 2314 006e 28000000 		.4byte	.LVL21
 2315 0072 0100     		.2byte	0x1
 2316 0074 54       		.byte	0x54
 2317 0075 28000000 		.4byte	.LVL21
 2318 0079 2C000000 		.4byte	.LVL22
 2319 007d 0100     		.2byte	0x1
 2320 007f 50       		.byte	0x50
 2321 0080 2C000000 		.4byte	.LVL22
 2322 0084 3A000000 		.4byte	.LVL26
 2323 0088 0100     		.2byte	0x1
 2324 008a 54       		.byte	0x54
 2325 008b 3A000000 		.4byte	.LVL26
 2326 008f 44000000 		.4byte	.LFE7
 2327 0093 0100     		.2byte	0x1
 2328 0095 50       		.byte	0x50
 2329 0096 00000000 		.4byte	0
 2330 009a 00000000 		.4byte	0
 2331              	.LLST3:
 2332 009e 0A000000 		.4byte	.LVL19
 2333 00a2 3A000000 		.4byte	.LVL28
 2334 00a6 0100     		.2byte	0x1
 2335 00a8 56       		.byte	0x56
 2336 00a9 00000000 		.4byte	0
 2337 00ad 00000000 		.4byte	0
 2338              	.LLST4:
 2339 00b1 00000000 		.4byte	.LVL29
 2340 00b5 38000000 		.4byte	.LVL34
 2341 00b9 0100     		.2byte	0x1
 2342 00bb 50       		.byte	0x50
 2343 00bc 38000000 		.4byte	.LVL34
ARM GAS  C:\Users\Lenovo\AppData\Local\Temp\cc5ZOoAI.s 			page 56


 2344 00c0 48000000 		.4byte	.LVL40
 2345 00c4 0100     		.2byte	0x1
 2346 00c6 55       		.byte	0x55
 2347 00c7 48000000 		.4byte	.LVL40
 2348 00cb 54000000 		.4byte	.LFE8
 2349 00cf 0400     		.2byte	0x4
 2350 00d1 F3       		.byte	0xf3
 2351 00d2 01       		.uleb128 0x1
 2352 00d3 50       		.byte	0x50
 2353 00d4 9F       		.byte	0x9f
 2354 00d5 00000000 		.4byte	0
 2355 00d9 00000000 		.4byte	0
 2356              	.LLST5:
 2357 00dd 04000000 		.4byte	.LVL30
 2358 00e1 0C000000 		.4byte	.LVL31
 2359 00e5 0200     		.2byte	0x2
 2360 00e7 30       		.byte	0x30
 2361 00e8 9F       		.byte	0x9f
 2362 00e9 0C000000 		.4byte	.LVL31
 2363 00ed 3E000000 		.4byte	.LVL36
 2364 00f1 0100     		.2byte	0x1
 2365 00f3 54       		.byte	0x54
 2366 00f4 3E000000 		.4byte	.LVL36
 2367 00f8 42000000 		.4byte	.LVL37
 2368 00fc 0100     		.2byte	0x1
 2369 00fe 50       		.byte	0x50
 2370 00ff 42000000 		.4byte	.LVL37
 2371 0103 48000000 		.4byte	.LVL39
 2372 0107 0100     		.2byte	0x1
 2373 0109 54       		.byte	0x54
 2374 010a 48000000 		.4byte	.LVL39
 2375 010e 54000000 		.4byte	.LFE8
 2376 0112 0100     		.2byte	0x1
 2377 0114 50       		.byte	0x50
 2378 0115 00000000 		.4byte	0
 2379 0119 00000000 		.4byte	0
 2380              	.LLST6:
 2381 011d 36000000 		.4byte	.LVL33
 2382 0121 46000000 		.4byte	.LVL38
 2383 0125 0100     		.2byte	0x1
 2384 0127 56       		.byte	0x56
 2385 0128 00000000 		.4byte	0
 2386 012c 00000000 		.4byte	0
 2387              	.LLST7:
 2388 0130 00000000 		.4byte	.LVL41
 2389 0134 22000000 		.4byte	.LVL48
 2390 0138 0100     		.2byte	0x1
 2391 013a 50       		.byte	0x50
 2392 013b 22000000 		.4byte	.LVL48
 2393 013f 4A000000 		.4byte	.LVL55
 2394 0143 0100     		.2byte	0x1
 2395 0145 56       		.byte	0x56
 2396 0146 4A000000 		.4byte	.LVL55
 2397 014a 4E000000 		.4byte	.LVL56
 2398 014e 0100     		.2byte	0x1
 2399 0150 50       		.byte	0x50
 2400 0151 4E000000 		.4byte	.LVL56
ARM GAS  C:\Users\Lenovo\AppData\Local\Temp\cc5ZOoAI.s 			page 57


 2401 0155 52000000 		.4byte	.LVL57
 2402 0159 0100     		.2byte	0x1
 2403 015b 56       		.byte	0x56
 2404 015c 52000000 		.4byte	.LVL57
 2405 0160 58000000 		.4byte	.LFE9
 2406 0164 0400     		.2byte	0x4
 2407 0166 F3       		.byte	0xf3
 2408 0167 01       		.uleb128 0x1
 2409 0168 50       		.byte	0x50
 2410 0169 9F       		.byte	0x9f
 2411 016a 00000000 		.4byte	0
 2412 016e 00000000 		.4byte	0
 2413              	.LLST8:
 2414 0172 00000000 		.4byte	.LVL41
 2415 0176 22000000 		.4byte	.LVL48
 2416 017a 0100     		.2byte	0x1
 2417 017c 51       		.byte	0x51
 2418 017d 22000000 		.4byte	.LVL48
 2419 0181 4A000000 		.4byte	.LVL55
 2420 0185 0200     		.2byte	0x2
 2421 0187 91       		.byte	0x91
 2422 0188 60       		.sleb128 -32
 2423 0189 4A000000 		.4byte	.LVL55
 2424 018d 4E000000 		.4byte	.LVL56
 2425 0191 0100     		.2byte	0x1
 2426 0193 51       		.byte	0x51
 2427 0194 4E000000 		.4byte	.LVL56
 2428 0198 58000000 		.4byte	.LFE9
 2429 019c 0200     		.2byte	0x2
 2430 019e 91       		.byte	0x91
 2431 019f 60       		.sleb128 -32
 2432 01a0 00000000 		.4byte	0
 2433 01a4 00000000 		.4byte	0
 2434              	.LLST9:
 2435 01a8 16000000 		.4byte	.LVL44
 2436 01ac 22000000 		.4byte	.LVL48
 2437 01b0 0100     		.2byte	0x1
 2438 01b2 53       		.byte	0x53
 2439 01b3 22000000 		.4byte	.LVL48
 2440 01b7 34000000 		.4byte	.LVL52
 2441 01bb 0100     		.2byte	0x1
 2442 01bd 54       		.byte	0x54
 2443 01be 34000000 		.4byte	.LVL52
 2444 01c2 36000000 		.4byte	.LVL53
 2445 01c6 0100     		.2byte	0x1
 2446 01c8 53       		.byte	0x53
 2447 01c9 36000000 		.4byte	.LVL53
 2448 01cd 4A000000 		.4byte	.LVL55
 2449 01d1 0100     		.2byte	0x1
 2450 01d3 54       		.byte	0x54
 2451 01d4 00000000 		.4byte	0
 2452 01d8 00000000 		.4byte	0
 2453              	.LLST10:
 2454 01dc 08000000 		.4byte	.LVL42
 2455 01e0 22000000 		.4byte	.LVL48
 2456 01e4 0200     		.2byte	0x2
 2457 01e6 31       		.byte	0x31
ARM GAS  C:\Users\Lenovo\AppData\Local\Temp\cc5ZOoAI.s 			page 58


 2458 01e7 9F       		.byte	0x9f
 2459 01e8 22000000 		.4byte	.LVL48
 2460 01ec 30000000 		.4byte	.LVL50
 2461 01f0 0200     		.2byte	0x2
 2462 01f2 91       		.byte	0x91
 2463 01f3 5C       		.sleb128 -36
 2464 01f4 30000000 		.4byte	.LVL50
 2465 01f8 34000000 		.4byte	.LVL52
 2466 01fc 0100     		.2byte	0x1
 2467 01fe 50       		.byte	0x50
 2468 01ff 34000000 		.4byte	.LVL52
 2469 0203 4A000000 		.4byte	.LVL55
 2470 0207 0200     		.2byte	0x2
 2471 0209 91       		.byte	0x91
 2472 020a 5C       		.sleb128 -36
 2473 020b 4A000000 		.4byte	.LVL55
 2474 020f 4E000000 		.4byte	.LVL56
 2475 0213 0200     		.2byte	0x2
 2476 0215 31       		.byte	0x31
 2477 0216 9F       		.byte	0x9f
 2478 0217 4E000000 		.4byte	.LVL56
 2479 021b 58000000 		.4byte	.LFE9
 2480 021f 0200     		.2byte	0x2
 2481 0221 91       		.byte	0x91
 2482 0222 5C       		.sleb128 -36
 2483 0223 00000000 		.4byte	0
 2484 0227 00000000 		.4byte	0
 2485              	.LLST11:
 2486 022b 14000000 		.4byte	.LVL43
 2487 022f 4A000000 		.4byte	.LVL55
 2488 0233 0100     		.2byte	0x1
 2489 0235 55       		.byte	0x55
 2490 0236 00000000 		.4byte	0
 2491 023a 00000000 		.4byte	0
 2492              	.LLST12:
 2493 023e 1A000000 		.4byte	.LVL46
 2494 0242 1E000000 		.4byte	.LVL47
 2495 0246 0100     		.2byte	0x1
 2496 0248 52       		.byte	0x52
 2497 0249 00000000 		.4byte	0
 2498 024d 00000000 		.4byte	0
 2499              	.LLST13:
 2500 0251 18000000 		.4byte	.LVL45
 2501 0255 4A000000 		.4byte	.LVL55
 2502 0259 0100     		.2byte	0x1
 2503 025b 57       		.byte	0x57
 2504 025c 00000000 		.4byte	0
 2505 0260 00000000 		.4byte	0
 2506              	.LLST14:
 2507 0264 00000000 		.4byte	.LVL58
 2508 0268 1E000000 		.4byte	.LVL62
 2509 026c 0100     		.2byte	0x1
 2510 026e 50       		.byte	0x50
 2511 026f 1E000000 		.4byte	.LVL62
 2512 0273 32000000 		.4byte	.LVL67
 2513 0277 0400     		.2byte	0x4
 2514 0279 F3       		.byte	0xf3
ARM GAS  C:\Users\Lenovo\AppData\Local\Temp\cc5ZOoAI.s 			page 59


 2515 027a 01       		.uleb128 0x1
 2516 027b 50       		.byte	0x50
 2517 027c 9F       		.byte	0x9f
 2518 027d 32000000 		.4byte	.LVL67
 2519 0281 34000000 		.4byte	.LVL68
 2520 0285 0100     		.2byte	0x1
 2521 0287 50       		.byte	0x50
 2522 0288 34000000 		.4byte	.LVL68
 2523 028c 36000000 		.4byte	.LVL69
 2524 0290 0400     		.2byte	0x4
 2525 0292 F3       		.byte	0xf3
 2526 0293 01       		.uleb128 0x1
 2527 0294 50       		.byte	0x50
 2528 0295 9F       		.byte	0x9f
 2529 0296 36000000 		.4byte	.LVL69
 2530 029a 38000000 		.4byte	.LVL70
 2531 029e 0100     		.2byte	0x1
 2532 02a0 50       		.byte	0x50
 2533 02a1 38000000 		.4byte	.LVL70
 2534 02a5 40000000 		.4byte	.LFE10
 2535 02a9 0400     		.2byte	0x4
 2536 02ab F3       		.byte	0xf3
 2537 02ac 01       		.uleb128 0x1
 2538 02ad 50       		.byte	0x50
 2539 02ae 9F       		.byte	0x9f
 2540 02af 00000000 		.4byte	0
 2541 02b3 00000000 		.4byte	0
 2542              	.LLST15:
 2543 02b7 00000000 		.4byte	.LVL58
 2544 02bb 22000000 		.4byte	.LVL63
 2545 02bf 0100     		.2byte	0x1
 2546 02c1 51       		.byte	0x51
 2547 02c2 22000000 		.4byte	.LVL63
 2548 02c6 32000000 		.4byte	.LVL67
 2549 02ca 0400     		.2byte	0x4
 2550 02cc F3       		.byte	0xf3
 2551 02cd 01       		.uleb128 0x1
 2552 02ce 51       		.byte	0x51
 2553 02cf 9F       		.byte	0x9f
 2554 02d0 32000000 		.4byte	.LVL67
 2555 02d4 38000000 		.4byte	.LVL70
 2556 02d8 0100     		.2byte	0x1
 2557 02da 51       		.byte	0x51
 2558 02db 38000000 		.4byte	.LVL70
 2559 02df 40000000 		.4byte	.LFE10
 2560 02e3 0400     		.2byte	0x4
 2561 02e5 F3       		.byte	0xf3
 2562 02e6 01       		.uleb128 0x1
 2563 02e7 51       		.byte	0x51
 2564 02e8 9F       		.byte	0x9f
 2565 02e9 00000000 		.4byte	0
 2566 02ed 00000000 		.4byte	0
 2567              	.LLST16:
 2568 02f1 00000000 		.4byte	.LVL58
 2569 02f5 2A000000 		.4byte	.LVL65
 2570 02f9 0100     		.2byte	0x1
 2571 02fb 52       		.byte	0x52
ARM GAS  C:\Users\Lenovo\AppData\Local\Temp\cc5ZOoAI.s 			page 60


 2572 02fc 2A000000 		.4byte	.LVL65
 2573 0300 2F000000 		.4byte	.LVL66-1
 2574 0304 0100     		.2byte	0x1
 2575 0306 53       		.byte	0x53
 2576 0307 2F000000 		.4byte	.LVL66-1
 2577 030b 32000000 		.4byte	.LVL67
 2578 030f 0400     		.2byte	0x4
 2579 0311 F3       		.byte	0xf3
 2580 0312 01       		.uleb128 0x1
 2581 0313 52       		.byte	0x52
 2582 0314 9F       		.byte	0x9f
 2583 0315 32000000 		.4byte	.LVL67
 2584 0319 38000000 		.4byte	.LVL70
 2585 031d 0100     		.2byte	0x1
 2586 031f 52       		.byte	0x52
 2587 0320 38000000 		.4byte	.LVL70
 2588 0324 40000000 		.4byte	.LFE10
 2589 0328 0400     		.2byte	0x4
 2590 032a F3       		.byte	0xf3
 2591 032b 01       		.uleb128 0x1
 2592 032c 52       		.byte	0x52
 2593 032d 9F       		.byte	0x9f
 2594 032e 00000000 		.4byte	0
 2595 0332 00000000 		.4byte	0
 2596              	.LLST17:
 2597 0336 02000000 		.4byte	.LVL59
 2598 033a 18000000 		.4byte	.LVL60
 2599 033e 0200     		.2byte	0x2
 2600 0340 31       		.byte	0x31
 2601 0341 9F       		.byte	0x9f
 2602 0342 18000000 		.4byte	.LVL60
 2603 0346 30000000 		.4byte	.LVL66
 2604 034a 0200     		.2byte	0x2
 2605 034c 30       		.byte	0x30
 2606 034d 9F       		.byte	0x9f
 2607 034e 30000000 		.4byte	.LVL66
 2608 0352 32000000 		.4byte	.LVL67
 2609 0356 0100     		.2byte	0x1
 2610 0358 50       		.byte	0x50
 2611 0359 32000000 		.4byte	.LVL67
 2612 035d 38000000 		.4byte	.LVL70
 2613 0361 0200     		.2byte	0x2
 2614 0363 31       		.byte	0x31
 2615 0364 9F       		.byte	0x9f
 2616 0365 38000000 		.4byte	.LVL70
 2617 0369 40000000 		.4byte	.LFE10
 2618 036d 0100     		.2byte	0x1
 2619 036f 50       		.byte	0x50
 2620 0370 00000000 		.4byte	0
 2621 0374 00000000 		.4byte	0
 2622              	.LLST18:
 2623 0378 1C000000 		.4byte	.LVL61
 2624 037c 32000000 		.4byte	.LVL67
 2625 0380 0100     		.2byte	0x1
 2626 0382 54       		.byte	0x54
 2627 0383 00000000 		.4byte	0
 2628 0387 00000000 		.4byte	0
ARM GAS  C:\Users\Lenovo\AppData\Local\Temp\cc5ZOoAI.s 			page 61


 2629              	.LLST19:
 2630 038b 1E000000 		.4byte	.LVL62
 2631 038f 26000000 		.4byte	.LVL64
 2632 0393 0100     		.2byte	0x1
 2633 0395 50       		.byte	0x50
 2634 0396 26000000 		.4byte	.LVL64
 2635 039a 2F000000 		.4byte	.LVL66-1
 2636 039e 0100     		.2byte	0x1
 2637 03a0 51       		.byte	0x51
 2638 03a1 2F000000 		.4byte	.LVL66-1
 2639 03a5 32000000 		.4byte	.LVL67
 2640 03a9 1000     		.2byte	0x10
 2641 03ab F3       		.byte	0xf3
 2642 03ac 01       		.uleb128 0x1
 2643 03ad 51       		.byte	0x51
 2644 03ae 32       		.byte	0x32
 2645 03af 24       		.byte	0x24
 2646 03b0 F3       		.byte	0xf3
 2647 03b1 01       		.uleb128 0x1
 2648 03b2 51       		.byte	0x51
 2649 03b3 22       		.byte	0x22
 2650 03b4 31       		.byte	0x31
 2651 03b5 24       		.byte	0x24
 2652 03b6 74       		.byte	0x74
 2653 03b7 08       		.sleb128 8
 2654 03b8 06       		.byte	0x6
 2655 03b9 22       		.byte	0x22
 2656 03ba 9F       		.byte	0x9f
 2657 03bb 00000000 		.4byte	0
 2658 03bf 00000000 		.4byte	0
 2659              		.section	.debug_aranges,"",%progbits
 2660 0000 64000000 		.4byte	0x64
 2661 0004 0200     		.2byte	0x2
 2662 0006 00000000 		.4byte	.Ldebug_info0
 2663 000a 04       		.byte	0x4
 2664 000b 00       		.byte	0
 2665 000c 0000     		.2byte	0
 2666 000e 0000     		.2byte	0
 2667 0010 00000000 		.4byte	.LFB4
 2668 0014 28000000 		.4byte	.LFE4-.LFB4
 2669 0018 00000000 		.4byte	.LFB3
 2670 001c 2E000000 		.4byte	.LFE3-.LFB3
 2671 0020 00000000 		.4byte	.LFB5
 2672 0024 10000000 		.4byte	.LFE5-.LFB5
 2673 0028 00000000 		.4byte	.LFB6
 2674 002c 24000000 		.4byte	.LFE6-.LFB6
 2675 0030 00000000 		.4byte	.LFB7
 2676 0034 44000000 		.4byte	.LFE7-.LFB7
 2677 0038 00000000 		.4byte	.LFB8
 2678 003c 54000000 		.4byte	.LFE8-.LFB8
 2679 0040 00000000 		.4byte	.LFB9
 2680 0044 58000000 		.4byte	.LFE9-.LFB9
 2681 0048 00000000 		.4byte	.LFB10
 2682 004c 40000000 		.4byte	.LFE10-.LFB10
 2683 0050 00000000 		.4byte	.LFB11
 2684 0054 02000000 		.4byte	.LFE11-.LFB11
 2685 0058 00000000 		.4byte	.LFB12
ARM GAS  C:\Users\Lenovo\AppData\Local\Temp\cc5ZOoAI.s 			page 62


 2686 005c 02000000 		.4byte	.LFE12-.LFB12
 2687 0060 00000000 		.4byte	0
 2688 0064 00000000 		.4byte	0
 2689              		.section	.debug_ranges,"",%progbits
 2690              	.Ldebug_ranges0:
 2691 0000 00000000 		.4byte	.LFB4
 2692 0004 28000000 		.4byte	.LFE4
 2693 0008 00000000 		.4byte	.LFB3
 2694 000c 2E000000 		.4byte	.LFE3
 2695 0010 00000000 		.4byte	.LFB5
 2696 0014 10000000 		.4byte	.LFE5
 2697 0018 00000000 		.4byte	.LFB6
 2698 001c 24000000 		.4byte	.LFE6
 2699 0020 00000000 		.4byte	.LFB7
 2700 0024 44000000 		.4byte	.LFE7
 2701 0028 00000000 		.4byte	.LFB8
 2702 002c 54000000 		.4byte	.LFE8
 2703 0030 00000000 		.4byte	.LFB9
 2704 0034 58000000 		.4byte	.LFE9
 2705 0038 00000000 		.4byte	.LFB10
 2706 003c 40000000 		.4byte	.LFE10
 2707 0040 00000000 		.4byte	.LFB11
 2708 0044 02000000 		.4byte	.LFE11
 2709 0048 00000000 		.4byte	.LFB12
 2710 004c 02000000 		.4byte	.LFE12
 2711 0050 00000000 		.4byte	0
 2712 0054 00000000 		.4byte	0
 2713              		.section	.debug_line,"",%progbits
 2714              	.Ldebug_line0:
 2715 0000 05020000 		.section	.debug_str,"MS",%progbits,1
 2715      0200D900 
 2715      00000201 
 2715      FB0E0D00 
 2715      01010101 
 2716              	.LASF25:
 2717 0000 43617053 		.ascii	"CapSense_WD_PROXIMITY_E\000"
 2717      656E7365 
 2717      5F57445F 
 2717      50524F58 
 2717      494D4954 
 2718              	.LASF123:
 2719 0018 43617053 		.ascii	"CapSense_DpProcessCsdSensorRawCountsExt\000"
 2719      656E7365 
 2719      5F447050 
 2719      726F6365 
 2719      73734373 
 2720              	.LASF95:
 2721 0040 77646774 		.ascii	"wdgtId\000"
 2721      496400
 2722              	.LASF102:
 2723 0047 666C7472 		.ascii	"fltrHistV\000"
 2723      48697374 
 2723      5600
 2724              	.LASF63:
 2725 0051 736E7254 		.ascii	"snrTestWidgetId\000"
 2725      65737457 
 2725      69646765 
ARM GAS  C:\Users\Lenovo\AppData\Local\Temp\cc5ZOoAI.s 			page 63


 2725      74496400 
 2726              	.LASF27:
 2727 0061 43617053 		.ascii	"CapSense_UNDEFINED_E\000"
 2727      656E7365 
 2727      5F554E44 
 2727      4546494E 
 2727      45445F45 
 2728              	.LASF122:
 2729 0076 43617053 		.ascii	"CapSense_DpProcessCsdWidgetStatus\000"
 2729      656E7365 
 2729      5F447050 
 2729      726F6365 
 2729      73734373 
 2730              	.LASF104:
 2731 0098 43617053 		.ascii	"CapSense_ProcessSensorExt\000"
 2731      656E7365 
 2731      5F50726F 
 2731      63657373 
 2731      53656E73 
 2732              	.LASF8:
 2733 00b2 756E7369 		.ascii	"unsigned int\000"
 2733      676E6564 
 2733      20696E74 
 2733      00
 2734              	.LASF54:
 2735 00bf 7363616E 		.ascii	"scanCounter\000"
 2735      436F756E 
 2735      74657200 
 2736              	.LASF90:
 2737 00cb 43617053 		.ascii	"CapSense_Start\000"
 2737      656E7365 
 2737      5F537461 
 2737      727400
 2738              	.LASF100:
 2739 00da 6D6F6465 		.ascii	"mode\000"
 2739      00
 2740              	.LASF118:
 2741 00df 43617053 		.ascii	"CapSense_IsBusy\000"
 2741      656E7365 
 2741      5F497342 
 2741      75737900 
 2742              	.LASF24:
 2743 00ef 43617053 		.ascii	"CapSense_WD_TOUCHPAD_E\000"
 2743      656E7365 
 2743      5F57445F 
 2743      544F5543 
 2743      48504144 
 2744              	.LASF44:
 2745 0106 43617053 		.ascii	"CapSense_RAM_WD_LIST_STRUCT\000"
 2745      656E7365 
 2745      5F52414D 
 2745      5F57445F 
 2745      4C495354 
 2746              	.LASF105:
 2747 0122 73656E73 		.ascii	"sensorId\000"
 2747      6F724964 
 2747      00
ARM GAS  C:\Users\Lenovo\AppData\Local\Temp\cc5ZOoAI.s 			page 64


 2748              	.LASF92:
 2749 012b 43617053 		.ascii	"CapSense_Stop\000"
 2749      656E7365 
 2749      5F53746F 
 2749      7000
 2750              	.LASF109:
 2751 0139 43617053 		.ascii	"CapSense_InitVar\000"
 2751      656E7365 
 2751      5F496E69 
 2751      74566172 
 2751      00
 2752              	.LASF12:
 2753 014a 666C6F61 		.ascii	"float\000"
 2753      7400
 2754              	.LASF107:
 2755 0150 43617053 		.ascii	"CapSense_Sleep\000"
 2755      656E7365 
 2755      5F536C65 
 2755      657000
 2756              	.LASF114:
 2757 015f 43617053 		.ascii	"CapSense_DpInitialize\000"
 2757      656E7365 
 2757      5F447049 
 2757      6E697469 
 2757      616C697A 
 2758              	.LASF62:
 2759 0175 736E734C 		.ascii	"snsList\000"
 2759      69737400 
 2760              	.LASF91:
 2761 017d 72657375 		.ascii	"result\000"
 2761      6C7400
 2762              	.LASF7:
 2763 0184 6C6F6E67 		.ascii	"long long unsigned int\000"
 2763      206C6F6E 
 2763      6720756E 
 2763      7369676E 
 2763      65642069 
 2764              	.LASF23:
 2765 019b 43617053 		.ascii	"CapSense_WD_MATRIX_BUTTON_E\000"
 2765      656E7365 
 2765      5F57445F 
 2765      4D415452 
 2765      49585F42 
 2766              	.LASF87:
 2767 01b7 70747252 		.ascii	"ptrRegular\000"
 2767      6567756C 
 2767      617200
 2768              	.LASF64:
 2769 01c2 736E7254 		.ascii	"snrTestSensorId\000"
 2769      65737453 
 2769      656E736F 
 2769      72496400 
 2770              	.LASF75:
 2771 01d2 77646774 		.ascii	"wdgtType\000"
 2771      54797065 
 2771      00
 2772              	.LASF88:
ARM GAS  C:\Users\Lenovo\AppData\Local\Temp\cc5ZOoAI.s 			page 65


 2773 01db 43617053 		.ascii	"CapSense_PTR_FILTER_VARIANT\000"
 2773      656E7365 
 2773      5F505452 
 2773      5F46494C 
 2773      5445525F 
 2774              	.LASF124:
 2775 01f7 474E5520 		.ascii	"GNU C11 5.4.1 20160609 (release) [ARM/embedded-5-br"
 2775      43313120 
 2775      352E342E 
 2775      31203230 
 2775      31363036 
 2776 022a 616E6368 		.ascii	"anch revision 237715] -mcpu=cortex-m0 -mthumb -g -O"
 2776      20726576 
 2776      6973696F 
 2776      6E203233 
 2776      37373135 
 2777 025d 67202D66 		.ascii	"g -ffunction-sections -ffat-lto-objects\000"
 2777      66756E63 
 2777      74696F6E 
 2777      2D736563 
 2777      74696F6E 
 2778              	.LASF85:
 2779 0285 72656775 		.ascii	"regularChannel\000"
 2779      6C617243 
 2779      68616E6E 
 2779      656C00
 2780              	.LASF60:
 2781 0294 6D6F6443 		.ascii	"modCsdClk\000"
 2781      7364436C 
 2781      6B00
 2782              	.LASF49:
 2783 029e 43617053 		.ascii	"CapSense_RAM_SNS_STRUCT\000"
 2783      656E7365 
 2783      5F52414D 
 2783      5F534E53 
 2783      5F535452 
 2784              	.LASF93:
 2785 02b6 43617053 		.ascii	"CapSense_Resume\000"
 2785      656E7365 
 2785      5F526573 
 2785      756D6500 
 2786              	.LASF120:
 2787 02c6 43617053 		.ascii	"CapSense_InitializeAllBaselines\000"
 2787      656E7365 
 2787      5F496E69 
 2787      7469616C 
 2787      697A6541 
 2788              	.LASF35:
 2789 02e6 68797374 		.ascii	"hysteresis\000"
 2789      65726573 
 2789      697300
 2790              	.LASF22:
 2791 02f1 43617053 		.ascii	"CapSense_WD_RADIAL_SLIDER_E\000"
 2791      656E7365 
 2791      5F57445F 
 2791      52414449 
 2791      414C5F53 
ARM GAS  C:\Users\Lenovo\AppData\Local\Temp\cc5ZOoAI.s 			page 66


 2792              	.LASF80:
 2793 030d 43617053 		.ascii	"CapSense_FLASH_WD_STRUCT\000"
 2793      656E7365 
 2793      5F464C41 
 2793      53485F57 
 2793      445F5354 
 2794              	.LASF37:
 2795 0326 6C6F7742 		.ascii	"lowBslnRst\000"
 2795      736C6E52 
 2795      737400
 2796              	.LASF108:
 2797 0331 43617053 		.ascii	"CapSense_Wakeup\000"
 2797      656E7365 
 2797      5F57616B 
 2797      65757000 
 2798              	.LASF74:
 2799 0341 746F7461 		.ascii	"totalNumSns\000"
 2799      6C4E756D 
 2799      536E7300 
 2800              	.LASF33:
 2801 034d 6E6F6973 		.ascii	"noiseTh\000"
 2801      65546800 
 2802              	.LASF14:
 2803 0355 63686172 		.ascii	"char\000"
 2803      00
 2804              	.LASF121:
 2805 035a 43617053 		.ascii	"CapSense_DpProcessCsdWidgetRawCounts\000"
 2805      656E7365 
 2805      5F447050 
 2805      726F6365 
 2805      73734373 
 2806              	.LASF10:
 2807 037f 75696E74 		.ascii	"uint16\000"
 2807      313600
 2808              	.LASF97:
 2809 0386 43617053 		.ascii	"CapSense_ProcessWidget\000"
 2809      656E7365 
 2809      5F50726F 
 2809      63657373 
 2809      57696467 
 2810              	.LASF31:
 2811 039d 7265736F 		.ascii	"resolution\000"
 2811      6C757469 
 2811      6F6E00
 2812              	.LASF55:
 2813 03a8 73746174 		.ascii	"status\000"
 2813      757300
 2814              	.LASF19:
 2815 03af 43617053 		.ascii	"CapSense_LOW_BSLN_RST_TYPE\000"
 2815      656E7365 
 2815      5F4C4F57 
 2815      5F42534C 
 2815      4E5F5253 
 2816              	.LASF98:
 2817 03ca 43617053 		.ascii	"CapSense_ProcessWidgetExt\000"
 2817      656E7365 
 2817      5F50726F 
ARM GAS  C:\Users\Lenovo\AppData\Local\Temp\cc5ZOoAI.s 			page 67


 2817      63657373 
 2817      57696467 
 2818              	.LASF6:
 2819 03e4 6C6F6E67 		.ascii	"long long int\000"
 2819      206C6F6E 
 2819      6720696E 
 2819      7400
 2820              	.LASF76:
 2821 03f2 6E756D43 		.ascii	"numCols\000"
 2821      6F6C7300 
 2822              	.LASF36:
 2823 03fa 6F6E4465 		.ascii	"onDebounce\000"
 2823      626F756E 
 2823      636500
 2824              	.LASF61:
 2825 0405 77646774 		.ascii	"wdgtList\000"
 2825      4C697374 
 2825      00
 2826              	.LASF116:
 2827 040e 43617053 		.ascii	"CapSense_CalibrateAllWidgets\000"
 2827      656E7365 
 2827      5F43616C 
 2827      69627261 
 2827      7465416C 
 2828              	.LASF82:
 2829 042b 43617053 		.ascii	"CapSense_FLASH_STRUCT\000"
 2829      656E7365 
 2829      5F464C41 
 2829      53485F53 
 2829      54525543 
 2830              	.LASF110:
 2831 0441 43617053 		.ascii	"CapSense_dsRam\000"
 2831      656E7365 
 2831      5F647352 
 2831      616D00
 2832              	.LASF66:
 2833 0450 736E7254 		.ascii	"snrTestRawCount\000"
 2833      65737452 
 2833      6177436F 
 2833      756E7400 
 2834              	.LASF119:
 2835 0460 43617053 		.ascii	"CapSense_FtInitialize\000"
 2835      656E7365 
 2835      5F467449 
 2835      6E697469 
 2835      616C697A 
 2836              	.LASF34:
 2837 0476 6E4E6F69 		.ascii	"nNoiseTh\000"
 2837      73655468 
 2837      00
 2838              	.LASF59:
 2839 047f 63736430 		.ascii	"csd0Config\000"
 2839      436F6E66 
 2839      696700
 2840              	.LASF26:
 2841 048a 43617053 		.ascii	"CapSense_WD_TYPE_ENUM\000"
 2841      656E7365 
ARM GAS  C:\Users\Lenovo\AppData\Local\Temp\cc5ZOoAI.s 			page 68


 2841      5F57445F 
 2841      54595045 
 2841      5F454E55 
 2842              	.LASF11:
 2843 04a0 75696E74 		.ascii	"uint32\000"
 2843      333200
 2844              	.LASF71:
 2845 04a7 70747232 		.ascii	"ptr2FltrHistory\000"
 2845      466C7472 
 2845      48697374 
 2845      6F727900 
 2846              	.LASF21:
 2847 04b7 43617053 		.ascii	"CapSense_WD_LINEAR_SLIDER_E\000"
 2847      656E7365 
 2847      5F57445F 
 2847      4C494E45 
 2847      41525F53 
 2848              	.LASF94:
 2849 04d3 43617053 		.ascii	"CapSense_ProcessAllWidgets\000"
 2849      656E7365 
 2849      5F50726F 
 2849      63657373 
 2849      416C6C57 
 2850              	.LASF89:
 2851 04ee 43617053 		.ascii	"CapSense_Initialize\000"
 2851      656E7365 
 2851      5F496E69 
 2851      7469616C 
 2851      697A6500 
 2852              	.LASF101:
 2853 0502 736E7343 		.ascii	"snsCount\000"
 2853      6F756E74 
 2853      00
 2854              	.LASF16:
 2855 050b 6C6F6E67 		.ascii	"long double\000"
 2855      20646F75 
 2855      626C6500 
 2856              	.LASF65:
 2857 0517 736E7254 		.ascii	"snrTestScanCounter\000"
 2857      65737453 
 2857      63616E43 
 2857      6F756E74 
 2857      657200
 2858              	.LASF51:
 2859 052a 636F6E66 		.ascii	"configId\000"
 2859      69674964 
 2859      00
 2860              	.LASF70:
 2861 0533 70747232 		.ascii	"ptr2SnsRam\000"
 2861      536E7352 
 2861      616D00
 2862              	.LASF58:
 2863 053e 736E7353 		.ascii	"snsStatus\000"
 2863      74617475 
 2863      7300
 2864              	.LASF40:
 2865 0548 736E7343 		.ascii	"snsClkSource\000"
ARM GAS  C:\Users\Lenovo\AppData\Local\Temp\cc5ZOoAI.s 			page 69


 2865      6C6B536F 
 2865      75726365 
 2865      00
 2866              	.LASF77:
 2867 0555 78526573 		.ascii	"xResolution\000"
 2867      6F6C7574 
 2867      696F6E00 
 2868              	.LASF2:
 2869 0561 73686F72 		.ascii	"short int\000"
 2869      7420696E 
 2869      7400
 2870              	.LASF67:
 2871 056b 43617053 		.ascii	"CapSense_RAM_STRUCT\000"
 2871      656E7365 
 2871      5F52414D 
 2871      5F535452 
 2871      55435400 
 2872              	.LASF86:
 2873 057f 43617053 		.ascii	"CapSense_REGULAR_FLTR_STRUCT\000"
 2873      656E7365 
 2873      5F524547 
 2873      554C4152 
 2873      5F464C54 
 2874              	.LASF4:
 2875 059c 6C6F6E67 		.ascii	"long int\000"
 2875      20696E74 
 2875      00
 2876              	.LASF56:
 2877 05a5 77646774 		.ascii	"wdgtEnable\000"
 2877      456E6162 
 2877      6C6500
 2878              	.LASF112:
 2879 05b0 43617053 		.ascii	"CapSense_DsInitialize\000"
 2879      656E7365 
 2879      5F447349 
 2879      6E697469 
 2879      616C697A 
 2880              	.LASF47:
 2881 05c6 64696666 		.ascii	"diff\000"
 2881      00
 2882              	.LASF53:
 2883 05cb 74756E65 		.ascii	"tunerCmd\000"
 2883      72436D64 
 2883      00
 2884              	.LASF29:
 2885 05d4 43617053 		.ascii	"CapSense_SENSE_METHOD_CSX_E\000"
 2885      656E7365 
 2885      5F53454E 
 2885      53455F4D 
 2885      4554484F 
 2886              	.LASF20:
 2887 05f0 43617053 		.ascii	"CapSense_WD_BUTTON_E\000"
 2887      656E7365 
 2887      5F57445F 
 2887      42555454 
 2887      4F4E5F45 
 2888              	.LASF84:
ARM GAS  C:\Users\Lenovo\AppData\Local\Temp\cc5ZOoAI.s 			page 70


 2889 0605 43617053 		.ascii	"CapSense_REGULAR_FLTR_CHANNEL_STRUCT\000"
 2889      656E7365 
 2889      5F524547 
 2889      554C4152 
 2889      5F464C54 
 2890              	.LASF111:
 2891 062a 43617053 		.ascii	"CapSense_dsFlash\000"
 2891      656E7365 
 2891      5F647346 
 2891      6C617368 
 2891      00
 2892              	.LASF57:
 2893 063b 77646774 		.ascii	"wdgtStatus\000"
 2893      53746174 
 2893      757300
 2894              	.LASF42:
 2895 0646 43617053 		.ascii	"CapSense_RAM_WD_SLIDER_STRUCT\000"
 2895      656E7365 
 2895      5F52414D 
 2895      5F57445F 
 2895      534C4944 
 2896              	.LASF28:
 2897 0664 43617053 		.ascii	"CapSense_SENSE_METHOD_CSD_E\000"
 2897      656E7365 
 2897      5F53454E 
 2897      53455F4D 
 2897      4554484F 
 2898              	.LASF125:
 2899 0680 47656E65 		.ascii	"Generated_Source\\PSoC4\\CapSense_Control.c\000"
 2899      72617465 
 2899      645F536F 
 2899      75726365 
 2899      5C50536F 
 2900              	.LASF17:
 2901 06aa 73697A65 		.ascii	"sizetype\000"
 2901      74797065 
 2901      00
 2902              	.LASF5:
 2903 06b3 6C6F6E67 		.ascii	"long unsigned int\000"
 2903      20756E73 
 2903      69676E65 
 2903      6420696E 
 2903      7400
 2904              	.LASF38:
 2905 06c5 69646163 		.ascii	"idacMod\000"
 2905      4D6F6400 
 2906              	.LASF72:
 2907 06cd 70747232 		.ascii	"ptr2DebounceArr\000"
 2907      4465626F 
 2907      756E6365 
 2907      41727200 
 2908              	.LASF78:
 2909 06dd 7843656E 		.ascii	"xCentroidMultiplier\000"
 2909      74726F69 
 2909      644D756C 
 2909      7469706C 
 2909      69657200 
ARM GAS  C:\Users\Lenovo\AppData\Local\Temp\cc5ZOoAI.s 			page 71


 2910              	.LASF32:
 2911 06f1 66696E67 		.ascii	"fingerTh\000"
 2911      65725468 
 2911      00
 2912              	.LASF46:
 2913 06fa 62736C6E 		.ascii	"bslnExt\000"
 2913      45787400 
 2914              	.LASF79:
 2915 0702 70747232 		.ascii	"ptr2PosHistory\000"
 2915      506F7348 
 2915      6973746F 
 2915      727900
 2916              	.LASF15:
 2917 0711 63797374 		.ascii	"cystatus\000"
 2917      61747573 
 2917      00
 2918              	.LASF1:
 2919 071a 756E7369 		.ascii	"unsigned char\000"
 2919      676E6564 
 2919      20636861 
 2919      7200
 2920              	.LASF106:
 2921 0728 69735072 		.ascii	"isProxWdgt\000"
 2921      6F785764 
 2921      677400
 2922              	.LASF96:
 2923 0733 70747246 		.ascii	"ptrFlashWdgt\000"
 2923      6C617368 
 2923      57646774 
 2923      00
 2924              	.LASF73:
 2925 0740 73746174 		.ascii	"staticConfig\000"
 2925      6963436F 
 2925      6E666967 
 2925      00
 2926              	.LASF69:
 2927 074d 70747232 		.ascii	"ptr2WdgtRam\000"
 2927      57646774 
 2927      52616D00 
 2928              	.LASF18:
 2929 0759 43617053 		.ascii	"CapSense_THRESHOLD_TYPE\000"
 2929      656E7365 
 2929      5F544852 
 2929      4553484F 
 2929      4C445F54 
 2930              	.LASF30:
 2931 0771 43617053 		.ascii	"CapSense_SENSE_METHOD_BIST_E\000"
 2931      656E7365 
 2931      5F53454E 
 2931      53455F4D 
 2931      4554484F 
 2932              	.LASF43:
 2933 078e 6C696E65 		.ascii	"linearslider0\000"
 2933      6172736C 
 2933      69646572 
 2933      3000
 2934              	.LASF117:
ARM GAS  C:\Users\Lenovo\AppData\Local\Temp\cc5ZOoAI.s 			page 72


 2935 079c 43617053 		.ascii	"CapSense_ScanAllWidgets\000"
 2935      656E7365 
 2935      5F536361 
 2935      6E416C6C 
 2935      57696467 
 2936              	.LASF113:
 2937 07b4 43617053 		.ascii	"CapSense_TuInitialize\000"
 2937      656E7365 
 2937      5F547549 
 2937      6E697469 
 2937      616C697A 
 2938              	.LASF39:
 2939 07ca 736E7343 		.ascii	"snsClk\000"
 2939      6C6B00
 2940              	.LASF103:
 2941 07d1 70747253 		.ascii	"ptrSns\000"
 2941      6E7300
 2942              	.LASF0:
 2943 07d8 7369676E 		.ascii	"signed char\000"
 2943      65642063 
 2943      68617200 
 2944              	.LASF45:
 2945 07e4 62736C6E 		.ascii	"bsln\000"
 2945      00
 2946              	.LASF3:
 2947 07e9 73686F72 		.ascii	"short unsigned int\000"
 2947      7420756E 
 2947      7369676E 
 2947      65642069 
 2947      6E7400
 2948              	.LASF126:
 2949 07fc 443A5C55 		.ascii	"D:\\UCU\\POC\\PSoC_Projects_Embedded\\PSoC_LAB4\\la"
 2949      43555C50 
 2949      4F435C50 
 2949      536F435F 
 2949      50726F6A 
 2950 082a 62362D70 		.ascii	"b6-psoc-3-shevchuk-lykhanskyi\\Lab_4_1_BLE_Automati"
 2950      736F632D 
 2950      332D7368 
 2950      65766368 
 2950      756B2D6C 
 2951 085c 6F6E5F49 		.ascii	"on_IO.cydsn\000"
 2951      4F2E6379 
 2951      64736E00 
 2952              	.LASF68:
 2953 0868 70747232 		.ascii	"ptr2SnsFlash\000"
 2953      536E7346 
 2953      6C617368 
 2953      00
 2954              	.LASF83:
 2955 0875 6E6F7455 		.ascii	"notUsed\000"
 2955      73656400 
 2956              	.LASF9:
 2957 087d 75696E74 		.ascii	"uint8\000"
 2957      3800
 2958              	.LASF13:
 2959 0883 646F7562 		.ascii	"double\000"
ARM GAS  C:\Users\Lenovo\AppData\Local\Temp\cc5ZOoAI.s 			page 73


 2959      6C6500
 2960              	.LASF48:
 2961 088a 6E656742 		.ascii	"negBslnRstCnt\000"
 2961      736C6E52 
 2961      7374436E 
 2961      7400
 2962              	.LASF115:
 2963 0898 43617053 		.ascii	"CapSense_SsInitialize\000"
 2963      656E7365 
 2963      5F537349 
 2963      6E697469 
 2963      616C697A 
 2964              	.LASF52:
 2965 08ae 64657669 		.ascii	"deviceId\000"
 2965      63654964 
 2965      00
 2966              	.LASF99:
 2967 08b7 77696467 		.ascii	"widgetId\000"
 2967      65744964 
 2967      00
 2968              	.LASF41:
 2969 08c0 706F7369 		.ascii	"position\000"
 2969      74696F6E 
 2969      00
 2970              	.LASF50:
 2971 08c9 43617053 		.ascii	"CapSense_RAM_SNS_LIST_STRUCT\000"
 2971      656E7365 
 2971      5F52414D 
 2971      5F534E53 
 2971      5F4C4953 
 2972              	.LASF81:
 2973 08e6 77646774 		.ascii	"wdgtArray\000"
 2973      41727261 
 2973      7900
 2974              		.ident	"GCC: (GNU Tools for ARM Embedded Processors) 5.4.1 20160609 (release) [ARM/embedded-5-bran
