ARM GAS  C:\Users\Lenovo\AppData\Local\Temp\ccNkNELR.s 			page 1


   1              		.syntax unified
   2              		.cpu cortex-m0
   3              		.fpu softvfp
   4              		.eabi_attribute 20, 1
   5              		.eabi_attribute 21, 1
   6              		.eabi_attribute 23, 3
   7              		.eabi_attribute 24, 1
   8              		.eabi_attribute 25, 1
   9              		.eabi_attribute 26, 1
  10              		.eabi_attribute 30, 1
  11              		.eabi_attribute 34, 0
  12              		.eabi_attribute 18, 4
  13              		.thumb
  14              		.syntax unified
  15              		.file	"CapSense_Processing.c"
  16              		.text
  17              	.Ltext0:
  18              		.cfi_sections	.debug_frame
  19              		.section	.text.CapSense_DpInitialize,"ax",%progbits
  20              		.align	2
  21              		.global	CapSense_DpInitialize
  22              		.code	16
  23              		.thumb_func
  24              		.type	CapSense_DpInitialize, %function
  25              	CapSense_DpInitialize:
  26              	.LFB3:
  27              		.file 1 "Generated_Source\\PSoC4\\CapSense_Processing.c"
   1:Generated_Source\PSoC4/CapSense_Processing.c **** /***************************************************************************//**
   2:Generated_Source\PSoC4/CapSense_Processing.c **** * \file CapSense_Processing.c
   3:Generated_Source\PSoC4/CapSense_Processing.c **** * \version 4.0
   4:Generated_Source\PSoC4/CapSense_Processing.c **** *
   5:Generated_Source\PSoC4/CapSense_Processing.c **** * \brief
   6:Generated_Source\PSoC4/CapSense_Processing.c **** * This file provides the source code for the Data Processing module APIs
   7:Generated_Source\PSoC4/CapSense_Processing.c **** * of the component. The Data Processing module is responsible for the
   8:Generated_Source\PSoC4/CapSense_Processing.c **** * low level raw counts processing provided by the sensing module, maintaining
   9:Generated_Source\PSoC4/CapSense_Processing.c **** * baseline and difference values and performing high-level widget processing
  10:Generated_Source\PSoC4/CapSense_Processing.c **** * like updating button status or calculating slider position.
  11:Generated_Source\PSoC4/CapSense_Processing.c **** *
  12:Generated_Source\PSoC4/CapSense_Processing.c **** * \see CapSense P4 v4.0 Datasheet
  13:Generated_Source\PSoC4/CapSense_Processing.c **** *
  14:Generated_Source\PSoC4/CapSense_Processing.c **** *//*****************************************************************************
  15:Generated_Source\PSoC4/CapSense_Processing.c **** * Copyright (2016-2017), Cypress Semiconductor Corporation.
  16:Generated_Source\PSoC4/CapSense_Processing.c **** ********************************************************************************
  17:Generated_Source\PSoC4/CapSense_Processing.c **** * This software is owned by Cypress Semiconductor Corporation (Cypress) and is
  18:Generated_Source\PSoC4/CapSense_Processing.c **** * protected by and subject to worldwide patent protection (United States and
  19:Generated_Source\PSoC4/CapSense_Processing.c **** * foreign), United States copyright laws and international treaty provisions.
  20:Generated_Source\PSoC4/CapSense_Processing.c **** * Cypress hereby grants to licensee a personal, non-exclusive, non-transferable
  21:Generated_Source\PSoC4/CapSense_Processing.c **** * license to copy, use, modify, create derivative works of, and compile the
  22:Generated_Source\PSoC4/CapSense_Processing.c **** * Cypress Source Code and derivative works for the sole purpose of creating
  23:Generated_Source\PSoC4/CapSense_Processing.c **** * custom software in support of licensee product to be used only in conjunction
  24:Generated_Source\PSoC4/CapSense_Processing.c **** * with a Cypress integrated circuit as specified in the applicable agreement.
  25:Generated_Source\PSoC4/CapSense_Processing.c **** * Any reproduction, modification, translation, compilation, or representation of
  26:Generated_Source\PSoC4/CapSense_Processing.c **** * this software except as specified above is prohibited without the express
  27:Generated_Source\PSoC4/CapSense_Processing.c **** * written permission of Cypress.
  28:Generated_Source\PSoC4/CapSense_Processing.c **** *
  29:Generated_Source\PSoC4/CapSense_Processing.c **** * Disclaimer: CYPRESS MAKES NO WARRANTY OF ANY KIND, EXPRESS OR IMPLIED, WITH
  30:Generated_Source\PSoC4/CapSense_Processing.c **** * REGARD TO THIS MATERIAL, INCLUDING, BUT NOT LIMITED TO, THE IMPLIED
ARM GAS  C:\Users\Lenovo\AppData\Local\Temp\ccNkNELR.s 			page 2


  31:Generated_Source\PSoC4/CapSense_Processing.c **** * WARRANTIES OF MERCHANTABILITY AND FITNESS FOR A PARTICULAR PURPOSE.
  32:Generated_Source\PSoC4/CapSense_Processing.c **** * Cypress reserves the right to make changes without further notice to the
  33:Generated_Source\PSoC4/CapSense_Processing.c **** * materials described herein. Cypress does not assume any liability arising out
  34:Generated_Source\PSoC4/CapSense_Processing.c **** * of the application or use of any product or circuit described herein. Cypress
  35:Generated_Source\PSoC4/CapSense_Processing.c **** * does not authorize its products for use as critical components in life-support
  36:Generated_Source\PSoC4/CapSense_Processing.c **** * systems where a malfunction or failure may reasonably be expected to result in
  37:Generated_Source\PSoC4/CapSense_Processing.c **** * significant injury to the user. The inclusion of Cypress' product in a life-
  38:Generated_Source\PSoC4/CapSense_Processing.c **** * support systems application implies that the manufacturer assumes all risk of
  39:Generated_Source\PSoC4/CapSense_Processing.c **** * such use and in doing so indemnifies Cypress against all charges. Use may be
  40:Generated_Source\PSoC4/CapSense_Processing.c **** * limited by and subject to the applicable Cypress software license agreement.
  41:Generated_Source\PSoC4/CapSense_Processing.c **** *******************************************************************************/
  42:Generated_Source\PSoC4/CapSense_Processing.c **** 
  43:Generated_Source\PSoC4/CapSense_Processing.c **** #include "cytypes.h"
  44:Generated_Source\PSoC4/CapSense_Processing.c **** #include "CapSense_Configuration.h"
  45:Generated_Source\PSoC4/CapSense_Processing.c **** #include "CapSense_Processing.h"
  46:Generated_Source\PSoC4/CapSense_Processing.c **** #include "CapSense_Filter.h"
  47:Generated_Source\PSoC4/CapSense_Processing.c **** 
  48:Generated_Source\PSoC4/CapSense_Processing.c **** #if (0u != CapSense_CENTROID_EN)
  49:Generated_Source\PSoC4/CapSense_Processing.c ****     #include "CapSense_Centroid_LL.h"
  50:Generated_Source\PSoC4/CapSense_Processing.c **** #endif /* (0 != CapSense_CENTROID_EN) */
  51:Generated_Source\PSoC4/CapSense_Processing.c **** 
  52:Generated_Source\PSoC4/CapSense_Processing.c **** #if (0 != (CapSense_CSD_AUTOTUNE & CapSense_CSD_SS_TH_EN))
  53:Generated_Source\PSoC4/CapSense_Processing.c ****     #include "CapSense_SmartSense_LL.h"
  54:Generated_Source\PSoC4/CapSense_Processing.c **** #endif /* (0 != (CapSense_CSD_AUTOTUNE & CapSense_CSD_SS_TH_EN)) */
  55:Generated_Source\PSoC4/CapSense_Processing.c **** 
  56:Generated_Source\PSoC4/CapSense_Processing.c **** #if (CapSense_ENABLE == CapSense_SELF_TEST_EN)
  57:Generated_Source\PSoC4/CapSense_Processing.c ****     #include "CapSense_SelfTest.h"
  58:Generated_Source\PSoC4/CapSense_Processing.c **** #endif
  59:Generated_Source\PSoC4/CapSense_Processing.c **** 
  60:Generated_Source\PSoC4/CapSense_Processing.c **** #include "CyLib.h"
  61:Generated_Source\PSoC4/CapSense_Processing.c **** 
  62:Generated_Source\PSoC4/CapSense_Processing.c **** /**************************************************************************************************
  63:Generated_Source\PSoC4/CapSense_Processing.c **** * Local definition
  64:Generated_Source\PSoC4/CapSense_Processing.c **** ***************************************************************************************************
  65:Generated_Source\PSoC4/CapSense_Processing.c **** 
  66:Generated_Source\PSoC4/CapSense_Processing.c **** /* This definition resolves to TRUE if any of the FW filters for raw counts are enabled */
  67:Generated_Source\PSoC4/CapSense_Processing.c **** #define DP_FW_FILTER_EN                                 \
  68:Generated_Source\PSoC4/CapSense_Processing.c ****             (CapSense_REGULAR_RC_FILTER_EN |  \
  69:Generated_Source\PSoC4/CapSense_Processing.c ****              CapSense_PROX_RC_FILTER_EN)
  70:Generated_Source\PSoC4/CapSense_Processing.c **** 
  71:Generated_Source\PSoC4/CapSense_Processing.c **** /* This definition resolves to TRUE if any of the position filters are enabled */
  72:Generated_Source\PSoC4/CapSense_Processing.c **** #define DP_POSITION_FILTER_EN                           \
  73:Generated_Source\PSoC4/CapSense_Processing.c ****             (CapSense_POS_IIR_FILTER_EN      || \
  74:Generated_Source\PSoC4/CapSense_Processing.c ****              CapSense_POS_MEDIAN_FILTER_EN   || \
  75:Generated_Source\PSoC4/CapSense_Processing.c ****              CapSense_POS_AVERAGE_FILTER_EN  || \
  76:Generated_Source\PSoC4/CapSense_Processing.c ****              CapSense_POS_JITTER_FILTER_EN)
  77:Generated_Source\PSoC4/CapSense_Processing.c **** 
  78:Generated_Source\PSoC4/CapSense_Processing.c **** /* This definition resolves to TRUE if any of position filters are enabled and component has slider
  79:Generated_Source\PSoC4/CapSense_Processing.c ****  * The processing function of the CSD touchpad reuses the filtering function of the slider widget. 
  80:Generated_Source\PSoC4/CapSense_Processing.c **** #define DP_LINEAR_SLIDER_FILTER_EN                                             \
  81:Generated_Source\PSoC4/CapSense_Processing.c ****            (DP_POSITION_FILTER_EN && (CapSense_TOTAL_LINEAR_SLIDERS || \
  82:Generated_Source\PSoC4/CapSense_Processing.c ****                                       CapSense_CSD_TOUCHPAD_WIDGET_EN))
  83:Generated_Source\PSoC4/CapSense_Processing.c **** 
  84:Generated_Source\PSoC4/CapSense_Processing.c **** /* UINT32 constant with all odd bits set. It is used by the processing function of the Proximity wi
  85:Generated_Source\PSoC4/CapSense_Processing.c **** *  determine type of the status bit: odd bits report proximity status; even bits report touch statu
  86:Generated_Source\PSoC4/CapSense_Processing.c ****  */
  87:Generated_Source\PSoC4/CapSense_Processing.c **** #define UINT32_ODD_BITS_CONST       (0x55555555u)
ARM GAS  C:\Users\Lenovo\AppData\Local\Temp\ccNkNELR.s 			page 3


  88:Generated_Source\PSoC4/CapSense_Processing.c **** 
  89:Generated_Source\PSoC4/CapSense_Processing.c **** /* Default value for the Off Debounce counter when the Off Debounce is disabled */
  90:Generated_Source\PSoC4/CapSense_Processing.c **** #define DEFAULT_OFF_DEBOUNCE_VALUE  (1u)
  91:Generated_Source\PSoC4/CapSense_Processing.c **** #define PERCENTAGE_100              (0x00000064Lu)
  92:Generated_Source\PSoC4/CapSense_Processing.c **** #define TEMP_BUFFER_MSB_SHIFT       (16)
  93:Generated_Source\PSoC4/CapSense_Processing.c **** 
  94:Generated_Source\PSoC4/CapSense_Processing.c **** /**************************************************************************************************
  95:Generated_Source\PSoC4/CapSense_Processing.c **** * Local variables
  96:Generated_Source\PSoC4/CapSense_Processing.c **** ***************************************************************************************************
  97:Generated_Source\PSoC4/CapSense_Processing.c **** #if (0u != CapSense_CSX_MULTIPHASE_TX_EN)
  98:Generated_Source\PSoC4/CapSense_Processing.c ****     static uint16 deconvRowData[CapSense_CSX_MAX_TX_PHASE_LENGTH];
  99:Generated_Source\PSoC4/CapSense_Processing.c **** #endif
 100:Generated_Source\PSoC4/CapSense_Processing.c **** 
 101:Generated_Source\PSoC4/CapSense_Processing.c **** 
 102:Generated_Source\PSoC4/CapSense_Processing.c **** /**************************************************************************************************
 103:Generated_Source\PSoC4/CapSense_Processing.c **** * Static Function Prototypes
 104:Generated_Source\PSoC4/CapSense_Processing.c **** ***************************************************************************************************
 105:Generated_Source\PSoC4/CapSense_Processing.c **** /**
 106:Generated_Source\PSoC4/CapSense_Processing.c **** * \if SECTION_CAPSENSE_INTERNAL
 107:Generated_Source\PSoC4/CapSense_Processing.c **** * \addtogroup group_capsense_internal
 108:Generated_Source\PSoC4/CapSense_Processing.c **** * \{
 109:Generated_Source\PSoC4/CapSense_Processing.c **** */
 110:Generated_Source\PSoC4/CapSense_Processing.c **** #if (0u != CapSense_TOTAL_LINEAR_SLIDERS)
 111:Generated_Source\PSoC4/CapSense_Processing.c ****     static CY_INLINE void DpUpdateLinSlider(
 112:Generated_Source\PSoC4/CapSense_Processing.c ****                         const uint16 newPos[], uint32 numTouches,
 113:Generated_Source\PSoC4/CapSense_Processing.c ****                         CapSense_FLASH_WD_STRUCT const *ptrFlashWdgt,
 114:Generated_Source\PSoC4/CapSense_Processing.c ****                         CapSense_RAM_WD_SLIDER_STRUCT *ptrRamWdgt);
 115:Generated_Source\PSoC4/CapSense_Processing.c **** #endif /* #if (0u != CapSense_TOTAL_LINEAR_SLIDERS) */
 116:Generated_Source\PSoC4/CapSense_Processing.c **** 
 117:Generated_Source\PSoC4/CapSense_Processing.c **** #if (0u != DP_LINEAR_SLIDER_FILTER_EN)
 118:Generated_Source\PSoC4/CapSense_Processing.c ****     static CY_INLINE void DpFilterLinSlider(
 119:Generated_Source\PSoC4/CapSense_Processing.c ****                         uint16 newPos, uint32 staticConfig, uint16 *ptrCurrPos,
 120:Generated_Source\PSoC4/CapSense_Processing.c ****                         CapSense_SLIDER_POS_HISTORY_STRUCT *ptrHistory);
 121:Generated_Source\PSoC4/CapSense_Processing.c **** #endif /* #if (0u != DP_LINEAR_SLIDER_FILTER_EN) */
 122:Generated_Source\PSoC4/CapSense_Processing.c **** 
 123:Generated_Source\PSoC4/CapSense_Processing.c **** #if (0u != CapSense_TOTAL_RADIAL_SLIDERS)
 124:Generated_Source\PSoC4/CapSense_Processing.c ****     static CY_INLINE void DpUpdateRadSlider(
 125:Generated_Source\PSoC4/CapSense_Processing.c ****                         const uint16 newPos[], uint32 numTouches,
 126:Generated_Source\PSoC4/CapSense_Processing.c ****                         CapSense_FLASH_WD_STRUCT const * ptrFlashWdgt,
 127:Generated_Source\PSoC4/CapSense_Processing.c ****                         CapSense_RAM_WD_SLIDER_STRUCT *ptrRamWdgt);
 128:Generated_Source\PSoC4/CapSense_Processing.c **** #endif /* #if (0u != CapSense_TOTAL_RADIAL_SLIDERS) */
 129:Generated_Source\PSoC4/CapSense_Processing.c **** 
 130:Generated_Source\PSoC4/CapSense_Processing.c **** #if (0u != CapSense_CSD_TOUCHPAD_WIDGET_EN)
 131:Generated_Source\PSoC4/CapSense_Processing.c ****     static CY_INLINE void CapSense_DpInitCsdTouchpad(CapSense_FLASH_WD_STRUCT const * ptrFlashWdgt)
 132:Generated_Source\PSoC4/CapSense_Processing.c **** #endif /* #if (0u != CapSense_CSD_TOUCHPAD_WIDGET_EN) */
 133:Generated_Source\PSoC4/CapSense_Processing.c **** 
 134:Generated_Source\PSoC4/CapSense_Processing.c **** #if (0u != CapSense_CSX_TOUCHPAD_WIDGET_EN)
 135:Generated_Source\PSoC4/CapSense_Processing.c ****     static CY_INLINE void CapSense_DpInitCsxTouchpad(CapSense_FLASH_WD_STRUCT const * ptrFlashWdgt)
 136:Generated_Source\PSoC4/CapSense_Processing.c **** #endif /* #if (0u != CapSense_CSX_TOUCHPAD_WIDGET_EN) */
 137:Generated_Source\PSoC4/CapSense_Processing.c **** 
 138:Generated_Source\PSoC4/CapSense_Processing.c **** #if (0u != CapSense_SLIDER_WIDGET_EN)
 139:Generated_Source\PSoC4/CapSense_Processing.c ****     static CY_INLINE void CapSense_DpInitSlider(CapSense_FLASH_WD_STRUCT const * ptrFlashWdgt);
 140:Generated_Source\PSoC4/CapSense_Processing.c **** #endif /* #if (0u != CapSense_SLIDER_WIDGET_EN) */
 141:Generated_Source\PSoC4/CapSense_Processing.c **** 
 142:Generated_Source\PSoC4/CapSense_Processing.c **** #if (0u != CapSense_CSD_MATRIX_WIDGET_EN)
 143:Generated_Source\PSoC4/CapSense_Processing.c ****     static CY_INLINE void CapSense_DpInitCsdMatrix(CapSense_FLASH_WD_STRUCT const * ptrFlashWdgt);
 144:Generated_Source\PSoC4/CapSense_Processing.c **** #endif /* #if (0u != CapSense_CSD_MATRIX_WIDGET_EN) */
ARM GAS  C:\Users\Lenovo\AppData\Local\Temp\ccNkNELR.s 			page 4


 145:Generated_Source\PSoC4/CapSense_Processing.c **** 
 146:Generated_Source\PSoC4/CapSense_Processing.c **** /** \}
 147:Generated_Source\PSoC4/CapSense_Processing.c **** * \endif */
 148:Generated_Source\PSoC4/CapSense_Processing.c **** 
 149:Generated_Source\PSoC4/CapSense_Processing.c **** #if (0u != CapSense_CSD_TOUCHPAD_WIDGET_EN)
 150:Generated_Source\PSoC4/CapSense_Processing.c **** /*******************************************************************************
 151:Generated_Source\PSoC4/CapSense_Processing.c **** * Function Name: CapSense_DpInitCsdTouchpad
 152:Generated_Source\PSoC4/CapSense_Processing.c **** ****************************************************************************//**
 153:Generated_Source\PSoC4/CapSense_Processing.c **** *
 154:Generated_Source\PSoC4/CapSense_Processing.c **** * \brief
 155:Generated_Source\PSoC4/CapSense_Processing.c **** *  Performs initialization of the CSD touchpad widget.
 156:Generated_Source\PSoC4/CapSense_Processing.c **** *   - Resets the position data to NONE
 157:Generated_Source\PSoC4/CapSense_Processing.c **** *   - Initializes the median filter history if the appropriate position filter is enabled.
 158:Generated_Source\PSoC4/CapSense_Processing.c **** *
 159:Generated_Source\PSoC4/CapSense_Processing.c **** * \details
 160:Generated_Source\PSoC4/CapSense_Processing.c **** *  The position data is always reset to the CapSense_TOUCHPAD_POS_NONE value.
 161:Generated_Source\PSoC4/CapSense_Processing.c **** *  The same happens to the median filter history data if this type of filter is enabled.
 162:Generated_Source\PSoC4/CapSense_Processing.c **** *
 163:Generated_Source\PSoC4/CapSense_Processing.c **** *******************************************************************************/
 164:Generated_Source\PSoC4/CapSense_Processing.c **** static CY_INLINE void CapSense_DpInitCsdTouchpad(CapSense_FLASH_WD_STRUCT const * ptrFlashWdgt)
 165:Generated_Source\PSoC4/CapSense_Processing.c **** {
 166:Generated_Source\PSoC4/CapSense_Processing.c ****     CapSense_RAM_WD_CSD_TOUCHPAD_STRUCT *ptrWdTouchpad;
 167:Generated_Source\PSoC4/CapSense_Processing.c **** 
 168:Generated_Source\PSoC4/CapSense_Processing.c ****     #if (0u != CapSense_POS_MEDIAN_FILTER_EN)
 169:Generated_Source\PSoC4/CapSense_Processing.c ****         CapSense_TOUCHPAD_POS_HISTORY_STRUCT *ptrHistory;
 170:Generated_Source\PSoC4/CapSense_Processing.c ****     #endif  /* #if (0u != CapSense_POS_MEDIAN_FILTER_EN) */
 171:Generated_Source\PSoC4/CapSense_Processing.c **** 
 172:Generated_Source\PSoC4/CapSense_Processing.c ****     ptrWdTouchpad = ptrFlashWdgt->ptr2WdgtRam;
 173:Generated_Source\PSoC4/CapSense_Processing.c **** 
 174:Generated_Source\PSoC4/CapSense_Processing.c ****     /* Reset position data */
 175:Generated_Source\PSoC4/CapSense_Processing.c ****     ptrWdTouchpad->posX = CapSense_TOUCHPAD_POS_NONE;
 176:Generated_Source\PSoC4/CapSense_Processing.c ****     ptrWdTouchpad->posY = CapSense_TOUCHPAD_POS_NONE;
 177:Generated_Source\PSoC4/CapSense_Processing.c **** 
 178:Generated_Source\PSoC4/CapSense_Processing.c ****     /* Reset median filter */
 179:Generated_Source\PSoC4/CapSense_Processing.c ****     #if (0u != CapSense_POS_MEDIAN_FILTER_EN)
 180:Generated_Source\PSoC4/CapSense_Processing.c ****         ptrHistory = ptrFlashWdgt->ptr2PosHistory;
 181:Generated_Source\PSoC4/CapSense_Processing.c **** 
 182:Generated_Source\PSoC4/CapSense_Processing.c ****         if (NULL != ptrHistory)
 183:Generated_Source\PSoC4/CapSense_Processing.c ****         {
 184:Generated_Source\PSoC4/CapSense_Processing.c ****             ptrHistory->xPos.posMedianZ1 = CapSense_TOUCHPAD_POS_NONE;
 185:Generated_Source\PSoC4/CapSense_Processing.c ****             ptrHistory->xPos.posMedianZ2 = CapSense_TOUCHPAD_POS_NONE;
 186:Generated_Source\PSoC4/CapSense_Processing.c **** 
 187:Generated_Source\PSoC4/CapSense_Processing.c ****             ptrHistory->yPos.posMedianZ1 = CapSense_TOUCHPAD_POS_NONE;
 188:Generated_Source\PSoC4/CapSense_Processing.c ****             ptrHistory->yPos.posMedianZ2 = CapSense_TOUCHPAD_POS_NONE;
 189:Generated_Source\PSoC4/CapSense_Processing.c ****         }
 190:Generated_Source\PSoC4/CapSense_Processing.c ****     #endif /* #if (0u != CapSense_POS_MEDIAN_FILTER_EN) */
 191:Generated_Source\PSoC4/CapSense_Processing.c **** }
 192:Generated_Source\PSoC4/CapSense_Processing.c **** #endif /* #if (0u != CapSense_CSD_TOUCHPAD_WIDGET_EN) */
 193:Generated_Source\PSoC4/CapSense_Processing.c **** 
 194:Generated_Source\PSoC4/CapSense_Processing.c **** #if (0u != CapSense_CSX_TOUCHPAD_WIDGET_EN)
 195:Generated_Source\PSoC4/CapSense_Processing.c **** /*******************************************************************************
 196:Generated_Source\PSoC4/CapSense_Processing.c **** * Function Name: CapSense_DpInitCsxTouchpad
 197:Generated_Source\PSoC4/CapSense_Processing.c **** ****************************************************************************//**
 198:Generated_Source\PSoC4/CapSense_Processing.c **** *
 199:Generated_Source\PSoC4/CapSense_Processing.c **** * \brief
 200:Generated_Source\PSoC4/CapSense_Processing.c **** *  Performs initialization of the CSX touchpad widget i.e. Resets the position data to NONE.
 201:Generated_Source\PSoC4/CapSense_Processing.c **** *
ARM GAS  C:\Users\Lenovo\AppData\Local\Temp\ccNkNELR.s 			page 5


 202:Generated_Source\PSoC4/CapSense_Processing.c **** * \details
 203:Generated_Source\PSoC4/CapSense_Processing.c **** *  The position data is always reset to the CapSense_TOUCHPAD_POS_NONE value.
 204:Generated_Source\PSoC4/CapSense_Processing.c **** *
 205:Generated_Source\PSoC4/CapSense_Processing.c **** *******************************************************************************/
 206:Generated_Source\PSoC4/CapSense_Processing.c **** static CY_INLINE void CapSense_DpInitCsxTouchpad(CapSense_FLASH_WD_STRUCT const * ptrFlashWdgt)
 207:Generated_Source\PSoC4/CapSense_Processing.c **** {
 208:Generated_Source\PSoC4/CapSense_Processing.c ****     CapSense_RAM_WD_CSX_TOUCHPAD_STRUCT *ptrWdTouchpad;
 209:Generated_Source\PSoC4/CapSense_Processing.c **** 
 210:Generated_Source\PSoC4/CapSense_Processing.c ****     ptrWdTouchpad = ptrFlashWdgt->ptr2WdgtRam;
 211:Generated_Source\PSoC4/CapSense_Processing.c **** 
 212:Generated_Source\PSoC4/CapSense_Processing.c ****     /* Reset position data for finger */
 213:Generated_Source\PSoC4/CapSense_Processing.c ****     ptrWdTouchpad->touch[0u].x = CapSense_TOUCHPAD_POS_NONE;
 214:Generated_Source\PSoC4/CapSense_Processing.c ****     ptrWdTouchpad->touch[0u].y = CapSense_TOUCHPAD_POS_NONE;
 215:Generated_Source\PSoC4/CapSense_Processing.c ****     ptrWdTouchpad->touch[0u].z = LO8(CapSense_TOUCHPAD_POS_NONE);
 216:Generated_Source\PSoC4/CapSense_Processing.c **** 
 217:Generated_Source\PSoC4/CapSense_Processing.c ****     #if (CapSense_CSX_MAX_FINGERS > 1u)
 218:Generated_Source\PSoC4/CapSense_Processing.c ****         ptrWdTouchpad->touch[1u].x = CapSense_TOUCHPAD_POS_NONE;
 219:Generated_Source\PSoC4/CapSense_Processing.c ****         ptrWdTouchpad->touch[1u].y = CapSense_TOUCHPAD_POS_NONE;
 220:Generated_Source\PSoC4/CapSense_Processing.c ****         ptrWdTouchpad->touch[1u].z = LO8(CapSense_TOUCHPAD_POS_NONE);
 221:Generated_Source\PSoC4/CapSense_Processing.c ****     #endif /* #if (CapSense_CSX_MAX_FINGERS > 1u) */
 222:Generated_Source\PSoC4/CapSense_Processing.c **** 
 223:Generated_Source\PSoC4/CapSense_Processing.c ****     #if (CapSense_CSX_MAX_FINGERS > 2u)
 224:Generated_Source\PSoC4/CapSense_Processing.c ****         ptrWdTouchpad->touch[2u].x = CapSense_TOUCHPAD_POS_NONE;
 225:Generated_Source\PSoC4/CapSense_Processing.c ****         ptrWdTouchpad->touch[2u].y = CapSense_TOUCHPAD_POS_NONE;
 226:Generated_Source\PSoC4/CapSense_Processing.c ****         ptrWdTouchpad->touch[2u].z = LO8(CapSense_TOUCHPAD_POS_NONE);
 227:Generated_Source\PSoC4/CapSense_Processing.c ****     #endif /* #if (CapSense_CSX_MAX_FINGERS > 2u) */
 228:Generated_Source\PSoC4/CapSense_Processing.c **** }
 229:Generated_Source\PSoC4/CapSense_Processing.c **** #endif /* #if (0u != CapSense_CSX_TOUCHPAD_WIDGET_EN) */
 230:Generated_Source\PSoC4/CapSense_Processing.c **** 
 231:Generated_Source\PSoC4/CapSense_Processing.c **** #if (0u != CapSense_SLIDER_WIDGET_EN)
 232:Generated_Source\PSoC4/CapSense_Processing.c **** /*******************************************************************************
 233:Generated_Source\PSoC4/CapSense_Processing.c **** * Function Name: CapSense_DpInitSlider
 234:Generated_Source\PSoC4/CapSense_Processing.c **** ****************************************************************************//**
 235:Generated_Source\PSoC4/CapSense_Processing.c **** *
 236:Generated_Source\PSoC4/CapSense_Processing.c **** * \brief
 237:Generated_Source\PSoC4/CapSense_Processing.c **** *  Performs initialization of the Radial and Linear Slider widget.
 238:Generated_Source\PSoC4/CapSense_Processing.c **** *   - Resets the position data to NONE
 239:Generated_Source\PSoC4/CapSense_Processing.c **** *   - Initializes the median filter history to NONE if it is enabled.
 240:Generated_Source\PSoC4/CapSense_Processing.c **** *
 241:Generated_Source\PSoC4/CapSense_Processing.c **** * \details
 242:Generated_Source\PSoC4/CapSense_Processing.c **** *  Position data is always reset to the CapSense_SLIDER_POS_NONE value.
 243:Generated_Source\PSoC4/CapSense_Processing.c **** *  The same happens to the median filter history data.
 244:Generated_Source\PSoC4/CapSense_Processing.c **** *
 245:Generated_Source\PSoC4/CapSense_Processing.c **** *******************************************************************************/
 246:Generated_Source\PSoC4/CapSense_Processing.c **** static CY_INLINE void CapSense_DpInitSlider(CapSense_FLASH_WD_STRUCT const * ptrFlashWdgt)
 247:Generated_Source\PSoC4/CapSense_Processing.c **** {
 248:Generated_Source\PSoC4/CapSense_Processing.c ****     uint32 idx;
 249:Generated_Source\PSoC4/CapSense_Processing.c ****     CapSense_RAM_WD_SLIDER_STRUCT *ptrWdSlider;
 250:Generated_Source\PSoC4/CapSense_Processing.c **** 
 251:Generated_Source\PSoC4/CapSense_Processing.c ****     #if (0u != CapSense_POS_MEDIAN_FILTER_EN)
 252:Generated_Source\PSoC4/CapSense_Processing.c ****         CapSense_SLIDER_POS_HISTORY_STRUCT *ptrHistory;
 253:Generated_Source\PSoC4/CapSense_Processing.c ****     #endif /* #if (0u != CapSense_POS_MEDIAN_FILTER_EN) */
 254:Generated_Source\PSoC4/CapSense_Processing.c **** 
 255:Generated_Source\PSoC4/CapSense_Processing.c ****     ptrWdSlider = ptrFlashWdgt->ptr2WdgtRam;
 256:Generated_Source\PSoC4/CapSense_Processing.c **** 
 257:Generated_Source\PSoC4/CapSense_Processing.c ****     /* Reset slider position data to NONE */
 258:Generated_Source\PSoC4/CapSense_Processing.c ****     for (idx = 0u; idx < CapSense_NUM_CENTROIDS; idx++)
ARM GAS  C:\Users\Lenovo\AppData\Local\Temp\ccNkNELR.s 			page 6


 259:Generated_Source\PSoC4/CapSense_Processing.c ****     {
 260:Generated_Source\PSoC4/CapSense_Processing.c ****         ptrWdSlider->position[idx] = CapSense_SLIDER_POS_NONE;
 261:Generated_Source\PSoC4/CapSense_Processing.c **** 
 262:Generated_Source\PSoC4/CapSense_Processing.c ****         #if (0u != CapSense_POS_MEDIAN_FILTER_EN)
 263:Generated_Source\PSoC4/CapSense_Processing.c ****             ptrHistory = ptrFlashWdgt->ptr2PosHistory;
 264:Generated_Source\PSoC4/CapSense_Processing.c ****             
 265:Generated_Source\PSoC4/CapSense_Processing.c ****             if (NULL != ptrHistory)
 266:Generated_Source\PSoC4/CapSense_Processing.c ****             {
 267:Generated_Source\PSoC4/CapSense_Processing.c ****                 ptrHistory[idx].posMedianZ1 = CapSense_SLIDER_POS_NONE;
 268:Generated_Source\PSoC4/CapSense_Processing.c ****                 ptrHistory[idx].posMedianZ2 = CapSense_SLIDER_POS_NONE;
 269:Generated_Source\PSoC4/CapSense_Processing.c ****             }
 270:Generated_Source\PSoC4/CapSense_Processing.c ****         #endif /* #if (0u != CapSense_POS_MEDIAN_FILTER_EN) */
 271:Generated_Source\PSoC4/CapSense_Processing.c ****     }
 272:Generated_Source\PSoC4/CapSense_Processing.c **** }
 273:Generated_Source\PSoC4/CapSense_Processing.c **** #endif /* #if (0u != CapSense_SLIDER_WIDGET_EN) */
 274:Generated_Source\PSoC4/CapSense_Processing.c **** 
 275:Generated_Source\PSoC4/CapSense_Processing.c **** #if (0u != CapSense_CSD_MATRIX_WIDGET_EN)
 276:Generated_Source\PSoC4/CapSense_Processing.c **** /*******************************************************************************
 277:Generated_Source\PSoC4/CapSense_Processing.c **** * Function Name: CapSense_DpInitCsdMatrix
 278:Generated_Source\PSoC4/CapSense_Processing.c **** ****************************************************************************//**
 279:Generated_Source\PSoC4/CapSense_Processing.c **** *
 280:Generated_Source\PSoC4/CapSense_Processing.c **** * \brief
 281:Generated_Source\PSoC4/CapSense_Processing.c **** *  Performs initialization of the CSD Matrix Buttons widget.
 282:Generated_Source\PSoC4/CapSense_Processing.c **** *   - Resets the active button position data to NONE.
 283:Generated_Source\PSoC4/CapSense_Processing.c **** *
 284:Generated_Source\PSoC4/CapSense_Processing.c **** * \details
 285:Generated_Source\PSoC4/CapSense_Processing.c **** *  Position data is always reset to the CapSense_MATRIX_POS_NONE value.
 286:Generated_Source\PSoC4/CapSense_Processing.c **** *
 287:Generated_Source\PSoC4/CapSense_Processing.c **** *******************************************************************************/
 288:Generated_Source\PSoC4/CapSense_Processing.c **** static CY_INLINE void CapSense_DpInitCsdMatrix(CapSense_FLASH_WD_STRUCT const * ptrFlashWdgt)
 289:Generated_Source\PSoC4/CapSense_Processing.c **** {
 290:Generated_Source\PSoC4/CapSense_Processing.c ****     CapSense_RAM_WD_CSD_MATRIX_STRUCT *ptrRamWdgt;
 291:Generated_Source\PSoC4/CapSense_Processing.c **** 
 292:Generated_Source\PSoC4/CapSense_Processing.c ****     ptrRamWdgt = ptrFlashWdgt->ptr2WdgtRam;
 293:Generated_Source\PSoC4/CapSense_Processing.c **** 
 294:Generated_Source\PSoC4/CapSense_Processing.c ****     /* Reset sensor id, row and col registers in data structure */
 295:Generated_Source\PSoC4/CapSense_Processing.c ****     ptrRamWdgt->posRow   = CapSense_MATRIX_POS_NONE;
 296:Generated_Source\PSoC4/CapSense_Processing.c ****     ptrRamWdgt->posCol   = CapSense_MATRIX_POS_NONE;
 297:Generated_Source\PSoC4/CapSense_Processing.c ****     ptrRamWdgt->posSnsId = CapSense_MATRIX_POS_NONE;
 298:Generated_Source\PSoC4/CapSense_Processing.c **** }
 299:Generated_Source\PSoC4/CapSense_Processing.c **** #endif /* #if (0u != CapSense_CSD_MATRIX_WIDGET_EN) */
 300:Generated_Source\PSoC4/CapSense_Processing.c **** 
 301:Generated_Source\PSoC4/CapSense_Processing.c **** /*******************************************************************************
 302:Generated_Source\PSoC4/CapSense_Processing.c **** * Function Name: CapSense_DpInitialize
 303:Generated_Source\PSoC4/CapSense_Processing.c **** ****************************************************************************//**
 304:Generated_Source\PSoC4/CapSense_Processing.c **** *
 305:Generated_Source\PSoC4/CapSense_Processing.c **** * \brief
 306:Generated_Source\PSoC4/CapSense_Processing.c **** *  Performs initialization of the data processing FW module:
 307:Generated_Source\PSoC4/CapSense_Processing.c **** *   - Resets the de-bounce counters of all widgets
 308:Generated_Source\PSoC4/CapSense_Processing.c **** *   - Resets the position filter history for slider and touchpad widgets
 309:Generated_Source\PSoC4/CapSense_Processing.c **** *   - Clears widget and sensor statuses
 310:Generated_Source\PSoC4/CapSense_Processing.c **** *   - Enables all widgets.
 311:Generated_Source\PSoC4/CapSense_Processing.c **** *
 312:Generated_Source\PSoC4/CapSense_Processing.c **** * \details
 313:Generated_Source\PSoC4/CapSense_Processing.c **** *  The Button and Matrix Button widgets have individual de-bounce counter per
 314:Generated_Source\PSoC4/CapSense_Processing.c **** *  sensor for the CSD widgets and per node for the CSX widgets.
 315:Generated_Source\PSoC4/CapSense_Processing.c **** *
ARM GAS  C:\Users\Lenovo\AppData\Local\Temp\ccNkNELR.s 			page 7


 316:Generated_Source\PSoC4/CapSense_Processing.c **** *  The Slider and Touchpad widgets have a single de-bounce counter per widget.
 317:Generated_Source\PSoC4/CapSense_Processing.c **** *
 318:Generated_Source\PSoC4/CapSense_Processing.c **** *  The Proximity widget has two de-bounce counters per sensor. One for the
 319:Generated_Source\PSoC4/CapSense_Processing.c **** *  proximity event and second for the touch event.
 320:Generated_Source\PSoC4/CapSense_Processing.c **** *
 321:Generated_Source\PSoC4/CapSense_Processing.c **** *  All debounce counters during initialization are set to the value of the
 322:Generated_Source\PSoC4/CapSense_Processing.c **** *  onDebounce widget parameter.
 323:Generated_Source\PSoC4/CapSense_Processing.c **** *
 324:Generated_Source\PSoC4/CapSense_Processing.c **** *******************************************************************************/
 325:Generated_Source\PSoC4/CapSense_Processing.c **** void CapSense_DpInitialize(void)
 326:Generated_Source\PSoC4/CapSense_Processing.c **** {
  28              		.loc 1 326 0
  29              		.cfi_startproc
  30              		@ args = 0, pretend = 0, frame = 0
  31              		@ frame_needed = 0, uses_anonymous_args = 0
  32 0000 30B5     		push	{r4, r5, lr}
  33              		.cfi_def_cfa_offset 12
  34              		.cfi_offset 4, -12
  35              		.cfi_offset 5, -8
  36              		.cfi_offset 14, -4
  37              	.LVL0:
 327:Generated_Source\PSoC4/CapSense_Processing.c ****     uint32 wdgtId;
 328:Generated_Source\PSoC4/CapSense_Processing.c ****     CapSense_WD_TYPE_ENUM widgetType;
 329:Generated_Source\PSoC4/CapSense_Processing.c ****     CapSense_RAM_WD_BASE_STRUCT * ptrRamWdgt;
 330:Generated_Source\PSoC4/CapSense_Processing.c ****     CapSense_FLASH_WD_STRUCT const * ptrFlashWdgt;
 331:Generated_Source\PSoC4/CapSense_Processing.c **** 
 332:Generated_Source\PSoC4/CapSense_Processing.c ****     for (wdgtId = 0u; wdgtId < CapSense_WDGT_STATUS_WORDS; wdgtId++)
  38              		.loc 1 332 0
  39 0002 0023     		movs	r3, #0
  40 0004 0BE0     		b	.L2
  41              	.LVL1:
  42              	.L3:
 333:Generated_Source\PSoC4/CapSense_Processing.c ****     {
 334:Generated_Source\PSoC4/CapSense_Processing.c ****         /* Clear widget status */
 335:Generated_Source\PSoC4/CapSense_Processing.c ****         CapSense_dsRam.wdgtStatus[wdgtId] = 0u;
  43              		.loc 1 335 0 discriminator 3
  44 0006 1948     		ldr	r0, .L11
  45 0008 191D     		adds	r1, r3, #4
  46 000a 8900     		lsls	r1, r1, #2
  47 000c 0022     		movs	r2, #0
  48 000e 0A50     		str	r2, [r1, r0]
 336:Generated_Source\PSoC4/CapSense_Processing.c **** 
 337:Generated_Source\PSoC4/CapSense_Processing.c ****         /* Enable all widgets */
 338:Generated_Source\PSoC4/CapSense_Processing.c ****         CapSense_dsRam.wdgtEnable[wdgtId] = 0xFFFFFFFFLu;
  49              		.loc 1 338 0 discriminator 3
  50 0010 9A1C     		adds	r2, r3, #2
  51 0012 9200     		lsls	r2, r2, #2
  52 0014 8218     		adds	r2, r0, r2
  53 0016 0121     		movs	r1, #1
  54 0018 4942     		rsbs	r1, r1, #0
  55 001a 5160     		str	r1, [r2, #4]
 332:Generated_Source\PSoC4/CapSense_Processing.c ****     {
  56              		.loc 1 332 0 discriminator 3
  57 001c 0133     		adds	r3, r3, #1
  58              	.LVL2:
  59              	.L2:
 332:Generated_Source\PSoC4/CapSense_Processing.c ****     {
ARM GAS  C:\Users\Lenovo\AppData\Local\Temp\ccNkNELR.s 			page 8


  60              		.loc 1 332 0 is_stmt 0 discriminator 1
  61 001e 002B     		cmp	r3, #0
  62 0020 F1D0     		beq	.L3
  63 0022 134A     		ldr	r2, .L11+4
  64 0024 0123     		movs	r3, #1
  65              	.LVL3:
  66 0026 1CE0     		b	.L4
  67              	.LVL4:
  68              	.L10:
 339:Generated_Source\PSoC4/CapSense_Processing.c **** 
 340:Generated_Source\PSoC4/CapSense_Processing.c ****         /* Set all widgets to working state if the Self-Test is not enabled */
 341:Generated_Source\PSoC4/CapSense_Processing.c ****         #if (0u != CapSense_SELF_TEST_EN)
 342:Generated_Source\PSoC4/CapSense_Processing.c ****             CapSense_dsRam.wdgtWorking[wdgtId] = 0xFFFFFFFFLu;
 343:Generated_Source\PSoC4/CapSense_Processing.c ****         #endif /* #if (0u == CapSense_SELF_TEST_EN) */
 344:Generated_Source\PSoC4/CapSense_Processing.c ****     }
 345:Generated_Source\PSoC4/CapSense_Processing.c **** 
 346:Generated_Source\PSoC4/CapSense_Processing.c ****     ptrFlashWdgt = CapSense_dsFlash.wdgtArray;
 347:Generated_Source\PSoC4/CapSense_Processing.c **** 
 348:Generated_Source\PSoC4/CapSense_Processing.c ****     for (wdgtId = CapSense_TOTAL_WIDGETS; wdgtId-- > 0u; )
 349:Generated_Source\PSoC4/CapSense_Processing.c ****     {
 350:Generated_Source\PSoC4/CapSense_Processing.c ****         ptrRamWdgt = ptrFlashWdgt->ptr2WdgtRam;
  69              		.loc 1 350 0 is_stmt 1
  70 0028 5568     		ldr	r5, [r2, #4]
  71              	.LVL5:
 351:Generated_Source\PSoC4/CapSense_Processing.c ****         widgetType = (CapSense_WD_TYPE_ENUM)ptrFlashWdgt->wdgtType;
  72              		.loc 1 351 0
  73 002a 137E     		ldrb	r3, [r2, #24]
  74              	.LVL6:
 352:Generated_Source\PSoC4/CapSense_Processing.c **** 
 353:Generated_Source\PSoC4/CapSense_Processing.c ****         /* Clear all sensor statuses */
 354:Generated_Source\PSoC4/CapSense_Processing.c ****         CapSense_dsRam.snsStatus[wdgtId] = 0u;
  75              		.loc 1 354 0
  76 002c 0F48     		ldr	r0, .L11
  77 002e 4018     		adds	r0, r0, r1
  78 0030 0024     		movs	r4, #0
  79 0032 0475     		strb	r4, [r0, #20]
 355:Generated_Source\PSoC4/CapSense_Processing.c **** 
 356:Generated_Source\PSoC4/CapSense_Processing.c ****         /* Reset de-bounce counters */
 357:Generated_Source\PSoC4/CapSense_Processing.c ****         switch (widgetType)
  80              		.loc 1 357 0
  81 0034 023B     		subs	r3, r3, #2
  82              	.LVL7:
  83 0036 DBB2     		uxtb	r3, r3
  84              	.LVL8:
  85 0038 012B     		cmp	r3, #1
  86 003a 10D8     		bhi	.L5
 358:Generated_Source\PSoC4/CapSense_Processing.c ****         {
 359:Generated_Source\PSoC4/CapSense_Processing.c ****         #if (0u != CapSense_MATRIX_WIDGET_EN)
 360:Generated_Source\PSoC4/CapSense_Processing.c ****             case CapSense_WD_MATRIX_BUTTON_E:
 361:Generated_Source\PSoC4/CapSense_Processing.c ****                 #if (0u != CapSense_CSD_MATRIX_WIDGET_EN)
 362:Generated_Source\PSoC4/CapSense_Processing.c ****                     if (CapSense_SENSE_METHOD_CSD_E == CapSense_GET_SENSE_METHOD(ptrFlashWdgt))
 363:Generated_Source\PSoC4/CapSense_Processing.c ****                     {
 364:Generated_Source\PSoC4/CapSense_Processing.c ****                         CapSense_DpInitCsdMatrix(ptrFlashWdgt);
 365:Generated_Source\PSoC4/CapSense_Processing.c ****                     }
 366:Generated_Source\PSoC4/CapSense_Processing.c ****                 #endif /* #if (0u != CapSense_CSD_MATRIX_WIDGET_EN) */
 367:Generated_Source\PSoC4/CapSense_Processing.c ****                 
 368:Generated_Source\PSoC4/CapSense_Processing.c ****                 if (NULL != ptrFlashWdgt->ptr2DebounceArr)
ARM GAS  C:\Users\Lenovo\AppData\Local\Temp\ccNkNELR.s 			page 9


 369:Generated_Source\PSoC4/CapSense_Processing.c ****                 {
 370:Generated_Source\PSoC4/CapSense_Processing.c ****                     /* Initialize array of debounce counters */
 371:Generated_Source\PSoC4/CapSense_Processing.c ****                     (void)memset(ptrFlashWdgt->ptr2DebounceArr, 
 372:Generated_Source\PSoC4/CapSense_Processing.c ****                                  (int32)ptrRamWdgt->onDebounce, 
 373:Generated_Source\PSoC4/CapSense_Processing.c ****                                  (size_t)ptrFlashWdgt->totalNumSns);
 374:Generated_Source\PSoC4/CapSense_Processing.c ****                 }
 375:Generated_Source\PSoC4/CapSense_Processing.c ****                 break;
 376:Generated_Source\PSoC4/CapSense_Processing.c ****         #endif /* #if (0u != CapSense_MATRIX_WIDGET_EN) */
 377:Generated_Source\PSoC4/CapSense_Processing.c ****         
 378:Generated_Source\PSoC4/CapSense_Processing.c ****         #if (0u != CapSense_BUTTON_WIDGET_EN)
 379:Generated_Source\PSoC4/CapSense_Processing.c ****             case CapSense_WD_BUTTON_E:
 380:Generated_Source\PSoC4/CapSense_Processing.c ****                 if (NULL != ptrFlashWdgt->ptr2DebounceArr)
 381:Generated_Source\PSoC4/CapSense_Processing.c ****                 {
 382:Generated_Source\PSoC4/CapSense_Processing.c ****                     /* Initialize array of debounce counters */
 383:Generated_Source\PSoC4/CapSense_Processing.c ****                     (void)memset(ptrFlashWdgt->ptr2DebounceArr, 
 384:Generated_Source\PSoC4/CapSense_Processing.c ****                                  (int32)ptrRamWdgt->onDebounce, 
 385:Generated_Source\PSoC4/CapSense_Processing.c ****                                  (size_t)ptrFlashWdgt->totalNumSns);
 386:Generated_Source\PSoC4/CapSense_Processing.c ****                 }
 387:Generated_Source\PSoC4/CapSense_Processing.c ****                 break;
 388:Generated_Source\PSoC4/CapSense_Processing.c ****         #endif /* #if (0u != CapSense_BUTTON_WIDGET_EN) */
 389:Generated_Source\PSoC4/CapSense_Processing.c **** 
 390:Generated_Source\PSoC4/CapSense_Processing.c ****         #if (0u != CapSense_SLIDER_WIDGET_EN)
 391:Generated_Source\PSoC4/CapSense_Processing.c ****             case CapSense_WD_LINEAR_SLIDER_E:
 392:Generated_Source\PSoC4/CapSense_Processing.c ****             case CapSense_WD_RADIAL_SLIDER_E:
 393:Generated_Source\PSoC4/CapSense_Processing.c ****                 if (NULL != ptrFlashWdgt->ptr2DebounceArr)
  87              		.loc 1 393 0
  88 003c 1369     		ldr	r3, [r2, #16]
  89 003e 002B     		cmp	r3, #0
  90 0040 01D0     		beq	.L7
 394:Generated_Source\PSoC4/CapSense_Processing.c ****                 {
 395:Generated_Source\PSoC4/CapSense_Processing.c ****                     /* Initialize single debounce counter of slider */
 396:Generated_Source\PSoC4/CapSense_Processing.c ****                     *(uint8 *)(ptrFlashWdgt->ptr2DebounceArr) = ptrRamWdgt->onDebounce;
  91              		.loc 1 396 0
  92 0042 E879     		ldrb	r0, [r5, #7]
  93 0044 1870     		strb	r0, [r3]
  94              	.L7:
  95              	.LVL9:
  96              	.LBB6:
  97              	.LBB7:
 255:Generated_Source\PSoC4/CapSense_Processing.c **** 
  98              		.loc 1 255 0
  99 0046 5468     		ldr	r4, [r2, #4]
 100              	.LVL10:
 258:Generated_Source\PSoC4/CapSense_Processing.c ****     {
 101              		.loc 1 258 0
 102 0048 0023     		movs	r3, #0
 103 004a 06E0     		b	.L8
 104              	.LVL11:
 105              	.L9:
 260:Generated_Source\PSoC4/CapSense_Processing.c **** 
 106              		.loc 1 260 0
 107 004c 181D     		adds	r0, r3, #4
 108 004e 4000     		lsls	r0, r0, #1
 109 0050 2018     		adds	r0, r4, r0
 110 0052 0125     		movs	r5, #1
 111 0054 6D42     		rsbs	r5, r5, #0
 112 0056 C580     		strh	r5, [r0, #6]
ARM GAS  C:\Users\Lenovo\AppData\Local\Temp\ccNkNELR.s 			page 10


 258:Generated_Source\PSoC4/CapSense_Processing.c ****     {
 113              		.loc 1 258 0
 114 0058 0133     		adds	r3, r3, #1
 115              	.LVL12:
 116              	.L8:
 117 005a 002B     		cmp	r3, #0
 118 005c F6D0     		beq	.L9
 119              	.LVL13:
 120              	.L5:
 121              	.LBE7:
 122              	.LBE6:
 397:Generated_Source\PSoC4/CapSense_Processing.c ****                 }
 398:Generated_Source\PSoC4/CapSense_Processing.c **** 
 399:Generated_Source\PSoC4/CapSense_Processing.c ****                 CapSense_DpInitSlider(ptrFlashWdgt);
 400:Generated_Source\PSoC4/CapSense_Processing.c **** 
 401:Generated_Source\PSoC4/CapSense_Processing.c ****                 break;
 402:Generated_Source\PSoC4/CapSense_Processing.c ****         #endif /* #if (0u != CapSense_SLIDER_WIDGET_EN) */
 403:Generated_Source\PSoC4/CapSense_Processing.c **** 
 404:Generated_Source\PSoC4/CapSense_Processing.c ****         #if (0u != CapSense_TOUCHPAD_WIDGET_EN)
 405:Generated_Source\PSoC4/CapSense_Processing.c ****             case CapSense_WD_TOUCHPAD_E:
 406:Generated_Source\PSoC4/CapSense_Processing.c ****                 if (NULL != ptrFlashWdgt->ptr2DebounceArr)
 407:Generated_Source\PSoC4/CapSense_Processing.c ****                 {
 408:Generated_Source\PSoC4/CapSense_Processing.c ****                     /* Initialize single debounce counter of touchpad */
 409:Generated_Source\PSoC4/CapSense_Processing.c ****                     *(uint8 *)(ptrFlashWdgt->ptr2DebounceArr) = ptrRamWdgt->onDebounce;
 410:Generated_Source\PSoC4/CapSense_Processing.c ****                 }
 411:Generated_Source\PSoC4/CapSense_Processing.c **** 
 412:Generated_Source\PSoC4/CapSense_Processing.c ****                 #if (0u != CapSense_CSD_TOUCHPAD_WIDGET_EN)
 413:Generated_Source\PSoC4/CapSense_Processing.c ****                     if (CapSense_SENSE_METHOD_CSD_E == CapSense_GET_SENSE_METHOD(ptrFlashWdgt))
 414:Generated_Source\PSoC4/CapSense_Processing.c ****                     {
 415:Generated_Source\PSoC4/CapSense_Processing.c ****                         CapSense_DpInitCsdTouchpad(ptrFlashWdgt);
 416:Generated_Source\PSoC4/CapSense_Processing.c ****                     }
 417:Generated_Source\PSoC4/CapSense_Processing.c ****                 #endif /* #if (0u != CapSense_CSD_TOUCHPAD_WIDGET_EN) */
 418:Generated_Source\PSoC4/CapSense_Processing.c **** 
 419:Generated_Source\PSoC4/CapSense_Processing.c ****                 #if (0u != CapSense_CSX_TOUCHPAD_WIDGET_EN)
 420:Generated_Source\PSoC4/CapSense_Processing.c ****                     if (CapSense_SENSE_METHOD_CSX_E == CapSense_GET_SENSE_METHOD(ptrFlashWdgt))
 421:Generated_Source\PSoC4/CapSense_Processing.c ****                     {
 422:Generated_Source\PSoC4/CapSense_Processing.c ****                         CapSense_DpInitCsxTouchpad(ptrFlashWdgt);
 423:Generated_Source\PSoC4/CapSense_Processing.c ****                     }
 424:Generated_Source\PSoC4/CapSense_Processing.c ****                 #endif /* #if (0u != CapSense_CSX_TOUCHPAD_WIDGET_EN) */
 425:Generated_Source\PSoC4/CapSense_Processing.c **** 
 426:Generated_Source\PSoC4/CapSense_Processing.c ****                 break;
 427:Generated_Source\PSoC4/CapSense_Processing.c ****         #endif /* #if (0u != CapSense_TOUCHPAD_WIDGET_EN) */
 428:Generated_Source\PSoC4/CapSense_Processing.c **** 
 429:Generated_Source\PSoC4/CapSense_Processing.c ****         #if (0u != CapSense_PROXIMITY_WIDGET_EN)
 430:Generated_Source\PSoC4/CapSense_Processing.c ****             case CapSense_WD_PROXIMITY_E:
 431:Generated_Source\PSoC4/CapSense_Processing.c ****                 if (NULL != ptrFlashWdgt->ptr2DebounceArr)
 432:Generated_Source\PSoC4/CapSense_Processing.c ****                 {
 433:Generated_Source\PSoC4/CapSense_Processing.c ****                     /* Proximity widgets have 2 de-bounce counters per sensor. 
 434:Generated_Source\PSoC4/CapSense_Processing.c ****                      * Therefore the number of sensors is multiplied by 2. 
 435:Generated_Source\PSoC4/CapSense_Processing.c ****                      */
 436:Generated_Source\PSoC4/CapSense_Processing.c ****                    (void)memset(ptrFlashWdgt->ptr2DebounceArr, 
 437:Generated_Source\PSoC4/CapSense_Processing.c ****                                 (int32)ptrRamWdgt->onDebounce, 
 438:Generated_Source\PSoC4/CapSense_Processing.c ****                                 (size_t)ptrFlashWdgt->totalNumSns * 2u);
 439:Generated_Source\PSoC4/CapSense_Processing.c ****                 }
 440:Generated_Source\PSoC4/CapSense_Processing.c ****                 break;
 441:Generated_Source\PSoC4/CapSense_Processing.c ****         #endif /* #if (0u != CapSense_PROXIMITY_WIDGET_EN) */
 442:Generated_Source\PSoC4/CapSense_Processing.c ****                 
ARM GAS  C:\Users\Lenovo\AppData\Local\Temp\ccNkNELR.s 			page 11


 443:Generated_Source\PSoC4/CapSense_Processing.c ****             default:
 444:Generated_Source\PSoC4/CapSense_Processing.c ****                 break;
 445:Generated_Source\PSoC4/CapSense_Processing.c ****         }
 446:Generated_Source\PSoC4/CapSense_Processing.c **** 
 447:Generated_Source\PSoC4/CapSense_Processing.c ****         /* Move to next widget */
 448:Generated_Source\PSoC4/CapSense_Processing.c ****         ptrFlashWdgt++;
 123              		.loc 1 448 0
 124 005e 2432     		adds	r2, r2, #36
 125              	.LVL14:
 348:Generated_Source\PSoC4/CapSense_Processing.c ****     {
 126              		.loc 1 348 0
 127 0060 0B00     		movs	r3, r1
 128              	.LVL15:
 129              	.L4:
 348:Generated_Source\PSoC4/CapSense_Processing.c ****     {
 130              		.loc 1 348 0 is_stmt 0 discriminator 1
 131 0062 591E     		subs	r1, r3, #1
 132              	.LVL16:
 133 0064 002B     		cmp	r3, #0
 134 0066 DFD1     		bne	.L10
 449:Generated_Source\PSoC4/CapSense_Processing.c ****     }
 450:Generated_Source\PSoC4/CapSense_Processing.c **** }
 135              		.loc 1 450 0 is_stmt 1
 136              		@ sp needed
 137 0068 30BD     		pop	{r4, r5, pc}
 138              	.L12:
 139 006a C046     		.align	2
 140              	.L11:
 141 006c 00000000 		.word	CapSense_dsRam
 142 0070 00000000 		.word	CapSense_dsFlash
 143              		.cfi_endproc
 144              	.LFE3:
 145              		.size	CapSense_DpInitialize, .-CapSense_DpInitialize
 146              		.section	.text.CapSense_DpUpdateDifferences,"ax",%progbits
 147              		.align	2
 148              		.global	CapSense_DpUpdateDifferences
 149              		.code	16
 150              		.thumb_func
 151              		.type	CapSense_DpUpdateDifferences, %function
 152              	CapSense_DpUpdateDifferences:
 153              	.LFB7:
 451:Generated_Source\PSoC4/CapSense_Processing.c **** 
 452:Generated_Source\PSoC4/CapSense_Processing.c **** #if (0u != CapSense_TOTAL_CSX_WIDGETS)
 453:Generated_Source\PSoC4/CapSense_Processing.c **** /*******************************************************************************
 454:Generated_Source\PSoC4/CapSense_Processing.c **** * Function Name: CapSense_DpProcessCsxWidgetRawCounts
 455:Generated_Source\PSoC4/CapSense_Processing.c **** ****************************************************************************//**
 456:Generated_Source\PSoC4/CapSense_Processing.c **** *
 457:Generated_Source\PSoC4/CapSense_Processing.c **** * \brief
 458:Generated_Source\PSoC4/CapSense_Processing.c **** *  Performs default processing of the CSX raw counts.
 459:Generated_Source\PSoC4/CapSense_Processing.c **** *
 460:Generated_Source\PSoC4/CapSense_Processing.c **** * \details
 461:Generated_Source\PSoC4/CapSense_Processing.c **** *  Performs default processing of the CSX raw counts:
 462:Generated_Source\PSoC4/CapSense_Processing.c **** *   - Run Filters
 463:Generated_Source\PSoC4/CapSense_Processing.c **** *   - Update Baselines
 464:Generated_Source\PSoC4/CapSense_Processing.c **** *   - Update Differences
 465:Generated_Source\PSoC4/CapSense_Processing.c **** *   - Update Status.
 466:Generated_Source\PSoC4/CapSense_Processing.c **** *  The same process is applied to all sensors of the specified widget.
ARM GAS  C:\Users\Lenovo\AppData\Local\Temp\ccNkNELR.s 			page 12


 467:Generated_Source\PSoC4/CapSense_Processing.c **** *
 468:Generated_Source\PSoC4/CapSense_Processing.c **** * \param ptrFlashWdgt The pointer to the Flash widget structure.
 469:Generated_Source\PSoC4/CapSense_Processing.c **** *
 470:Generated_Source\PSoC4/CapSense_Processing.c **** * \return   
 471:Generated_Source\PSoC4/CapSense_Processing.c **** *  Returns the status of the specified widget processing operation:
 472:Generated_Source\PSoC4/CapSense_Processing.c **** *  - CYRET_SUCCESS if operation was successfully completed;
 473:Generated_Source\PSoC4/CapSense_Processing.c **** *  - CapSense_PROCESS_BASELINE_FAILED if baseline processing of any 
 474:Generated_Source\PSoC4/CapSense_Processing.c **** *    sensor of the specified widget failed. The result is concatenated with the index
 475:Generated_Source\PSoC4/CapSense_Processing.c **** *    of failed sensor.
 476:Generated_Source\PSoC4/CapSense_Processing.c **** *
 477:Generated_Source\PSoC4/CapSense_Processing.c **** *******************************************************************************/
 478:Generated_Source\PSoC4/CapSense_Processing.c **** uint32 CapSense_DpProcessCsxWidgetRawCounts(CapSense_FLASH_WD_STRUCT const *ptrFlashWdgt)
 479:Generated_Source\PSoC4/CapSense_Processing.c **** {
 480:Generated_Source\PSoC4/CapSense_Processing.c ****     uint32 result = CYRET_SUCCESS;
 481:Generated_Source\PSoC4/CapSense_Processing.c ****     uint32 widgetType;
 482:Generated_Source\PSoC4/CapSense_Processing.c ****     uint32 snsCount;
 483:Generated_Source\PSoC4/CapSense_Processing.c ****     CapSense_RAM_SNS_STRUCT *ptrSns;
 484:Generated_Source\PSoC4/CapSense_Processing.c ****     CapSense_RAM_WD_BASE_STRUCT *ptrRamWdgt;
 485:Generated_Source\PSoC4/CapSense_Processing.c **** 
 486:Generated_Source\PSoC4/CapSense_Processing.c ****     #if (0u != DP_FW_FILTER_EN)
 487:Generated_Source\PSoC4/CapSense_Processing.c ****         CapSense_PTR_FILTER_VARIANT fltrHistV;
 488:Generated_Source\PSoC4/CapSense_Processing.c ****         
 489:Generated_Source\PSoC4/CapSense_Processing.c ****         fltrHistV.ptr = ptrFlashWdgt->ptr2FltrHistory;
 490:Generated_Source\PSoC4/CapSense_Processing.c ****     #endif /* #if (0u != DP_FW_FILTER_EN) */
 491:Generated_Source\PSoC4/CapSense_Processing.c **** 
 492:Generated_Source\PSoC4/CapSense_Processing.c ****     ptrSns = ptrFlashWdgt->ptr2SnsRam;
 493:Generated_Source\PSoC4/CapSense_Processing.c ****     snsCount = ptrFlashWdgt->totalNumSns;
 494:Generated_Source\PSoC4/CapSense_Processing.c ****     ptrRamWdgt = ptrFlashWdgt->ptr2WdgtRam;
 495:Generated_Source\PSoC4/CapSense_Processing.c ****     widgetType = ptrFlashWdgt->wdgtType;
 496:Generated_Source\PSoC4/CapSense_Processing.c **** 
 497:Generated_Source\PSoC4/CapSense_Processing.c ****     /* Run deconvolution algorithm for the widgets with multiphase TX support */
 498:Generated_Source\PSoC4/CapSense_Processing.c ****     #if (0u != CapSense_CSX_MULTIPHASE_TX_EN)
 499:Generated_Source\PSoC4/CapSense_Processing.c ****         if (0u != (ptrFlashWdgt->staticConfig & CapSense_MULTIPHASE_TX_MASK))
 500:Generated_Source\PSoC4/CapSense_Processing.c ****         {
 501:Generated_Source\PSoC4/CapSense_Processing.c ****             CapSense_DpDeconvolution(ptrFlashWdgt);
 502:Generated_Source\PSoC4/CapSense_Processing.c ****         }
 503:Generated_Source\PSoC4/CapSense_Processing.c ****     #endif  /* #if (0u != CapSense_CSX_MULTIPHASE_TX_EN) */   
 504:Generated_Source\PSoC4/CapSense_Processing.c ****     
 505:Generated_Source\PSoC4/CapSense_Processing.c ****     for (;snsCount-- > 0u;)
 506:Generated_Source\PSoC4/CapSense_Processing.c ****     {
 507:Generated_Source\PSoC4/CapSense_Processing.c ****         #if (0u != DP_FW_FILTER_EN)
 508:Generated_Source\PSoC4/CapSense_Processing.c ****             CapSense_FtRunEnabledFiltersInternal(fltrHistV, ptrSns, widgetType);
 509:Generated_Source\PSoC4/CapSense_Processing.c ****         #endif /* #if (0u != DP_FW_FILTER_EN) */
 510:Generated_Source\PSoC4/CapSense_Processing.c ****         
 511:Generated_Source\PSoC4/CapSense_Processing.c ****         #if (CapSense_ALP_FILTER_EN)
 512:Generated_Source\PSoC4/CapSense_Processing.c ****             CapSense_ConfigRunALPInternal(fltrHistV, ptrRamWdgt, ptrSns, widgetType);
 513:Generated_Source\PSoC4/CapSense_Processing.c ****         #endif
 514:Generated_Source\PSoC4/CapSense_Processing.c **** 
 515:Generated_Source\PSoC4/CapSense_Processing.c ****         result = CapSense_FtUpdateBaseline(ptrRamWdgt, ptrSns, widgetType);
 516:Generated_Source\PSoC4/CapSense_Processing.c ****         
 517:Generated_Source\PSoC4/CapSense_Processing.c ****         #if (CapSense_ENABLE == CapSense_TST_BSLN_DUPLICATION_EN)
 518:Generated_Source\PSoC4/CapSense_Processing.c ****             if (CYRET_SUCCESS != result)
 519:Generated_Source\PSoC4/CapSense_Processing.c ****             {
 520:Generated_Source\PSoC4/CapSense_Processing.c ****                 result = snsCount | CapSense_PROCESS_BASELINE_FAILED;
 521:Generated_Source\PSoC4/CapSense_Processing.c ****             }
 522:Generated_Source\PSoC4/CapSense_Processing.c ****         #endif /* (CapSense_ENABLE == CapSense_TST_BSLN_DUPLICATION_EN) */
 523:Generated_Source\PSoC4/CapSense_Processing.c **** 
ARM GAS  C:\Users\Lenovo\AppData\Local\Temp\ccNkNELR.s 			page 13


 524:Generated_Source\PSoC4/CapSense_Processing.c ****         CapSense_DpUpdateDifferences(ptrRamWdgt, ptrSns);
 525:Generated_Source\PSoC4/CapSense_Processing.c ****         /* Move pointers to the next sensor and filter history objects */
 526:Generated_Source\PSoC4/CapSense_Processing.c ****         ptrSns++;
 527:Generated_Source\PSoC4/CapSense_Processing.c ****             
 528:Generated_Source\PSoC4/CapSense_Processing.c ****         #if (0u != DP_FW_FILTER_EN)
 529:Generated_Source\PSoC4/CapSense_Processing.c ****             CapSense_INC_FLTR_OBJ_VARIANT(0u, fltrHistV);
 530:Generated_Source\PSoC4/CapSense_Processing.c ****         #endif /* #if (0u != DP_FW_FILTER_EN) */
 531:Generated_Source\PSoC4/CapSense_Processing.c ****     }
 532:Generated_Source\PSoC4/CapSense_Processing.c ****     return result;
 533:Generated_Source\PSoC4/CapSense_Processing.c **** }
 534:Generated_Source\PSoC4/CapSense_Processing.c **** 
 535:Generated_Source\PSoC4/CapSense_Processing.c **** /*******************************************************************************
 536:Generated_Source\PSoC4/CapSense_Processing.c **** * Function Name: CapSense_DpProcessCsxSensorRawCountsExt
 537:Generated_Source\PSoC4/CapSense_Processing.c **** ****************************************************************************//**
 538:Generated_Source\PSoC4/CapSense_Processing.c **** *
 539:Generated_Source\PSoC4/CapSense_Processing.c **** * \brief
 540:Generated_Source\PSoC4/CapSense_Processing.c **** *   Performs customized processing of the CSX sensor raw counts.
 541:Generated_Source\PSoC4/CapSense_Processing.c **** *
 542:Generated_Source\PSoC4/CapSense_Processing.c **** * \details
 543:Generated_Source\PSoC4/CapSense_Processing.c **** *   Performs customized processing of the CSX sensor raw counts.
 544:Generated_Source\PSoC4/CapSense_Processing.c **** *
 545:Generated_Source\PSoC4/CapSense_Processing.c **** *   If all bits are set at once the default processing order will take place.
 546:Generated_Source\PSoC4/CapSense_Processing.c **** *   For the custom order this API can be called multiple times and execute one task at a time.
 547:Generated_Source\PSoC4/CapSense_Processing.c **** *
 548:Generated_Source\PSoC4/CapSense_Processing.c **** * \param ptrFlashWdgt The pointer to the Flash Widget Object.
 549:Generated_Source\PSoC4/CapSense_Processing.c **** * \param ptrSns       The pointer to the specific RAM Sensor Object.
 550:Generated_Source\PSoC4/CapSense_Processing.c **** * \param fltrHistV    The pointer to the Filter History Object in RAM associated with specific sens
 551:Generated_Source\PSoC4/CapSense_Processing.c **** * \param mode         The bit-mask with the data processing tasks to be executed.
 552:Generated_Source\PSoC4/CapSense_Processing.c **** *   The mode parameters can take the following values:
 553:Generated_Source\PSoC4/CapSense_Processing.c **** *    - CapSense_PROCESS_FILTER     (0x01) Run Firmware Filter
 554:Generated_Source\PSoC4/CapSense_Processing.c **** *    - CapSense_PROCESS_BASELINE   (0x02) Update Baselines
 555:Generated_Source\PSoC4/CapSense_Processing.c **** *    - CapSense_PROCESS_DIFFCOUNTS (0x04) Update Difference Counts
 556:Generated_Source\PSoC4/CapSense_Processing.c **** *    - CapSense_PROCESS_ALL               Execute all tasks
 557:Generated_Source\PSoC4/CapSense_Processing.c **** *
 558:Generated_Source\PSoC4/CapSense_Processing.c **** * \return   
 559:Generated_Source\PSoC4/CapSense_Processing.c **** *  Returns the status of the specified sensor processing operation:
 560:Generated_Source\PSoC4/CapSense_Processing.c **** *  - CYRET_SUCCESS if operation was successfully completed;
 561:Generated_Source\PSoC4/CapSense_Processing.c **** *  - CapSense_PROCESS_BASELINE_FAILED if baseline processing of any 
 562:Generated_Source\PSoC4/CapSense_Processing.c **** *    sensor of the specified widget failed. The result is concatenated with the index
 563:Generated_Source\PSoC4/CapSense_Processing.c **** *    of failed sensor.
 564:Generated_Source\PSoC4/CapSense_Processing.c **** *
 565:Generated_Source\PSoC4/CapSense_Processing.c **** *******************************************************************************/
 566:Generated_Source\PSoC4/CapSense_Processing.c **** uint32 CapSense_DpProcessCsxSensorRawCountsExt(
 567:Generated_Source\PSoC4/CapSense_Processing.c ****                 CapSense_FLASH_WD_STRUCT const *ptrFlashWdgt,
 568:Generated_Source\PSoC4/CapSense_Processing.c ****                 CapSense_RAM_SNS_STRUCT *ptrSns,
 569:Generated_Source\PSoC4/CapSense_Processing.c ****                 CapSense_PTR_FILTER_VARIANT fltrHistV,
 570:Generated_Source\PSoC4/CapSense_Processing.c ****                 uint32 mode)
 571:Generated_Source\PSoC4/CapSense_Processing.c **** {
 572:Generated_Source\PSoC4/CapSense_Processing.c ****     uint32  result = CYRET_SUCCESS;
 573:Generated_Source\PSoC4/CapSense_Processing.c ****     uint32  widgetType;
 574:Generated_Source\PSoC4/CapSense_Processing.c ****     CapSense_RAM_WD_BASE_STRUCT *ptrRamWdgt;
 575:Generated_Source\PSoC4/CapSense_Processing.c **** 
 576:Generated_Source\PSoC4/CapSense_Processing.c ****     widgetType = ptrFlashWdgt->wdgtType;
 577:Generated_Source\PSoC4/CapSense_Processing.c ****     ptrRamWdgt = ptrFlashWdgt->ptr2WdgtRam;
 578:Generated_Source\PSoC4/CapSense_Processing.c ****     
 579:Generated_Source\PSoC4/CapSense_Processing.c ****     #if (0u != DP_FW_FILTER_EN)
 580:Generated_Source\PSoC4/CapSense_Processing.c ****         if (0u != (mode & CapSense_PROCESS_FILTER))
ARM GAS  C:\Users\Lenovo\AppData\Local\Temp\ccNkNELR.s 			page 14


 581:Generated_Source\PSoC4/CapSense_Processing.c ****         {
 582:Generated_Source\PSoC4/CapSense_Processing.c ****             CapSense_FtRunEnabledFiltersInternal(fltrHistV, ptrSns, widgetType);
 583:Generated_Source\PSoC4/CapSense_Processing.c ****             #if (CapSense_ALP_FILTER_EN)
 584:Generated_Source\PSoC4/CapSense_Processing.c ****                 CapSense_ConfigRunALPInternal(fltrHistV, ptrRamWdgt, ptrSns, widgetType);
 585:Generated_Source\PSoC4/CapSense_Processing.c ****             #endif
 586:Generated_Source\PSoC4/CapSense_Processing.c ****         }
 587:Generated_Source\PSoC4/CapSense_Processing.c ****     #else
 588:Generated_Source\PSoC4/CapSense_Processing.c ****         (void)fltrHistV; /* This parameter is unused in such configurations */
 589:Generated_Source\PSoC4/CapSense_Processing.c ****     #endif /* #if (0u != DP_FW_FILTER_EN) */
 590:Generated_Source\PSoC4/CapSense_Processing.c **** 
 591:Generated_Source\PSoC4/CapSense_Processing.c ****     if (0u != (mode & CapSense_PROCESS_BASELINE))
 592:Generated_Source\PSoC4/CapSense_Processing.c ****     {
 593:Generated_Source\PSoC4/CapSense_Processing.c ****         result = CapSense_FtUpdateBaseline(ptrRamWdgt, ptrSns, widgetType);
 594:Generated_Source\PSoC4/CapSense_Processing.c ****     }
 595:Generated_Source\PSoC4/CapSense_Processing.c **** 
 596:Generated_Source\PSoC4/CapSense_Processing.c ****     if (0u != (mode & CapSense_PROCESS_DIFFCOUNTS))
 597:Generated_Source\PSoC4/CapSense_Processing.c ****     {
 598:Generated_Source\PSoC4/CapSense_Processing.c ****         CapSense_DpUpdateDifferences(ptrRamWdgt, ptrSns);
 599:Generated_Source\PSoC4/CapSense_Processing.c ****     }
 600:Generated_Source\PSoC4/CapSense_Processing.c ****     return result;
 601:Generated_Source\PSoC4/CapSense_Processing.c **** }
 602:Generated_Source\PSoC4/CapSense_Processing.c **** 
 603:Generated_Source\PSoC4/CapSense_Processing.c **** 
 604:Generated_Source\PSoC4/CapSense_Processing.c **** /*******************************************************************************
 605:Generated_Source\PSoC4/CapSense_Processing.c **** * Function Name: CapSense_DpProcessCsxWidgetStatus
 606:Generated_Source\PSoC4/CapSense_Processing.c **** ****************************************************************************//**
 607:Generated_Source\PSoC4/CapSense_Processing.c **** *
 608:Generated_Source\PSoC4/CapSense_Processing.c **** * \brief
 609:Generated_Source\PSoC4/CapSense_Processing.c **** *   Updates the status of the CSX widget in the Data Structure.
 610:Generated_Source\PSoC4/CapSense_Processing.c **** *
 611:Generated_Source\PSoC4/CapSense_Processing.c **** * \details
 612:Generated_Source\PSoC4/CapSense_Processing.c **** *  This API determines the type of widget and runs the appropriate function
 613:Generated_Source\PSoC4/CapSense_Processing.c **** *  that implements the status update algorithm for this type of widget.
 614:Generated_Source\PSoC4/CapSense_Processing.c **** *
 615:Generated_Source\PSoC4/CapSense_Processing.c **** *  When the widget-specific processing completes this API updates the snsStatus
 616:Generated_Source\PSoC4/CapSense_Processing.c **** *  and wdgtStatus registers in the data structure. The wdgtStatus register
 617:Generated_Source\PSoC4/CapSense_Processing.c **** *  is a bitmask were each bit corresponds to the specific widget identified by
 618:Generated_Source\PSoC4/CapSense_Processing.c **** *  the widget index. When the bit is set the widget is active (touched);
 619:Generated_Source\PSoC4/CapSense_Processing.c **** *
 620:Generated_Source\PSoC4/CapSense_Processing.c **** *  Depending on the type of widget the snsStatus register may contain either
 621:Generated_Source\PSoC4/CapSense_Processing.c **** *  status of each widget node (active/non-active) or in case of the CSX Touchpad
 622:Generated_Source\PSoC4/CapSense_Processing.c **** *  is contains the number of touches. In both cases 0 means that widget is not
 623:Generated_Source\PSoC4/CapSense_Processing.c **** *  active.
 624:Generated_Source\PSoC4/CapSense_Processing.c **** *
 625:Generated_Source\PSoC4/CapSense_Processing.c **** * \param widgetId     The widget index number.
 626:Generated_Source\PSoC4/CapSense_Processing.c **** * \param ptrFlashWdgt The pointer to the Flash Widget Object.
 627:Generated_Source\PSoC4/CapSense_Processing.c **** *
 628:Generated_Source\PSoC4/CapSense_Processing.c **** *******************************************************************************/
 629:Generated_Source\PSoC4/CapSense_Processing.c **** void CapSense_DpProcessCsxWidgetStatus(uint32 widgetId, CapSense_FLASH_WD_STRUCT const *ptrFlashWdg
 630:Generated_Source\PSoC4/CapSense_Processing.c **** {
 631:Generated_Source\PSoC4/CapSense_Processing.c ****     uint32 sensorStatus;
 632:Generated_Source\PSoC4/CapSense_Processing.c ****     uint32 wdStatusIndex;
 633:Generated_Source\PSoC4/CapSense_Processing.c ****     uint32 wdStatusMask;
 634:Generated_Source\PSoC4/CapSense_Processing.c ****     CapSense_WD_TYPE_ENUM widgetType;
 635:Generated_Source\PSoC4/CapSense_Processing.c **** 
 636:Generated_Source\PSoC4/CapSense_Processing.c ****     widgetType = (CapSense_WD_TYPE_ENUM)ptrFlashWdgt->wdgtType;
 637:Generated_Source\PSoC4/CapSense_Processing.c ****     sensorStatus = CapSense_dsRam.snsStatus[widgetId];
ARM GAS  C:\Users\Lenovo\AppData\Local\Temp\ccNkNELR.s 			page 15


 638:Generated_Source\PSoC4/CapSense_Processing.c **** 
 639:Generated_Source\PSoC4/CapSense_Processing.c ****     switch (widgetType)
 640:Generated_Source\PSoC4/CapSense_Processing.c ****     {
 641:Generated_Source\PSoC4/CapSense_Processing.c ****     #if (0u != CapSense_BUTTON_WIDGET_EN)
 642:Generated_Source\PSoC4/CapSense_Processing.c ****         case CapSense_WD_BUTTON_E:
 643:Generated_Source\PSoC4/CapSense_Processing.c ****             sensorStatus = CapSense_DpProcessButton(sensorStatus, ptrFlashWdgt);
 644:Generated_Source\PSoC4/CapSense_Processing.c ****             break;
 645:Generated_Source\PSoC4/CapSense_Processing.c ****     #endif /* #if (0u != CapSense_BUTTON_WIDGET_EN) */
 646:Generated_Source\PSoC4/CapSense_Processing.c **** 
 647:Generated_Source\PSoC4/CapSense_Processing.c ****     #if (0u != CapSense_CSX_MATRIX_WIDGET_EN)
 648:Generated_Source\PSoC4/CapSense_Processing.c ****         case CapSense_WD_MATRIX_BUTTON_E:
 649:Generated_Source\PSoC4/CapSense_Processing.c ****             sensorStatus = CapSense_DpProcessButton(sensorStatus, ptrFlashWdgt);
 650:Generated_Source\PSoC4/CapSense_Processing.c ****             break;
 651:Generated_Source\PSoC4/CapSense_Processing.c ****     #endif /* #if (0u != CapSense_CSX_MATRIX_WIDGET_EN) */
 652:Generated_Source\PSoC4/CapSense_Processing.c **** 
 653:Generated_Source\PSoC4/CapSense_Processing.c ****     #if (0u != CapSense_CSX_TOUCHPAD_WIDGET_EN)
 654:Generated_Source\PSoC4/CapSense_Processing.c ****         case CapSense_WD_TOUCHPAD_E:
 655:Generated_Source\PSoC4/CapSense_Processing.c ****             sensorStatus = CapSense_DpProcessCsxTouchpad(sensorStatus, ptrFlashWdgt);
 656:Generated_Source\PSoC4/CapSense_Processing.c ****             break;
 657:Generated_Source\PSoC4/CapSense_Processing.c ****     #endif /* #if (0u != CapSense_CSX_TOUCHPAD_WIDGET_EN) */
 658:Generated_Source\PSoC4/CapSense_Processing.c **** 
 659:Generated_Source\PSoC4/CapSense_Processing.c ****     default:
 660:Generated_Source\PSoC4/CapSense_Processing.c ****         CYASSERT(0u);
 661:Generated_Source\PSoC4/CapSense_Processing.c ****         break;
 662:Generated_Source\PSoC4/CapSense_Processing.c ****     }
 663:Generated_Source\PSoC4/CapSense_Processing.c **** 
 664:Generated_Source\PSoC4/CapSense_Processing.c ****     /* Update sensor status in the data structure */
 665:Generated_Source\PSoC4/CapSense_Processing.c ****     CapSense_dsRam.snsStatus[widgetId] = (CapSense_SNS_STS_TYPE)sensorStatus;
 666:Generated_Source\PSoC4/CapSense_Processing.c **** 
 667:Generated_Source\PSoC4/CapSense_Processing.c ****     /* The next two lines calculate index and bitmask of the widget status bit in the wdgtStatus ar
 668:Generated_Source\PSoC4/CapSense_Processing.c ****     wdStatusIndex = CapSense_GET_WDGT_STATUS_INDEX(widgetId);
 669:Generated_Source\PSoC4/CapSense_Processing.c ****     wdStatusMask = CapSense_GET_WDGT_STATUS_MASK(widgetId);
 670:Generated_Source\PSoC4/CapSense_Processing.c **** 
 671:Generated_Source\PSoC4/CapSense_Processing.c ****     /* Check if there are active sensors and update widget status accordingly */
 672:Generated_Source\PSoC4/CapSense_Processing.c ****     if (0u == sensorStatus)
 673:Generated_Source\PSoC4/CapSense_Processing.c ****     {
 674:Generated_Source\PSoC4/CapSense_Processing.c ****         CapSense_dsRam.wdgtStatus[wdStatusIndex] &= ~wdStatusMask;
 675:Generated_Source\PSoC4/CapSense_Processing.c ****     }
 676:Generated_Source\PSoC4/CapSense_Processing.c ****     else
 677:Generated_Source\PSoC4/CapSense_Processing.c ****     {
 678:Generated_Source\PSoC4/CapSense_Processing.c ****         CapSense_dsRam.wdgtStatus[wdStatusIndex] |= wdStatusMask;
 679:Generated_Source\PSoC4/CapSense_Processing.c ****     }
 680:Generated_Source\PSoC4/CapSense_Processing.c **** }
 681:Generated_Source\PSoC4/CapSense_Processing.c **** #endif /* #if CapSense_TOTAL_CSX_WIDGETS */
 682:Generated_Source\PSoC4/CapSense_Processing.c **** 
 683:Generated_Source\PSoC4/CapSense_Processing.c **** #if (0u != CapSense_TOTAL_CSD_WIDGETS)
 684:Generated_Source\PSoC4/CapSense_Processing.c **** /*******************************************************************************
 685:Generated_Source\PSoC4/CapSense_Processing.c **** * Function Name: CapSense_DpProcessCsdWidgetRawCounts
 686:Generated_Source\PSoC4/CapSense_Processing.c **** ****************************************************************************//**
 687:Generated_Source\PSoC4/CapSense_Processing.c **** *
 688:Generated_Source\PSoC4/CapSense_Processing.c **** * \brief
 689:Generated_Source\PSoC4/CapSense_Processing.c **** *   Performs default processing for the CSD widget raw counts.
 690:Generated_Source\PSoC4/CapSense_Processing.c **** *
 691:Generated_Source\PSoC4/CapSense_Processing.c **** * \details
 692:Generated_Source\PSoC4/CapSense_Processing.c **** *   Performs default processing for the CSD widget raw counts:
 693:Generated_Source\PSoC4/CapSense_Processing.c **** *    - Run Filters
 694:Generated_Source\PSoC4/CapSense_Processing.c **** *    - Update Thresholds (FW Auto-tuning)
ARM GAS  C:\Users\Lenovo\AppData\Local\Temp\ccNkNELR.s 			page 16


 695:Generated_Source\PSoC4/CapSense_Processing.c **** *    - Update Baselines
 696:Generated_Source\PSoC4/CapSense_Processing.c **** *    - Update Differences.
 697:Generated_Source\PSoC4/CapSense_Processing.c **** *   The process is applied to all widget's sensors.
 698:Generated_Source\PSoC4/CapSense_Processing.c **** *
 699:Generated_Source\PSoC4/CapSense_Processing.c **** * \param ptrFlashWdgt The pointer to the Flash Widget Object.
 700:Generated_Source\PSoC4/CapSense_Processing.c **** *
 701:Generated_Source\PSoC4/CapSense_Processing.c **** * \return   
 702:Generated_Source\PSoC4/CapSense_Processing.c **** *  Returns the status of the specified widget processing operation:
 703:Generated_Source\PSoC4/CapSense_Processing.c **** *  - CYRET_SUCCESS if operation was successfully completed;
 704:Generated_Source\PSoC4/CapSense_Processing.c **** *  - CapSense_PROCESS_BASELINE_FAILED if baseline processing of any 
 705:Generated_Source\PSoC4/CapSense_Processing.c **** *    sensor of the specified widget failed. The result is concatenated with the index
 706:Generated_Source\PSoC4/CapSense_Processing.c **** *    of failed sensor.
 707:Generated_Source\PSoC4/CapSense_Processing.c **** *
 708:Generated_Source\PSoC4/CapSense_Processing.c **** *******************************************************************************/
 709:Generated_Source\PSoC4/CapSense_Processing.c **** uint32 CapSense_DpProcessCsdWidgetRawCounts(CapSense_FLASH_WD_STRUCT const *ptrFlashWdgt)
 710:Generated_Source\PSoC4/CapSense_Processing.c **** {
 711:Generated_Source\PSoC4/CapSense_Processing.c ****     uint32  result = CYRET_SUCCESS;
 712:Generated_Source\PSoC4/CapSense_Processing.c ****     
 713:Generated_Source\PSoC4/CapSense_Processing.c ****     #if (CapSense_ENABLE == CapSense_TST_BSLN_DUPLICATION_EN)    
 714:Generated_Source\PSoC4/CapSense_Processing.c ****         uint32 bslnTstResult = CYRET_SUCCESS;
 715:Generated_Source\PSoC4/CapSense_Processing.c ****     #endif /* (CapSense_ENABLE == CapSense_TST_BSLN_DUPLICATION_EN) */
 716:Generated_Source\PSoC4/CapSense_Processing.c **** 
 717:Generated_Source\PSoC4/CapSense_Processing.c ****     uint32  widgetType;
 718:Generated_Source\PSoC4/CapSense_Processing.c ****     uint32  snsId;
 719:Generated_Source\PSoC4/CapSense_Processing.c ****     CapSense_RAM_SNS_STRUCT *ptrSns;
 720:Generated_Source\PSoC4/CapSense_Processing.c ****     CapSense_RAM_WD_BASE_STRUCT *ptrRamWdgt;
 721:Generated_Source\PSoC4/CapSense_Processing.c **** 
 722:Generated_Source\PSoC4/CapSense_Processing.c ****     #if (0u != (CapSense_CSD_AUTOTUNE & CapSense_CSD_SS_TH_EN))
 723:Generated_Source\PSoC4/CapSense_Processing.c ****         /* The noise envelope data is available only when Full CSD Auto-Tuning is enabled */
 724:Generated_Source\PSoC4/CapSense_Processing.c ****         SMARTSENSE_CSD_NOISE_ENVELOPE_STRUCT *ptrNoiseEnvelope;
 725:Generated_Source\PSoC4/CapSense_Processing.c ****         #if (CapSense_ENABLE == CapSense_PROXIMITY_WIDGET_EN)
 726:Generated_Source\PSoC4/CapSense_Processing.c ****             uint32  proximityThreshold;
 727:Generated_Source\PSoC4/CapSense_Processing.c ****         #endif /* (0 != CapSense_PROXIMITY_WIDGET_EN) */
 728:Generated_Source\PSoC4/CapSense_Processing.c ****     #endif /* #if (0u != (CapSense_CSD_AUTOTUNE & CapSense_CSD_SS_TH_EN)) */
 729:Generated_Source\PSoC4/CapSense_Processing.c **** 
 730:Generated_Source\PSoC4/CapSense_Processing.c ****     #if (0u != DP_FW_FILTER_EN)
 731:Generated_Source\PSoC4/CapSense_Processing.c ****         CapSense_PTR_FILTER_VARIANT fltrHistV;
 732:Generated_Source\PSoC4/CapSense_Processing.c ****     
 733:Generated_Source\PSoC4/CapSense_Processing.c ****         /* Determine if widget type is proximity */
 734:Generated_Source\PSoC4/CapSense_Processing.c ****         uint32 isProxWdgt = 
 735:Generated_Source\PSoC4/CapSense_Processing.c ****                     (CapSense_GET_WIDGET_TYPE(ptrFlashWdgt) == CapSense_WD_PROXIMITY_E) ? 1u : 0u;
 736:Generated_Source\PSoC4/CapSense_Processing.c ****                     
 737:Generated_Source\PSoC4/CapSense_Processing.c ****         /* Get pointer to the filter history object */
 738:Generated_Source\PSoC4/CapSense_Processing.c ****         fltrHistV.ptr = ptrFlashWdgt->ptr2FltrHistory;
 739:Generated_Source\PSoC4/CapSense_Processing.c ****     #endif /* #if (0u != DP_FW_FILTER_EN) */
 740:Generated_Source\PSoC4/CapSense_Processing.c ****     
 741:Generated_Source\PSoC4/CapSense_Processing.c ****     ptrSns = ptrFlashWdgt->ptr2SnsRam;
 742:Generated_Source\PSoC4/CapSense_Processing.c ****     ptrRamWdgt = ptrFlashWdgt->ptr2WdgtRam;
 743:Generated_Source\PSoC4/CapSense_Processing.c ****     widgetType = ptrFlashWdgt->wdgtType;
 744:Generated_Source\PSoC4/CapSense_Processing.c **** 
 745:Generated_Source\PSoC4/CapSense_Processing.c ****     #if (0u != (CapSense_CSD_AUTOTUNE & CapSense_CSD_SS_TH_EN))
 746:Generated_Source\PSoC4/CapSense_Processing.c ****         ptrNoiseEnvelope = ptrFlashWdgt->ptr2NoiseEnvlp;
 747:Generated_Source\PSoC4/CapSense_Processing.c ****     #endif /* #if (0u != (CapSense_CSD_AUTOTUNE & CapSense_CSD_SS_TH_EN)) */
 748:Generated_Source\PSoC4/CapSense_Processing.c **** 
 749:Generated_Source\PSoC4/CapSense_Processing.c ****     /* Iterate through all widget's sensors */
 750:Generated_Source\PSoC4/CapSense_Processing.c ****     for(snsId = 0u; snsId < ptrFlashWdgt->totalNumSns; snsId++)
 751:Generated_Source\PSoC4/CapSense_Processing.c ****     {
ARM GAS  C:\Users\Lenovo\AppData\Local\Temp\ccNkNELR.s 			page 17


 752:Generated_Source\PSoC4/CapSense_Processing.c ****         /* Run all enabled filter on specified widget's sensor */
 753:Generated_Source\PSoC4/CapSense_Processing.c ****         #if (0u != DP_FW_FILTER_EN)
 754:Generated_Source\PSoC4/CapSense_Processing.c ****             CapSense_FtRunEnabledFiltersInternal(fltrHistV, ptrSns, widgetType);
 755:Generated_Source\PSoC4/CapSense_Processing.c ****         #endif /* #if (0u != DP_FW_FILTER_EN) */
 756:Generated_Source\PSoC4/CapSense_Processing.c **** 
 757:Generated_Source\PSoC4/CapSense_Processing.c ****         #if (CapSense_ALP_FILTER_EN)
 758:Generated_Source\PSoC4/CapSense_Processing.c ****             CapSense_ConfigRunALPInternal(fltrHistV, ptrRamWdgt, ptrSns, widgetType);
 759:Generated_Source\PSoC4/CapSense_Processing.c ****         #endif
 760:Generated_Source\PSoC4/CapSense_Processing.c **** 
 761:Generated_Source\PSoC4/CapSense_Processing.c ****         /* Run auto-tuning activities */
 762:Generated_Source\PSoC4/CapSense_Processing.c ****         #if (0u != (CapSense_CSD_AUTOTUNE & CapSense_CSD_SS_TH_EN))
 763:Generated_Source\PSoC4/CapSense_Processing.c ****             SmartSense_RunNoiseEnvelope(ptrSns->raw[0u], ptrRamWdgt->sigPFC, ptrNoiseEnvelope);
 764:Generated_Source\PSoC4/CapSense_Processing.c ****             CapSense_DpUpdateThresholds(ptrRamWdgt, ptrNoiseEnvelope, snsId);
 765:Generated_Source\PSoC4/CapSense_Processing.c **** 
 766:Generated_Source\PSoC4/CapSense_Processing.c ****             /* Calculate Proximity Touch Threshold in SmartSense mode based on Finger Threshold and
 767:Generated_Source\PSoC4/CapSense_Processing.c ****             #if (CapSense_ENABLE == CapSense_PROXIMITY_WIDGET_EN)
 768:Generated_Source\PSoC4/CapSense_Processing.c ****                 if (CapSense_WD_PROXIMITY_E == CapSense_GET_WIDGET_TYPE(ptrFlashWdgt))
 769:Generated_Source\PSoC4/CapSense_Processing.c ****                 {
 770:Generated_Source\PSoC4/CapSense_Processing.c ****                     proximityThreshold = ((uint32)ptrRamWdgt->fingerTh * CapSense_PROX_TOUCH_COEFF)
 771:Generated_Source\PSoC4/CapSense_Processing.c ****                     if ((((1Lu) << CapSense_THRESHOLD_SIZE) - 1u) < proximityThreshold)
 772:Generated_Source\PSoC4/CapSense_Processing.c ****                     {
 773:Generated_Source\PSoC4/CapSense_Processing.c ****                         proximityThreshold = ((1Lu) << CapSense_THRESHOLD_SIZE) - 1u;
 774:Generated_Source\PSoC4/CapSense_Processing.c ****                     }
 775:Generated_Source\PSoC4/CapSense_Processing.c ****                     ((CapSense_RAM_WD_PROXIMITY_STRUCT *)ptrFlashWdgt->ptr2WdgtRam)->proxTouchTh = 
 776:Generated_Source\PSoC4/CapSense_Processing.c ****                         (CapSense_THRESHOLD_TYPE)proximityThreshold;
 777:Generated_Source\PSoC4/CapSense_Processing.c ****                 }
 778:Generated_Source\PSoC4/CapSense_Processing.c ****             #endif /* (0 != CapSense_PROXIMITY_WIDGET_EN) */
 779:Generated_Source\PSoC4/CapSense_Processing.c ****             
 780:Generated_Source\PSoC4/CapSense_Processing.c ****             /* Move to next noise-envelope object */
 781:Generated_Source\PSoC4/CapSense_Processing.c ****             ptrNoiseEnvelope++;
 782:Generated_Source\PSoC4/CapSense_Processing.c ****         #endif /* (0u != (CapSense_CSD_AUTOTUNE & CapSense_CSD_SS_TH_EN)) */
 783:Generated_Source\PSoC4/CapSense_Processing.c **** 
 784:Generated_Source\PSoC4/CapSense_Processing.c ****         #if (CapSense_ENABLE == CapSense_TST_BSLN_DUPLICATION_EN)
 785:Generated_Source\PSoC4/CapSense_Processing.c ****             bslnTstResult = CapSense_FtUpdateBaseline(ptrRamWdgt, ptrSns, widgetType);
 786:Generated_Source\PSoC4/CapSense_Processing.c ****             if (CYRET_SUCCESS != bslnTstResult)
 787:Generated_Source\PSoC4/CapSense_Processing.c ****             {
 788:Generated_Source\PSoC4/CapSense_Processing.c ****                 if (CYRET_SUCCESS == result)
 789:Generated_Source\PSoC4/CapSense_Processing.c ****                 {
 790:Generated_Source\PSoC4/CapSense_Processing.c ****                     result = snsId | CapSense_PROCESS_BASELINE_FAILED;
 791:Generated_Source\PSoC4/CapSense_Processing.c ****                 }
 792:Generated_Source\PSoC4/CapSense_Processing.c ****             }
 793:Generated_Source\PSoC4/CapSense_Processing.c ****         #else /* (CapSense_ENABLE == CapSense_TST_BSLN_DUPLICATION_EN) */
 794:Generated_Source\PSoC4/CapSense_Processing.c ****             result = CapSense_FtUpdateBaseline(ptrRamWdgt, ptrSns, widgetType);
 795:Generated_Source\PSoC4/CapSense_Processing.c ****         #endif /* (CapSense_ENABLE == CapSense_TST_BSLN_DUPLICATION_EN) */
 796:Generated_Source\PSoC4/CapSense_Processing.c **** 
 797:Generated_Source\PSoC4/CapSense_Processing.c ****         CapSense_DpUpdateDifferences(ptrRamWdgt, ptrSns);
 798:Generated_Source\PSoC4/CapSense_Processing.c **** 
 799:Generated_Source\PSoC4/CapSense_Processing.c ****         /* Move to next sensor object */
 800:Generated_Source\PSoC4/CapSense_Processing.c ****         ptrSns++;
 801:Generated_Source\PSoC4/CapSense_Processing.c **** 
 802:Generated_Source\PSoC4/CapSense_Processing.c ****         #if (0u != DP_FW_FILTER_EN)
 803:Generated_Source\PSoC4/CapSense_Processing.c ****             /* Move to the next filter history object */
 804:Generated_Source\PSoC4/CapSense_Processing.c ****             CapSense_INC_FLTR_OBJ_VARIANT(isProxWdgt, fltrHistV);
 805:Generated_Source\PSoC4/CapSense_Processing.c ****         #endif /* #if (0u != DP_FW_FILTER_EN) */
 806:Generated_Source\PSoC4/CapSense_Processing.c ****     }
 807:Generated_Source\PSoC4/CapSense_Processing.c ****     return result;
 808:Generated_Source\PSoC4/CapSense_Processing.c **** }
ARM GAS  C:\Users\Lenovo\AppData\Local\Temp\ccNkNELR.s 			page 18


 809:Generated_Source\PSoC4/CapSense_Processing.c **** 
 810:Generated_Source\PSoC4/CapSense_Processing.c **** 
 811:Generated_Source\PSoC4/CapSense_Processing.c **** /*******************************************************************************
 812:Generated_Source\PSoC4/CapSense_Processing.c **** * Function Name: CapSense_DpProcessCsdSensorRawCountsExt
 813:Generated_Source\PSoC4/CapSense_Processing.c **** ****************************************************************************//**
 814:Generated_Source\PSoC4/CapSense_Processing.c **** *
 815:Generated_Source\PSoC4/CapSense_Processing.c **** * \brief
 816:Generated_Source\PSoC4/CapSense_Processing.c **** *   Performs customized processing of the CSD sensor raw counts.
 817:Generated_Source\PSoC4/CapSense_Processing.c **** *
 818:Generated_Source\PSoC4/CapSense_Processing.c **** * \details
 819:Generated_Source\PSoC4/CapSense_Processing.c **** *   Performs customized processing of the CSD sensor raw counts.
 820:Generated_Source\PSoC4/CapSense_Processing.c **** *
 821:Generated_Source\PSoC4/CapSense_Processing.c **** *   Note that this API updates data associated only with the sensor. It cannot be used to update
 822:Generated_Source\PSoC4/CapSense_Processing.c **** *   widget status.
 823:Generated_Source\PSoC4/CapSense_Processing.c **** *
 824:Generated_Source\PSoC4/CapSense_Processing.c **** * \param ptrFlashWdgt The pointer to the Flash widget structure.
 825:Generated_Source\PSoC4/CapSense_Processing.c **** * \param ptrSns       The pointer to the sensor object in RAM.
 826:Generated_Source\PSoC4/CapSense_Processing.c **** * \param fltrHistV    The pointer to the Filter History Object in RAM.
 827:Generated_Source\PSoC4/CapSense_Processing.c **** * \param mode         The bit-mask with the data processing tasks to be executed.
 828:Generated_Source\PSoC4/CapSense_Processing.c **** *   The mode parameters can take the following values:
 829:Generated_Source\PSoC4/CapSense_Processing.c **** *    - CapSense_PROCESS_FILTER     (0x01) Run Firmware Filter
 830:Generated_Source\PSoC4/CapSense_Processing.c **** *    - CapSense_PROCESS_BASELINE   (0x02) Update Baselines
 831:Generated_Source\PSoC4/CapSense_Processing.c **** *    - CapSense_PROCESS_DIFFCOUNTS (0x04) Update Difference Counts
 832:Generated_Source\PSoC4/CapSense_Processing.c **** *    - CapSense_PROCESS_CALC_NOISE (0x08) Calculate Noise (only if FW Tuning is enabled)
 833:Generated_Source\PSoC4/CapSense_Processing.c **** *    - CapSense_PROCESS_THRESHOLDS (0x10) Update Thresholds (only if FW Tuning is enabled)
 834:Generated_Source\PSoC4/CapSense_Processing.c **** *    - CapSense_PROCESS_ALL               Execute all tasks
 835:Generated_Source\PSoC4/CapSense_Processing.c **** *
 836:Generated_Source\PSoC4/CapSense_Processing.c **** * \return   
 837:Generated_Source\PSoC4/CapSense_Processing.c **** *  Returns the status of the specified sensor processing operation:
 838:Generated_Source\PSoC4/CapSense_Processing.c **** *  - CYRET_SUCCESS if operation was successfully completed;
 839:Generated_Source\PSoC4/CapSense_Processing.c **** *  - CapSense_PROCESS_BASELINE_FAILED if baseline processing of any 
 840:Generated_Source\PSoC4/CapSense_Processing.c **** *    sensor of the specified widget failed. The result is concatenated with the index
 841:Generated_Source\PSoC4/CapSense_Processing.c **** *    of failed sensor.
 842:Generated_Source\PSoC4/CapSense_Processing.c **** *
 843:Generated_Source\PSoC4/CapSense_Processing.c **** *******************************************************************************/
 844:Generated_Source\PSoC4/CapSense_Processing.c **** uint32 CapSense_DpProcessCsdSensorRawCountsExt(
 845:Generated_Source\PSoC4/CapSense_Processing.c ****                 CapSense_FLASH_WD_STRUCT const *ptrFlashWdgt,
 846:Generated_Source\PSoC4/CapSense_Processing.c ****                 CapSense_RAM_SNS_STRUCT *ptrSns,
 847:Generated_Source\PSoC4/CapSense_Processing.c ****                 CapSense_PTR_FILTER_VARIANT fltrHistV,
 848:Generated_Source\PSoC4/CapSense_Processing.c ****                  uint32 mode)
 849:Generated_Source\PSoC4/CapSense_Processing.c **** {
 850:Generated_Source\PSoC4/CapSense_Processing.c ****     uint32 result = CYRET_SUCCESS;
 851:Generated_Source\PSoC4/CapSense_Processing.c ****     uint32  widgetType;
 852:Generated_Source\PSoC4/CapSense_Processing.c ****     CapSense_RAM_WD_BASE_STRUCT *ptrRamWdgt;
 853:Generated_Source\PSoC4/CapSense_Processing.c **** 
 854:Generated_Source\PSoC4/CapSense_Processing.c ****     #if (0u != (CapSense_CSD_AUTOTUNE & CapSense_CSD_SS_TH_EN))
 855:Generated_Source\PSoC4/CapSense_Processing.c ****         SMARTSENSE_CSD_NOISE_ENVELOPE_STRUCT *ptrNoiseEnvelope;
 856:Generated_Source\PSoC4/CapSense_Processing.c ****         #if (CapSense_ENABLE == CapSense_PROXIMITY_WIDGET_EN)
 857:Generated_Source\PSoC4/CapSense_Processing.c ****             uint32  proximityThreshold;
 858:Generated_Source\PSoC4/CapSense_Processing.c ****         #endif /* (0 != CapSense_PROXIMITY_WIDGET_EN) */
 859:Generated_Source\PSoC4/CapSense_Processing.c **** 
 860:Generated_Source\PSoC4/CapSense_Processing.c ****         /* Need to specify pointer to corresponding sensor's noise-envelope object.*/
 861:Generated_Source\PSoC4/CapSense_Processing.c ****         ptrNoiseEnvelope = ptrFlashWdgt->ptr2NoiseEnvlp;
 862:Generated_Source\PSoC4/CapSense_Processing.c ****     #endif /* (0u != (CapSense_CSD_AUTOTUNE & CapSense_CSD_SS_TH_EN)) */
 863:Generated_Source\PSoC4/CapSense_Processing.c **** 
 864:Generated_Source\PSoC4/CapSense_Processing.c ****     widgetType = ptrFlashWdgt->wdgtType;
 865:Generated_Source\PSoC4/CapSense_Processing.c ****     ptrRamWdgt = ptrFlashWdgt->ptr2WdgtRam;
ARM GAS  C:\Users\Lenovo\AppData\Local\Temp\ccNkNELR.s 			page 19


 866:Generated_Source\PSoC4/CapSense_Processing.c **** 
 867:Generated_Source\PSoC4/CapSense_Processing.c ****     #if (0u != DP_FW_FILTER_EN)
 868:Generated_Source\PSoC4/CapSense_Processing.c ****         if (0u != (mode & CapSense_PROCESS_FILTER))
 869:Generated_Source\PSoC4/CapSense_Processing.c ****         {
 870:Generated_Source\PSoC4/CapSense_Processing.c ****             CapSense_FtRunEnabledFiltersInternal(fltrHistV, ptrSns, widgetType);
 871:Generated_Source\PSoC4/CapSense_Processing.c ****             #if (CapSense_ALP_FILTER_EN)
 872:Generated_Source\PSoC4/CapSense_Processing.c ****                 CapSense_ConfigRunALPInternal(fltrHistV, ptrRamWdgt, ptrSns, widgetType);
 873:Generated_Source\PSoC4/CapSense_Processing.c ****             #endif
 874:Generated_Source\PSoC4/CapSense_Processing.c ****         }
 875:Generated_Source\PSoC4/CapSense_Processing.c ****     #else
 876:Generated_Source\PSoC4/CapSense_Processing.c ****         (void)fltrHistV; /* This parameter is unused in such configurations */
 877:Generated_Source\PSoC4/CapSense_Processing.c ****     #endif /* #if (0u != DP_FW_FILTER_EN) */
 878:Generated_Source\PSoC4/CapSense_Processing.c **** 
 879:Generated_Source\PSoC4/CapSense_Processing.c ****     #if (0u != (CapSense_CSD_AUTOTUNE & CapSense_CSD_SS_TH_EN))
 880:Generated_Source\PSoC4/CapSense_Processing.c ****         if (0u != (mode & CapSense_PROCESS_CALC_NOISE))
 881:Generated_Source\PSoC4/CapSense_Processing.c ****         {
 882:Generated_Source\PSoC4/CapSense_Processing.c ****             SmartSense_RunNoiseEnvelope(ptrSns->raw[0u], ptrRamWdgt->sigPFC, ptrNoiseEnvelope);
 883:Generated_Source\PSoC4/CapSense_Processing.c ****         }
 884:Generated_Source\PSoC4/CapSense_Processing.c **** 
 885:Generated_Source\PSoC4/CapSense_Processing.c ****         if (0u != (mode & CapSense_PROCESS_THRESHOLDS))
 886:Generated_Source\PSoC4/CapSense_Processing.c ****         {            
 887:Generated_Source\PSoC4/CapSense_Processing.c ****             CapSense_DpUpdateThresholds(ptrRamWdgt, ptrNoiseEnvelope, 0u);
 888:Generated_Source\PSoC4/CapSense_Processing.c ****             
 889:Generated_Source\PSoC4/CapSense_Processing.c ****             /* Calculate Proximity Touch Threshold in SmartSense mode based on Finger Threshold and
 890:Generated_Source\PSoC4/CapSense_Processing.c ****             #if (CapSense_ENABLE == CapSense_PROXIMITY_WIDGET_EN)
 891:Generated_Source\PSoC4/CapSense_Processing.c ****                 if (CapSense_WD_PROXIMITY_E == CapSense_GET_WIDGET_TYPE(ptrFlashWdgt))
 892:Generated_Source\PSoC4/CapSense_Processing.c ****                 {
 893:Generated_Source\PSoC4/CapSense_Processing.c ****                     proximityThreshold = ((uint32)ptrRamWdgt->fingerTh * CapSense_PROX_TOUCH_COEFF)
 894:Generated_Source\PSoC4/CapSense_Processing.c ****                     if ((((1Lu) << CapSense_THRESHOLD_SIZE) - 1u) < proximityThreshold)
 895:Generated_Source\PSoC4/CapSense_Processing.c ****                     {
 896:Generated_Source\PSoC4/CapSense_Processing.c ****                         proximityThreshold = ((1Lu) << CapSense_THRESHOLD_SIZE) - 1u;
 897:Generated_Source\PSoC4/CapSense_Processing.c ****                     }
 898:Generated_Source\PSoC4/CapSense_Processing.c ****                     ((CapSense_RAM_WD_PROXIMITY_STRUCT *)ptrFlashWdgt->ptr2WdgtRam)->proxTouchTh = 
 899:Generated_Source\PSoC4/CapSense_Processing.c ****                         (CapSense_THRESHOLD_TYPE)proximityThreshold;
 900:Generated_Source\PSoC4/CapSense_Processing.c ****                 }
 901:Generated_Source\PSoC4/CapSense_Processing.c ****             #endif /* (0 != CapSense_PROXIMITY_WIDGET_EN) */
 902:Generated_Source\PSoC4/CapSense_Processing.c ****         }
 903:Generated_Source\PSoC4/CapSense_Processing.c ****     #endif /* #if (0u != (CapSense_CSD_AUTOTUNE & CapSense_CSD_SS_TH_EN)) */
 904:Generated_Source\PSoC4/CapSense_Processing.c **** 
 905:Generated_Source\PSoC4/CapSense_Processing.c ****     if (0u != (mode & CapSense_PROCESS_BASELINE))
 906:Generated_Source\PSoC4/CapSense_Processing.c ****     {
 907:Generated_Source\PSoC4/CapSense_Processing.c ****         result = CapSense_FtUpdateBaseline(ptrRamWdgt, ptrSns, widgetType);
 908:Generated_Source\PSoC4/CapSense_Processing.c ****     }
 909:Generated_Source\PSoC4/CapSense_Processing.c **** 
 910:Generated_Source\PSoC4/CapSense_Processing.c ****     if (0u != (mode & CapSense_PROCESS_DIFFCOUNTS))
 911:Generated_Source\PSoC4/CapSense_Processing.c ****     {
 912:Generated_Source\PSoC4/CapSense_Processing.c ****         CapSense_DpUpdateDifferences(ptrRamWdgt, ptrSns);
 913:Generated_Source\PSoC4/CapSense_Processing.c ****     }
 914:Generated_Source\PSoC4/CapSense_Processing.c ****     return result;
 915:Generated_Source\PSoC4/CapSense_Processing.c **** }
 916:Generated_Source\PSoC4/CapSense_Processing.c **** 
 917:Generated_Source\PSoC4/CapSense_Processing.c **** /*******************************************************************************
 918:Generated_Source\PSoC4/CapSense_Processing.c **** * Function Name: CapSense_DpProcessCsdWidgetStatus
 919:Generated_Source\PSoC4/CapSense_Processing.c **** ****************************************************************************//**
 920:Generated_Source\PSoC4/CapSense_Processing.c **** *
 921:Generated_Source\PSoC4/CapSense_Processing.c **** * \brief
 922:Generated_Source\PSoC4/CapSense_Processing.c **** *  Runs the status processing of the CSD widget and updates it in the Data Structure.
ARM GAS  C:\Users\Lenovo\AppData\Local\Temp\ccNkNELR.s 			page 20


 923:Generated_Source\PSoC4/CapSense_Processing.c **** *
 924:Generated_Source\PSoC4/CapSense_Processing.c **** * \details
 925:Generated_Source\PSoC4/CapSense_Processing.c **** *  This API determines the widget type and calls the appropriate low-level processing
 926:Generated_Source\PSoC4/CapSense_Processing.c **** *  function. Based on the returned results it updates the widget and sensor
 927:Generated_Source\PSoC4/CapSense_Processing.c **** *  status in the data structure. Any widget specific registers like the centroid
 928:Generated_Source\PSoC4/CapSense_Processing.c **** *  position are updated directly in the low-level processing function.
 929:Generated_Source\PSoC4/CapSense_Processing.c **** *
 930:Generated_Source\PSoC4/CapSense_Processing.c **** *  When the widget-specific processing completes this API updates the snsStatus
 931:Generated_Source\PSoC4/CapSense_Processing.c **** *  and wdgtStatus registers in the data structure. The wdgtStatus register
 932:Generated_Source\PSoC4/CapSense_Processing.c **** *  is a bitmask were each bit corresponds to the specific widget identified by
 933:Generated_Source\PSoC4/CapSense_Processing.c **** *  the widget index. When the bit is set the widget is active (touched);
 934:Generated_Source\PSoC4/CapSense_Processing.c **** *
 935:Generated_Source\PSoC4/CapSense_Processing.c **** *  The snsStatus register for CSD widgets contains status of each widget sensor
 936:Generated_Source\PSoC4/CapSense_Processing.c **** *  (active/non-active). Each bit corresponds to one sensor. In case of the
 937:Generated_Source\PSoC4/CapSense_Processing.c **** *  Proximity widget two bits are used per sensor: one for proximity status and
 938:Generated_Source\PSoC4/CapSense_Processing.c **** *  second for the touch status.
 939:Generated_Source\PSoC4/CapSense_Processing.c **** *
 940:Generated_Source\PSoC4/CapSense_Processing.c **** * \param widgetId        The widget index number.
 941:Generated_Source\PSoC4/CapSense_Processing.c **** * \param ptrFlashWdgt  The pointer to the Flash widget structure.
 942:Generated_Source\PSoC4/CapSense_Processing.c **** *
 943:Generated_Source\PSoC4/CapSense_Processing.c **** *******************************************************************************/
 944:Generated_Source\PSoC4/CapSense_Processing.c **** void CapSense_DpProcessCsdWidgetStatus(uint32 widgetId, CapSense_FLASH_WD_STRUCT const *ptrFlashWdg
 945:Generated_Source\PSoC4/CapSense_Processing.c **** {
 946:Generated_Source\PSoC4/CapSense_Processing.c ****     uint32 sensorStatus;
 947:Generated_Source\PSoC4/CapSense_Processing.c ****     uint32 wdStatusIndex;
 948:Generated_Source\PSoC4/CapSense_Processing.c ****     uint32 wdStatusMask;
 949:Generated_Source\PSoC4/CapSense_Processing.c ****     CapSense_WD_TYPE_ENUM widgetType;
 950:Generated_Source\PSoC4/CapSense_Processing.c **** 
 951:Generated_Source\PSoC4/CapSense_Processing.c ****     widgetType = (CapSense_WD_TYPE_ENUM)ptrFlashWdgt->wdgtType;
 952:Generated_Source\PSoC4/CapSense_Processing.c ****     sensorStatus = CapSense_dsRam.snsStatus[widgetId];
 953:Generated_Source\PSoC4/CapSense_Processing.c **** 
 954:Generated_Source\PSoC4/CapSense_Processing.c ****     switch (widgetType)
 955:Generated_Source\PSoC4/CapSense_Processing.c ****     {
 956:Generated_Source\PSoC4/CapSense_Processing.c ****     #if (0u != CapSense_BUTTON_WIDGET_EN)
 957:Generated_Source\PSoC4/CapSense_Processing.c ****         case CapSense_WD_BUTTON_E:
 958:Generated_Source\PSoC4/CapSense_Processing.c ****             sensorStatus = CapSense_DpProcessButton(sensorStatus, ptrFlashWdgt);
 959:Generated_Source\PSoC4/CapSense_Processing.c ****             break;
 960:Generated_Source\PSoC4/CapSense_Processing.c ****     #endif /* #if (0u != CapSense_BUTTON_WIDGET_EN) */
 961:Generated_Source\PSoC4/CapSense_Processing.c **** 
 962:Generated_Source\PSoC4/CapSense_Processing.c ****     #if (0u != CapSense_SLIDER_WIDGET_EN)
 963:Generated_Source\PSoC4/CapSense_Processing.c ****         case CapSense_WD_LINEAR_SLIDER_E:
 964:Generated_Source\PSoC4/CapSense_Processing.c ****         case CapSense_WD_RADIAL_SLIDER_E:
 965:Generated_Source\PSoC4/CapSense_Processing.c ****             sensorStatus = CapSense_DpProcessSlider(sensorStatus, ptrFlashWdgt);
 966:Generated_Source\PSoC4/CapSense_Processing.c ****             break;
 967:Generated_Source\PSoC4/CapSense_Processing.c ****     #endif /* #if (0u != CapSense_SLIDER_WIDGET_EN) */
 968:Generated_Source\PSoC4/CapSense_Processing.c **** 
 969:Generated_Source\PSoC4/CapSense_Processing.c ****     #if (0u != CapSense_CSD_MATRIX_WIDGET_EN)
 970:Generated_Source\PSoC4/CapSense_Processing.c ****         case CapSense_WD_MATRIX_BUTTON_E:
 971:Generated_Source\PSoC4/CapSense_Processing.c ****             sensorStatus = CapSense_DpProcessCsdMatrix(sensorStatus, ptrFlashWdgt);
 972:Generated_Source\PSoC4/CapSense_Processing.c ****             break;
 973:Generated_Source\PSoC4/CapSense_Processing.c ****     #endif /* #if (0u != CapSense_CSD_MATRIX_WIDGET_EN) */
 974:Generated_Source\PSoC4/CapSense_Processing.c **** 
 975:Generated_Source\PSoC4/CapSense_Processing.c ****     #if (0u != CapSense_CSD_TOUCHPAD_WIDGET_EN)
 976:Generated_Source\PSoC4/CapSense_Processing.c ****         case CapSense_WD_TOUCHPAD_E:
 977:Generated_Source\PSoC4/CapSense_Processing.c ****             sensorStatus = CapSense_DpProcessCsdTouchpad(sensorStatus, ptrFlashWdgt);
 978:Generated_Source\PSoC4/CapSense_Processing.c ****             break;
 979:Generated_Source\PSoC4/CapSense_Processing.c ****     #endif /* #if (0u != CapSense_CSD_TOUCHPAD_WIDGET_EN) */
ARM GAS  C:\Users\Lenovo\AppData\Local\Temp\ccNkNELR.s 			page 21


 980:Generated_Source\PSoC4/CapSense_Processing.c **** 
 981:Generated_Source\PSoC4/CapSense_Processing.c ****     #if (0u != CapSense_PROXIMITY_WIDGET_EN)
 982:Generated_Source\PSoC4/CapSense_Processing.c ****         case CapSense_WD_PROXIMITY_E:
 983:Generated_Source\PSoC4/CapSense_Processing.c ****             sensorStatus = CapSense_DpProcessProximity(sensorStatus, ptrFlashWdgt);
 984:Generated_Source\PSoC4/CapSense_Processing.c ****             break;
 985:Generated_Source\PSoC4/CapSense_Processing.c ****     #endif /* #if (0u != CapSense_PROXIMITY_WIDGET_EN) */
 986:Generated_Source\PSoC4/CapSense_Processing.c **** 
 987:Generated_Source\PSoC4/CapSense_Processing.c ****     default:
 988:Generated_Source\PSoC4/CapSense_Processing.c ****         CYASSERT(0u);
 989:Generated_Source\PSoC4/CapSense_Processing.c ****         break;
 990:Generated_Source\PSoC4/CapSense_Processing.c ****     }
 991:Generated_Source\PSoC4/CapSense_Processing.c **** 
 992:Generated_Source\PSoC4/CapSense_Processing.c ****     CapSense_dsRam.snsStatus[widgetId] = (CapSense_SNS_STS_TYPE)sensorStatus;
 993:Generated_Source\PSoC4/CapSense_Processing.c **** 
 994:Generated_Source\PSoC4/CapSense_Processing.c ****     /* The next two lines calculate index and bitmask of the widget status bit in the wdgtStatus ar
 995:Generated_Source\PSoC4/CapSense_Processing.c ****     wdStatusIndex = CapSense_GET_WDGT_STATUS_INDEX(widgetId);
 996:Generated_Source\PSoC4/CapSense_Processing.c ****     wdStatusMask = CapSense_GET_WDGT_STATUS_MASK(widgetId);
 997:Generated_Source\PSoC4/CapSense_Processing.c **** 
 998:Generated_Source\PSoC4/CapSense_Processing.c ****     /* Check if there are active sensors and update widget status accordingly */
 999:Generated_Source\PSoC4/CapSense_Processing.c ****     if (0u == sensorStatus)
1000:Generated_Source\PSoC4/CapSense_Processing.c ****     {
1001:Generated_Source\PSoC4/CapSense_Processing.c ****         CapSense_dsRam.wdgtStatus[wdStatusIndex] &= ~wdStatusMask;
1002:Generated_Source\PSoC4/CapSense_Processing.c ****     }
1003:Generated_Source\PSoC4/CapSense_Processing.c ****     else
1004:Generated_Source\PSoC4/CapSense_Processing.c ****     {
1005:Generated_Source\PSoC4/CapSense_Processing.c ****         CapSense_dsRam.wdgtStatus[wdStatusIndex] |= wdStatusMask;
1006:Generated_Source\PSoC4/CapSense_Processing.c ****     }
1007:Generated_Source\PSoC4/CapSense_Processing.c **** }
1008:Generated_Source\PSoC4/CapSense_Processing.c **** #endif /* #if (0u != CapSense_TOTAL_CSD_WIDGETS) */
1009:Generated_Source\PSoC4/CapSense_Processing.c **** 
1010:Generated_Source\PSoC4/CapSense_Processing.c **** 
1011:Generated_Source\PSoC4/CapSense_Processing.c **** #if (0 != (CapSense_CSD_AUTOTUNE & CapSense_CSD_SS_TH_EN))
1012:Generated_Source\PSoC4/CapSense_Processing.c **** /*******************************************************************************
1013:Generated_Source\PSoC4/CapSense_Processing.c **** * Function Name: CapSense_DpUpdateThresholds
1014:Generated_Source\PSoC4/CapSense_Processing.c **** ****************************************************************************//**
1015:Generated_Source\PSoC4/CapSense_Processing.c **** *
1016:Generated_Source\PSoC4/CapSense_Processing.c **** * \brief
1017:Generated_Source\PSoC4/CapSense_Processing.c **** *   Updates noise and finger thresholds for a specified widget.
1018:Generated_Source\PSoC4/CapSense_Processing.c **** *
1019:Generated_Source\PSoC4/CapSense_Processing.c **** * \details
1020:Generated_Source\PSoC4/CapSense_Processing.c **** *   Updates noise and finger thresholds for a specified widget.
1021:Generated_Source\PSoC4/CapSense_Processing.c **** *   This algorithm is a part of Auto-tuning feature.
1022:Generated_Source\PSoC4/CapSense_Processing.c **** *
1023:Generated_Source\PSoC4/CapSense_Processing.c **** * \param ptrRamWdgt       The pointer to the RAM widget object.
1024:Generated_Source\PSoC4/CapSense_Processing.c **** * \param ptrNoiseEnvelope The pointer to the noise-envelope object in RAM.
1025:Generated_Source\PSoC4/CapSense_Processing.c **** * \param startFlag        The flag indicates when new widget is processed.
1026:Generated_Source\PSoC4/CapSense_Processing.c **** *
1027:Generated_Source\PSoC4/CapSense_Processing.c **** *******************************************************************************/
1028:Generated_Source\PSoC4/CapSense_Processing.c **** void CapSense_DpUpdateThresholds(CapSense_RAM_WD_BASE_STRUCT *ptrRamWdgt,
1029:Generated_Source\PSoC4/CapSense_Processing.c ****                                          SMARTSENSE_CSD_NOISE_ENVELOPE_STRUCT *ptrNoiseEnvelope,
1030:Generated_Source\PSoC4/CapSense_Processing.c ****                                          uint32 startFlag)
1031:Generated_Source\PSoC4/CapSense_Processing.c **** {
1032:Generated_Source\PSoC4/CapSense_Processing.c ****     SMARTSENSE_UPDATE_THRESHOLDS_STRUCT thresholds;    
1033:Generated_Source\PSoC4/CapSense_Processing.c ****     SMARTSENSE_UPDATE_THRESHOLDS_STRUCT *ptrThresholds = &thresholds;
1034:Generated_Source\PSoC4/CapSense_Processing.c ****     ptrThresholds->fingerTh = ptrRamWdgt->fingerTh;
1035:Generated_Source\PSoC4/CapSense_Processing.c **** 
1036:Generated_Source\PSoC4/CapSense_Processing.c ****     SmartSense_UpdateThresholds(ptrNoiseEnvelope, ptrThresholds, ptrRamWdgt->sigPFC, startFlag);
ARM GAS  C:\Users\Lenovo\AppData\Local\Temp\ccNkNELR.s 			page 22


1037:Generated_Source\PSoC4/CapSense_Processing.c **** 
1038:Generated_Source\PSoC4/CapSense_Processing.c ****     ptrRamWdgt->fingerTh = ptrThresholds->fingerTh;
1039:Generated_Source\PSoC4/CapSense_Processing.c ****     ptrRamWdgt->noiseTh = ptrThresholds->noiseTh;
1040:Generated_Source\PSoC4/CapSense_Processing.c ****     ptrRamWdgt->nNoiseTh = ptrThresholds->nNoiseTh;
1041:Generated_Source\PSoC4/CapSense_Processing.c ****     ptrRamWdgt->hysteresis = ptrThresholds->hysteresis;    
1042:Generated_Source\PSoC4/CapSense_Processing.c **** }
1043:Generated_Source\PSoC4/CapSense_Processing.c **** #endif /* #if (0u != (CapSense_CSD_AUTOTUNE & CapSense_CSD_SS_TH_EN)) */
1044:Generated_Source\PSoC4/CapSense_Processing.c **** 
1045:Generated_Source\PSoC4/CapSense_Processing.c **** 
1046:Generated_Source\PSoC4/CapSense_Processing.c **** /*******************************************************************************
1047:Generated_Source\PSoC4/CapSense_Processing.c **** * Function Name: CapSense_DpUpdateDifferences
1048:Generated_Source\PSoC4/CapSense_Processing.c **** ****************************************************************************//**
1049:Generated_Source\PSoC4/CapSense_Processing.c **** *
1050:Generated_Source\PSoC4/CapSense_Processing.c **** * \brief
1051:Generated_Source\PSoC4/CapSense_Processing.c **** *   Calculates new difference values.
1052:Generated_Source\PSoC4/CapSense_Processing.c **** *   Also, executes the frequency hopping algorithm if it is enabled.
1053:Generated_Source\PSoC4/CapSense_Processing.c **** *
1054:Generated_Source\PSoC4/CapSense_Processing.c **** * \details
1055:Generated_Source\PSoC4/CapSense_Processing.c **** *   This API calculates the difference between the baseline and raw counts.
1056:Generated_Source\PSoC4/CapSense_Processing.c **** *   If the difference is positive (raw > baseline), and higher than the widget
1057:Generated_Source\PSoC4/CapSense_Processing.c **** *   noise threshold, it is saved into the data structure for further processing.
1058:Generated_Source\PSoC4/CapSense_Processing.c **** *   Otherwise the difference is set to zero. The final difference value is saved
1059:Generated_Source\PSoC4/CapSense_Processing.c **** *   with the subtracted noise threshold value.
1060:Generated_Source\PSoC4/CapSense_Processing.c **** *
1061:Generated_Source\PSoC4/CapSense_Processing.c **** *   If the frequency hopping algorithm is enabled, the difference is calculated
1062:Generated_Source\PSoC4/CapSense_Processing.c **** *   for the three sets of data available for each sensor. Then
1063:Generated_Source\PSoC4/CapSense_Processing.c **** *   the median filter selects the final difference value.
1064:Generated_Source\PSoC4/CapSense_Processing.c **** *
1065:Generated_Source\PSoC4/CapSense_Processing.c **** * \param ptrRamWdgt The pointer to the RAR Widget Object.
1066:Generated_Source\PSoC4/CapSense_Processing.c **** * \param ptrSns     The pointer to the sensor object in RAM.
1067:Generated_Source\PSoC4/CapSense_Processing.c **** *
1068:Generated_Source\PSoC4/CapSense_Processing.c **** *******************************************************************************/
1069:Generated_Source\PSoC4/CapSense_Processing.c **** void CapSense_DpUpdateDifferences(
1070:Generated_Source\PSoC4/CapSense_Processing.c ****                         CapSense_RAM_WD_BASE_STRUCT *ptrRamWdgt,
1071:Generated_Source\PSoC4/CapSense_Processing.c ****                         CapSense_RAM_SNS_STRUCT *ptrSns)
1072:Generated_Source\PSoC4/CapSense_Processing.c **** {
 154              		.loc 1 1072 0
 155              		.cfi_startproc
 156              		@ args = 0, pretend = 0, frame = 0
 157              		@ frame_needed = 0, uses_anonymous_args = 0
 158              	.LVL17:
 159 0000 30B5     		push	{r4, r5, lr}
 160              		.cfi_def_cfa_offset 12
 161              		.cfi_offset 4, -12
 162              		.cfi_offset 5, -8
 163              		.cfi_offset 14, -4
 164              	.LVL18:
1073:Generated_Source\PSoC4/CapSense_Processing.c ****     register int32 diffValue = 0;
1074:Generated_Source\PSoC4/CapSense_Processing.c **** 
1075:Generated_Source\PSoC4/CapSense_Processing.c ****     #if (0u != CapSense_MULTI_FREQ_SCAN_EN)
1076:Generated_Source\PSoC4/CapSense_Processing.c ****         register int32 diffValue_0 = 0;
1077:Generated_Source\PSoC4/CapSense_Processing.c ****         register int32 diffValue_2 = 0;
1078:Generated_Source\PSoC4/CapSense_Processing.c ****     #endif /* #if (0u != CapSense_MULTI_FREQ_SCAN_EN) */
1079:Generated_Source\PSoC4/CapSense_Processing.c **** 
1080:Generated_Source\PSoC4/CapSense_Processing.c ****     /* Calculate difference */
1081:Generated_Source\PSoC4/CapSense_Processing.c ****     diffValue = (int32)ptrSns->raw[0u] - (int32)ptrSns->bsln[0u];
 165              		.loc 1 1081 0
ARM GAS  C:\Users\Lenovo\AppData\Local\Temp\ccNkNELR.s 			page 23


 166 0002 0B88     		ldrh	r3, [r1]
 167 0004 4A88     		ldrh	r2, [r1, #2]
 168 0006 9C1A     		subs	r4, r3, r2
 169              	.LVL19:
1082:Generated_Source\PSoC4/CapSense_Processing.c **** 
1083:Generated_Source\PSoC4/CapSense_Processing.c ****     #if (0u != CapSense_MULTI_FREQ_SCAN_EN)
1084:Generated_Source\PSoC4/CapSense_Processing.c ****         diffValue_0 = (int32)ptrSns->raw[1u] - (int32)ptrSns->bsln[1u];
1085:Generated_Source\PSoC4/CapSense_Processing.c ****         diffValue_2 = (int32)ptrSns->raw[2u] - (int32)ptrSns->bsln[2u];
1086:Generated_Source\PSoC4/CapSense_Processing.c **** 
1087:Generated_Source\PSoC4/CapSense_Processing.c ****         /* Find median and put it into [0u] element */
1088:Generated_Source\PSoC4/CapSense_Processing.c ****         if (diffValue_0 > diffValue)
1089:Generated_Source\PSoC4/CapSense_Processing.c ****         {
1090:Generated_Source\PSoC4/CapSense_Processing.c ****             register int32 swapv = diffValue_0;
1091:Generated_Source\PSoC4/CapSense_Processing.c ****             diffValue_0 = diffValue;
1092:Generated_Source\PSoC4/CapSense_Processing.c ****             diffValue = swapv;
1093:Generated_Source\PSoC4/CapSense_Processing.c ****         }
1094:Generated_Source\PSoC4/CapSense_Processing.c **** 
1095:Generated_Source\PSoC4/CapSense_Processing.c ****         if (diffValue > diffValue_2)
1096:Generated_Source\PSoC4/CapSense_Processing.c ****         {
1097:Generated_Source\PSoC4/CapSense_Processing.c ****             register int32 swapv = diffValue;
1098:Generated_Source\PSoC4/CapSense_Processing.c ****             diffValue = diffValue_2;
1099:Generated_Source\PSoC4/CapSense_Processing.c ****             diffValue_2 = swapv;
1100:Generated_Source\PSoC4/CapSense_Processing.c ****         }
1101:Generated_Source\PSoC4/CapSense_Processing.c **** 
1102:Generated_Source\PSoC4/CapSense_Processing.c ****         if (diffValue_0 > diffValue)
1103:Generated_Source\PSoC4/CapSense_Processing.c ****         {
1104:Generated_Source\PSoC4/CapSense_Processing.c ****             register int32 swapv = diffValue_0;
1105:Generated_Source\PSoC4/CapSense_Processing.c ****             diffValue_0 = diffValue;
1106:Generated_Source\PSoC4/CapSense_Processing.c ****             diffValue = swapv;
1107:Generated_Source\PSoC4/CapSense_Processing.c ****         }
1108:Generated_Source\PSoC4/CapSense_Processing.c ****     #endif /* #if (0u != CapSense_MULTI_FREQ_SCAN_EN) */
1109:Generated_Source\PSoC4/CapSense_Processing.c **** 
1110:Generated_Source\PSoC4/CapSense_Processing.c ****     ptrSns->diff = 0u;
 170              		.loc 1 1110 0
 171 0008 0025     		movs	r5, #0
 172 000a CD80     		strh	r5, [r1, #6]
1111:Generated_Source\PSoC4/CapSense_Processing.c **** 
1112:Generated_Source\PSoC4/CapSense_Processing.c ****     if (diffValue > (int32)ptrRamWdgt->noiseTh)
 173              		.loc 1 1112 0
 174 000c 0079     		ldrb	r0, [r0, #4]
 175              	.LVL20:
 176 000e 8442     		cmp	r4, r0
 177 0010 00DD     		ble	.L13
1113:Generated_Source\PSoC4/CapSense_Processing.c ****     {
1114:Generated_Source\PSoC4/CapSense_Processing.c ****         ptrSns->diff = (CapSense_THRESHOLD_TYPE) diffValue;
 178              		.loc 1 1114 0
 179 0012 CC80     		strh	r4, [r1, #6]
 180              	.L13:
1115:Generated_Source\PSoC4/CapSense_Processing.c ****     }
1116:Generated_Source\PSoC4/CapSense_Processing.c **** }
 181              		.loc 1 1116 0
 182              		@ sp needed
 183              	.LVL21:
 184 0014 30BD     		pop	{r4, r5, pc}
 185              		.cfi_endproc
 186              	.LFE7:
 187              		.size	CapSense_DpUpdateDifferences, .-CapSense_DpUpdateDifferences
ARM GAS  C:\Users\Lenovo\AppData\Local\Temp\ccNkNELR.s 			page 24


 188 0016 C046     		.section	.text.CapSense_DpProcessCsdWidgetRawCounts,"ax",%progbits
 189              		.align	2
 190              		.global	CapSense_DpProcessCsdWidgetRawCounts
 191              		.code	16
 192              		.thumb_func
 193              		.type	CapSense_DpProcessCsdWidgetRawCounts, %function
 194              	CapSense_DpProcessCsdWidgetRawCounts:
 195              	.LFB4:
 710:Generated_Source\PSoC4/CapSense_Processing.c ****     uint32  result = CYRET_SUCCESS;
 196              		.loc 1 710 0
 197              		.cfi_startproc
 198              		@ args = 0, pretend = 0, frame = 8
 199              		@ frame_needed = 0, uses_anonymous_args = 0
 200              	.LVL22:
 201 0000 F0B5     		push	{r4, r5, r6, r7, lr}
 202              		.cfi_def_cfa_offset 20
 203              		.cfi_offset 4, -20
 204              		.cfi_offset 5, -16
 205              		.cfi_offset 6, -12
 206              		.cfi_offset 7, -8
 207              		.cfi_offset 14, -4
 208 0002 83B0     		sub	sp, sp, #12
 209              		.cfi_def_cfa_offset 32
 210 0004 0700     		movs	r7, r0
 211              	.LVL23:
 741:Generated_Source\PSoC4/CapSense_Processing.c ****     ptrRamWdgt = ptrFlashWdgt->ptr2WdgtRam;
 212              		.loc 1 741 0
 213 0006 8468     		ldr	r4, [r0, #8]
 214              	.LVL24:
 742:Generated_Source\PSoC4/CapSense_Processing.c ****     widgetType = ptrFlashWdgt->wdgtType;
 215              		.loc 1 742 0
 216 0008 4568     		ldr	r5, [r0, #4]
 217              	.LVL25:
 743:Generated_Source\PSoC4/CapSense_Processing.c **** 
 218              		.loc 1 743 0
 219 000a 037E     		ldrb	r3, [r0, #24]
 220 000c 0193     		str	r3, [sp, #4]
 221              	.LVL26:
 750:Generated_Source\PSoC4/CapSense_Processing.c ****     {
 222              		.loc 1 750 0
 223 000e 0026     		movs	r6, #0
 711:Generated_Source\PSoC4/CapSense_Processing.c ****     
 224              		.loc 1 711 0
 225 0010 0023     		movs	r3, #0
 226              	.LVL27:
 227 0012 0093     		str	r3, [sp]
 750:Generated_Source\PSoC4/CapSense_Processing.c ****     {
 228              		.loc 1 750 0
 229 0014 0BE0     		b	.L16
 230              	.LVL28:
 231              	.L17:
 794:Generated_Source\PSoC4/CapSense_Processing.c ****         #endif /* (CapSense_ENABLE == CapSense_TST_BSLN_DUPLICATION_EN) */
 232              		.loc 1 794 0 discriminator 3
 233 0016 019A     		ldr	r2, [sp, #4]
 234 0018 2100     		movs	r1, r4
 235 001a 2800     		movs	r0, r5
 236 001c FFF7FEFF 		bl	CapSense_FtUpdateBaseline
ARM GAS  C:\Users\Lenovo\AppData\Local\Temp\ccNkNELR.s 			page 25


 237              	.LVL29:
 238 0020 0090     		str	r0, [sp]
 239              	.LVL30:
 797:Generated_Source\PSoC4/CapSense_Processing.c **** 
 240              		.loc 1 797 0 discriminator 3
 241 0022 2100     		movs	r1, r4
 242 0024 2800     		movs	r0, r5
 243              	.LVL31:
 244 0026 FFF7FEFF 		bl	CapSense_DpUpdateDifferences
 245              	.LVL32:
 800:Generated_Source\PSoC4/CapSense_Processing.c **** 
 246              		.loc 1 800 0 discriminator 3
 247 002a 0A34     		adds	r4, r4, #10
 248              	.LVL33:
 750:Generated_Source\PSoC4/CapSense_Processing.c ****     {
 249              		.loc 1 750 0 discriminator 3
 250 002c 0136     		adds	r6, r6, #1
 251              	.LVL34:
 252              	.L16:
 750:Generated_Source\PSoC4/CapSense_Processing.c ****     {
 253              		.loc 1 750 0 is_stmt 0 discriminator 1
 254 002e FB8A     		ldrh	r3, [r7, #22]
 255 0030 9E42     		cmp	r6, r3
 256 0032 F0D3     		bcc	.L17
 808:Generated_Source\PSoC4/CapSense_Processing.c **** 
 257              		.loc 1 808 0 is_stmt 1
 258 0034 0098     		ldr	r0, [sp]
 259 0036 03B0     		add	sp, sp, #12
 260              	.LVL35:
 261              		@ sp needed
 262              	.LVL36:
 263              	.LVL37:
 264              	.LVL38:
 265              	.LVL39:
 266 0038 F0BD     		pop	{r4, r5, r6, r7, pc}
 267              		.cfi_endproc
 268              	.LFE4:
 269              		.size	CapSense_DpProcessCsdWidgetRawCounts, .-CapSense_DpProcessCsdWidgetRawCounts
 270 003a C046     		.section	.text.CapSense_DpProcessCsdSensorRawCountsExt,"ax",%progbits
 271              		.align	2
 272              		.global	CapSense_DpProcessCsdSensorRawCountsExt
 273              		.code	16
 274              		.thumb_func
 275              		.type	CapSense_DpProcessCsdSensorRawCountsExt, %function
 276              	CapSense_DpProcessCsdSensorRawCountsExt:
 277              	.LFB5:
 849:Generated_Source\PSoC4/CapSense_Processing.c ****     uint32 result = CYRET_SUCCESS;
 278              		.loc 1 849 0
 279              		.cfi_startproc
 280              		@ args = 0, pretend = 0, frame = 0
 281              		@ frame_needed = 0, uses_anonymous_args = 0
 282              	.LVL40:
 283 0000 F8B5     		push	{r3, r4, r5, r6, r7, lr}
 284              		.cfi_def_cfa_offset 24
 285              		.cfi_offset 3, -24
 286              		.cfi_offset 4, -20
 287              		.cfi_offset 5, -16
ARM GAS  C:\Users\Lenovo\AppData\Local\Temp\ccNkNELR.s 			page 26


 288              		.cfi_offset 6, -12
 289              		.cfi_offset 7, -8
 290              		.cfi_offset 14, -4
 291 0002 0E00     		movs	r6, r1
 292 0004 1C00     		movs	r4, r3
 293              	.LVL41:
 864:Generated_Source\PSoC4/CapSense_Processing.c ****     ptrRamWdgt = ptrFlashWdgt->ptr2WdgtRam;
 294              		.loc 1 864 0
 295 0006 027E     		ldrb	r2, [r0, #24]
 296              	.LVL42:
 865:Generated_Source\PSoC4/CapSense_Processing.c **** 
 297              		.loc 1 865 0
 298 0008 4768     		ldr	r7, [r0, #4]
 299              	.LVL43:
 905:Generated_Source\PSoC4/CapSense_Processing.c ****     {
 300              		.loc 1 905 0
 301 000a A307     		lsls	r3, r4, #30
 302 000c 04D5     		bpl	.L21
 303              	.LVL44:
 907:Generated_Source\PSoC4/CapSense_Processing.c ****     }
 304              		.loc 1 907 0
 305 000e 3800     		movs	r0, r7
 306              	.LVL45:
 307 0010 FFF7FEFF 		bl	CapSense_FtUpdateBaseline
 308              	.LVL46:
 309 0014 0500     		movs	r5, r0
 310              	.LVL47:
 311 0016 00E0     		b	.L19
 312              	.LVL48:
 313              	.L21:
 850:Generated_Source\PSoC4/CapSense_Processing.c ****     uint32  widgetType;
 314              		.loc 1 850 0
 315 0018 0025     		movs	r5, #0
 316              	.LVL49:
 317              	.L19:
 910:Generated_Source\PSoC4/CapSense_Processing.c ****     {
 318              		.loc 1 910 0
 319 001a 6307     		lsls	r3, r4, #29
 320 001c 03D5     		bpl	.L20
 912:Generated_Source\PSoC4/CapSense_Processing.c ****     }
 321              		.loc 1 912 0
 322 001e 3100     		movs	r1, r6
 323 0020 3800     		movs	r0, r7
 324 0022 FFF7FEFF 		bl	CapSense_DpUpdateDifferences
 325              	.LVL50:
 326              	.L20:
 915:Generated_Source\PSoC4/CapSense_Processing.c **** 
 327              		.loc 1 915 0
 328 0026 2800     		movs	r0, r5
 329              		@ sp needed
 330              	.LVL51:
 331              	.LVL52:
 332              	.LVL53:
 333              	.LVL54:
 334 0028 F8BD     		pop	{r3, r4, r5, r6, r7, pc}
 335              		.cfi_endproc
 336              	.LFE5:
ARM GAS  C:\Users\Lenovo\AppData\Local\Temp\ccNkNELR.s 			page 27


 337              		.size	CapSense_DpProcessCsdSensorRawCountsExt, .-CapSense_DpProcessCsdSensorRawCountsExt
 338 002a C046     		.section	.text.CapSense_DpProcessSlider,"ax",%progbits
 339              		.align	2
 340              		.global	CapSense_DpProcessSlider
 341              		.code	16
 342              		.thumb_func
 343              		.type	CapSense_DpProcessSlider, %function
 344              	CapSense_DpProcessSlider:
 345              	.LFB8:
1117:Generated_Source\PSoC4/CapSense_Processing.c **** 
1118:Generated_Source\PSoC4/CapSense_Processing.c **** 
1119:Generated_Source\PSoC4/CapSense_Processing.c **** #if ((0u != CapSense_BUTTON_WIDGET_EN) || (0u != CapSense_CSX_MATRIX_WIDGET_EN))
1120:Generated_Source\PSoC4/CapSense_Processing.c **** /*******************************************************************************
1121:Generated_Source\PSoC4/CapSense_Processing.c **** * Function Name: CapSense_DpProcessButton
1122:Generated_Source\PSoC4/CapSense_Processing.c **** ****************************************************************************//**
1123:Generated_Source\PSoC4/CapSense_Processing.c **** *
1124:Generated_Source\PSoC4/CapSense_Processing.c **** * \brief
1125:Generated_Source\PSoC4/CapSense_Processing.c **** *   Processes the status of the Button widget.
1126:Generated_Source\PSoC4/CapSense_Processing.c **** *
1127:Generated_Source\PSoC4/CapSense_Processing.c **** * \details
1128:Generated_Source\PSoC4/CapSense_Processing.c **** *   This API processes the status of the CSD/CSX Button widget and
1129:Generated_Source\PSoC4/CapSense_Processing.c **** *   CSX Matrix Button widget. It applies the hysteresis and de-bounce algorithm
1130:Generated_Source\PSoC4/CapSense_Processing.c **** *   to each sensor difference value. This API is expected to be called
1131:Generated_Source\PSoC4/CapSense_Processing.c **** *   after each new widget scan. If it is called multiple times for the same
1132:Generated_Source\PSoC4/CapSense_Processing.c **** *   scan data, the de-bounce algorithm will not work properly.
1133:Generated_Source\PSoC4/CapSense_Processing.c **** *
1134:Generated_Source\PSoC4/CapSense_Processing.c **** *   This API does not update any Data Structure registers
1135:Generated_Source\PSoC4/CapSense_Processing.c **** *   except the de-bounce counters.
1136:Generated_Source\PSoC4/CapSense_Processing.c **** *
1137:Generated_Source\PSoC4/CapSense_Processing.c **** * \param currStatus   The current status of the widget sensors.
1138:Generated_Source\PSoC4/CapSense_Processing.c **** * \param ptrFlashWdgt The pointer to the Flash Widget Object.
1139:Generated_Source\PSoC4/CapSense_Processing.c **** *
1140:Generated_Source\PSoC4/CapSense_Processing.c **** * \return Returns the status of the widget's sensors. Bit #0 - corresponds to Sensor #0.
1141:Generated_Source\PSoC4/CapSense_Processing.c **** *
1142:Generated_Source\PSoC4/CapSense_Processing.c **** *******************************************************************************/
1143:Generated_Source\PSoC4/CapSense_Processing.c **** uint32 CapSense_DpProcessButton(uint32 currStatus, CapSense_FLASH_WD_STRUCT const *ptrFlashWdgt)
1144:Generated_Source\PSoC4/CapSense_Processing.c **** {
1145:Generated_Source\PSoC4/CapSense_Processing.c ****     uint32 snsCnt;
1146:Generated_Source\PSoC4/CapSense_Processing.c ****     uint32 snsMask;
1147:Generated_Source\PSoC4/CapSense_Processing.c ****     uint32 newStatus;
1148:Generated_Source\PSoC4/CapSense_Processing.c ****     uint32 touchTh;
1149:Generated_Source\PSoC4/CapSense_Processing.c ****     CapSense_RAM_SNS_STRUCT *ptrSns;
1150:Generated_Source\PSoC4/CapSense_Processing.c ****     CapSense_RAM_WD_BASE_STRUCT *ptrRamWdgt;
1151:Generated_Source\PSoC4/CapSense_Processing.c ****     uint8 * ptrDebounceCnt;
1152:Generated_Source\PSoC4/CapSense_Processing.c **** 
1153:Generated_Source\PSoC4/CapSense_Processing.c ****     snsCnt = ptrFlashWdgt->totalNumSns;
1154:Generated_Source\PSoC4/CapSense_Processing.c ****     ptrSns = ptrFlashWdgt->ptr2SnsRam;
1155:Generated_Source\PSoC4/CapSense_Processing.c ****     ptrRamWdgt = ptrFlashWdgt->ptr2WdgtRam;
1156:Generated_Source\PSoC4/CapSense_Processing.c ****     ptrDebounceCnt = ptrFlashWdgt->ptr2DebounceArr;
1157:Generated_Source\PSoC4/CapSense_Processing.c **** 
1158:Generated_Source\PSoC4/CapSense_Processing.c ****     /* Go through all widget's sensors */
1159:Generated_Source\PSoC4/CapSense_Processing.c ****     snsMask = 1Lu;
1160:Generated_Source\PSoC4/CapSense_Processing.c ****     for (; snsCnt-- > 0u; )
1161:Generated_Source\PSoC4/CapSense_Processing.c ****     {
1162:Generated_Source\PSoC4/CapSense_Processing.c ****         /* Calculate touch threshold taking into account hysteresis
1163:Generated_Source\PSoC4/CapSense_Processing.c ****            and current sensor state. */
1164:Generated_Source\PSoC4/CapSense_Processing.c ****         touchTh = (0u == (currStatus & snsMask)) ?
ARM GAS  C:\Users\Lenovo\AppData\Local\Temp\ccNkNELR.s 			page 28


1165:Generated_Source\PSoC4/CapSense_Processing.c ****                   ((uint32)ptrRamWdgt->fingerTh + ptrRamWdgt->hysteresis) :
1166:Generated_Source\PSoC4/CapSense_Processing.c ****                   ((uint32)ptrRamWdgt->fingerTh - ptrRamWdgt->hysteresis);
1167:Generated_Source\PSoC4/CapSense_Processing.c **** 
1168:Generated_Source\PSoC4/CapSense_Processing.c ****         /* Determine new potential sensor state */
1169:Generated_Source\PSoC4/CapSense_Processing.c ****         newStatus = (ptrSns->diff > touchTh) ? snsMask : 0u;
1170:Generated_Source\PSoC4/CapSense_Processing.c **** 
1171:Generated_Source\PSoC4/CapSense_Processing.c ****         /* Sensor state changed ? */
1172:Generated_Source\PSoC4/CapSense_Processing.c ****         if (newStatus != (currStatus & snsMask))
1173:Generated_Source\PSoC4/CapSense_Processing.c ****         {
1174:Generated_Source\PSoC4/CapSense_Processing.c ****             /* Decrement de-bounce counter */
1175:Generated_Source\PSoC4/CapSense_Processing.c ****             (*ptrDebounceCnt)--;
1176:Generated_Source\PSoC4/CapSense_Processing.c ****         }
1177:Generated_Source\PSoC4/CapSense_Processing.c **** 
1178:Generated_Source\PSoC4/CapSense_Processing.c ****         /* This piece of code has two objectives:
1179:Generated_Source\PSoC4/CapSense_Processing.c ****            1. Reset de-bounce counter if the sensor state did not change.
1180:Generated_Source\PSoC4/CapSense_Processing.c ****               (It is possible that during previous processing cycles sensor
1181:Generated_Source\PSoC4/CapSense_Processing.c ****                was active and de-bounce counter was decremented.)
1182:Generated_Source\PSoC4/CapSense_Processing.c ****            2. Set new sensor state after successful de-bounce.
1183:Generated_Source\PSoC4/CapSense_Processing.c ****          */
1184:Generated_Source\PSoC4/CapSense_Processing.c ****         if ((newStatus == (currStatus & snsMask)) || (0u == (*ptrDebounceCnt)))
1185:Generated_Source\PSoC4/CapSense_Processing.c ****         {
1186:Generated_Source\PSoC4/CapSense_Processing.c ****             /* Set new sensor status */
1187:Generated_Source\PSoC4/CapSense_Processing.c ****             currStatus &= ~snsMask;
1188:Generated_Source\PSoC4/CapSense_Processing.c ****             currStatus |= newStatus;
1189:Generated_Source\PSoC4/CapSense_Processing.c **** 
1190:Generated_Source\PSoC4/CapSense_Processing.c ****             /* Reset de-bounce counter */
1191:Generated_Source\PSoC4/CapSense_Processing.c ****             #if (0u != CapSense_OFF_DEBOUNCE_EN)
1192:Generated_Source\PSoC4/CapSense_Processing.c ****                 *ptrDebounceCnt = (0Lu == newStatus) ? ptrRamWdgt->onDebounce : ptrRamWdgt->offDebo
1193:Generated_Source\PSoC4/CapSense_Processing.c ****             #else
1194:Generated_Source\PSoC4/CapSense_Processing.c ****                 *ptrDebounceCnt = (0Lu == newStatus) ? ptrRamWdgt->onDebounce : DEFAULT_OFF_DEBOUNC
1195:Generated_Source\PSoC4/CapSense_Processing.c ****             #endif /* #if (0u != CapSense_OFF_DEBOUNCE_EN) */
1196:Generated_Source\PSoC4/CapSense_Processing.c ****         }
1197:Generated_Source\PSoC4/CapSense_Processing.c ****         
1198:Generated_Source\PSoC4/CapSense_Processing.c ****         /* Move mask to the next sensor */
1199:Generated_Source\PSoC4/CapSense_Processing.c ****         snsMask <<= 1u;
1200:Generated_Source\PSoC4/CapSense_Processing.c ****         
1201:Generated_Source\PSoC4/CapSense_Processing.c ****         ptrSns++;
1202:Generated_Source\PSoC4/CapSense_Processing.c ****         ptrDebounceCnt++;
1203:Generated_Source\PSoC4/CapSense_Processing.c ****     }
1204:Generated_Source\PSoC4/CapSense_Processing.c **** 
1205:Generated_Source\PSoC4/CapSense_Processing.c ****     return currStatus;
1206:Generated_Source\PSoC4/CapSense_Processing.c **** }
1207:Generated_Source\PSoC4/CapSense_Processing.c **** #endif /* #if ((0u != CapSense_BUTTON_WIDGET_EN) || (0u != CapSense_CSX_MATRIX_WIDGET_EN)) */
1208:Generated_Source\PSoC4/CapSense_Processing.c **** 
1209:Generated_Source\PSoC4/CapSense_Processing.c **** 
1210:Generated_Source\PSoC4/CapSense_Processing.c **** #if (0u != CapSense_PROXIMITY_WIDGET_EN)
1211:Generated_Source\PSoC4/CapSense_Processing.c **** /*******************************************************************************
1212:Generated_Source\PSoC4/CapSense_Processing.c **** * Function Name: CapSense_DpProcessProximity
1213:Generated_Source\PSoC4/CapSense_Processing.c **** ****************************************************************************//**
1214:Generated_Source\PSoC4/CapSense_Processing.c **** *
1215:Generated_Source\PSoC4/CapSense_Processing.c **** * \brief
1216:Generated_Source\PSoC4/CapSense_Processing.c **** *   Processes the status of the Proximity widget.
1217:Generated_Source\PSoC4/CapSense_Processing.c **** *
1218:Generated_Source\PSoC4/CapSense_Processing.c **** * \details
1219:Generated_Source\PSoC4/CapSense_Processing.c **** *   This API processes the status of the CSD Proximity widget. It applies the
1220:Generated_Source\PSoC4/CapSense_Processing.c **** *   hysteresis and debounce algorithm to each sensor difference value.
1221:Generated_Source\PSoC4/CapSense_Processing.c **** *   The proximity and touch events are considered independently so debounce and
ARM GAS  C:\Users\Lenovo\AppData\Local\Temp\ccNkNELR.s 			page 29


1222:Generated_Source\PSoC4/CapSense_Processing.c **** *   hysteresis are also applied independently.
1223:Generated_Source\PSoC4/CapSense_Processing.c **** *
1224:Generated_Source\PSoC4/CapSense_Processing.c **** *   This API is expected to be called after each new widget scan. If it is
1225:Generated_Source\PSoC4/CapSense_Processing.c **** *   called multiple times for the same scan data the debounce algorithm
1226:Generated_Source\PSoC4/CapSense_Processing.c **** *   will not work properly.
1227:Generated_Source\PSoC4/CapSense_Processing.c **** *
1228:Generated_Source\PSoC4/CapSense_Processing.c **** *   This API does not update any Data Structure registers
1229:Generated_Source\PSoC4/CapSense_Processing.c **** *   except the debounce counters.
1230:Generated_Source\PSoC4/CapSense_Processing.c **** *
1231:Generated_Source\PSoC4/CapSense_Processing.c **** * \param currStatus   The value with the current widget status.
1232:Generated_Source\PSoC4/CapSense_Processing.c **** * \param ptrFlashWdgt The pointer to the Flash Widget Object.
1233:Generated_Source\PSoC4/CapSense_Processing.c **** *
1234:Generated_Source\PSoC4/CapSense_Processing.c **** * \return
1235:Generated_Source\PSoC4/CapSense_Processing.c **** *  Returns the status of the proximity sensors. Each sensor is represented by two bits
1236:Generated_Source\PSoC4/CapSense_Processing.c **** *  that can take the following values:
1237:Generated_Source\PSoC4/CapSense_Processing.c **** *   - 00b not active
1238:Generated_Source\PSoC4/CapSense_Processing.c **** *   - 01b proximity is detected (signal is above finger threshold)
1239:Generated_Source\PSoC4/CapSense_Processing.c **** *   - 11b finger touch is detected (signal is above the touch threshold)
1240:Generated_Source\PSoC4/CapSense_Processing.c **** *
1241:Generated_Source\PSoC4/CapSense_Processing.c **** *******************************************************************************/
1242:Generated_Source\PSoC4/CapSense_Processing.c **** uint32 CapSense_DpProcessProximity(uint32 currStatus, CapSense_FLASH_WD_STRUCT const *ptrFlashWdgt)
1243:Generated_Source\PSoC4/CapSense_Processing.c **** {
1244:Generated_Source\PSoC4/CapSense_Processing.c ****     uint32 currTh;
1245:Generated_Source\PSoC4/CapSense_Processing.c ****     uint32 snsCnt;
1246:Generated_Source\PSoC4/CapSense_Processing.c ****     uint32 snsMask;
1247:Generated_Source\PSoC4/CapSense_Processing.c ****     uint32 newStatus;
1248:Generated_Source\PSoC4/CapSense_Processing.c ****     uint32 difference;
1249:Generated_Source\PSoC4/CapSense_Processing.c **** 
1250:Generated_Source\PSoC4/CapSense_Processing.c ****     uint8 *ptrDebounceCnt;
1251:Generated_Source\PSoC4/CapSense_Processing.c ****     CapSense_RAM_SNS_STRUCT *ptrSns;
1252:Generated_Source\PSoC4/CapSense_Processing.c ****     CapSense_RAM_WD_PROXIMITY_STRUCT *ptrRamWdgt;
1253:Generated_Source\PSoC4/CapSense_Processing.c **** 
1254:Generated_Source\PSoC4/CapSense_Processing.c ****     /* Mask for proximity status bits. (All odd bits.) */
1255:Generated_Source\PSoC4/CapSense_Processing.c ****     const uint32 proxMask = UINT32_ODD_BITS_CONST;
1256:Generated_Source\PSoC4/CapSense_Processing.c **** 
1257:Generated_Source\PSoC4/CapSense_Processing.c ****     ptrSns = ptrFlashWdgt->ptr2SnsRam;
1258:Generated_Source\PSoC4/CapSense_Processing.c ****     ptrRamWdgt = ptrFlashWdgt->ptr2WdgtRam;
1259:Generated_Source\PSoC4/CapSense_Processing.c ****     ptrDebounceCnt = ptrFlashWdgt->ptr2DebounceArr;
1260:Generated_Source\PSoC4/CapSense_Processing.c **** 
1261:Generated_Source\PSoC4/CapSense_Processing.c ****     /* Get number of sensors and multiply it by 2 - proximity and touch statuses per sensor. */
1262:Generated_Source\PSoC4/CapSense_Processing.c ****     snsCnt = (uint32)ptrFlashWdgt->totalNumSns << 1u;
1263:Generated_Source\PSoC4/CapSense_Processing.c **** 
1264:Generated_Source\PSoC4/CapSense_Processing.c ****     /* Go through all sensor's status bits */
1265:Generated_Source\PSoC4/CapSense_Processing.c ****     snsMask = 1Lu;
1266:Generated_Source\PSoC4/CapSense_Processing.c ****     for (; snsCnt-- > 0u;)
1267:Generated_Source\PSoC4/CapSense_Processing.c ****     {
1268:Generated_Source\PSoC4/CapSense_Processing.c ****         difference = ptrSns->diff;
1269:Generated_Source\PSoC4/CapSense_Processing.c **** 
1270:Generated_Source\PSoC4/CapSense_Processing.c ****         /* Determine current event (proximity - odd; touch - even) and get appropriate threshold. *
1271:Generated_Source\PSoC4/CapSense_Processing.c ****         currTh = ptrRamWdgt->fingerTh;
1272:Generated_Source\PSoC4/CapSense_Processing.c **** 
1273:Generated_Source\PSoC4/CapSense_Processing.c ****         if (0u == (snsMask & proxMask))
1274:Generated_Source\PSoC4/CapSense_Processing.c ****         {
1275:Generated_Source\PSoC4/CapSense_Processing.c ****             currTh = ptrRamWdgt->proxTouchTh;
1276:Generated_Source\PSoC4/CapSense_Processing.c ****             ptrSns++;
1277:Generated_Source\PSoC4/CapSense_Processing.c ****         }
1278:Generated_Source\PSoC4/CapSense_Processing.c **** 
ARM GAS  C:\Users\Lenovo\AppData\Local\Temp\ccNkNELR.s 			page 30


1279:Generated_Source\PSoC4/CapSense_Processing.c ****         /* Calculate finger threshold applying hysteresis based on current sensor state. */
1280:Generated_Source\PSoC4/CapSense_Processing.c ****         currTh = (0u == (currStatus & snsMask)) ? (currTh + ptrRamWdgt->hysteresis) : (currTh - ptr
1281:Generated_Source\PSoC4/CapSense_Processing.c **** 
1282:Generated_Source\PSoC4/CapSense_Processing.c ****         /* Determine new potential sensor state before de-bounce */
1283:Generated_Source\PSoC4/CapSense_Processing.c ****         newStatus = (difference > currTh) ? snsMask : 0Lu;
1284:Generated_Source\PSoC4/CapSense_Processing.c **** 
1285:Generated_Source\PSoC4/CapSense_Processing.c ****         /* Sensor state changed ? */
1286:Generated_Source\PSoC4/CapSense_Processing.c ****         if (newStatus != (currStatus & snsMask))
1287:Generated_Source\PSoC4/CapSense_Processing.c ****         {
1288:Generated_Source\PSoC4/CapSense_Processing.c ****             /* Decrement de-bounce counter */
1289:Generated_Source\PSoC4/CapSense_Processing.c ****             (*ptrDebounceCnt)--;
1290:Generated_Source\PSoC4/CapSense_Processing.c ****         }
1291:Generated_Source\PSoC4/CapSense_Processing.c **** 
1292:Generated_Source\PSoC4/CapSense_Processing.c ****         /* This piece of code has two objectives:
1293:Generated_Source\PSoC4/CapSense_Processing.c ****            1. Reset de-bounce counter if new sensor state has not changed.
1294:Generated_Source\PSoC4/CapSense_Processing.c ****               (It is possible that during previous processing cycles the sensor
1295:Generated_Source\PSoC4/CapSense_Processing.c ****                state was different which caused de-bounce counter change.)
1296:Generated_Source\PSoC4/CapSense_Processing.c ****            2. Set new sensor state after successful de-bounce.
1297:Generated_Source\PSoC4/CapSense_Processing.c ****          */
1298:Generated_Source\PSoC4/CapSense_Processing.c ****         if ((newStatus == (currStatus & snsMask)) || (0u == (*ptrDebounceCnt)))
1299:Generated_Source\PSoC4/CapSense_Processing.c ****         {
1300:Generated_Source\PSoC4/CapSense_Processing.c ****             /* Set new sensor status */
1301:Generated_Source\PSoC4/CapSense_Processing.c ****             currStatus &= ~snsMask;
1302:Generated_Source\PSoC4/CapSense_Processing.c ****             currStatus |= newStatus;
1303:Generated_Source\PSoC4/CapSense_Processing.c **** 
1304:Generated_Source\PSoC4/CapSense_Processing.c ****             /* Reset de-bounce counter */
1305:Generated_Source\PSoC4/CapSense_Processing.c ****             #if (0u != CapSense_OFF_DEBOUNCE_EN)
1306:Generated_Source\PSoC4/CapSense_Processing.c ****                 *ptrDebounceCnt = (0Lu == newStatus) ? ptrRamWdgt->onDebounce : ptrRamWdgt->offDebo
1307:Generated_Source\PSoC4/CapSense_Processing.c ****             #else
1308:Generated_Source\PSoC4/CapSense_Processing.c ****                 *ptrDebounceCnt = (0Lu == newStatus) ? ptrRamWdgt->onDebounce : DEFAULT_OFF_DEBOUNC
1309:Generated_Source\PSoC4/CapSense_Processing.c ****             #endif /* #if (0u != CapSense_OFF_DEBOUNCE_EN) */
1310:Generated_Source\PSoC4/CapSense_Processing.c ****         }
1311:Generated_Source\PSoC4/CapSense_Processing.c **** 
1312:Generated_Source\PSoC4/CapSense_Processing.c ****         ptrDebounceCnt++;
1313:Generated_Source\PSoC4/CapSense_Processing.c ****         
1314:Generated_Source\PSoC4/CapSense_Processing.c ****         /* Move sensor mask to the next sensor */
1315:Generated_Source\PSoC4/CapSense_Processing.c ****         snsMask <<= 1u;
1316:Generated_Source\PSoC4/CapSense_Processing.c ****     }
1317:Generated_Source\PSoC4/CapSense_Processing.c **** 
1318:Generated_Source\PSoC4/CapSense_Processing.c ****     return currStatus;
1319:Generated_Source\PSoC4/CapSense_Processing.c **** }
1320:Generated_Source\PSoC4/CapSense_Processing.c **** #endif /* #if (0u != CapSense_PROXIMITY_WIDGET_EN) */
1321:Generated_Source\PSoC4/CapSense_Processing.c **** 
1322:Generated_Source\PSoC4/CapSense_Processing.c **** 
1323:Generated_Source\PSoC4/CapSense_Processing.c **** #if (0u != CapSense_SLIDER_WIDGET_EN)
1324:Generated_Source\PSoC4/CapSense_Processing.c **** /*******************************************************************************
1325:Generated_Source\PSoC4/CapSense_Processing.c **** * Function Name: CapSense_DpProcessSlider
1326:Generated_Source\PSoC4/CapSense_Processing.c **** ****************************************************************************//**
1327:Generated_Source\PSoC4/CapSense_Processing.c **** *
1328:Generated_Source\PSoC4/CapSense_Processing.c **** * \brief
1329:Generated_Source\PSoC4/CapSense_Processing.c **** *   Processes the status of the Linear/Radial Slider widget.
1330:Generated_Source\PSoC4/CapSense_Processing.c **** *   The process involves running the Linear/Radial Centroid algorithm.
1331:Generated_Source\PSoC4/CapSense_Processing.c **** *
1332:Generated_Source\PSoC4/CapSense_Processing.c **** * \details
1333:Generated_Source\PSoC4/CapSense_Processing.c **** *   This API processes the status of the CSD Slider widget (Linear and Radial).
1334:Generated_Source\PSoC4/CapSense_Processing.c **** *   It applies the hysteresis and de-bounce algorithm to the widget ignoring
1335:Generated_Source\PSoC4/CapSense_Processing.c **** *   the individual states of the sensors.
ARM GAS  C:\Users\Lenovo\AppData\Local\Temp\ccNkNELR.s 			page 31


1336:Generated_Source\PSoC4/CapSense_Processing.c **** *
1337:Generated_Source\PSoC4/CapSense_Processing.c **** *   This API is expected to be called after each new widget scan. If it is
1338:Generated_Source\PSoC4/CapSense_Processing.c **** *   called multiple times for the same scan data, the debounce algorithm
1339:Generated_Source\PSoC4/CapSense_Processing.c **** *   will not work properly.
1340:Generated_Source\PSoC4/CapSense_Processing.c **** *
1341:Generated_Source\PSoC4/CapSense_Processing.c **** *   Slider widgets do not support the ON to OFF debounce.
1342:Generated_Source\PSoC4/CapSense_Processing.c **** *
1343:Generated_Source\PSoC4/CapSense_Processing.c **** *   This API does not update any Data Structure registers
1344:Generated_Source\PSoC4/CapSense_Processing.c **** *   except the debounce counters.
1345:Generated_Source\PSoC4/CapSense_Processing.c **** *
1346:Generated_Source\PSoC4/CapSense_Processing.c **** * \param currStatus   The current sensor status of the Slider widget.
1347:Generated_Source\PSoC4/CapSense_Processing.c **** * \param ptrFlashWdgt The pointer to the Flash Widget Object.
1348:Generated_Source\PSoC4/CapSense_Processing.c **** *
1349:Generated_Source\PSoC4/CapSense_Processing.c **** * \return Returns the status of the widget's sensors. Bit #0 - corresponds to Sensor #0.
1350:Generated_Source\PSoC4/CapSense_Processing.c **** *
1351:Generated_Source\PSoC4/CapSense_Processing.c **** *******************************************************************************/
1352:Generated_Source\PSoC4/CapSense_Processing.c **** uint32 CapSense_DpProcessSlider(uint32 currStatus, CapSense_FLASH_WD_STRUCT const *ptrFlashWdgt)
1353:Generated_Source\PSoC4/CapSense_Processing.c **** {
 346              		.loc 1 1353 0
 347              		.cfi_startproc
 348              		@ args = 0, pretend = 0, frame = 8
 349              		@ frame_needed = 0, uses_anonymous_args = 0
 350              	.LVL55:
 351 0000 F0B5     		push	{r4, r5, r6, r7, lr}
 352              		.cfi_def_cfa_offset 20
 353              		.cfi_offset 4, -20
 354              		.cfi_offset 5, -16
 355              		.cfi_offset 6, -12
 356              		.cfi_offset 7, -8
 357              		.cfi_offset 14, -4
 358 0002 4746     		mov	r7, r8
 359 0004 80B4     		push	{r7}
 360              		.cfi_def_cfa_offset 24
 361              		.cfi_offset 8, -24
 362 0006 82B0     		sub	sp, sp, #8
 363              		.cfi_def_cfa_offset 32
 364 0008 8446     		mov	ip, r0
 365 000a 0F00     		movs	r7, r1
 366              	.LVL56:
1354:Generated_Source\PSoC4/CapSense_Processing.c ****     uint32 snsCnt;
1355:Generated_Source\PSoC4/CapSense_Processing.c ****     uint32 snsMask;
1356:Generated_Source\PSoC4/CapSense_Processing.c ****     uint32 touchTh;
1357:Generated_Source\PSoC4/CapSense_Processing.c ****     uint32 newStatus = 0Lu;
1358:Generated_Source\PSoC4/CapSense_Processing.c ****     uint8 * ptrDebounceCnt;
1359:Generated_Source\PSoC4/CapSense_Processing.c ****     CapSense_RAM_SNS_STRUCT *ptrSns;
1360:Generated_Source\PSoC4/CapSense_Processing.c ****     CapSense_RAM_WD_SLIDER_STRUCT *ptrRamWdgt;
1361:Generated_Source\PSoC4/CapSense_Processing.c **** 
1362:Generated_Source\PSoC4/CapSense_Processing.c ****     #if (0u != CapSense_POS_MEDIAN_FILTER_EN)
1363:Generated_Source\PSoC4/CapSense_Processing.c ****         CapSense_SLIDER_POS_HISTORY_STRUCT *ptrHistory;
1364:Generated_Source\PSoC4/CapSense_Processing.c ****     #endif /* #if (0u != CapSense_POS_MEDIAN_FILTER_EN) */
1365:Generated_Source\PSoC4/CapSense_Processing.c **** 
1366:Generated_Source\PSoC4/CapSense_Processing.c ****     uint32 touchIdx;
1367:Generated_Source\PSoC4/CapSense_Processing.c ****     uint32 touchCnt = 0Lu;
1368:Generated_Source\PSoC4/CapSense_Processing.c ****     uint16 newPos[CapSense_NUM_CENTROIDS];
1369:Generated_Source\PSoC4/CapSense_Processing.c **** 
1370:Generated_Source\PSoC4/CapSense_Processing.c ****     snsCnt = ptrFlashWdgt->totalNumSns;
 367              		.loc 1 1370 0
ARM GAS  C:\Users\Lenovo\AppData\Local\Temp\ccNkNELR.s 			page 32


 368 000c CB8A     		ldrh	r3, [r1, #22]
 369              	.LVL57:
1371:Generated_Source\PSoC4/CapSense_Processing.c ****     ptrSns = ptrFlashWdgt->ptr2SnsRam;
 370              		.loc 1 1371 0
 371 000e 8A68     		ldr	r2, [r1, #8]
 372              	.LVL58:
1372:Generated_Source\PSoC4/CapSense_Processing.c ****     ptrRamWdgt = ptrFlashWdgt->ptr2WdgtRam;
 373              		.loc 1 1372 0
 374 0010 4E68     		ldr	r6, [r1, #4]
 375              	.LVL59:
1373:Generated_Source\PSoC4/CapSense_Processing.c ****     ptrDebounceCnt = ptrFlashWdgt->ptr2DebounceArr;
 376              		.loc 1 1373 0
 377 0012 0969     		ldr	r1, [r1, #16]
 378              	.LVL60:
 379 0014 8846     		mov	r8, r1
 380              	.LVL61:
1374:Generated_Source\PSoC4/CapSense_Processing.c ****     
1375:Generated_Source\PSoC4/CapSense_Processing.c ****     #if (0u != CapSense_POS_MEDIAN_FILTER_EN)
1376:Generated_Source\PSoC4/CapSense_Processing.c ****         ptrHistory = ptrFlashWdgt->ptr2PosHistory;
1377:Generated_Source\PSoC4/CapSense_Processing.c ****     #endif /* #if (0u != CapSense_POS_MEDIAN_FILTER_EN) */
1378:Generated_Source\PSoC4/CapSense_Processing.c **** 
1379:Generated_Source\PSoC4/CapSense_Processing.c ****     /* Calculate touch threshold based on current slider state */
1380:Generated_Source\PSoC4/CapSense_Processing.c ****     touchTh = (0Lu == currStatus ) ?
1381:Generated_Source\PSoC4/CapSense_Processing.c ****               ((uint32)ptrRamWdgt->fingerTh + ptrRamWdgt->hysteresis) :
 381              		.loc 1 1381 0
 382 0016 0028     		cmp	r0, #0
 383 0018 03D1     		bne	.L23
 384              		.loc 1 1381 0 is_stmt 0 discriminator 1
 385 001a 7088     		ldrh	r0, [r6, #2]
 386              	.LVL62:
 387 001c B179     		ldrb	r1, [r6, #6]
 388              	.LVL63:
 389 001e 4018     		adds	r0, r0, r1
 390 0020 02E0     		b	.L24
 391              	.LVL64:
 392              	.L23:
1382:Generated_Source\PSoC4/CapSense_Processing.c ****               ((uint32)ptrRamWdgt->fingerTh - ptrRamWdgt->hysteresis);
 393              		.loc 1 1382 0 is_stmt 1 discriminator 2
 394 0022 7188     		ldrh	r1, [r6, #2]
 395              	.LVL65:
 396 0024 B079     		ldrb	r0, [r6, #6]
 397              	.LVL66:
1381:Generated_Source\PSoC4/CapSense_Processing.c ****               ((uint32)ptrRamWdgt->fingerTh - ptrRamWdgt->hysteresis);
 398              		.loc 1 1381 0 discriminator 2
 399 0026 081A     		subs	r0, r1, r0
 400              	.L24:
 401              	.LVL67:
1357:Generated_Source\PSoC4/CapSense_Processing.c ****     uint8 * ptrDebounceCnt;
 402              		.loc 1 1357 0
 403 0028 0025     		movs	r5, #0
1383:Generated_Source\PSoC4/CapSense_Processing.c **** 
1384:Generated_Source\PSoC4/CapSense_Processing.c ****     /* Go through all widget's sensors */
1385:Generated_Source\PSoC4/CapSense_Processing.c ****     snsMask = 1Lu;
 404              		.loc 1 1385 0
 405 002a 0121     		movs	r1, #1
1386:Generated_Source\PSoC4/CapSense_Processing.c ****     for (; snsCnt-- > 0Lu; )
 406              		.loc 1 1386 0
ARM GAS  C:\Users\Lenovo\AppData\Local\Temp\ccNkNELR.s 			page 33


 407 002c 09E0     		b	.L25
 408              	.LVL68:
 409              	.L27:
1387:Generated_Source\PSoC4/CapSense_Processing.c ****     {
1388:Generated_Source\PSoC4/CapSense_Processing.c ****         /* Determine new potential sensor state */
1389:Generated_Source\PSoC4/CapSense_Processing.c ****         newStatus |= (ptrSns->diff > touchTh) ? snsMask : 0Lu;
 410              		.loc 1 1389 0
 411 002e D388     		ldrh	r3, [r2, #6]
 412 0030 9842     		cmp	r0, r3
 413 0032 01D3     		bcc	.L38
 414 0034 0023     		movs	r3, #0
 415 0036 00E0     		b	.L26
 416              	.L38:
 417 0038 0B00     		movs	r3, r1
 418              	.L26:
 419              		.loc 1 1389 0 is_stmt 0 discriminator 4
 420 003a 1D43     		orrs	r5, r3
 421              	.LVL69:
1390:Generated_Source\PSoC4/CapSense_Processing.c ****         ptrSns++;
 422              		.loc 1 1390 0 is_stmt 1 discriminator 4
 423 003c 0A32     		adds	r2, r2, #10
 424              	.LVL70:
1391:Generated_Source\PSoC4/CapSense_Processing.c **** 
1392:Generated_Source\PSoC4/CapSense_Processing.c ****         snsMask <<= 1u;
 425              		.loc 1 1392 0 discriminator 4
 426 003e 4900     		lsls	r1, r1, #1
 427              	.LVL71:
1386:Generated_Source\PSoC4/CapSense_Processing.c ****     {
 428              		.loc 1 1386 0 discriminator 4
 429 0040 2300     		movs	r3, r4
 430              	.LVL72:
 431              	.L25:
1386:Generated_Source\PSoC4/CapSense_Processing.c ****     {
 432              		.loc 1 1386 0 is_stmt 0
 433 0042 5C1E     		subs	r4, r3, #1
 434              	.LVL73:
 435 0044 002B     		cmp	r3, #0
 436 0046 F2D1     		bne	.L27
1393:Generated_Source\PSoC4/CapSense_Processing.c ****     }
1394:Generated_Source\PSoC4/CapSense_Processing.c **** 
1395:Generated_Source\PSoC4/CapSense_Processing.c ****     /* If widget is active, check whether debounce is needed */
1396:Generated_Source\PSoC4/CapSense_Processing.c ****     if (0Lu != newStatus)
 437              		.loc 1 1396 0 is_stmt 1
 438 0048 002D     		cmp	r5, #0
 439 004a 0CD0     		beq	.L28
1397:Generated_Source\PSoC4/CapSense_Processing.c ****     {
1398:Generated_Source\PSoC4/CapSense_Processing.c ****         if (0u < (*ptrDebounceCnt))
 440              		.loc 1 1398 0
 441 004c 4346     		mov	r3, r8
 442 004e 1B78     		ldrb	r3, [r3]
 443 0050 002B     		cmp	r3, #0
 444 0052 02D0     		beq	.L29
1399:Generated_Source\PSoC4/CapSense_Processing.c ****         {
1400:Generated_Source\PSoC4/CapSense_Processing.c ****             /* Decrement debounce counter */
1401:Generated_Source\PSoC4/CapSense_Processing.c ****             (*ptrDebounceCnt)--;
 445              		.loc 1 1401 0
 446 0054 013B     		subs	r3, r3, #1
ARM GAS  C:\Users\Lenovo\AppData\Local\Temp\ccNkNELR.s 			page 34


 447 0056 4246     		mov	r2, r8
 448              	.LVL74:
 449 0058 1370     		strb	r3, [r2]
 450              	.L29:
1402:Generated_Source\PSoC4/CapSense_Processing.c ****         }
1403:Generated_Source\PSoC4/CapSense_Processing.c **** 
1404:Generated_Source\PSoC4/CapSense_Processing.c ****         if (0u == (*ptrDebounceCnt))
 451              		.loc 1 1404 0
 452 005a 4346     		mov	r3, r8
 453 005c 1B78     		ldrb	r3, [r3]
 454 005e 002B     		cmp	r3, #0
 455 0060 04D0     		beq	.L30
 456 0062 6546     		mov	r5, ip
 457              	.LVL75:
 458 0064 02E0     		b	.L30
 459              	.LVL76:
 460              	.L28:
1405:Generated_Source\PSoC4/CapSense_Processing.c ****         {
1406:Generated_Source\PSoC4/CapSense_Processing.c ****             /* Update slider sensor state when debounce completes */
1407:Generated_Source\PSoC4/CapSense_Processing.c ****             currStatus = newStatus;
1408:Generated_Source\PSoC4/CapSense_Processing.c ****         }
1409:Generated_Source\PSoC4/CapSense_Processing.c ****     }
1410:Generated_Source\PSoC4/CapSense_Processing.c ****     else
1411:Generated_Source\PSoC4/CapSense_Processing.c ****     {
1412:Generated_Source\PSoC4/CapSense_Processing.c ****         /* Reset debounce counter */
1413:Generated_Source\PSoC4/CapSense_Processing.c ****         *ptrDebounceCnt = ptrRamWdgt->onDebounce;
 461              		.loc 1 1413 0
 462 0066 F379     		ldrb	r3, [r6, #7]
 463 0068 4246     		mov	r2, r8
 464              	.LVL77:
 465 006a 1370     		strb	r3, [r2]
 466              	.LVL78:
 467              	.L30:
1414:Generated_Source\PSoC4/CapSense_Processing.c **** 
1415:Generated_Source\PSoC4/CapSense_Processing.c ****         /* Clear slider sensor state */
1416:Generated_Source\PSoC4/CapSense_Processing.c ****         currStatus = 0Lu;
1417:Generated_Source\PSoC4/CapSense_Processing.c ****     }
1418:Generated_Source\PSoC4/CapSense_Processing.c **** 
1419:Generated_Source\PSoC4/CapSense_Processing.c ****     /* Centroid processing */
1420:Generated_Source\PSoC4/CapSense_Processing.c **** 
1421:Generated_Source\PSoC4/CapSense_Processing.c ****     /* If there are active sensors after debounce run the centroid algorithm */
1422:Generated_Source\PSoC4/CapSense_Processing.c ****     if (0u != currStatus)
 468              		.loc 1 1422 0
 469 006c 002D     		cmp	r5, #0
 470 006e 31D0     		beq	.L39
1423:Generated_Source\PSoC4/CapSense_Processing.c ****     {
1424:Generated_Source\PSoC4/CapSense_Processing.c ****         /* Centroid always uses the lowest finger threshold (minus hysteresis)
1425:Generated_Source\PSoC4/CapSense_Processing.c ****          * to produce same results for first and all consecutive invocations */
1426:Generated_Source\PSoC4/CapSense_Processing.c ****         touchTh = (uint32)ptrRamWdgt->fingerTh - ptrRamWdgt->hysteresis;
 471              		.loc 1 1426 0
 472 0070 7388     		ldrh	r3, [r6, #2]
 473 0072 B279     		ldrb	r2, [r6, #6]
 474 0074 9A1A     		subs	r2, r3, r2
 475              	.LVL79:
1427:Generated_Source\PSoC4/CapSense_Processing.c ****         snsCnt = ptrFlashWdgt->totalNumSns;
 476              		.loc 1 1427 0
 477 0076 FB8A     		ldrh	r3, [r7, #22]
ARM GAS  C:\Users\Lenovo\AppData\Local\Temp\ccNkNELR.s 			page 35


 478 0078 9846     		mov	r8, r3
 479              	.LVL80:
1428:Generated_Source\PSoC4/CapSense_Processing.c **** 
1429:Generated_Source\PSoC4/CapSense_Processing.c ****         #if (0u != CapSense_TOTAL_DIPLEXED_SLIDERS)
1430:Generated_Source\PSoC4/CapSense_Processing.c ****             if ((0u != (ptrFlashWdgt->staticConfig & CapSense_DIPLEXING_MASK)))
1431:Generated_Source\PSoC4/CapSense_Processing.c ****             {
1432:Generated_Source\PSoC4/CapSense_Processing.c ****                 /* Run local maximum search for duplexed slider */
1433:Generated_Source\PSoC4/CapSense_Processing.c ****                 touchCnt = CapSense_DpFindLocalMaxDiplex(
1434:Generated_Source\PSoC4/CapSense_Processing.c ****                                 ptrFlashWdgt->ptr2SnsRam, snsCnt, ptrFlashWdgt->ptr2DiplexTable, to
1435:Generated_Source\PSoC4/CapSense_Processing.c **** 
1436:Generated_Source\PSoC4/CapSense_Processing.c ****                 /* Centroid calculation API requires double sensor count for the diplexed sliders. 
1437:Generated_Source\PSoC4/CapSense_Processing.c ****                 snsCnt *= 2u;
1438:Generated_Source\PSoC4/CapSense_Processing.c ****             }
1439:Generated_Source\PSoC4/CapSense_Processing.c ****             else
1440:Generated_Source\PSoC4/CapSense_Processing.c ****             {
1441:Generated_Source\PSoC4/CapSense_Processing.c ****                 /* Run local maximum search for NON-duplexed slider */
1442:Generated_Source\PSoC4/CapSense_Processing.c ****                 #if (CapSense_ENABLE == CapSense_4PTS_LOCAL_MAX_EN)
1443:Generated_Source\PSoC4/CapSense_Processing.c ****                 	touchCnt = CapSense_DpFindLocalMaxSd4pts(ptrFlashWdgt, ptrFlashWdgt->ptr2SnsRam, s
1444:Generated_Source\PSoC4/CapSense_Processing.c ****                 #else
1445:Generated_Source\PSoC4/CapSense_Processing.c ****                 	touchCnt = CapSense_DpFindLocalMaxSd(ptrFlashWdgt->ptr2SnsRam, snsCnt, touchTh);
1446:Generated_Source\PSoC4/CapSense_Processing.c ****                 #endif
1447:Generated_Source\PSoC4/CapSense_Processing.c **** 
1448:Generated_Source\PSoC4/CapSense_Processing.c ****             }
1449:Generated_Source\PSoC4/CapSense_Processing.c ****         #else
1450:Generated_Source\PSoC4/CapSense_Processing.c ****             /* Run local maximum search for NON-duplexed slider */
1451:Generated_Source\PSoC4/CapSense_Processing.c ****             #if (CapSense_ENABLE == CapSense_4PTS_LOCAL_MAX_EN)
1452:Generated_Source\PSoC4/CapSense_Processing.c ****             	touchCnt = CapSense_DpFindLocalMaxSd4pts(ptrFlashWdgt, ptrFlashWdgt->ptr2SnsRam, snsCn
1453:Generated_Source\PSoC4/CapSense_Processing.c ****             #else
1454:Generated_Source\PSoC4/CapSense_Processing.c ****             	touchCnt = CapSense_DpFindLocalMaxSd(ptrFlashWdgt->ptr2SnsRam, snsCnt, touchTh);
 480              		.loc 1 1454 0
 481 007a 1900     		movs	r1, r3
 482              	.LVL81:
 483 007c B868     		ldr	r0, [r7, #8]
 484 007e FFF7FEFF 		bl	CapSense_DpFindLocalMaxSd
 485              	.LVL82:
 486 0082 041E     		subs	r4, r0, #0
 487              	.LVL83:
1455:Generated_Source\PSoC4/CapSense_Processing.c ****             #endif
1456:Generated_Source\PSoC4/CapSense_Processing.c ****         #endif /* #if (0u != CapSense_TOTAL_DIPLEXED_SLIDERS) */
1457:Generated_Source\PSoC4/CapSense_Processing.c ****         
1458:Generated_Source\PSoC4/CapSense_Processing.c ****         /* If at least one touch is detected */
1459:Generated_Source\PSoC4/CapSense_Processing.c ****         if (0u != touchCnt)
 488              		.loc 1 1459 0
 489 0084 2FD0     		beq	.L36
1460:Generated_Source\PSoC4/CapSense_Processing.c ****         {
1461:Generated_Source\PSoC4/CapSense_Processing.c ****             /* Determine slider type and calculate new position(s) */
1462:Generated_Source\PSoC4/CapSense_Processing.c ****             #if (0u != CapSense_TOTAL_LINEAR_SLIDERS)
1463:Generated_Source\PSoC4/CapSense_Processing.c ****                 if ((CapSense_WD_TYPE_ENUM)ptrFlashWdgt->wdgtType == CapSense_WD_LINEAR_SLIDER_E)
 490              		.loc 1 1463 0
 491 0086 3B7E     		ldrb	r3, [r7, #24]
 492 0088 022B     		cmp	r3, #2
 493 008a 2CD1     		bne	.L36
1464:Generated_Source\PSoC4/CapSense_Processing.c ****                 {
1465:Generated_Source\PSoC4/CapSense_Processing.c ****                     touchCnt = CapSense_DpCalcLinearCentroid(
 494              		.loc 1 1465 0
 495 008c 4246     		mov	r2, r8
 496 008e F969     		ldr	r1, [r7, #28]
ARM GAS  C:\Users\Lenovo\AppData\Local\Temp\ccNkNELR.s 			page 36


 497 0090 01A8     		add	r0, sp, #4
 498              	.LVL84:
 499 0092 FFF7FEFF 		bl	CapSense_DpCalcLinearCentroid
 500              	.LVL85:
 501 0096 0400     		movs	r4, r0
 502              	.LVL86:
 503              	.LBB12:
 504              	.LBB13:
1466:Generated_Source\PSoC4/CapSense_Processing.c ****                                     newPos, (uint32)ptrFlashWdgt->xCentroidMultiplier, snsCnt);
1467:Generated_Source\PSoC4/CapSense_Processing.c **** 
1468:Generated_Source\PSoC4/CapSense_Processing.c ****                     DpUpdateLinSlider(newPos, touchCnt, ptrFlashWdgt, ptrRamWdgt);
1469:Generated_Source\PSoC4/CapSense_Processing.c ****                 }
1470:Generated_Source\PSoC4/CapSense_Processing.c ****             #endif /* #if (0u != CapSense_TOTAL_LINEAR_SLIDERS) */
1471:Generated_Source\PSoC4/CapSense_Processing.c **** 
1472:Generated_Source\PSoC4/CapSense_Processing.c ****             #if (0u != CapSense_TOTAL_RADIAL_SLIDERS)
1473:Generated_Source\PSoC4/CapSense_Processing.c ****                 if ((CapSense_WD_TYPE_ENUM)ptrFlashWdgt->wdgtType == CapSense_WD_RADIAL_SLIDER_E)
1474:Generated_Source\PSoC4/CapSense_Processing.c ****                 {
1475:Generated_Source\PSoC4/CapSense_Processing.c ****                     touchCnt = CapSense_DpCalcRadialCentroid(
1476:Generated_Source\PSoC4/CapSense_Processing.c ****                                     newPos, (uint32)ptrFlashWdgt->xCentroidMultiplier, snsCnt);
1477:Generated_Source\PSoC4/CapSense_Processing.c **** 
1478:Generated_Source\PSoC4/CapSense_Processing.c ****                     DpUpdateRadSlider(newPos, touchCnt, ptrFlashWdgt, ptrRamWdgt);
1479:Generated_Source\PSoC4/CapSense_Processing.c ****                 }
1480:Generated_Source\PSoC4/CapSense_Processing.c ****             #endif /* #if (0u != CapSense_TOTAL_RADIAL_SLIDERS) */
1481:Generated_Source\PSoC4/CapSense_Processing.c ****         }
1482:Generated_Source\PSoC4/CapSense_Processing.c ****     }
1483:Generated_Source\PSoC4/CapSense_Processing.c ****     
1484:Generated_Source\PSoC4/CapSense_Processing.c ****     /* Clear not active position data slots */
1485:Generated_Source\PSoC4/CapSense_Processing.c ****     for (touchIdx = touchCnt; touchIdx < CapSense_NUM_CENTROIDS; touchIdx++)
1486:Generated_Source\PSoC4/CapSense_Processing.c ****     {
1487:Generated_Source\PSoC4/CapSense_Processing.c ****         ptrRamWdgt->position[touchIdx] = CapSense_SLIDER_POS_NONE;
1488:Generated_Source\PSoC4/CapSense_Processing.c **** 
1489:Generated_Source\PSoC4/CapSense_Processing.c ****         #if (0u != CapSense_POS_MEDIAN_FILTER_EN)
1490:Generated_Source\PSoC4/CapSense_Processing.c ****             if (NULL != ptrHistory)
1491:Generated_Source\PSoC4/CapSense_Processing.c ****             {
1492:Generated_Source\PSoC4/CapSense_Processing.c ****                 ptrHistory[touchIdx].posMedianZ1 = CapSense_SLIDER_POS_NONE;
1493:Generated_Source\PSoC4/CapSense_Processing.c ****                 ptrHistory[touchIdx].posMedianZ2 = CapSense_SLIDER_POS_NONE;
1494:Generated_Source\PSoC4/CapSense_Processing.c ****             }
1495:Generated_Source\PSoC4/CapSense_Processing.c ****         #endif /* #if (0u != CapSense_POS_MEDIAN_FILTER_EN) */
1496:Generated_Source\PSoC4/CapSense_Processing.c ****     }
1497:Generated_Source\PSoC4/CapSense_Processing.c **** 
1498:Generated_Source\PSoC4/CapSense_Processing.c ****     return currStatus;
1499:Generated_Source\PSoC4/CapSense_Processing.c **** }
1500:Generated_Source\PSoC4/CapSense_Processing.c **** #endif /* #if (0u != CapSense_SLIDER_WIDGET_EN) */
1501:Generated_Source\PSoC4/CapSense_Processing.c **** 
1502:Generated_Source\PSoC4/CapSense_Processing.c **** #if (0u != CapSense_TOTAL_LINEAR_SLIDERS)
1503:Generated_Source\PSoC4/CapSense_Processing.c **** /*******************************************************************************
1504:Generated_Source\PSoC4/CapSense_Processing.c **** * Function Name: DpUpdateLinSlider
1505:Generated_Source\PSoC4/CapSense_Processing.c **** ****************************************************************************//**
1506:Generated_Source\PSoC4/CapSense_Processing.c **** *
1507:Generated_Source\PSoC4/CapSense_Processing.c **** * \brief
1508:Generated_Source\PSoC4/CapSense_Processing.c **** *   Updates the touch status of the Linear Slider widget.
1509:Generated_Source\PSoC4/CapSense_Processing.c **** *
1510:Generated_Source\PSoC4/CapSense_Processing.c **** * \details
1511:Generated_Source\PSoC4/CapSense_Processing.c **** *   This function updates the position data of the Linear Slider
1512:Generated_Source\PSoC4/CapSense_Processing.c **** *   in the Data Structure. Also, this function runs position filters for the
1513:Generated_Source\PSoC4/CapSense_Processing.c **** *   position data if any enabled.
1514:Generated_Source\PSoC4/CapSense_Processing.c **** *
ARM GAS  C:\Users\Lenovo\AppData\Local\Temp\ccNkNELR.s 			page 37


1515:Generated_Source\PSoC4/CapSense_Processing.c **** * \param newPos       The pointer to the array with the new finger position coordinates.
1516:Generated_Source\PSoC4/CapSense_Processing.c **** * \param numTouches   The number of the coordinates in the newPos array.
1517:Generated_Source\PSoC4/CapSense_Processing.c **** * \param ptrFlashWdgt The pointer to the Flash Widget Object.
1518:Generated_Source\PSoC4/CapSense_Processing.c **** * \param ptrRamWdgt   The pointer to the RAM Widget Object.
1519:Generated_Source\PSoC4/CapSense_Processing.c **** *
1520:Generated_Source\PSoC4/CapSense_Processing.c **** *******************************************************************************/
1521:Generated_Source\PSoC4/CapSense_Processing.c **** static CY_INLINE void DpUpdateLinSlider(
1522:Generated_Source\PSoC4/CapSense_Processing.c ****                         const uint16 newPos[],
1523:Generated_Source\PSoC4/CapSense_Processing.c ****                         uint32 numTouches,
1524:Generated_Source\PSoC4/CapSense_Processing.c ****                         CapSense_FLASH_WD_STRUCT const *ptrFlashWdgt,
1525:Generated_Source\PSoC4/CapSense_Processing.c ****                         CapSense_RAM_WD_SLIDER_STRUCT *ptrRamWdgt)
1526:Generated_Source\PSoC4/CapSense_Processing.c **** {
1527:Generated_Source\PSoC4/CapSense_Processing.c ****     uint32 touchIdx;
1528:Generated_Source\PSoC4/CapSense_Processing.c **** 
1529:Generated_Source\PSoC4/CapSense_Processing.c ****     #if (0u == DP_LINEAR_SLIDER_FILTER_EN)
1530:Generated_Source\PSoC4/CapSense_Processing.c ****         /* This parameter is unused in such configurations */
1531:Generated_Source\PSoC4/CapSense_Processing.c ****         (void)ptrFlashWdgt;
1532:Generated_Source\PSoC4/CapSense_Processing.c ****     #else
1533:Generated_Source\PSoC4/CapSense_Processing.c ****         /* Get bitmask with the enabled filters */
1534:Generated_Source\PSoC4/CapSense_Processing.c ****         uint32 filterConfig = (uint32)ptrFlashWdgt->staticConfig;
 505              		.loc 1 1534 0
 506 0098 BB8A     		ldrh	r3, [r7, #20]
 507 009a 9846     		mov	r8, r3
 508              	.LVL87:
1535:Generated_Source\PSoC4/CapSense_Processing.c ****         
1536:Generated_Source\PSoC4/CapSense_Processing.c ****         #if (0u != CapSense_POS_MEDIAN_FILTER_EN)
1537:Generated_Source\PSoC4/CapSense_Processing.c ****             /* Get median filter history */
1538:Generated_Source\PSoC4/CapSense_Processing.c ****             CapSense_SLIDER_POS_HISTORY_STRUCT *ptrHistory = ptrFlashWdgt->ptr2PosHistory;
1539:Generated_Source\PSoC4/CapSense_Processing.c ****         #endif /* #if (0u != CapSense_POS_MEDIAN_FILTER_EN) */
1540:Generated_Source\PSoC4/CapSense_Processing.c ****     #endif /* #if (0u == DP_LINEAR_SLIDER_FILTER_EN) */
1541:Generated_Source\PSoC4/CapSense_Processing.c ****     
1542:Generated_Source\PSoC4/CapSense_Processing.c ****     /* Run Filter and update the position registers with the filtered data */
1543:Generated_Source\PSoC4/CapSense_Processing.c ****     for (touchIdx = 0u; touchIdx < numTouches; touchIdx++)
 509              		.loc 1 1543 0
 510 009c 0027     		movs	r7, #0
 511              	.LVL88:
 512 009e 16E0     		b	.L32
 513              	.LVL89:
 514              	.L35:
1544:Generated_Source\PSoC4/CapSense_Processing.c ****     {
1545:Generated_Source\PSoC4/CapSense_Processing.c ****         #if (0u == DP_LINEAR_SLIDER_FILTER_EN)
1546:Generated_Source\PSoC4/CapSense_Processing.c ****             /* If filters are not enabled just copy the position data */
1547:Generated_Source\PSoC4/CapSense_Processing.c ****             ptrRamWdgt->position[touchIdx] = newPos[touchIdx];
1548:Generated_Source\PSoC4/CapSense_Processing.c ****         #else
1549:Generated_Source\PSoC4/CapSense_Processing.c ****             #if (0u != CapSense_POS_MEDIAN_FILTER_EN)
1550:Generated_Source\PSoC4/CapSense_Processing.c ****                 /* Median filter requires position history with the last two values */
1551:Generated_Source\PSoC4/CapSense_Processing.c ****                 DpFilterLinSlider(newPos[touchIdx], filterConfig, &(ptrRamWdgt->position[touchIdx])
1552:Generated_Source\PSoC4/CapSense_Processing.c **** 
1553:Generated_Source\PSoC4/CapSense_Processing.c ****                 ptrHistory = (NULL != ptrHistory) ? (ptrHistory + 1) : NULL;
1554:Generated_Source\PSoC4/CapSense_Processing.c ****             #else
1555:Generated_Source\PSoC4/CapSense_Processing.c ****                 /* The rest filters work just with previous value hold in  */
1556:Generated_Source\PSoC4/CapSense_Processing.c ****                 DpFilterLinSlider(newPos[touchIdx], filterConfig, &(ptrRamWdgt->position[touchIdx])
 515              		.loc 1 1556 0
 516 00a0 7B00     		lsls	r3, r7, #1
 517 00a2 01AA     		add	r2, sp, #4
 518              	.LVL90:
 519 00a4 D05A     		ldrh	r0, [r2, r3]
ARM GAS  C:\Users\Lenovo\AppData\Local\Temp\ccNkNELR.s 			page 38


 520              	.LVL91:
 521              	.LBB14:
 522              	.LBB15:
1557:Generated_Source\PSoC4/CapSense_Processing.c ****             #endif /* #if (0u != CapSense_POS_MEDIAN_FILTER_EN) */
1558:Generated_Source\PSoC4/CapSense_Processing.c ****         #endif /* #if (0u == DP_LINEAR_SLIDER_FILTER_EN) */
1559:Generated_Source\PSoC4/CapSense_Processing.c ****     }
1560:Generated_Source\PSoC4/CapSense_Processing.c **** }
1561:Generated_Source\PSoC4/CapSense_Processing.c **** #endif /* #if (0u != CapSense_TOTAL_LINEAR_SLIDERS) */
1562:Generated_Source\PSoC4/CapSense_Processing.c **** 
1563:Generated_Source\PSoC4/CapSense_Processing.c **** 
1564:Generated_Source\PSoC4/CapSense_Processing.c **** #if (0u != DP_LINEAR_SLIDER_FILTER_EN)
1565:Generated_Source\PSoC4/CapSense_Processing.c **** /*******************************************************************************
1566:Generated_Source\PSoC4/CapSense_Processing.c **** * Function Name: DpFilterLinSlider
1567:Generated_Source\PSoC4/CapSense_Processing.c **** ****************************************************************************//**
1568:Generated_Source\PSoC4/CapSense_Processing.c **** *
1569:Generated_Source\PSoC4/CapSense_Processing.c **** * \brief
1570:Generated_Source\PSoC4/CapSense_Processing.c **** *   Filters the Linear Slider widget position.
1571:Generated_Source\PSoC4/CapSense_Processing.c **** *
1572:Generated_Source\PSoC4/CapSense_Processing.c **** * \details
1573:Generated_Source\PSoC4/CapSense_Processing.c **** *   Runs the position filter for the Linear Slider or CSD touchpad axis data.
1574:Generated_Source\PSoC4/CapSense_Processing.c **** *   The filtered position data is written by the address pointed by the ptrCurrPos.
1575:Generated_Source\PSoC4/CapSense_Processing.c **** *
1576:Generated_Source\PSoC4/CapSense_Processing.c **** * \param newPos       A new coordinate value.
1577:Generated_Source\PSoC4/CapSense_Processing.c **** * \param staticConfig The static configuration of the widget.
1578:Generated_Source\PSoC4/CapSense_Processing.c ****                           Includes information on the enabled filters.
1579:Generated_Source\PSoC4/CapSense_Processing.c **** * \param ptrCurrPos   The pointer to the position register in the data structure.
1580:Generated_Source\PSoC4/CapSense_Processing.c **** * \param ptrHistory   The pointer to the structure that holds previous historical position value.
1581:Generated_Source\PSoC4/CapSense_Processing.c **** *
1582:Generated_Source\PSoC4/CapSense_Processing.c **** *******************************************************************************/
1583:Generated_Source\PSoC4/CapSense_Processing.c **** static CY_INLINE void DpFilterLinSlider(
1584:Generated_Source\PSoC4/CapSense_Processing.c ****                         uint16 newPos, uint32 staticConfig, uint16 *ptrCurrPos,
1585:Generated_Source\PSoC4/CapSense_Processing.c ****                         CapSense_SLIDER_POS_HISTORY_STRUCT *ptrHistory)
1586:Generated_Source\PSoC4/CapSense_Processing.c **** {
1587:Generated_Source\PSoC4/CapSense_Processing.c ****     uint32 newPosition;
1588:Generated_Source\PSoC4/CapSense_Processing.c ****     uint32 currPosition;
1589:Generated_Source\PSoC4/CapSense_Processing.c **** 
1590:Generated_Source\PSoC4/CapSense_Processing.c ****     #if (0u != CapSense_POS_MEDIAN_FILTER_EN)
1591:Generated_Source\PSoC4/CapSense_Processing.c ****         uint32 medianPosition;
1592:Generated_Source\PSoC4/CapSense_Processing.c ****     #else
1593:Generated_Source\PSoC4/CapSense_Processing.c ****         (void)ptrHistory; /* This parameter is unused in such configurations */
1594:Generated_Source\PSoC4/CapSense_Processing.c ****     #endif /* #if (0u != CapSense_POS_MEDIAN_FILTER_EN) */
1595:Generated_Source\PSoC4/CapSense_Processing.c **** 
1596:Generated_Source\PSoC4/CapSense_Processing.c ****     /* extend new and current position data to UINT32 */
1597:Generated_Source\PSoC4/CapSense_Processing.c ****     newPosition  = newPos;
1598:Generated_Source\PSoC4/CapSense_Processing.c ****     currPosition = *ptrCurrPos;
 523              		.loc 1 1598 0
 524 00a6 3B1D     		adds	r3, r7, #4
 525 00a8 5B00     		lsls	r3, r3, #1
 526 00aa F318     		adds	r3, r6, r3
 527 00ac D988     		ldrh	r1, [r3, #6]
 528              	.LVL92:
1599:Generated_Source\PSoC4/CapSense_Processing.c **** 
1600:Generated_Source\PSoC4/CapSense_Processing.c ****     /* If there were no touch initialize the current position with new position data  */
1601:Generated_Source\PSoC4/CapSense_Processing.c ****     if (currPosition == CapSense_SLIDER_POS_NONE)
 529              		.loc 1 1601 0
 530 00ae 114B     		ldr	r3, .L41
 531 00b0 9942     		cmp	r1, r3
ARM GAS  C:\Users\Lenovo\AppData\Local\Temp\ccNkNELR.s 			page 39


 532 00b2 00D1     		bne	.L33
1602:Generated_Source\PSoC4/CapSense_Processing.c ****     {
1603:Generated_Source\PSoC4/CapSense_Processing.c ****         currPosition = LO16(newPosition);
 533              		.loc 1 1603 0
 534 00b4 0100     		movs	r1, r0
 535              	.LVL93:
 536              	.L33:
1604:Generated_Source\PSoC4/CapSense_Processing.c ****     }
1605:Generated_Source\PSoC4/CapSense_Processing.c **** 
1606:Generated_Source\PSoC4/CapSense_Processing.c ****     /* Filter new slider position using the configured filter types */
1607:Generated_Source\PSoC4/CapSense_Processing.c ****     #if (0u != CapSense_POS_IIR_FILTER_EN)
1608:Generated_Source\PSoC4/CapSense_Processing.c ****         if (0u != (staticConfig & CapSense_POS_IIR_FILTER_MASK))
 537              		.loc 1 1608 0
 538 00b6 4346     		mov	r3, r8
 539 00b8 DB06     		lsls	r3, r3, #27
 540 00ba 03D5     		bpl	.L34
1609:Generated_Source\PSoC4/CapSense_Processing.c ****         {
1610:Generated_Source\PSoC4/CapSense_Processing.c ****             newPosition = CapSense_FtIIR1stOrder(newPosition, currPosition, CapSense_POS_IIR_COEFF,
 541              		.loc 1 1610 0
 542 00bc 0023     		movs	r3, #0
 543 00be 8022     		movs	r2, #128
 544              	.LVL94:
 545 00c0 FFF7FEFF 		bl	CapSense_FtIIR1stOrder
 546              	.LVL95:
 547              	.L34:
1611:Generated_Source\PSoC4/CapSense_Processing.c ****         }
1612:Generated_Source\PSoC4/CapSense_Processing.c ****     #endif /* #if (0u != CapSense_POS_IIR_FILTER_EN) */
1613:Generated_Source\PSoC4/CapSense_Processing.c **** 
1614:Generated_Source\PSoC4/CapSense_Processing.c ****     #if (0u != CapSense_POS_MEDIAN_FILTER_EN)
1615:Generated_Source\PSoC4/CapSense_Processing.c ****         if (0u != (staticConfig & CapSense_POS_MEDIAN_FILTER_MASK))
1616:Generated_Source\PSoC4/CapSense_Processing.c ****         {
1617:Generated_Source\PSoC4/CapSense_Processing.c ****             CYASSERT(ptrHistory); /* ptrHistory cannot be NULL if median filter is enabled*/
1618:Generated_Source\PSoC4/CapSense_Processing.c **** 
1619:Generated_Source\PSoC4/CapSense_Processing.c ****             /* Initialize previousPosition if it is NONE */
1620:Generated_Source\PSoC4/CapSense_Processing.c ****             if (ptrHistory->posMedianZ1 == CapSense_SLIDER_POS_NONE)
1621:Generated_Source\PSoC4/CapSense_Processing.c ****             {
1622:Generated_Source\PSoC4/CapSense_Processing.c ****                 ptrHistory->posMedianZ1 = LO16(newPosition);
1623:Generated_Source\PSoC4/CapSense_Processing.c ****                 ptrHistory->posMedianZ2 = LO16(newPosition);
1624:Generated_Source\PSoC4/CapSense_Processing.c ****             }
1625:Generated_Source\PSoC4/CapSense_Processing.c **** 
1626:Generated_Source\PSoC4/CapSense_Processing.c ****             /* Run median filter */
1627:Generated_Source\PSoC4/CapSense_Processing.c ****             medianPosition = CapSense_FtMedian(
1628:Generated_Source\PSoC4/CapSense_Processing.c ****                                     (uint32)ptrHistory->posMedianZ2, (uint32)ptrHistory->posMedianZ
1629:Generated_Source\PSoC4/CapSense_Processing.c **** 
1630:Generated_Source\PSoC4/CapSense_Processing.c ****             /* Update history */
1631:Generated_Source\PSoC4/CapSense_Processing.c ****             ptrHistory->posMedianZ2 = ptrHistory->posMedianZ1;
1632:Generated_Source\PSoC4/CapSense_Processing.c ****             ptrHistory->posMedianZ1 = LO16(newPosition);
1633:Generated_Source\PSoC4/CapSense_Processing.c **** 
1634:Generated_Source\PSoC4/CapSense_Processing.c ****             newPosition = medianPosition;
1635:Generated_Source\PSoC4/CapSense_Processing.c ****         }
1636:Generated_Source\PSoC4/CapSense_Processing.c ****     #endif /* #if (0u != CapSense_POS_MEDIAN_FILTER_EN) */
1637:Generated_Source\PSoC4/CapSense_Processing.c **** 
1638:Generated_Source\PSoC4/CapSense_Processing.c ****     #if (0u != CapSense_POS_AVERAGE_FILTER_EN)
1639:Generated_Source\PSoC4/CapSense_Processing.c ****         if (0u != (staticConfig & CapSense_POS_AVERAGE_FILTER_MASK))
1640:Generated_Source\PSoC4/CapSense_Processing.c ****         {
1641:Generated_Source\PSoC4/CapSense_Processing.c ****             /* Run average filter */
1642:Generated_Source\PSoC4/CapSense_Processing.c ****             newPosition = (currPosition + newPosition) >> 1u;
ARM GAS  C:\Users\Lenovo\AppData\Local\Temp\ccNkNELR.s 			page 40


1643:Generated_Source\PSoC4/CapSense_Processing.c ****         }
1644:Generated_Source\PSoC4/CapSense_Processing.c ****     #endif /* #if (0u != CapSense_POS_AVERAGE_FILTER_EN) */
1645:Generated_Source\PSoC4/CapSense_Processing.c **** 
1646:Generated_Source\PSoC4/CapSense_Processing.c ****     #if (0u != CapSense_POS_JITTER_FILTER_EN)
1647:Generated_Source\PSoC4/CapSense_Processing.c ****         if (0u != (staticConfig & CapSense_POS_JITTER_FILTER_MASK))
1648:Generated_Source\PSoC4/CapSense_Processing.c ****         {
1649:Generated_Source\PSoC4/CapSense_Processing.c ****             newPosition = CapSense_FtJitter(newPosition, currPosition);
1650:Generated_Source\PSoC4/CapSense_Processing.c ****         }
1651:Generated_Source\PSoC4/CapSense_Processing.c ****     #endif /* #if (0u != CapSense_POS_JITTER_FILTER_EN)  */
1652:Generated_Source\PSoC4/CapSense_Processing.c **** 
1653:Generated_Source\PSoC4/CapSense_Processing.c ****     /* Update position data */
1654:Generated_Source\PSoC4/CapSense_Processing.c ****     *ptrCurrPos = LO16(newPosition);
 548              		.loc 1 1654 0
 549 00c4 3B1D     		adds	r3, r7, #4
 550 00c6 5B00     		lsls	r3, r3, #1
 551 00c8 F318     		adds	r3, r6, r3
 552 00ca D880     		strh	r0, [r3, #6]
 553              	.LVL96:
 554              	.LBE15:
 555              	.LBE14:
1543:Generated_Source\PSoC4/CapSense_Processing.c ****     {
 556              		.loc 1 1543 0
 557 00cc 0137     		adds	r7, r7, #1
 558              	.LVL97:
 559              	.L32:
 560 00ce BC42     		cmp	r4, r7
 561 00d0 E6D8     		bhi	.L35
 562 00d2 08E0     		b	.L36
 563              	.LVL98:
 564              	.L39:
 565              	.LBE13:
 566              	.LBE12:
1367:Generated_Source\PSoC4/CapSense_Processing.c ****     uint16 newPos[CapSense_NUM_CENTROIDS];
 567              		.loc 1 1367 0
 568 00d4 0024     		movs	r4, #0
 569              	.LVL99:
 570 00d6 06E0     		b	.L36
 571              	.LVL100:
 572              	.L37:
1487:Generated_Source\PSoC4/CapSense_Processing.c **** 
 573              		.loc 1 1487 0 discriminator 3
 574 00d8 231D     		adds	r3, r4, #4
 575 00da 5B00     		lsls	r3, r3, #1
 576 00dc F318     		adds	r3, r6, r3
 577 00de 0122     		movs	r2, #1
 578 00e0 5242     		rsbs	r2, r2, #0
 579 00e2 DA80     		strh	r2, [r3, #6]
1485:Generated_Source\PSoC4/CapSense_Processing.c ****     {
 580              		.loc 1 1485 0 discriminator 3
 581 00e4 0134     		adds	r4, r4, #1
 582              	.LVL101:
 583              	.L36:
1485:Generated_Source\PSoC4/CapSense_Processing.c ****     {
 584              		.loc 1 1485 0 is_stmt 0 discriminator 1
 585 00e6 002C     		cmp	r4, #0
 586 00e8 F6D0     		beq	.L37
1499:Generated_Source\PSoC4/CapSense_Processing.c **** #endif /* #if (0u != CapSense_SLIDER_WIDGET_EN) */
ARM GAS  C:\Users\Lenovo\AppData\Local\Temp\ccNkNELR.s 			page 41


 587              		.loc 1 1499 0 is_stmt 1
 588 00ea 2800     		movs	r0, r5
 589 00ec 02B0     		add	sp, sp, #8
 590              		@ sp needed
 591              	.LVL102:
 592              	.LVL103:
 593              	.LVL104:
 594 00ee 04BC     		pop	{r2}
 595 00f0 9046     		mov	r8, r2
 596 00f2 F0BD     		pop	{r4, r5, r6, r7, pc}
 597              	.L42:
 598              		.align	2
 599              	.L41:
 600 00f4 FFFF0000 		.word	65535
 601              		.cfi_endproc
 602              	.LFE8:
 603              		.size	CapSense_DpProcessSlider, .-CapSense_DpProcessSlider
 604              		.section	.text.CapSense_DpProcessCsdWidgetStatus,"ax",%progbits
 605              		.align	2
 606              		.global	CapSense_DpProcessCsdWidgetStatus
 607              		.code	16
 608              		.thumb_func
 609              		.type	CapSense_DpProcessCsdWidgetStatus, %function
 610              	CapSense_DpProcessCsdWidgetStatus:
 611              	.LFB6:
 945:Generated_Source\PSoC4/CapSense_Processing.c ****     uint32 sensorStatus;
 612              		.loc 1 945 0
 613              		.cfi_startproc
 614              		@ args = 0, pretend = 0, frame = 0
 615              		@ frame_needed = 0, uses_anonymous_args = 0
 616              	.LVL105:
 617 0000 70B5     		push	{r4, r5, r6, lr}
 618              		.cfi_def_cfa_offset 16
 619              		.cfi_offset 4, -16
 620              		.cfi_offset 5, -12
 621              		.cfi_offset 6, -8
 622              		.cfi_offset 14, -4
 623 0002 0400     		movs	r4, r0
 951:Generated_Source\PSoC4/CapSense_Processing.c ****     sensorStatus = CapSense_dsRam.snsStatus[widgetId];
 624              		.loc 1 951 0
 625 0004 0B7E     		ldrb	r3, [r1, #24]
 626              	.LVL106:
 952:Generated_Source\PSoC4/CapSense_Processing.c **** 
 627              		.loc 1 952 0
 628 0006 134A     		ldr	r2, .L49
 629 0008 1218     		adds	r2, r2, r0
 630 000a 157D     		ldrb	r5, [r2, #20]
 631              	.LVL107:
 954:Generated_Source\PSoC4/CapSense_Processing.c ****     {
 632              		.loc 1 954 0
 633 000c 023B     		subs	r3, r3, #2
 634              	.LVL108:
 635 000e DBB2     		uxtb	r3, r3
 636              	.LVL109:
 637 0010 012B     		cmp	r3, #1
 638 0012 04D8     		bhi	.L44
 965:Generated_Source\PSoC4/CapSense_Processing.c ****             break;
ARM GAS  C:\Users\Lenovo\AppData\Local\Temp\ccNkNELR.s 			page 42


 639              		.loc 1 965 0
 640 0014 2800     		movs	r0, r5
 641              	.LVL110:
 642 0016 FFF7FEFF 		bl	CapSense_DpProcessSlider
 643              	.LVL111:
 644 001a 0500     		movs	r5, r0
 645              	.LVL112:
 966:Generated_Source\PSoC4/CapSense_Processing.c ****     #endif /* #if (0u != CapSense_SLIDER_WIDGET_EN) */
 646              		.loc 1 966 0
 647 001c 02E0     		b	.L46
 648              	.LVL113:
 649              	.L44:
 988:Generated_Source\PSoC4/CapSense_Processing.c ****         break;
 650              		.loc 1 988 0 discriminator 1
 651 001e 0020     		movs	r0, #0
 652              	.LVL114:
 653 0020 FFF7FEFF 		bl	CyHalt
 654              	.LVL115:
 655              	.L46:
 992:Generated_Source\PSoC4/CapSense_Processing.c **** 
 656              		.loc 1 992 0
 657 0024 0B4B     		ldr	r3, .L49
 658 0026 1B19     		adds	r3, r3, r4
 659 0028 1D75     		strb	r5, [r3, #20]
 995:Generated_Source\PSoC4/CapSense_Processing.c ****     wdStatusMask = CapSense_GET_WDGT_STATUS_MASK(widgetId);
 660              		.loc 1 995 0
 661 002a 6309     		lsrs	r3, r4, #5
 662              	.LVL116:
 996:Generated_Source\PSoC4/CapSense_Processing.c **** 
 663              		.loc 1 996 0
 664 002c 1F22     		movs	r2, #31
 665 002e 1440     		ands	r4, r2
 666              	.LVL117:
 667 0030 1E3A     		subs	r2, r2, #30
 668 0032 A240     		lsls	r2, r2, r4
 669              	.LVL118:
 999:Generated_Source\PSoC4/CapSense_Processing.c ****     {
 670              		.loc 1 999 0
 671 0034 002D     		cmp	r5, #0
 672 0036 06D1     		bne	.L47
1001:Generated_Source\PSoC4/CapSense_Processing.c ****     }
 673              		.loc 1 1001 0
 674 0038 0649     		ldr	r1, .L49
 675 003a 0433     		adds	r3, r3, #4
 676              	.LVL119:
 677 003c 9B00     		lsls	r3, r3, #2
 678              	.LVL120:
 679 003e 5858     		ldr	r0, [r3, r1]
 680 0040 9043     		bics	r0, r2
 681 0042 5850     		str	r0, [r3, r1]
 682 0044 05E0     		b	.L43
 683              	.LVL121:
 684              	.L47:
1005:Generated_Source\PSoC4/CapSense_Processing.c ****     }
 685              		.loc 1 1005 0
 686 0046 0349     		ldr	r1, .L49
 687 0048 0433     		adds	r3, r3, #4
ARM GAS  C:\Users\Lenovo\AppData\Local\Temp\ccNkNELR.s 			page 43


 688              	.LVL122:
 689 004a 9B00     		lsls	r3, r3, #2
 690              	.LVL123:
 691 004c 5858     		ldr	r0, [r3, r1]
 692 004e 0243     		orrs	r2, r0
 693              	.LVL124:
 694 0050 5A50     		str	r2, [r3, r1]
 695              	.L43:
1007:Generated_Source\PSoC4/CapSense_Processing.c **** #endif /* #if (0u != CapSense_TOTAL_CSD_WIDGETS) */
 696              		.loc 1 1007 0
 697              		@ sp needed
 698              	.LVL125:
 699              	.LVL126:
 700 0052 70BD     		pop	{r4, r5, r6, pc}
 701              	.L50:
 702              		.align	2
 703              	.L49:
 704 0054 00000000 		.word	CapSense_dsRam
 705              		.cfi_endproc
 706              	.LFE6:
 707              		.size	CapSense_DpProcessCsdWidgetStatus, .-CapSense_DpProcessCsdWidgetStatus
 708              		.text
 709              	.Letext0:
 710              		.file 2 "Generated_Source\\PSoC4\\cytypes.h"
 711              		.file 3 "Generated_Source\\PSoC4\\CapSense_Configuration.h"
 712              		.file 4 "Generated_Source\\PSoC4\\CapSense_Structure.h"
 713              		.file 5 "Generated_Source\\PSoC4\\CapSense_Filter.h"
 714              		.file 6 "Generated_Source\\PSoC4\\CapSense_Centroid_LL.h"
 715              		.file 7 "Generated_Source\\PSoC4\\CyLib.h"
 716              		.section	.debug_info,"",%progbits
 717              	.Ldebug_info0:
 718 0000 AD0B0000 		.4byte	0xbad
 719 0004 0400     		.2byte	0x4
 720 0006 00000000 		.4byte	.Ldebug_abbrev0
 721 000a 04       		.byte	0x4
 722 000b 01       		.uleb128 0x1
 723 000c 46020000 		.4byte	.LASF135
 724 0010 0C       		.byte	0xc
 725 0011 C5030000 		.4byte	.LASF136
 726 0015 18080000 		.4byte	.LASF137
 727 0019 00000000 		.4byte	.Ldebug_ranges0+0
 728 001d 00000000 		.4byte	0
 729 0021 00000000 		.4byte	.Ldebug_line0
 730 0025 02       		.uleb128 0x2
 731 0026 01       		.byte	0x1
 732 0027 06       		.byte	0x6
 733 0028 F4070000 		.4byte	.LASF0
 734 002c 02       		.uleb128 0x2
 735 002d 01       		.byte	0x1
 736 002e 08       		.byte	0x8
 737 002f 41070000 		.4byte	.LASF1
 738 0033 02       		.uleb128 0x2
 739 0034 02       		.byte	0x2
 740 0035 05       		.byte	0x5
 741 0036 CA050000 		.4byte	.LASF2
 742 003a 02       		.uleb128 0x2
 743 003b 02       		.byte	0x2
ARM GAS  C:\Users\Lenovo\AppData\Local\Temp\ccNkNELR.s 			page 44


 744 003c 07       		.byte	0x7
 745 003d 05080000 		.4byte	.LASF3
 746 0041 02       		.uleb128 0x2
 747 0042 04       		.byte	0x4
 748 0043 05       		.byte	0x5
 749 0044 12060000 		.4byte	.LASF4
 750 0048 02       		.uleb128 0x2
 751 0049 04       		.byte	0x4
 752 004a 07       		.byte	0x7
 753 004b B5060000 		.4byte	.LASF5
 754 004f 02       		.uleb128 0x2
 755 0050 08       		.byte	0x8
 756 0051 05       		.byte	0x5
 757 0052 0D040000 		.4byte	.LASF6
 758 0056 02       		.uleb128 0x2
 759 0057 08       		.byte	0x8
 760 0058 07       		.byte	0x7
 761 0059 D3010000 		.4byte	.LASF7
 762 005d 03       		.uleb128 0x3
 763 005e 04       		.byte	0x4
 764 005f 05       		.byte	0x5
 765 0060 696E7400 		.ascii	"int\000"
 766 0064 02       		.uleb128 0x2
 767 0065 04       		.byte	0x4
 768 0066 07       		.byte	0x7
 769 0067 A4000000 		.4byte	.LASF8
 770 006b 04       		.uleb128 0x4
 771 006c 99080000 		.4byte	.LASF9
 772 0070 02       		.byte	0x2
 773 0071 D201     		.2byte	0x1d2
 774 0073 2C000000 		.4byte	0x2c
 775 0077 04       		.uleb128 0x4
 776 0078 AC030000 		.4byte	.LASF10
 777 007c 02       		.byte	0x2
 778 007d D301     		.2byte	0x1d3
 779 007f 3A000000 		.4byte	0x3a
 780 0083 04       		.uleb128 0x4
 781 0084 E3040000 		.4byte	.LASF11
 782 0088 02       		.byte	0x2
 783 0089 D401     		.2byte	0x1d4
 784 008b 48000000 		.4byte	0x48
 785 008f 04       		.uleb128 0x4
 786 0090 70010000 		.4byte	.LASF12
 787 0094 02       		.byte	0x2
 788 0095 D701     		.2byte	0x1d7
 789 0097 41000000 		.4byte	0x41
 790 009b 02       		.uleb128 0x2
 791 009c 04       		.byte	0x4
 792 009d 04       		.byte	0x4
 793 009e 61010000 		.4byte	.LASF13
 794 00a2 02       		.uleb128 0x2
 795 00a3 08       		.byte	0x8
 796 00a4 04       		.byte	0x4
 797 00a5 9F080000 		.4byte	.LASF14
 798 00a9 02       		.uleb128 0x2
 799 00aa 01       		.byte	0x1
 800 00ab 08       		.byte	0x8
ARM GAS  C:\Users\Lenovo\AppData\Local\Temp\ccNkNELR.s 			page 45


 801 00ac 79030000 		.4byte	.LASF15
 802 00b0 05       		.uleb128 0x5
 803 00b1 9F070000 		.4byte	.LASF16
 804 00b5 03       		.byte	0x3
 805 00b6 DD       		.byte	0xdd
 806 00b7 77000000 		.4byte	0x77
 807 00bb 05       		.uleb128 0x5
 808 00bc F2030000 		.4byte	.LASF17
 809 00c0 03       		.byte	0x3
 810 00c1 E1       		.byte	0xe1
 811 00c2 6B000000 		.4byte	0x6b
 812 00c6 06       		.uleb128 0x6
 813 00c7 01       		.byte	0x1
 814 00c8 2C000000 		.4byte	0x2c
 815 00cc 04       		.byte	0x4
 816 00cd 53       		.byte	0x53
 817 00ce F7000000 		.4byte	0xf7
 818 00d2 07       		.uleb128 0x7
 819 00d3 3A060000 		.4byte	.LASF18
 820 00d7 01       		.byte	0x1
 821 00d8 07       		.uleb128 0x7
 822 00d9 0C050000 		.4byte	.LASF19
 823 00dd 02       		.byte	0x2
 824 00de 07       		.uleb128 0x7
 825 00df 1D030000 		.4byte	.LASF20
 826 00e3 03       		.byte	0x3
 827 00e4 07       		.uleb128 0x7
 828 00e5 EA010000 		.4byte	.LASF21
 829 00e9 04       		.byte	0x4
 830 00ea 07       		.uleb128 0x7
 831 00eb 13010000 		.4byte	.LASF22
 832 00ef 05       		.byte	0x5
 833 00f0 07       		.uleb128 0x7
 834 00f1 00000000 		.4byte	.LASF23
 835 00f5 06       		.byte	0x6
 836 00f6 00       		.byte	0
 837 00f7 05       		.uleb128 0x5
 838 00f8 C0040000 		.4byte	.LASF24
 839 00fc 04       		.byte	0x4
 840 00fd 5A       		.byte	0x5a
 841 00fe C6000000 		.4byte	0xc6
 842 0102 08       		.uleb128 0x8
 843 0103 0E       		.byte	0xe
 844 0104 04       		.byte	0x4
 845 0105 80       		.byte	0x80
 846 0106 83010000 		.4byte	0x183
 847 010a 09       		.uleb128 0x9
 848 010b B3030000 		.4byte	.LASF25
 849 010f 04       		.byte	0x4
 850 0110 86       		.byte	0x86
 851 0111 77000000 		.4byte	0x77
 852 0115 00       		.byte	0
 853 0116 09       		.uleb128 0x9
 854 0117 0A070000 		.4byte	.LASF26
 855 011b 04       		.byte	0x4
 856 011c 8B       		.byte	0x8b
 857 011d B0000000 		.4byte	0xb0
ARM GAS  C:\Users\Lenovo\AppData\Local\Temp\ccNkNELR.s 			page 46


 858 0121 02       		.byte	0x2
 859 0122 09       		.uleb128 0x9
 860 0123 71030000 		.4byte	.LASF27
 861 0127 04       		.byte	0x4
 862 0128 90       		.byte	0x90
 863 0129 6B000000 		.4byte	0x6b
 864 012d 04       		.byte	0x4
 865 012e 09       		.uleb128 0x9
 866 012f 90040000 		.4byte	.LASF28
 867 0133 04       		.byte	0x4
 868 0134 95       		.byte	0x95
 869 0135 6B000000 		.4byte	0x6b
 870 0139 05       		.byte	0x5
 871 013a 09       		.uleb128 0x9
 872 013b 12030000 		.4byte	.LASF29
 873 013f 04       		.byte	0x4
 874 0140 9A       		.byte	0x9a
 875 0141 6B000000 		.4byte	0x6b
 876 0145 06       		.byte	0x6
 877 0146 09       		.uleb128 0x9
 878 0147 23040000 		.4byte	.LASF30
 879 014b 04       		.byte	0x4
 880 014c 9F       		.byte	0x9f
 881 014d 6B000000 		.4byte	0x6b
 882 0151 07       		.byte	0x7
 883 0152 09       		.uleb128 0x9
 884 0153 52030000 		.4byte	.LASF31
 885 0157 04       		.byte	0x4
 886 0158 A5       		.byte	0xa5
 887 0159 BB000000 		.4byte	0xbb
 888 015d 08       		.byte	0x8
 889 015e 09       		.uleb128 0x9
 890 015f DE060000 		.4byte	.LASF32
 891 0163 04       		.byte	0x4
 892 0164 AC       		.byte	0xac
 893 0165 83010000 		.4byte	0x183
 894 0169 09       		.byte	0x9
 895 016a 09       		.uleb128 0x9
 896 016b D0070000 		.4byte	.LASF33
 897 016f 04       		.byte	0x4
 898 0170 B3       		.byte	0xb3
 899 0171 77000000 		.4byte	0x77
 900 0175 0A       		.byte	0xa
 901 0176 09       		.uleb128 0x9
 902 0177 B1050000 		.4byte	.LASF34
 903 017b 04       		.byte	0x4
 904 017c B8       		.byte	0xb8
 905 017d 6B000000 		.4byte	0x6b
 906 0181 0C       		.byte	0xc
 907 0182 00       		.byte	0
 908 0183 0A       		.uleb128 0xa
 909 0184 6B000000 		.4byte	0x6b
 910 0188 93010000 		.4byte	0x193
 911 018c 0B       		.uleb128 0xb
 912 018d 93010000 		.4byte	0x193
 913 0191 00       		.byte	0
 914 0192 00       		.byte	0
ARM GAS  C:\Users\Lenovo\AppData\Local\Temp\ccNkNELR.s 			page 47


 915 0193 02       		.uleb128 0x2
 916 0194 04       		.byte	0x4
 917 0195 07       		.byte	0x7
 918 0196 AC060000 		.4byte	.LASF35
 919 019a 05       		.uleb128 0x5
 920 019b A4040000 		.4byte	.LASF36
 921 019f 04       		.byte	0x4
 922 01a0 B9       		.byte	0xb9
 923 01a1 02010000 		.4byte	0x102
 924 01a5 08       		.uleb128 0x8
 925 01a6 10       		.byte	0x10
 926 01a7 04       		.byte	0x4
 927 01a8 BE       		.byte	0xbe
 928 01a9 32020000 		.4byte	0x232
 929 01ad 09       		.uleb128 0x9
 930 01ae B3030000 		.4byte	.LASF25
 931 01b2 04       		.byte	0x4
 932 01b3 C4       		.byte	0xc4
 933 01b4 77000000 		.4byte	0x77
 934 01b8 00       		.byte	0
 935 01b9 09       		.uleb128 0x9
 936 01ba 0A070000 		.4byte	.LASF26
 937 01be 04       		.byte	0x4
 938 01bf C9       		.byte	0xc9
 939 01c0 B0000000 		.4byte	0xb0
 940 01c4 02       		.byte	0x2
 941 01c5 09       		.uleb128 0x9
 942 01c6 71030000 		.4byte	.LASF27
 943 01ca 04       		.byte	0x4
 944 01cb CE       		.byte	0xce
 945 01cc 6B000000 		.4byte	0x6b
 946 01d0 04       		.byte	0x4
 947 01d1 09       		.uleb128 0x9
 948 01d2 90040000 		.4byte	.LASF28
 949 01d6 04       		.byte	0x4
 950 01d7 D3       		.byte	0xd3
 951 01d8 6B000000 		.4byte	0x6b
 952 01dc 05       		.byte	0x5
 953 01dd 09       		.uleb128 0x9
 954 01de 12030000 		.4byte	.LASF29
 955 01e2 04       		.byte	0x4
 956 01e3 D8       		.byte	0xd8
 957 01e4 6B000000 		.4byte	0x6b
 958 01e8 06       		.byte	0x6
 959 01e9 09       		.uleb128 0x9
 960 01ea 23040000 		.4byte	.LASF30
 961 01ee 04       		.byte	0x4
 962 01ef DD       		.byte	0xdd
 963 01f0 6B000000 		.4byte	0x6b
 964 01f4 07       		.byte	0x7
 965 01f5 09       		.uleb128 0x9
 966 01f6 52030000 		.4byte	.LASF31
 967 01fa 04       		.byte	0x4
 968 01fb E3       		.byte	0xe3
 969 01fc BB000000 		.4byte	0xbb
 970 0200 08       		.byte	0x8
 971 0201 09       		.uleb128 0x9
ARM GAS  C:\Users\Lenovo\AppData\Local\Temp\ccNkNELR.s 			page 48


 972 0202 DE060000 		.4byte	.LASF32
 973 0206 04       		.byte	0x4
 974 0207 EA       		.byte	0xea
 975 0208 83010000 		.4byte	0x183
 976 020c 09       		.byte	0x9
 977 020d 09       		.uleb128 0x9
 978 020e D0070000 		.4byte	.LASF33
 979 0212 04       		.byte	0x4
 980 0213 F1       		.byte	0xf1
 981 0214 77000000 		.4byte	0x77
 982 0218 0A       		.byte	0xa
 983 0219 09       		.uleb128 0x9
 984 021a B1050000 		.4byte	.LASF34
 985 021e 04       		.byte	0x4
 986 021f F6       		.byte	0xf6
 987 0220 6B000000 		.4byte	0x6b
 988 0224 0C       		.byte	0xc
 989 0225 09       		.uleb128 0x9
 990 0226 D1080000 		.4byte	.LASF37
 991 022a 04       		.byte	0x4
 992 022b FB       		.byte	0xfb
 993 022c 32020000 		.4byte	0x232
 994 0230 0E       		.byte	0xe
 995 0231 00       		.byte	0
 996 0232 0A       		.uleb128 0xa
 997 0233 77000000 		.4byte	0x77
 998 0237 42020000 		.4byte	0x242
 999 023b 0B       		.uleb128 0xb
 1000 023c 93010000 		.4byte	0x193
 1001 0240 00       		.byte	0
 1002 0241 00       		.byte	0
 1003 0242 05       		.uleb128 0x5
 1004 0243 8E060000 		.4byte	.LASF38
 1005 0247 04       		.byte	0x4
 1006 0248 FC       		.byte	0xfc
 1007 0249 A5010000 		.4byte	0x1a5
 1008 024d 0C       		.uleb128 0xc
 1009 024e 10       		.byte	0x10
 1010 024f 04       		.byte	0x4
 1011 0250 0201     		.2byte	0x102
 1012 0252 64020000 		.4byte	0x264
 1013 0256 0D       		.uleb128 0xd
 1014 0257 B7070000 		.4byte	.LASF39
 1015 025b 04       		.byte	0x4
 1016 025c 0701     		.2byte	0x107
 1017 025e 42020000 		.4byte	0x242
 1018 0262 00       		.byte	0
 1019 0263 00       		.byte	0
 1020 0264 04       		.uleb128 0x4
 1021 0265 2A010000 		.4byte	.LASF40
 1022 0269 04       		.byte	0x4
 1023 026a 0801     		.2byte	0x108
 1024 026c 4D020000 		.4byte	0x24d
 1025 0270 0C       		.uleb128 0xc
 1026 0271 0A       		.byte	0xa
 1027 0272 04       		.byte	0x4
 1028 0273 0E01     		.2byte	0x10e
ARM GAS  C:\Users\Lenovo\AppData\Local\Temp\ccNkNELR.s 			page 49


 1029 0275 BB020000 		.4byte	0x2bb
 1030 0279 0E       		.uleb128 0xe
 1031 027a 72617700 		.ascii	"raw\000"
 1032 027e 04       		.byte	0x4
 1033 027f 1301     		.2byte	0x113
 1034 0281 32020000 		.4byte	0x232
 1035 0285 00       		.byte	0
 1036 0286 0D       		.uleb128 0xd
 1037 0287 00080000 		.4byte	.LASF41
 1038 028b 04       		.byte	0x4
 1039 028c 1801     		.2byte	0x118
 1040 028e 32020000 		.4byte	0x232
 1041 0292 02       		.byte	0x2
 1042 0293 0D       		.uleb128 0xd
 1043 0294 13070000 		.4byte	.LASF42
 1044 0298 04       		.byte	0x4
 1045 0299 1E01     		.2byte	0x11e
 1046 029b 83010000 		.4byte	0x183
 1047 029f 04       		.byte	0x4
 1048 02a0 0D       		.uleb128 0xd
 1049 02a1 26060000 		.4byte	.LASF43
 1050 02a5 04       		.byte	0x4
 1051 02a6 2301     		.2byte	0x123
 1052 02a8 B0000000 		.4byte	0xb0
 1053 02ac 06       		.byte	0x6
 1054 02ad 0D       		.uleb128 0xd
 1055 02ae A6080000 		.4byte	.LASF44
 1056 02b2 04       		.byte	0x4
 1057 02b3 2801     		.2byte	0x128
 1058 02b5 BB020000 		.4byte	0x2bb
 1059 02b9 08       		.byte	0x8
 1060 02ba 00       		.byte	0
 1061 02bb 0A       		.uleb128 0xa
 1062 02bc BB000000 		.4byte	0xbb
 1063 02c0 CB020000 		.4byte	0x2cb
 1064 02c4 0B       		.uleb128 0xb
 1065 02c5 93010000 		.4byte	0x193
 1066 02c9 00       		.byte	0
 1067 02ca 00       		.byte	0
 1068 02cb 04       		.uleb128 0x4
 1069 02cc ED020000 		.4byte	.LASF45
 1070 02d0 04       		.byte	0x4
 1071 02d1 2901     		.2byte	0x129
 1072 02d3 70020000 		.4byte	0x270
 1073 02d7 0C       		.uleb128 0xc
 1074 02d8 32       		.byte	0x32
 1075 02d9 04       		.byte	0x4
 1076 02da 2F01     		.2byte	0x12f
 1077 02dc EE020000 		.4byte	0x2ee
 1078 02e0 0D       		.uleb128 0xd
 1079 02e1 B7070000 		.4byte	.LASF39
 1080 02e5 04       		.byte	0x4
 1081 02e6 3401     		.2byte	0x134
 1082 02e8 EE020000 		.4byte	0x2ee
 1083 02ec 00       		.byte	0
 1084 02ed 00       		.byte	0
 1085 02ee 0A       		.uleb128 0xa
ARM GAS  C:\Users\Lenovo\AppData\Local\Temp\ccNkNELR.s 			page 50


 1086 02ef CB020000 		.4byte	0x2cb
 1087 02f3 FE020000 		.4byte	0x2fe
 1088 02f7 0B       		.uleb128 0xb
 1089 02f8 93010000 		.4byte	0x193
 1090 02fc 04       		.byte	0x4
 1091 02fd 00       		.byte	0
 1092 02fe 04       		.uleb128 0x4
 1093 02ff DA080000 		.4byte	.LASF46
 1094 0303 04       		.byte	0x4
 1095 0304 3501     		.2byte	0x135
 1096 0306 D7020000 		.4byte	0x2d7
 1097 030a 0C       		.uleb128 0xc
 1098 030b 64       		.byte	0x64
 1099 030c 04       		.byte	0x4
 1100 030d 3B01     		.2byte	0x13b
 1101 030f E4030000 		.4byte	0x3e4
 1102 0313 0D       		.uleb128 0xd
 1103 0314 93050000 		.4byte	.LASF47
 1104 0318 04       		.byte	0x4
 1105 0319 4101     		.2byte	0x141
 1106 031b 77000000 		.4byte	0x77
 1107 031f 00       		.byte	0
 1108 0320 0D       		.uleb128 0xd
 1109 0321 BF080000 		.4byte	.LASF48
 1110 0325 04       		.byte	0x4
 1111 0326 4601     		.2byte	0x146
 1112 0328 77000000 		.4byte	0x77
 1113 032c 02       		.byte	0x2
 1114 032d 0D       		.uleb128 0xd
 1115 032e 2B060000 		.4byte	.LASF49
 1116 0332 04       		.byte	0x4
 1117 0333 4C01     		.2byte	0x14c
 1118 0335 77000000 		.4byte	0x77
 1119 0339 04       		.byte	0x4
 1120 033a 0D       		.uleb128 0xd
 1121 033b B1000000 		.4byte	.LASF50
 1122 033f 04       		.byte	0x4
 1123 0340 5101     		.2byte	0x151
 1124 0342 77000000 		.4byte	0x77
 1125 0346 06       		.byte	0x6
 1126 0347 0D       		.uleb128 0xd
 1127 0348 BE030000 		.4byte	.LASF51
 1128 034c 04       		.byte	0x4
 1129 034d 5601     		.2byte	0x156
 1130 034f 83000000 		.4byte	0x83
 1131 0353 08       		.byte	0x8
 1132 0354 0D       		.uleb128 0xd
 1133 0355 1B060000 		.4byte	.LASF52
 1134 0359 04       		.byte	0x4
 1135 035a 5B01     		.2byte	0x15b
 1136 035c E4030000 		.4byte	0x3e4
 1137 0360 0C       		.byte	0xc
 1138 0361 0D       		.uleb128 0xd
 1139 0362 83060000 		.4byte	.LASF53
 1140 0366 04       		.byte	0x4
 1141 0367 6001     		.2byte	0x160
 1142 0369 E4030000 		.4byte	0x3e4
ARM GAS  C:\Users\Lenovo\AppData\Local\Temp\ccNkNELR.s 			page 51


 1143 036d 10       		.byte	0x10
 1144 036e 0D       		.uleb128 0xd
 1145 036f A7050000 		.4byte	.LASF54
 1146 0373 04       		.byte	0x4
 1147 0374 6E01     		.2byte	0x16e
 1148 0376 83010000 		.4byte	0x183
 1149 037a 14       		.byte	0x14
 1150 037b 0D       		.uleb128 0xd
 1151 037c 99040000 		.4byte	.LASF55
 1152 0380 04       		.byte	0x4
 1153 0381 7301     		.2byte	0x173
 1154 0383 77000000 		.4byte	0x77
 1155 0387 16       		.byte	0x16
 1156 0388 0D       		.uleb128 0xd
 1157 0389 E3020000 		.4byte	.LASF56
 1158 038d 04       		.byte	0x4
 1159 038e 7801     		.2byte	0x178
 1160 0390 6B000000 		.4byte	0x6b
 1161 0394 18       		.byte	0x18
 1162 0395 0D       		.uleb128 0xd
 1163 0396 2E040000 		.4byte	.LASF57
 1164 039a 04       		.byte	0x4
 1165 039b 7D01     		.2byte	0x17d
 1166 039d 64020000 		.4byte	0x264
 1167 03a1 1A       		.byte	0x1a
 1168 03a2 0D       		.uleb128 0xd
 1169 03a3 A6010000 		.4byte	.LASF58
 1170 03a7 04       		.byte	0x4
 1171 03a8 8201     		.2byte	0x182
 1172 03aa FE020000 		.4byte	0x2fe
 1173 03ae 2A       		.byte	0x2a
 1174 03af 0D       		.uleb128 0xd
 1175 03b0 58000000 		.4byte	.LASF59
 1176 03b4 04       		.byte	0x4
 1177 03b5 8701     		.2byte	0x187
 1178 03b7 6B000000 		.4byte	0x6b
 1179 03bb 5C       		.byte	0x5c
 1180 03bc 0D       		.uleb128 0xd
 1181 03bd 11020000 		.4byte	.LASF60
 1182 03c1 04       		.byte	0x4
 1183 03c2 8C01     		.2byte	0x18c
 1184 03c4 6B000000 		.4byte	0x6b
 1185 03c8 5D       		.byte	0x5d
 1186 03c9 0D       		.uleb128 0xd
 1187 03ca 80050000 		.4byte	.LASF61
 1188 03ce 04       		.byte	0x4
 1189 03cf 9101     		.2byte	0x191
 1190 03d1 77000000 		.4byte	0x77
 1191 03d5 5E       		.byte	0x5e
 1192 03d6 0D       		.uleb128 0xd
 1193 03d7 68040000 		.4byte	.LASF62
 1194 03db 04       		.byte	0x4
 1195 03dc 9601     		.2byte	0x196
 1196 03de 32020000 		.4byte	0x232
 1197 03e2 60       		.byte	0x60
 1198 03e3 00       		.byte	0
 1199 03e4 0A       		.uleb128 0xa
ARM GAS  C:\Users\Lenovo\AppData\Local\Temp\ccNkNELR.s 			page 52


 1200 03e5 83000000 		.4byte	0x83
 1201 03e9 F4030000 		.4byte	0x3f4
 1202 03ed 0B       		.uleb128 0xb
 1203 03ee 93010000 		.4byte	0x193
 1204 03f2 00       		.byte	0
 1205 03f3 00       		.byte	0
 1206 03f4 04       		.uleb128 0x4
 1207 03f5 D4050000 		.4byte	.LASF63
 1208 03f9 04       		.byte	0x4
 1209 03fa 9701     		.2byte	0x197
 1210 03fc 0A030000 		.4byte	0x30a
 1211 0400 0C       		.uleb128 0xc
 1212 0401 24       		.byte	0x24
 1213 0402 04       		.byte	0x4
 1214 0403 F601     		.2byte	0x1f6
 1215 0405 A6040000 		.4byte	0x4a6
 1216 0409 0D       		.uleb128 0xd
 1217 040a 84080000 		.4byte	.LASF64
 1218 040e 04       		.byte	0x4
 1219 040f FF01     		.2byte	0x1ff
 1220 0411 A6040000 		.4byte	0x4a6
 1221 0415 00       		.byte	0
 1222 0416 0D       		.uleb128 0xd
 1223 0417 93070000 		.4byte	.LASF65
 1224 041b 04       		.byte	0x4
 1225 041c 0502     		.2byte	0x205
 1226 041e AD040000 		.4byte	0x4ad
 1227 0422 04       		.byte	0x4
 1228 0423 0D       		.uleb128 0xd
 1229 0424 9C050000 		.4byte	.LASF66
 1230 0428 04       		.byte	0x4
 1231 0429 0B02     		.2byte	0x20b
 1232 042b AF040000 		.4byte	0x4af
 1233 042f 08       		.byte	0x8
 1234 0430 0D       		.uleb128 0xd
 1235 0431 FC040000 		.4byte	.LASF67
 1236 0435 04       		.byte	0x4
 1237 0436 1002     		.2byte	0x210
 1238 0438 AD040000 		.4byte	0x4ad
 1239 043c 0C       		.byte	0xc
 1240 043d 0D       		.uleb128 0xd
 1241 043e E6060000 		.4byte	.LASF68
 1242 0442 04       		.byte	0x4
 1243 0443 1702     		.2byte	0x217
 1244 0445 B5040000 		.4byte	0x4b5
 1245 0449 10       		.byte	0x10
 1246 044a 0D       		.uleb128 0xd
 1247 044b 74070000 		.4byte	.LASF69
 1248 044f 04       		.byte	0x4
 1249 0450 1C02     		.2byte	0x21c
 1250 0452 77000000 		.4byte	0x77
 1251 0456 14       		.byte	0x14
 1252 0457 0D       		.uleb128 0xd
 1253 0458 65030000 		.4byte	.LASF70
 1254 045c 04       		.byte	0x4
 1255 045d 2302     		.2byte	0x223
 1256 045f 77000000 		.4byte	0x77
ARM GAS  C:\Users\Lenovo\AppData\Local\Temp\ccNkNELR.s 			page 53


 1257 0463 16       		.byte	0x16
 1258 0464 0D       		.uleb128 0xd
 1259 0465 21020000 		.4byte	.LASF71
 1260 0469 04       		.byte	0x4
 1261 046a 2E02     		.2byte	0x22e
 1262 046c 6B000000 		.4byte	0x6b
 1263 0470 18       		.byte	0x18
 1264 0471 0D       		.uleb128 0xd
 1265 0472 1B040000 		.4byte	.LASF72
 1266 0476 04       		.byte	0x4
 1267 0477 3602     		.2byte	0x236
 1268 0479 6B000000 		.4byte	0x6b
 1269 047d 19       		.byte	0x19
 1270 047e 0D       		.uleb128 0xd
 1271 047f BE050000 		.4byte	.LASF73
 1272 0483 04       		.byte	0x4
 1273 0484 3C02     		.2byte	0x23c
 1274 0486 77000000 		.4byte	0x77
 1275 048a 1A       		.byte	0x1a
 1276 048b 0D       		.uleb128 0xd
 1277 048c F6060000 		.4byte	.LASF74
 1278 0490 04       		.byte	0x4
 1279 0491 4502     		.2byte	0x245
 1280 0493 83000000 		.4byte	0x83
 1281 0497 1C       		.byte	0x1c
 1282 0498 0D       		.uleb128 0xd
 1283 0499 1B070000 		.4byte	.LASF75
 1284 049d 04       		.byte	0x4
 1285 049e 4A02     		.2byte	0x24a
 1286 04a0 AD040000 		.4byte	0x4ad
 1287 04a4 20       		.byte	0x20
 1288 04a5 00       		.byte	0
 1289 04a6 0F       		.uleb128 0xf
 1290 04a7 04       		.byte	0x4
 1291 04a8 AC040000 		.4byte	0x4ac
 1292 04ac 10       		.uleb128 0x10
 1293 04ad 11       		.uleb128 0x11
 1294 04ae 04       		.byte	0x4
 1295 04af 0F       		.uleb128 0xf
 1296 04b0 04       		.byte	0x4
 1297 04b1 CB020000 		.4byte	0x2cb
 1298 04b5 0F       		.uleb128 0xf
 1299 04b6 04       		.byte	0x4
 1300 04b7 6B000000 		.4byte	0x6b
 1301 04bb 04       		.uleb128 0x4
 1302 04bc 39030000 		.4byte	.LASF76
 1303 04c0 04       		.byte	0x4
 1304 04c1 4B02     		.2byte	0x24b
 1305 04c3 00040000 		.4byte	0x400
 1306 04c7 0C       		.uleb128 0xc
 1307 04c8 24       		.byte	0x24
 1308 04c9 04       		.byte	0x4
 1309 04ca 5102     		.2byte	0x251
 1310 04cc DE040000 		.4byte	0x4de
 1311 04d0 0D       		.uleb128 0xd
 1312 04d1 F7080000 		.4byte	.LASF77
 1313 04d5 04       		.byte	0x4
ARM GAS  C:\Users\Lenovo\AppData\Local\Temp\ccNkNELR.s 			page 54


 1314 04d6 5602     		.2byte	0x256
 1315 04d8 DE040000 		.4byte	0x4de
 1316 04dc 00       		.byte	0
 1317 04dd 00       		.byte	0
 1318 04de 0A       		.uleb128 0xa
 1319 04df BB040000 		.4byte	0x4bb
 1320 04e3 EE040000 		.4byte	0x4ee
 1321 04e7 0B       		.uleb128 0xb
 1322 04e8 93010000 		.4byte	0x193
 1323 04ec 00       		.byte	0
 1324 04ed 00       		.byte	0
 1325 04ee 04       		.uleb128 0x4
 1326 04ef 37040000 		.4byte	.LASF78
 1327 04f3 04       		.byte	0x4
 1328 04f4 5702     		.2byte	0x257
 1329 04f6 C7040000 		.4byte	0x4c7
 1330 04fa 0C       		.uleb128 0xc
 1331 04fb 02       		.byte	0x2
 1332 04fc 04       		.byte	0x4
 1333 04fd 8C02     		.2byte	0x28c
 1334 04ff 11050000 		.4byte	0x511
 1335 0503 0D       		.uleb128 0xd
 1336 0504 91080000 		.4byte	.LASF79
 1337 0508 04       		.byte	0x4
 1338 0509 8E02     		.2byte	0x28e
 1339 050b 77000000 		.4byte	0x77
 1340 050f 00       		.byte	0
 1341 0510 00       		.byte	0
 1342 0511 04       		.uleb128 0x4
 1343 0512 4F060000 		.4byte	.LASF80
 1344 0516 04       		.byte	0x4
 1345 0517 8F02     		.2byte	0x28f
 1346 0519 FA040000 		.4byte	0x4fa
 1347 051d 0C       		.uleb128 0xc
 1348 051e 02       		.byte	0x2
 1349 051f 04       		.byte	0x4
 1350 0520 9402     		.2byte	0x294
 1351 0522 34050000 		.4byte	0x534
 1352 0526 0D       		.uleb128 0xd
 1353 0527 D4020000 		.4byte	.LASF81
 1354 052b 04       		.byte	0x4
 1355 052c 9902     		.2byte	0x299
 1356 052e 34050000 		.4byte	0x534
 1357 0532 00       		.byte	0
 1358 0533 00       		.byte	0
 1359 0534 0A       		.uleb128 0xa
 1360 0535 11050000 		.4byte	0x511
 1361 0539 44050000 		.4byte	0x544
 1362 053d 0B       		.uleb128 0xb
 1363 053e 93010000 		.4byte	0x193
 1364 0542 00       		.byte	0
 1365 0543 00       		.byte	0
 1366 0544 04       		.uleb128 0x4
 1367 0545 E8050000 		.4byte	.LASF82
 1368 0549 04       		.byte	0x4
 1369 054a 9A02     		.2byte	0x29a
 1370 054c 1D050000 		.4byte	0x51d
ARM GAS  C:\Users\Lenovo\AppData\Local\Temp\ccNkNELR.s 			page 55


 1371 0550 12       		.uleb128 0x12
 1372 0551 04       		.byte	0x4
 1373 0552 04       		.byte	0x4
 1374 0553 9F02     		.2byte	0x29f
 1375 0555 72050000 		.4byte	0x572
 1376 0559 13       		.uleb128 0x13
 1377 055a 70747200 		.ascii	"ptr\000"
 1378 055e 04       		.byte	0x4
 1379 055f A402     		.2byte	0x2a4
 1380 0561 AD040000 		.4byte	0x4ad
 1381 0565 14       		.uleb128 0x14
 1382 0566 06020000 		.4byte	.LASF83
 1383 056a 04       		.byte	0x4
 1384 056b A902     		.2byte	0x2a9
 1385 056d 72050000 		.4byte	0x572
 1386 0571 00       		.byte	0
 1387 0572 0F       		.uleb128 0xf
 1388 0573 04       		.byte	0x4
 1389 0574 44050000 		.4byte	0x544
 1390 0578 04       		.uleb128 0x4
 1391 0579 2A020000 		.4byte	.LASF84
 1392 057d 04       		.byte	0x4
 1393 057e AA02     		.2byte	0x2aa
 1394 0580 50050000 		.4byte	0x550
 1395 0584 0C       		.uleb128 0xc
 1396 0585 04       		.byte	0x4
 1397 0586 04       		.byte	0x4
 1398 0587 AD02     		.2byte	0x2ad
 1399 0589 A8050000 		.4byte	0x5a8
 1400 058d 0D       		.uleb128 0xd
 1401 058e 78040000 		.4byte	.LASF85
 1402 0592 04       		.byte	0x4
 1403 0593 AF02     		.2byte	0x2af
 1404 0595 77000000 		.4byte	0x77
 1405 0599 00       		.byte	0
 1406 059a 0D       		.uleb128 0xd
 1407 059b 84040000 		.4byte	.LASF86
 1408 059f 04       		.byte	0x4
 1409 05a0 B002     		.2byte	0x2b0
 1410 05a2 77000000 		.4byte	0x77
 1411 05a6 02       		.byte	0x2
 1412 05a7 00       		.byte	0
 1413 05a8 04       		.uleb128 0x4
 1414 05a9 F0000000 		.4byte	.LASF87
 1415 05ad 04       		.byte	0x4
 1416 05ae B102     		.2byte	0x2b1
 1417 05b0 84050000 		.4byte	0x584
 1418 05b4 02       		.uleb128 0x2
 1419 05b5 08       		.byte	0x8
 1420 05b6 04       		.byte	0x4
 1421 05b7 61050000 		.4byte	.LASF88
 1422 05bb 15       		.uleb128 0x15
 1423 05bc 81070000 		.4byte	.LASF94
 1424 05c0 01       		.byte	0x1
 1425 05c1 2F06     		.2byte	0x62f
 1426 05c3 03       		.byte	0x3
 1427 05c4 11060000 		.4byte	0x611
ARM GAS  C:\Users\Lenovo\AppData\Local\Temp\ccNkNELR.s 			page 56


 1428 05c8 16       		.uleb128 0x16
 1429 05c9 5A050000 		.4byte	.LASF89
 1430 05cd 01       		.byte	0x1
 1431 05ce 3006     		.2byte	0x630
 1432 05d0 77000000 		.4byte	0x77
 1433 05d4 16       		.uleb128 0x16
 1434 05d5 74070000 		.4byte	.LASF69
 1435 05d9 01       		.byte	0x1
 1436 05da 3006     		.2byte	0x630
 1437 05dc 83000000 		.4byte	0x83
 1438 05e0 16       		.uleb128 0x16
 1439 05e1 4F070000 		.4byte	.LASF90
 1440 05e5 01       		.byte	0x1
 1441 05e6 3006     		.2byte	0x630
 1442 05e8 11060000 		.4byte	0x611
 1443 05ec 16       		.uleb128 0x16
 1444 05ed 4F050000 		.4byte	.LASF91
 1445 05f1 01       		.byte	0x1
 1446 05f2 3106     		.2byte	0x631
 1447 05f4 17060000 		.4byte	0x617
 1448 05f8 17       		.uleb128 0x17
 1449 05f9 35070000 		.4byte	.LASF92
 1450 05fd 01       		.byte	0x1
 1451 05fe 3306     		.2byte	0x633
 1452 0600 83000000 		.4byte	0x83
 1453 0604 17       		.uleb128 0x17
 1454 0605 05030000 		.4byte	.LASF93
 1455 0609 01       		.byte	0x1
 1456 060a 3406     		.2byte	0x634
 1457 060c 83000000 		.4byte	0x83
 1458 0610 00       		.byte	0
 1459 0611 0F       		.uleb128 0xf
 1460 0612 04       		.byte	0x4
 1461 0613 77000000 		.4byte	0x77
 1462 0617 0F       		.uleb128 0xf
 1463 0618 04       		.byte	0x4
 1464 0619 A8050000 		.4byte	0x5a8
 1465 061d 18       		.uleb128 0x18
 1466 061e D7070000 		.4byte	.LASF95
 1467 0622 01       		.byte	0x1
 1468 0623 F6       		.byte	0xf6
 1469 0624 03       		.byte	0x3
 1470 0625 4B060000 		.4byte	0x64b
 1471 0629 19       		.uleb128 0x19
 1472 062a 67070000 		.4byte	.LASF96
 1473 062e 01       		.byte	0x1
 1474 062f F6       		.byte	0xf6
 1475 0630 4B060000 		.4byte	0x64b
 1476 0634 1A       		.uleb128 0x1a
 1477 0635 69647800 		.ascii	"idx\000"
 1478 0639 01       		.byte	0x1
 1479 063a F8       		.byte	0xf8
 1480 063b 83000000 		.4byte	0x83
 1481 063f 1B       		.uleb128 0x1b
 1482 0640 4D040000 		.4byte	.LASF97
 1483 0644 01       		.byte	0x1
 1484 0645 F9       		.byte	0xf9
ARM GAS  C:\Users\Lenovo\AppData\Local\Temp\ccNkNELR.s 			page 57


 1485 0646 56060000 		.4byte	0x656
 1486 064a 00       		.byte	0
 1487 064b 0F       		.uleb128 0xf
 1488 064c 04       		.byte	0x4
 1489 064d 51060000 		.4byte	0x651
 1490 0651 1C       		.uleb128 0x1c
 1491 0652 BB040000 		.4byte	0x4bb
 1492 0656 0F       		.uleb128 0xf
 1493 0657 04       		.byte	0x4
 1494 0658 42020000 		.4byte	0x242
 1495 065c 1D       		.uleb128 0x1d
 1496 065d 76010000 		.4byte	.LASF101
 1497 0661 01       		.byte	0x1
 1498 0662 4501     		.2byte	0x145
 1499 0664 00000000 		.4byte	.LFB3
 1500 0668 74000000 		.4byte	.LFE3-.LFB3
 1501 066c 01       		.uleb128 0x1
 1502 066d 9C       		.byte	0x9c
 1503 066e E7060000 		.4byte	0x6e7
 1504 0672 1E       		.uleb128 0x1e
 1505 0673 47000000 		.4byte	.LASF98
 1506 0677 01       		.byte	0x1
 1507 0678 4701     		.2byte	0x147
 1508 067a 83000000 		.4byte	0x83
 1509 067e 00000000 		.4byte	.LLST0
 1510 0682 1E       		.uleb128 0x1e
 1511 0683 B4080000 		.4byte	.LASF99
 1512 0687 01       		.byte	0x1
 1513 0688 4801     		.2byte	0x148
 1514 068a F7000000 		.4byte	0xf7
 1515 068e 40000000 		.4byte	.LLST1
 1516 0692 1E       		.uleb128 0x1e
 1517 0693 6D050000 		.4byte	.LASF100
 1518 0697 01       		.byte	0x1
 1519 0698 4901     		.2byte	0x149
 1520 069a E7060000 		.4byte	0x6e7
 1521 069e 60000000 		.4byte	.LLST2
 1522 06a2 1F       		.uleb128 0x1f
 1523 06a3 67070000 		.4byte	.LASF96
 1524 06a7 01       		.byte	0x1
 1525 06a8 4A01     		.2byte	0x14a
 1526 06aa 4B060000 		.4byte	0x64b
 1527 06ae 01       		.uleb128 0x1
 1528 06af 52       		.byte	0x52
 1529 06b0 20       		.uleb128 0x20
 1530 06b1 1D060000 		.4byte	0x61d
 1531 06b5 46000000 		.4byte	.LBB6
 1532 06b9 18000000 		.4byte	.LBE6-.LBB6
 1533 06bd 01       		.byte	0x1
 1534 06be 8F01     		.2byte	0x18f
 1535 06c0 21       		.uleb128 0x21
 1536 06c1 29060000 		.4byte	0x629
 1537 06c5 73000000 		.4byte	.LLST3
 1538 06c9 22       		.uleb128 0x22
 1539 06ca 46000000 		.4byte	.LBB7
 1540 06ce 18000000 		.4byte	.LBE7-.LBB7
 1541 06d2 23       		.uleb128 0x23
ARM GAS  C:\Users\Lenovo\AppData\Local\Temp\ccNkNELR.s 			page 58


 1542 06d3 34060000 		.4byte	0x634
 1543 06d7 86000000 		.4byte	.LLST4
 1544 06db 23       		.uleb128 0x23
 1545 06dc 3F060000 		.4byte	0x63f
 1546 06e0 A5000000 		.4byte	.LLST5
 1547 06e4 00       		.byte	0
 1548 06e5 00       		.byte	0
 1549 06e6 00       		.byte	0
 1550 06e7 0F       		.uleb128 0xf
 1551 06e8 04       		.byte	0x4
 1552 06e9 9A010000 		.4byte	0x19a
 1553 06ed 1D       		.uleb128 0x1d
 1554 06ee BD000000 		.4byte	.LASF102
 1555 06f2 01       		.byte	0x1
 1556 06f3 2D04     		.2byte	0x42d
 1557 06f5 00000000 		.4byte	.LFB7
 1558 06f9 16000000 		.4byte	.LFE7-.LFB7
 1559 06fd 01       		.uleb128 0x1
 1560 06fe 9C       		.byte	0x9c
 1561 06ff 32070000 		.4byte	0x732
 1562 0703 24       		.uleb128 0x24
 1563 0704 6D050000 		.4byte	.LASF100
 1564 0708 01       		.byte	0x1
 1565 0709 2E04     		.2byte	0x42e
 1566 070b E7060000 		.4byte	0x6e7
 1567 070f B8000000 		.4byte	.LLST6
 1568 0713 25       		.uleb128 0x25
 1569 0714 ED070000 		.4byte	.LASF103
 1570 0718 01       		.byte	0x1
 1571 0719 2F04     		.2byte	0x42f
 1572 071b AF040000 		.4byte	0x4af
 1573 071f 01       		.uleb128 0x1
 1574 0720 51       		.byte	0x51
 1575 0721 1E       		.uleb128 0x1e
 1576 0722 E1000000 		.4byte	.LASF104
 1577 0726 01       		.byte	0x1
 1578 0727 3104     		.2byte	0x431
 1579 0729 8F000000 		.4byte	0x8f
 1580 072d D9000000 		.4byte	.LLST7
 1581 0731 00       		.byte	0
 1582 0732 26       		.uleb128 0x26
 1583 0733 7E030000 		.4byte	.LASF107
 1584 0737 01       		.byte	0x1
 1585 0738 C502     		.2byte	0x2c5
 1586 073a 83000000 		.4byte	0x83
 1587 073e 00000000 		.4byte	.LFB4
 1588 0742 3A000000 		.4byte	.LFE4-.LFB4
 1589 0746 01       		.uleb128 0x1
 1590 0747 9C       		.byte	0x9c
 1591 0748 E4070000 		.4byte	0x7e4
 1592 074c 24       		.uleb128 0x24
 1593 074d 67070000 		.4byte	.LASF96
 1594 0751 01       		.byte	0x1
 1595 0752 C502     		.2byte	0x2c5
 1596 0754 4B060000 		.4byte	0x64b
 1597 0758 08010000 		.4byte	.LLST8
 1598 075c 1E       		.uleb128 0x1e
ARM GAS  C:\Users\Lenovo\AppData\Local\Temp\ccNkNELR.s 			page 59


 1599 075d AE010000 		.4byte	.LASF105
 1600 0761 01       		.byte	0x1
 1601 0762 C702     		.2byte	0x2c7
 1602 0764 83000000 		.4byte	0x83
 1603 0768 34010000 		.4byte	.LLST9
 1604 076c 1E       		.uleb128 0x1e
 1605 076d B4080000 		.4byte	.LASF99
 1606 0771 01       		.byte	0x1
 1607 0772 CD02     		.2byte	0x2cd
 1608 0774 83000000 		.4byte	0x83
 1609 0778 76010000 		.4byte	.LLST10
 1610 077c 1E       		.uleb128 0x1e
 1611 077d 34060000 		.4byte	.LASF106
 1612 0781 01       		.byte	0x1
 1613 0782 CE02     		.2byte	0x2ce
 1614 0784 83000000 		.4byte	0x83
 1615 0788 95010000 		.4byte	.LLST11
 1616 078c 1E       		.uleb128 0x1e
 1617 078d ED070000 		.4byte	.LASF103
 1618 0791 01       		.byte	0x1
 1619 0792 CF02     		.2byte	0x2cf
 1620 0794 AF040000 		.4byte	0x4af
 1621 0798 B4010000 		.4byte	.LLST12
 1622 079c 1E       		.uleb128 0x1e
 1623 079d 6D050000 		.4byte	.LASF100
 1624 07a1 01       		.byte	0x1
 1625 07a2 D002     		.2byte	0x2d0
 1626 07a4 E7060000 		.4byte	0x6e7
 1627 07a8 C7010000 		.4byte	.LLST13
 1628 07ac 27       		.uleb128 0x27
 1629 07ad 20000000 		.4byte	.LVL29
 1630 07b1 790B0000 		.4byte	0xb79
 1631 07b5 CD070000 		.4byte	0x7cd
 1632 07b9 28       		.uleb128 0x28
 1633 07ba 01       		.uleb128 0x1
 1634 07bb 50       		.byte	0x50
 1635 07bc 02       		.uleb128 0x2
 1636 07bd 75       		.byte	0x75
 1637 07be 00       		.sleb128 0
 1638 07bf 28       		.uleb128 0x28
 1639 07c0 01       		.uleb128 0x1
 1640 07c1 51       		.byte	0x51
 1641 07c2 02       		.uleb128 0x2
 1642 07c3 74       		.byte	0x74
 1643 07c4 00       		.sleb128 0
 1644 07c5 28       		.uleb128 0x28
 1645 07c6 01       		.uleb128 0x1
 1646 07c7 52       		.byte	0x52
 1647 07c8 03       		.uleb128 0x3
 1648 07c9 91       		.byte	0x91
 1649 07ca 64       		.sleb128 -28
 1650 07cb 06       		.byte	0x6
 1651 07cc 00       		.byte	0
 1652 07cd 29       		.uleb128 0x29
 1653 07ce 2A000000 		.4byte	.LVL32
 1654 07d2 ED060000 		.4byte	0x6ed
 1655 07d6 28       		.uleb128 0x28
ARM GAS  C:\Users\Lenovo\AppData\Local\Temp\ccNkNELR.s 			page 60


 1656 07d7 01       		.uleb128 0x1
 1657 07d8 50       		.byte	0x50
 1658 07d9 02       		.uleb128 0x2
 1659 07da 75       		.byte	0x75
 1660 07db 00       		.sleb128 0
 1661 07dc 28       		.uleb128 0x28
 1662 07dd 01       		.uleb128 0x1
 1663 07de 51       		.byte	0x51
 1664 07df 02       		.uleb128 0x2
 1665 07e0 74       		.byte	0x74
 1666 07e1 00       		.sleb128 0
 1667 07e2 00       		.byte	0
 1668 07e3 00       		.byte	0
 1669 07e4 26       		.uleb128 0x26
 1670 07e5 18000000 		.4byte	.LASF108
 1671 07e9 01       		.byte	0x1
 1672 07ea 4C03     		.2byte	0x34c
 1673 07ec 83000000 		.4byte	0x83
 1674 07f0 00000000 		.4byte	.LFB5
 1675 07f4 2A000000 		.4byte	.LFE5-.LFB5
 1676 07f8 01       		.uleb128 0x1
 1677 07f9 9C       		.byte	0x9c
 1678 07fa 9F080000 		.4byte	0x89f
 1679 07fe 24       		.uleb128 0x24
 1680 07ff 67070000 		.4byte	.LASF96
 1681 0803 01       		.byte	0x1
 1682 0804 4D03     		.2byte	0x34d
 1683 0806 4B060000 		.4byte	0x64b
 1684 080a DA010000 		.4byte	.LLST14
 1685 080e 24       		.uleb128 0x24
 1686 080f ED070000 		.4byte	.LASF103
 1687 0813 01       		.byte	0x1
 1688 0814 4E03     		.2byte	0x34e
 1689 0816 AF040000 		.4byte	0x4af
 1690 081a 14020000 		.4byte	.LLST15
 1691 081e 24       		.uleb128 0x24
 1692 081f 4E000000 		.4byte	.LASF109
 1693 0823 01       		.byte	0x1
 1694 0824 4F03     		.2byte	0x34f
 1695 0826 78050000 		.4byte	0x578
 1696 082a 56020000 		.4byte	.LLST16
 1697 082e 24       		.uleb128 0x24
 1698 082f EB000000 		.4byte	.LASF110
 1699 0833 01       		.byte	0x1
 1700 0834 5003     		.2byte	0x350
 1701 0836 83000000 		.4byte	0x83
 1702 083a 69020000 		.4byte	.LLST17
 1703 083e 1E       		.uleb128 0x1e
 1704 083f AE010000 		.4byte	.LASF105
 1705 0843 01       		.byte	0x1
 1706 0844 5203     		.2byte	0x352
 1707 0846 83000000 		.4byte	0x83
 1708 084a 95020000 		.4byte	.LLST18
 1709 084e 1E       		.uleb128 0x1e
 1710 084f B4080000 		.4byte	.LASF99
 1711 0853 01       		.byte	0x1
 1712 0854 5303     		.2byte	0x353
ARM GAS  C:\Users\Lenovo\AppData\Local\Temp\ccNkNELR.s 			page 61


 1713 0856 83000000 		.4byte	0x83
 1714 085a D6020000 		.4byte	.LLST19
 1715 085e 1E       		.uleb128 0x1e
 1716 085f 6D050000 		.4byte	.LASF100
 1717 0863 01       		.byte	0x1
 1718 0864 5403     		.2byte	0x354
 1719 0866 E7060000 		.4byte	0x6e7
 1720 086a F4020000 		.4byte	.LLST20
 1721 086e 27       		.uleb128 0x27
 1722 086f 14000000 		.4byte	.LVL46
 1723 0873 790B0000 		.4byte	0xb79
 1724 0877 88080000 		.4byte	0x888
 1725 087b 28       		.uleb128 0x28
 1726 087c 01       		.uleb128 0x1
 1727 087d 50       		.byte	0x50
 1728 087e 02       		.uleb128 0x2
 1729 087f 77       		.byte	0x77
 1730 0880 00       		.sleb128 0
 1731 0881 28       		.uleb128 0x28
 1732 0882 01       		.uleb128 0x1
 1733 0883 51       		.byte	0x51
 1734 0884 02       		.uleb128 0x2
 1735 0885 76       		.byte	0x76
 1736 0886 00       		.sleb128 0
 1737 0887 00       		.byte	0
 1738 0888 29       		.uleb128 0x29
 1739 0889 26000000 		.4byte	.LVL50
 1740 088d ED060000 		.4byte	0x6ed
 1741 0891 28       		.uleb128 0x28
 1742 0892 01       		.uleb128 0x1
 1743 0893 50       		.byte	0x50
 1744 0894 02       		.uleb128 0x2
 1745 0895 77       		.byte	0x77
 1746 0896 00       		.sleb128 0
 1747 0897 28       		.uleb128 0x28
 1748 0898 01       		.uleb128 0x1
 1749 0899 51       		.byte	0x51
 1750 089a 02       		.uleb128 0x2
 1751 089b 76       		.byte	0x76
 1752 089c 00       		.sleb128 0
 1753 089d 00       		.byte	0
 1754 089e 00       		.byte	0
 1755 089f 15       		.uleb128 0x15
 1756 08a0 EA040000 		.4byte	.LASF111
 1757 08a4 01       		.byte	0x1
 1758 08a5 F105     		.2byte	0x5f1
 1759 08a7 03       		.byte	0x3
 1760 08a8 F5080000 		.4byte	0x8f5
 1761 08ac 16       		.uleb128 0x16
 1762 08ad 5A050000 		.4byte	.LASF89
 1763 08b1 01       		.byte	0x1
 1764 08b2 F205     		.2byte	0x5f2
 1765 08b4 F5080000 		.4byte	0x8f5
 1766 08b8 16       		.uleb128 0x16
 1767 08b9 2A070000 		.4byte	.LASF112
 1768 08bd 01       		.byte	0x1
 1769 08be F305     		.2byte	0x5f3
ARM GAS  C:\Users\Lenovo\AppData\Local\Temp\ccNkNELR.s 			page 62


 1770 08c0 83000000 		.4byte	0x83
 1771 08c4 16       		.uleb128 0x16
 1772 08c5 67070000 		.4byte	.LASF96
 1773 08c9 01       		.byte	0x1
 1774 08ca F405     		.2byte	0x5f4
 1775 08cc 4B060000 		.4byte	0x64b
 1776 08d0 16       		.uleb128 0x16
 1777 08d1 6D050000 		.4byte	.LASF100
 1778 08d5 01       		.byte	0x1
 1779 08d6 F505     		.2byte	0x5f5
 1780 08d8 56060000 		.4byte	0x656
 1781 08dc 17       		.uleb128 0x17
 1782 08dd A3030000 		.4byte	.LASF113
 1783 08e1 01       		.byte	0x1
 1784 08e2 F705     		.2byte	0x5f7
 1785 08e4 83000000 		.4byte	0x83
 1786 08e8 17       		.uleb128 0x17
 1787 08e9 05060000 		.4byte	.LASF114
 1788 08ed 01       		.byte	0x1
 1789 08ee FE05     		.2byte	0x5fe
 1790 08f0 83000000 		.4byte	0x83
 1791 08f4 00       		.byte	0
 1792 08f5 0F       		.uleb128 0xf
 1793 08f6 04       		.byte	0x4
 1794 08f7 FB080000 		.4byte	0x8fb
 1795 08fb 1C       		.uleb128 0x1c
 1796 08fc 77000000 		.4byte	0x77
 1797 0900 26       		.uleb128 0x26
 1798 0901 36050000 		.4byte	.LASF115
 1799 0905 01       		.byte	0x1
 1800 0906 4805     		.2byte	0x548
 1801 0908 83000000 		.4byte	0x83
 1802 090c 00000000 		.4byte	.LFB8
 1803 0910 F8000000 		.4byte	.LFE8-.LFB8
 1804 0914 01       		.uleb128 0x1
 1805 0915 9C       		.byte	0x9c
 1806 0916 BB0A0000 		.4byte	0xabb
 1807 091a 24       		.uleb128 0x24
 1808 091b C5070000 		.4byte	.LASF116
 1809 091f 01       		.byte	0x1
 1810 0920 4805     		.2byte	0x548
 1811 0922 83000000 		.4byte	0x83
 1812 0926 07030000 		.4byte	.LLST21
 1813 092a 24       		.uleb128 0x24
 1814 092b 67070000 		.4byte	.LASF96
 1815 092f 01       		.byte	0x1
 1816 0930 4805     		.2byte	0x548
 1817 0932 4B060000 		.4byte	0x64b
 1818 0936 51030000 		.4byte	.LLST22
 1819 093a 1E       		.uleb128 0x1e
 1820 093b 40000000 		.4byte	.LASF117
 1821 093f 01       		.byte	0x1
 1822 0940 4A05     		.2byte	0x54a
 1823 0942 83000000 		.4byte	0x83
 1824 0946 96030000 		.4byte	.LLST23
 1825 094a 1E       		.uleb128 0x1e
 1826 094b 78050000 		.4byte	.LASF118
ARM GAS  C:\Users\Lenovo\AppData\Local\Temp\ccNkNELR.s 			page 63


 1827 094f 01       		.byte	0x1
 1828 0950 4B05     		.2byte	0x54b
 1829 0952 83000000 		.4byte	0x83
 1830 0956 EB030000 		.4byte	.LLST24
 1831 095a 1E       		.uleb128 0x1e
 1832 095b 5D030000 		.4byte	.LASF119
 1833 095f 01       		.byte	0x1
 1834 0960 4C05     		.2byte	0x54c
 1835 0962 83000000 		.4byte	0x83
 1836 0966 15040000 		.4byte	.LLST25
 1837 096a 1E       		.uleb128 0x1e
 1838 096b 57010000 		.4byte	.LASF120
 1839 096f 01       		.byte	0x1
 1840 0970 4D05     		.2byte	0x54d
 1841 0972 83000000 		.4byte	0x83
 1842 0976 3E040000 		.4byte	.LLST26
 1843 097a 1E       		.uleb128 0x1e
 1844 097b 74060000 		.4byte	.LASF121
 1845 097f 01       		.byte	0x1
 1846 0980 4E05     		.2byte	0x54e
 1847 0982 B5040000 		.4byte	0x4b5
 1848 0986 68040000 		.4byte	.LLST27
 1849 098a 1E       		.uleb128 0x1e
 1850 098b ED070000 		.4byte	.LASF103
 1851 098f 01       		.byte	0x1
 1852 0990 4F05     		.2byte	0x54f
 1853 0992 AF040000 		.4byte	0x4af
 1854 0996 A7040000 		.4byte	.LLST28
 1855 099a 1E       		.uleb128 0x1e
 1856 099b 6D050000 		.4byte	.LASF100
 1857 099f 01       		.byte	0x1
 1858 09a0 5005     		.2byte	0x550
 1859 09a2 56060000 		.4byte	0x656
 1860 09a6 C5040000 		.4byte	.LLST29
 1861 09aa 1E       		.uleb128 0x1e
 1862 09ab A3030000 		.4byte	.LASF113
 1863 09af 01       		.byte	0x1
 1864 09b0 5605     		.2byte	0x556
 1865 09b2 83000000 		.4byte	0x83
 1866 09b6 D8040000 		.4byte	.LLST30
 1867 09ba 1E       		.uleb128 0x1e
 1868 09bb 67010000 		.4byte	.LASF122
 1869 09bf 01       		.byte	0x1
 1870 09c0 5705     		.2byte	0x557
 1871 09c2 83000000 		.4byte	0x83
 1872 09c6 EB040000 		.4byte	.LLST31
 1873 09ca 1F       		.uleb128 0x1f
 1874 09cb 5A050000 		.4byte	.LASF89
 1875 09cf 01       		.byte	0x1
 1876 09d0 5805     		.2byte	0x558
 1877 09d2 32020000 		.4byte	0x232
 1878 09d6 02       		.uleb128 0x2
 1879 09d7 91       		.byte	0x91
 1880 09d8 64       		.sleb128 -28
 1881 09d9 2A       		.uleb128 0x2a
 1882 09da 9F080000 		.4byte	0x89f
 1883 09de 98000000 		.4byte	.LBB12
ARM GAS  C:\Users\Lenovo\AppData\Local\Temp\ccNkNELR.s 			page 64


 1884 09e2 3C000000 		.4byte	.LBE12-.LBB12
 1885 09e6 01       		.byte	0x1
 1886 09e7 BC05     		.2byte	0x5bc
 1887 09e9 900A0000 		.4byte	0xa90
 1888 09ed 21       		.uleb128 0x21
 1889 09ee D0080000 		.4byte	0x8d0
 1890 09f2 37050000 		.4byte	.LLST32
 1891 09f6 21       		.uleb128 0x21
 1892 09f7 C4080000 		.4byte	0x8c4
 1893 09fb 4A050000 		.4byte	.LLST33
 1894 09ff 21       		.uleb128 0x21
 1895 0a00 B8080000 		.4byte	0x8b8
 1896 0a04 6B050000 		.4byte	.LLST34
 1897 0a08 21       		.uleb128 0x21
 1898 0a09 AC080000 		.4byte	0x8ac
 1899 0a0d 89050000 		.4byte	.LLST35
 1900 0a11 22       		.uleb128 0x22
 1901 0a12 98000000 		.4byte	.LBB13
 1902 0a16 3C000000 		.4byte	.LBE13-.LBB13
 1903 0a1a 23       		.uleb128 0x23
 1904 0a1b DC080000 		.4byte	0x8dc
 1905 0a1f B6050000 		.4byte	.LLST36
 1906 0a23 23       		.uleb128 0x23
 1907 0a24 E8080000 		.4byte	0x8e8
 1908 0a28 D5050000 		.4byte	.LLST37
 1909 0a2c 20       		.uleb128 0x20
 1910 0a2d BB050000 		.4byte	0x5bb
 1911 0a31 A6000000 		.4byte	.LBB14
 1912 0a35 26000000 		.4byte	.LBE14-.LBB14
 1913 0a39 01       		.byte	0x1
 1914 0a3a 1406     		.2byte	0x614
 1915 0a3c 21       		.uleb128 0x21
 1916 0a3d EC050000 		.4byte	0x5ec
 1917 0a41 EE050000 		.4byte	.LLST38
 1918 0a45 21       		.uleb128 0x21
 1919 0a46 E0050000 		.4byte	0x5e0
 1920 0a4a 02060000 		.4byte	.LLST39
 1921 0a4e 21       		.uleb128 0x21
 1922 0a4f D4050000 		.4byte	0x5d4
 1923 0a53 1E060000 		.4byte	.LLST40
 1924 0a57 2B       		.uleb128 0x2b
 1925 0a58 C8050000 		.4byte	0x5c8
 1926 0a5c 22       		.uleb128 0x22
 1927 0a5d A6000000 		.4byte	.LBB15
 1928 0a61 26000000 		.4byte	.LBE15-.LBB15
 1929 0a65 23       		.uleb128 0x23
 1930 0a66 F8050000 		.4byte	0x5f8
 1931 0a6a 37060000 		.4byte	.LLST41
 1932 0a6e 23       		.uleb128 0x23
 1933 0a6f 04060000 		.4byte	0x604
 1934 0a73 55060000 		.4byte	.LLST42
 1935 0a77 29       		.uleb128 0x29
 1936 0a78 C4000000 		.4byte	.LVL95
 1937 0a7c 840B0000 		.4byte	0xb84
 1938 0a80 28       		.uleb128 0x28
 1939 0a81 01       		.uleb128 0x1
 1940 0a82 52       		.byte	0x52
ARM GAS  C:\Users\Lenovo\AppData\Local\Temp\ccNkNELR.s 			page 65


 1941 0a83 02       		.uleb128 0x2
 1942 0a84 08       		.byte	0x8
 1943 0a85 80       		.byte	0x80
 1944 0a86 28       		.uleb128 0x28
 1945 0a87 01       		.uleb128 0x1
 1946 0a88 53       		.byte	0x53
 1947 0a89 01       		.uleb128 0x1
 1948 0a8a 30       		.byte	0x30
 1949 0a8b 00       		.byte	0
 1950 0a8c 00       		.byte	0
 1951 0a8d 00       		.byte	0
 1952 0a8e 00       		.byte	0
 1953 0a8f 00       		.byte	0
 1954 0a90 27       		.uleb128 0x27
 1955 0a91 82000000 		.4byte	.LVL82
 1956 0a95 8F0B0000 		.4byte	0xb8f
 1957 0a99 A40A0000 		.4byte	0xaa4
 1958 0a9d 28       		.uleb128 0x28
 1959 0a9e 01       		.uleb128 0x1
 1960 0a9f 51       		.byte	0x51
 1961 0aa0 02       		.uleb128 0x2
 1962 0aa1 78       		.byte	0x78
 1963 0aa2 00       		.sleb128 0
 1964 0aa3 00       		.byte	0
 1965 0aa4 29       		.uleb128 0x29
 1966 0aa5 96000000 		.4byte	.LVL85
 1967 0aa9 9A0B0000 		.4byte	0xb9a
 1968 0aad 28       		.uleb128 0x28
 1969 0aae 01       		.uleb128 0x1
 1970 0aaf 50       		.byte	0x50
 1971 0ab0 02       		.uleb128 0x2
 1972 0ab1 91       		.byte	0x91
 1973 0ab2 64       		.sleb128 -28
 1974 0ab3 28       		.uleb128 0x28
 1975 0ab4 01       		.uleb128 0x1
 1976 0ab5 52       		.byte	0x52
 1977 0ab6 02       		.uleb128 0x2
 1978 0ab7 78       		.byte	0x78
 1979 0ab8 00       		.sleb128 0
 1980 0ab9 00       		.byte	0
 1981 0aba 00       		.byte	0
 1982 0abb 1D       		.uleb128 0x1d
 1983 0abc 82000000 		.4byte	.LASF123
 1984 0ac0 01       		.byte	0x1
 1985 0ac1 B003     		.2byte	0x3b0
 1986 0ac3 00000000 		.4byte	.LFB6
 1987 0ac7 58000000 		.4byte	.LFE6-.LFB6
 1988 0acb 01       		.uleb128 0x1
 1989 0acc 9C       		.byte	0x9c
 1990 0acd 5C0B0000 		.4byte	0xb5c
 1991 0ad1 24       		.uleb128 0x24
 1992 0ad2 C8080000 		.4byte	.LASF124
 1993 0ad6 01       		.byte	0x1
 1994 0ad7 B003     		.2byte	0x3b0
 1995 0ad9 83000000 		.4byte	0x83
 1996 0add 68060000 		.4byte	.LLST43
 1997 0ae1 24       		.uleb128 0x24
ARM GAS  C:\Users\Lenovo\AppData\Local\Temp\ccNkNELR.s 			page 66


 1998 0ae2 67070000 		.4byte	.LASF96
 1999 0ae6 01       		.byte	0x1
 2000 0ae7 B003     		.2byte	0x3b0
 2001 0ae9 4B060000 		.4byte	0x64b
 2002 0aed AA060000 		.4byte	.LLST44
 2003 0af1 1E       		.uleb128 0x1e
 2004 0af2 D6040000 		.4byte	.LASF125
 2005 0af6 01       		.byte	0x1
 2006 0af7 B203     		.2byte	0x3b2
 2007 0af9 83000000 		.4byte	0x83
 2008 0afd E4060000 		.4byte	.LLST45
 2009 0b01 1E       		.uleb128 0x1e
 2010 0b02 28050000 		.4byte	.LASF126
 2011 0b06 01       		.byte	0x1
 2012 0b07 B303     		.2byte	0x3b3
 2013 0b09 83000000 		.4byte	0x83
 2014 0b0d 0D070000 		.4byte	.LLST46
 2015 0b11 1E       		.uleb128 0x1e
 2016 0b12 5A070000 		.4byte	.LASF127
 2017 0b16 01       		.byte	0x1
 2018 0b17 B403     		.2byte	0x3b4
 2019 0b19 83000000 		.4byte	0x83
 2020 0b1d 65070000 		.4byte	.LLST47
 2021 0b21 1E       		.uleb128 0x1e
 2022 0b22 B4080000 		.4byte	.LASF99
 2023 0b26 01       		.byte	0x1
 2024 0b27 B503     		.2byte	0x3b5
 2025 0b29 F7000000 		.4byte	0xf7
 2026 0b2d 99070000 		.4byte	.LLST48
 2027 0b31 27       		.uleb128 0x27
 2028 0b32 1A000000 		.4byte	.LVL111
 2029 0b36 00090000 		.4byte	0x900
 2030 0b3a 4C0B0000 		.4byte	0xb4c
 2031 0b3e 28       		.uleb128 0x28
 2032 0b3f 01       		.uleb128 0x1
 2033 0b40 50       		.byte	0x50
 2034 0b41 02       		.uleb128 0x2
 2035 0b42 75       		.byte	0x75
 2036 0b43 00       		.sleb128 0
 2037 0b44 28       		.uleb128 0x28
 2038 0b45 01       		.uleb128 0x1
 2039 0b46 51       		.byte	0x51
 2040 0b47 03       		.uleb128 0x3
 2041 0b48 F3       		.byte	0xf3
 2042 0b49 01       		.uleb128 0x1
 2043 0b4a 51       		.byte	0x51
 2044 0b4b 00       		.byte	0
 2045 0b4c 29       		.uleb128 0x29
 2046 0b4d 24000000 		.4byte	.LVL115
 2047 0b51 A50B0000 		.4byte	0xba5
 2048 0b55 28       		.uleb128 0x28
 2049 0b56 01       		.uleb128 0x1
 2050 0b57 50       		.byte	0x50
 2051 0b58 01       		.uleb128 0x1
 2052 0b59 30       		.byte	0x30
 2053 0b5a 00       		.byte	0
 2054 0b5b 00       		.byte	0
ARM GAS  C:\Users\Lenovo\AppData\Local\Temp\ccNkNELR.s 			page 67


 2055 0b5c 2C       		.uleb128 0x2c
 2056 0b5d 59040000 		.4byte	.LASF128
 2057 0b61 04       		.byte	0x4
 2058 0b62 AB03     		.2byte	0x3ab
 2059 0b64 F4030000 		.4byte	0x3f4
 2060 0b68 2C       		.uleb128 0x2c
 2061 0b69 46010000 		.4byte	.LASF129
 2062 0b6d 04       		.byte	0x4
 2063 0b6e AC03     		.2byte	0x3ac
 2064 0b70 740B0000 		.4byte	0xb74
 2065 0b74 1C       		.uleb128 0x1c
 2066 0b75 EE040000 		.4byte	0x4ee
 2067 0b79 2D       		.uleb128 0x2d
 2068 0b7a 8C010000 		.4byte	.LASF130
 2069 0b7e 8C010000 		.4byte	.LASF130
 2070 0b82 05       		.byte	0x5
 2071 0b83 69       		.byte	0x69
 2072 0b84 2D       		.uleb128 0x2d
 2073 0b85 C7060000 		.4byte	.LASF131
 2074 0b89 C7060000 		.4byte	.LASF131
 2075 0b8d 05       		.byte	0x5
 2076 0b8e 72       		.byte	0x72
 2077 0b8f 2D       		.uleb128 0x2d
 2078 0b90 68000000 		.4byte	.LASF132
 2079 0b94 68000000 		.4byte	.LASF132
 2080 0b98 06       		.byte	0x6
 2081 0b99 4E       		.byte	0x4e
 2082 0b9a 2D       		.uleb128 0x2d
 2083 0b9b B5010000 		.4byte	.LASF133
 2084 0b9f B5010000 		.4byte	.LASF133
 2085 0ba3 06       		.byte	0x6
 2086 0ba4 5D       		.byte	0x5d
 2087 0ba5 2D       		.uleb128 0x2d
 2088 0ba6 DA000000 		.4byte	.LASF134
 2089 0baa DA000000 		.4byte	.LASF134
 2090 0bae 07       		.byte	0x7
 2091 0baf E7       		.byte	0xe7
 2092 0bb0 00       		.byte	0
 2093              		.section	.debug_abbrev,"",%progbits
 2094              	.Ldebug_abbrev0:
 2095 0000 01       		.uleb128 0x1
 2096 0001 11       		.uleb128 0x11
 2097 0002 01       		.byte	0x1
 2098 0003 25       		.uleb128 0x25
 2099 0004 0E       		.uleb128 0xe
 2100 0005 13       		.uleb128 0x13
 2101 0006 0B       		.uleb128 0xb
 2102 0007 03       		.uleb128 0x3
 2103 0008 0E       		.uleb128 0xe
 2104 0009 1B       		.uleb128 0x1b
 2105 000a 0E       		.uleb128 0xe
 2106 000b 55       		.uleb128 0x55
 2107 000c 17       		.uleb128 0x17
 2108 000d 11       		.uleb128 0x11
 2109 000e 01       		.uleb128 0x1
 2110 000f 10       		.uleb128 0x10
 2111 0010 17       		.uleb128 0x17
ARM GAS  C:\Users\Lenovo\AppData\Local\Temp\ccNkNELR.s 			page 68


 2112 0011 00       		.byte	0
 2113 0012 00       		.byte	0
 2114 0013 02       		.uleb128 0x2
 2115 0014 24       		.uleb128 0x24
 2116 0015 00       		.byte	0
 2117 0016 0B       		.uleb128 0xb
 2118 0017 0B       		.uleb128 0xb
 2119 0018 3E       		.uleb128 0x3e
 2120 0019 0B       		.uleb128 0xb
 2121 001a 03       		.uleb128 0x3
 2122 001b 0E       		.uleb128 0xe
 2123 001c 00       		.byte	0
 2124 001d 00       		.byte	0
 2125 001e 03       		.uleb128 0x3
 2126 001f 24       		.uleb128 0x24
 2127 0020 00       		.byte	0
 2128 0021 0B       		.uleb128 0xb
 2129 0022 0B       		.uleb128 0xb
 2130 0023 3E       		.uleb128 0x3e
 2131 0024 0B       		.uleb128 0xb
 2132 0025 03       		.uleb128 0x3
 2133 0026 08       		.uleb128 0x8
 2134 0027 00       		.byte	0
 2135 0028 00       		.byte	0
 2136 0029 04       		.uleb128 0x4
 2137 002a 16       		.uleb128 0x16
 2138 002b 00       		.byte	0
 2139 002c 03       		.uleb128 0x3
 2140 002d 0E       		.uleb128 0xe
 2141 002e 3A       		.uleb128 0x3a
 2142 002f 0B       		.uleb128 0xb
 2143 0030 3B       		.uleb128 0x3b
 2144 0031 05       		.uleb128 0x5
 2145 0032 49       		.uleb128 0x49
 2146 0033 13       		.uleb128 0x13
 2147 0034 00       		.byte	0
 2148 0035 00       		.byte	0
 2149 0036 05       		.uleb128 0x5
 2150 0037 16       		.uleb128 0x16
 2151 0038 00       		.byte	0
 2152 0039 03       		.uleb128 0x3
 2153 003a 0E       		.uleb128 0xe
 2154 003b 3A       		.uleb128 0x3a
 2155 003c 0B       		.uleb128 0xb
 2156 003d 3B       		.uleb128 0x3b
 2157 003e 0B       		.uleb128 0xb
 2158 003f 49       		.uleb128 0x49
 2159 0040 13       		.uleb128 0x13
 2160 0041 00       		.byte	0
 2161 0042 00       		.byte	0
 2162 0043 06       		.uleb128 0x6
 2163 0044 04       		.uleb128 0x4
 2164 0045 01       		.byte	0x1
 2165 0046 0B       		.uleb128 0xb
 2166 0047 0B       		.uleb128 0xb
 2167 0048 49       		.uleb128 0x49
 2168 0049 13       		.uleb128 0x13
ARM GAS  C:\Users\Lenovo\AppData\Local\Temp\ccNkNELR.s 			page 69


 2169 004a 3A       		.uleb128 0x3a
 2170 004b 0B       		.uleb128 0xb
 2171 004c 3B       		.uleb128 0x3b
 2172 004d 0B       		.uleb128 0xb
 2173 004e 01       		.uleb128 0x1
 2174 004f 13       		.uleb128 0x13
 2175 0050 00       		.byte	0
 2176 0051 00       		.byte	0
 2177 0052 07       		.uleb128 0x7
 2178 0053 28       		.uleb128 0x28
 2179 0054 00       		.byte	0
 2180 0055 03       		.uleb128 0x3
 2181 0056 0E       		.uleb128 0xe
 2182 0057 1C       		.uleb128 0x1c
 2183 0058 0B       		.uleb128 0xb
 2184 0059 00       		.byte	0
 2185 005a 00       		.byte	0
 2186 005b 08       		.uleb128 0x8
 2187 005c 13       		.uleb128 0x13
 2188 005d 01       		.byte	0x1
 2189 005e 0B       		.uleb128 0xb
 2190 005f 0B       		.uleb128 0xb
 2191 0060 3A       		.uleb128 0x3a
 2192 0061 0B       		.uleb128 0xb
 2193 0062 3B       		.uleb128 0x3b
 2194 0063 0B       		.uleb128 0xb
 2195 0064 01       		.uleb128 0x1
 2196 0065 13       		.uleb128 0x13
 2197 0066 00       		.byte	0
 2198 0067 00       		.byte	0
 2199 0068 09       		.uleb128 0x9
 2200 0069 0D       		.uleb128 0xd
 2201 006a 00       		.byte	0
 2202 006b 03       		.uleb128 0x3
 2203 006c 0E       		.uleb128 0xe
 2204 006d 3A       		.uleb128 0x3a
 2205 006e 0B       		.uleb128 0xb
 2206 006f 3B       		.uleb128 0x3b
 2207 0070 0B       		.uleb128 0xb
 2208 0071 49       		.uleb128 0x49
 2209 0072 13       		.uleb128 0x13
 2210 0073 38       		.uleb128 0x38
 2211 0074 0B       		.uleb128 0xb
 2212 0075 00       		.byte	0
 2213 0076 00       		.byte	0
 2214 0077 0A       		.uleb128 0xa
 2215 0078 01       		.uleb128 0x1
 2216 0079 01       		.byte	0x1
 2217 007a 49       		.uleb128 0x49
 2218 007b 13       		.uleb128 0x13
 2219 007c 01       		.uleb128 0x1
 2220 007d 13       		.uleb128 0x13
 2221 007e 00       		.byte	0
 2222 007f 00       		.byte	0
 2223 0080 0B       		.uleb128 0xb
 2224 0081 21       		.uleb128 0x21
 2225 0082 00       		.byte	0
ARM GAS  C:\Users\Lenovo\AppData\Local\Temp\ccNkNELR.s 			page 70


 2226 0083 49       		.uleb128 0x49
 2227 0084 13       		.uleb128 0x13
 2228 0085 2F       		.uleb128 0x2f
 2229 0086 0B       		.uleb128 0xb
 2230 0087 00       		.byte	0
 2231 0088 00       		.byte	0
 2232 0089 0C       		.uleb128 0xc
 2233 008a 13       		.uleb128 0x13
 2234 008b 01       		.byte	0x1
 2235 008c 0B       		.uleb128 0xb
 2236 008d 0B       		.uleb128 0xb
 2237 008e 3A       		.uleb128 0x3a
 2238 008f 0B       		.uleb128 0xb
 2239 0090 3B       		.uleb128 0x3b
 2240 0091 05       		.uleb128 0x5
 2241 0092 01       		.uleb128 0x1
 2242 0093 13       		.uleb128 0x13
 2243 0094 00       		.byte	0
 2244 0095 00       		.byte	0
 2245 0096 0D       		.uleb128 0xd
 2246 0097 0D       		.uleb128 0xd
 2247 0098 00       		.byte	0
 2248 0099 03       		.uleb128 0x3
 2249 009a 0E       		.uleb128 0xe
 2250 009b 3A       		.uleb128 0x3a
 2251 009c 0B       		.uleb128 0xb
 2252 009d 3B       		.uleb128 0x3b
 2253 009e 05       		.uleb128 0x5
 2254 009f 49       		.uleb128 0x49
 2255 00a0 13       		.uleb128 0x13
 2256 00a1 38       		.uleb128 0x38
 2257 00a2 0B       		.uleb128 0xb
 2258 00a3 00       		.byte	0
 2259 00a4 00       		.byte	0
 2260 00a5 0E       		.uleb128 0xe
 2261 00a6 0D       		.uleb128 0xd
 2262 00a7 00       		.byte	0
 2263 00a8 03       		.uleb128 0x3
 2264 00a9 08       		.uleb128 0x8
 2265 00aa 3A       		.uleb128 0x3a
 2266 00ab 0B       		.uleb128 0xb
 2267 00ac 3B       		.uleb128 0x3b
 2268 00ad 05       		.uleb128 0x5
 2269 00ae 49       		.uleb128 0x49
 2270 00af 13       		.uleb128 0x13
 2271 00b0 38       		.uleb128 0x38
 2272 00b1 0B       		.uleb128 0xb
 2273 00b2 00       		.byte	0
 2274 00b3 00       		.byte	0
 2275 00b4 0F       		.uleb128 0xf
 2276 00b5 0F       		.uleb128 0xf
 2277 00b6 00       		.byte	0
 2278 00b7 0B       		.uleb128 0xb
 2279 00b8 0B       		.uleb128 0xb
 2280 00b9 49       		.uleb128 0x49
 2281 00ba 13       		.uleb128 0x13
 2282 00bb 00       		.byte	0
ARM GAS  C:\Users\Lenovo\AppData\Local\Temp\ccNkNELR.s 			page 71


 2283 00bc 00       		.byte	0
 2284 00bd 10       		.uleb128 0x10
 2285 00be 26       		.uleb128 0x26
 2286 00bf 00       		.byte	0
 2287 00c0 00       		.byte	0
 2288 00c1 00       		.byte	0
 2289 00c2 11       		.uleb128 0x11
 2290 00c3 0F       		.uleb128 0xf
 2291 00c4 00       		.byte	0
 2292 00c5 0B       		.uleb128 0xb
 2293 00c6 0B       		.uleb128 0xb
 2294 00c7 00       		.byte	0
 2295 00c8 00       		.byte	0
 2296 00c9 12       		.uleb128 0x12
 2297 00ca 17       		.uleb128 0x17
 2298 00cb 01       		.byte	0x1
 2299 00cc 0B       		.uleb128 0xb
 2300 00cd 0B       		.uleb128 0xb
 2301 00ce 3A       		.uleb128 0x3a
 2302 00cf 0B       		.uleb128 0xb
 2303 00d0 3B       		.uleb128 0x3b
 2304 00d1 05       		.uleb128 0x5
 2305 00d2 01       		.uleb128 0x1
 2306 00d3 13       		.uleb128 0x13
 2307 00d4 00       		.byte	0
 2308 00d5 00       		.byte	0
 2309 00d6 13       		.uleb128 0x13
 2310 00d7 0D       		.uleb128 0xd
 2311 00d8 00       		.byte	0
 2312 00d9 03       		.uleb128 0x3
 2313 00da 08       		.uleb128 0x8
 2314 00db 3A       		.uleb128 0x3a
 2315 00dc 0B       		.uleb128 0xb
 2316 00dd 3B       		.uleb128 0x3b
 2317 00de 05       		.uleb128 0x5
 2318 00df 49       		.uleb128 0x49
 2319 00e0 13       		.uleb128 0x13
 2320 00e1 00       		.byte	0
 2321 00e2 00       		.byte	0
 2322 00e3 14       		.uleb128 0x14
 2323 00e4 0D       		.uleb128 0xd
 2324 00e5 00       		.byte	0
 2325 00e6 03       		.uleb128 0x3
 2326 00e7 0E       		.uleb128 0xe
 2327 00e8 3A       		.uleb128 0x3a
 2328 00e9 0B       		.uleb128 0xb
 2329 00ea 3B       		.uleb128 0x3b
 2330 00eb 05       		.uleb128 0x5
 2331 00ec 49       		.uleb128 0x49
 2332 00ed 13       		.uleb128 0x13
 2333 00ee 00       		.byte	0
 2334 00ef 00       		.byte	0
 2335 00f0 15       		.uleb128 0x15
 2336 00f1 2E       		.uleb128 0x2e
 2337 00f2 01       		.byte	0x1
 2338 00f3 03       		.uleb128 0x3
 2339 00f4 0E       		.uleb128 0xe
ARM GAS  C:\Users\Lenovo\AppData\Local\Temp\ccNkNELR.s 			page 72


 2340 00f5 3A       		.uleb128 0x3a
 2341 00f6 0B       		.uleb128 0xb
 2342 00f7 3B       		.uleb128 0x3b
 2343 00f8 05       		.uleb128 0x5
 2344 00f9 27       		.uleb128 0x27
 2345 00fa 19       		.uleb128 0x19
 2346 00fb 20       		.uleb128 0x20
 2347 00fc 0B       		.uleb128 0xb
 2348 00fd 01       		.uleb128 0x1
 2349 00fe 13       		.uleb128 0x13
 2350 00ff 00       		.byte	0
 2351 0100 00       		.byte	0
 2352 0101 16       		.uleb128 0x16
 2353 0102 05       		.uleb128 0x5
 2354 0103 00       		.byte	0
 2355 0104 03       		.uleb128 0x3
 2356 0105 0E       		.uleb128 0xe
 2357 0106 3A       		.uleb128 0x3a
 2358 0107 0B       		.uleb128 0xb
 2359 0108 3B       		.uleb128 0x3b
 2360 0109 05       		.uleb128 0x5
 2361 010a 49       		.uleb128 0x49
 2362 010b 13       		.uleb128 0x13
 2363 010c 00       		.byte	0
 2364 010d 00       		.byte	0
 2365 010e 17       		.uleb128 0x17
 2366 010f 34       		.uleb128 0x34
 2367 0110 00       		.byte	0
 2368 0111 03       		.uleb128 0x3
 2369 0112 0E       		.uleb128 0xe
 2370 0113 3A       		.uleb128 0x3a
 2371 0114 0B       		.uleb128 0xb
 2372 0115 3B       		.uleb128 0x3b
 2373 0116 05       		.uleb128 0x5
 2374 0117 49       		.uleb128 0x49
 2375 0118 13       		.uleb128 0x13
 2376 0119 00       		.byte	0
 2377 011a 00       		.byte	0
 2378 011b 18       		.uleb128 0x18
 2379 011c 2E       		.uleb128 0x2e
 2380 011d 01       		.byte	0x1
 2381 011e 03       		.uleb128 0x3
 2382 011f 0E       		.uleb128 0xe
 2383 0120 3A       		.uleb128 0x3a
 2384 0121 0B       		.uleb128 0xb
 2385 0122 3B       		.uleb128 0x3b
 2386 0123 0B       		.uleb128 0xb
 2387 0124 27       		.uleb128 0x27
 2388 0125 19       		.uleb128 0x19
 2389 0126 20       		.uleb128 0x20
 2390 0127 0B       		.uleb128 0xb
 2391 0128 01       		.uleb128 0x1
 2392 0129 13       		.uleb128 0x13
 2393 012a 00       		.byte	0
 2394 012b 00       		.byte	0
 2395 012c 19       		.uleb128 0x19
 2396 012d 05       		.uleb128 0x5
ARM GAS  C:\Users\Lenovo\AppData\Local\Temp\ccNkNELR.s 			page 73


 2397 012e 00       		.byte	0
 2398 012f 03       		.uleb128 0x3
 2399 0130 0E       		.uleb128 0xe
 2400 0131 3A       		.uleb128 0x3a
 2401 0132 0B       		.uleb128 0xb
 2402 0133 3B       		.uleb128 0x3b
 2403 0134 0B       		.uleb128 0xb
 2404 0135 49       		.uleb128 0x49
 2405 0136 13       		.uleb128 0x13
 2406 0137 00       		.byte	0
 2407 0138 00       		.byte	0
 2408 0139 1A       		.uleb128 0x1a
 2409 013a 34       		.uleb128 0x34
 2410 013b 00       		.byte	0
 2411 013c 03       		.uleb128 0x3
 2412 013d 08       		.uleb128 0x8
 2413 013e 3A       		.uleb128 0x3a
 2414 013f 0B       		.uleb128 0xb
 2415 0140 3B       		.uleb128 0x3b
 2416 0141 0B       		.uleb128 0xb
 2417 0142 49       		.uleb128 0x49
 2418 0143 13       		.uleb128 0x13
 2419 0144 00       		.byte	0
 2420 0145 00       		.byte	0
 2421 0146 1B       		.uleb128 0x1b
 2422 0147 34       		.uleb128 0x34
 2423 0148 00       		.byte	0
 2424 0149 03       		.uleb128 0x3
 2425 014a 0E       		.uleb128 0xe
 2426 014b 3A       		.uleb128 0x3a
 2427 014c 0B       		.uleb128 0xb
 2428 014d 3B       		.uleb128 0x3b
 2429 014e 0B       		.uleb128 0xb
 2430 014f 49       		.uleb128 0x49
 2431 0150 13       		.uleb128 0x13
 2432 0151 00       		.byte	0
 2433 0152 00       		.byte	0
 2434 0153 1C       		.uleb128 0x1c
 2435 0154 26       		.uleb128 0x26
 2436 0155 00       		.byte	0
 2437 0156 49       		.uleb128 0x49
 2438 0157 13       		.uleb128 0x13
 2439 0158 00       		.byte	0
 2440 0159 00       		.byte	0
 2441 015a 1D       		.uleb128 0x1d
 2442 015b 2E       		.uleb128 0x2e
 2443 015c 01       		.byte	0x1
 2444 015d 3F       		.uleb128 0x3f
 2445 015e 19       		.uleb128 0x19
 2446 015f 03       		.uleb128 0x3
 2447 0160 0E       		.uleb128 0xe
 2448 0161 3A       		.uleb128 0x3a
 2449 0162 0B       		.uleb128 0xb
 2450 0163 3B       		.uleb128 0x3b
 2451 0164 05       		.uleb128 0x5
 2452 0165 27       		.uleb128 0x27
 2453 0166 19       		.uleb128 0x19
ARM GAS  C:\Users\Lenovo\AppData\Local\Temp\ccNkNELR.s 			page 74


 2454 0167 11       		.uleb128 0x11
 2455 0168 01       		.uleb128 0x1
 2456 0169 12       		.uleb128 0x12
 2457 016a 06       		.uleb128 0x6
 2458 016b 40       		.uleb128 0x40
 2459 016c 18       		.uleb128 0x18
 2460 016d 9742     		.uleb128 0x2117
 2461 016f 19       		.uleb128 0x19
 2462 0170 01       		.uleb128 0x1
 2463 0171 13       		.uleb128 0x13
 2464 0172 00       		.byte	0
 2465 0173 00       		.byte	0
 2466 0174 1E       		.uleb128 0x1e
 2467 0175 34       		.uleb128 0x34
 2468 0176 00       		.byte	0
 2469 0177 03       		.uleb128 0x3
 2470 0178 0E       		.uleb128 0xe
 2471 0179 3A       		.uleb128 0x3a
 2472 017a 0B       		.uleb128 0xb
 2473 017b 3B       		.uleb128 0x3b
 2474 017c 05       		.uleb128 0x5
 2475 017d 49       		.uleb128 0x49
 2476 017e 13       		.uleb128 0x13
 2477 017f 02       		.uleb128 0x2
 2478 0180 17       		.uleb128 0x17
 2479 0181 00       		.byte	0
 2480 0182 00       		.byte	0
 2481 0183 1F       		.uleb128 0x1f
 2482 0184 34       		.uleb128 0x34
 2483 0185 00       		.byte	0
 2484 0186 03       		.uleb128 0x3
 2485 0187 0E       		.uleb128 0xe
 2486 0188 3A       		.uleb128 0x3a
 2487 0189 0B       		.uleb128 0xb
 2488 018a 3B       		.uleb128 0x3b
 2489 018b 05       		.uleb128 0x5
 2490 018c 49       		.uleb128 0x49
 2491 018d 13       		.uleb128 0x13
 2492 018e 02       		.uleb128 0x2
 2493 018f 18       		.uleb128 0x18
 2494 0190 00       		.byte	0
 2495 0191 00       		.byte	0
 2496 0192 20       		.uleb128 0x20
 2497 0193 1D       		.uleb128 0x1d
 2498 0194 01       		.byte	0x1
 2499 0195 31       		.uleb128 0x31
 2500 0196 13       		.uleb128 0x13
 2501 0197 11       		.uleb128 0x11
 2502 0198 01       		.uleb128 0x1
 2503 0199 12       		.uleb128 0x12
 2504 019a 06       		.uleb128 0x6
 2505 019b 58       		.uleb128 0x58
 2506 019c 0B       		.uleb128 0xb
 2507 019d 59       		.uleb128 0x59
 2508 019e 05       		.uleb128 0x5
 2509 019f 00       		.byte	0
 2510 01a0 00       		.byte	0
ARM GAS  C:\Users\Lenovo\AppData\Local\Temp\ccNkNELR.s 			page 75


 2511 01a1 21       		.uleb128 0x21
 2512 01a2 05       		.uleb128 0x5
 2513 01a3 00       		.byte	0
 2514 01a4 31       		.uleb128 0x31
 2515 01a5 13       		.uleb128 0x13
 2516 01a6 02       		.uleb128 0x2
 2517 01a7 17       		.uleb128 0x17
 2518 01a8 00       		.byte	0
 2519 01a9 00       		.byte	0
 2520 01aa 22       		.uleb128 0x22
 2521 01ab 0B       		.uleb128 0xb
 2522 01ac 01       		.byte	0x1
 2523 01ad 11       		.uleb128 0x11
 2524 01ae 01       		.uleb128 0x1
 2525 01af 12       		.uleb128 0x12
 2526 01b0 06       		.uleb128 0x6
 2527 01b1 00       		.byte	0
 2528 01b2 00       		.byte	0
 2529 01b3 23       		.uleb128 0x23
 2530 01b4 34       		.uleb128 0x34
 2531 01b5 00       		.byte	0
 2532 01b6 31       		.uleb128 0x31
 2533 01b7 13       		.uleb128 0x13
 2534 01b8 02       		.uleb128 0x2
 2535 01b9 17       		.uleb128 0x17
 2536 01ba 00       		.byte	0
 2537 01bb 00       		.byte	0
 2538 01bc 24       		.uleb128 0x24
 2539 01bd 05       		.uleb128 0x5
 2540 01be 00       		.byte	0
 2541 01bf 03       		.uleb128 0x3
 2542 01c0 0E       		.uleb128 0xe
 2543 01c1 3A       		.uleb128 0x3a
 2544 01c2 0B       		.uleb128 0xb
 2545 01c3 3B       		.uleb128 0x3b
 2546 01c4 05       		.uleb128 0x5
 2547 01c5 49       		.uleb128 0x49
 2548 01c6 13       		.uleb128 0x13
 2549 01c7 02       		.uleb128 0x2
 2550 01c8 17       		.uleb128 0x17
 2551 01c9 00       		.byte	0
 2552 01ca 00       		.byte	0
 2553 01cb 25       		.uleb128 0x25
 2554 01cc 05       		.uleb128 0x5
 2555 01cd 00       		.byte	0
 2556 01ce 03       		.uleb128 0x3
 2557 01cf 0E       		.uleb128 0xe
 2558 01d0 3A       		.uleb128 0x3a
 2559 01d1 0B       		.uleb128 0xb
 2560 01d2 3B       		.uleb128 0x3b
 2561 01d3 05       		.uleb128 0x5
 2562 01d4 49       		.uleb128 0x49
 2563 01d5 13       		.uleb128 0x13
 2564 01d6 02       		.uleb128 0x2
 2565 01d7 18       		.uleb128 0x18
 2566 01d8 00       		.byte	0
 2567 01d9 00       		.byte	0
ARM GAS  C:\Users\Lenovo\AppData\Local\Temp\ccNkNELR.s 			page 76


 2568 01da 26       		.uleb128 0x26
 2569 01db 2E       		.uleb128 0x2e
 2570 01dc 01       		.byte	0x1
 2571 01dd 3F       		.uleb128 0x3f
 2572 01de 19       		.uleb128 0x19
 2573 01df 03       		.uleb128 0x3
 2574 01e0 0E       		.uleb128 0xe
 2575 01e1 3A       		.uleb128 0x3a
 2576 01e2 0B       		.uleb128 0xb
 2577 01e3 3B       		.uleb128 0x3b
 2578 01e4 05       		.uleb128 0x5
 2579 01e5 27       		.uleb128 0x27
 2580 01e6 19       		.uleb128 0x19
 2581 01e7 49       		.uleb128 0x49
 2582 01e8 13       		.uleb128 0x13
 2583 01e9 11       		.uleb128 0x11
 2584 01ea 01       		.uleb128 0x1
 2585 01eb 12       		.uleb128 0x12
 2586 01ec 06       		.uleb128 0x6
 2587 01ed 40       		.uleb128 0x40
 2588 01ee 18       		.uleb128 0x18
 2589 01ef 9742     		.uleb128 0x2117
 2590 01f1 19       		.uleb128 0x19
 2591 01f2 01       		.uleb128 0x1
 2592 01f3 13       		.uleb128 0x13
 2593 01f4 00       		.byte	0
 2594 01f5 00       		.byte	0
 2595 01f6 27       		.uleb128 0x27
 2596 01f7 898201   		.uleb128 0x4109
 2597 01fa 01       		.byte	0x1
 2598 01fb 11       		.uleb128 0x11
 2599 01fc 01       		.uleb128 0x1
 2600 01fd 31       		.uleb128 0x31
 2601 01fe 13       		.uleb128 0x13
 2602 01ff 01       		.uleb128 0x1
 2603 0200 13       		.uleb128 0x13
 2604 0201 00       		.byte	0
 2605 0202 00       		.byte	0
 2606 0203 28       		.uleb128 0x28
 2607 0204 8A8201   		.uleb128 0x410a
 2608 0207 00       		.byte	0
 2609 0208 02       		.uleb128 0x2
 2610 0209 18       		.uleb128 0x18
 2611 020a 9142     		.uleb128 0x2111
 2612 020c 18       		.uleb128 0x18
 2613 020d 00       		.byte	0
 2614 020e 00       		.byte	0
 2615 020f 29       		.uleb128 0x29
 2616 0210 898201   		.uleb128 0x4109
 2617 0213 01       		.byte	0x1
 2618 0214 11       		.uleb128 0x11
 2619 0215 01       		.uleb128 0x1
 2620 0216 31       		.uleb128 0x31
 2621 0217 13       		.uleb128 0x13
 2622 0218 00       		.byte	0
 2623 0219 00       		.byte	0
 2624 021a 2A       		.uleb128 0x2a
ARM GAS  C:\Users\Lenovo\AppData\Local\Temp\ccNkNELR.s 			page 77


 2625 021b 1D       		.uleb128 0x1d
 2626 021c 01       		.byte	0x1
 2627 021d 31       		.uleb128 0x31
 2628 021e 13       		.uleb128 0x13
 2629 021f 11       		.uleb128 0x11
 2630 0220 01       		.uleb128 0x1
 2631 0221 12       		.uleb128 0x12
 2632 0222 06       		.uleb128 0x6
 2633 0223 58       		.uleb128 0x58
 2634 0224 0B       		.uleb128 0xb
 2635 0225 59       		.uleb128 0x59
 2636 0226 05       		.uleb128 0x5
 2637 0227 01       		.uleb128 0x1
 2638 0228 13       		.uleb128 0x13
 2639 0229 00       		.byte	0
 2640 022a 00       		.byte	0
 2641 022b 2B       		.uleb128 0x2b
 2642 022c 05       		.uleb128 0x5
 2643 022d 00       		.byte	0
 2644 022e 31       		.uleb128 0x31
 2645 022f 13       		.uleb128 0x13
 2646 0230 00       		.byte	0
 2647 0231 00       		.byte	0
 2648 0232 2C       		.uleb128 0x2c
 2649 0233 34       		.uleb128 0x34
 2650 0234 00       		.byte	0
 2651 0235 03       		.uleb128 0x3
 2652 0236 0E       		.uleb128 0xe
 2653 0237 3A       		.uleb128 0x3a
 2654 0238 0B       		.uleb128 0xb
 2655 0239 3B       		.uleb128 0x3b
 2656 023a 05       		.uleb128 0x5
 2657 023b 49       		.uleb128 0x49
 2658 023c 13       		.uleb128 0x13
 2659 023d 3F       		.uleb128 0x3f
 2660 023e 19       		.uleb128 0x19
 2661 023f 3C       		.uleb128 0x3c
 2662 0240 19       		.uleb128 0x19
 2663 0241 00       		.byte	0
 2664 0242 00       		.byte	0
 2665 0243 2D       		.uleb128 0x2d
 2666 0244 2E       		.uleb128 0x2e
 2667 0245 00       		.byte	0
 2668 0246 3F       		.uleb128 0x3f
 2669 0247 19       		.uleb128 0x19
 2670 0248 3C       		.uleb128 0x3c
 2671 0249 19       		.uleb128 0x19
 2672 024a 6E       		.uleb128 0x6e
 2673 024b 0E       		.uleb128 0xe
 2674 024c 03       		.uleb128 0x3
 2675 024d 0E       		.uleb128 0xe
 2676 024e 3A       		.uleb128 0x3a
 2677 024f 0B       		.uleb128 0xb
 2678 0250 3B       		.uleb128 0x3b
 2679 0251 0B       		.uleb128 0xb
 2680 0252 00       		.byte	0
 2681 0253 00       		.byte	0
ARM GAS  C:\Users\Lenovo\AppData\Local\Temp\ccNkNELR.s 			page 78


 2682 0254 00       		.byte	0
 2683              		.section	.debug_loc,"",%progbits
 2684              	.Ldebug_loc0:
 2685              	.LLST0:
 2686 0000 02000000 		.4byte	.LVL0
 2687 0004 06000000 		.4byte	.LVL1
 2688 0008 0200     		.2byte	0x2
 2689 000a 30       		.byte	0x30
 2690 000b 9F       		.byte	0x9f
 2691 000c 06000000 		.4byte	.LVL1
 2692 0010 26000000 		.4byte	.LVL3
 2693 0014 0100     		.2byte	0x1
 2694 0016 53       		.byte	0x53
 2695 0017 28000000 		.4byte	.LVL4
 2696 001b 62000000 		.4byte	.LVL15
 2697 001f 0100     		.2byte	0x1
 2698 0021 51       		.byte	0x51
 2699 0022 62000000 		.4byte	.LVL15
 2700 0026 64000000 		.4byte	.LVL16
 2701 002a 0100     		.2byte	0x1
 2702 002c 53       		.byte	0x53
 2703 002d 64000000 		.4byte	.LVL16
 2704 0031 74000000 		.4byte	.LFE3
 2705 0035 0100     		.2byte	0x1
 2706 0037 51       		.byte	0x51
 2707 0038 00000000 		.4byte	0
 2708 003c 00000000 		.4byte	0
 2709              	.LLST1:
 2710 0040 2C000000 		.4byte	.LVL6
 2711 0044 36000000 		.4byte	.LVL7
 2712 0048 0100     		.2byte	0x1
 2713 004a 53       		.byte	0x53
 2714 004b 36000000 		.4byte	.LVL7
 2715 004f 38000000 		.4byte	.LVL8
 2716 0053 0300     		.2byte	0x3
 2717 0055 73       		.byte	0x73
 2718 0056 02       		.sleb128 2
 2719 0057 9F       		.byte	0x9f
 2720 0058 00000000 		.4byte	0
 2721 005c 00000000 		.4byte	0
 2722              	.LLST2:
 2723 0060 2A000000 		.4byte	.LVL5
 2724 0064 4C000000 		.4byte	.LVL11
 2725 0068 0100     		.2byte	0x1
 2726 006a 55       		.byte	0x55
 2727 006b 00000000 		.4byte	0
 2728 006f 00000000 		.4byte	0
 2729              	.LLST3:
 2730 0073 46000000 		.4byte	.LVL9
 2731 0077 5E000000 		.4byte	.LVL13
 2732 007b 0100     		.2byte	0x1
 2733 007d 52       		.byte	0x52
 2734 007e 00000000 		.4byte	0
 2735 0082 00000000 		.4byte	0
 2736              	.LLST4:
 2737 0086 48000000 		.4byte	.LVL10
 2738 008a 4C000000 		.4byte	.LVL11
ARM GAS  C:\Users\Lenovo\AppData\Local\Temp\ccNkNELR.s 			page 79


 2739 008e 0200     		.2byte	0x2
 2740 0090 30       		.byte	0x30
 2741 0091 9F       		.byte	0x9f
 2742 0092 4C000000 		.4byte	.LVL11
 2743 0096 5E000000 		.4byte	.LVL13
 2744 009a 0100     		.2byte	0x1
 2745 009c 53       		.byte	0x53
 2746 009d 00000000 		.4byte	0
 2747 00a1 00000000 		.4byte	0
 2748              	.LLST5:
 2749 00a5 48000000 		.4byte	.LVL10
 2750 00a9 5E000000 		.4byte	.LVL13
 2751 00ad 0100     		.2byte	0x1
 2752 00af 54       		.byte	0x54
 2753 00b0 00000000 		.4byte	0
 2754 00b4 00000000 		.4byte	0
 2755              	.LLST6:
 2756 00b8 00000000 		.4byte	.LVL17
 2757 00bc 0E000000 		.4byte	.LVL20
 2758 00c0 0100     		.2byte	0x1
 2759 00c2 50       		.byte	0x50
 2760 00c3 0E000000 		.4byte	.LVL20
 2761 00c7 16000000 		.4byte	.LFE7
 2762 00cb 0400     		.2byte	0x4
 2763 00cd F3       		.byte	0xf3
 2764 00ce 01       		.uleb128 0x1
 2765 00cf 50       		.byte	0x50
 2766 00d0 9F       		.byte	0x9f
 2767 00d1 00000000 		.4byte	0
 2768 00d5 00000000 		.4byte	0
 2769              	.LLST7:
 2770 00d9 02000000 		.4byte	.LVL18
 2771 00dd 08000000 		.4byte	.LVL19
 2772 00e1 0200     		.2byte	0x2
 2773 00e3 30       		.byte	0x30
 2774 00e4 9F       		.byte	0x9f
 2775 00e5 08000000 		.4byte	.LVL19
 2776 00e9 14000000 		.4byte	.LVL21
 2777 00ed 0100     		.2byte	0x1
 2778 00ef 54       		.byte	0x54
 2779 00f0 14000000 		.4byte	.LVL21
 2780 00f4 16000000 		.4byte	.LFE7
 2781 00f8 0600     		.2byte	0x6
 2782 00fa 73       		.byte	0x73
 2783 00fb 00       		.sleb128 0
 2784 00fc 72       		.byte	0x72
 2785 00fd 00       		.sleb128 0
 2786 00fe 1C       		.byte	0x1c
 2787 00ff 9F       		.byte	0x9f
 2788 0100 00000000 		.4byte	0
 2789 0104 00000000 		.4byte	0
 2790              	.LLST8:
 2791 0108 00000000 		.4byte	.LVL22
 2792 010c 16000000 		.4byte	.LVL28
 2793 0110 0100     		.2byte	0x1
 2794 0112 50       		.byte	0x50
 2795 0113 16000000 		.4byte	.LVL28
ARM GAS  C:\Users\Lenovo\AppData\Local\Temp\ccNkNELR.s 			page 80


 2796 0117 38000000 		.4byte	.LVL39
 2797 011b 0100     		.2byte	0x1
 2798 011d 57       		.byte	0x57
 2799 011e 38000000 		.4byte	.LVL39
 2800 0122 3A000000 		.4byte	.LFE4
 2801 0126 0400     		.2byte	0x4
 2802 0128 F3       		.byte	0xf3
 2803 0129 01       		.uleb128 0x1
 2804 012a 50       		.byte	0x50
 2805 012b 9F       		.byte	0x9f
 2806 012c 00000000 		.4byte	0
 2807 0130 00000000 		.4byte	0
 2808              	.LLST9:
 2809 0134 06000000 		.4byte	.LVL23
 2810 0138 16000000 		.4byte	.LVL28
 2811 013c 0200     		.2byte	0x2
 2812 013e 30       		.byte	0x30
 2813 013f 9F       		.byte	0x9f
 2814 0140 16000000 		.4byte	.LVL28
 2815 0144 22000000 		.4byte	.LVL30
 2816 0148 0200     		.2byte	0x2
 2817 014a 7D       		.byte	0x7d
 2818 014b 00       		.sleb128 0
 2819 014c 22000000 		.4byte	.LVL30
 2820 0150 26000000 		.4byte	.LVL31
 2821 0154 0100     		.2byte	0x1
 2822 0156 50       		.byte	0x50
 2823 0157 26000000 		.4byte	.LVL31
 2824 015b 38000000 		.4byte	.LVL35
 2825 015f 0200     		.2byte	0x2
 2826 0161 7D       		.byte	0x7d
 2827 0162 00       		.sleb128 0
 2828 0163 38000000 		.4byte	.LVL35
 2829 0167 3A000000 		.4byte	.LFE4
 2830 016b 0100     		.2byte	0x1
 2831 016d 50       		.byte	0x50
 2832 016e 00000000 		.4byte	0
 2833 0172 00000000 		.4byte	0
 2834              	.LLST10:
 2835 0176 0E000000 		.4byte	.LVL26
 2836 017a 12000000 		.4byte	.LVL27
 2837 017e 0100     		.2byte	0x1
 2838 0180 53       		.byte	0x53
 2839 0181 12000000 		.4byte	.LVL27
 2840 0185 3A000000 		.4byte	.LFE4
 2841 0189 0200     		.2byte	0x2
 2842 018b 91       		.byte	0x91
 2843 018c 64       		.sleb128 -28
 2844 018d 00000000 		.4byte	0
 2845 0191 00000000 		.4byte	0
 2846              	.LLST11:
 2847 0195 0E000000 		.4byte	.LVL26
 2848 0199 16000000 		.4byte	.LVL28
 2849 019d 0200     		.2byte	0x2
 2850 019f 30       		.byte	0x30
 2851 01a0 9F       		.byte	0x9f
 2852 01a1 16000000 		.4byte	.LVL28
ARM GAS  C:\Users\Lenovo\AppData\Local\Temp\ccNkNELR.s 			page 81


 2853 01a5 38000000 		.4byte	.LVL38
 2854 01a9 0100     		.2byte	0x1
 2855 01ab 56       		.byte	0x56
 2856 01ac 00000000 		.4byte	0
 2857 01b0 00000000 		.4byte	0
 2858              	.LLST12:
 2859 01b4 08000000 		.4byte	.LVL24
 2860 01b8 38000000 		.4byte	.LVL36
 2861 01bc 0100     		.2byte	0x1
 2862 01be 54       		.byte	0x54
 2863 01bf 00000000 		.4byte	0
 2864 01c3 00000000 		.4byte	0
 2865              	.LLST13:
 2866 01c7 0A000000 		.4byte	.LVL25
 2867 01cb 38000000 		.4byte	.LVL37
 2868 01cf 0100     		.2byte	0x1
 2869 01d1 55       		.byte	0x55
 2870 01d2 00000000 		.4byte	0
 2871 01d6 00000000 		.4byte	0
 2872              	.LLST14:
 2873 01da 00000000 		.4byte	.LVL40
 2874 01de 10000000 		.4byte	.LVL45
 2875 01e2 0100     		.2byte	0x1
 2876 01e4 50       		.byte	0x50
 2877 01e5 10000000 		.4byte	.LVL45
 2878 01e9 18000000 		.4byte	.LVL48
 2879 01ed 0400     		.2byte	0x4
 2880 01ef F3       		.byte	0xf3
 2881 01f0 01       		.uleb128 0x1
 2882 01f1 50       		.byte	0x50
 2883 01f2 9F       		.byte	0x9f
 2884 01f3 18000000 		.4byte	.LVL48
 2885 01f7 1A000000 		.4byte	.LVL49
 2886 01fb 0100     		.2byte	0x1
 2887 01fd 50       		.byte	0x50
 2888 01fe 1A000000 		.4byte	.LVL49
 2889 0202 2A000000 		.4byte	.LFE5
 2890 0206 0400     		.2byte	0x4
 2891 0208 F3       		.byte	0xf3
 2892 0209 01       		.uleb128 0x1
 2893 020a 50       		.byte	0x50
 2894 020b 9F       		.byte	0x9f
 2895 020c 00000000 		.4byte	0
 2896 0210 00000000 		.4byte	0
 2897              	.LLST15:
 2898 0214 00000000 		.4byte	.LVL40
 2899 0218 13000000 		.4byte	.LVL46-1
 2900 021c 0100     		.2byte	0x1
 2901 021e 51       		.byte	0x51
 2902 021f 13000000 		.4byte	.LVL46-1
 2903 0223 18000000 		.4byte	.LVL48
 2904 0227 0100     		.2byte	0x1
 2905 0229 56       		.byte	0x56
 2906 022a 18000000 		.4byte	.LVL48
 2907 022e 1A000000 		.4byte	.LVL49
 2908 0232 0100     		.2byte	0x1
 2909 0234 51       		.byte	0x51
ARM GAS  C:\Users\Lenovo\AppData\Local\Temp\ccNkNELR.s 			page 82


 2910 0235 1A000000 		.4byte	.LVL49
 2911 0239 28000000 		.4byte	.LVL53
 2912 023d 0100     		.2byte	0x1
 2913 023f 56       		.byte	0x56
 2914 0240 28000000 		.4byte	.LVL53
 2915 0244 2A000000 		.4byte	.LFE5
 2916 0248 0400     		.2byte	0x4
 2917 024a F3       		.byte	0xf3
 2918 024b 01       		.uleb128 0x1
 2919 024c 51       		.byte	0x51
 2920 024d 9F       		.byte	0x9f
 2921 024e 00000000 		.4byte	0
 2922 0252 00000000 		.4byte	0
 2923              	.LLST16:
 2924 0256 00000000 		.4byte	.LVL40
 2925 025a 08000000 		.4byte	.LVL42
 2926 025e 0100     		.2byte	0x1
 2927 0260 52       		.byte	0x52
 2928 0261 00000000 		.4byte	0
 2929 0265 00000000 		.4byte	0
 2930              	.LLST17:
 2931 0269 00000000 		.4byte	.LVL40
 2932 026d 0E000000 		.4byte	.LVL44
 2933 0271 0100     		.2byte	0x1
 2934 0273 53       		.byte	0x53
 2935 0274 0E000000 		.4byte	.LVL44
 2936 0278 28000000 		.4byte	.LVL51
 2937 027c 0100     		.2byte	0x1
 2938 027e 54       		.byte	0x54
 2939 027f 28000000 		.4byte	.LVL51
 2940 0283 2A000000 		.4byte	.LFE5
 2941 0287 0400     		.2byte	0x4
 2942 0289 F3       		.byte	0xf3
 2943 028a 01       		.uleb128 0x1
 2944 028b 53       		.byte	0x53
 2945 028c 9F       		.byte	0x9f
 2946 028d 00000000 		.4byte	0
 2947 0291 00000000 		.4byte	0
 2948              	.LLST18:
 2949 0295 06000000 		.4byte	.LVL41
 2950 0299 16000000 		.4byte	.LVL47
 2951 029d 0200     		.2byte	0x2
 2952 029f 30       		.byte	0x30
 2953 02a0 9F       		.byte	0x9f
 2954 02a1 16000000 		.4byte	.LVL47
 2955 02a5 18000000 		.4byte	.LVL48
 2956 02a9 0100     		.2byte	0x1
 2957 02ab 50       		.byte	0x50
 2958 02ac 18000000 		.4byte	.LVL48
 2959 02b0 1A000000 		.4byte	.LVL49
 2960 02b4 0200     		.2byte	0x2
 2961 02b6 30       		.byte	0x30
 2962 02b7 9F       		.byte	0x9f
 2963 02b8 1A000000 		.4byte	.LVL49
 2964 02bc 28000000 		.4byte	.LVL52
 2965 02c0 0100     		.2byte	0x1
 2966 02c2 55       		.byte	0x55
ARM GAS  C:\Users\Lenovo\AppData\Local\Temp\ccNkNELR.s 			page 83


 2967 02c3 28000000 		.4byte	.LVL52
 2968 02c7 2A000000 		.4byte	.LFE5
 2969 02cb 0100     		.2byte	0x1
 2970 02cd 50       		.byte	0x50
 2971 02ce 00000000 		.4byte	0
 2972 02d2 00000000 		.4byte	0
 2973              	.LLST19:
 2974 02d6 08000000 		.4byte	.LVL42
 2975 02da 13000000 		.4byte	.LVL46-1
 2976 02de 0100     		.2byte	0x1
 2977 02e0 52       		.byte	0x52
 2978 02e1 18000000 		.4byte	.LVL48
 2979 02e5 1A000000 		.4byte	.LVL49
 2980 02e9 0100     		.2byte	0x1
 2981 02eb 52       		.byte	0x52
 2982 02ec 00000000 		.4byte	0
 2983 02f0 00000000 		.4byte	0
 2984              	.LLST20:
 2985 02f4 0A000000 		.4byte	.LVL43
 2986 02f8 28000000 		.4byte	.LVL54
 2987 02fc 0100     		.2byte	0x1
 2988 02fe 57       		.byte	0x57
 2989 02ff 00000000 		.4byte	0
 2990 0303 00000000 		.4byte	0
 2991              	.LLST21:
 2992 0307 00000000 		.4byte	.LVL55
 2993 030b 1C000000 		.4byte	.LVL62
 2994 030f 0100     		.2byte	0x1
 2995 0311 50       		.byte	0x50
 2996 0312 1C000000 		.4byte	.LVL62
 2997 0316 22000000 		.4byte	.LVL64
 2998 031a 0100     		.2byte	0x1
 2999 031c 5C       		.byte	0x5c
 3000 031d 22000000 		.4byte	.LVL64
 3001 0321 26000000 		.4byte	.LVL66
 3002 0325 0100     		.2byte	0x1
 3003 0327 50       		.byte	0x50
 3004 0328 26000000 		.4byte	.LVL66
 3005 032c 6C000000 		.4byte	.LVL78
 3006 0330 0100     		.2byte	0x1
 3007 0332 5C       		.byte	0x5c
 3008 0333 6C000000 		.4byte	.LVL78
 3009 0337 EE000000 		.4byte	.LVL103
 3010 033b 0100     		.2byte	0x1
 3011 033d 55       		.byte	0x55
 3012 033e EE000000 		.4byte	.LVL103
 3013 0342 F8000000 		.4byte	.LFE8
 3014 0346 0100     		.2byte	0x1
 3015 0348 50       		.byte	0x50
 3016 0349 00000000 		.4byte	0
 3017 034d 00000000 		.4byte	0
 3018              	.LLST22:
 3019 0351 00000000 		.4byte	.LVL55
 3020 0355 14000000 		.4byte	.LVL60
 3021 0359 0100     		.2byte	0x1
 3022 035b 51       		.byte	0x51
 3023 035c 14000000 		.4byte	.LVL60
ARM GAS  C:\Users\Lenovo\AppData\Local\Temp\ccNkNELR.s 			page 84


 3024 0360 9E000000 		.4byte	.LVL88
 3025 0364 0100     		.2byte	0x1
 3026 0366 57       		.byte	0x57
 3027 0367 9E000000 		.4byte	.LVL88
 3028 036b D4000000 		.4byte	.LVL98
 3029 036f 0400     		.2byte	0x4
 3030 0371 F3       		.byte	0xf3
 3031 0372 01       		.uleb128 0x1
 3032 0373 51       		.byte	0x51
 3033 0374 9F       		.byte	0x9f
 3034 0375 D4000000 		.4byte	.LVL98
 3035 0379 D8000000 		.4byte	.LVL100
 3036 037d 0100     		.2byte	0x1
 3037 037f 57       		.byte	0x57
 3038 0380 D8000000 		.4byte	.LVL100
 3039 0384 F8000000 		.4byte	.LFE8
 3040 0388 0400     		.2byte	0x4
 3041 038a F3       		.byte	0xf3
 3042 038b 01       		.uleb128 0x1
 3043 038c 51       		.byte	0x51
 3044 038d 9F       		.byte	0x9f
 3045 038e 00000000 		.4byte	0
 3046 0392 00000000 		.4byte	0
 3047              	.LLST23:
 3048 0396 0E000000 		.4byte	.LVL57
 3049 039a 2E000000 		.4byte	.LVL68
 3050 039e 0100     		.2byte	0x1
 3051 03a0 53       		.byte	0x53
 3052 03a1 2E000000 		.4byte	.LVL68
 3053 03a5 42000000 		.4byte	.LVL72
 3054 03a9 0100     		.2byte	0x1
 3055 03ab 54       		.byte	0x54
 3056 03ac 42000000 		.4byte	.LVL72
 3057 03b0 44000000 		.4byte	.LVL73
 3058 03b4 0100     		.2byte	0x1
 3059 03b6 53       		.byte	0x53
 3060 03b7 44000000 		.4byte	.LVL73
 3061 03bb 7A000000 		.4byte	.LVL80
 3062 03bf 0100     		.2byte	0x1
 3063 03c1 54       		.byte	0x54
 3064 03c2 7A000000 		.4byte	.LVL80
 3065 03c6 81000000 		.4byte	.LVL82-1
 3066 03ca 0100     		.2byte	0x1
 3067 03cc 53       		.byte	0x53
 3068 03cd 81000000 		.4byte	.LVL82-1
 3069 03d1 9C000000 		.4byte	.LVL87
 3070 03d5 0100     		.2byte	0x1
 3071 03d7 58       		.byte	0x58
 3072 03d8 D4000000 		.4byte	.LVL98
 3073 03dc D6000000 		.4byte	.LVL99
 3074 03e0 0100     		.2byte	0x1
 3075 03e2 54       		.byte	0x54
 3076 03e3 00000000 		.4byte	0
 3077 03e7 00000000 		.4byte	0
 3078              	.LLST24:
 3079 03eb 28000000 		.4byte	.LVL67
 3080 03ef 2E000000 		.4byte	.LVL68
ARM GAS  C:\Users\Lenovo\AppData\Local\Temp\ccNkNELR.s 			page 85


 3081 03f3 0200     		.2byte	0x2
 3082 03f5 31       		.byte	0x31
 3083 03f6 9F       		.byte	0x9f
 3084 03f7 2E000000 		.4byte	.LVL68
 3085 03fb 7C000000 		.4byte	.LVL81
 3086 03ff 0100     		.2byte	0x1
 3087 0401 51       		.byte	0x51
 3088 0402 D4000000 		.4byte	.LVL98
 3089 0406 D8000000 		.4byte	.LVL100
 3090 040a 0100     		.2byte	0x1
 3091 040c 51       		.byte	0x51
 3092 040d 00000000 		.4byte	0
 3093 0411 00000000 		.4byte	0
 3094              	.LLST25:
 3095 0415 28000000 		.4byte	.LVL67
 3096 0419 76000000 		.4byte	.LVL79
 3097 041d 0100     		.2byte	0x1
 3098 041f 50       		.byte	0x50
 3099 0420 76000000 		.4byte	.LVL79
 3100 0424 81000000 		.4byte	.LVL82-1
 3101 0428 0100     		.2byte	0x1
 3102 042a 52       		.byte	0x52
 3103 042b D4000000 		.4byte	.LVL98
 3104 042f D8000000 		.4byte	.LVL100
 3105 0433 0100     		.2byte	0x1
 3106 0435 50       		.byte	0x50
 3107 0436 00000000 		.4byte	0
 3108 043a 00000000 		.4byte	0
 3109              	.LLST26:
 3110 043e 0C000000 		.4byte	.LVL56
 3111 0442 2E000000 		.4byte	.LVL68
 3112 0446 0200     		.2byte	0x2
 3113 0448 30       		.byte	0x30
 3114 0449 9F       		.byte	0x9f
 3115 044a 2E000000 		.4byte	.LVL68
 3116 044e 64000000 		.4byte	.LVL75
 3117 0452 0100     		.2byte	0x1
 3118 0454 55       		.byte	0x55
 3119 0455 66000000 		.4byte	.LVL76
 3120 0459 6C000000 		.4byte	.LVL78
 3121 045d 0100     		.2byte	0x1
 3122 045f 55       		.byte	0x55
 3123 0460 00000000 		.4byte	0
 3124 0464 00000000 		.4byte	0
 3125              	.LLST27:
 3126 0468 16000000 		.4byte	.LVL61
 3127 046c 1E000000 		.4byte	.LVL63
 3128 0470 0100     		.2byte	0x1
 3129 0472 51       		.byte	0x51
 3130 0473 1E000000 		.4byte	.LVL63
 3131 0477 22000000 		.4byte	.LVL64
 3132 047b 0100     		.2byte	0x1
 3133 047d 58       		.byte	0x58
 3134 047e 22000000 		.4byte	.LVL64
 3135 0482 24000000 		.4byte	.LVL65
 3136 0486 0100     		.2byte	0x1
 3137 0488 51       		.byte	0x51
ARM GAS  C:\Users\Lenovo\AppData\Local\Temp\ccNkNELR.s 			page 86


 3138 0489 24000000 		.4byte	.LVL65
 3139 048d 7A000000 		.4byte	.LVL80
 3140 0491 0100     		.2byte	0x1
 3141 0493 58       		.byte	0x58
 3142 0494 D4000000 		.4byte	.LVL98
 3143 0498 D8000000 		.4byte	.LVL100
 3144 049c 0100     		.2byte	0x1
 3145 049e 58       		.byte	0x58
 3146 049f 00000000 		.4byte	0
 3147 04a3 00000000 		.4byte	0
 3148              	.LLST28:
 3149 04a7 10000000 		.4byte	.LVL58
 3150 04ab 58000000 		.4byte	.LVL74
 3151 04af 0100     		.2byte	0x1
 3152 04b1 52       		.byte	0x52
 3153 04b2 66000000 		.4byte	.LVL76
 3154 04b6 6A000000 		.4byte	.LVL77
 3155 04ba 0100     		.2byte	0x1
 3156 04bc 52       		.byte	0x52
 3157 04bd 00000000 		.4byte	0
 3158 04c1 00000000 		.4byte	0
 3159              	.LLST29:
 3160 04c5 12000000 		.4byte	.LVL59
 3161 04c9 EE000000 		.4byte	.LVL104
 3162 04cd 0100     		.2byte	0x1
 3163 04cf 56       		.byte	0x56
 3164 04d0 00000000 		.4byte	0
 3165 04d4 00000000 		.4byte	0
 3166              	.LLST30:
 3167 04d8 D8000000 		.4byte	.LVL100
 3168 04dc EE000000 		.4byte	.LVL102
 3169 04e0 0100     		.2byte	0x1
 3170 04e2 54       		.byte	0x54
 3171 04e3 00000000 		.4byte	0
 3172 04e7 00000000 		.4byte	0
 3173              	.LLST31:
 3174 04eb 0C000000 		.4byte	.LVL56
 3175 04ef 84000000 		.4byte	.LVL83
 3176 04f3 0200     		.2byte	0x2
 3177 04f5 30       		.byte	0x30
 3178 04f6 9F       		.byte	0x9f
 3179 04f7 84000000 		.4byte	.LVL83
 3180 04fb 92000000 		.4byte	.LVL84
 3181 04ff 0100     		.2byte	0x1
 3182 0501 50       		.byte	0x50
 3183 0502 92000000 		.4byte	.LVL84
 3184 0506 98000000 		.4byte	.LVL86
 3185 050a 0100     		.2byte	0x1
 3186 050c 54       		.byte	0x54
 3187 050d 98000000 		.4byte	.LVL86
 3188 0511 A0000000 		.4byte	.LVL89
 3189 0515 0100     		.2byte	0x1
 3190 0517 50       		.byte	0x50
 3191 0518 A0000000 		.4byte	.LVL89
 3192 051c D4000000 		.4byte	.LVL98
 3193 0520 0100     		.2byte	0x1
 3194 0522 54       		.byte	0x54
ARM GAS  C:\Users\Lenovo\AppData\Local\Temp\ccNkNELR.s 			page 87


 3195 0523 D4000000 		.4byte	.LVL98
 3196 0527 D8000000 		.4byte	.LVL100
 3197 052b 0200     		.2byte	0x2
 3198 052d 30       		.byte	0x30
 3199 052e 9F       		.byte	0x9f
 3200 052f 00000000 		.4byte	0
 3201 0533 00000000 		.4byte	0
 3202              	.LLST32:
 3203 0537 98000000 		.4byte	.LVL86
 3204 053b D4000000 		.4byte	.LVL98
 3205 053f 0100     		.2byte	0x1
 3206 0541 56       		.byte	0x56
 3207 0542 00000000 		.4byte	0
 3208 0546 00000000 		.4byte	0
 3209              	.LLST33:
 3210 054a 98000000 		.4byte	.LVL86
 3211 054e 9E000000 		.4byte	.LVL88
 3212 0552 0100     		.2byte	0x1
 3213 0554 57       		.byte	0x57
 3214 0555 9E000000 		.4byte	.LVL88
 3215 0559 D4000000 		.4byte	.LVL98
 3216 055d 0400     		.2byte	0x4
 3217 055f F3       		.byte	0xf3
 3218 0560 01       		.uleb128 0x1
 3219 0561 51       		.byte	0x51
 3220 0562 9F       		.byte	0x9f
 3221 0563 00000000 		.4byte	0
 3222 0567 00000000 		.4byte	0
 3223              	.LLST34:
 3224 056b 98000000 		.4byte	.LVL86
 3225 056f A0000000 		.4byte	.LVL89
 3226 0573 0100     		.2byte	0x1
 3227 0575 50       		.byte	0x50
 3228 0576 A0000000 		.4byte	.LVL89
 3229 057a D4000000 		.4byte	.LVL98
 3230 057e 0100     		.2byte	0x1
 3231 0580 54       		.byte	0x54
 3232 0581 00000000 		.4byte	0
 3233 0585 00000000 		.4byte	0
 3234              	.LLST35:
 3235 0589 98000000 		.4byte	.LVL86
 3236 058d A4000000 		.4byte	.LVL90
 3237 0591 0300     		.2byte	0x3
 3238 0593 91       		.byte	0x91
 3239 0594 64       		.sleb128 -28
 3240 0595 9F       		.byte	0x9f
 3241 0596 A4000000 		.4byte	.LVL90
 3242 059a C0000000 		.4byte	.LVL94
 3243 059e 0100     		.2byte	0x1
 3244 05a0 52       		.byte	0x52
 3245 05a1 C0000000 		.4byte	.LVL94
 3246 05a5 D4000000 		.4byte	.LVL98
 3247 05a9 0300     		.2byte	0x3
 3248 05ab 91       		.byte	0x91
 3249 05ac 64       		.sleb128 -28
 3250 05ad 9F       		.byte	0x9f
 3251 05ae 00000000 		.4byte	0
ARM GAS  C:\Users\Lenovo\AppData\Local\Temp\ccNkNELR.s 			page 88


 3252 05b2 00000000 		.4byte	0
 3253              	.LLST36:
 3254 05b6 9C000000 		.4byte	.LVL87
 3255 05ba A0000000 		.4byte	.LVL89
 3256 05be 0200     		.2byte	0x2
 3257 05c0 30       		.byte	0x30
 3258 05c1 9F       		.byte	0x9f
 3259 05c2 A0000000 		.4byte	.LVL89
 3260 05c6 D4000000 		.4byte	.LVL98
 3261 05ca 0100     		.2byte	0x1
 3262 05cc 57       		.byte	0x57
 3263 05cd 00000000 		.4byte	0
 3264 05d1 00000000 		.4byte	0
 3265              	.LLST37:
 3266 05d5 9C000000 		.4byte	.LVL87
 3267 05d9 D4000000 		.4byte	.LVL98
 3268 05dd 0700     		.2byte	0x7
 3269 05df 78       		.byte	0x78
 3270 05e0 00       		.sleb128 0
 3271 05e1 0A       		.byte	0xa
 3272 05e2 FFFF     		.2byte	0xffff
 3273 05e4 1A       		.byte	0x1a
 3274 05e5 9F       		.byte	0x9f
 3275 05e6 00000000 		.4byte	0
 3276 05ea 00000000 		.4byte	0
 3277              	.LLST38:
 3278 05ee A6000000 		.4byte	.LVL91
 3279 05f2 CC000000 		.4byte	.LVL96
 3280 05f6 0200     		.2byte	0x2
 3281 05f8 30       		.byte	0x30
 3282 05f9 9F       		.byte	0x9f
 3283 05fa 00000000 		.4byte	0
 3284 05fe 00000000 		.4byte	0
 3285              	.LLST39:
 3286 0602 A6000000 		.4byte	.LVL91
 3287 0606 CC000000 		.4byte	.LVL96
 3288 060a 0A00     		.2byte	0xa
 3289 060c 77       		.byte	0x77
 3290 060d 04       		.sleb128 4
 3291 060e 31       		.byte	0x31
 3292 060f 24       		.byte	0x24
 3293 0610 76       		.byte	0x76
 3294 0611 00       		.sleb128 0
 3295 0612 22       		.byte	0x22
 3296 0613 23       		.byte	0x23
 3297 0614 06       		.uleb128 0x6
 3298 0615 9F       		.byte	0x9f
 3299 0616 00000000 		.4byte	0
 3300 061a 00000000 		.4byte	0
 3301              	.LLST40:
 3302 061e A6000000 		.4byte	.LVL91
 3303 0622 CC000000 		.4byte	.LVL96
 3304 0626 0700     		.2byte	0x7
 3305 0628 78       		.byte	0x78
 3306 0629 00       		.sleb128 0
 3307 062a 0A       		.byte	0xa
 3308 062b FFFF     		.2byte	0xffff
ARM GAS  C:\Users\Lenovo\AppData\Local\Temp\ccNkNELR.s 			page 89


 3309 062d 1A       		.byte	0x1a
 3310 062e 9F       		.byte	0x9f
 3311 062f 00000000 		.4byte	0
 3312 0633 00000000 		.4byte	0
 3313              	.LLST41:
 3314 0637 A6000000 		.4byte	.LVL91
 3315 063b C3000000 		.4byte	.LVL95-1
 3316 063f 0100     		.2byte	0x1
 3317 0641 50       		.byte	0x50
 3318 0642 C4000000 		.4byte	.LVL95
 3319 0646 CC000000 		.4byte	.LVL96
 3320 064a 0100     		.2byte	0x1
 3321 064c 50       		.byte	0x50
 3322 064d 00000000 		.4byte	0
 3323 0651 00000000 		.4byte	0
 3324              	.LLST42:
 3325 0655 AE000000 		.4byte	.LVL92
 3326 0659 C3000000 		.4byte	.LVL95-1
 3327 065d 0100     		.2byte	0x1
 3328 065f 51       		.byte	0x51
 3329 0660 00000000 		.4byte	0
 3330 0664 00000000 		.4byte	0
 3331              	.LLST43:
 3332 0668 00000000 		.4byte	.LVL105
 3333 066c 16000000 		.4byte	.LVL110
 3334 0670 0100     		.2byte	0x1
 3335 0672 50       		.byte	0x50
 3336 0673 16000000 		.4byte	.LVL110
 3337 0677 1E000000 		.4byte	.LVL113
 3338 067b 0100     		.2byte	0x1
 3339 067d 54       		.byte	0x54
 3340 067e 1E000000 		.4byte	.LVL113
 3341 0682 20000000 		.4byte	.LVL114
 3342 0686 0100     		.2byte	0x1
 3343 0688 50       		.byte	0x50
 3344 0689 20000000 		.4byte	.LVL114
 3345 068d 30000000 		.4byte	.LVL117
 3346 0691 0100     		.2byte	0x1
 3347 0693 54       		.byte	0x54
 3348 0694 30000000 		.4byte	.LVL117
 3349 0698 58000000 		.4byte	.LFE6
 3350 069c 0400     		.2byte	0x4
 3351 069e F3       		.byte	0xf3
 3352 069f 01       		.uleb128 0x1
 3353 06a0 50       		.byte	0x50
 3354 06a1 9F       		.byte	0x9f
 3355 06a2 00000000 		.4byte	0
 3356 06a6 00000000 		.4byte	0
 3357              	.LLST44:
 3358 06aa 00000000 		.4byte	.LVL105
 3359 06ae 19000000 		.4byte	.LVL111-1
 3360 06b2 0100     		.2byte	0x1
 3361 06b4 51       		.byte	0x51
 3362 06b5 19000000 		.4byte	.LVL111-1
 3363 06b9 1E000000 		.4byte	.LVL113
 3364 06bd 0400     		.2byte	0x4
 3365 06bf F3       		.byte	0xf3
ARM GAS  C:\Users\Lenovo\AppData\Local\Temp\ccNkNELR.s 			page 90


 3366 06c0 01       		.uleb128 0x1
 3367 06c1 51       		.byte	0x51
 3368 06c2 9F       		.byte	0x9f
 3369 06c3 1E000000 		.4byte	.LVL113
 3370 06c7 23000000 		.4byte	.LVL115-1
 3371 06cb 0100     		.2byte	0x1
 3372 06cd 51       		.byte	0x51
 3373 06ce 23000000 		.4byte	.LVL115-1
 3374 06d2 58000000 		.4byte	.LFE6
 3375 06d6 0400     		.2byte	0x4
 3376 06d8 F3       		.byte	0xf3
 3377 06d9 01       		.uleb128 0x1
 3378 06da 51       		.byte	0x51
 3379 06db 9F       		.byte	0x9f
 3380 06dc 00000000 		.4byte	0
 3381 06e0 00000000 		.4byte	0
 3382              	.LLST45:
 3383 06e4 0C000000 		.4byte	.LVL107
 3384 06e8 1C000000 		.4byte	.LVL112
 3385 06ec 0100     		.2byte	0x1
 3386 06ee 55       		.byte	0x55
 3387 06ef 1C000000 		.4byte	.LVL112
 3388 06f3 1E000000 		.4byte	.LVL113
 3389 06f7 0100     		.2byte	0x1
 3390 06f9 50       		.byte	0x50
 3391 06fa 1E000000 		.4byte	.LVL113
 3392 06fe 52000000 		.4byte	.LVL126
 3393 0702 0100     		.2byte	0x1
 3394 0704 55       		.byte	0x55
 3395 0705 00000000 		.4byte	0
 3396 0709 00000000 		.4byte	0
 3397              	.LLST46:
 3398 070d 2C000000 		.4byte	.LVL116
 3399 0711 3C000000 		.4byte	.LVL119
 3400 0715 0100     		.2byte	0x1
 3401 0717 53       		.byte	0x53
 3402 0718 3C000000 		.4byte	.LVL119
 3403 071c 3E000000 		.4byte	.LVL120
 3404 0720 0300     		.2byte	0x3
 3405 0722 73       		.byte	0x73
 3406 0723 7C       		.sleb128 -4
 3407 0724 9F       		.byte	0x9f
 3408 0725 3E000000 		.4byte	.LVL120
 3409 0729 46000000 		.4byte	.LVL121
 3410 072d 0600     		.2byte	0x6
 3411 072f F3       		.byte	0xf3
 3412 0730 01       		.uleb128 0x1
 3413 0731 50       		.byte	0x50
 3414 0732 35       		.byte	0x35
 3415 0733 25       		.byte	0x25
 3416 0734 9F       		.byte	0x9f
 3417 0735 46000000 		.4byte	.LVL121
 3418 0739 4A000000 		.4byte	.LVL122
 3419 073d 0100     		.2byte	0x1
 3420 073f 53       		.byte	0x53
 3421 0740 4A000000 		.4byte	.LVL122
 3422 0744 4C000000 		.4byte	.LVL123
ARM GAS  C:\Users\Lenovo\AppData\Local\Temp\ccNkNELR.s 			page 91


 3423 0748 0300     		.2byte	0x3
 3424 074a 73       		.byte	0x73
 3425 074b 7C       		.sleb128 -4
 3426 074c 9F       		.byte	0x9f
 3427 074d 4C000000 		.4byte	.LVL123
 3428 0751 58000000 		.4byte	.LFE6
 3429 0755 0600     		.2byte	0x6
 3430 0757 F3       		.byte	0xf3
 3431 0758 01       		.uleb128 0x1
 3432 0759 50       		.byte	0x50
 3433 075a 35       		.byte	0x35
 3434 075b 25       		.byte	0x25
 3435 075c 9F       		.byte	0x9f
 3436 075d 00000000 		.4byte	0
 3437 0761 00000000 		.4byte	0
 3438              	.LLST47:
 3439 0765 34000000 		.4byte	.LVL118
 3440 0769 50000000 		.4byte	.LVL124
 3441 076d 0100     		.2byte	0x1
 3442 076f 52       		.byte	0x52
 3443 0770 50000000 		.4byte	.LVL124
 3444 0774 52000000 		.4byte	.LVL125
 3445 0778 0500     		.2byte	0x5
 3446 077a 31       		.byte	0x31
 3447 077b 74       		.byte	0x74
 3448 077c 00       		.sleb128 0
 3449 077d 24       		.byte	0x24
 3450 077e 9F       		.byte	0x9f
 3451 077f 52000000 		.4byte	.LVL125
 3452 0783 58000000 		.4byte	.LFE6
 3453 0787 0800     		.2byte	0x8
 3454 0789 31       		.byte	0x31
 3455 078a F3       		.byte	0xf3
 3456 078b 01       		.uleb128 0x1
 3457 078c 50       		.byte	0x50
 3458 078d 4F       		.byte	0x4f
 3459 078e 1A       		.byte	0x1a
 3460 078f 24       		.byte	0x24
 3461 0790 9F       		.byte	0x9f
 3462 0791 00000000 		.4byte	0
 3463 0795 00000000 		.4byte	0
 3464              	.LLST48:
 3465 0799 06000000 		.4byte	.LVL106
 3466 079d 0E000000 		.4byte	.LVL108
 3467 07a1 0100     		.2byte	0x1
 3468 07a3 53       		.byte	0x53
 3469 07a4 0E000000 		.4byte	.LVL108
 3470 07a8 10000000 		.4byte	.LVL109
 3471 07ac 0300     		.2byte	0x3
 3472 07ae 73       		.byte	0x73
 3473 07af 02       		.sleb128 2
 3474 07b0 9F       		.byte	0x9f
 3475 07b1 10000000 		.4byte	.LVL109
 3476 07b5 19000000 		.4byte	.LVL111-1
 3477 07b9 0200     		.2byte	0x2
 3478 07bb 71       		.byte	0x71
 3479 07bc 18       		.sleb128 24
ARM GAS  C:\Users\Lenovo\AppData\Local\Temp\ccNkNELR.s 			page 92


 3480 07bd 1E000000 		.4byte	.LVL113
 3481 07c1 23000000 		.4byte	.LVL115-1
 3482 07c5 0200     		.2byte	0x2
 3483 07c7 71       		.byte	0x71
 3484 07c8 18       		.sleb128 24
 3485 07c9 00000000 		.4byte	0
 3486 07cd 00000000 		.4byte	0
 3487              		.section	.debug_aranges,"",%progbits
 3488 0000 44000000 		.4byte	0x44
 3489 0004 0200     		.2byte	0x2
 3490 0006 00000000 		.4byte	.Ldebug_info0
 3491 000a 04       		.byte	0x4
 3492 000b 00       		.byte	0
 3493 000c 0000     		.2byte	0
 3494 000e 0000     		.2byte	0
 3495 0010 00000000 		.4byte	.LFB3
 3496 0014 74000000 		.4byte	.LFE3-.LFB3
 3497 0018 00000000 		.4byte	.LFB7
 3498 001c 16000000 		.4byte	.LFE7-.LFB7
 3499 0020 00000000 		.4byte	.LFB4
 3500 0024 3A000000 		.4byte	.LFE4-.LFB4
 3501 0028 00000000 		.4byte	.LFB5
 3502 002c 2A000000 		.4byte	.LFE5-.LFB5
 3503 0030 00000000 		.4byte	.LFB8
 3504 0034 F8000000 		.4byte	.LFE8-.LFB8
 3505 0038 00000000 		.4byte	.LFB6
 3506 003c 58000000 		.4byte	.LFE6-.LFB6
 3507 0040 00000000 		.4byte	0
 3508 0044 00000000 		.4byte	0
 3509              		.section	.debug_ranges,"",%progbits
 3510              	.Ldebug_ranges0:
 3511 0000 00000000 		.4byte	.LFB3
 3512 0004 74000000 		.4byte	.LFE3
 3513 0008 00000000 		.4byte	.LFB7
 3514 000c 16000000 		.4byte	.LFE7
 3515 0010 00000000 		.4byte	.LFB4
 3516 0014 3A000000 		.4byte	.LFE4
 3517 0018 00000000 		.4byte	.LFB5
 3518 001c 2A000000 		.4byte	.LFE5
 3519 0020 00000000 		.4byte	.LFB8
 3520 0024 F8000000 		.4byte	.LFE8
 3521 0028 00000000 		.4byte	.LFB6
 3522 002c 58000000 		.4byte	.LFE6
 3523 0030 00000000 		.4byte	0
 3524 0034 00000000 		.4byte	0
 3525              		.section	.debug_line,"",%progbits
 3526              	.Ldebug_line0:
 3527 0000 3F020000 		.section	.debug_str,"MS",%progbits,1
 3527      0200BE00 
 3527      00000201 
 3527      FB0E0D00 
 3527      01010101 
 3528              	.LASF23:
 3529 0000 43617053 		.ascii	"CapSense_WD_PROXIMITY_E\000"
 3529      656E7365 
 3529      5F57445F 
 3529      50524F58 
ARM GAS  C:\Users\Lenovo\AppData\Local\Temp\ccNkNELR.s 			page 93


 3529      494D4954 
 3530              	.LASF108:
 3531 0018 43617053 		.ascii	"CapSense_DpProcessCsdSensorRawCountsExt\000"
 3531      656E7365 
 3531      5F447050 
 3531      726F6365 
 3531      73734373 
 3532              	.LASF117:
 3533 0040 736E7343 		.ascii	"snsCnt\000"
 3533      6E7400
 3534              	.LASF98:
 3535 0047 77646774 		.ascii	"wdgtId\000"
 3535      496400
 3536              	.LASF109:
 3537 004e 666C7472 		.ascii	"fltrHistV\000"
 3537      48697374 
 3537      5600
 3538              	.LASF59:
 3539 0058 736E7254 		.ascii	"snrTestWidgetId\000"
 3539      65737457 
 3539      69646765 
 3539      74496400 
 3540              	.LASF132:
 3541 0068 43617053 		.ascii	"CapSense_DpFindLocalMaxSd\000"
 3541      656E7365 
 3541      5F447046 
 3541      696E644C 
 3541      6F63616C 
 3542              	.LASF123:
 3543 0082 43617053 		.ascii	"CapSense_DpProcessCsdWidgetStatus\000"
 3543      656E7365 
 3543      5F447050 
 3543      726F6365 
 3543      73734373 
 3544              	.LASF8:
 3545 00a4 756E7369 		.ascii	"unsigned int\000"
 3545      676E6564 
 3545      20696E74 
 3545      00
 3546              	.LASF50:
 3547 00b1 7363616E 		.ascii	"scanCounter\000"
 3547      436F756E 
 3547      74657200 
 3548              	.LASF102:
 3549 00bd 43617053 		.ascii	"CapSense_DpUpdateDifferences\000"
 3549      656E7365 
 3549      5F447055 
 3549      70646174 
 3549      65446966 
 3550              	.LASF134:
 3551 00da 43794861 		.ascii	"CyHalt\000"
 3551      6C7400
 3552              	.LASF104:
 3553 00e1 64696666 		.ascii	"diffValue\000"
 3553      56616C75 
 3553      6500
 3554              	.LASF110:
ARM GAS  C:\Users\Lenovo\AppData\Local\Temp\ccNkNELR.s 			page 94


 3555 00eb 6D6F6465 		.ascii	"mode\000"
 3555      00
 3556              	.LASF87:
 3557 00f0 43617053 		.ascii	"CapSense_SLIDER_POS_HISTORY_STRUCT\000"
 3557      656E7365 
 3557      5F534C49 
 3557      4445525F 
 3557      504F535F 
 3558              	.LASF22:
 3559 0113 43617053 		.ascii	"CapSense_WD_TOUCHPAD_E\000"
 3559      656E7365 
 3559      5F57445F 
 3559      544F5543 
 3559      48504144 
 3560              	.LASF40:
 3561 012a 43617053 		.ascii	"CapSense_RAM_WD_LIST_STRUCT\000"
 3561      656E7365 
 3561      5F52414D 
 3561      5F57445F 
 3561      4C495354 
 3562              	.LASF129:
 3563 0146 43617053 		.ascii	"CapSense_dsFlash\000"
 3563      656E7365 
 3563      5F647346 
 3563      6C617368 
 3563      00
 3564              	.LASF120:
 3565 0157 6E657753 		.ascii	"newStatus\000"
 3565      74617475 
 3565      7300
 3566              	.LASF13:
 3567 0161 666C6F61 		.ascii	"float\000"
 3567      7400
 3568              	.LASF122:
 3569 0167 746F7563 		.ascii	"touchCnt\000"
 3569      68436E74 
 3569      00
 3570              	.LASF12:
 3571 0170 696E7433 		.ascii	"int32\000"
 3571      3200
 3572              	.LASF101:
 3573 0176 43617053 		.ascii	"CapSense_DpInitialize\000"
 3573      656E7365 
 3573      5F447049 
 3573      6E697469 
 3573      616C697A 
 3574              	.LASF130:
 3575 018c 43617053 		.ascii	"CapSense_FtUpdateBaseline\000"
 3575      656E7365 
 3575      5F467455 
 3575      70646174 
 3575      65426173 
 3576              	.LASF58:
 3577 01a6 736E734C 		.ascii	"snsList\000"
 3577      69737400 
 3578              	.LASF105:
 3579 01ae 72657375 		.ascii	"result\000"
ARM GAS  C:\Users\Lenovo\AppData\Local\Temp\ccNkNELR.s 			page 95


 3579      6C7400
 3580              	.LASF133:
 3581 01b5 43617053 		.ascii	"CapSense_DpCalcLinearCentroid\000"
 3581      656E7365 
 3581      5F447043 
 3581      616C634C 
 3581      696E6561 
 3582              	.LASF7:
 3583 01d3 6C6F6E67 		.ascii	"long long unsigned int\000"
 3583      206C6F6E 
 3583      6720756E 
 3583      7369676E 
 3583      65642069 
 3584              	.LASF21:
 3585 01ea 43617053 		.ascii	"CapSense_WD_MATRIX_BUTTON_E\000"
 3585      656E7365 
 3585      5F57445F 
 3585      4D415452 
 3585      49585F42 
 3586              	.LASF83:
 3587 0206 70747252 		.ascii	"ptrRegular\000"
 3587      6567756C 
 3587      617200
 3588              	.LASF60:
 3589 0211 736E7254 		.ascii	"snrTestSensorId\000"
 3589      65737453 
 3589      656E736F 
 3589      72496400 
 3590              	.LASF71:
 3591 0221 77646774 		.ascii	"wdgtType\000"
 3591      54797065 
 3591      00
 3592              	.LASF84:
 3593 022a 43617053 		.ascii	"CapSense_PTR_FILTER_VARIANT\000"
 3593      656E7365 
 3593      5F505452 
 3593      5F46494C 
 3593      5445525F 
 3594              	.LASF135:
 3595 0246 474E5520 		.ascii	"GNU C11 5.4.1 20160609 (release) [ARM/embedded-5-br"
 3595      43313120 
 3595      352E342E 
 3595      31203230 
 3595      31363036 
 3596 0279 616E6368 		.ascii	"anch revision 237715] -mcpu=cortex-m0 -mthumb -g -O"
 3596      20726576 
 3596      6973696F 
 3596      6E203233 
 3596      37373135 
 3597 02ac 67202D66 		.ascii	"g -ffunction-sections -ffat-lto-objects\000"
 3597      66756E63 
 3597      74696F6E 
 3597      2D736563 
 3597      74696F6E 
 3598              	.LASF81:
 3599 02d4 72656775 		.ascii	"regularChannel\000"
 3599      6C617243 
ARM GAS  C:\Users\Lenovo\AppData\Local\Temp\ccNkNELR.s 			page 96


 3599      68616E6E 
 3599      656C00
 3600              	.LASF56:
 3601 02e3 6D6F6443 		.ascii	"modCsdClk\000"
 3601      7364436C 
 3601      6B00
 3602              	.LASF45:
 3603 02ed 43617053 		.ascii	"CapSense_RAM_SNS_STRUCT\000"
 3603      656E7365 
 3603      5F52414D 
 3603      5F534E53 
 3603      5F535452 
 3604              	.LASF93:
 3605 0305 63757272 		.ascii	"currPosition\000"
 3605      506F7369 
 3605      74696F6E 
 3605      00
 3606              	.LASF29:
 3607 0312 68797374 		.ascii	"hysteresis\000"
 3607      65726573 
 3607      697300
 3608              	.LASF20:
 3609 031d 43617053 		.ascii	"CapSense_WD_RADIAL_SLIDER_E\000"
 3609      656E7365 
 3609      5F57445F 
 3609      52414449 
 3609      414C5F53 
 3610              	.LASF76:
 3611 0339 43617053 		.ascii	"CapSense_FLASH_WD_STRUCT\000"
 3611      656E7365 
 3611      5F464C41 
 3611      53485F57 
 3611      445F5354 
 3612              	.LASF31:
 3613 0352 6C6F7742 		.ascii	"lowBslnRst\000"
 3613      736C6E52 
 3613      737400
 3614              	.LASF119:
 3615 035d 746F7563 		.ascii	"touchTh\000"
 3615      68546800 
 3616              	.LASF70:
 3617 0365 746F7461 		.ascii	"totalNumSns\000"
 3617      6C4E756D 
 3617      536E7300 
 3618              	.LASF27:
 3619 0371 6E6F6973 		.ascii	"noiseTh\000"
 3619      65546800 
 3620              	.LASF15:
 3621 0379 63686172 		.ascii	"char\000"
 3621      00
 3622              	.LASF107:
 3623 037e 43617053 		.ascii	"CapSense_DpProcessCsdWidgetRawCounts\000"
 3623      656E7365 
 3623      5F447050 
 3623      726F6365 
 3623      73734373 
 3624              	.LASF113:
ARM GAS  C:\Users\Lenovo\AppData\Local\Temp\ccNkNELR.s 			page 97


 3625 03a3 746F7563 		.ascii	"touchIdx\000"
 3625      68496478 
 3625      00
 3626              	.LASF10:
 3627 03ac 75696E74 		.ascii	"uint16\000"
 3627      313600
 3628              	.LASF25:
 3629 03b3 7265736F 		.ascii	"resolution\000"
 3629      6C757469 
 3629      6F6E00
 3630              	.LASF51:
 3631 03be 73746174 		.ascii	"status\000"
 3631      757300
 3632              	.LASF136:
 3633 03c5 47656E65 		.ascii	"Generated_Source\\PSoC4\\CapSense_Processing.c\000"
 3633      72617465 
 3633      645F536F 
 3633      75726365 
 3633      5C50536F 
 3634              	.LASF17:
 3635 03f2 43617053 		.ascii	"CapSense_LOW_BSLN_RST_TYPE\000"
 3635      656E7365 
 3635      5F4C4F57 
 3635      5F42534C 
 3635      4E5F5253 
 3636              	.LASF6:
 3637 040d 6C6F6E67 		.ascii	"long long int\000"
 3637      206C6F6E 
 3637      6720696E 
 3637      7400
 3638              	.LASF72:
 3639 041b 6E756D43 		.ascii	"numCols\000"
 3639      6F6C7300 
 3640              	.LASF30:
 3641 0423 6F6E4465 		.ascii	"onDebounce\000"
 3641      626F756E 
 3641      636500
 3642              	.LASF57:
 3643 042e 77646774 		.ascii	"wdgtList\000"
 3643      4C697374 
 3643      00
 3644              	.LASF78:
 3645 0437 43617053 		.ascii	"CapSense_FLASH_STRUCT\000"
 3645      656E7365 
 3645      5F464C41 
 3645      53485F53 
 3645      54525543 
 3646              	.LASF97:
 3647 044d 70747257 		.ascii	"ptrWdSlider\000"
 3647      64536C69 
 3647      64657200 
 3648              	.LASF128:
 3649 0459 43617053 		.ascii	"CapSense_dsRam\000"
 3649      656E7365 
 3649      5F647352 
 3649      616D00
 3650              	.LASF62:
ARM GAS  C:\Users\Lenovo\AppData\Local\Temp\ccNkNELR.s 			page 98


 3651 0468 736E7254 		.ascii	"snrTestRawCount\000"
 3651      65737452 
 3651      6177436F 
 3651      756E7400 
 3652              	.LASF85:
 3653 0478 706F734D 		.ascii	"posMedianZ1\000"
 3653      65646961 
 3653      6E5A3100 
 3654              	.LASF86:
 3655 0484 706F734D 		.ascii	"posMedianZ2\000"
 3655      65646961 
 3655      6E5A3200 
 3656              	.LASF28:
 3657 0490 6E4E6F69 		.ascii	"nNoiseTh\000"
 3657      73655468 
 3657      00
 3658              	.LASF55:
 3659 0499 63736430 		.ascii	"csd0Config\000"
 3659      436F6E66 
 3659      696700
 3660              	.LASF36:
 3661 04a4 43617053 		.ascii	"CapSense_RAM_WD_BASE_STRUCT\000"
 3661      656E7365 
 3661      5F52414D 
 3661      5F57445F 
 3661      42415345 
 3662              	.LASF24:
 3663 04c0 43617053 		.ascii	"CapSense_WD_TYPE_ENUM\000"
 3663      656E7365 
 3663      5F57445F 
 3663      54595045 
 3663      5F454E55 
 3664              	.LASF125:
 3665 04d6 73656E73 		.ascii	"sensorStatus\000"
 3665      6F725374 
 3665      61747573 
 3665      00
 3666              	.LASF11:
 3667 04e3 75696E74 		.ascii	"uint32\000"
 3667      333200
 3668              	.LASF111:
 3669 04ea 44705570 		.ascii	"DpUpdateLinSlider\000"
 3669      64617465 
 3669      4C696E53 
 3669      6C696465 
 3669      7200
 3670              	.LASF67:
 3671 04fc 70747232 		.ascii	"ptr2FltrHistory\000"
 3671      466C7472 
 3671      48697374 
 3671      6F727900 
 3672              	.LASF19:
 3673 050c 43617053 		.ascii	"CapSense_WD_LINEAR_SLIDER_E\000"
 3673      656E7365 
 3673      5F57445F 
 3673      4C494E45 
 3673      41525F53 
ARM GAS  C:\Users\Lenovo\AppData\Local\Temp\ccNkNELR.s 			page 99


 3674              	.LASF126:
 3675 0528 77645374 		.ascii	"wdStatusIndex\000"
 3675      61747573 
 3675      496E6465 
 3675      7800
 3676              	.LASF115:
 3677 0536 43617053 		.ascii	"CapSense_DpProcessSlider\000"
 3677      656E7365 
 3677      5F447050 
 3677      726F6365 
 3677      7373536C 
 3678              	.LASF91:
 3679 054f 70747248 		.ascii	"ptrHistory\000"
 3679      6973746F 
 3679      727900
 3680              	.LASF89:
 3681 055a 6E657750 		.ascii	"newPos\000"
 3681      6F7300
 3682              	.LASF88:
 3683 0561 6C6F6E67 		.ascii	"long double\000"
 3683      20646F75 
 3683      626C6500 
 3684              	.LASF100:
 3685 056d 70747252 		.ascii	"ptrRamWdgt\000"
 3685      616D5764 
 3685      677400
 3686              	.LASF118:
 3687 0578 736E734D 		.ascii	"snsMask\000"
 3687      61736B00 
 3688              	.LASF61:
 3689 0580 736E7254 		.ascii	"snrTestScanCounter\000"
 3689      65737453 
 3689      63616E43 
 3689      6F756E74 
 3689      657200
 3690              	.LASF47:
 3691 0593 636F6E66 		.ascii	"configId\000"
 3691      69674964 
 3691      00
 3692              	.LASF66:
 3693 059c 70747232 		.ascii	"ptr2SnsRam\000"
 3693      536E7352 
 3693      616D00
 3694              	.LASF54:
 3695 05a7 736E7353 		.ascii	"snsStatus\000"
 3695      74617475 
 3695      7300
 3696              	.LASF34:
 3697 05b1 736E7343 		.ascii	"snsClkSource\000"
 3697      6C6B536F 
 3697      75726365 
 3697      00
 3698              	.LASF73:
 3699 05be 78526573 		.ascii	"xResolution\000"
 3699      6F6C7574 
 3699      696F6E00 
 3700              	.LASF2:
ARM GAS  C:\Users\Lenovo\AppData\Local\Temp\ccNkNELR.s 			page 100


 3701 05ca 73686F72 		.ascii	"short int\000"
 3701      7420696E 
 3701      7400
 3702              	.LASF63:
 3703 05d4 43617053 		.ascii	"CapSense_RAM_STRUCT\000"
 3703      656E7365 
 3703      5F52414D 
 3703      5F535452 
 3703      55435400 
 3704              	.LASF82:
 3705 05e8 43617053 		.ascii	"CapSense_REGULAR_FLTR_STRUCT\000"
 3705      656E7365 
 3705      5F524547 
 3705      554C4152 
 3705      5F464C54 
 3706              	.LASF114:
 3707 0605 66696C74 		.ascii	"filterConfig\000"
 3707      6572436F 
 3707      6E666967 
 3707      00
 3708              	.LASF4:
 3709 0612 6C6F6E67 		.ascii	"long int\000"
 3709      20696E74 
 3709      00
 3710              	.LASF52:
 3711 061b 77646774 		.ascii	"wdgtEnable\000"
 3711      456E6162 
 3711      6C6500
 3712              	.LASF43:
 3713 0626 64696666 		.ascii	"diff\000"
 3713      00
 3714              	.LASF49:
 3715 062b 74756E65 		.ascii	"tunerCmd\000"
 3715      72436D64 
 3715      00
 3716              	.LASF106:
 3717 0634 736E7349 		.ascii	"snsId\000"
 3717      6400
 3718              	.LASF18:
 3719 063a 43617053 		.ascii	"CapSense_WD_BUTTON_E\000"
 3719      656E7365 
 3719      5F57445F 
 3719      42555454 
 3719      4F4E5F45 
 3720              	.LASF80:
 3721 064f 43617053 		.ascii	"CapSense_REGULAR_FLTR_CHANNEL_STRUCT\000"
 3721      656E7365 
 3721      5F524547 
 3721      554C4152 
 3721      5F464C54 
 3722              	.LASF121:
 3723 0674 70747244 		.ascii	"ptrDebounceCnt\000"
 3723      65626F75 
 3723      6E636543 
 3723      6E7400
 3724              	.LASF53:
 3725 0683 77646774 		.ascii	"wdgtStatus\000"
ARM GAS  C:\Users\Lenovo\AppData\Local\Temp\ccNkNELR.s 			page 101


 3725      53746174 
 3725      757300
 3726              	.LASF38:
 3727 068e 43617053 		.ascii	"CapSense_RAM_WD_SLIDER_STRUCT\000"
 3727      656E7365 
 3727      5F52414D 
 3727      5F57445F 
 3727      534C4944 
 3728              	.LASF35:
 3729 06ac 73697A65 		.ascii	"sizetype\000"
 3729      74797065 
 3729      00
 3730              	.LASF5:
 3731 06b5 6C6F6E67 		.ascii	"long unsigned int\000"
 3731      20756E73 
 3731      69676E65 
 3731      6420696E 
 3731      7400
 3732              	.LASF131:
 3733 06c7 43617053 		.ascii	"CapSense_FtIIR1stOrder\000"
 3733      656E7365 
 3733      5F467449 
 3733      49523173 
 3733      744F7264 
 3734              	.LASF32:
 3735 06de 69646163 		.ascii	"idacMod\000"
 3735      4D6F6400 
 3736              	.LASF68:
 3737 06e6 70747232 		.ascii	"ptr2DebounceArr\000"
 3737      4465626F 
 3737      756E6365 
 3737      41727200 
 3738              	.LASF74:
 3739 06f6 7843656E 		.ascii	"xCentroidMultiplier\000"
 3739      74726F69 
 3739      644D756C 
 3739      7469706C 
 3739      69657200 
 3740              	.LASF26:
 3741 070a 66696E67 		.ascii	"fingerTh\000"
 3741      65725468 
 3741      00
 3742              	.LASF42:
 3743 0713 62736C6E 		.ascii	"bslnExt\000"
 3743      45787400 
 3744              	.LASF75:
 3745 071b 70747232 		.ascii	"ptr2PosHistory\000"
 3745      506F7348 
 3745      6973746F 
 3745      727900
 3746              	.LASF112:
 3747 072a 6E756D54 		.ascii	"numTouches\000"
 3747      6F756368 
 3747      657300
 3748              	.LASF92:
 3749 0735 6E657750 		.ascii	"newPosition\000"
 3749      6F736974 
ARM GAS  C:\Users\Lenovo\AppData\Local\Temp\ccNkNELR.s 			page 102


 3749      696F6E00 
 3750              	.LASF1:
 3751 0741 756E7369 		.ascii	"unsigned char\000"
 3751      676E6564 
 3751      20636861 
 3751      7200
 3752              	.LASF90:
 3753 074f 70747243 		.ascii	"ptrCurrPos\000"
 3753      75727250 
 3753      6F7300
 3754              	.LASF127:
 3755 075a 77645374 		.ascii	"wdStatusMask\000"
 3755      61747573 
 3755      4D61736B 
 3755      00
 3756              	.LASF96:
 3757 0767 70747246 		.ascii	"ptrFlashWdgt\000"
 3757      6C617368 
 3757      57646774 
 3757      00
 3758              	.LASF69:
 3759 0774 73746174 		.ascii	"staticConfig\000"
 3759      6963436F 
 3759      6E666967 
 3759      00
 3760              	.LASF94:
 3761 0781 44704669 		.ascii	"DpFilterLinSlider\000"
 3761      6C746572 
 3761      4C696E53 
 3761      6C696465 
 3761      7200
 3762              	.LASF65:
 3763 0793 70747232 		.ascii	"ptr2WdgtRam\000"
 3763      57646774 
 3763      52616D00 
 3764              	.LASF16:
 3765 079f 43617053 		.ascii	"CapSense_THRESHOLD_TYPE\000"
 3765      656E7365 
 3765      5F544852 
 3765      4553484F 
 3765      4C445F54 
 3766              	.LASF39:
 3767 07b7 6C696E65 		.ascii	"linearslider0\000"
 3767      6172736C 
 3767      69646572 
 3767      3000
 3768              	.LASF116:
 3769 07c5 63757272 		.ascii	"currStatus\000"
 3769      53746174 
 3769      757300
 3770              	.LASF33:
 3771 07d0 736E7343 		.ascii	"snsClk\000"
 3771      6C6B00
 3772              	.LASF95:
 3773 07d7 43617053 		.ascii	"CapSense_DpInitSlider\000"
 3773      656E7365 
 3773      5F447049 
ARM GAS  C:\Users\Lenovo\AppData\Local\Temp\ccNkNELR.s 			page 103


 3773      6E697453 
 3773      6C696465 
 3774              	.LASF103:
 3775 07ed 70747253 		.ascii	"ptrSns\000"
 3775      6E7300
 3776              	.LASF0:
 3777 07f4 7369676E 		.ascii	"signed char\000"
 3777      65642063 
 3777      68617200 
 3778              	.LASF41:
 3779 0800 62736C6E 		.ascii	"bsln\000"
 3779      00
 3780              	.LASF3:
 3781 0805 73686F72 		.ascii	"short unsigned int\000"
 3781      7420756E 
 3781      7369676E 
 3781      65642069 
 3781      6E7400
 3782              	.LASF137:
 3783 0818 443A5C55 		.ascii	"D:\\UCU\\POC\\PSoC_Projects_Embedded\\PSoC_LAB4\\la"
 3783      43555C50 
 3783      4F435C50 
 3783      536F435F 
 3783      50726F6A 
 3784 0846 62362D70 		.ascii	"b6-psoc-3-shevchuk-lykhanskyi\\Lab_4_1_BLE_Automati"
 3784      736F632D 
 3784      332D7368 
 3784      65766368 
 3784      756B2D6C 
 3785 0878 6F6E5F49 		.ascii	"on_IO.cydsn\000"
 3785      4F2E6379 
 3785      64736E00 
 3786              	.LASF64:
 3787 0884 70747232 		.ascii	"ptr2SnsFlash\000"
 3787      536E7346 
 3787      6C617368 
 3787      00
 3788              	.LASF79:
 3789 0891 6E6F7455 		.ascii	"notUsed\000"
 3789      73656400 
 3790              	.LASF9:
 3791 0899 75696E74 		.ascii	"uint8\000"
 3791      3800
 3792              	.LASF14:
 3793 089f 646F7562 		.ascii	"double\000"
 3793      6C6500
 3794              	.LASF44:
 3795 08a6 6E656742 		.ascii	"negBslnRstCnt\000"
 3795      736C6E52 
 3795      7374436E 
 3795      7400
 3796              	.LASF99:
 3797 08b4 77696467 		.ascii	"widgetType\000"
 3797      65745479 
 3797      706500
 3798              	.LASF48:
 3799 08bf 64657669 		.ascii	"deviceId\000"
ARM GAS  C:\Users\Lenovo\AppData\Local\Temp\ccNkNELR.s 			page 104


 3799      63654964 
 3799      00
 3800              	.LASF124:
 3801 08c8 77696467 		.ascii	"widgetId\000"
 3801      65744964 
 3801      00
 3802              	.LASF37:
 3803 08d1 706F7369 		.ascii	"position\000"
 3803      74696F6E 
 3803      00
 3804              	.LASF46:
 3805 08da 43617053 		.ascii	"CapSense_RAM_SNS_LIST_STRUCT\000"
 3805      656E7365 
 3805      5F52414D 
 3805      5F534E53 
 3805      5F4C4953 
 3806              	.LASF77:
 3807 08f7 77646774 		.ascii	"wdgtArray\000"
 3807      41727261 
 3807      7900
 3808              		.ident	"GCC: (GNU Tools for ARM Embedded Processors) 5.4.1 20160609 (release) [ARM/embedded-5-bran
