ARM GAS  C:\Users\Lenovo\AppData\Local\Temp\ccQthNvb.s 			page 1


   1              		.syntax unified
   2              		.cpu cortex-m0
   3              		.fpu softvfp
   4              		.eabi_attribute 20, 1
   5              		.eabi_attribute 21, 1
   6              		.eabi_attribute 23, 3
   7              		.eabi_attribute 24, 1
   8              		.eabi_attribute 25, 1
   9              		.eabi_attribute 26, 1
  10              		.eabi_attribute 30, 1
  11              		.eabi_attribute 34, 0
  12              		.eabi_attribute 18, 4
  13              		.thumb
  14              		.syntax unified
  15              		.file	"CapSense_Filter.c"
  16              		.text
  17              	.Ltext0:
  18              		.cfi_sections	.debug_frame
  19              		.section	.text.CapSense_FtInitialize,"ax",%progbits
  20              		.align	2
  21              		.global	CapSense_FtInitialize
  22              		.code	16
  23              		.thumb_func
  24              		.type	CapSense_FtInitialize, %function
  25              	CapSense_FtInitialize:
  26              	.LFB2:
  27              		.file 1 "Generated_Source\\PSoC4\\CapSense_Filter.c"
   1:Generated_Source\PSoC4/CapSense_Filter.c **** /***************************************************************************//**
   2:Generated_Source\PSoC4/CapSense_Filter.c **** * \file     CapSense_Filter.c
   3:Generated_Source\PSoC4/CapSense_Filter.c **** * \version  4.0
   4:Generated_Source\PSoC4/CapSense_Filter.c **** *
   5:Generated_Source\PSoC4/CapSense_Filter.c **** * \brief    This file contains the implementation source code to implement all 
   6:Generated_Source\PSoC4/CapSense_Filter.c **** *           firmware filters.
   7:Generated_Source\PSoC4/CapSense_Filter.c **** *
   8:Generated_Source\PSoC4/CapSense_Filter.c **** * \see      CapSense P4 v4.0 Datasheet
   9:Generated_Source\PSoC4/CapSense_Filter.c **** * 
  10:Generated_Source\PSoC4/CapSense_Filter.c **** *//*****************************************************************************
  11:Generated_Source\PSoC4/CapSense_Filter.c **** * Copyright (2016-2017), Cypress Semiconductor Corporation.
  12:Generated_Source\PSoC4/CapSense_Filter.c **** ********************************************************************************
  13:Generated_Source\PSoC4/CapSense_Filter.c **** * This software is owned by Cypress Semiconductor Corporation (Cypress) and is
  14:Generated_Source\PSoC4/CapSense_Filter.c **** * protected by and subject to worldwide patent protection (United States and
  15:Generated_Source\PSoC4/CapSense_Filter.c **** * foreign), United States copyright laws and international treaty provisions.
  16:Generated_Source\PSoC4/CapSense_Filter.c **** * Cypress hereby grants to licensee a personal, non-exclusive, non-transferable
  17:Generated_Source\PSoC4/CapSense_Filter.c **** * license to copy, use, modify, create derivative works of, and compile the
  18:Generated_Source\PSoC4/CapSense_Filter.c **** * Cypress Source Code and derivative works for the sole purpose of creating
  19:Generated_Source\PSoC4/CapSense_Filter.c **** * custom software in support of licensee product to be used only in conjunction
  20:Generated_Source\PSoC4/CapSense_Filter.c **** * with a Cypress integrated circuit as specified in the applicable agreement.
  21:Generated_Source\PSoC4/CapSense_Filter.c **** * Any reproduction, modification, translation, compilation, or representation of
  22:Generated_Source\PSoC4/CapSense_Filter.c **** * this software except as specified above is prohibited without the express
  23:Generated_Source\PSoC4/CapSense_Filter.c **** * written permission of Cypress.
  24:Generated_Source\PSoC4/CapSense_Filter.c **** *
  25:Generated_Source\PSoC4/CapSense_Filter.c **** * Disclaimer: CYPRESS MAKES NO WARRANTY OF ANY KIND, EXPRESS OR IMPLIED, WITH
  26:Generated_Source\PSoC4/CapSense_Filter.c **** * REGARD TO THIS MATERIAL, INCLUDING, BUT NOT LIMITED TO, THE IMPLIED
  27:Generated_Source\PSoC4/CapSense_Filter.c **** * WARRANTIES OF MERCHANTABILITY AND FITNESS FOR A PARTICULAR PURPOSE.
  28:Generated_Source\PSoC4/CapSense_Filter.c **** * Cypress reserves the right to make changes without further notice to the
  29:Generated_Source\PSoC4/CapSense_Filter.c **** * materials described herein. Cypress does not assume any liability arising out
  30:Generated_Source\PSoC4/CapSense_Filter.c **** * of the application or use of any product or circuit described herein. Cypress
ARM GAS  C:\Users\Lenovo\AppData\Local\Temp\ccQthNvb.s 			page 2


  31:Generated_Source\PSoC4/CapSense_Filter.c **** * does not authorize its products for use as critical components in life-support
  32:Generated_Source\PSoC4/CapSense_Filter.c **** * systems where a malfunction or failure may reasonably be expected to result in
  33:Generated_Source\PSoC4/CapSense_Filter.c **** * significant injury to the user. The inclusion of Cypress' product in a life-
  34:Generated_Source\PSoC4/CapSense_Filter.c **** * support systems application implies that the manufacturer assumes all risk of
  35:Generated_Source\PSoC4/CapSense_Filter.c **** * such use and in doing so indemnifies Cypress against all charges. Use may be
  36:Generated_Source\PSoC4/CapSense_Filter.c **** * limited by and subject to the applicable Cypress software license agreement.
  37:Generated_Source\PSoC4/CapSense_Filter.c **** *******************************************************************************/
  38:Generated_Source\PSoC4/CapSense_Filter.c **** 
  39:Generated_Source\PSoC4/CapSense_Filter.c **** #include "CapSense_Filter.h"
  40:Generated_Source\PSoC4/CapSense_Filter.c **** #include "CapSense_Configuration.h"
  41:Generated_Source\PSoC4/CapSense_Filter.c **** 
  42:Generated_Source\PSoC4/CapSense_Filter.c **** #if (0 != (CapSense_CSD_AUTOTUNE & CapSense_CSD_SS_TH_EN))
  43:Generated_Source\PSoC4/CapSense_Filter.c ****     #include "CapSense_SmartSense_LL.h"
  44:Generated_Source\PSoC4/CapSense_Filter.c **** #endif /* (0 != (CapSense_CSD_AUTOTUNE & CapSense_CSD_SS_TH_EN)) */
  45:Generated_Source\PSoC4/CapSense_Filter.c **** 
  46:Generated_Source\PSoC4/CapSense_Filter.c **** #if (CapSense_ENABLE == CapSense_SELF_TEST_EN)
  47:Generated_Source\PSoC4/CapSense_Filter.c ****     #include "CapSense_SelfTest.h"
  48:Generated_Source\PSoC4/CapSense_Filter.c **** #endif
  49:Generated_Source\PSoC4/CapSense_Filter.c **** 
  50:Generated_Source\PSoC4/CapSense_Filter.c **** /*******************************************************************************
  51:Generated_Source\PSoC4/CapSense_Filter.c **** * Function Name: CapSense_FtInitialize
  52:Generated_Source\PSoC4/CapSense_Filter.c **** ****************************************************************************//**
  53:Generated_Source\PSoC4/CapSense_Filter.c **** *
  54:Generated_Source\PSoC4/CapSense_Filter.c **** * \brief
  55:Generated_Source\PSoC4/CapSense_Filter.c **** *    Initializes all the firmware filter history, except the baseline filter.
  56:Generated_Source\PSoC4/CapSense_Filter.c **** *
  57:Generated_Source\PSoC4/CapSense_Filter.c **** * \details
  58:Generated_Source\PSoC4/CapSense_Filter.c **** *    Initializes all the firmware filter history, except the baseline filter.
  59:Generated_Source\PSoC4/CapSense_Filter.c **** *
  60:Generated_Source\PSoC4/CapSense_Filter.c **** *******************************************************************************/
  61:Generated_Source\PSoC4/CapSense_Filter.c **** void CapSense_FtInitialize(void)
  62:Generated_Source\PSoC4/CapSense_Filter.c **** {
  28              		.loc 1 62 0
  29              		.cfi_startproc
  30              		@ args = 0, pretend = 0, frame = 0
  31              		@ frame_needed = 0, uses_anonymous_args = 0
  32              		@ link register save eliminated.
  33              	.LVL0:
  63:Generated_Source\PSoC4/CapSense_Filter.c ****     uint32 widgetId;
  64:Generated_Source\PSoC4/CapSense_Filter.c ****     uint32 sensorId;
  65:Generated_Source\PSoC4/CapSense_Filter.c ****     uint32 sensorsNumber;
  66:Generated_Source\PSoC4/CapSense_Filter.c **** 
  67:Generated_Source\PSoC4/CapSense_Filter.c ****     CapSense_FLASH_WD_STRUCT const *ptrWidget;
  68:Generated_Source\PSoC4/CapSense_Filter.c ****     CapSense_RAM_SNS_STRUCT *ptrSensor = NULL;
  69:Generated_Source\PSoC4/CapSense_Filter.c ****     CapSense_PTR_FILTER_VARIANT ptrFilterHistObj;
  70:Generated_Source\PSoC4/CapSense_Filter.c ****     
  71:Generated_Source\PSoC4/CapSense_Filter.c ****     #if CapSense_CSD_AUTOTUNE & CapSense_CSD_SS_TH_EN
  72:Generated_Source\PSoC4/CapSense_Filter.c ****         CapSense_RAM_WD_BASE_STRUCT *ptrWidgetRam;
  73:Generated_Source\PSoC4/CapSense_Filter.c ****         SMARTSENSE_CSD_NOISE_ENVELOPE_STRUCT *ptrNoiseEnvelope = NULL;
  74:Generated_Source\PSoC4/CapSense_Filter.c ****     #endif /* #if CapSense_CSD_AUTOTUNE & CapSense_CSD_SS_TH_EN */
  75:Generated_Source\PSoC4/CapSense_Filter.c ****     
  76:Generated_Source\PSoC4/CapSense_Filter.c ****     for (widgetId = CapSense_TOTAL_WIDGETS; widgetId-- > 0u;)
  34              		.loc 1 76 0
  35 0000 0123     		movs	r3, #1
  36 0002 0BE0     		b	.L2
  37              	.LVL1:
  38              	.L4:
ARM GAS  C:\Users\Lenovo\AppData\Local\Temp\ccQthNvb.s 			page 3


  77:Generated_Source\PSoC4/CapSense_Filter.c ****     {
  78:Generated_Source\PSoC4/CapSense_Filter.c ****         ptrWidget = &CapSense_dsFlash.wdgtArray[widgetId];
  79:Generated_Source\PSoC4/CapSense_Filter.c ****         
  80:Generated_Source\PSoC4/CapSense_Filter.c ****         #if CapSense_CSD_AUTOTUNE & CapSense_CSD_SS_TH_EN
  81:Generated_Source\PSoC4/CapSense_Filter.c ****             ptrWidgetRam = ptrWidget->ptr2WdgtRam;
  82:Generated_Source\PSoC4/CapSense_Filter.c ****         #endif /* #if CapSense_CSD_AUTOTUNE & CapSense_CSD_SS_TH_EN */
  83:Generated_Source\PSoC4/CapSense_Filter.c **** 
  84:Generated_Source\PSoC4/CapSense_Filter.c ****         /* Find total amount of sensors in specified widget */   
  85:Generated_Source\PSoC4/CapSense_Filter.c ****         sensorsNumber = CapSense_GET_SNS_CNT_BY_PTR(ptrWidget);    
  39              		.loc 1 85 0
  40 0004 CA00     		lsls	r2, r1, #3
  41 0006 5218     		adds	r2, r2, r1
  42 0008 9300     		lsls	r3, r2, #2
  43 000a 064A     		ldr	r2, .L6
  44 000c D318     		adds	r3, r2, r3
  45 000e DB8A     		ldrh	r3, [r3, #22]
  46              	.LVL2:
  86:Generated_Source\PSoC4/CapSense_Filter.c ****     
  87:Generated_Source\PSoC4/CapSense_Filter.c ****         for (sensorId = sensorsNumber; sensorId-- > 0u;) 
  47              		.loc 1 87 0
  48 0010 00E0     		b	.L3
  49              	.LVL3:
  50              	.L5:
  51 0012 1300     		movs	r3, r2
  52              	.LVL4:
  53              	.L3:
  54              		.loc 1 87 0 is_stmt 0 discriminator 1
  55 0014 5A1E     		subs	r2, r3, #1
  56              	.LVL5:
  57 0016 002B     		cmp	r3, #0
  58 0018 FBD1     		bne	.L5
  76:Generated_Source\PSoC4/CapSense_Filter.c ****     {
  59              		.loc 1 76 0 is_stmt 1
  60 001a 0B00     		movs	r3, r1
  61              	.LVL6:
  62              	.L2:
  76:Generated_Source\PSoC4/CapSense_Filter.c ****     {
  63              		.loc 1 76 0 is_stmt 0 discriminator 1
  64 001c 591E     		subs	r1, r3, #1
  65              	.LVL7:
  66 001e 002B     		cmp	r3, #0
  67 0020 F0D1     		bne	.L4
  88:Generated_Source\PSoC4/CapSense_Filter.c ****         {
  89:Generated_Source\PSoC4/CapSense_Filter.c ****             /* Find pointer to specified sensor object */
  90:Generated_Source\PSoC4/CapSense_Filter.c ****             ptrSensor = ptrWidget->ptr2SnsRam;
  91:Generated_Source\PSoC4/CapSense_Filter.c ****             ptrSensor = &ptrSensor[sensorId];
  92:Generated_Source\PSoC4/CapSense_Filter.c ****                         
  93:Generated_Source\PSoC4/CapSense_Filter.c ****             /* Find pointer to to specified filter sensor object */
  94:Generated_Source\PSoC4/CapSense_Filter.c ****             ptrFilterHistObj.ptr = ptrWidget->ptr2FltrHistory;
  95:Generated_Source\PSoC4/CapSense_Filter.c **** 
  96:Generated_Source\PSoC4/CapSense_Filter.c ****             #if CapSense_CSD_AUTOTUNE & CapSense_CSD_SS_TH_EN
  97:Generated_Source\PSoC4/CapSense_Filter.c ****                 /* Find pointer to specified noise envelope sensor object */
  98:Generated_Source\PSoC4/CapSense_Filter.c ****                 ptrNoiseEnvelope = ptrWidget->ptr2NoiseEnvlp;
  99:Generated_Source\PSoC4/CapSense_Filter.c ****                 ptrNoiseEnvelope = &ptrNoiseEnvelope[sensorId];    
 100:Generated_Source\PSoC4/CapSense_Filter.c ****             #endif /* #if CapSense_CSD_AUTOTUNE & CapSense_CSD_SS_TH_EN */
 101:Generated_Source\PSoC4/CapSense_Filter.c ****             
 102:Generated_Source\PSoC4/CapSense_Filter.c ****             if ((CapSense_WD_TYPE_ENUM)ptrWidget->wdgtType != CapSense_WD_PROXIMITY_E)
ARM GAS  C:\Users\Lenovo\AppData\Local\Temp\ccQthNvb.s 			page 4


 103:Generated_Source\PSoC4/CapSense_Filter.c ****             {
 104:Generated_Source\PSoC4/CapSense_Filter.c ****                 #if (CapSense_REGULAR_SENSOR_EN)             
 105:Generated_Source\PSoC4/CapSense_Filter.c ****                     ptrFilterHistObj.ptrRegular = &ptrFilterHistObj.ptrRegular[sensorId];
 106:Generated_Source\PSoC4/CapSense_Filter.c ****                 #endif /* (CapSense_REGULAR_SENSOR_EN) */
 107:Generated_Source\PSoC4/CapSense_Filter.c ****             }
 108:Generated_Source\PSoC4/CapSense_Filter.c ****             else
 109:Generated_Source\PSoC4/CapSense_Filter.c ****             {
 110:Generated_Source\PSoC4/CapSense_Filter.c ****                 #if (CapSense_PROXIMITY_SENSOR_EN)             
 111:Generated_Source\PSoC4/CapSense_Filter.c ****                     ptrFilterHistObj.ptrProx = &ptrFilterHistObj.ptrProx[sensorId];
 112:Generated_Source\PSoC4/CapSense_Filter.c ****                 #endif /* (CapSense_PROXIMITY_SENSOR_EN) */
 113:Generated_Source\PSoC4/CapSense_Filter.c ****             }
 114:Generated_Source\PSoC4/CapSense_Filter.c ****             
 115:Generated_Source\PSoC4/CapSense_Filter.c ****             #if (CapSense_REGULAR_RC_IIR_FILTER_EN || CapSense_PROX_RC_IIR_FILTER_EN)
 116:Generated_Source\PSoC4/CapSense_Filter.c ****                 CapSense_InitializeIIRInternal(ptrFilterHistObj, ptrSensor, (uint32)ptrWidget->wdgt
 117:Generated_Source\PSoC4/CapSense_Filter.c ****             #endif /* (CapSense_REGULAR_RC_IIR_FILTER_EN || CapSense_PROX_RC_IIR_FILTER_EN) */     
 118:Generated_Source\PSoC4/CapSense_Filter.c **** 
 119:Generated_Source\PSoC4/CapSense_Filter.c ****             #if (CapSense_REGULAR_RC_MEDIAN_FILTER_EN || CapSense_PROX_RC_MEDIAN_FILTER_EN)
 120:Generated_Source\PSoC4/CapSense_Filter.c ****                 CapSense_InitializeMedianInternal(ptrFilterHistObj, ptrSensor, (uint32)ptrWidget->w
 121:Generated_Source\PSoC4/CapSense_Filter.c ****             #endif /* (CapSense_REGULAR_RC_MEDIAN_FILTER_EN || CapSense_PROX_RC_MEDIAN_FILTER_EN) *
 122:Generated_Source\PSoC4/CapSense_Filter.c **** 
 123:Generated_Source\PSoC4/CapSense_Filter.c ****             #if (CapSense_REGULAR_RC_AVERAGE_FILTER_EN || CapSense_PROX_RC_AVERAGE_FILTER_EN)
 124:Generated_Source\PSoC4/CapSense_Filter.c ****                 CapSense_InitializeAverageInternal(ptrFilterHistObj, ptrSensor, (uint32)ptrWidget->
 125:Generated_Source\PSoC4/CapSense_Filter.c ****             #endif /* (CapSense_REGULAR_RC_AVERAGE_FILTER_EN || CapSense_PROX_RC_AVERAGE_FILTER_EN)
 126:Generated_Source\PSoC4/CapSense_Filter.c ****             
 127:Generated_Source\PSoC4/CapSense_Filter.c ****             #if (CapSense_ALP_FILTER_EN)
 128:Generated_Source\PSoC4/CapSense_Filter.c ****                 CapSense_InitializeALPInternal(ptrFilterHistObj, ptrSensor, (uint32)ptrWidget->wdgt
 129:Generated_Source\PSoC4/CapSense_Filter.c ****             #endif
 130:Generated_Source\PSoC4/CapSense_Filter.c ****             
 131:Generated_Source\PSoC4/CapSense_Filter.c ****             #if (CapSense_CSD_AUTOTUNE & CapSense_CSD_SS_TH_EN)
 132:Generated_Source\PSoC4/CapSense_Filter.c ****                 if (CapSense_SENSE_METHOD_CSD_E ==
 133:Generated_Source\PSoC4/CapSense_Filter.c ****                     CapSense_GET_SENSE_METHOD(&CapSense_dsFlash.wdgtArray[widgetId]))
 134:Generated_Source\PSoC4/CapSense_Filter.c ****                 {
 135:Generated_Source\PSoC4/CapSense_Filter.c ****                     SmartSense_InitializeNoiseEnvelope(ptrSensor->raw[0u], ptrWidgetRam->sigPFC, pt
 136:Generated_Source\PSoC4/CapSense_Filter.c ****                 }
 137:Generated_Source\PSoC4/CapSense_Filter.c ****             #endif /* #if CapSense_CSD_AUTOTUNE & CapSense_CSD_SS_TH_EN */
 138:Generated_Source\PSoC4/CapSense_Filter.c ****         }
 139:Generated_Source\PSoC4/CapSense_Filter.c ****     }   
 140:Generated_Source\PSoC4/CapSense_Filter.c **** }
  68              		.loc 1 140 0 is_stmt 1
  69              		@ sp needed
  70 0022 7047     		bx	lr
  71              	.L7:
  72              		.align	2
  73              	.L6:
  74 0024 00000000 		.word	CapSense_dsFlash
  75              		.cfi_endproc
  76              	.LFE2:
  77              		.size	CapSense_FtInitialize, .-CapSense_FtInitialize
  78              		.section	.text.CapSense_FtInitializeBaselineChannel,"ax",%progbits
  79              		.align	2
  80              		.global	CapSense_FtInitializeBaselineChannel
  81              		.code	16
  82              		.thumb_func
  83              		.type	CapSense_FtInitializeBaselineChannel, %function
  84              	CapSense_FtInitializeBaselineChannel:
  85              	.LFB11:
 141:Generated_Source\PSoC4/CapSense_Filter.c **** 
ARM GAS  C:\Users\Lenovo\AppData\Local\Temp\ccQthNvb.s 			page 5


 142:Generated_Source\PSoC4/CapSense_Filter.c **** 
 143:Generated_Source\PSoC4/CapSense_Filter.c **** /*******************************************************************************
 144:Generated_Source\PSoC4/CapSense_Filter.c **** * Function Name: CapSense_UpdateAllBaselines
 145:Generated_Source\PSoC4/CapSense_Filter.c **** ****************************************************************************//**
 146:Generated_Source\PSoC4/CapSense_Filter.c **** *
 147:Generated_Source\PSoC4/CapSense_Filter.c **** * \brief    
 148:Generated_Source\PSoC4/CapSense_Filter.c **** *  Updates the baseline for all sensors in all widgets.
 149:Generated_Source\PSoC4/CapSense_Filter.c **** *
 150:Generated_Source\PSoC4/CapSense_Filter.c **** * \details
 151:Generated_Source\PSoC4/CapSense_Filter.c **** *  Updates the baseline for all sensors in all widgets. Baseline updating is a 
 152:Generated_Source\PSoC4/CapSense_Filter.c **** *  part of data processing performed by the process functions. So, no need to 
 153:Generated_Source\PSoC4/CapSense_Filter.c **** *  call this function except a specific process flow is implemented.
 154:Generated_Source\PSoC4/CapSense_Filter.c **** *  
 155:Generated_Source\PSoC4/CapSense_Filter.c **** *  This function ignores the value of the wdgtEnable register. Multiple calling 
 156:Generated_Source\PSoC4/CapSense_Filter.c **** *  of this function (or any other function with a baseline updating task) 
 157:Generated_Source\PSoC4/CapSense_Filter.c **** *  without scanning leads to unexpected behavior.
 158:Generated_Source\PSoC4/CapSense_Filter.c **** *
 159:Generated_Source\PSoC4/CapSense_Filter.c **** *  If Self-test library is enabled this function executes baseline duplication
 160:Generated_Source\PSoC4/CapSense_Filter.c **** *  test. Refer to CapSense_CheckBaselineDuplication() for details.
 161:Generated_Source\PSoC4/CapSense_Filter.c **** *
 162:Generated_Source\PSoC4/CapSense_Filter.c **** * \return   
 163:Generated_Source\PSoC4/CapSense_Filter.c **** *  Returns the status of the update baseline operation of all widgets:
 164:Generated_Source\PSoC4/CapSense_Filter.c **** *  - CYRET_SUCCESS if operation was successfully completed
 165:Generated_Source\PSoC4/CapSense_Filter.c **** *  - CYRET_BAD_DATA if baseline processing failed
 166:Generated_Source\PSoC4/CapSense_Filter.c **** *
 167:Generated_Source\PSoC4/CapSense_Filter.c **** *******************************************************************************/
 168:Generated_Source\PSoC4/CapSense_Filter.c **** cystatus CapSense_UpdateAllBaselines(void)
 169:Generated_Source\PSoC4/CapSense_Filter.c **** {
 170:Generated_Source\PSoC4/CapSense_Filter.c ****     uint32 widgetId; 
 171:Generated_Source\PSoC4/CapSense_Filter.c ****     cystatus bslnStatus = CYRET_SUCCESS;
 172:Generated_Source\PSoC4/CapSense_Filter.c ****     
 173:Generated_Source\PSoC4/CapSense_Filter.c ****     for(widgetId = CapSense_TOTAL_WIDGETS; widgetId-- > 0u;)
 174:Generated_Source\PSoC4/CapSense_Filter.c ****     {            
 175:Generated_Source\PSoC4/CapSense_Filter.c ****         bslnStatus |= CapSense_UpdateWidgetBaseline(widgetId);       
 176:Generated_Source\PSoC4/CapSense_Filter.c ****     }      
 177:Generated_Source\PSoC4/CapSense_Filter.c ****     
 178:Generated_Source\PSoC4/CapSense_Filter.c ****     return(bslnStatus);
 179:Generated_Source\PSoC4/CapSense_Filter.c **** }
 180:Generated_Source\PSoC4/CapSense_Filter.c ****   
 181:Generated_Source\PSoC4/CapSense_Filter.c **** 
 182:Generated_Source\PSoC4/CapSense_Filter.c **** /*******************************************************************************
 183:Generated_Source\PSoC4/CapSense_Filter.c **** * Function Name: CapSense_UpdateWidgetBaseline
 184:Generated_Source\PSoC4/CapSense_Filter.c **** ****************************************************************************//**
 185:Generated_Source\PSoC4/CapSense_Filter.c **** *
 186:Generated_Source\PSoC4/CapSense_Filter.c **** * \brief    
 187:Generated_Source\PSoC4/CapSense_Filter.c **** *  Updates the baseline for all sensors in a widget specified by input parameter.
 188:Generated_Source\PSoC4/CapSense_Filter.c **** *
 189:Generated_Source\PSoC4/CapSense_Filter.c **** * \details  
 190:Generated_Source\PSoC4/CapSense_Filter.c **** *  This function performs exactly the same tasks as 
 191:Generated_Source\PSoC4/CapSense_Filter.c **** *  CapSense_UpdateAllBaselines(), but only for a specified widget.
 192:Generated_Source\PSoC4/CapSense_Filter.c **** *  
 193:Generated_Source\PSoC4/CapSense_Filter.c **** *  This function ignores the value of the wdgtEnable register. Multiple calling
 194:Generated_Source\PSoC4/CapSense_Filter.c **** *  of this function (or any other function with a baseline updating task) 
 195:Generated_Source\PSoC4/CapSense_Filter.c **** *  without scanning leads to unexpected behavior.
 196:Generated_Source\PSoC4/CapSense_Filter.c **** *
 197:Generated_Source\PSoC4/CapSense_Filter.c **** *  If Self-test library is enabled this function executes baseline duplication
 198:Generated_Source\PSoC4/CapSense_Filter.c **** *  test. Refer to CapSense_CheckBaselineDuplication() for details.
ARM GAS  C:\Users\Lenovo\AppData\Local\Temp\ccQthNvb.s 			page 6


 199:Generated_Source\PSoC4/CapSense_Filter.c **** *
 200:Generated_Source\PSoC4/CapSense_Filter.c **** * \param widgetId 
 201:Generated_Source\PSoC4/CapSense_Filter.c **** *  Specify the ID number of the widget to update the baseline of all sensors
 202:Generated_Source\PSoC4/CapSense_Filter.c **** *  in the widget.
 203:Generated_Source\PSoC4/CapSense_Filter.c **** *  A macro for the widget ID can be found in the 
 204:Generated_Source\PSoC4/CapSense_Filter.c **** *  CapSense Configuration header file defined as 
 205:Generated_Source\PSoC4/CapSense_Filter.c **** *  CapSense_<WidgetName>_WDGT_ID.
 206:Generated_Source\PSoC4/CapSense_Filter.c **** *
 207:Generated_Source\PSoC4/CapSense_Filter.c **** * \return   
 208:Generated_Source\PSoC4/CapSense_Filter.c **** *  Returns the status of the specified widget update baseline operation:
 209:Generated_Source\PSoC4/CapSense_Filter.c **** *  - CYRET_SUCCESS if operation was successfully completed
 210:Generated_Source\PSoC4/CapSense_Filter.c **** *  - CYRET_BAD_DATA if baseline processing failed
 211:Generated_Source\PSoC4/CapSense_Filter.c **** *
 212:Generated_Source\PSoC4/CapSense_Filter.c **** *******************************************************************************/
 213:Generated_Source\PSoC4/CapSense_Filter.c **** cystatus CapSense_UpdateWidgetBaseline(uint32 widgetId)
 214:Generated_Source\PSoC4/CapSense_Filter.c **** {
 215:Generated_Source\PSoC4/CapSense_Filter.c ****     uint32 sensorId;       
 216:Generated_Source\PSoC4/CapSense_Filter.c ****     uint32 sensorsNumber;  
 217:Generated_Source\PSoC4/CapSense_Filter.c **** 
 218:Generated_Source\PSoC4/CapSense_Filter.c ****     CapSense_FLASH_WD_STRUCT const *ptrWidget = &CapSense_dsFlash.wdgtArray[widgetId];    
 219:Generated_Source\PSoC4/CapSense_Filter.c ****     cystatus bslnStatus = CYRET_SUCCESS;    
 220:Generated_Source\PSoC4/CapSense_Filter.c ****     
 221:Generated_Source\PSoC4/CapSense_Filter.c ****     /* Find total amount of sensors in specified widget */   
 222:Generated_Source\PSoC4/CapSense_Filter.c ****     sensorsNumber = CapSense_GET_SNS_CNT_BY_PTR(ptrWidget);    
 223:Generated_Source\PSoC4/CapSense_Filter.c ****     
 224:Generated_Source\PSoC4/CapSense_Filter.c ****     for(sensorId = sensorsNumber; sensorId-- > 0u;)
 225:Generated_Source\PSoC4/CapSense_Filter.c ****     {
 226:Generated_Source\PSoC4/CapSense_Filter.c ****         bslnStatus |= CapSense_UpdateSensorBaseline(widgetId, sensorId);    
 227:Generated_Source\PSoC4/CapSense_Filter.c ****     }
 228:Generated_Source\PSoC4/CapSense_Filter.c **** 
 229:Generated_Source\PSoC4/CapSense_Filter.c ****     return(bslnStatus);
 230:Generated_Source\PSoC4/CapSense_Filter.c **** }
 231:Generated_Source\PSoC4/CapSense_Filter.c **** 
 232:Generated_Source\PSoC4/CapSense_Filter.c **** 
 233:Generated_Source\PSoC4/CapSense_Filter.c **** /*******************************************************************************
 234:Generated_Source\PSoC4/CapSense_Filter.c **** * Function Name: CapSense_UpdateSensorBaseline
 235:Generated_Source\PSoC4/CapSense_Filter.c **** ****************************************************************************//**
 236:Generated_Source\PSoC4/CapSense_Filter.c **** *
 237:Generated_Source\PSoC4/CapSense_Filter.c **** * \brief    
 238:Generated_Source\PSoC4/CapSense_Filter.c **** *  Updates the baseline for a sensor in a widget specified by input parameters.
 239:Generated_Source\PSoC4/CapSense_Filter.c **** *
 240:Generated_Source\PSoC4/CapSense_Filter.c **** * \details  
 241:Generated_Source\PSoC4/CapSense_Filter.c **** *  This function performs exactly the same tasks as
 242:Generated_Source\PSoC4/CapSense_Filter.c **** *  CapSense_UpdateAllBaselines() and 
 243:Generated_Source\PSoC4/CapSense_Filter.c **** *  CapSense_UpdateWidgetBaseline() but only for a specified sensor.
 244:Generated_Source\PSoC4/CapSense_Filter.c **** *  
 245:Generated_Source\PSoC4/CapSense_Filter.c **** *  This function ignores the value of the wdgtEnable register. Multiple calling 
 246:Generated_Source\PSoC4/CapSense_Filter.c **** *  of this function (or any other function with a baseline updating task) 
 247:Generated_Source\PSoC4/CapSense_Filter.c **** *  without scanning leads to unexpected behavior.
 248:Generated_Source\PSoC4/CapSense_Filter.c **** *
 249:Generated_Source\PSoC4/CapSense_Filter.c **** *  If Self-test library is enabled this function executes baseline duplication
 250:Generated_Source\PSoC4/CapSense_Filter.c **** *  test. Refer to CapSense_CheckBaselineDuplication() for details.
 251:Generated_Source\PSoC4/CapSense_Filter.c **** *
 252:Generated_Source\PSoC4/CapSense_Filter.c **** * \param   widgetId 
 253:Generated_Source\PSoC4/CapSense_Filter.c **** *  Specify the ID number of the widget to update the baseline of the sensor 
 254:Generated_Source\PSoC4/CapSense_Filter.c **** *  specified by the sensorId argument.
 255:Generated_Source\PSoC4/CapSense_Filter.c **** *  A macro for the widget ID can be found in the CapSense Configuration header 
ARM GAS  C:\Users\Lenovo\AppData\Local\Temp\ccQthNvb.s 			page 7


 256:Generated_Source\PSoC4/CapSense_Filter.c **** *  file defined as CapSense_<WidgetName>_WDGT_ID. 
 257:Generated_Source\PSoC4/CapSense_Filter.c **** *
 258:Generated_Source\PSoC4/CapSense_Filter.c **** * \param   sensorId 
 259:Generated_Source\PSoC4/CapSense_Filter.c **** *  Specify the ID number of the sensor within the widget to update its baseline.
 260:Generated_Source\PSoC4/CapSense_Filter.c **** *  A macro for the sensor ID within a specified widget can be found in the 
 261:Generated_Source\PSoC4/CapSense_Filter.c **** *  CapSense Configuration header file defined as 
 262:Generated_Source\PSoC4/CapSense_Filter.c **** *  CapSense_<WidgetName>_SNS<SensorNumber>_ID
 263:Generated_Source\PSoC4/CapSense_Filter.c **** *
 264:Generated_Source\PSoC4/CapSense_Filter.c **** * \return   
 265:Generated_Source\PSoC4/CapSense_Filter.c **** *  Returns the status of the specified sensor update baseline operation:
 266:Generated_Source\PSoC4/CapSense_Filter.c **** *  - CYRET_SUCCESS if operation was successfully completed
 267:Generated_Source\PSoC4/CapSense_Filter.c **** *  - CYRET_BAD_DATA if baseline processing failed
 268:Generated_Source\PSoC4/CapSense_Filter.c **** *
 269:Generated_Source\PSoC4/CapSense_Filter.c **** *******************************************************************************/
 270:Generated_Source\PSoC4/CapSense_Filter.c **** cystatus CapSense_UpdateSensorBaseline(uint32 widgetId, uint32 sensorId)
 271:Generated_Source\PSoC4/CapSense_Filter.c **** {    
 272:Generated_Source\PSoC4/CapSense_Filter.c ****     uint32 result = CYRET_SUCCESS;
 273:Generated_Source\PSoC4/CapSense_Filter.c ****     
 274:Generated_Source\PSoC4/CapSense_Filter.c ****     CapSense_RAM_SNS_STRUCT *ptrSensor = NULL;    
 275:Generated_Source\PSoC4/CapSense_Filter.c ****     CapSense_FLASH_WD_STRUCT const *ptrWidget = &CapSense_dsFlash.wdgtArray[widgetId];    
 276:Generated_Source\PSoC4/CapSense_Filter.c ****     CapSense_RAM_WD_BASE_STRUCT *ptrWidgetRam = ptrWidget->ptr2WdgtRam;   
 277:Generated_Source\PSoC4/CapSense_Filter.c **** 
 278:Generated_Source\PSoC4/CapSense_Filter.c ****     /* Find pointer to specified sensor object */     
 279:Generated_Source\PSoC4/CapSense_Filter.c ****     ptrSensor = ptrWidget->ptr2SnsRam;
 280:Generated_Source\PSoC4/CapSense_Filter.c ****     ptrSensor = &ptrSensor[sensorId];
 281:Generated_Source\PSoC4/CapSense_Filter.c ****     result = CapSense_FtUpdateBaseline(ptrWidgetRam, ptrSensor, (uint32)ptrWidget->wdgtType);
 282:Generated_Source\PSoC4/CapSense_Filter.c ****     
 283:Generated_Source\PSoC4/CapSense_Filter.c ****     #if (CapSense_ENABLE == CapSense_TST_BSLN_DUPLICATION_EN)
 284:Generated_Source\PSoC4/CapSense_Filter.c ****         if (CYRET_SUCCESS != result)
 285:Generated_Source\PSoC4/CapSense_Filter.c ****         {
 286:Generated_Source\PSoC4/CapSense_Filter.c ****             result = CYRET_BAD_DATA;
 287:Generated_Source\PSoC4/CapSense_Filter.c ****             CapSense_UpdateTestResultBaselineDuplication(widgetId, sensorId);           
 288:Generated_Source\PSoC4/CapSense_Filter.c ****         }
 289:Generated_Source\PSoC4/CapSense_Filter.c ****     #endif /* (CapSense_ENABLE == CapSense_TST_BSLN_DUPLICATION_EN) */
 290:Generated_Source\PSoC4/CapSense_Filter.c **** 
 291:Generated_Source\PSoC4/CapSense_Filter.c ****     return result;
 292:Generated_Source\PSoC4/CapSense_Filter.c **** }
 293:Generated_Source\PSoC4/CapSense_Filter.c **** 
 294:Generated_Source\PSoC4/CapSense_Filter.c **** /*******************************************************************************
 295:Generated_Source\PSoC4/CapSense_Filter.c **** * Function Name: CapSense_FtUpdateBaseline
 296:Generated_Source\PSoC4/CapSense_Filter.c **** ****************************************************************************//**
 297:Generated_Source\PSoC4/CapSense_Filter.c **** *
 298:Generated_Source\PSoC4/CapSense_Filter.c **** * \brief
 299:Generated_Source\PSoC4/CapSense_Filter.c **** *  Updates the baseline for a sensor specified by an input parameter.
 300:Generated_Source\PSoC4/CapSense_Filter.c **** *
 301:Generated_Source\PSoC4/CapSense_Filter.c **** * \details
 302:Generated_Source\PSoC4/CapSense_Filter.c **** *  Check a matching of present baseline and its inverse duplication. If they 
 303:Generated_Source\PSoC4/CapSense_Filter.c **** *  match then updates the baseline for a sensor specified by an input parameter.  
 304:Generated_Source\PSoC4/CapSense_Filter.c **** *  If don't match the function return CapSense_TST_BSLN_DUPLICATION
 305:Generated_Source\PSoC4/CapSense_Filter.c **** *  result and don't update baseline.
 306:Generated_Source\PSoC4/CapSense_Filter.c **** *
 307:Generated_Source\PSoC4/CapSense_Filter.c **** * \param    ptrWidgetRam
 308:Generated_Source\PSoC4/CapSense_Filter.c **** *  The pointer to the widget RAM structure where all the widget parameters
 309:Generated_Source\PSoC4/CapSense_Filter.c **** *  are stored.
 310:Generated_Source\PSoC4/CapSense_Filter.c **** *
 311:Generated_Source\PSoC4/CapSense_Filter.c **** * \param    ptrSensor
 312:Generated_Source\PSoC4/CapSense_Filter.c **** *  The pointer to the sensor RAM structure where all the sensor parameters
ARM GAS  C:\Users\Lenovo\AppData\Local\Temp\ccQthNvb.s 			page 8


 313:Generated_Source\PSoC4/CapSense_Filter.c **** *  are stored.
 314:Generated_Source\PSoC4/CapSense_Filter.c **** *
 315:Generated_Source\PSoC4/CapSense_Filter.c **** * \param    wdType
 316:Generated_Source\PSoC4/CapSense_Filter.c **** *  Specifies the type of a widget.
 317:Generated_Source\PSoC4/CapSense_Filter.c **** *
 318:Generated_Source\PSoC4/CapSense_Filter.c **** * \return   
 319:Generated_Source\PSoC4/CapSense_Filter.c **** *  Returns a status indicating whether the baseline has been updated:
 320:Generated_Source\PSoC4/CapSense_Filter.c **** *  - CYRET_SUCCESS if baseline updating was successful;
 321:Generated_Source\PSoC4/CapSense_Filter.c **** *  - CapSense_PROCESS_BASELINE_FAILED if present sensor's any channel
 322:Generated_Source\PSoC4/CapSense_Filter.c **** *    baseline and its inversion doesn't matched
 323:Generated_Source\PSoC4/CapSense_Filter.c **** *
 324:Generated_Source\PSoC4/CapSense_Filter.c **** *******************************************************************************/
 325:Generated_Source\PSoC4/CapSense_Filter.c **** uint32 CapSense_FtUpdateBaseline(
 326:Generated_Source\PSoC4/CapSense_Filter.c ****                                 CapSense_RAM_WD_BASE_STRUCT *ptrWidgetRam,
 327:Generated_Source\PSoC4/CapSense_Filter.c ****                                 CapSense_RAM_SNS_STRUCT *ptrSensor, 
 328:Generated_Source\PSoC4/CapSense_Filter.c ****                                 uint32 wdType)
 329:Generated_Source\PSoC4/CapSense_Filter.c **** {         
 330:Generated_Source\PSoC4/CapSense_Filter.c ****     uint32 sign;
 331:Generated_Source\PSoC4/CapSense_Filter.c ****     uint32 difference;        
 332:Generated_Source\PSoC4/CapSense_Filter.c ****     uint32 channel;
 333:Generated_Source\PSoC4/CapSense_Filter.c ****     uint32 bslnCoeff;
 334:Generated_Source\PSoC4/CapSense_Filter.c ****     uint32 result = CYRET_SUCCESS;
 335:Generated_Source\PSoC4/CapSense_Filter.c ****     
 336:Generated_Source\PSoC4/CapSense_Filter.c ****     #if (CapSense_TOTAL_WIDGETS)  
 337:Generated_Source\PSoC4/CapSense_Filter.c ****         uint32 history;
 338:Generated_Source\PSoC4/CapSense_Filter.c ****     #endif /* (CapSense_TOTAL_WIDGETS) */    
 339:Generated_Source\PSoC4/CapSense_Filter.c ****     
 340:Generated_Source\PSoC4/CapSense_Filter.c ****     /* Apply baseline to every channel in sensor */
 341:Generated_Source\PSoC4/CapSense_Filter.c ****     for(channel = CapSense_NUM_SCAN_FREQS; channel-- > 0u;) 
 342:Generated_Source\PSoC4/CapSense_Filter.c ****     {               
 343:Generated_Source\PSoC4/CapSense_Filter.c ****         #if (CapSense_ENABLE == CapSense_TST_BSLN_DUPLICATION_EN)
 344:Generated_Source\PSoC4/CapSense_Filter.c ****             if (ptrSensor->bslnInv[channel] != ((uint16) ~(ptrSensor->bsln[channel])))
 345:Generated_Source\PSoC4/CapSense_Filter.c ****             {
 346:Generated_Source\PSoC4/CapSense_Filter.c ****                 result = CapSense_PROCESS_BASELINE_FAILED;
 347:Generated_Source\PSoC4/CapSense_Filter.c ****             }
 348:Generated_Source\PSoC4/CapSense_Filter.c ****             else
 349:Generated_Source\PSoC4/CapSense_Filter.c ****             {
 350:Generated_Source\PSoC4/CapSense_Filter.c ****         #endif /* (CapSense_ENABLE == CapSense_TST_BSLN_DUPLICATION_EN) */
 351:Generated_Source\PSoC4/CapSense_Filter.c **** 
 352:Generated_Source\PSoC4/CapSense_Filter.c ****         /* Calculate signal value and its sign */
 353:Generated_Source\PSoC4/CapSense_Filter.c ****         if(ptrSensor->raw[channel] >= ptrSensor->bsln[channel])
 354:Generated_Source\PSoC4/CapSense_Filter.c ****         {
 355:Generated_Source\PSoC4/CapSense_Filter.c ****             difference = (uint32)ptrSensor->raw[channel] - (uint32)ptrSensor->bsln[channel];
 356:Generated_Source\PSoC4/CapSense_Filter.c ****             sign = 1u;
 357:Generated_Source\PSoC4/CapSense_Filter.c ****             ptrSensor->negBslnRstCnt[channel] = 0u;
 358:Generated_Source\PSoC4/CapSense_Filter.c ****         }
 359:Generated_Source\PSoC4/CapSense_Filter.c ****         else
 360:Generated_Source\PSoC4/CapSense_Filter.c ****         {
 361:Generated_Source\PSoC4/CapSense_Filter.c ****             difference = (uint32)ptrSensor->bsln[channel] - (uint32)ptrSensor->raw[channel];
 362:Generated_Source\PSoC4/CapSense_Filter.c ****             sign = 0u;
 363:Generated_Source\PSoC4/CapSense_Filter.c ****         }     
 364:Generated_Source\PSoC4/CapSense_Filter.c ****         
 365:Generated_Source\PSoC4/CapSense_Filter.c ****         /* Reset baseline if condition is met */ 
 366:Generated_Source\PSoC4/CapSense_Filter.c ****         if((sign == 0u) && (difference > (uint32) ptrWidgetRam->nNoiseTh))
 367:Generated_Source\PSoC4/CapSense_Filter.c ****         {
 368:Generated_Source\PSoC4/CapSense_Filter.c ****             if(ptrSensor->negBslnRstCnt[channel] >= ptrWidgetRam->lowBslnRst)
 369:Generated_Source\PSoC4/CapSense_Filter.c ****             {                
ARM GAS  C:\Users\Lenovo\AppData\Local\Temp\ccQthNvb.s 			page 9


 370:Generated_Source\PSoC4/CapSense_Filter.c ****                 CapSense_FtInitializeBaselineChannel(ptrSensor, wdType, channel);             
 371:Generated_Source\PSoC4/CapSense_Filter.c ****             }
 372:Generated_Source\PSoC4/CapSense_Filter.c ****             else
 373:Generated_Source\PSoC4/CapSense_Filter.c ****             {
 374:Generated_Source\PSoC4/CapSense_Filter.c ****                 ptrSensor->negBslnRstCnt[channel]++;
 375:Generated_Source\PSoC4/CapSense_Filter.c ****             }
 376:Generated_Source\PSoC4/CapSense_Filter.c ****         }
 377:Generated_Source\PSoC4/CapSense_Filter.c ****         else
 378:Generated_Source\PSoC4/CapSense_Filter.c ****         {
 379:Generated_Source\PSoC4/CapSense_Filter.c ****             #if (!CapSense_SENSOR_AUTO_RESET_EN)
 380:Generated_Source\PSoC4/CapSense_Filter.c ****                 /* Update baseline only if signal is in range between noiseThreshold and negativeno
 381:Generated_Source\PSoC4/CapSense_Filter.c ****                 if ((difference <= (uint32)ptrWidgetRam->noiseTh) ||
 382:Generated_Source\PSoC4/CapSense_Filter.c ****                     ((difference < (uint32) ptrWidgetRam->nNoiseTh) && (sign == 0u)))
 383:Generated_Source\PSoC4/CapSense_Filter.c ****                 {
 384:Generated_Source\PSoC4/CapSense_Filter.c ****             #endif /* (CapSense_CSD_AUTO_RESET == CapSense_CSD_AUTO_RESET_DISABLE) */
 385:Generated_Source\PSoC4/CapSense_Filter.c ****             
 386:Generated_Source\PSoC4/CapSense_Filter.c ****             #if (CapSense_BASELINE_TYPE == CapSense_IIR_BASELINE)  
 387:Generated_Source\PSoC4/CapSense_Filter.c ****                 /* Calculate baseline value */
 388:Generated_Source\PSoC4/CapSense_Filter.c ****                 if ((CapSense_WD_TYPE_ENUM)wdType != CapSense_WD_PROXIMITY_E)
 389:Generated_Source\PSoC4/CapSense_Filter.c ****                 {
 390:Generated_Source\PSoC4/CapSense_Filter.c ****                     #if (CapSense_REGULAR_SENSOR_EN) 
 391:Generated_Source\PSoC4/CapSense_Filter.c ****                         #if (CapSense_REGULAR_IIR_BL_TYPE == CapSense_IIR_FILTER_PERFORMANCE)      
 392:Generated_Source\PSoC4/CapSense_Filter.c ****                             history = (uint32) ptrSensor->bsln[channel] << 8u; 
 393:Generated_Source\PSoC4/CapSense_Filter.c ****                             history |= ptrSensor->bslnExt[channel];
 394:Generated_Source\PSoC4/CapSense_Filter.c ****                         #else
 395:Generated_Source\PSoC4/CapSense_Filter.c ****                             history = ptrSensor->bsln[channel];                                    
 396:Generated_Source\PSoC4/CapSense_Filter.c ****                         #endif /* (CapSense_REGULAR_IIR_BL_TYPE == CapSense_IIR_FILTER_PERFORMANCE)
 397:Generated_Source\PSoC4/CapSense_Filter.c ****                     
 398:Generated_Source\PSoC4/CapSense_Filter.c ****                         #if (CapSense_ENABLE == CapSense_WD_BSLN_COEFF_EN)
 399:Generated_Source\PSoC4/CapSense_Filter.c ****                             bslnCoeff = ptrWidgetRam->bslnCoeff;
 400:Generated_Source\PSoC4/CapSense_Filter.c ****                         #else /* (CapSense_ENABLE == CapSense_WD_BSLN_COEFF_EN) */
 401:Generated_Source\PSoC4/CapSense_Filter.c ****                             bslnCoeff = CapSense_REGULAR_IIR_BL_N;
 402:Generated_Source\PSoC4/CapSense_Filter.c ****                         #endif /* (CapSense_ENABLE == CapSense_WD_BSLN_COEFF_EN) */
 403:Generated_Source\PSoC4/CapSense_Filter.c ****                         
 404:Generated_Source\PSoC4/CapSense_Filter.c ****                         history =  CapSense_FtIIR1stOrder(
 405:Generated_Source\PSoC4/CapSense_Filter.c ****                                         (uint32)ptrSensor->raw[channel],
 406:Generated_Source\PSoC4/CapSense_Filter.c ****                                         history, bslnCoeff, 
 407:Generated_Source\PSoC4/CapSense_Filter.c ****                                         CapSense_REGULAR_IIR_BL_SHIFT);
 408:Generated_Source\PSoC4/CapSense_Filter.c ****                                                    
 409:Generated_Source\PSoC4/CapSense_Filter.c ****                         #if (CapSense_REGULAR_IIR_BL_TYPE == CapSense_IIR_FILTER_PERFORMANCE)      
 410:Generated_Source\PSoC4/CapSense_Filter.c ****                             ptrSensor->bsln[channel] = LO16(history >> 8u);
 411:Generated_Source\PSoC4/CapSense_Filter.c ****                             ptrSensor->bslnExt[channel] = LO8(history);
 412:Generated_Source\PSoC4/CapSense_Filter.c ****                         #else
 413:Generated_Source\PSoC4/CapSense_Filter.c ****                             ptrSensor->bsln[channel] = LO16(history);
 414:Generated_Source\PSoC4/CapSense_Filter.c ****                         #endif /* (CapSense_REGULAR_IIR_BL_TYPE == CapSense_IIR_FILTER_PERFORMANCE)
 415:Generated_Source\PSoC4/CapSense_Filter.c ****                     #endif /* (CapSense_REGULAR_SENSOR_EN) */
 416:Generated_Source\PSoC4/CapSense_Filter.c ****                 }
 417:Generated_Source\PSoC4/CapSense_Filter.c ****                 else 
 418:Generated_Source\PSoC4/CapSense_Filter.c ****                 {
 419:Generated_Source\PSoC4/CapSense_Filter.c ****                     #if (CapSense_PROXIMITY_SENSOR_EN)     
 420:Generated_Source\PSoC4/CapSense_Filter.c ****                         #if (CapSense_PROX_IIR_BL_TYPE == CapSense_IIR_FILTER_PERFORMANCE)         
 421:Generated_Source\PSoC4/CapSense_Filter.c ****                             history = (uint32) ptrSensor->bsln[channel] << 8u; 
 422:Generated_Source\PSoC4/CapSense_Filter.c ****                             history |= ptrSensor->bslnExt[channel];
 423:Generated_Source\PSoC4/CapSense_Filter.c ****                         #else
 424:Generated_Source\PSoC4/CapSense_Filter.c ****                             history = (uint32) ptrSensor->bsln[channel];                           
 425:Generated_Source\PSoC4/CapSense_Filter.c ****                         #endif /* (CapSense_PROX_IIR_BL_TYPE == CapSense_IIR_FILTER_PERFORMANCE) */
 426:Generated_Source\PSoC4/CapSense_Filter.c ****                         
ARM GAS  C:\Users\Lenovo\AppData\Local\Temp\ccQthNvb.s 			page 10


 427:Generated_Source\PSoC4/CapSense_Filter.c ****                         #if (CapSense_ENABLE == CapSense_WD_BSLN_COEFF_EN)
 428:Generated_Source\PSoC4/CapSense_Filter.c ****                             bslnCoeff = ptrWidgetRam->bslnCoeff;
 429:Generated_Source\PSoC4/CapSense_Filter.c ****                         #else /* (CapSense_ENABLE == CapSense_WD_BSLN_COEFF_EN) */
 430:Generated_Source\PSoC4/CapSense_Filter.c ****                             bslnCoeff = CapSense_PROX_IIR_BL_N;
 431:Generated_Source\PSoC4/CapSense_Filter.c ****                         #endif /* (CapSense_ENABLE == CapSense_WD_BSLN_COEFF_EN) */
 432:Generated_Source\PSoC4/CapSense_Filter.c ****                         
 433:Generated_Source\PSoC4/CapSense_Filter.c ****                         history = CapSense_FtIIR1stOrder(
 434:Generated_Source\PSoC4/CapSense_Filter.c ****                                         (uint32)ptrSensor->raw[channel], 
 435:Generated_Source\PSoC4/CapSense_Filter.c ****                                         history, bslnCoeff,
 436:Generated_Source\PSoC4/CapSense_Filter.c ****                                         CapSense_PROX_IIR_BL_SHIFT);
 437:Generated_Source\PSoC4/CapSense_Filter.c ****                         
 438:Generated_Source\PSoC4/CapSense_Filter.c ****                         #if (CapSense_PROX_IIR_BL_TYPE == CapSense_IIR_FILTER_PERFORMANCE)         
 439:Generated_Source\PSoC4/CapSense_Filter.c ****                             ptrSensor->bsln[channel] = LO16(history >> 8u);
 440:Generated_Source\PSoC4/CapSense_Filter.c ****                             ptrSensor->bslnExt[channel] = LO8(history);
 441:Generated_Source\PSoC4/CapSense_Filter.c ****                         #else
 442:Generated_Source\PSoC4/CapSense_Filter.c ****                             ptrSensor->bsln[channel] = LO16(history);
 443:Generated_Source\PSoC4/CapSense_Filter.c ****                         #endif /* (CapSense_PROX_IIR_BL_TYPE == CapSense_IIR_FILTER_PERFORMANCE) */
 444:Generated_Source\PSoC4/CapSense_Filter.c ****                     #endif /* (CapSense_PROX_SENSOR_EN)   */
 445:Generated_Source\PSoC4/CapSense_Filter.c ****                 }
 446:Generated_Source\PSoC4/CapSense_Filter.c ****             #else /* (CapSense_CSD_BASELINE_TYPE == CapSense_IIR_BASELINE)  */
 447:Generated_Source\PSoC4/CapSense_Filter.c ****                 
 448:Generated_Source\PSoC4/CapSense_Filter.c ****                 /******************************************************************
 449:Generated_Source\PSoC4/CapSense_Filter.c ****                 * This is the place where the bucket algorithm should be implemented.
 450:Generated_Source\PSoC4/CapSense_Filter.c ****                 * The bucket method will be implemented in future component version.
 451:Generated_Source\PSoC4/CapSense_Filter.c ****                 *******************************************************************/
 452:Generated_Source\PSoC4/CapSense_Filter.c ****                 
 453:Generated_Source\PSoC4/CapSense_Filter.c ****             #endif /* (CapSense_CSD_BASELINE_TYPE == CapSense_IIR_BASELINE)  */
 454:Generated_Source\PSoC4/CapSense_Filter.c ****                     
 455:Generated_Source\PSoC4/CapSense_Filter.c ****             #if (!CapSense_SENSOR_AUTO_RESET_EN)
 456:Generated_Source\PSoC4/CapSense_Filter.c ****                 }
 457:Generated_Source\PSoC4/CapSense_Filter.c ****             #endif /* (!CapSense_SENSOR_AUTO_RESET_EN) */
 458:Generated_Source\PSoC4/CapSense_Filter.c ****         }
 459:Generated_Source\PSoC4/CapSense_Filter.c ****                 
 460:Generated_Source\PSoC4/CapSense_Filter.c ****         #if (CapSense_ENABLE == CapSense_TST_BSLN_DUPLICATION_EN)
 461:Generated_Source\PSoC4/CapSense_Filter.c ****             /* Update baseline inversion of every channel in sensor */    
 462:Generated_Source\PSoC4/CapSense_Filter.c ****             ptrSensor->bslnInv[channel] = ~(ptrSensor->bsln[channel]);
 463:Generated_Source\PSoC4/CapSense_Filter.c ****             }
 464:Generated_Source\PSoC4/CapSense_Filter.c ****         #endif /* (CapSense_ENABLE == CapSense_TST_BSLN_DUPLICATION_EN) */
 465:Generated_Source\PSoC4/CapSense_Filter.c **** 
 466:Generated_Source\PSoC4/CapSense_Filter.c ****     }
 467:Generated_Source\PSoC4/CapSense_Filter.c ****     return result;    
 468:Generated_Source\PSoC4/CapSense_Filter.c **** }
 469:Generated_Source\PSoC4/CapSense_Filter.c **** 
 470:Generated_Source\PSoC4/CapSense_Filter.c **** 
 471:Generated_Source\PSoC4/CapSense_Filter.c **** /*******************************************************************************
 472:Generated_Source\PSoC4/CapSense_Filter.c **** * Function Name: CapSense_InitializeAllBaselines
 473:Generated_Source\PSoC4/CapSense_Filter.c **** ****************************************************************************//**
 474:Generated_Source\PSoC4/CapSense_Filter.c **** *
 475:Generated_Source\PSoC4/CapSense_Filter.c **** * \brief    
 476:Generated_Source\PSoC4/CapSense_Filter.c **** *  Initializes (or re-initialize) the baseline of all sensors of all widgets.
 477:Generated_Source\PSoC4/CapSense_Filter.c **** *
 478:Generated_Source\PSoC4/CapSense_Filter.c **** * \details  
 479:Generated_Source\PSoC4/CapSense_Filter.c **** *  Initializes the baseline for all sensors of all widgets. Also, this function
 480:Generated_Source\PSoC4/CapSense_Filter.c **** *  can be used to re-initialize baselines. CapSense_Start() calls this 
 481:Generated_Source\PSoC4/CapSense_Filter.c **** *  API as part of CapSense operation initialization.
 482:Generated_Source\PSoC4/CapSense_Filter.c **** *
 483:Generated_Source\PSoC4/CapSense_Filter.c **** *******************************************************************************/
ARM GAS  C:\Users\Lenovo\AppData\Local\Temp\ccQthNvb.s 			page 11


 484:Generated_Source\PSoC4/CapSense_Filter.c **** void CapSense_InitializeAllBaselines(void)
 485:Generated_Source\PSoC4/CapSense_Filter.c **** {
 486:Generated_Source\PSoC4/CapSense_Filter.c ****     uint32 widgetId;    
 487:Generated_Source\PSoC4/CapSense_Filter.c ****     
 488:Generated_Source\PSoC4/CapSense_Filter.c ****     for(widgetId = CapSense_TOTAL_WIDGETS; widgetId-- > 0u;)
 489:Generated_Source\PSoC4/CapSense_Filter.c ****     {
 490:Generated_Source\PSoC4/CapSense_Filter.c ****         CapSense_InitializeWidgetBaseline(widgetId); 
 491:Generated_Source\PSoC4/CapSense_Filter.c ****     }
 492:Generated_Source\PSoC4/CapSense_Filter.c **** }
 493:Generated_Source\PSoC4/CapSense_Filter.c **** 
 494:Generated_Source\PSoC4/CapSense_Filter.c **** 
 495:Generated_Source\PSoC4/CapSense_Filter.c **** /*******************************************************************************
 496:Generated_Source\PSoC4/CapSense_Filter.c **** * Function Name: CapSense_InitializeWidgetBaseline
 497:Generated_Source\PSoC4/CapSense_Filter.c **** ****************************************************************************//**
 498:Generated_Source\PSoC4/CapSense_Filter.c **** *
 499:Generated_Source\PSoC4/CapSense_Filter.c **** * \brief    
 500:Generated_Source\PSoC4/CapSense_Filter.c **** *  Initializes (or re-initialize) the baseline of all sensors in a widget 
 501:Generated_Source\PSoC4/CapSense_Filter.c **** *  specified by input parameter. 
 502:Generated_Source\PSoC4/CapSense_Filter.c **** *
 503:Generated_Source\PSoC4/CapSense_Filter.c **** * \details  
 504:Generated_Source\PSoC4/CapSense_Filter.c **** *  Initializes (or re-initializes) the baseline for all sensors of the 
 505:Generated_Source\PSoC4/CapSense_Filter.c **** *  specified widget.
 506:Generated_Source\PSoC4/CapSense_Filter.c **** *
 507:Generated_Source\PSoC4/CapSense_Filter.c **** * \param  widgetId 
 508:Generated_Source\PSoC4/CapSense_Filter.c **** *  Specify the ID number of a widget to initialize the baseline of all sensors
 509:Generated_Source\PSoC4/CapSense_Filter.c **** *  in the widget. 
 510:Generated_Source\PSoC4/CapSense_Filter.c **** *  A macro for the widget ID can be found in the 
 511:Generated_Source\PSoC4/CapSense_Filter.c **** *  CapSense Configuration header file defined as 
 512:Generated_Source\PSoC4/CapSense_Filter.c **** *  CapSense_<WidgetName>_WDGT_ID.
 513:Generated_Source\PSoC4/CapSense_Filter.c **** *
 514:Generated_Source\PSoC4/CapSense_Filter.c **** *******************************************************************************/
 515:Generated_Source\PSoC4/CapSense_Filter.c **** void CapSense_InitializeWidgetBaseline(uint32 widgetId)
 516:Generated_Source\PSoC4/CapSense_Filter.c **** {   
 517:Generated_Source\PSoC4/CapSense_Filter.c ****     uint32 sensorId;
 518:Generated_Source\PSoC4/CapSense_Filter.c ****     uint32 sensorsNumber;
 519:Generated_Source\PSoC4/CapSense_Filter.c ****   
 520:Generated_Source\PSoC4/CapSense_Filter.c ****     CapSense_FLASH_WD_STRUCT const *ptrWidget = &CapSense_dsFlash.wdgtArray[widgetId];
 521:Generated_Source\PSoC4/CapSense_Filter.c **** 
 522:Generated_Source\PSoC4/CapSense_Filter.c ****     /* Find total amount of sensors in specified widget */   
 523:Generated_Source\PSoC4/CapSense_Filter.c ****     sensorsNumber = CapSense_GET_SNS_CNT_BY_PTR(ptrWidget);    
 524:Generated_Source\PSoC4/CapSense_Filter.c ****     
 525:Generated_Source\PSoC4/CapSense_Filter.c ****     for(sensorId = sensorsNumber; sensorId-- > 0u;)
 526:Generated_Source\PSoC4/CapSense_Filter.c ****     {
 527:Generated_Source\PSoC4/CapSense_Filter.c ****         CapSense_InitializeSensorBaseline(widgetId, sensorId);   
 528:Generated_Source\PSoC4/CapSense_Filter.c ****     }
 529:Generated_Source\PSoC4/CapSense_Filter.c **** }
 530:Generated_Source\PSoC4/CapSense_Filter.c **** 
 531:Generated_Source\PSoC4/CapSense_Filter.c **** 
 532:Generated_Source\PSoC4/CapSense_Filter.c **** /*******************************************************************************
 533:Generated_Source\PSoC4/CapSense_Filter.c **** * Function Name: CapSense_InitializeSensorBaseline
 534:Generated_Source\PSoC4/CapSense_Filter.c **** ****************************************************************************//**
 535:Generated_Source\PSoC4/CapSense_Filter.c **** *
 536:Generated_Source\PSoC4/CapSense_Filter.c **** * \brief
 537:Generated_Source\PSoC4/CapSense_Filter.c **** *  Initializes (or re-initialize) the baseline of a sensor in a widget specified
 538:Generated_Source\PSoC4/CapSense_Filter.c **** *  by input parameters.
 539:Generated_Source\PSoC4/CapSense_Filter.c **** *
 540:Generated_Source\PSoC4/CapSense_Filter.c **** * \details  
ARM GAS  C:\Users\Lenovo\AppData\Local\Temp\ccQthNvb.s 			page 12


 541:Generated_Source\PSoC4/CapSense_Filter.c **** *  Initializes (or re-initializes) the baseline for a specified sensor within
 542:Generated_Source\PSoC4/CapSense_Filter.c **** *  a specified widget.
 543:Generated_Source\PSoC4/CapSense_Filter.c **** *
 544:Generated_Source\PSoC4/CapSense_Filter.c **** * \param    widgetId 
 545:Generated_Source\PSoC4/CapSense_Filter.c **** *  Specify the ID number of a widget to initialize the baseline of all sensors
 546:Generated_Source\PSoC4/CapSense_Filter.c **** *  in the widget.
 547:Generated_Source\PSoC4/CapSense_Filter.c **** *  A macro for the widget ID can be found in the 
 548:Generated_Source\PSoC4/CapSense_Filter.c **** *  CapSense Configuration header file defined as 
 549:Generated_Source\PSoC4/CapSense_Filter.c **** *  CapSense_<WidgetName>_WDGT_ID.
 550:Generated_Source\PSoC4/CapSense_Filter.c **** *  
 551:Generated_Source\PSoC4/CapSense_Filter.c **** * \param    sensorId 
 552:Generated_Source\PSoC4/CapSense_Filter.c **** *  Specify the ID number of the sensor within the widget to initialize its 
 553:Generated_Source\PSoC4/CapSense_Filter.c **** *  baseline.
 554:Generated_Source\PSoC4/CapSense_Filter.c **** *  A macro for the sensor ID within a specified widget can be found in the 
 555:Generated_Source\PSoC4/CapSense_Filter.c **** *  CapSense Configuration header file defined as 
 556:Generated_Source\PSoC4/CapSense_Filter.c **** *  CapSense_<WidgetName>_SNS<SensorNumber>_ID
 557:Generated_Source\PSoC4/CapSense_Filter.c **** *
 558:Generated_Source\PSoC4/CapSense_Filter.c **** *******************************************************************************/
 559:Generated_Source\PSoC4/CapSense_Filter.c **** void CapSense_InitializeSensorBaseline(uint32 widgetId, uint32 sensorId)
 560:Generated_Source\PSoC4/CapSense_Filter.c **** {      
 561:Generated_Source\PSoC4/CapSense_Filter.c ****     CapSense_RAM_SNS_STRUCT *ptrSensor = NULL;    
 562:Generated_Source\PSoC4/CapSense_Filter.c ****     CapSense_FLASH_WD_STRUCT const *ptrWidget = NULL;
 563:Generated_Source\PSoC4/CapSense_Filter.c ****     ptrWidget = &CapSense_dsFlash.wdgtArray[widgetId];
 564:Generated_Source\PSoC4/CapSense_Filter.c **** 
 565:Generated_Source\PSoC4/CapSense_Filter.c ****     /* Find pointer to specified sensor object */     
 566:Generated_Source\PSoC4/CapSense_Filter.c ****     ptrSensor = ptrWidget->ptr2SnsRam;
 567:Generated_Source\PSoC4/CapSense_Filter.c ****     ptrSensor = &ptrSensor[sensorId];
 568:Generated_Source\PSoC4/CapSense_Filter.c **** 
 569:Generated_Source\PSoC4/CapSense_Filter.c ****     CapSense_FtInitializeBaseline(ptrSensor, (uint32)ptrWidget->wdgtType);
 570:Generated_Source\PSoC4/CapSense_Filter.c **** }
 571:Generated_Source\PSoC4/CapSense_Filter.c **** 
 572:Generated_Source\PSoC4/CapSense_Filter.c **** 
 573:Generated_Source\PSoC4/CapSense_Filter.c **** /*******************************************************************************
 574:Generated_Source\PSoC4/CapSense_Filter.c **** * Function Name: CapSense_FtInitializeBaseline
 575:Generated_Source\PSoC4/CapSense_Filter.c **** ****************************************************************************//**
 576:Generated_Source\PSoC4/CapSense_Filter.c **** *
 577:Generated_Source\PSoC4/CapSense_Filter.c **** * \brief    Initializes the baseline history for a sensor indicated by an input
 578:Generated_Source\PSoC4/CapSense_Filter.c **** *           parameter.
 579:Generated_Source\PSoC4/CapSense_Filter.c **** *
 580:Generated_Source\PSoC4/CapSense_Filter.c **** * \details  Initializes the baseline history for a sensor indicated by an input
 581:Generated_Source\PSoC4/CapSense_Filter.c **** *           parameter.
 582:Generated_Source\PSoC4/CapSense_Filter.c **** *
 583:Generated_Source\PSoC4/CapSense_Filter.c **** * \param    *ptrSensor The pointer to the sensor RAM object.
 584:Generated_Source\PSoC4/CapSense_Filter.c **** * \param    wdType     Specifies the type of a widget.
 585:Generated_Source\PSoC4/CapSense_Filter.c **** *
 586:Generated_Source\PSoC4/CapSense_Filter.c **** *******************************************************************************/
 587:Generated_Source\PSoC4/CapSense_Filter.c **** CY_INLINE void CapSense_FtInitializeBaseline(CapSense_RAM_SNS_STRUCT *ptrSensor, uint32 wdType) 
 588:Generated_Source\PSoC4/CapSense_Filter.c **** {
 589:Generated_Source\PSoC4/CapSense_Filter.c ****     uint32 channel;
 590:Generated_Source\PSoC4/CapSense_Filter.c **** 
 591:Generated_Source\PSoC4/CapSense_Filter.c ****     /* Apply baseline initialization to every channel in sensor */    
 592:Generated_Source\PSoC4/CapSense_Filter.c ****     for(channel = CapSense_NUM_SCAN_FREQS; channel-- > 0u;) 
 593:Generated_Source\PSoC4/CapSense_Filter.c ****     {
 594:Generated_Source\PSoC4/CapSense_Filter.c ****         CapSense_FtInitializeBaselineChannel(ptrSensor, wdType, channel); 
 595:Generated_Source\PSoC4/CapSense_Filter.c ****     }
 596:Generated_Source\PSoC4/CapSense_Filter.c **** }
 597:Generated_Source\PSoC4/CapSense_Filter.c **** 
ARM GAS  C:\Users\Lenovo\AppData\Local\Temp\ccQthNvb.s 			page 13


 598:Generated_Source\PSoC4/CapSense_Filter.c **** 
 599:Generated_Source\PSoC4/CapSense_Filter.c **** /*******************************************************************************
 600:Generated_Source\PSoC4/CapSense_Filter.c **** * Function Name: CapSense_FtInitializeBaselineChannel
 601:Generated_Source\PSoC4/CapSense_Filter.c **** ****************************************************************************//**
 602:Generated_Source\PSoC4/CapSense_Filter.c **** *
 603:Generated_Source\PSoC4/CapSense_Filter.c **** * \brief    Initializes the baseline history for a sensor indicated by an input
 604:Generated_Source\PSoC4/CapSense_Filter.c **** *           parameter.
 605:Generated_Source\PSoC4/CapSense_Filter.c **** *
 606:Generated_Source\PSoC4/CapSense_Filter.c **** * \details  Initializes the baseline history for a sensor indicated by an input
 607:Generated_Source\PSoC4/CapSense_Filter.c **** *           parameter.
 608:Generated_Source\PSoC4/CapSense_Filter.c **** *
 609:Generated_Source\PSoC4/CapSense_Filter.c **** * \param    *ptrSensor The pointer to the sensor RAM object.
 610:Generated_Source\PSoC4/CapSense_Filter.c **** * \param    wdType     Specifies the type of a widget.
 611:Generated_Source\PSoC4/CapSense_Filter.c **** * \param    channel    Specifies the number of the channel to be initialized.
 612:Generated_Source\PSoC4/CapSense_Filter.c **** *
 613:Generated_Source\PSoC4/CapSense_Filter.c **** *******************************************************************************/
 614:Generated_Source\PSoC4/CapSense_Filter.c **** void CapSense_FtInitializeBaselineChannel(CapSense_RAM_SNS_STRUCT *ptrSensor, uint32 wdType, uint32
 615:Generated_Source\PSoC4/CapSense_Filter.c **** {
  86              		.loc 1 615 0
  87              		.cfi_startproc
  88              		@ args = 0, pretend = 0, frame = 0
  89              		@ frame_needed = 0, uses_anonymous_args = 0
  90              		@ link register save eliminated.
  91              	.LVL8:
 616:Generated_Source\PSoC4/CapSense_Filter.c ****     #if (CapSense_BASELINE_TYPE == CapSense_IIR_BASELINE)  
 617:Generated_Source\PSoC4/CapSense_Filter.c ****         if ((CapSense_WD_TYPE_ENUM)wdType != CapSense_WD_PROXIMITY_E)
  92              		.loc 1 617 0
  93 0000 FF23     		movs	r3, #255
  94 0002 1940     		ands	r1, r3
  95              	.LVL9:
  96 0004 0629     		cmp	r1, #6
  97 0006 02D0     		beq	.L9
 618:Generated_Source\PSoC4/CapSense_Filter.c ****         {
 619:Generated_Source\PSoC4/CapSense_Filter.c ****             #if (CapSense_REGULAR_SENSOR_EN)
 620:Generated_Source\PSoC4/CapSense_Filter.c ****                 #if (CapSense_REGULAR_IIR_BL_TYPE == CapSense_IIR_FILTER_PERFORMANCE)              
 621:Generated_Source\PSoC4/CapSense_Filter.c ****                     ptrSensor->bslnExt[channel] = 0u;                
  98              		.loc 1 621 0
  99 0008 8318     		adds	r3, r0, r2
 100 000a 0021     		movs	r1, #0
 101 000c 1971     		strb	r1, [r3, #4]
 102              	.L9:
 622:Generated_Source\PSoC4/CapSense_Filter.c ****                 #endif /* (CapSense_REGULAR_IIR_BL_TYPE == CapSense_IIR_FILTER_PERFORMANCE) */
 623:Generated_Source\PSoC4/CapSense_Filter.c ****             #endif /* (CapSense_REGULAR_SENSOR_EN) */
 624:Generated_Source\PSoC4/CapSense_Filter.c ****         }
 625:Generated_Source\PSoC4/CapSense_Filter.c ****         else
 626:Generated_Source\PSoC4/CapSense_Filter.c ****         {
 627:Generated_Source\PSoC4/CapSense_Filter.c ****             #if (CapSense_PROXIMITY_SENSOR_EN)     
 628:Generated_Source\PSoC4/CapSense_Filter.c ****                 #if (CapSense_PROX_IIR_BL_TYPE == CapSense_IIR_FILTER_PERFORMANCE)                 
 629:Generated_Source\PSoC4/CapSense_Filter.c ****                     ptrSensor->bslnExt[channel] = 0u;               
 630:Generated_Source\PSoC4/CapSense_Filter.c ****                 #endif /* (CapSense_PROX_IIR_BL_TYPE == CapSense_IIR_FILTER_PERFORMANCE) */
 631:Generated_Source\PSoC4/CapSense_Filter.c ****             #endif /* (CapSense_PROX_SENSOR_EN) */
 632:Generated_Source\PSoC4/CapSense_Filter.c ****         }
 633:Generated_Source\PSoC4/CapSense_Filter.c ****     #else
 634:Generated_Source\PSoC4/CapSense_Filter.c ****         /* CapSense_BASELINE_TYPE == CapSense_BUCKET_BASELINE */        
 635:Generated_Source\PSoC4/CapSense_Filter.c ****         ptrSensor->bslnExt[channel] = 0u;        
 636:Generated_Source\PSoC4/CapSense_Filter.c ****     #endif /* (CapSense_BASELINE_TYPE == CapSense_IIR_BASELINE) */      
 637:Generated_Source\PSoC4/CapSense_Filter.c ****     
ARM GAS  C:\Users\Lenovo\AppData\Local\Temp\ccQthNvb.s 			page 14


 638:Generated_Source\PSoC4/CapSense_Filter.c ****     ptrSensor->bsln[channel] = ptrSensor->raw[channel]; 
 103              		.loc 1 638 0
 104 000e 5300     		lsls	r3, r2, #1
 105 0010 195A     		ldrh	r1, [r3, r0]
 106 0012 C318     		adds	r3, r0, r3
 107 0014 5980     		strh	r1, [r3, #2]
 639:Generated_Source\PSoC4/CapSense_Filter.c ****     
 640:Generated_Source\PSoC4/CapSense_Filter.c ****     #if (CapSense_ENABLE == CapSense_TST_BSLN_DUPLICATION_EN)
 641:Generated_Source\PSoC4/CapSense_Filter.c ****     /* Update baseline inversion of the channel in sensor */    
 642:Generated_Source\PSoC4/CapSense_Filter.c ****         ptrSensor->bslnInv[channel] = ~(ptrSensor->bsln[channel]);
 643:Generated_Source\PSoC4/CapSense_Filter.c ****     #endif /* (CapSense_ENABLE == CapSense_TST_BSLN_DUPLICATION_EN) */
 644:Generated_Source\PSoC4/CapSense_Filter.c **** 
 645:Generated_Source\PSoC4/CapSense_Filter.c ****     ptrSensor->negBslnRstCnt[channel] = 0u;
 108              		.loc 1 645 0
 109 0016 8218     		adds	r2, r0, r2
 110              	.LVL10:
 111 0018 0023     		movs	r3, #0
 112 001a 1372     		strb	r3, [r2, #8]
 646:Generated_Source\PSoC4/CapSense_Filter.c **** }
 113              		.loc 1 646 0
 114              		@ sp needed
 115 001c 7047     		bx	lr
 116              		.cfi_endproc
 117              	.LFE11:
 118              		.size	CapSense_FtInitializeBaselineChannel, .-CapSense_FtInitializeBaselineChannel
 119 001e C046     		.section	.text.CapSense_FtInitializeBaseline,"ax",%progbits
 120              		.align	2
 121              		.global	CapSense_FtInitializeBaseline
 122              		.code	16
 123              		.thumb_func
 124              		.type	CapSense_FtInitializeBaseline, %function
 125              	CapSense_FtInitializeBaseline:
 126              	.LFB10:
 588:Generated_Source\PSoC4/CapSense_Filter.c ****     uint32 channel;
 127              		.loc 1 588 0
 128              		.cfi_startproc
 129              		@ args = 0, pretend = 0, frame = 0
 130              		@ frame_needed = 0, uses_anonymous_args = 0
 131              	.LVL11:
 132 0000 70B5     		push	{r4, r5, r6, lr}
 133              		.cfi_def_cfa_offset 16
 134              		.cfi_offset 4, -16
 135              		.cfi_offset 5, -12
 136              		.cfi_offset 6, -8
 137              		.cfi_offset 14, -4
 138 0002 0600     		movs	r6, r0
 139 0004 0D00     		movs	r5, r1
 140              	.LVL12:
 592:Generated_Source\PSoC4/CapSense_Filter.c ****     {
 141              		.loc 1 592 0
 142 0006 0123     		movs	r3, #1
 143 0008 05E0     		b	.L11
 144              	.LVL13:
 145              	.L12:
 594:Generated_Source\PSoC4/CapSense_Filter.c ****     }
 146              		.loc 1 594 0
 147 000a 2200     		movs	r2, r4
ARM GAS  C:\Users\Lenovo\AppData\Local\Temp\ccQthNvb.s 			page 15


 148 000c 2900     		movs	r1, r5
 149 000e 3000     		movs	r0, r6
 150 0010 FFF7FEFF 		bl	CapSense_FtInitializeBaselineChannel
 151              	.LVL14:
 592:Generated_Source\PSoC4/CapSense_Filter.c ****     {
 152              		.loc 1 592 0
 153 0014 2300     		movs	r3, r4
 154              	.LVL15:
 155              	.L11:
 592:Generated_Source\PSoC4/CapSense_Filter.c ****     {
 156              		.loc 1 592 0 is_stmt 0 discriminator 1
 157 0016 5C1E     		subs	r4, r3, #1
 158              	.LVL16:
 159 0018 002B     		cmp	r3, #0
 160 001a F6D1     		bne	.L12
 596:Generated_Source\PSoC4/CapSense_Filter.c **** 
 161              		.loc 1 596 0 is_stmt 1
 162              		@ sp needed
 163              	.LVL17:
 164              	.LVL18:
 165              	.LVL19:
 166 001c 70BD     		pop	{r4, r5, r6, pc}
 167              		.cfi_endproc
 168              	.LFE10:
 169              		.size	CapSense_FtInitializeBaseline, .-CapSense_FtInitializeBaseline
 170 001e C046     		.section	.text.CapSense_InitializeSensorBaseline,"ax",%progbits
 171              		.align	2
 172              		.global	CapSense_InitializeSensorBaseline
 173              		.code	16
 174              		.thumb_func
 175              		.type	CapSense_InitializeSensorBaseline, %function
 176              	CapSense_InitializeSensorBaseline:
 177              	.LFB9:
 560:Generated_Source\PSoC4/CapSense_Filter.c ****     CapSense_RAM_SNS_STRUCT *ptrSensor = NULL;    
 178              		.loc 1 560 0
 179              		.cfi_startproc
 180              		@ args = 0, pretend = 0, frame = 0
 181              		@ frame_needed = 0, uses_anonymous_args = 0
 182              	.LVL20:
 183 0000 70B5     		push	{r4, r5, r6, lr}
 184              		.cfi_def_cfa_offset 16
 185              		.cfi_offset 4, -16
 186              		.cfi_offset 5, -12
 187              		.cfi_offset 6, -8
 188              		.cfi_offset 14, -4
 189              	.LVL21:
 566:Generated_Source\PSoC4/CapSense_Filter.c ****     ptrSensor = &ptrSensor[sensorId];
 190              		.loc 1 566 0
 191 0002 0D4D     		ldr	r5, .L16
 192 0004 C300     		lsls	r3, r0, #3
 193 0006 1C18     		adds	r4, r3, r0
 194 0008 A200     		lsls	r2, r4, #2
 195 000a AA18     		adds	r2, r5, r2
 196 000c 9468     		ldr	r4, [r2, #8]
 197              	.LVL22:
 567:Generated_Source\PSoC4/CapSense_Filter.c **** 
 198              		.loc 1 567 0
ARM GAS  C:\Users\Lenovo\AppData\Local\Temp\ccQthNvb.s 			page 16


 199 000e 8A00     		lsls	r2, r1, #2
 200 0010 5118     		adds	r1, r2, r1
 201              	.LVL23:
 202 0012 4A00     		lsls	r2, r1, #1
 203 0014 A418     		adds	r4, r4, r2
 204              	.LVL24:
 569:Generated_Source\PSoC4/CapSense_Filter.c **** }
 205              		.loc 1 569 0
 206 0016 1818     		adds	r0, r3, r0
 207              	.LVL25:
 208 0018 8300     		lsls	r3, r0, #2
 209 001a EB18     		adds	r3, r5, r3
 210 001c 1E7E     		ldrb	r6, [r3, #24]
 211              	.LVL26:
 212              	.LBB4:
 213              	.LBB5:
 592:Generated_Source\PSoC4/CapSense_Filter.c ****     {
 214              		.loc 1 592 0
 215 001e 0123     		movs	r3, #1
 216 0020 05E0     		b	.L14
 217              	.LVL27:
 218              	.L15:
 594:Generated_Source\PSoC4/CapSense_Filter.c ****     }
 219              		.loc 1 594 0
 220 0022 2A00     		movs	r2, r5
 221 0024 3100     		movs	r1, r6
 222 0026 2000     		movs	r0, r4
 223 0028 FFF7FEFF 		bl	CapSense_FtInitializeBaselineChannel
 224              	.LVL28:
 592:Generated_Source\PSoC4/CapSense_Filter.c ****     {
 225              		.loc 1 592 0
 226 002c 2B00     		movs	r3, r5
 227              	.LVL29:
 228              	.L14:
 229 002e 5D1E     		subs	r5, r3, #1
 230              	.LVL30:
 231 0030 002B     		cmp	r3, #0
 232 0032 F6D1     		bne	.L15
 233              	.LBE5:
 234              	.LBE4:
 570:Generated_Source\PSoC4/CapSense_Filter.c **** 
 235              		.loc 1 570 0
 236              		@ sp needed
 237              	.LVL31:
 238              	.LVL32:
 239              	.LVL33:
 240 0034 70BD     		pop	{r4, r5, r6, pc}
 241              	.L17:
 242 0036 C046     		.align	2
 243              	.L16:
 244 0038 00000000 		.word	CapSense_dsFlash
 245              		.cfi_endproc
 246              	.LFE9:
 247              		.size	CapSense_InitializeSensorBaseline, .-CapSense_InitializeSensorBaseline
 248              		.section	.text.CapSense_InitializeWidgetBaseline,"ax",%progbits
 249              		.align	2
 250              		.global	CapSense_InitializeWidgetBaseline
ARM GAS  C:\Users\Lenovo\AppData\Local\Temp\ccQthNvb.s 			page 17


 251              		.code	16
 252              		.thumb_func
 253              		.type	CapSense_InitializeWidgetBaseline, %function
 254              	CapSense_InitializeWidgetBaseline:
 255              	.LFB8:
 516:Generated_Source\PSoC4/CapSense_Filter.c ****     uint32 sensorId;
 256              		.loc 1 516 0
 257              		.cfi_startproc
 258              		@ args = 0, pretend = 0, frame = 0
 259              		@ frame_needed = 0, uses_anonymous_args = 0
 260              	.LVL34:
 261 0000 70B5     		push	{r4, r5, r6, lr}
 262              		.cfi_def_cfa_offset 16
 263              		.cfi_offset 4, -16
 264              		.cfi_offset 5, -12
 265              		.cfi_offset 6, -8
 266              		.cfi_offset 14, -4
 267 0002 0500     		movs	r5, r0
 268              	.LVL35:
 523:Generated_Source\PSoC4/CapSense_Filter.c ****     
 269              		.loc 1 523 0
 270 0004 C200     		lsls	r2, r0, #3
 271 0006 1218     		adds	r2, r2, r0
 272 0008 9300     		lsls	r3, r2, #2
 273 000a 064A     		ldr	r2, .L21
 274 000c D318     		adds	r3, r2, r3
 275 000e DB8A     		ldrh	r3, [r3, #22]
 276              	.LVL36:
 525:Generated_Source\PSoC4/CapSense_Filter.c ****     {
 277              		.loc 1 525 0
 278 0010 04E0     		b	.L19
 279              	.LVL37:
 280              	.L20:
 527:Generated_Source\PSoC4/CapSense_Filter.c ****     }
 281              		.loc 1 527 0
 282 0012 2100     		movs	r1, r4
 283 0014 2800     		movs	r0, r5
 284 0016 FFF7FEFF 		bl	CapSense_InitializeSensorBaseline
 285              	.LVL38:
 525:Generated_Source\PSoC4/CapSense_Filter.c ****     {
 286              		.loc 1 525 0
 287 001a 2300     		movs	r3, r4
 288              	.LVL39:
 289              	.L19:
 525:Generated_Source\PSoC4/CapSense_Filter.c ****     {
 290              		.loc 1 525 0 is_stmt 0 discriminator 1
 291 001c 5C1E     		subs	r4, r3, #1
 292              	.LVL40:
 293 001e 002B     		cmp	r3, #0
 294 0020 F7D1     		bne	.L20
 529:Generated_Source\PSoC4/CapSense_Filter.c **** 
 295              		.loc 1 529 0 is_stmt 1
 296              		@ sp needed
 297              	.LVL41:
 298              	.LVL42:
 299 0022 70BD     		pop	{r4, r5, r6, pc}
 300              	.L22:
ARM GAS  C:\Users\Lenovo\AppData\Local\Temp\ccQthNvb.s 			page 18


 301              		.align	2
 302              	.L21:
 303 0024 00000000 		.word	CapSense_dsFlash
 304              		.cfi_endproc
 305              	.LFE8:
 306              		.size	CapSense_InitializeWidgetBaseline, .-CapSense_InitializeWidgetBaseline
 307              		.section	.text.CapSense_InitializeAllBaselines,"ax",%progbits
 308              		.align	2
 309              		.global	CapSense_InitializeAllBaselines
 310              		.code	16
 311              		.thumb_func
 312              		.type	CapSense_InitializeAllBaselines, %function
 313              	CapSense_InitializeAllBaselines:
 314              	.LFB7:
 485:Generated_Source\PSoC4/CapSense_Filter.c ****     uint32 widgetId;    
 315              		.loc 1 485 0
 316              		.cfi_startproc
 317              		@ args = 0, pretend = 0, frame = 0
 318              		@ frame_needed = 0, uses_anonymous_args = 0
 319 0000 10B5     		push	{r4, lr}
 320              		.cfi_def_cfa_offset 8
 321              		.cfi_offset 4, -8
 322              		.cfi_offset 14, -4
 323              	.LVL43:
 488:Generated_Source\PSoC4/CapSense_Filter.c ****     {
 324              		.loc 1 488 0
 325 0002 0123     		movs	r3, #1
 326 0004 03E0     		b	.L24
 327              	.LVL44:
 328              	.L25:
 490:Generated_Source\PSoC4/CapSense_Filter.c ****     }
 329              		.loc 1 490 0
 330 0006 2000     		movs	r0, r4
 331 0008 FFF7FEFF 		bl	CapSense_InitializeWidgetBaseline
 332              	.LVL45:
 488:Generated_Source\PSoC4/CapSense_Filter.c ****     {
 333              		.loc 1 488 0
 334 000c 2300     		movs	r3, r4
 335              	.LVL46:
 336              	.L24:
 488:Generated_Source\PSoC4/CapSense_Filter.c ****     {
 337              		.loc 1 488 0 is_stmt 0 discriminator 1
 338 000e 5C1E     		subs	r4, r3, #1
 339              	.LVL47:
 340 0010 002B     		cmp	r3, #0
 341 0012 F8D1     		bne	.L25
 492:Generated_Source\PSoC4/CapSense_Filter.c **** 
 342              		.loc 1 492 0 is_stmt 1
 343              		@ sp needed
 344              	.LVL48:
 345 0014 10BD     		pop	{r4, pc}
 346              		.cfi_endproc
 347              	.LFE7:
 348              		.size	CapSense_InitializeAllBaselines, .-CapSense_InitializeAllBaselines
 349 0016 C046     		.section	.text.CapSense_FtIIR1stOrder,"ax",%progbits
 350              		.align	2
 351              		.global	CapSense_FtIIR1stOrder
ARM GAS  C:\Users\Lenovo\AppData\Local\Temp\ccQthNvb.s 			page 19


 352              		.code	16
 353              		.thumb_func
 354              		.type	CapSense_FtIIR1stOrder, %function
 355              	CapSense_FtIIR1stOrder:
 356              	.LFB12:
 647:Generated_Source\PSoC4/CapSense_Filter.c **** 
 648:Generated_Source\PSoC4/CapSense_Filter.c **** 
 649:Generated_Source\PSoC4/CapSense_Filter.c **** #if (CapSense_REGULAR_RC_IIR_FILTER_EN || CapSense_PROX_RC_IIR_FILTER_EN)
 650:Generated_Source\PSoC4/CapSense_Filter.c **** 
 651:Generated_Source\PSoC4/CapSense_Filter.c **** /*******************************************************************************
 652:Generated_Source\PSoC4/CapSense_Filter.c **** * Function Name: CapSense_InitializeIIR
 653:Generated_Source\PSoC4/CapSense_Filter.c **** ****************************************************************************//**
 654:Generated_Source\PSoC4/CapSense_Filter.c **** *
 655:Generated_Source\PSoC4/CapSense_Filter.c **** * \brief    Initialize the IIR filter history.
 656:Generated_Source\PSoC4/CapSense_Filter.c **** *
 657:Generated_Source\PSoC4/CapSense_Filter.c **** * \details  Initialize the IIR filter history.
 658:Generated_Source\PSoC4/CapSense_Filter.c **** *
 659:Generated_Source\PSoC4/CapSense_Filter.c **** * \param    widgetId Specifies the ID number of the widget.
 660:Generated_Source\PSoC4/CapSense_Filter.c **** * \param    sensorId Specifies the ID number of the sensor in the widget.
 661:Generated_Source\PSoC4/CapSense_Filter.c **** *
 662:Generated_Source\PSoC4/CapSense_Filter.c **** *******************************************************************************/
 663:Generated_Source\PSoC4/CapSense_Filter.c **** void CapSense_InitializeIIR(uint32 widgetId, uint32 sensorId)
 664:Generated_Source\PSoC4/CapSense_Filter.c **** {   
 665:Generated_Source\PSoC4/CapSense_Filter.c ****     CapSense_FLASH_WD_STRUCT const *ptrWidget = &CapSense_dsFlash.wdgtArray[widgetId];      
 666:Generated_Source\PSoC4/CapSense_Filter.c ****     CapSense_RAM_SNS_STRUCT *ptrSensor = NULL;    
 667:Generated_Source\PSoC4/CapSense_Filter.c ****     CapSense_PTR_FILTER_VARIANT ptrFilterHistObj; 
 668:Generated_Source\PSoC4/CapSense_Filter.c ****               
 669:Generated_Source\PSoC4/CapSense_Filter.c ****     /* Find pointer to specified sensor object */     
 670:Generated_Source\PSoC4/CapSense_Filter.c ****     ptrSensor = ptrWidget->ptr2SnsRam;
 671:Generated_Source\PSoC4/CapSense_Filter.c ****     ptrSensor = &ptrSensor[sensorId];
 672:Generated_Source\PSoC4/CapSense_Filter.c ****         
 673:Generated_Source\PSoC4/CapSense_Filter.c ****     /* Find pointer to specified filter sensor object */     
 674:Generated_Source\PSoC4/CapSense_Filter.c ****     ptrFilterHistObj.ptr = ptrWidget->ptr2FltrHistory;
 675:Generated_Source\PSoC4/CapSense_Filter.c ****     
 676:Generated_Source\PSoC4/CapSense_Filter.c ****     if ((CapSense_WD_TYPE_ENUM)ptrWidget->wdgtType != CapSense_WD_PROXIMITY_E)
 677:Generated_Source\PSoC4/CapSense_Filter.c ****     {
 678:Generated_Source\PSoC4/CapSense_Filter.c ****         #if (CapSense_REGULAR_SENSOR_EN)
 679:Generated_Source\PSoC4/CapSense_Filter.c ****             ptrFilterHistObj.ptrRegular = &ptrFilterHistObj.ptrRegular[sensorId];
 680:Generated_Source\PSoC4/CapSense_Filter.c ****         #endif /* (CapSense_REGULAR_SENSOR_EN) */
 681:Generated_Source\PSoC4/CapSense_Filter.c ****     }
 682:Generated_Source\PSoC4/CapSense_Filter.c ****     else
 683:Generated_Source\PSoC4/CapSense_Filter.c ****     {
 684:Generated_Source\PSoC4/CapSense_Filter.c ****         #if (CapSense_PROXIMITY_SENSOR_EN)
 685:Generated_Source\PSoC4/CapSense_Filter.c ****             ptrFilterHistObj.ptrProx = &ptrFilterHistObj.ptrProx[sensorId];
 686:Generated_Source\PSoC4/CapSense_Filter.c ****         #endif /* (CapSense_PROXIMITY_SENSOR_EN) */
 687:Generated_Source\PSoC4/CapSense_Filter.c ****     }    
 688:Generated_Source\PSoC4/CapSense_Filter.c ****     
 689:Generated_Source\PSoC4/CapSense_Filter.c ****     CapSense_InitializeIIRInternal(ptrFilterHistObj, ptrSensor, (uint32)ptrWidget->wdgtType);
 690:Generated_Source\PSoC4/CapSense_Filter.c **** }
 691:Generated_Source\PSoC4/CapSense_Filter.c **** 
 692:Generated_Source\PSoC4/CapSense_Filter.c **** 
 693:Generated_Source\PSoC4/CapSense_Filter.c **** /*******************************************************************************
 694:Generated_Source\PSoC4/CapSense_Filter.c **** * Function Name: CapSense_RunIIR
 695:Generated_Source\PSoC4/CapSense_Filter.c **** ****************************************************************************//**
 696:Generated_Source\PSoC4/CapSense_Filter.c **** *
 697:Generated_Source\PSoC4/CapSense_Filter.c **** * \brief    Executes the IIR filter algorithm on a sensor indicated by an input
 698:Generated_Source\PSoC4/CapSense_Filter.c **** *           parameter. 
ARM GAS  C:\Users\Lenovo\AppData\Local\Temp\ccQthNvb.s 			page 20


 699:Generated_Source\PSoC4/CapSense_Filter.c **** *
 700:Generated_Source\PSoC4/CapSense_Filter.c **** * \details  Executes the IIR filter algorithm on a sensor indicated by an input
 701:Generated_Source\PSoC4/CapSense_Filter.c **** *           parameter. 
 702:Generated_Source\PSoC4/CapSense_Filter.c **** *
 703:Generated_Source\PSoC4/CapSense_Filter.c **** * \param    widgetId Specifies the ID number of the widget.
 704:Generated_Source\PSoC4/CapSense_Filter.c **** * \param    sensorId Specifies the ID number of the sensor in the widget.
 705:Generated_Source\PSoC4/CapSense_Filter.c **** *
 706:Generated_Source\PSoC4/CapSense_Filter.c **** *******************************************************************************/
 707:Generated_Source\PSoC4/CapSense_Filter.c **** void CapSense_RunIIR(uint32 widgetId, uint32 sensorId)
 708:Generated_Source\PSoC4/CapSense_Filter.c **** {
 709:Generated_Source\PSoC4/CapSense_Filter.c ****     CapSense_FLASH_WD_STRUCT const *ptrWidget = &CapSense_dsFlash.wdgtArray[widgetId];      
 710:Generated_Source\PSoC4/CapSense_Filter.c ****     CapSense_RAM_SNS_STRUCT *ptrSensor = NULL;    
 711:Generated_Source\PSoC4/CapSense_Filter.c ****     CapSense_PTR_FILTER_VARIANT ptrFilterHistObj; 
 712:Generated_Source\PSoC4/CapSense_Filter.c ****               
 713:Generated_Source\PSoC4/CapSense_Filter.c ****     /* Find pointer to specified sensor object */     
 714:Generated_Source\PSoC4/CapSense_Filter.c ****     ptrSensor = ptrWidget->ptr2SnsRam;
 715:Generated_Source\PSoC4/CapSense_Filter.c ****     ptrSensor = &ptrSensor[sensorId];
 716:Generated_Source\PSoC4/CapSense_Filter.c ****         
 717:Generated_Source\PSoC4/CapSense_Filter.c ****     /* Find pointer to specified filter sensor object */     
 718:Generated_Source\PSoC4/CapSense_Filter.c ****     ptrFilterHistObj.ptr = ptrWidget->ptr2FltrHistory;
 719:Generated_Source\PSoC4/CapSense_Filter.c ****     
 720:Generated_Source\PSoC4/CapSense_Filter.c ****     if ((CapSense_WD_TYPE_ENUM)ptrWidget->wdgtType != CapSense_WD_PROXIMITY_E)
 721:Generated_Source\PSoC4/CapSense_Filter.c ****     {
 722:Generated_Source\PSoC4/CapSense_Filter.c ****         #if (CapSense_REGULAR_SENSOR_EN)
 723:Generated_Source\PSoC4/CapSense_Filter.c ****             ptrFilterHistObj.ptrRegular = &ptrFilterHistObj.ptrRegular[sensorId];
 724:Generated_Source\PSoC4/CapSense_Filter.c ****         #endif /* (CapSense_REGULAR_SENSOR_EN) */
 725:Generated_Source\PSoC4/CapSense_Filter.c ****     }
 726:Generated_Source\PSoC4/CapSense_Filter.c ****     else
 727:Generated_Source\PSoC4/CapSense_Filter.c ****     {
 728:Generated_Source\PSoC4/CapSense_Filter.c ****         #if (CapSense_PROXIMITY_SENSOR_EN)
 729:Generated_Source\PSoC4/CapSense_Filter.c ****             ptrFilterHistObj.ptrProx = &ptrFilterHistObj.ptrProx[sensorId];
 730:Generated_Source\PSoC4/CapSense_Filter.c ****         #endif /* (CapSense_PROXIMITY_SENSOR_EN) */
 731:Generated_Source\PSoC4/CapSense_Filter.c ****     }    
 732:Generated_Source\PSoC4/CapSense_Filter.c ****     
 733:Generated_Source\PSoC4/CapSense_Filter.c ****     CapSense_RunIIRInternal(ptrFilterHistObj, ptrSensor, (uint32)ptrWidget->wdgtType);
 734:Generated_Source\PSoC4/CapSense_Filter.c **** }
 735:Generated_Source\PSoC4/CapSense_Filter.c ****     
 736:Generated_Source\PSoC4/CapSense_Filter.c **** /*******************************************************************************
 737:Generated_Source\PSoC4/CapSense_Filter.c **** * Function Name: CapSense_InitializeIIRInternal
 738:Generated_Source\PSoC4/CapSense_Filter.c **** ****************************************************************************//**
 739:Generated_Source\PSoC4/CapSense_Filter.c **** *
 740:Generated_Source\PSoC4/CapSense_Filter.c **** * \brief    Initializes the IIR filter history.
 741:Generated_Source\PSoC4/CapSense_Filter.c **** *
 742:Generated_Source\PSoC4/CapSense_Filter.c **** * \details  Initializes the IIR filter history.
 743:Generated_Source\PSoC4/CapSense_Filter.c **** *
 744:Generated_Source\PSoC4/CapSense_Filter.c **** * \param    ptrFilterHistObj The pointer to the filter RAM object of the sensor.
 745:Generated_Source\PSoC4/CapSense_Filter.c **** * \param    ptrSensorObj     The pointer to the sensor RAM object of the sensor.
 746:Generated_Source\PSoC4/CapSense_Filter.c **** * \param    wdType           Specifies the type of a widget.                                  
 747:Generated_Source\PSoC4/CapSense_Filter.c **** *
 748:Generated_Source\PSoC4/CapSense_Filter.c **** *******************************************************************************/
 749:Generated_Source\PSoC4/CapSense_Filter.c **** void CapSense_InitializeIIRInternal(CapSense_PTR_FILTER_VARIANT ptrFilterHistObj,
 750:Generated_Source\PSoC4/CapSense_Filter.c ****                                             CapSense_RAM_SNS_STRUCT *ptrSensorObj, uint32 wdType)
 751:Generated_Source\PSoC4/CapSense_Filter.c **** {
 752:Generated_Source\PSoC4/CapSense_Filter.c ****     uint32 channel;
 753:Generated_Source\PSoC4/CapSense_Filter.c **** 
 754:Generated_Source\PSoC4/CapSense_Filter.c ****     for(channel = CapSense_NUM_SCAN_FREQS; channel-- > 0u;)
 755:Generated_Source\PSoC4/CapSense_Filter.c ****     {
ARM GAS  C:\Users\Lenovo\AppData\Local\Temp\ccQthNvb.s 			page 21


 756:Generated_Source\PSoC4/CapSense_Filter.c ****         if ((CapSense_WD_TYPE_ENUM)wdType != CapSense_WD_PROXIMITY_E)
 757:Generated_Source\PSoC4/CapSense_Filter.c ****         {
 758:Generated_Source\PSoC4/CapSense_Filter.c ****             #if (CapSense_REGULAR_SENSOR_EN && CapSense_REGULAR_RC_IIR_FILTER_EN)
 759:Generated_Source\PSoC4/CapSense_Filter.c ****                 #if (CapSense_REGULAR_IIR_RC_TYPE == CapSense_IIR_FILTER_PERFORMANCE)
 760:Generated_Source\PSoC4/CapSense_Filter.c ****                     ptrFilterHistObj.ptrRegular->regularChannel[channel].iirHistory = ptrSensorObj-
 761:Generated_Source\PSoC4/CapSense_Filter.c ****                     ptrFilterHistObj.ptrRegular->regularChannel[channel].iirHistoryLow = 0u;
 762:Generated_Source\PSoC4/CapSense_Filter.c ****                 #else
 763:Generated_Source\PSoC4/CapSense_Filter.c ****                     ptrFilterHistObj.ptrRegular->regularChannel[channel].iirHistory = ptrSensorObj-
 764:Generated_Source\PSoC4/CapSense_Filter.c ****                 #endif /* (CapSense_REGULAR_IIR_RC_TYPE == CapSense_IIR_FILTER_PERFORMANCE) */
 765:Generated_Source\PSoC4/CapSense_Filter.c ****             #endif /* (CapSense_REGULAR_SENSOR_EN) */    
 766:Generated_Source\PSoC4/CapSense_Filter.c ****         }
 767:Generated_Source\PSoC4/CapSense_Filter.c ****         else
 768:Generated_Source\PSoC4/CapSense_Filter.c ****         {
 769:Generated_Source\PSoC4/CapSense_Filter.c ****             #if (CapSense_PROXIMITY_SENSOR_EN && CapSense_PROX_RC_IIR_FILTER_EN)
 770:Generated_Source\PSoC4/CapSense_Filter.c ****                 #if (CapSense_PROX_IIR_RC_TYPE == CapSense_IIR_FILTER_PERFORMANCE)
 771:Generated_Source\PSoC4/CapSense_Filter.c ****                     ptrFilterHistObj.ptrProx->proxChannel[channel].iirHistory = ptrSensorObj->raw[c
 772:Generated_Source\PSoC4/CapSense_Filter.c ****                     ptrFilterHistObj.ptrProx->proxChannel[channel].iirHistoryLow = 0u;    
 773:Generated_Source\PSoC4/CapSense_Filter.c ****                 #else
 774:Generated_Source\PSoC4/CapSense_Filter.c ****                     ptrFilterHistObj.ptrProx->proxChannel[channel].iirHistory = ptrSensorObj->raw[c
 775:Generated_Source\PSoC4/CapSense_Filter.c ****                 #endif /* (CapSense_PROX_IIR_RC_TYPE == CapSense_IIR_FILTER_PERFORMANCE) */
 776:Generated_Source\PSoC4/CapSense_Filter.c ****             #endif /* (CapSense_PROX_SENSOR_EN) */
 777:Generated_Source\PSoC4/CapSense_Filter.c ****         }    
 778:Generated_Source\PSoC4/CapSense_Filter.c ****     }    
 779:Generated_Source\PSoC4/CapSense_Filter.c **** }
 780:Generated_Source\PSoC4/CapSense_Filter.c ****  
 781:Generated_Source\PSoC4/CapSense_Filter.c **** 
 782:Generated_Source\PSoC4/CapSense_Filter.c **** /*******************************************************************************
 783:Generated_Source\PSoC4/CapSense_Filter.c **** * Function Name: CapSense_RunIIRInternal
 784:Generated_Source\PSoC4/CapSense_Filter.c **** ****************************************************************************//**
 785:Generated_Source\PSoC4/CapSense_Filter.c **** *
 786:Generated_Source\PSoC4/CapSense_Filter.c **** * \brief    Run the IIR filter.
 787:Generated_Source\PSoC4/CapSense_Filter.c **** *
 788:Generated_Source\PSoC4/CapSense_Filter.c **** * \details  Run the IIR filter.
 789:Generated_Source\PSoC4/CapSense_Filter.c **** *
 790:Generated_Source\PSoC4/CapSense_Filter.c **** * \param    ptrFilterHistObj The pointer to the filter RAM object of the sensor.
 791:Generated_Source\PSoC4/CapSense_Filter.c **** * \param    ptrSensorObj     The pointer to the sensor RAM object of the sensor.
 792:Generated_Source\PSoC4/CapSense_Filter.c **** * \param    wdType           Specifies the type of a widget.
 793:Generated_Source\PSoC4/CapSense_Filter.c **** *
 794:Generated_Source\PSoC4/CapSense_Filter.c **** *******************************************************************************/    
 795:Generated_Source\PSoC4/CapSense_Filter.c **** void CapSense_RunIIRInternal(CapSense_PTR_FILTER_VARIANT ptrFilterHistObj, 
 796:Generated_Source\PSoC4/CapSense_Filter.c ****                                      CapSense_RAM_SNS_STRUCT *ptrSensorObj, uint32 wdType)
 797:Generated_Source\PSoC4/CapSense_Filter.c **** {        
 798:Generated_Source\PSoC4/CapSense_Filter.c ****     uint32 channel;
 799:Generated_Source\PSoC4/CapSense_Filter.c ****     uint32 temp;
 800:Generated_Source\PSoC4/CapSense_Filter.c **** 
 801:Generated_Source\PSoC4/CapSense_Filter.c ****     for(channel = CapSense_NUM_SCAN_FREQS; channel-- > 0u;)
 802:Generated_Source\PSoC4/CapSense_Filter.c ****     {
 803:Generated_Source\PSoC4/CapSense_Filter.c ****         if ((CapSense_WD_TYPE_ENUM)wdType != CapSense_WD_PROXIMITY_E)
 804:Generated_Source\PSoC4/CapSense_Filter.c ****         {
 805:Generated_Source\PSoC4/CapSense_Filter.c ****             #if (CapSense_REGULAR_SENSOR_EN && CapSense_REGULAR_RC_IIR_FILTER_EN)
 806:Generated_Source\PSoC4/CapSense_Filter.c ****                 #if (CapSense_REGULAR_IIR_RC_TYPE == CapSense_IIR_FILTER_PERFORMANCE)
 807:Generated_Source\PSoC4/CapSense_Filter.c ****                     temp = ((uint32)ptrFilterHistObj.ptrRegular->regularChannel[channel].iirHistory
 808:Generated_Source\PSoC4/CapSense_Filter.c ****                     temp |= ptrFilterHistObj.ptrRegular->regularChannel[channel].iirHistoryLow;
 809:Generated_Source\PSoC4/CapSense_Filter.c ****                     temp = CapSense_FtIIR1stOrder((uint32)ptrSensorObj->raw[channel],
 810:Generated_Source\PSoC4/CapSense_Filter.c ****                                                         temp,
 811:Generated_Source\PSoC4/CapSense_Filter.c ****                                                         CapSense_REGULAR_IIR_RC_N,
 812:Generated_Source\PSoC4/CapSense_Filter.c ****                                                         CapSense_REGULAR_IIR_RC_SHIFT);
ARM GAS  C:\Users\Lenovo\AppData\Local\Temp\ccQthNvb.s 			page 22


 813:Generated_Source\PSoC4/CapSense_Filter.c ****                     ptrFilterHistObj.ptrRegular->regularChannel[channel].iirHistory = LO16(temp >>C
 814:Generated_Source\PSoC4/CapSense_Filter.c ****                     ptrFilterHistObj.ptrRegular->regularChannel[channel].iirHistoryLow = LO8(temp);
 815:Generated_Source\PSoC4/CapSense_Filter.c ****                     ptrSensorObj->raw[channel] = LO16(temp >>CapSense_REGULAR_IIR_RC_SHIFT);
 816:Generated_Source\PSoC4/CapSense_Filter.c ****                 #else
 817:Generated_Source\PSoC4/CapSense_Filter.c ****                     temp =CapSense_FtIIR1stOrder((uint32)ptrSensorObj->raw[channel],
 818:Generated_Source\PSoC4/CapSense_Filter.c ****                                                         (uint32)ptrFilterHistObj.ptrRegular->regula
 819:Generated_Source\PSoC4/CapSense_Filter.c ****                                                         CapSense_REGULAR_IIR_RC_N,
 820:Generated_Source\PSoC4/CapSense_Filter.c ****                                                         CapSense_REGULAR_IIR_RC_SHIFT);
 821:Generated_Source\PSoC4/CapSense_Filter.c ****                     ptrFilterHistObj.ptrRegular->regularChannel[channel].iirHistory = LO16(temp);
 822:Generated_Source\PSoC4/CapSense_Filter.c ****                     ptrSensorObj->raw[channel] = LO16(temp >>CapSense_REGULAR_IIR_RC_SHIFT);
 823:Generated_Source\PSoC4/CapSense_Filter.c ****                 #endif /* (CapSense_REGULAR_IIR_RC_TYPE == CapSense_IIR_FILTER_PERFORMANCE) */
 824:Generated_Source\PSoC4/CapSense_Filter.c ****             #endif /* (CapSense_REGULAR_SENSOR_EN) */    
 825:Generated_Source\PSoC4/CapSense_Filter.c ****         }
 826:Generated_Source\PSoC4/CapSense_Filter.c ****         else
 827:Generated_Source\PSoC4/CapSense_Filter.c ****         {
 828:Generated_Source\PSoC4/CapSense_Filter.c ****             #if (CapSense_PROXIMITY_SENSOR_EN && CapSense_PROX_RC_IIR_FILTER_EN)
 829:Generated_Source\PSoC4/CapSense_Filter.c ****                 #if (CapSense_PROX_IIR_RC_TYPE == CapSense_IIR_FILTER_PERFORMANCE)
 830:Generated_Source\PSoC4/CapSense_Filter.c ****                     temp =  ptrFilterHistObj.ptrProx->proxChannel[channel].iirHistory << CapSense_P
 831:Generated_Source\PSoC4/CapSense_Filter.c ****                     temp |= ptrFilterHistObj.ptrProx->proxChannel[channel].iirHistoryLow;
 832:Generated_Source\PSoC4/CapSense_Filter.c ****                     temp =CapSense_FtIIR1stOrder((uint32)ptrSensorObj->raw[channel],
 833:Generated_Source\PSoC4/CapSense_Filter.c ****                                                         temp,
 834:Generated_Source\PSoC4/CapSense_Filter.c ****                                                         CapSense_PROX_IIR_RC_N,
 835:Generated_Source\PSoC4/CapSense_Filter.c ****                                                         CapSense_PROX_IIR_RC_SHIFT);
 836:Generated_Source\PSoC4/CapSense_Filter.c ****                     ptrFilterHistObj.ptrProx->proxChannel[channel].iirHistory = LO16(temp >>CapSens
 837:Generated_Source\PSoC4/CapSense_Filter.c ****                     ptrFilterHistObj.ptrProx->proxChannel[channel].iirHistoryLow = LO8(temp);
 838:Generated_Source\PSoC4/CapSense_Filter.c ****                     ptrSensorObj->raw[channel] = LO16(temp >>CapSense_PROX_IIR_RC_SHIFT);
 839:Generated_Source\PSoC4/CapSense_Filter.c ****                 #else
 840:Generated_Source\PSoC4/CapSense_Filter.c ****                     temp =CapSense_FtIIR1stOrder((uint32)ptrSensorObj->raw[channel],
 841:Generated_Source\PSoC4/CapSense_Filter.c ****                                                         (uint32)ptrFilterHistObj.ptrProx->proxChann
 842:Generated_Source\PSoC4/CapSense_Filter.c ****                                                         CapSense_PROX_IIR_RC_N,
 843:Generated_Source\PSoC4/CapSense_Filter.c ****                                                         CapSense_PROX_IIR_RC_SHIFT);
 844:Generated_Source\PSoC4/CapSense_Filter.c ****                     ptrFilterHistObj.ptrProx->proxChannel[channel].iirHistory = LO16(temp);
 845:Generated_Source\PSoC4/CapSense_Filter.c ****                     ptrSensorObj->raw[channel] = LO16(temp >>CapSense_PROX_IIR_RC_SHIFT);
 846:Generated_Source\PSoC4/CapSense_Filter.c ****                 #endif /* (CapSense_PROX_IIR_RC_TYPE == CapSense_IIR_FILTER_PERFORMANCE) */
 847:Generated_Source\PSoC4/CapSense_Filter.c ****             #endif /* (CapSense_PROX_SENSOR_EN) */
 848:Generated_Source\PSoC4/CapSense_Filter.c ****         }    
 849:Generated_Source\PSoC4/CapSense_Filter.c ****     }        
 850:Generated_Source\PSoC4/CapSense_Filter.c **** }    
 851:Generated_Source\PSoC4/CapSense_Filter.c **** #endif /* #if (CapSense_REGULAR_RC_IIR_FILTER_EN || CapSense_PROX_RC_IIR_FILTER_EN) */
 852:Generated_Source\PSoC4/CapSense_Filter.c **** 
 853:Generated_Source\PSoC4/CapSense_Filter.c **** 
 854:Generated_Source\PSoC4/CapSense_Filter.c **** #if (CapSense_REGULAR_RC_MEDIAN_FILTER_EN || CapSense_PROX_RC_MEDIAN_FILTER_EN)
 855:Generated_Source\PSoC4/CapSense_Filter.c **** 
 856:Generated_Source\PSoC4/CapSense_Filter.c **** /*******************************************************************************
 857:Generated_Source\PSoC4/CapSense_Filter.c **** * Function Name: CapSense_InitializeMedian
 858:Generated_Source\PSoC4/CapSense_Filter.c **** ****************************************************************************//**
 859:Generated_Source\PSoC4/CapSense_Filter.c **** *
 860:Generated_Source\PSoC4/CapSense_Filter.c **** * \brief    Initializes the Median filter history.
 861:Generated_Source\PSoC4/CapSense_Filter.c **** *
 862:Generated_Source\PSoC4/CapSense_Filter.c **** * \details  Initializes the Median filter history.
 863:Generated_Source\PSoC4/CapSense_Filter.c **** *
 864:Generated_Source\PSoC4/CapSense_Filter.c **** * \param    widgetId Specifies the ID number of the widget.
 865:Generated_Source\PSoC4/CapSense_Filter.c **** * \param    sensorId Specifies the ID number of the sensor in the widget.
 866:Generated_Source\PSoC4/CapSense_Filter.c **** *
 867:Generated_Source\PSoC4/CapSense_Filter.c **** *******************************************************************************/
 868:Generated_Source\PSoC4/CapSense_Filter.c **** void CapSense_InitializeMedian(uint32 widgetId, uint32 sensorId)
 869:Generated_Source\PSoC4/CapSense_Filter.c **** {
ARM GAS  C:\Users\Lenovo\AppData\Local\Temp\ccQthNvb.s 			page 23


 870:Generated_Source\PSoC4/CapSense_Filter.c ****     CapSense_FLASH_WD_STRUCT const *ptrWidget = &CapSense_dsFlash.wdgtArray[widgetId];      
 871:Generated_Source\PSoC4/CapSense_Filter.c ****     CapSense_RAM_SNS_STRUCT *ptrSensor = NULL;    
 872:Generated_Source\PSoC4/CapSense_Filter.c ****     CapSense_PTR_FILTER_VARIANT ptrFilterHistObj; 
 873:Generated_Source\PSoC4/CapSense_Filter.c ****               
 874:Generated_Source\PSoC4/CapSense_Filter.c ****     /* Find pointer to specified sensor object */     
 875:Generated_Source\PSoC4/CapSense_Filter.c ****     ptrSensor = ptrWidget->ptr2SnsRam;
 876:Generated_Source\PSoC4/CapSense_Filter.c ****     ptrSensor = &ptrSensor[sensorId];
 877:Generated_Source\PSoC4/CapSense_Filter.c ****     
 878:Generated_Source\PSoC4/CapSense_Filter.c ****     /* Find pointer to specified filter sensor object */     
 879:Generated_Source\PSoC4/CapSense_Filter.c ****     ptrFilterHistObj.ptr = ptrWidget->ptr2FltrHistory;
 880:Generated_Source\PSoC4/CapSense_Filter.c ****     
 881:Generated_Source\PSoC4/CapSense_Filter.c ****     if ((CapSense_WD_TYPE_ENUM)ptrWidget->wdgtType != CapSense_WD_PROXIMITY_E)
 882:Generated_Source\PSoC4/CapSense_Filter.c ****     {
 883:Generated_Source\PSoC4/CapSense_Filter.c ****         #if (CapSense_REGULAR_SENSOR_EN)
 884:Generated_Source\PSoC4/CapSense_Filter.c ****             ptrFilterHistObj.ptrRegular = &ptrFilterHistObj.ptrRegular[sensorId];
 885:Generated_Source\PSoC4/CapSense_Filter.c ****         #endif /* (CapSense_REGULAR_SENSOR_EN) */
 886:Generated_Source\PSoC4/CapSense_Filter.c ****     }
 887:Generated_Source\PSoC4/CapSense_Filter.c ****     else
 888:Generated_Source\PSoC4/CapSense_Filter.c ****     {
 889:Generated_Source\PSoC4/CapSense_Filter.c ****         #if (CapSense_PROXIMITY_SENSOR_EN)
 890:Generated_Source\PSoC4/CapSense_Filter.c ****             ptrFilterHistObj.ptrProx = &ptrFilterHistObj.ptrProx[sensorId];
 891:Generated_Source\PSoC4/CapSense_Filter.c ****         #endif /* (CapSense_PROXIMITY_SENSOR_EN) */
 892:Generated_Source\PSoC4/CapSense_Filter.c ****     }
 893:Generated_Source\PSoC4/CapSense_Filter.c ****     
 894:Generated_Source\PSoC4/CapSense_Filter.c ****     CapSense_InitializeMedianInternal(ptrFilterHistObj, ptrSensor, (uint32)ptrWidget->wdgtType);
 895:Generated_Source\PSoC4/CapSense_Filter.c **** }     
 896:Generated_Source\PSoC4/CapSense_Filter.c **** 
 897:Generated_Source\PSoC4/CapSense_Filter.c **** 
 898:Generated_Source\PSoC4/CapSense_Filter.c **** /*******************************************************************************
 899:Generated_Source\PSoC4/CapSense_Filter.c **** * Function Name: CapSense_RunMedian
 900:Generated_Source\PSoC4/CapSense_Filter.c **** ****************************************************************************//**
 901:Generated_Source\PSoC4/CapSense_Filter.c **** *
 902:Generated_Source\PSoC4/CapSense_Filter.c **** * \brief    Executes the Median filter algorithm on a sensor indicated by an input 
 903:Generated_Source\PSoC4/CapSense_Filter.c **** *           parameter. 
 904:Generated_Source\PSoC4/CapSense_Filter.c **** *
 905:Generated_Source\PSoC4/CapSense_Filter.c **** * \details  Executes the Median filter algorithm on a sensor indicated by an input 
 906:Generated_Source\PSoC4/CapSense_Filter.c **** *           parameter. 
 907:Generated_Source\PSoC4/CapSense_Filter.c **** *
 908:Generated_Source\PSoC4/CapSense_Filter.c **** * \param    widgetId Specifies the ID number of the widget.
 909:Generated_Source\PSoC4/CapSense_Filter.c **** * \param    sensorId Specifies the ID number of the sensor in the widget.
 910:Generated_Source\PSoC4/CapSense_Filter.c **** *
 911:Generated_Source\PSoC4/CapSense_Filter.c **** *******************************************************************************/
 912:Generated_Source\PSoC4/CapSense_Filter.c **** void CapSense_RunMedian(uint32 widgetId, uint32 sensorId)
 913:Generated_Source\PSoC4/CapSense_Filter.c **** {
 914:Generated_Source\PSoC4/CapSense_Filter.c ****     CapSense_FLASH_WD_STRUCT const *ptrWidget = &CapSense_dsFlash.wdgtArray[widgetId];      
 915:Generated_Source\PSoC4/CapSense_Filter.c ****     CapSense_RAM_SNS_STRUCT *ptrSensor = NULL;    
 916:Generated_Source\PSoC4/CapSense_Filter.c ****     CapSense_PTR_FILTER_VARIANT ptrFilterHistObj; 
 917:Generated_Source\PSoC4/CapSense_Filter.c ****               
 918:Generated_Source\PSoC4/CapSense_Filter.c ****     /* Find pointer to specified sensor object */     
 919:Generated_Source\PSoC4/CapSense_Filter.c ****     ptrSensor = ptrWidget->ptr2SnsRam;
 920:Generated_Source\PSoC4/CapSense_Filter.c ****     ptrSensor = &ptrSensor[sensorId];
 921:Generated_Source\PSoC4/CapSense_Filter.c ****     
 922:Generated_Source\PSoC4/CapSense_Filter.c ****     /* Find pointer to specified filter sensor object */     
 923:Generated_Source\PSoC4/CapSense_Filter.c ****     ptrFilterHistObj.ptr = ptrWidget->ptr2FltrHistory;
 924:Generated_Source\PSoC4/CapSense_Filter.c ****     
 925:Generated_Source\PSoC4/CapSense_Filter.c ****     if ((CapSense_WD_TYPE_ENUM)ptrWidget->wdgtType != CapSense_WD_PROXIMITY_E)
 926:Generated_Source\PSoC4/CapSense_Filter.c ****     {
ARM GAS  C:\Users\Lenovo\AppData\Local\Temp\ccQthNvb.s 			page 24


 927:Generated_Source\PSoC4/CapSense_Filter.c ****         #if (CapSense_REGULAR_SENSOR_EN)
 928:Generated_Source\PSoC4/CapSense_Filter.c ****             ptrFilterHistObj.ptrRegular = &ptrFilterHistObj.ptrRegular[sensorId];
 929:Generated_Source\PSoC4/CapSense_Filter.c ****         #endif /* (CapSense_REGULAR_SENSOR_EN) */
 930:Generated_Source\PSoC4/CapSense_Filter.c ****     }
 931:Generated_Source\PSoC4/CapSense_Filter.c ****     else
 932:Generated_Source\PSoC4/CapSense_Filter.c ****     {
 933:Generated_Source\PSoC4/CapSense_Filter.c ****         #if (CapSense_PROXIMITY_SENSOR_EN)
 934:Generated_Source\PSoC4/CapSense_Filter.c ****             ptrFilterHistObj.ptrProx = &ptrFilterHistObj.ptrProx[sensorId];
 935:Generated_Source\PSoC4/CapSense_Filter.c ****         #endif /* (CapSense_PROXIMITY_SENSOR_EN) */
 936:Generated_Source\PSoC4/CapSense_Filter.c ****     }
 937:Generated_Source\PSoC4/CapSense_Filter.c ****     
 938:Generated_Source\PSoC4/CapSense_Filter.c ****     CapSense_RunMedianInternal(ptrFilterHistObj, ptrSensor, (uint32)ptrWidget->wdgtType);
 939:Generated_Source\PSoC4/CapSense_Filter.c **** }
 940:Generated_Source\PSoC4/CapSense_Filter.c ****    
 941:Generated_Source\PSoC4/CapSense_Filter.c **** 
 942:Generated_Source\PSoC4/CapSense_Filter.c **** /*******************************************************************************
 943:Generated_Source\PSoC4/CapSense_Filter.c **** * Function Name: CapSense_InitializeMedianInternal
 944:Generated_Source\PSoC4/CapSense_Filter.c **** ****************************************************************************//**
 945:Generated_Source\PSoC4/CapSense_Filter.c **** *
 946:Generated_Source\PSoC4/CapSense_Filter.c **** * \brief    Initializes the Median filter.
 947:Generated_Source\PSoC4/CapSense_Filter.c **** *
 948:Generated_Source\PSoC4/CapSense_Filter.c **** * \details  Initializes the Median filter.
 949:Generated_Source\PSoC4/CapSense_Filter.c **** *
 950:Generated_Source\PSoC4/CapSense_Filter.c **** * \param    ptrFilterHistObj The pointer to the filter RAM object of the sensor.
 951:Generated_Source\PSoC4/CapSense_Filter.c **** * \param    ptrSensorObj     The pointer to the sensor RAM object of the sensor.
 952:Generated_Source\PSoC4/CapSense_Filter.c **** * \param    wdType           Specifies the type of a widget.
 953:Generated_Source\PSoC4/CapSense_Filter.c **** *
 954:Generated_Source\PSoC4/CapSense_Filter.c **** *******************************************************************************/
 955:Generated_Source\PSoC4/CapSense_Filter.c **** void CapSense_InitializeMedianInternal(CapSense_PTR_FILTER_VARIANT ptrFilterHistObj,
 956:Generated_Source\PSoC4/CapSense_Filter.c ****                                                CapSense_RAM_SNS_STRUCT *ptrSensorObj, uint32 wdType
 957:Generated_Source\PSoC4/CapSense_Filter.c **** {
 958:Generated_Source\PSoC4/CapSense_Filter.c ****     uint32 channel;
 959:Generated_Source\PSoC4/CapSense_Filter.c **** 
 960:Generated_Source\PSoC4/CapSense_Filter.c ****     for(channel = CapSense_NUM_SCAN_FREQS; channel-- > 0u;)
 961:Generated_Source\PSoC4/CapSense_Filter.c ****     {
 962:Generated_Source\PSoC4/CapSense_Filter.c ****         if ((CapSense_WD_TYPE_ENUM)wdType != CapSense_WD_PROXIMITY_E)
 963:Generated_Source\PSoC4/CapSense_Filter.c ****         {
 964:Generated_Source\PSoC4/CapSense_Filter.c ****             #if (CapSense_REGULAR_SENSOR_EN && CapSense_REGULAR_RC_MEDIAN_FILTER_EN)
 965:Generated_Source\PSoC4/CapSense_Filter.c ****                 ptrFilterHistObj.ptrRegular->regularChannel[channel].medHistory[0u] = ptrSensorObj-
 966:Generated_Source\PSoC4/CapSense_Filter.c ****                 ptrFilterHistObj.ptrRegular->regularChannel[channel].medHistory[1u] = ptrSensorObj-
 967:Generated_Source\PSoC4/CapSense_Filter.c ****             #endif /* (CapSense_REGULAR_SENSOR_EN) */
 968:Generated_Source\PSoC4/CapSense_Filter.c ****         }
 969:Generated_Source\PSoC4/CapSense_Filter.c ****         else
 970:Generated_Source\PSoC4/CapSense_Filter.c ****         {
 971:Generated_Source\PSoC4/CapSense_Filter.c ****             #if (CapSense_PROXIMITY_SENSOR_EN && CapSense_PROX_RC_MEDIAN_FILTER_EN)
 972:Generated_Source\PSoC4/CapSense_Filter.c ****                 ptrFilterHistObj.ptrProx->proxChannel[channel].medHistory[0u] = ptrSensorObj->raw[c
 973:Generated_Source\PSoC4/CapSense_Filter.c ****                 ptrFilterHistObj.ptrProx->proxChannel[channel].medHistory[1u] = ptrSensorObj->raw[c
 974:Generated_Source\PSoC4/CapSense_Filter.c ****             #endif /* (CapSense_PROXIMITY_SENSOR_EN) */               
 975:Generated_Source\PSoC4/CapSense_Filter.c ****         }
 976:Generated_Source\PSoC4/CapSense_Filter.c ****     }
 977:Generated_Source\PSoC4/CapSense_Filter.c **** }
 978:Generated_Source\PSoC4/CapSense_Filter.c **** 
 979:Generated_Source\PSoC4/CapSense_Filter.c **** 
 980:Generated_Source\PSoC4/CapSense_Filter.c **** /*******************************************************************************
 981:Generated_Source\PSoC4/CapSense_Filter.c **** * Function Name: CapSense_RunMedianInternal
 982:Generated_Source\PSoC4/CapSense_Filter.c **** ****************************************************************************//**
 983:Generated_Source\PSoC4/CapSense_Filter.c **** *
ARM GAS  C:\Users\Lenovo\AppData\Local\Temp\ccQthNvb.s 			page 25


 984:Generated_Source\PSoC4/CapSense_Filter.c **** * \brief    Runs the Median filter.
 985:Generated_Source\PSoC4/CapSense_Filter.c **** *
 986:Generated_Source\PSoC4/CapSense_Filter.c **** * \details  Runs the Median filter.
 987:Generated_Source\PSoC4/CapSense_Filter.c **** *
 988:Generated_Source\PSoC4/CapSense_Filter.c **** * \param    ptrFilterHistObj The pointer to the filter RAM object of the sensor.
 989:Generated_Source\PSoC4/CapSense_Filter.c **** * \param    ptrSensorObj     The pointer to the sensor RAM object of the sensor.
 990:Generated_Source\PSoC4/CapSense_Filter.c **** * \param    wdType           Specifies the type of a widget.
 991:Generated_Source\PSoC4/CapSense_Filter.c **** *
 992:Generated_Source\PSoC4/CapSense_Filter.c **** *******************************************************************************/
 993:Generated_Source\PSoC4/CapSense_Filter.c **** void CapSense_RunMedianInternal(CapSense_PTR_FILTER_VARIANT ptrFilterHistObj,
 994:Generated_Source\PSoC4/CapSense_Filter.c ****                                         CapSense_RAM_SNS_STRUCT *ptrSensorObj, uint32 wdType)
 995:Generated_Source\PSoC4/CapSense_Filter.c **** {
 996:Generated_Source\PSoC4/CapSense_Filter.c ****     uint32 channel;
 997:Generated_Source\PSoC4/CapSense_Filter.c ****     
 998:Generated_Source\PSoC4/CapSense_Filter.c ****     #if ((CapSense_REGULAR_SENSOR_EN && CapSense_REGULAR_RC_MEDIAN_FILTER_EN) || \
 999:Generated_Source\PSoC4/CapSense_Filter.c ****          (CapSense_PROXIMITY_SENSOR_EN && CapSense_PROX_RC_MEDIAN_FILTER_EN))
1000:Generated_Source\PSoC4/CapSense_Filter.c ****         uint32 temp;
1001:Generated_Source\PSoC4/CapSense_Filter.c ****     #endif
1002:Generated_Source\PSoC4/CapSense_Filter.c ****     
1003:Generated_Source\PSoC4/CapSense_Filter.c ****     for(channel = CapSense_NUM_SCAN_FREQS; channel-- > 0u;)
1004:Generated_Source\PSoC4/CapSense_Filter.c ****     {    
1005:Generated_Source\PSoC4/CapSense_Filter.c ****         if ((CapSense_WD_TYPE_ENUM)wdType != CapSense_WD_PROXIMITY_E)
1006:Generated_Source\PSoC4/CapSense_Filter.c ****         {                                             
1007:Generated_Source\PSoC4/CapSense_Filter.c ****             #if (CapSense_REGULAR_SENSOR_EN && CapSense_REGULAR_RC_MEDIAN_FILTER_EN)
1008:Generated_Source\PSoC4/CapSense_Filter.c ****                 temp = CapSense_FtMedian((uint32)ptrSensorObj->raw[channel],\
1009:Generated_Source\PSoC4/CapSense_Filter.c ****                                                  (uint32)ptrFilterHistObj.ptrRegular->regularChanne
1010:Generated_Source\PSoC4/CapSense_Filter.c ****                                                  (uint32)ptrFilterHistObj.ptrRegular->regularChanne
1011:Generated_Source\PSoC4/CapSense_Filter.c ****                 ptrFilterHistObj.ptrRegular->regularChannel[channel].medHistory[1u] = \
1012:Generated_Source\PSoC4/CapSense_Filter.c ****                 ptrFilterHistObj.ptrRegular->regularChannel[channel].medHistory[0u];
1013:Generated_Source\PSoC4/CapSense_Filter.c ****                 ptrFilterHistObj.ptrRegular->regularChannel[channel].medHistory[0u] = ptrSensorObj-
1014:Generated_Source\PSoC4/CapSense_Filter.c ****                 ptrSensorObj->raw[channel] = LO16(temp);
1015:Generated_Source\PSoC4/CapSense_Filter.c ****             #endif /* (CapSense_REGULAR_SENSOR_EN) */     
1016:Generated_Source\PSoC4/CapSense_Filter.c ****         }
1017:Generated_Source\PSoC4/CapSense_Filter.c ****         else 
1018:Generated_Source\PSoC4/CapSense_Filter.c ****         {                   
1019:Generated_Source\PSoC4/CapSense_Filter.c ****             #if (CapSense_PROXIMITY_SENSOR_EN && CapSense_PROX_RC_MEDIAN_FILTER_EN)
1020:Generated_Source\PSoC4/CapSense_Filter.c ****                 temp = CapSense_FtMedian((uint32)ptrSensorObj->raw[channel],\
1021:Generated_Source\PSoC4/CapSense_Filter.c ****                                                  (uint32)ptrFilterHistObj.ptrProx->proxChannel[chan
1022:Generated_Source\PSoC4/CapSense_Filter.c ****                                                  (uint32)ptrFilterHistObj.ptrProx->proxChannel[chan
1023:Generated_Source\PSoC4/CapSense_Filter.c ****                 ptrFilterHistObj.ptrProx->proxChannel[channel].medHistory[1u] = \
1024:Generated_Source\PSoC4/CapSense_Filter.c ****                 ptrFilterHistObj.ptrProx->proxChannel[channel].medHistory[0u];
1025:Generated_Source\PSoC4/CapSense_Filter.c ****                 ptrFilterHistObj.ptrProx->proxChannel[channel].medHistory[0u] = ptrSensorObj->raw[c
1026:Generated_Source\PSoC4/CapSense_Filter.c ****                 ptrSensorObj->raw[channel] = LO16(temp);
1027:Generated_Source\PSoC4/CapSense_Filter.c ****             #endif /* (CapSense_PROXIMITY_SENSOR_EN) */               
1028:Generated_Source\PSoC4/CapSense_Filter.c ****         }
1029:Generated_Source\PSoC4/CapSense_Filter.c ****     }
1030:Generated_Source\PSoC4/CapSense_Filter.c **** }
1031:Generated_Source\PSoC4/CapSense_Filter.c **** #endif /* (CapSense_REGULAR_RC_MEDIAN_FILTER_EN || CapSense_PROX_RC_MEDIAN_FILTER_EN) */
1032:Generated_Source\PSoC4/CapSense_Filter.c **** 
1033:Generated_Source\PSoC4/CapSense_Filter.c **** 
1034:Generated_Source\PSoC4/CapSense_Filter.c **** #if (CapSense_REGULAR_RC_AVERAGE_FILTER_EN || CapSense_PROX_RC_AVERAGE_FILTER_EN)
1035:Generated_Source\PSoC4/CapSense_Filter.c **** 
1036:Generated_Source\PSoC4/CapSense_Filter.c **** /*******************************************************************************
1037:Generated_Source\PSoC4/CapSense_Filter.c **** * Function Name: CapSense_InitializeAverage
1038:Generated_Source\PSoC4/CapSense_Filter.c **** ****************************************************************************//**
1039:Generated_Source\PSoC4/CapSense_Filter.c **** *
1040:Generated_Source\PSoC4/CapSense_Filter.c **** * \brief    Initializes the average filter history.
ARM GAS  C:\Users\Lenovo\AppData\Local\Temp\ccQthNvb.s 			page 26


1041:Generated_Source\PSoC4/CapSense_Filter.c **** *
1042:Generated_Source\PSoC4/CapSense_Filter.c **** * \details  Initializes the average filter history.
1043:Generated_Source\PSoC4/CapSense_Filter.c **** *
1044:Generated_Source\PSoC4/CapSense_Filter.c **** * \param    widgetId Specifies the ID number of the widget.
1045:Generated_Source\PSoC4/CapSense_Filter.c **** * \param    sensorId Specifies the ID number of the sensor in the widget.
1046:Generated_Source\PSoC4/CapSense_Filter.c **** *
1047:Generated_Source\PSoC4/CapSense_Filter.c **** *******************************************************************************/
1048:Generated_Source\PSoC4/CapSense_Filter.c **** void CapSense_InitializeAverage(uint32 widgetId, uint32 sensorId)
1049:Generated_Source\PSoC4/CapSense_Filter.c **** {
1050:Generated_Source\PSoC4/CapSense_Filter.c ****     CapSense_FLASH_WD_STRUCT const *ptrWidget = &CapSense_dsFlash.wdgtArray[widgetId];      
1051:Generated_Source\PSoC4/CapSense_Filter.c ****     CapSense_RAM_SNS_STRUCT *ptrSensor = NULL;
1052:Generated_Source\PSoC4/CapSense_Filter.c ****     CapSense_PTR_FILTER_VARIANT ptrFilterHistObj;
1053:Generated_Source\PSoC4/CapSense_Filter.c **** 
1054:Generated_Source\PSoC4/CapSense_Filter.c ****     /* Find pointer to specified sensor object */
1055:Generated_Source\PSoC4/CapSense_Filter.c ****     ptrSensor = ptrWidget->ptr2SnsRam;
1056:Generated_Source\PSoC4/CapSense_Filter.c ****     ptrSensor = &ptrSensor[sensorId];
1057:Generated_Source\PSoC4/CapSense_Filter.c ****     
1058:Generated_Source\PSoC4/CapSense_Filter.c ****     /* Find pointer to specified filter sensor object */
1059:Generated_Source\PSoC4/CapSense_Filter.c ****     ptrFilterHistObj.ptr = ptrWidget->ptr2FltrHistory;
1060:Generated_Source\PSoC4/CapSense_Filter.c **** 
1061:Generated_Source\PSoC4/CapSense_Filter.c ****     if ((CapSense_WD_TYPE_ENUM)ptrWidget->wdgtType != CapSense_WD_PROXIMITY_E)
1062:Generated_Source\PSoC4/CapSense_Filter.c ****     {
1063:Generated_Source\PSoC4/CapSense_Filter.c ****         #if (CapSense_REGULAR_SENSOR_EN)
1064:Generated_Source\PSoC4/CapSense_Filter.c ****             ptrFilterHistObj.ptrRegular = &ptrFilterHistObj.ptrRegular[sensorId];
1065:Generated_Source\PSoC4/CapSense_Filter.c ****         #endif /* (CapSense_REGULAR_SENSOR_EN) */
1066:Generated_Source\PSoC4/CapSense_Filter.c ****     }
1067:Generated_Source\PSoC4/CapSense_Filter.c ****     else
1068:Generated_Source\PSoC4/CapSense_Filter.c ****     {
1069:Generated_Source\PSoC4/CapSense_Filter.c ****         #if (CapSense_PROXIMITY_SENSOR_EN)
1070:Generated_Source\PSoC4/CapSense_Filter.c ****             ptrFilterHistObj.ptrProx = &ptrFilterHistObj.ptrProx[sensorId];
1071:Generated_Source\PSoC4/CapSense_Filter.c ****         #endif /* (CapSense_PROXIMITY_SENSOR_EN) */
1072:Generated_Source\PSoC4/CapSense_Filter.c ****     }
1073:Generated_Source\PSoC4/CapSense_Filter.c **** 
1074:Generated_Source\PSoC4/CapSense_Filter.c ****     CapSense_InitializeAverageInternal(ptrFilterHistObj, ptrSensor, (uint32)ptrWidget->wdgtType);
1075:Generated_Source\PSoC4/CapSense_Filter.c **** }
1076:Generated_Source\PSoC4/CapSense_Filter.c **** 
1077:Generated_Source\PSoC4/CapSense_Filter.c **** 
1078:Generated_Source\PSoC4/CapSense_Filter.c **** /*******************************************************************************
1079:Generated_Source\PSoC4/CapSense_Filter.c **** * Function Name: CapSense_RunAverage
1080:Generated_Source\PSoC4/CapSense_Filter.c **** ****************************************************************************//**
1081:Generated_Source\PSoC4/CapSense_Filter.c **** *
1082:Generated_Source\PSoC4/CapSense_Filter.c **** * \brief    Executes the average filter algorithm on a sensor indicated by an input 
1083:Generated_Source\PSoC4/CapSense_Filter.c **** *           parameter. 
1084:Generated_Source\PSoC4/CapSense_Filter.c **** *
1085:Generated_Source\PSoC4/CapSense_Filter.c **** * \details  Executes the average filter algorithm on a sensor indicated by an input 
1086:Generated_Source\PSoC4/CapSense_Filter.c **** *           parameter. 
1087:Generated_Source\PSoC4/CapSense_Filter.c **** *
1088:Generated_Source\PSoC4/CapSense_Filter.c **** * \param    widgetId Specifies the ID number of the widget.
1089:Generated_Source\PSoC4/CapSense_Filter.c **** * \param    sensorId Specifies the ID number of the sensor in the widget.
1090:Generated_Source\PSoC4/CapSense_Filter.c **** *
1091:Generated_Source\PSoC4/CapSense_Filter.c **** *******************************************************************************/
1092:Generated_Source\PSoC4/CapSense_Filter.c **** void CapSense_RunAverage(uint32 widgetId, uint32 sensorId)
1093:Generated_Source\PSoC4/CapSense_Filter.c **** {
1094:Generated_Source\PSoC4/CapSense_Filter.c ****     CapSense_FLASH_WD_STRUCT const *ptrWidget = &CapSense_dsFlash.wdgtArray[widgetId];      
1095:Generated_Source\PSoC4/CapSense_Filter.c ****     CapSense_RAM_SNS_STRUCT *ptrSensor = NULL;    
1096:Generated_Source\PSoC4/CapSense_Filter.c ****     CapSense_PTR_FILTER_VARIANT ptrFilterHistObj; 
1097:Generated_Source\PSoC4/CapSense_Filter.c ****               
ARM GAS  C:\Users\Lenovo\AppData\Local\Temp\ccQthNvb.s 			page 27


1098:Generated_Source\PSoC4/CapSense_Filter.c ****     /* Find pointer to specified sensor object */     
1099:Generated_Source\PSoC4/CapSense_Filter.c ****     ptrSensor = ptrWidget->ptr2SnsRam;
1100:Generated_Source\PSoC4/CapSense_Filter.c ****     ptrSensor = &ptrSensor[sensorId];
1101:Generated_Source\PSoC4/CapSense_Filter.c ****     
1102:Generated_Source\PSoC4/CapSense_Filter.c ****     /* Find pointer to specified filter sensor object */     
1103:Generated_Source\PSoC4/CapSense_Filter.c ****     ptrFilterHistObj.ptr = ptrWidget->ptr2FltrHistory;
1104:Generated_Source\PSoC4/CapSense_Filter.c ****     
1105:Generated_Source\PSoC4/CapSense_Filter.c ****     if ((CapSense_WD_TYPE_ENUM)ptrWidget->wdgtType != CapSense_WD_PROXIMITY_E)
1106:Generated_Source\PSoC4/CapSense_Filter.c ****     {
1107:Generated_Source\PSoC4/CapSense_Filter.c ****         #if (CapSense_REGULAR_SENSOR_EN)
1108:Generated_Source\PSoC4/CapSense_Filter.c ****             ptrFilterHistObj.ptrRegular = &ptrFilterHistObj.ptrRegular[sensorId];
1109:Generated_Source\PSoC4/CapSense_Filter.c ****         #endif /* (CapSense_REGULAR_SENSOR_EN) */
1110:Generated_Source\PSoC4/CapSense_Filter.c ****     }
1111:Generated_Source\PSoC4/CapSense_Filter.c ****     else
1112:Generated_Source\PSoC4/CapSense_Filter.c ****     {
1113:Generated_Source\PSoC4/CapSense_Filter.c ****         #if (CapSense_PROXIMITY_SENSOR_EN)
1114:Generated_Source\PSoC4/CapSense_Filter.c ****             ptrFilterHistObj.ptrProx = &ptrFilterHistObj.ptrProx[sensorId];
1115:Generated_Source\PSoC4/CapSense_Filter.c ****         #endif /* (CapSense_PROXIMITY_SENSOR_EN) */
1116:Generated_Source\PSoC4/CapSense_Filter.c ****     }
1117:Generated_Source\PSoC4/CapSense_Filter.c ****     
1118:Generated_Source\PSoC4/CapSense_Filter.c ****     CapSense_RunAverageInternal(ptrFilterHistObj, ptrSensor, (uint32)ptrWidget->wdgtType);
1119:Generated_Source\PSoC4/CapSense_Filter.c **** }
1120:Generated_Source\PSoC4/CapSense_Filter.c **** 
1121:Generated_Source\PSoC4/CapSense_Filter.c **** 
1122:Generated_Source\PSoC4/CapSense_Filter.c **** /*******************************************************************************
1123:Generated_Source\PSoC4/CapSense_Filter.c **** * Function Name: CapSense_InitializeAverageInternal
1124:Generated_Source\PSoC4/CapSense_Filter.c **** ****************************************************************************//**
1125:Generated_Source\PSoC4/CapSense_Filter.c **** *
1126:Generated_Source\PSoC4/CapSense_Filter.c **** * \brief    Initializes the average filter.
1127:Generated_Source\PSoC4/CapSense_Filter.c **** *
1128:Generated_Source\PSoC4/CapSense_Filter.c **** * \details  Initializes the average filter.
1129:Generated_Source\PSoC4/CapSense_Filter.c **** *
1130:Generated_Source\PSoC4/CapSense_Filter.c **** * \param    ptrFilterHistObj The pointer to the filter RAM object of the sensor.
1131:Generated_Source\PSoC4/CapSense_Filter.c **** * \param    ptrSensorObj     The pointer to the sensor RAM object of the sensor.
1132:Generated_Source\PSoC4/CapSense_Filter.c **** * \param    wdType           Specifies the type of a widget.
1133:Generated_Source\PSoC4/CapSense_Filter.c **** *
1134:Generated_Source\PSoC4/CapSense_Filter.c **** *******************************************************************************/
1135:Generated_Source\PSoC4/CapSense_Filter.c **** void CapSense_InitializeAverageInternal(CapSense_PTR_FILTER_VARIANT ptrFilterHistObj,\
1136:Generated_Source\PSoC4/CapSense_Filter.c ****                                                   CapSense_RAM_SNS_STRUCT *ptrSensorObj, uint32 wdT
1137:Generated_Source\PSoC4/CapSense_Filter.c **** {
1138:Generated_Source\PSoC4/CapSense_Filter.c ****     uint32 channel;
1139:Generated_Source\PSoC4/CapSense_Filter.c **** 
1140:Generated_Source\PSoC4/CapSense_Filter.c ****     for(channel = CapSense_NUM_SCAN_FREQS; channel-- > 0u;)
1141:Generated_Source\PSoC4/CapSense_Filter.c ****     {
1142:Generated_Source\PSoC4/CapSense_Filter.c ****         if ((CapSense_WD_TYPE_ENUM)wdType != CapSense_WD_PROXIMITY_E)
1143:Generated_Source\PSoC4/CapSense_Filter.c ****         {
1144:Generated_Source\PSoC4/CapSense_Filter.c ****             #if (CapSense_REGULAR_SENSOR_EN && CapSense_REGULAR_RC_AVERAGE_FILTER_EN)
1145:Generated_Source\PSoC4/CapSense_Filter.c ****                 ptrFilterHistObj.ptrRegular->regularChannel[channel].avgHistory[0] = ptrSensorObj->
1146:Generated_Source\PSoC4/CapSense_Filter.c ****                 #if (CapSense_REGULAR_AVERAGE_LEN == CapSense_AVERAGE_FILTER_LEN_4)
1147:Generated_Source\PSoC4/CapSense_Filter.c ****                     ptrFilterHistObj.ptrRegular->regularChannel[channel].avgHistory[1u] = ptrSensor
1148:Generated_Source\PSoC4/CapSense_Filter.c ****                     ptrFilterHistObj.ptrRegular->regularChannel[channel].avgHistory[2u] = ptrSensor
1149:Generated_Source\PSoC4/CapSense_Filter.c ****                 #endif /* CapSense_REGULAR_AVERAGE_LEN == CapSense_AVERAGE_FILTER_LEN_4 */
1150:Generated_Source\PSoC4/CapSense_Filter.c ****             #endif /* (CapSense_REGULAR_SENSOR_EN) */      
1151:Generated_Source\PSoC4/CapSense_Filter.c ****         }
1152:Generated_Source\PSoC4/CapSense_Filter.c ****         else
1153:Generated_Source\PSoC4/CapSense_Filter.c ****         {
1154:Generated_Source\PSoC4/CapSense_Filter.c ****             #if (CapSense_PROXIMITY_SENSOR_EN && CapSense_PROX_RC_AVERAGE_FILTER_EN)
ARM GAS  C:\Users\Lenovo\AppData\Local\Temp\ccQthNvb.s 			page 28


1155:Generated_Source\PSoC4/CapSense_Filter.c ****                 ptrFilterHistObj.ptrProx->proxChannel[channel].avgHistory[0] = ptrSensorObj->raw[ch
1156:Generated_Source\PSoC4/CapSense_Filter.c ****                     #if (CapSense_PROX_AVERAGE_LEN == CapSense_AVERAGE_FILTER_LEN_4)
1157:Generated_Source\PSoC4/CapSense_Filter.c ****                         ptrFilterHistObj.ptrProx->proxChannel[channel].avgHistory[1u] = ptrSensorOb
1158:Generated_Source\PSoC4/CapSense_Filter.c ****                         ptrFilterHistObj.ptrProx->proxChannel[channel].avgHistory[2u] = ptrSensorOb
1159:Generated_Source\PSoC4/CapSense_Filter.c ****                     #endif /* CapSense_REGULAR_AVERAGE_LEN == CapSense_AVERAGE_FILTER_LEN_4 */
1160:Generated_Source\PSoC4/CapSense_Filter.c ****             #endif /* (CapSense_PROXIMITY_SENSOR_EN) */
1161:Generated_Source\PSoC4/CapSense_Filter.c ****         }
1162:Generated_Source\PSoC4/CapSense_Filter.c ****     }
1163:Generated_Source\PSoC4/CapSense_Filter.c **** }
1164:Generated_Source\PSoC4/CapSense_Filter.c **** 
1165:Generated_Source\PSoC4/CapSense_Filter.c **** 
1166:Generated_Source\PSoC4/CapSense_Filter.c **** /*******************************************************************************
1167:Generated_Source\PSoC4/CapSense_Filter.c **** * Function Name: CapSense_RunAverageInternal
1168:Generated_Source\PSoC4/CapSense_Filter.c **** ****************************************************************************//**
1169:Generated_Source\PSoC4/CapSense_Filter.c **** *
1170:Generated_Source\PSoC4/CapSense_Filter.c **** * \brief    Runs the average filter.
1171:Generated_Source\PSoC4/CapSense_Filter.c **** *
1172:Generated_Source\PSoC4/CapSense_Filter.c **** * \details  Runs the average filter.
1173:Generated_Source\PSoC4/CapSense_Filter.c **** *
1174:Generated_Source\PSoC4/CapSense_Filter.c **** * \param    ptrFilterHistObj The pointer to the filter RAM object of the sensor.
1175:Generated_Source\PSoC4/CapSense_Filter.c **** * \param    ptrSensorObj     The pointer to the sensor RAM object of the sensor.
1176:Generated_Source\PSoC4/CapSense_Filter.c **** * \param    wdType           Specifies the type of a widget.
1177:Generated_Source\PSoC4/CapSense_Filter.c **** *
1178:Generated_Source\PSoC4/CapSense_Filter.c **** *******************************************************************************/
1179:Generated_Source\PSoC4/CapSense_Filter.c **** void CapSense_RunAverageInternal(CapSense_PTR_FILTER_VARIANT ptrFilterHistObj,\
1180:Generated_Source\PSoC4/CapSense_Filter.c ****                                            CapSense_RAM_SNS_STRUCT *ptrSensorObj, uint32 wdType)
1181:Generated_Source\PSoC4/CapSense_Filter.c **** {
1182:Generated_Source\PSoC4/CapSense_Filter.c ****     uint32 channel;
1183:Generated_Source\PSoC4/CapSense_Filter.c ****     uint32 temp;
1184:Generated_Source\PSoC4/CapSense_Filter.c **** 
1185:Generated_Source\PSoC4/CapSense_Filter.c ****     for(channel = CapSense_NUM_SCAN_FREQS; channel-- > 0u;)
1186:Generated_Source\PSoC4/CapSense_Filter.c ****     {
1187:Generated_Source\PSoC4/CapSense_Filter.c ****         if ((CapSense_WD_TYPE_ENUM)wdType != CapSense_WD_PROXIMITY_E)
1188:Generated_Source\PSoC4/CapSense_Filter.c ****         {
1189:Generated_Source\PSoC4/CapSense_Filter.c ****             #if (CapSense_REGULAR_SENSOR_EN && CapSense_REGULAR_RC_AVERAGE_FILTER_EN)
1190:Generated_Source\PSoC4/CapSense_Filter.c ****                 #if (CapSense_REGULAR_AVERAGE_LEN == CapSense_AVERAGE_FILTER_LEN_2)
1191:Generated_Source\PSoC4/CapSense_Filter.c ****                     temp = ((uint32)ptrSensorObj->raw[channel] + 
1192:Generated_Source\PSoC4/CapSense_Filter.c ****                             (uint32)ptrFilterHistObj.ptrRegular->regularChannel[channel].avgHistory
1193:Generated_Source\PSoC4/CapSense_Filter.c ****                     ptrFilterHistObj.ptrRegular->regularChannel[channel].avgHistory[0] = ptrSensorO
1194:Generated_Source\PSoC4/CapSense_Filter.c ****                     ptrSensorObj->raw[channel] = LO16(temp);
1195:Generated_Source\PSoC4/CapSense_Filter.c ****                 #else
1196:Generated_Source\PSoC4/CapSense_Filter.c ****                     temp = ((uint32)ptrSensorObj->raw[channel] + 
1197:Generated_Source\PSoC4/CapSense_Filter.c ****                             (uint32)ptrFilterHistObj.ptrRegular->regularChannel[channel].avgHistory
1198:Generated_Source\PSoC4/CapSense_Filter.c ****                             (uint32)ptrFilterHistObj.ptrRegular->regularChannel[channel].avgHistory
1199:Generated_Source\PSoC4/CapSense_Filter.c ****                             (uint32)ptrFilterHistObj.ptrRegular->regularChannel[channel].avgHistory
1200:Generated_Source\PSoC4/CapSense_Filter.c **** 
1201:Generated_Source\PSoC4/CapSense_Filter.c ****                     ptrFilterHistObj.ptrRegular->regularChannel[channel].avgHistory[2u] =
1202:Generated_Source\PSoC4/CapSense_Filter.c ****                     ptrFilterHistObj.ptrRegular->regularChannel[channel].avgHistory[1u];
1203:Generated_Source\PSoC4/CapSense_Filter.c ****                     ptrFilterHistObj.ptrRegular->regularChannel[channel].avgHistory[1u] =
1204:Generated_Source\PSoC4/CapSense_Filter.c ****                     ptrFilterHistObj.ptrRegular->regularChannel[channel].avgHistory[0];
1205:Generated_Source\PSoC4/CapSense_Filter.c ****                     ptrFilterHistObj.ptrRegular->regularChannel[channel].avgHistory[0] = ptrSensorO
1206:Generated_Source\PSoC4/CapSense_Filter.c ****                     ptrSensorObj->raw[channel] = LO16(temp);
1207:Generated_Source\PSoC4/CapSense_Filter.c ****                 #endif /* CapSense_REGULAR_AVERAGE_LEN == CapSense_AVERAGE_FILTER_LEN_4 */
1208:Generated_Source\PSoC4/CapSense_Filter.c ****             #endif /* (CapSense_REGULAR_SENSOR_EN) */
1209:Generated_Source\PSoC4/CapSense_Filter.c ****         }
1210:Generated_Source\PSoC4/CapSense_Filter.c ****         else 
1211:Generated_Source\PSoC4/CapSense_Filter.c ****         {
ARM GAS  C:\Users\Lenovo\AppData\Local\Temp\ccQthNvb.s 			page 29


1212:Generated_Source\PSoC4/CapSense_Filter.c ****             #if (CapSense_PROXIMITY_SENSOR_EN && CapSense_PROX_RC_AVERAGE_FILTER_EN)
1213:Generated_Source\PSoC4/CapSense_Filter.c ****                 #if (CapSense_PROX_AVERAGE_LEN == CapSense_AVERAGE_FILTER_LEN_2)     
1214:Generated_Source\PSoC4/CapSense_Filter.c ****                     temp = ((uint32)ptrSensorObj->raw[channel] + 
1215:Generated_Source\PSoC4/CapSense_Filter.c ****                             (uint32)ptrFilterHistObj.ptrProx->proxChannel[channel].avgHistory[0]) >
1216:Generated_Source\PSoC4/CapSense_Filter.c ****                     ptrFilterHistObj.ptrProx->proxChannel[channel].avgHistory[0] = ptrSensorObj->ra
1217:Generated_Source\PSoC4/CapSense_Filter.c ****                     ptrSensorObj->raw[channel] = LO16(temp);
1218:Generated_Source\PSoC4/CapSense_Filter.c ****                 #else
1219:Generated_Source\PSoC4/CapSense_Filter.c ****                     temp = ((uint32)ptrSensorObj->raw[channel] + 
1220:Generated_Source\PSoC4/CapSense_Filter.c ****                             (uint32)ptrFilterHistObj.ptrProx->proxChannel[channel].avgHistory[0] +
1221:Generated_Source\PSoC4/CapSense_Filter.c ****                             (uint32)ptrFilterHistObj.ptrProx->proxChannel[channel].avgHistory[1u] +
1222:Generated_Source\PSoC4/CapSense_Filter.c ****                             (uint32)ptrFilterHistObj.ptrProx->proxChannel[channel].avgHistory[2u]) 
1223:Generated_Source\PSoC4/CapSense_Filter.c ****                     
1224:Generated_Source\PSoC4/CapSense_Filter.c ****                     ptrFilterHistObj.ptrProx->proxChannel[channel].avgHistory[2u] =
1225:Generated_Source\PSoC4/CapSense_Filter.c ****                     ptrFilterHistObj.ptrProx->proxChannel[channel].avgHistory[1u];
1226:Generated_Source\PSoC4/CapSense_Filter.c ****                     ptrFilterHistObj.ptrProx->proxChannel[channel].avgHistory[1u] =
1227:Generated_Source\PSoC4/CapSense_Filter.c ****                     ptrFilterHistObj.ptrProx->proxChannel[channel].avgHistory[0];
1228:Generated_Source\PSoC4/CapSense_Filter.c ****                     ptrFilterHistObj.ptrProx->proxChannel[channel].avgHistory[0] = ptrSensorObj->ra
1229:Generated_Source\PSoC4/CapSense_Filter.c ****                     ptrSensorObj->raw[channel] = LO16(temp);
1230:Generated_Source\PSoC4/CapSense_Filter.c ****                 #endif /* CapSense_PROX_AVERAGE_LEN == CapSense_AVERAGE_FILTER_LEN_4 */
1231:Generated_Source\PSoC4/CapSense_Filter.c ****             #endif /* (CapSense_PROXIMITY_SENSOR_EN) */
1232:Generated_Source\PSoC4/CapSense_Filter.c ****         }
1233:Generated_Source\PSoC4/CapSense_Filter.c ****     }
1234:Generated_Source\PSoC4/CapSense_Filter.c **** }
1235:Generated_Source\PSoC4/CapSense_Filter.c **** #endif /* (CapSense_REGULAR_RC_AVERAGE_FILTER_EN || CapSense_PROX_RC_AVERAGE_FILTER_EN) */
1236:Generated_Source\PSoC4/CapSense_Filter.c **** 
1237:Generated_Source\PSoC4/CapSense_Filter.c **** #if (CapSense_ENABLE == CapSense_ALP_FILTER_EN)
1238:Generated_Source\PSoC4/CapSense_Filter.c **** /*******************************************************************************
1239:Generated_Source\PSoC4/CapSense_Filter.c **** * Function Name: CapSense_InitializeALP
1240:Generated_Source\PSoC4/CapSense_Filter.c **** ****************************************************************************//**
1241:Generated_Source\PSoC4/CapSense_Filter.c **** *
1242:Generated_Source\PSoC4/CapSense_Filter.c **** * \brief    Initializes the ALP filter history.
1243:Generated_Source\PSoC4/CapSense_Filter.c **** *
1244:Generated_Source\PSoC4/CapSense_Filter.c **** * \details  Initializes the ALP filter history.
1245:Generated_Source\PSoC4/CapSense_Filter.c **** *
1246:Generated_Source\PSoC4/CapSense_Filter.c **** * \param    widgetId Specifies the ID number of the widget.
1247:Generated_Source\PSoC4/CapSense_Filter.c **** * \param    sensorId Specifies the ID number of the sensor in the widget.
1248:Generated_Source\PSoC4/CapSense_Filter.c **** *
1249:Generated_Source\PSoC4/CapSense_Filter.c **** *******************************************************************************/
1250:Generated_Source\PSoC4/CapSense_Filter.c **** void CapSense_InitializeALP(uint32 widgetId, uint32 sensorId)
1251:Generated_Source\PSoC4/CapSense_Filter.c **** {
1252:Generated_Source\PSoC4/CapSense_Filter.c ****     CapSense_FLASH_WD_STRUCT const *ptrWidget = &CapSense_dsFlash.wdgtArray[widgetId];
1253:Generated_Source\PSoC4/CapSense_Filter.c ****     CapSense_RAM_SNS_STRUCT *ptrSensor = NULL;
1254:Generated_Source\PSoC4/CapSense_Filter.c ****     CapSense_PTR_FILTER_VARIANT ptrFilterHistObj;
1255:Generated_Source\PSoC4/CapSense_Filter.c ****     
1256:Generated_Source\PSoC4/CapSense_Filter.c ****     /* Find pointer to specified sensor object */     
1257:Generated_Source\PSoC4/CapSense_Filter.c ****     ptrSensor = ptrWidget->ptr2SnsRam;
1258:Generated_Source\PSoC4/CapSense_Filter.c ****     ptrSensor = &ptrSensor[sensorId];
1259:Generated_Source\PSoC4/CapSense_Filter.c ****     
1260:Generated_Source\PSoC4/CapSense_Filter.c ****     /* Find pointer to specified filter sensor object */
1261:Generated_Source\PSoC4/CapSense_Filter.c ****     ptrFilterHistObj.ptr = ptrWidget->ptr2FltrHistory;
1262:Generated_Source\PSoC4/CapSense_Filter.c ****     ptrFilterHistObj.ptrAlp = &ptrFilterHistObj.ptrAlp[sensorId];
1263:Generated_Source\PSoC4/CapSense_Filter.c ****     CapSense_InitializeALPInternal(ptrFilterHistObj, ptrSensor, (uint32)ptrWidget->wdgtType);
1264:Generated_Source\PSoC4/CapSense_Filter.c **** }
1265:Generated_Source\PSoC4/CapSense_Filter.c **** 
1266:Generated_Source\PSoC4/CapSense_Filter.c **** 
1267:Generated_Source\PSoC4/CapSense_Filter.c **** /*******************************************************************************
1268:Generated_Source\PSoC4/CapSense_Filter.c **** * Function Name: CapSense_RunALP
ARM GAS  C:\Users\Lenovo\AppData\Local\Temp\ccQthNvb.s 			page 30


1269:Generated_Source\PSoC4/CapSense_Filter.c **** ****************************************************************************//**
1270:Generated_Source\PSoC4/CapSense_Filter.c **** *
1271:Generated_Source\PSoC4/CapSense_Filter.c **** * \brief    Executes the ALP filter algorithm on a sensor indicated by an input 
1272:Generated_Source\PSoC4/CapSense_Filter.c **** *           parameter. 
1273:Generated_Source\PSoC4/CapSense_Filter.c **** *
1274:Generated_Source\PSoC4/CapSense_Filter.c **** * \details  Executes the ALP filter algorithm on a sensor indicated by an input 
1275:Generated_Source\PSoC4/CapSense_Filter.c **** *           parameter. 
1276:Generated_Source\PSoC4/CapSense_Filter.c **** *
1277:Generated_Source\PSoC4/CapSense_Filter.c **** * \param    widgetId Specifies the ID number of the widget.
1278:Generated_Source\PSoC4/CapSense_Filter.c **** * \param    sensorId Specifies the ID number of the sensor in the widget.
1279:Generated_Source\PSoC4/CapSense_Filter.c **** *
1280:Generated_Source\PSoC4/CapSense_Filter.c **** *******************************************************************************/
1281:Generated_Source\PSoC4/CapSense_Filter.c **** void CapSense_RunALP(uint32 widgetId, uint32 sensorId)
1282:Generated_Source\PSoC4/CapSense_Filter.c **** {
1283:Generated_Source\PSoC4/CapSense_Filter.c ****     CapSense_FLASH_WD_STRUCT const *ptrWidget = &CapSense_dsFlash.wdgtArray[widgetId];      
1284:Generated_Source\PSoC4/CapSense_Filter.c ****     CapSense_RAM_SNS_STRUCT *ptrSensor = NULL;    
1285:Generated_Source\PSoC4/CapSense_Filter.c ****     CapSense_PTR_FILTER_VARIANT ptrFilterHistObj; 
1286:Generated_Source\PSoC4/CapSense_Filter.c ****     ALP_FLTR_CONFIG_STRUCT alpFilterConfig;
1287:Generated_Source\PSoC4/CapSense_Filter.c ****     ALP_FLTR_CONFIG_STRUCT *ptrAlpFilterConfig = &alpFilterConfig;
1288:Generated_Source\PSoC4/CapSense_Filter.c ****     CapSense_RAM_WD_BASE_STRUCT *ptrRamWidget = ptrWidget->ptr2WdgtRam;
1289:Generated_Source\PSoC4/CapSense_Filter.c ****               
1290:Generated_Source\PSoC4/CapSense_Filter.c ****     /* Find pointer to specified sensor object */     
1291:Generated_Source\PSoC4/CapSense_Filter.c ****     ptrSensor = ptrWidget->ptr2SnsRam;
1292:Generated_Source\PSoC4/CapSense_Filter.c ****     ptrSensor = &ptrSensor[sensorId];
1293:Generated_Source\PSoC4/CapSense_Filter.c ****     
1294:Generated_Source\PSoC4/CapSense_Filter.c ****     ptrAlpFilterConfig->configParam0 = ptrRamWidget->alpOnTh;
1295:Generated_Source\PSoC4/CapSense_Filter.c ****     ptrAlpFilterConfig->configParam1 = ptrRamWidget->alpOffTh;
1296:Generated_Source\PSoC4/CapSense_Filter.c ****     ptrAlpFilterConfig->configParam2 = ptrRamWidget->fingerTh;
1297:Generated_Source\PSoC4/CapSense_Filter.c ****     ptrAlpFilterConfig->configParam3 = ptrRamWidget->noiseTh;
1298:Generated_Source\PSoC4/CapSense_Filter.c ****     ptrAlpFilterConfig->configParam4 = ptrRamWidget->hysteresis;
1299:Generated_Source\PSoC4/CapSense_Filter.c **** 
1300:Generated_Source\PSoC4/CapSense_Filter.c ****     /* Find pointer to specified filter sensor object */     
1301:Generated_Source\PSoC4/CapSense_Filter.c ****     ptrFilterHistObj.ptr = ptrWidget->ptr2FltrHistory;
1302:Generated_Source\PSoC4/CapSense_Filter.c ****     ptrFilterHistObj.ptrAlp = &ptrFilterHistObj.ptrAlp[sensorId];
1303:Generated_Source\PSoC4/CapSense_Filter.c **** 
1304:Generated_Source\PSoC4/CapSense_Filter.c ****     if ((CapSense_WD_TYPE_ENUM)ptrWidget->wdgtType != CapSense_WD_PROXIMITY_E)
1305:Generated_Source\PSoC4/CapSense_Filter.c ****     {
1306:Generated_Source\PSoC4/CapSense_Filter.c ****         #if (CapSense_REGULAR_SENSOR_EN)
1307:Generated_Source\PSoC4/CapSense_Filter.c ****             ptrAlpFilterConfig->configParam5 = CapSense_REGULAR_RC_ALP_FILTER_COEFF;
1308:Generated_Source\PSoC4/CapSense_Filter.c ****         #endif /* (CapSense_REGULAR_SENSOR_EN) */
1309:Generated_Source\PSoC4/CapSense_Filter.c ****     }
1310:Generated_Source\PSoC4/CapSense_Filter.c ****     else
1311:Generated_Source\PSoC4/CapSense_Filter.c ****     {
1312:Generated_Source\PSoC4/CapSense_Filter.c ****         #if (CapSense_PROXIMITY_SENSOR_EN)
1313:Generated_Source\PSoC4/CapSense_Filter.c ****             ptrAlpFilterConfig->configParam5 = CapSense_PROX_RC_ALP_FILTER_COEFF;
1314:Generated_Source\PSoC4/CapSense_Filter.c ****         #endif /* (CapSense_PROXIMITY_SENSOR_EN) */
1315:Generated_Source\PSoC4/CapSense_Filter.c ****     }
1316:Generated_Source\PSoC4/CapSense_Filter.c ****     CapSense_RunALPInternal(ptrFilterHistObj, ptrAlpFilterConfig, ptrSensor, (uint32)ptrWidget->wdg
1317:Generated_Source\PSoC4/CapSense_Filter.c **** }
1318:Generated_Source\PSoC4/CapSense_Filter.c **** 
1319:Generated_Source\PSoC4/CapSense_Filter.c **** 
1320:Generated_Source\PSoC4/CapSense_Filter.c **** /*******************************************************************************
1321:Generated_Source\PSoC4/CapSense_Filter.c **** * Function Name: CapSense_InitializeALPInternal
1322:Generated_Source\PSoC4/CapSense_Filter.c **** ****************************************************************************//**
1323:Generated_Source\PSoC4/CapSense_Filter.c **** *
1324:Generated_Source\PSoC4/CapSense_Filter.c **** * \brief    Initializes the ALP filter.
1325:Generated_Source\PSoC4/CapSense_Filter.c **** *
ARM GAS  C:\Users\Lenovo\AppData\Local\Temp\ccQthNvb.s 			page 31


1326:Generated_Source\PSoC4/CapSense_Filter.c **** * \details  Initializes the ALP filter.
1327:Generated_Source\PSoC4/CapSense_Filter.c **** *
1328:Generated_Source\PSoC4/CapSense_Filter.c **** * \param    ptrFilterHistObj The pointer to the filter RAM object of the sensor.
1329:Generated_Source\PSoC4/CapSense_Filter.c **** * \param    ptrSensorObj     The pointer to the sensor RAM object of the sensor.
1330:Generated_Source\PSoC4/CapSense_Filter.c **** * \param    wdType           Specifies the type of a widget.
1331:Generated_Source\PSoC4/CapSense_Filter.c **** *
1332:Generated_Source\PSoC4/CapSense_Filter.c **** *******************************************************************************/
1333:Generated_Source\PSoC4/CapSense_Filter.c **** void CapSense_InitializeALPInternal(CapSense_PTR_FILTER_VARIANT ptrFilterHistObj,
1334:Generated_Source\PSoC4/CapSense_Filter.c ****                                             CapSense_RAM_SNS_STRUCT *ptrSensorObj,
1335:Generated_Source\PSoC4/CapSense_Filter.c ****                                             uint32 wdType)
1336:Generated_Source\PSoC4/CapSense_Filter.c **** {
1337:Generated_Source\PSoC4/CapSense_Filter.c ****     uint32 channel;
1338:Generated_Source\PSoC4/CapSense_Filter.c **** 
1339:Generated_Source\PSoC4/CapSense_Filter.c ****     for(channel = CapSense_NUM_SCAN_FREQS; channel-- > 0u;)
1340:Generated_Source\PSoC4/CapSense_Filter.c ****     {
1341:Generated_Source\PSoC4/CapSense_Filter.c ****         if ((CapSense_WD_TYPE_ENUM)wdType != CapSense_WD_PROXIMITY_E)
1342:Generated_Source\PSoC4/CapSense_Filter.c ****         {
1343:Generated_Source\PSoC4/CapSense_Filter.c ****             #if (CapSense_REGULAR_SENSOR_EN && CapSense_REGULAR_RC_ALP_FILTER_EN)
1344:Generated_Source\PSoC4/CapSense_Filter.c ****                 ALP_Initialize(&ptrFilterHistObj.ptrAlp->channel[channel], &ptrSensorObj->raw[chann
1345:Generated_Source\PSoC4/CapSense_Filter.c ****             #endif
1346:Generated_Source\PSoC4/CapSense_Filter.c ****         }
1347:Generated_Source\PSoC4/CapSense_Filter.c ****         else
1348:Generated_Source\PSoC4/CapSense_Filter.c ****         {
1349:Generated_Source\PSoC4/CapSense_Filter.c ****             #if (CapSense_PROXIMITY_SENSOR_EN && CapSense_PROX_RC_ALP_FILTER_EN)
1350:Generated_Source\PSoC4/CapSense_Filter.c ****                 ALP_Initialize(&ptrFilterHistObj.ptrAlp->channel[channel], &ptrSensorObj->raw[chann
1351:Generated_Source\PSoC4/CapSense_Filter.c ****             #endif
1352:Generated_Source\PSoC4/CapSense_Filter.c ****         }
1353:Generated_Source\PSoC4/CapSense_Filter.c ****     }
1354:Generated_Source\PSoC4/CapSense_Filter.c **** }
1355:Generated_Source\PSoC4/CapSense_Filter.c **** 
1356:Generated_Source\PSoC4/CapSense_Filter.c **** /*******************************************************************************
1357:Generated_Source\PSoC4/CapSense_Filter.c **** * Function Name: CapSense_ConfigRunALPInternal
1358:Generated_Source\PSoC4/CapSense_Filter.c **** ****************************************************************************//**
1359:Generated_Source\PSoC4/CapSense_Filter.c **** *
1360:Generated_Source\PSoC4/CapSense_Filter.c **** * \brief    Prepares ALP configuration structure and runs the filter.
1361:Generated_Source\PSoC4/CapSense_Filter.c **** *
1362:Generated_Source\PSoC4/CapSense_Filter.c **** * \details  Prepares ALP configuration structure and runs the filter.
1363:Generated_Source\PSoC4/CapSense_Filter.c **** *
1364:Generated_Source\PSoC4/CapSense_Filter.c **** * \param    ptrFilterHistObj The pointer to the filter RAM object of the sensor.
1365:Generated_Source\PSoC4/CapSense_Filter.c **** * \param    ptrRamWdgt       The pointer to the RAM widget object.
1366:Generated_Source\PSoC4/CapSense_Filter.c **** * \param    ptrSensorObj     The pointer to the sensor RAM object of the sensor.
1367:Generated_Source\PSoC4/CapSense_Filter.c **** * \param    wdType           Specifies the type of a widget.
1368:Generated_Source\PSoC4/CapSense_Filter.c **** *
1369:Generated_Source\PSoC4/CapSense_Filter.c **** *******************************************************************************/
1370:Generated_Source\PSoC4/CapSense_Filter.c **** void CapSense_ConfigRunALPInternal(CapSense_PTR_FILTER_VARIANT ptrFilterHistObj,
1371:Generated_Source\PSoC4/CapSense_Filter.c ****                                     CapSense_RAM_WD_BASE_STRUCT *ptrRamWdgt,
1372:Generated_Source\PSoC4/CapSense_Filter.c ****                                     CapSense_RAM_SNS_STRUCT *ptrSensorObj,
1373:Generated_Source\PSoC4/CapSense_Filter.c ****                                     uint32 wdType)
1374:Generated_Source\PSoC4/CapSense_Filter.c **** {
1375:Generated_Source\PSoC4/CapSense_Filter.c ****     ALP_FLTR_CONFIG_STRUCT alpFilterConfig;
1376:Generated_Source\PSoC4/CapSense_Filter.c ****     
1377:Generated_Source\PSoC4/CapSense_Filter.c ****     alpFilterConfig.configParam0 = ptrRamWdgt->alpOnTh;
1378:Generated_Source\PSoC4/CapSense_Filter.c ****     alpFilterConfig.configParam1 = ptrRamWdgt->alpOffTh;
1379:Generated_Source\PSoC4/CapSense_Filter.c ****     alpFilterConfig.configParam2 = ptrRamWdgt->fingerTh;
1380:Generated_Source\PSoC4/CapSense_Filter.c ****     alpFilterConfig.configParam3 = ptrRamWdgt->noiseTh;
1381:Generated_Source\PSoC4/CapSense_Filter.c ****     alpFilterConfig.configParam4 = ptrRamWdgt->hysteresis;
1382:Generated_Source\PSoC4/CapSense_Filter.c ****     
ARM GAS  C:\Users\Lenovo\AppData\Local\Temp\ccQthNvb.s 			page 32


1383:Generated_Source\PSoC4/CapSense_Filter.c ****     CapSense_RunALPInternal(ptrFilterHistObj, &alpFilterConfig, ptrSensorObj, wdType);
1384:Generated_Source\PSoC4/CapSense_Filter.c **** }
1385:Generated_Source\PSoC4/CapSense_Filter.c **** 
1386:Generated_Source\PSoC4/CapSense_Filter.c **** /*******************************************************************************
1387:Generated_Source\PSoC4/CapSense_Filter.c **** * Function Name: CapSense_RunALPInternal
1388:Generated_Source\PSoC4/CapSense_Filter.c **** ****************************************************************************//**
1389:Generated_Source\PSoC4/CapSense_Filter.c **** *
1390:Generated_Source\PSoC4/CapSense_Filter.c **** * \brief    Runs the ALP filter.
1391:Generated_Source\PSoC4/CapSense_Filter.c **** *
1392:Generated_Source\PSoC4/CapSense_Filter.c **** * \details  Runs the ALP filter.
1393:Generated_Source\PSoC4/CapSense_Filter.c **** *
1394:Generated_Source\PSoC4/CapSense_Filter.c **** * \param    ptrFilterHistObj The pointer to the filter RAM object of the sensor.
1395:Generated_Source\PSoC4/CapSense_Filter.c **** * \param    ptrAlpFilterConfig The pointer to the filter configuration object of the sensor.
1396:Generated_Source\PSoC4/CapSense_Filter.c **** * \param    ptrSensorObj     The pointer to the sensor RAM object of the sensor.
1397:Generated_Source\PSoC4/CapSense_Filter.c **** * \param    wdType           Specifies the type of a widget.
1398:Generated_Source\PSoC4/CapSense_Filter.c **** *
1399:Generated_Source\PSoC4/CapSense_Filter.c **** *******************************************************************************/
1400:Generated_Source\PSoC4/CapSense_Filter.c **** void CapSense_RunALPInternal(CapSense_PTR_FILTER_VARIANT ptrFilterHistObj,
1401:Generated_Source\PSoC4/CapSense_Filter.c ****                                     ALP_FLTR_CONFIG_STRUCT *ptrAlpFilterConfig,
1402:Generated_Source\PSoC4/CapSense_Filter.c ****                                     CapSense_RAM_SNS_STRUCT *ptrSensorObj,
1403:Generated_Source\PSoC4/CapSense_Filter.c ****                                     uint32 wdType)
1404:Generated_Source\PSoC4/CapSense_Filter.c **** {
1405:Generated_Source\PSoC4/CapSense_Filter.c ****     uint32 channel;
1406:Generated_Source\PSoC4/CapSense_Filter.c **** 
1407:Generated_Source\PSoC4/CapSense_Filter.c ****     for(channel = CapSense_NUM_SCAN_FREQS; channel-- > 0u;)
1408:Generated_Source\PSoC4/CapSense_Filter.c ****     {
1409:Generated_Source\PSoC4/CapSense_Filter.c ****         if ((CapSense_WD_TYPE_ENUM)wdType != CapSense_WD_PROXIMITY_E)
1410:Generated_Source\PSoC4/CapSense_Filter.c ****         {
1411:Generated_Source\PSoC4/CapSense_Filter.c ****             #if (CapSense_REGULAR_SENSOR_EN && CapSense_REGULAR_RC_ALP_FILTER_EN)
1412:Generated_Source\PSoC4/CapSense_Filter.c ****                 ptrAlpFilterConfig->configParam5 = CapSense_REGULAR_RC_ALP_FILTER_COEFF;
1413:Generated_Source\PSoC4/CapSense_Filter.c ****                 ALP_Run(&ptrFilterHistObj.ptrAlp->channel[channel], ptrAlpFilterConfig, &ptrSensorO
1414:Generated_Source\PSoC4/CapSense_Filter.c ****             #endif
1415:Generated_Source\PSoC4/CapSense_Filter.c ****         }
1416:Generated_Source\PSoC4/CapSense_Filter.c ****         else
1417:Generated_Source\PSoC4/CapSense_Filter.c ****         {
1418:Generated_Source\PSoC4/CapSense_Filter.c ****             #if (CapSense_PROXIMITY_SENSOR_EN && CapSense_PROX_RC_ALP_FILTER_EN)
1419:Generated_Source\PSoC4/CapSense_Filter.c ****                 ptrAlpFilterConfig->configParam5 = CapSense_PROX_RC_ALP_FILTER_COEFF;
1420:Generated_Source\PSoC4/CapSense_Filter.c ****                 ALP_Run(&ptrFilterHistObj.ptrAlp->channel[channel], ptrAlpFilterConfig, &ptrSensorO
1421:Generated_Source\PSoC4/CapSense_Filter.c ****             #endif
1422:Generated_Source\PSoC4/CapSense_Filter.c ****         }
1423:Generated_Source\PSoC4/CapSense_Filter.c ****     }
1424:Generated_Source\PSoC4/CapSense_Filter.c **** }
1425:Generated_Source\PSoC4/CapSense_Filter.c **** #endif /* (CapSense_ENABLE == CapSense_ALP_FILTER_EN) */
1426:Generated_Source\PSoC4/CapSense_Filter.c ****     
1427:Generated_Source\PSoC4/CapSense_Filter.c **** #if ((CapSense_REGULAR_RC_FILTER_EN || CapSense_PROX_RC_FILTER_EN))
1428:Generated_Source\PSoC4/CapSense_Filter.c **** /*******************************************************************************
1429:Generated_Source\PSoC4/CapSense_Filter.c **** * Function Name: CapSense_FtRunEnabledFilters
1430:Generated_Source\PSoC4/CapSense_Filter.c **** ****************************************************************************//**
1431:Generated_Source\PSoC4/CapSense_Filter.c **** *
1432:Generated_Source\PSoC4/CapSense_Filter.c **** * \brief    Runs all enabled filters.
1433:Generated_Source\PSoC4/CapSense_Filter.c **** *
1434:Generated_Source\PSoC4/CapSense_Filter.c **** * \details  Runs all enabled filters.
1435:Generated_Source\PSoC4/CapSense_Filter.c **** *
1436:Generated_Source\PSoC4/CapSense_Filter.c **** * \param    widgetId Specifies the ID number of a widget to update the IIR filter history.*
1437:Generated_Source\PSoC4/CapSense_Filter.c **** * \param    sensorId Specifies the ID number of a sensor in the widget to update the IIR 
1438:Generated_Source\PSoC4/CapSense_Filter.c **** *           filter history.
1439:Generated_Source\PSoC4/CapSense_Filter.c **** *
ARM GAS  C:\Users\Lenovo\AppData\Local\Temp\ccQthNvb.s 			page 33


1440:Generated_Source\PSoC4/CapSense_Filter.c **** *******************************************************************************/
1441:Generated_Source\PSoC4/CapSense_Filter.c **** void CapSense_FtRunEnabledFilters(uint32 widgetId, uint32 sensorId)
1442:Generated_Source\PSoC4/CapSense_Filter.c **** {
1443:Generated_Source\PSoC4/CapSense_Filter.c ****     CapSense_FLASH_WD_STRUCT const *ptrWidget = &CapSense_dsFlash.wdgtArray[widgetId];      
1444:Generated_Source\PSoC4/CapSense_Filter.c ****     CapSense_RAM_SNS_STRUCT *ptrSensor = NULL;    
1445:Generated_Source\PSoC4/CapSense_Filter.c ****     CapSense_PTR_FILTER_VARIANT ptrFilterHistObj; 
1446:Generated_Source\PSoC4/CapSense_Filter.c ****               
1447:Generated_Source\PSoC4/CapSense_Filter.c ****     /* Find pointer to specified sensor object */     
1448:Generated_Source\PSoC4/CapSense_Filter.c ****     ptrSensor = ptrWidget->ptr2SnsRam;
1449:Generated_Source\PSoC4/CapSense_Filter.c ****     ptrSensor = &ptrSensor[sensorId];
1450:Generated_Source\PSoC4/CapSense_Filter.c ****     
1451:Generated_Source\PSoC4/CapSense_Filter.c ****     /* Find pointer to specified filter sensor object */     
1452:Generated_Source\PSoC4/CapSense_Filter.c ****     ptrFilterHistObj.ptr = ptrWidget->ptr2FltrHistory;
1453:Generated_Source\PSoC4/CapSense_Filter.c ****     
1454:Generated_Source\PSoC4/CapSense_Filter.c ****     if ((CapSense_WD_TYPE_ENUM)ptrWidget->wdgtType != CapSense_WD_PROXIMITY_E)
1455:Generated_Source\PSoC4/CapSense_Filter.c ****     {
1456:Generated_Source\PSoC4/CapSense_Filter.c ****         #if (CapSense_REGULAR_SENSOR_EN)
1457:Generated_Source\PSoC4/CapSense_Filter.c ****             ptrFilterHistObj.ptrRegular = &ptrFilterHistObj.ptrRegular[sensorId];
1458:Generated_Source\PSoC4/CapSense_Filter.c ****         #endif /* (CapSense_REGULAR_SENSOR_EN) */
1459:Generated_Source\PSoC4/CapSense_Filter.c ****     }
1460:Generated_Source\PSoC4/CapSense_Filter.c ****     else
1461:Generated_Source\PSoC4/CapSense_Filter.c ****     {
1462:Generated_Source\PSoC4/CapSense_Filter.c ****         #if (CapSense_PROXIMITY_SENSOR_EN)
1463:Generated_Source\PSoC4/CapSense_Filter.c ****             ptrFilterHistObj.ptrProx = &ptrFilterHistObj.ptrProx[sensorId];
1464:Generated_Source\PSoC4/CapSense_Filter.c ****         #endif /* (CapSense_PROXIMITY_SENSOR_EN) */
1465:Generated_Source\PSoC4/CapSense_Filter.c ****     }
1466:Generated_Source\PSoC4/CapSense_Filter.c ****     
1467:Generated_Source\PSoC4/CapSense_Filter.c ****     CapSense_FtRunEnabledFiltersInternal(ptrFilterHistObj, ptrSensor, (uint32)ptrWidget->wdgtType);
1468:Generated_Source\PSoC4/CapSense_Filter.c ****     
1469:Generated_Source\PSoC4/CapSense_Filter.c ****     #if (CapSense_ALP_FILTER_EN)
1470:Generated_Source\PSoC4/CapSense_Filter.c ****         CapSense_ConfigRunALPInternal(ptrFilterHistObj, ptrWidget->ptr2WdgtRam, ptrSensor, (uint32)
1471:Generated_Source\PSoC4/CapSense_Filter.c ****     #endif
1472:Generated_Source\PSoC4/CapSense_Filter.c **** }
1473:Generated_Source\PSoC4/CapSense_Filter.c **** 
1474:Generated_Source\PSoC4/CapSense_Filter.c **** 
1475:Generated_Source\PSoC4/CapSense_Filter.c **** /*******************************************************************************
1476:Generated_Source\PSoC4/CapSense_Filter.c **** * Function Name: CapSense_FtRunEnabledFiltersInternal
1477:Generated_Source\PSoC4/CapSense_Filter.c **** ****************************************************************************//**
1478:Generated_Source\PSoC4/CapSense_Filter.c **** *
1479:Generated_Source\PSoC4/CapSense_Filter.c **** * \brief    Runs all enabled filters.
1480:Generated_Source\PSoC4/CapSense_Filter.c **** *
1481:Generated_Source\PSoC4/CapSense_Filter.c **** * \details  Runs all enabled filters.
1482:Generated_Source\PSoC4/CapSense_Filter.c **** *
1483:Generated_Source\PSoC4/CapSense_Filter.c **** * \param    ptrFilterHistObj The pointer to the filter RAM object of the sensor.
1484:Generated_Source\PSoC4/CapSense_Filter.c **** * \param    ptrSensorObj     The pointer to the sensor RAM object of the sensor.
1485:Generated_Source\PSoC4/CapSense_Filter.c **** * \param    wdType           Specifies the type of a widget.
1486:Generated_Source\PSoC4/CapSense_Filter.c **** *
1487:Generated_Source\PSoC4/CapSense_Filter.c **** *******************************************************************************/
1488:Generated_Source\PSoC4/CapSense_Filter.c **** void CapSense_FtRunEnabledFiltersInternal(CapSense_PTR_FILTER_VARIANT ptrFilterHistObj, 
1489:Generated_Source\PSoC4/CapSense_Filter.c ****                                                   CapSense_RAM_SNS_STRUCT *ptrSensorObj, uint32 wdT
1490:Generated_Source\PSoC4/CapSense_Filter.c **** {
1491:Generated_Source\PSoC4/CapSense_Filter.c ****     #if (CapSense_REGULAR_RC_MEDIAN_FILTER_EN || CapSense_PROX_RC_MEDIAN_FILTER_EN)
1492:Generated_Source\PSoC4/CapSense_Filter.c ****         CapSense_RunMedianInternal(ptrFilterHistObj, ptrSensorObj, wdType);
1493:Generated_Source\PSoC4/CapSense_Filter.c ****     #endif /* (CapSense_REGULAR_RC_MEDIAN_FILTER_EN || CapSense_PROX_RC_MEDIAN_FILTER_EN) */
1494:Generated_Source\PSoC4/CapSense_Filter.c ****     
1495:Generated_Source\PSoC4/CapSense_Filter.c ****     #if (CapSense_REGULAR_RC_IIR_FILTER_EN || CapSense_PROX_RC_IIR_FILTER_EN)    
1496:Generated_Source\PSoC4/CapSense_Filter.c ****         CapSense_RunIIRInternal(ptrFilterHistObj, ptrSensorObj, wdType);
ARM GAS  C:\Users\Lenovo\AppData\Local\Temp\ccQthNvb.s 			page 34


1497:Generated_Source\PSoC4/CapSense_Filter.c ****     #endif /* (CapSense_REGULAR_RC_IIR_FILTER_EN || CapSense_PROX_RC_IIR_FILTER_EN) */ 
1498:Generated_Source\PSoC4/CapSense_Filter.c **** 
1499:Generated_Source\PSoC4/CapSense_Filter.c ****     #if (CapSense_REGULAR_RC_AVERAGE_FILTER_EN || CapSense_PROX_RC_AVERAGE_FILTER_EN)
1500:Generated_Source\PSoC4/CapSense_Filter.c ****         CapSense_RunAverageInternal(ptrFilterHistObj, ptrSensorObj, wdType);
1501:Generated_Source\PSoC4/CapSense_Filter.c ****     #endif /* (CapSense_REGULAR_RC_AVERAGE_FILTER_EN || CapSense_PROX_RC_AVERAGE_FILTER_EN) */     
1502:Generated_Source\PSoC4/CapSense_Filter.c **** }
1503:Generated_Source\PSoC4/CapSense_Filter.c **** #endif /* (CapSense_REGULAR_RC_FILTER_EN || CapSense_PROX_RC_FILTER_EN) */
1504:Generated_Source\PSoC4/CapSense_Filter.c **** 
1505:Generated_Source\PSoC4/CapSense_Filter.c **** 
1506:Generated_Source\PSoC4/CapSense_Filter.c **** #if (CapSense_CSD_AUTOTUNE & CapSense_CSD_SS_TH_EN)
1507:Generated_Source\PSoC4/CapSense_Filter.c **** /*******************************************************************************
1508:Generated_Source\PSoC4/CapSense_Filter.c **** * Function Name: CapSense_RunNoiseEnvelope
1509:Generated_Source\PSoC4/CapSense_Filter.c **** ****************************************************************************//**
1510:Generated_Source\PSoC4/CapSense_Filter.c **** *
1511:Generated_Source\PSoC4/CapSense_Filter.c **** * \brief    Executes the noise envelope  filter algorithm on a sensor indicated by 
1512:Generated_Source\PSoC4/CapSense_Filter.c **** *           an input parameter to measure the pk-to-pk noise in the sensor raw count.
1513:Generated_Source\PSoC4/CapSense_Filter.c **** *
1514:Generated_Source\PSoC4/CapSense_Filter.c **** * \details  Executes the noise envelope  filter algorithm on a sensor indicated by 
1515:Generated_Source\PSoC4/CapSense_Filter.c **** *           an input parameter to measure the pk-to-pk noise in the sensor raw count.
1516:Generated_Source\PSoC4/CapSense_Filter.c **** *
1517:Generated_Source\PSoC4/CapSense_Filter.c **** * \param    widgetId Specifies the ID number of the widget.
1518:Generated_Source\PSoC4/CapSense_Filter.c **** * \param    sensorId Specifies the ID number of the sensor in the widget.
1519:Generated_Source\PSoC4/CapSense_Filter.c **** *
1520:Generated_Source\PSoC4/CapSense_Filter.c **** *******************************************************************************/
1521:Generated_Source\PSoC4/CapSense_Filter.c **** void CapSense_RunNoiseEnvelope(uint32 widgetId, uint32 sensorId)
1522:Generated_Source\PSoC4/CapSense_Filter.c **** {
1523:Generated_Source\PSoC4/CapSense_Filter.c ****     CapSense_FLASH_WD_STRUCT const *ptrWidget = &CapSense_dsFlash.wdgtArray[widgetId];
1524:Generated_Source\PSoC4/CapSense_Filter.c ****     CapSense_RAM_WD_BASE_STRUCT *ptrWidgetRam = ptrWidget->ptr2WdgtRam;
1525:Generated_Source\PSoC4/CapSense_Filter.c ****     CapSense_RAM_SNS_STRUCT *ptrSensor = NULL;    
1526:Generated_Source\PSoC4/CapSense_Filter.c ****     SMARTSENSE_CSD_NOISE_ENVELOPE_STRUCT *ptrNoiseEnvelope = NULL;
1527:Generated_Source\PSoC4/CapSense_Filter.c **** 
1528:Generated_Source\PSoC4/CapSense_Filter.c ****     /* Find pointer to specified sensor object */
1529:Generated_Source\PSoC4/CapSense_Filter.c ****     ptrSensor = ptrWidget->ptr2SnsRam;
1530:Generated_Source\PSoC4/CapSense_Filter.c ****     ptrSensor = &ptrSensor[sensorId];
1531:Generated_Source\PSoC4/CapSense_Filter.c ****     
1532:Generated_Source\PSoC4/CapSense_Filter.c ****     /* Find pointer to specified filter sensor object */
1533:Generated_Source\PSoC4/CapSense_Filter.c ****     ptrNoiseEnvelope = ptrWidget->ptr2NoiseEnvlp;
1534:Generated_Source\PSoC4/CapSense_Filter.c ****     ptrNoiseEnvelope = &ptrNoiseEnvelope[sensorId];
1535:Generated_Source\PSoC4/CapSense_Filter.c **** 
1536:Generated_Source\PSoC4/CapSense_Filter.c ****     SmartSense_RunNoiseEnvelope(ptrSensor->raw[0u], ptrWidgetRam->sigPFC, ptrNoiseEnvelope);
1537:Generated_Source\PSoC4/CapSense_Filter.c **** }
1538:Generated_Source\PSoC4/CapSense_Filter.c **** 
1539:Generated_Source\PSoC4/CapSense_Filter.c **** 
1540:Generated_Source\PSoC4/CapSense_Filter.c **** /*******************************************************************************
1541:Generated_Source\PSoC4/CapSense_Filter.c **** * Function Name: CapSense_InitializeNoiseEnvelope
1542:Generated_Source\PSoC4/CapSense_Filter.c **** ****************************************************************************//**
1543:Generated_Source\PSoC4/CapSense_Filter.c **** *
1544:Generated_Source\PSoC4/CapSense_Filter.c **** * \brief    Initializes the noise-envelope filter
1545:Generated_Source\PSoC4/CapSense_Filter.c **** *
1546:Generated_Source\PSoC4/CapSense_Filter.c **** * \details  Initializes the noise-envelope filter
1547:Generated_Source\PSoC4/CapSense_Filter.c **** *
1548:Generated_Source\PSoC4/CapSense_Filter.c **** * \param    widgetId Specifies the ID number of the widget.
1549:Generated_Source\PSoC4/CapSense_Filter.c **** * \param    sensorId Specifies the ID number of the sensor in the widget.
1550:Generated_Source\PSoC4/CapSense_Filter.c **** *
1551:Generated_Source\PSoC4/CapSense_Filter.c **** *******************************************************************************/
1552:Generated_Source\PSoC4/CapSense_Filter.c **** void CapSense_InitializeNoiseEnvelope(uint32 widgetId, uint32 sensorId)
1553:Generated_Source\PSoC4/CapSense_Filter.c **** {
ARM GAS  C:\Users\Lenovo\AppData\Local\Temp\ccQthNvb.s 			page 35


1554:Generated_Source\PSoC4/CapSense_Filter.c ****     CapSense_FLASH_WD_STRUCT const *ptrWidget = &CapSense_dsFlash.wdgtArray[widgetId];
1555:Generated_Source\PSoC4/CapSense_Filter.c ****     CapSense_RAM_WD_BASE_STRUCT *ptrWidgetRam = ptrWidget->ptr2WdgtRam;
1556:Generated_Source\PSoC4/CapSense_Filter.c ****     CapSense_RAM_SNS_STRUCT *ptrSensor = NULL;    
1557:Generated_Source\PSoC4/CapSense_Filter.c ****     SMARTSENSE_CSD_NOISE_ENVELOPE_STRUCT *ptrNoiseEnvelope = NULL;
1558:Generated_Source\PSoC4/CapSense_Filter.c **** 
1559:Generated_Source\PSoC4/CapSense_Filter.c ****     /* Find pointer to specified sensor object */
1560:Generated_Source\PSoC4/CapSense_Filter.c ****     ptrSensor = ptrWidget->ptr2SnsRam;
1561:Generated_Source\PSoC4/CapSense_Filter.c ****     ptrSensor = &ptrSensor[sensorId];
1562:Generated_Source\PSoC4/CapSense_Filter.c ****     
1563:Generated_Source\PSoC4/CapSense_Filter.c ****     /* Find pointer to specified filter sensor object */
1564:Generated_Source\PSoC4/CapSense_Filter.c ****     ptrNoiseEnvelope = ptrWidget->ptr2NoiseEnvlp;
1565:Generated_Source\PSoC4/CapSense_Filter.c ****     ptrNoiseEnvelope = &ptrNoiseEnvelope[sensorId];    
1566:Generated_Source\PSoC4/CapSense_Filter.c **** 
1567:Generated_Source\PSoC4/CapSense_Filter.c ****     SmartSense_InitializeNoiseEnvelope(ptrSensor->raw[0u], ptrWidgetRam->sigPFC, ptrNoiseEnvelope);
1568:Generated_Source\PSoC4/CapSense_Filter.c **** }
1569:Generated_Source\PSoC4/CapSense_Filter.c **** #endif /* #if CapSense_CSD_AUTOTUNE & CapSense_CSD_SS_TH_EN */
1570:Generated_Source\PSoC4/CapSense_Filter.c **** 
1571:Generated_Source\PSoC4/CapSense_Filter.c **** 
1572:Generated_Source\PSoC4/CapSense_Filter.c **** #if (CapSense_POS_MEDIAN_FILTER_EN || CapSense_REGULAR_RC_MEDIAN_FILTER_EN || CapSense_PROX_RC_MEDI
1573:Generated_Source\PSoC4/CapSense_Filter.c **** /*******************************************************************************
1574:Generated_Source\PSoC4/CapSense_Filter.c **** * Function Name: CapSense_FtMedian
1575:Generated_Source\PSoC4/CapSense_Filter.c **** ****************************************************************************//**
1576:Generated_Source\PSoC4/CapSense_Filter.c **** *
1577:Generated_Source\PSoC4/CapSense_Filter.c **** * \brief    Return the median value from the three passed arguments.
1578:Generated_Source\PSoC4/CapSense_Filter.c **** *
1579:Generated_Source\PSoC4/CapSense_Filter.c **** * \details  Return the median value from the three passed arguments.
1580:Generated_Source\PSoC4/CapSense_Filter.c **** *
1581:Generated_Source\PSoC4/CapSense_Filter.c **** * \param    x1 The first value to be compared.
1582:Generated_Source\PSoC4/CapSense_Filter.c **** * \param    x2 The second value to be compared.
1583:Generated_Source\PSoC4/CapSense_Filter.c **** * \param    x3 The third value to be compared.
1584:Generated_Source\PSoC4/CapSense_Filter.c **** *
1585:Generated_Source\PSoC4/CapSense_Filter.c **** * \return   Returns the median value of input arguments.
1586:Generated_Source\PSoC4/CapSense_Filter.c **** *
1587:Generated_Source\PSoC4/CapSense_Filter.c **** *******************************************************************************/
1588:Generated_Source\PSoC4/CapSense_Filter.c **** uint32 CapSense_FtMedian(uint32 x1, uint32 x2, uint32 x3)
1589:Generated_Source\PSoC4/CapSense_Filter.c **** {
1590:Generated_Source\PSoC4/CapSense_Filter.c ****     uint32 tmp;
1591:Generated_Source\PSoC4/CapSense_Filter.c **** 
1592:Generated_Source\PSoC4/CapSense_Filter.c ****     if (x1 > x2)
1593:Generated_Source\PSoC4/CapSense_Filter.c ****     {
1594:Generated_Source\PSoC4/CapSense_Filter.c ****         tmp = x2;
1595:Generated_Source\PSoC4/CapSense_Filter.c ****         x2 = x1;
1596:Generated_Source\PSoC4/CapSense_Filter.c ****         x1 = tmp;
1597:Generated_Source\PSoC4/CapSense_Filter.c ****     }
1598:Generated_Source\PSoC4/CapSense_Filter.c **** 
1599:Generated_Source\PSoC4/CapSense_Filter.c ****     if (x2 > x3)
1600:Generated_Source\PSoC4/CapSense_Filter.c ****     {
1601:Generated_Source\PSoC4/CapSense_Filter.c ****         x2 = x3;
1602:Generated_Source\PSoC4/CapSense_Filter.c ****     }
1603:Generated_Source\PSoC4/CapSense_Filter.c **** 
1604:Generated_Source\PSoC4/CapSense_Filter.c ****     return ((x1 > x2) ? x1 : x2);
1605:Generated_Source\PSoC4/CapSense_Filter.c **** }
1606:Generated_Source\PSoC4/CapSense_Filter.c **** #endif /*CapSense_POS_MEDIAN_FILTER_EN || CapSense_REGULAR_RC_MEDIAN_FILTER_EN || CapSense_PROX_RC_
1607:Generated_Source\PSoC4/CapSense_Filter.c **** 
1608:Generated_Source\PSoC4/CapSense_Filter.c **** 
1609:Generated_Source\PSoC4/CapSense_Filter.c **** /*******************************************************************************
1610:Generated_Source\PSoC4/CapSense_Filter.c **** * Function Name: CapSense_FtIIR1stOrder
ARM GAS  C:\Users\Lenovo\AppData\Local\Temp\ccQthNvb.s 			page 36


1611:Generated_Source\PSoC4/CapSense_Filter.c **** ****************************************************************************//**
1612:Generated_Source\PSoC4/CapSense_Filter.c **** *
1613:Generated_Source\PSoC4/CapSense_Filter.c **** * \brief    Return the filtered data by the IIR 1-st order algorithm
1614:Generated_Source\PSoC4/CapSense_Filter.c **** *
1615:Generated_Source\PSoC4/CapSense_Filter.c **** * \details  Return the filtered data by the IIR 1-st order algorithm
1616:Generated_Source\PSoC4/CapSense_Filter.c **** *
1617:Generated_Source\PSoC4/CapSense_Filter.c **** * \param    input      The data to be filtered.
1618:Generated_Source\PSoC4/CapSense_Filter.c **** * \param    prevOutput The previous filtered data.
1619:Generated_Source\PSoC4/CapSense_Filter.c **** * \param    n          The IIR filter coefficient (n/256).
1620:Generated_Source\PSoC4/CapSense_Filter.c **** * \param    shift      The parameter is used to shift input data to have free LSB 
1621:Generated_Source\PSoC4/CapSense_Filter.c **** *                       bits for a fraction storage of the filter output calculation.
1622:Generated_Source\PSoC4/CapSense_Filter.c **** *
1623:Generated_Source\PSoC4/CapSense_Filter.c **** * \return   Returns the filtered data.
1624:Generated_Source\PSoC4/CapSense_Filter.c **** *
1625:Generated_Source\PSoC4/CapSense_Filter.c **** *******************************************************************************/
1626:Generated_Source\PSoC4/CapSense_Filter.c **** uint32 CapSense_FtIIR1stOrder(uint32 input, uint32 prevOutput, uint32 n, uint32 shift)
1627:Generated_Source\PSoC4/CapSense_Filter.c **** {   
 357              		.loc 1 1627 0
 358              		.cfi_startproc
 359              		@ args = 0, pretend = 0, frame = 0
 360              		@ frame_needed = 0, uses_anonymous_args = 0
 361              		@ link register save eliminated.
 362              	.LVL49:
1628:Generated_Source\PSoC4/CapSense_Filter.c ****     uint32 output;
1629:Generated_Source\PSoC4/CapSense_Filter.c ****    
1630:Generated_Source\PSoC4/CapSense_Filter.c ****     /*
1631:Generated_Source\PSoC4/CapSense_Filter.c ****     * n - IIR filter coefficient (n/256)
1632:Generated_Source\PSoC4/CapSense_Filter.c ****     * shift - Used to shift input data to have free LSB bits
1633:Generated_Source\PSoC4/CapSense_Filter.c ****     * for fraction storage of filter output calculation
1634:Generated_Source\PSoC4/CapSense_Filter.c ****     */
1635:Generated_Source\PSoC4/CapSense_Filter.c ****     output = ((n * (input << shift)) + ((CapSense_IIR_COEFFICIENT_K - n) * prevOutput)) >> 8u;
 363              		.loc 1 1635 0
 364 0000 9840     		lsls	r0, r0, r3
 365              	.LVL50:
 366 0002 5043     		muls	r0, r2
 367 0004 8023     		movs	r3, #128
 368              	.LVL51:
 369 0006 5B00     		lsls	r3, r3, #1
 370 0008 9A1A     		subs	r2, r3, r2
 371              	.LVL52:
 372 000a 5143     		muls	r1, r2
 373              	.LVL53:
 374 000c 4018     		adds	r0, r0, r1
 375 000e 000A     		lsrs	r0, r0, #8
 376              	.LVL54:
1636:Generated_Source\PSoC4/CapSense_Filter.c ****     
1637:Generated_Source\PSoC4/CapSense_Filter.c ****     /* Shift operation of output will be done in upper level API if needed */
1638:Generated_Source\PSoC4/CapSense_Filter.c ****     return output;
1639:Generated_Source\PSoC4/CapSense_Filter.c **** }
 377              		.loc 1 1639 0
 378              		@ sp needed
 379 0010 7047     		bx	lr
 380              		.cfi_endproc
 381              	.LFE12:
 382              		.size	CapSense_FtIIR1stOrder, .-CapSense_FtIIR1stOrder
 383 0012 C046     		.section	.text.CapSense_FtUpdateBaseline,"ax",%progbits
 384              		.align	2
ARM GAS  C:\Users\Lenovo\AppData\Local\Temp\ccQthNvb.s 			page 37


 385              		.global	CapSense_FtUpdateBaseline
 386              		.code	16
 387              		.thumb_func
 388              		.type	CapSense_FtUpdateBaseline, %function
 389              	CapSense_FtUpdateBaseline:
 390              	.LFB6:
 329:Generated_Source\PSoC4/CapSense_Filter.c ****     uint32 sign;
 391              		.loc 1 329 0
 392              		.cfi_startproc
 393              		@ args = 0, pretend = 0, frame = 8
 394              		@ frame_needed = 0, uses_anonymous_args = 0
 395              	.LVL55:
 396 0000 F0B5     		push	{r4, r5, r6, r7, lr}
 397              		.cfi_def_cfa_offset 20
 398              		.cfi_offset 4, -20
 399              		.cfi_offset 5, -16
 400              		.cfi_offset 6, -12
 401              		.cfi_offset 7, -8
 402              		.cfi_offset 14, -4
 403 0002 4746     		mov	r7, r8
 404 0004 80B4     		push	{r7}
 405              		.cfi_def_cfa_offset 24
 406              		.cfi_offset 8, -24
 407 0006 82B0     		sub	sp, sp, #8
 408              		.cfi_def_cfa_offset 32
 409 0008 0700     		movs	r7, r0
 410 000a 0E00     		movs	r6, r1
 411 000c 0192     		str	r2, [sp, #4]
 412              	.LVL56:
 341:Generated_Source\PSoC4/CapSense_Filter.c ****     {               
 413              		.loc 1 341 0
 414 000e 0123     		movs	r3, #1
 415 0010 3EE0     		b	.L28
 416              	.LVL57:
 417              	.L35:
 353:Generated_Source\PSoC4/CapSense_Filter.c ****         {
 418              		.loc 1 353 0
 419 0012 6300     		lsls	r3, r4, #1
 420 0014 985B     		ldrh	r0, [r3, r6]
 421 0016 F318     		adds	r3, r6, r3
 422 0018 5988     		ldrh	r1, [r3, #2]
 423 001a 8842     		cmp	r0, r1
 424 001c 05D3     		bcc	.L29
 355:Generated_Source\PSoC4/CapSense_Filter.c ****             sign = 1u;
 425              		.loc 1 355 0
 426 001e 431A     		subs	r3, r0, r1
 427              	.LVL58:
 357:Generated_Source\PSoC4/CapSense_Filter.c ****         }
 428              		.loc 1 357 0
 429 0020 3219     		adds	r2, r6, r4
 430 0022 0025     		movs	r5, #0
 431 0024 1572     		strb	r5, [r2, #8]
 356:Generated_Source\PSoC4/CapSense_Filter.c ****             ptrSensor->negBslnRstCnt[channel] = 0u;
 432              		.loc 1 356 0
 433 0026 0122     		movs	r2, #1
 434 0028 01E0     		b	.L30
 435              	.LVL59:
ARM GAS  C:\Users\Lenovo\AppData\Local\Temp\ccQthNvb.s 			page 38


 436              	.L29:
 361:Generated_Source\PSoC4/CapSense_Filter.c ****             sign = 0u;
 437              		.loc 1 361 0
 438 002a 0B1A     		subs	r3, r1, r0
 439              	.LVL60:
 362:Generated_Source\PSoC4/CapSense_Filter.c ****         }     
 440              		.loc 1 362 0
 441 002c 0022     		movs	r2, #0
 442              	.LVL61:
 443              	.L30:
 366:Generated_Source\PSoC4/CapSense_Filter.c ****         {
 444              		.loc 1 366 0
 445 002e 002A     		cmp	r2, #0
 446 0030 11D1     		bne	.L31
 366:Generated_Source\PSoC4/CapSense_Filter.c ****         {
 447              		.loc 1 366 0 is_stmt 0 discriminator 1
 448 0032 7D79     		ldrb	r5, [r7, #5]
 449 0034 AB42     		cmp	r3, r5
 450 0036 0ED9     		bls	.L31
 368:Generated_Source\PSoC4/CapSense_Filter.c ****             {                
 451              		.loc 1 368 0 is_stmt 1
 452 0038 3319     		adds	r3, r6, r4
 453              	.LVL62:
 454 003a 1B7A     		ldrb	r3, [r3, #8]
 455 003c 3A7A     		ldrb	r2, [r7, #8]
 456              	.LVL63:
 457 003e 9342     		cmp	r3, r2
 458 0040 05D3     		bcc	.L32
 370:Generated_Source\PSoC4/CapSense_Filter.c ****             }
 459              		.loc 1 370 0
 460 0042 2200     		movs	r2, r4
 461 0044 0199     		ldr	r1, [sp, #4]
 462 0046 3000     		movs	r0, r6
 463 0048 FFF7FEFF 		bl	CapSense_FtInitializeBaselineChannel
 464              	.LVL64:
 465 004c 1FE0     		b	.L33
 466              	.L32:
 374:Generated_Source\PSoC4/CapSense_Filter.c ****             }
 467              		.loc 1 374 0
 468 004e 3219     		adds	r2, r6, r4
 469 0050 0133     		adds	r3, r3, #1
 470 0052 1372     		strb	r3, [r2, #8]
 471 0054 1BE0     		b	.L33
 472              	.LVL65:
 473              	.L31:
 381:Generated_Source\PSoC4/CapSense_Filter.c ****                     ((difference < (uint32) ptrWidgetRam->nNoiseTh) && (sign == 0u)))
 474              		.loc 1 381 0
 475 0056 3D79     		ldrb	r5, [r7, #4]
 476 0058 AB42     		cmp	r3, r5
 477 005a 04D9     		bls	.L34
 382:Generated_Source\PSoC4/CapSense_Filter.c ****                 {
 478              		.loc 1 382 0 discriminator 1
 479 005c 7D79     		ldrb	r5, [r7, #5]
 381:Generated_Source\PSoC4/CapSense_Filter.c ****                     ((difference < (uint32) ptrWidgetRam->nNoiseTh) && (sign == 0u)))
 480              		.loc 1 381 0 discriminator 1
 481 005e AB42     		cmp	r3, r5
 482 0060 15D2     		bcs	.L33
ARM GAS  C:\Users\Lenovo\AppData\Local\Temp\ccQthNvb.s 			page 39


 382:Generated_Source\PSoC4/CapSense_Filter.c ****                 {
 483              		.loc 1 382 0
 484 0062 002A     		cmp	r2, #0
 485 0064 13D1     		bne	.L33
 486              	.L34:
 388:Generated_Source\PSoC4/CapSense_Filter.c ****                 {
 487              		.loc 1 388 0
 488 0066 FF23     		movs	r3, #255
 489              	.LVL66:
 490 0068 019A     		ldr	r2, [sp, #4]
 491              	.LVL67:
 492 006a 1340     		ands	r3, r2
 493 006c 062B     		cmp	r3, #6
 494 006e 0ED0     		beq	.L33
 392:Generated_Source\PSoC4/CapSense_Filter.c ****                             history |= ptrSensor->bslnExt[channel];
 495              		.loc 1 392 0
 496 0070 0902     		lsls	r1, r1, #8
 497              	.LVL68:
 393:Generated_Source\PSoC4/CapSense_Filter.c ****                         #else
 498              		.loc 1 393 0
 499 0072 3319     		adds	r3, r6, r4
 500 0074 9846     		mov	r8, r3
 501 0076 1B79     		ldrb	r3, [r3, #4]
 502 0078 1943     		orrs	r1, r3
 503              	.LVL69:
 404:Generated_Source\PSoC4/CapSense_Filter.c ****                                         (uint32)ptrSensor->raw[channel],
 504              		.loc 1 404 0
 505 007a 0823     		movs	r3, #8
 506 007c 0122     		movs	r2, #1
 507 007e FFF7FEFF 		bl	CapSense_FtIIR1stOrder
 508              	.LVL70:
 410:Generated_Source\PSoC4/CapSense_Filter.c ****                             ptrSensor->bslnExt[channel] = LO8(history);
 509              		.loc 1 410 0
 510 0082 020A     		lsrs	r2, r0, #8
 511 0084 6300     		lsls	r3, r4, #1
 512 0086 F318     		adds	r3, r6, r3
 513 0088 5A80     		strh	r2, [r3, #2]
 411:Generated_Source\PSoC4/CapSense_Filter.c ****                         #else
 514              		.loc 1 411 0
 515 008a 4346     		mov	r3, r8
 516 008c 1871     		strb	r0, [r3, #4]
 517              	.LVL71:
 518              	.L33:
 519 008e 2300     		movs	r3, r4
 520              	.LVL72:
 521              	.L28:
 341:Generated_Source\PSoC4/CapSense_Filter.c ****     {               
 522              		.loc 1 341 0 discriminator 1
 523 0090 5C1E     		subs	r4, r3, #1
 524              	.LVL73:
 525 0092 002B     		cmp	r3, #0
 526 0094 BDD1     		bne	.L35
 468:Generated_Source\PSoC4/CapSense_Filter.c **** 
 527              		.loc 1 468 0
 528 0096 0020     		movs	r0, #0
 529 0098 02B0     		add	sp, sp, #8
 530              		@ sp needed
ARM GAS  C:\Users\Lenovo\AppData\Local\Temp\ccQthNvb.s 			page 40


 531              	.LVL74:
 532              	.LVL75:
 533              	.LVL76:
 534 009a 04BC     		pop	{r2}
 535 009c 9046     		mov	r8, r2
 536 009e F0BD     		pop	{r4, r5, r6, r7, pc}
 537              		.cfi_endproc
 538              	.LFE6:
 539              		.size	CapSense_FtUpdateBaseline, .-CapSense_FtUpdateBaseline
 540              		.section	.text.CapSense_UpdateSensorBaseline,"ax",%progbits
 541              		.align	2
 542              		.global	CapSense_UpdateSensorBaseline
 543              		.code	16
 544              		.thumb_func
 545              		.type	CapSense_UpdateSensorBaseline, %function
 546              	CapSense_UpdateSensorBaseline:
 547              	.LFB5:
 271:Generated_Source\PSoC4/CapSense_Filter.c ****     uint32 result = CYRET_SUCCESS;
 548              		.loc 1 271 0
 549              		.cfi_startproc
 550              		@ args = 0, pretend = 0, frame = 0
 551              		@ frame_needed = 0, uses_anonymous_args = 0
 552              	.LVL77:
 553 0000 70B5     		push	{r4, r5, r6, lr}
 554              		.cfi_def_cfa_offset 16
 555              		.cfi_offset 4, -16
 556              		.cfi_offset 5, -12
 557              		.cfi_offset 6, -8
 558              		.cfi_offset 14, -4
 559 0002 0300     		movs	r3, r0
 560              	.LVL78:
 276:Generated_Source\PSoC4/CapSense_Filter.c **** 
 561              		.loc 1 276 0
 562 0004 084C     		ldr	r4, .L37
 563 0006 C500     		lsls	r5, r0, #3
 564 0008 2818     		adds	r0, r5, r0
 565              	.LVL79:
 566 000a 8200     		lsls	r2, r0, #2
 567 000c A218     		adds	r2, r4, r2
 568 000e 5068     		ldr	r0, [r2, #4]
 569              	.LVL80:
 279:Generated_Source\PSoC4/CapSense_Filter.c ****     ptrSensor = &ptrSensor[sensorId];
 570              		.loc 1 279 0
 571 0010 9668     		ldr	r6, [r2, #8]
 572              	.LVL81:
 280:Generated_Source\PSoC4/CapSense_Filter.c ****     result = CapSense_FtUpdateBaseline(ptrWidgetRam, ptrSensor, (uint32)ptrWidget->wdgtType);
 573              		.loc 1 280 0
 574 0012 8A00     		lsls	r2, r1, #2
 575 0014 5218     		adds	r2, r2, r1
 576 0016 5100     		lsls	r1, r2, #1
 577              	.LVL82:
 578 0018 7118     		adds	r1, r6, r1
 579              	.LVL83:
 281:Generated_Source\PSoC4/CapSense_Filter.c ****     
 580              		.loc 1 281 0
 581 001a EB18     		adds	r3, r5, r3
 582              	.LVL84:
ARM GAS  C:\Users\Lenovo\AppData\Local\Temp\ccQthNvb.s 			page 41


 583 001c 9A00     		lsls	r2, r3, #2
 584 001e A218     		adds	r2, r4, r2
 585 0020 127E     		ldrb	r2, [r2, #24]
 586 0022 FFF7FEFF 		bl	CapSense_FtUpdateBaseline
 587              	.LVL85:
 292:Generated_Source\PSoC4/CapSense_Filter.c **** 
 588              		.loc 1 292 0
 589              		@ sp needed
 590              	.LVL86:
 591              	.LVL87:
 592              	.LVL88:
 593 0026 70BD     		pop	{r4, r5, r6, pc}
 594              	.L38:
 595              		.align	2
 596              	.L37:
 597 0028 00000000 		.word	CapSense_dsFlash
 598              		.cfi_endproc
 599              	.LFE5:
 600              		.size	CapSense_UpdateSensorBaseline, .-CapSense_UpdateSensorBaseline
 601              		.section	.text.CapSense_UpdateWidgetBaseline,"ax",%progbits
 602              		.align	2
 603              		.global	CapSense_UpdateWidgetBaseline
 604              		.code	16
 605              		.thumb_func
 606              		.type	CapSense_UpdateWidgetBaseline, %function
 607              	CapSense_UpdateWidgetBaseline:
 608              	.LFB4:
 214:Generated_Source\PSoC4/CapSense_Filter.c ****     uint32 sensorId;       
 609              		.loc 1 214 0
 610              		.cfi_startproc
 611              		@ args = 0, pretend = 0, frame = 0
 612              		@ frame_needed = 0, uses_anonymous_args = 0
 613              	.LVL89:
 614 0000 70B5     		push	{r4, r5, r6, lr}
 615              		.cfi_def_cfa_offset 16
 616              		.cfi_offset 4, -16
 617              		.cfi_offset 5, -12
 618              		.cfi_offset 6, -8
 619              		.cfi_offset 14, -4
 620 0002 0600     		movs	r6, r0
 621              	.LVL90:
 222:Generated_Source\PSoC4/CapSense_Filter.c ****     
 622              		.loc 1 222 0
 623 0004 C200     		lsls	r2, r0, #3
 624 0006 1218     		adds	r2, r2, r0
 625 0008 9300     		lsls	r3, r2, #2
 626 000a 084A     		ldr	r2, .L42
 627 000c D318     		adds	r3, r2, r3
 628 000e DB8A     		ldrh	r3, [r3, #22]
 629              	.LVL91:
 219:Generated_Source\PSoC4/CapSense_Filter.c ****     
 630              		.loc 1 219 0
 631 0010 0025     		movs	r5, #0
 224:Generated_Source\PSoC4/CapSense_Filter.c ****     {
 632              		.loc 1 224 0
 633 0012 05E0     		b	.L40
 634              	.LVL92:
ARM GAS  C:\Users\Lenovo\AppData\Local\Temp\ccQthNvb.s 			page 42


 635              	.L41:
 226:Generated_Source\PSoC4/CapSense_Filter.c ****     }
 636              		.loc 1 226 0
 637 0014 2100     		movs	r1, r4
 638 0016 3000     		movs	r0, r6
 639 0018 FFF7FEFF 		bl	CapSense_UpdateSensorBaseline
 640              	.LVL93:
 641 001c 0543     		orrs	r5, r0
 642              	.LVL94:
 224:Generated_Source\PSoC4/CapSense_Filter.c ****     {
 643              		.loc 1 224 0
 644 001e 2300     		movs	r3, r4
 645              	.LVL95:
 646              	.L40:
 224:Generated_Source\PSoC4/CapSense_Filter.c ****     {
 647              		.loc 1 224 0 is_stmt 0 discriminator 1
 648 0020 5C1E     		subs	r4, r3, #1
 649              	.LVL96:
 650 0022 002B     		cmp	r3, #0
 651 0024 F6D1     		bne	.L41
 230:Generated_Source\PSoC4/CapSense_Filter.c **** 
 652              		.loc 1 230 0 is_stmt 1
 653 0026 2800     		movs	r0, r5
 654              		@ sp needed
 655              	.LVL97:
 656              	.LVL98:
 657              	.LVL99:
 658 0028 70BD     		pop	{r4, r5, r6, pc}
 659              	.L43:
 660 002a C046     		.align	2
 661              	.L42:
 662 002c 00000000 		.word	CapSense_dsFlash
 663              		.cfi_endproc
 664              	.LFE4:
 665              		.size	CapSense_UpdateWidgetBaseline, .-CapSense_UpdateWidgetBaseline
 666              		.section	.text.CapSense_UpdateAllBaselines,"ax",%progbits
 667              		.align	2
 668              		.global	CapSense_UpdateAllBaselines
 669              		.code	16
 670              		.thumb_func
 671              		.type	CapSense_UpdateAllBaselines, %function
 672              	CapSense_UpdateAllBaselines:
 673              	.LFB3:
 169:Generated_Source\PSoC4/CapSense_Filter.c ****     uint32 widgetId; 
 674              		.loc 1 169 0
 675              		.cfi_startproc
 676              		@ args = 0, pretend = 0, frame = 0
 677              		@ frame_needed = 0, uses_anonymous_args = 0
 678 0000 70B5     		push	{r4, r5, r6, lr}
 679              		.cfi_def_cfa_offset 16
 680              		.cfi_offset 4, -16
 681              		.cfi_offset 5, -12
 682              		.cfi_offset 6, -8
 683              		.cfi_offset 14, -4
 684              	.LVL100:
 171:Generated_Source\PSoC4/CapSense_Filter.c ****     
 685              		.loc 1 171 0
ARM GAS  C:\Users\Lenovo\AppData\Local\Temp\ccQthNvb.s 			page 43


 686 0002 0024     		movs	r4, #0
 173:Generated_Source\PSoC4/CapSense_Filter.c ****     {            
 687              		.loc 1 173 0
 688 0004 0123     		movs	r3, #1
 689 0006 04E0     		b	.L45
 690              	.LVL101:
 691              	.L46:
 175:Generated_Source\PSoC4/CapSense_Filter.c ****     }      
 692              		.loc 1 175 0
 693 0008 2800     		movs	r0, r5
 694 000a FFF7FEFF 		bl	CapSense_UpdateWidgetBaseline
 695              	.LVL102:
 696 000e 0443     		orrs	r4, r0
 697              	.LVL103:
 173:Generated_Source\PSoC4/CapSense_Filter.c ****     {            
 698              		.loc 1 173 0
 699 0010 2B00     		movs	r3, r5
 700              	.LVL104:
 701              	.L45:
 173:Generated_Source\PSoC4/CapSense_Filter.c ****     {            
 702              		.loc 1 173 0 is_stmt 0 discriminator 1
 703 0012 5D1E     		subs	r5, r3, #1
 704              	.LVL105:
 705 0014 002B     		cmp	r3, #0
 706 0016 F7D1     		bne	.L46
 179:Generated_Source\PSoC4/CapSense_Filter.c ****   
 707              		.loc 1 179 0 is_stmt 1
 708 0018 2000     		movs	r0, r4
 709              		@ sp needed
 710              	.LVL106:
 711              	.LVL107:
 712 001a 70BD     		pop	{r4, r5, r6, pc}
 713              		.cfi_endproc
 714              	.LFE3:
 715              		.size	CapSense_UpdateAllBaselines, .-CapSense_UpdateAllBaselines
 716              		.text
 717              	.Letext0:
 718              		.file 2 "Generated_Source\\PSoC4\\cytypes.h"
 719              		.file 3 "Generated_Source\\PSoC4\\CapSense_Configuration.h"
 720              		.file 4 "Generated_Source\\PSoC4\\CapSense_Structure.h"
 721              		.section	.debug_info,"",%progbits
 722              	.Ldebug_info0:
 723 0000 F0080000 		.4byte	0x8f0
 724 0004 0400     		.2byte	0x4
 725 0006 00000000 		.4byte	.Ldebug_abbrev0
 726 000a 04       		.byte	0x4
 727 000b 01       		.uleb128 0x1
 728 000c 83000000 		.4byte	.LASF93
 729 0010 0C       		.byte	0xc
 730 0011 F2010000 		.4byte	.LASF94
 731 0015 D3030000 		.4byte	.LASF95
 732 0019 00000000 		.4byte	.Ldebug_ranges0+0
 733 001d 00000000 		.4byte	0
 734 0021 00000000 		.4byte	.Ldebug_line0
 735 0025 02       		.uleb128 0x2
 736 0026 01       		.byte	0x1
 737 0027 06       		.byte	0x6
ARM GAS  C:\Users\Lenovo\AppData\Local\Temp\ccQthNvb.s 			page 44


 738 0028 C0010000 		.4byte	.LASF0
 739 002c 02       		.uleb128 0x2
 740 002d 01       		.byte	0x1
 741 002e 08       		.byte	0x8
 742 002f CA040000 		.4byte	.LASF1
 743 0033 02       		.uleb128 0x2
 744 0034 02       		.byte	0x2
 745 0035 05       		.byte	0x5
 746 0036 F8040000 		.4byte	.LASF2
 747 003a 02       		.uleb128 0x2
 748 003b 02       		.byte	0x2
 749 003c 07       		.byte	0x7
 750 003d F3020000 		.4byte	.LASF3
 751 0041 02       		.uleb128 0x2
 752 0042 04       		.byte	0x4
 753 0043 05       		.byte	0x5
 754 0044 E9010000 		.4byte	.LASF4
 755 0048 02       		.uleb128 0x2
 756 0049 04       		.byte	0x4
 757 004a 07       		.byte	0x7
 758 004b B1020000 		.4byte	.LASF5
 759 004f 02       		.uleb128 0x2
 760 0050 08       		.byte	0x8
 761 0051 05       		.byte	0x5
 762 0052 B2010000 		.4byte	.LASF6
 763 0056 02       		.uleb128 0x2
 764 0057 08       		.byte	0x8
 765 0058 07       		.byte	0x7
 766 0059 29010000 		.4byte	.LASF7
 767 005d 03       		.uleb128 0x3
 768 005e 04       		.byte	0x4
 769 005f 05       		.byte	0x5
 770 0060 696E7400 		.ascii	"int\000"
 771 0064 02       		.uleb128 0x2
 772 0065 04       		.byte	0x4
 773 0066 07       		.byte	0x7
 774 0067 A4020000 		.4byte	.LASF8
 775 006b 04       		.uleb128 0x4
 776 006c 2C020000 		.4byte	.LASF9
 777 0070 02       		.byte	0x2
 778 0071 D201     		.2byte	0x1d2
 779 0073 2C000000 		.4byte	0x2c
 780 0077 04       		.uleb128 0x4
 781 0078 00000000 		.4byte	.LASF10
 782 007c 02       		.byte	0x2
 783 007d D301     		.2byte	0x1d3
 784 007f 3A000000 		.4byte	0x3a
 785 0083 04       		.uleb128 0x4
 786 0084 5B020000 		.4byte	.LASF11
 787 0088 02       		.byte	0x2
 788 0089 D401     		.2byte	0x1d4
 789 008b 48000000 		.4byte	0x48
 790 008f 02       		.uleb128 0x2
 791 0090 04       		.byte	0x4
 792 0091 04       		.byte	0x4
 793 0092 72040000 		.4byte	.LASF12
 794 0096 02       		.uleb128 0x2
ARM GAS  C:\Users\Lenovo\AppData\Local\Temp\ccQthNvb.s 			page 45


 795 0097 08       		.byte	0x8
 796 0098 04       		.byte	0x4
 797 0099 39020000 		.4byte	.LASF13
 798 009d 02       		.uleb128 0x2
 799 009e 01       		.byte	0x1
 800 009f 08       		.byte	0x8
 801 00a0 74050000 		.4byte	.LASF14
 802 00a4 04       		.uleb128 0x4
 803 00a5 5A060000 		.4byte	.LASF15
 804 00a9 02       		.byte	0x2
 805 00aa 7402     		.2byte	0x274
 806 00ac 48000000 		.4byte	0x48
 807 00b0 02       		.uleb128 0x2
 808 00b1 08       		.byte	0x8
 809 00b2 04       		.byte	0x4
 810 00b3 8F030000 		.4byte	.LASF16
 811 00b7 02       		.uleb128 0x2
 812 00b8 04       		.byte	0x4
 813 00b9 07       		.byte	0x7
 814 00ba 7C030000 		.4byte	.LASF17
 815 00be 05       		.uleb128 0x5
 816 00bf 04       		.byte	0x4
 817 00c0 06       		.uleb128 0x6
 818 00c1 7E010000 		.4byte	.LASF18
 819 00c5 03       		.byte	0x3
 820 00c6 DD       		.byte	0xdd
 821 00c7 77000000 		.4byte	0x77
 822 00cb 06       		.uleb128 0x6
 823 00cc 52010000 		.4byte	.LASF19
 824 00d0 03       		.byte	0x3
 825 00d1 E1       		.byte	0xe1
 826 00d2 6B000000 		.4byte	0x6b
 827 00d6 07       		.uleb128 0x7
 828 00d7 01       		.byte	0x1
 829 00d8 2C000000 		.4byte	0x2c
 830 00dc 04       		.byte	0x4
 831 00dd 53       		.byte	0x53
 832 00de 07010000 		.4byte	0x107
 833 00e2 08       		.uleb128 0x8
 834 00e3 B5040000 		.4byte	.LASF20
 835 00e7 01       		.byte	0x1
 836 00e8 08       		.uleb128 0x8
 837 00e9 96010000 		.4byte	.LASF21
 838 00ed 02       		.byte	0x2
 839 00ee 08       		.uleb128 0x8
 840 00ef 78040000 		.4byte	.LASF22
 841 00f3 03       		.byte	0x3
 842 00f4 08       		.uleb128 0x8
 843 00f5 83020000 		.4byte	.LASF23
 844 00f9 04       		.byte	0x4
 845 00fa 08       		.uleb128 0x8
 846 00fb 2E050000 		.4byte	.LASF24
 847 00ff 05       		.byte	0x5
 848 0100 08       		.uleb128 0x8
 849 0101 92060000 		.4byte	.LASF25
 850 0105 06       		.byte	0x6
 851 0106 00       		.byte	0
ARM GAS  C:\Users\Lenovo\AppData\Local\Temp\ccQthNvb.s 			page 46


 852 0107 06       		.uleb128 0x6
 853 0108 A7050000 		.4byte	.LASF26
 854 010c 04       		.byte	0x4
 855 010d 5A       		.byte	0x5a
 856 010e D6000000 		.4byte	0xd6
 857 0112 09       		.uleb128 0x9
 858 0113 0E       		.byte	0xe
 859 0114 04       		.byte	0x4
 860 0115 80       		.byte	0x80
 861 0116 93010000 		.4byte	0x193
 862 011a 0A       		.uleb128 0xa
 863 011b 69050000 		.4byte	.LASF27
 864 011f 04       		.byte	0x4
 865 0120 86       		.byte	0x86
 866 0121 77000000 		.4byte	0x77
 867 0125 00       		.byte	0
 868 0126 0A       		.uleb128 0xa
 869 0127 89060000 		.4byte	.LASF28
 870 012b 04       		.byte	0x4
 871 012c 8B       		.byte	0x8b
 872 012d C0000000 		.4byte	0xc0
 873 0131 02       		.byte	0x2
 874 0132 0A       		.uleb128 0xa
 875 0133 DA060000 		.4byte	.LASF29
 876 0137 04       		.byte	0x4
 877 0138 90       		.byte	0x90
 878 0139 6B000000 		.4byte	0x6b
 879 013d 04       		.byte	0x4
 880 013e 0A       		.uleb128 0xa
 881 013f CA030000 		.4byte	.LASF30
 882 0143 04       		.byte	0x4
 883 0144 95       		.byte	0x95
 884 0145 6B000000 		.4byte	0x6b
 885 0149 05       		.byte	0x5
 886 014a 0A       		.uleb128 0xa
 887 014b 62020000 		.4byte	.LASF31
 888 014f 04       		.byte	0x4
 889 0150 9A       		.byte	0x9a
 890 0151 6B000000 		.4byte	0x6b
 891 0155 06       		.byte	0x6
 892 0156 0A       		.uleb128 0xa
 893 0157 9C050000 		.4byte	.LASF32
 894 015b 04       		.byte	0x4
 895 015c 9F       		.byte	0x9f
 896 015d 6B000000 		.4byte	0x6b
 897 0161 07       		.byte	0x7
 898 0162 0A       		.uleb128 0xa
 899 0163 E8020000 		.4byte	.LASF33
 900 0167 04       		.byte	0x4
 901 0168 A5       		.byte	0xa5
 902 0169 CB000000 		.4byte	0xcb
 903 016d 08       		.byte	0x8
 904 016e 0A       		.uleb128 0xa
 905 016f 6C030000 		.4byte	.LASF34
 906 0173 04       		.byte	0x4
 907 0174 AC       		.byte	0xac
 908 0175 93010000 		.4byte	0x193
ARM GAS  C:\Users\Lenovo\AppData\Local\Temp\ccQthNvb.s 			page 47


 909 0179 09       		.byte	0x9
 910 017a 0A       		.uleb128 0xa
 911 017b 79050000 		.4byte	.LASF35
 912 017f 04       		.byte	0x4
 913 0180 B3       		.byte	0xb3
 914 0181 77000000 		.4byte	0x77
 915 0185 0A       		.byte	0xa
 916 0186 0A       		.uleb128 0xa
 917 0187 4D060000 		.4byte	.LASF36
 918 018b 04       		.byte	0x4
 919 018c B8       		.byte	0xb8
 920 018d 6B000000 		.4byte	0x6b
 921 0191 0C       		.byte	0xc
 922 0192 00       		.byte	0
 923 0193 0B       		.uleb128 0xb
 924 0194 6B000000 		.4byte	0x6b
 925 0198 A3010000 		.4byte	0x1a3
 926 019c 0C       		.uleb128 0xc
 927 019d B7000000 		.4byte	0xb7
 928 01a1 00       		.byte	0
 929 01a2 00       		.byte	0
 930 01a3 06       		.uleb128 0x6
 931 01a4 80050000 		.4byte	.LASF37
 932 01a8 04       		.byte	0x4
 933 01a9 B9       		.byte	0xb9
 934 01aa 12010000 		.4byte	0x112
 935 01ae 0B       		.uleb128 0xb
 936 01af 77000000 		.4byte	0x77
 937 01b3 BE010000 		.4byte	0x1be
 938 01b7 0C       		.uleb128 0xc
 939 01b8 B7000000 		.4byte	0xb7
 940 01bc 00       		.byte	0
 941 01bd 00       		.byte	0
 942 01be 0D       		.uleb128 0xd
 943 01bf 0A       		.byte	0xa
 944 01c0 04       		.byte	0x4
 945 01c1 0E01     		.2byte	0x10e
 946 01c3 09020000 		.4byte	0x209
 947 01c7 0E       		.uleb128 0xe
 948 01c8 72617700 		.ascii	"raw\000"
 949 01cc 04       		.byte	0x4
 950 01cd 1301     		.2byte	0x113
 951 01cf AE010000 		.4byte	0x1ae
 952 01d3 00       		.byte	0
 953 01d4 0F       		.uleb128 0xf
 954 01d5 9F020000 		.4byte	.LASF38
 955 01d9 04       		.byte	0x4
 956 01da 1801     		.2byte	0x118
 957 01dc AE010000 		.4byte	0x1ae
 958 01e0 02       		.byte	0x2
 959 01e1 0F       		.uleb128 0xf
 960 01e2 6D020000 		.4byte	.LASF39
 961 01e6 04       		.byte	0x4
 962 01e7 1E01     		.2byte	0x11e
 963 01e9 93010000 		.4byte	0x193
 964 01ed 04       		.byte	0x4
 965 01ee 0F       		.uleb128 0xf
ARM GAS  C:\Users\Lenovo\AppData\Local\Temp\ccQthNvb.s 			page 48


 966 01ef 4D010000 		.4byte	.LASF40
 967 01f3 04       		.byte	0x4
 968 01f4 2301     		.2byte	0x123
 969 01f6 C0000000 		.4byte	0xc0
 970 01fa 06       		.byte	0x6
 971 01fb 0F       		.uleb128 0xf
 972 01fc DF050000 		.4byte	.LASF41
 973 0200 04       		.byte	0x4
 974 0201 2801     		.2byte	0x128
 975 0203 09020000 		.4byte	0x209
 976 0207 08       		.byte	0x8
 977 0208 00       		.byte	0
 978 0209 0B       		.uleb128 0xb
 979 020a CB000000 		.4byte	0xcb
 980 020e 19020000 		.4byte	0x219
 981 0212 0C       		.uleb128 0xc
 982 0213 B7000000 		.4byte	0xb7
 983 0217 00       		.byte	0
 984 0218 00       		.byte	0
 985 0219 04       		.uleb128 0x4
 986 021a 11010000 		.4byte	.LASF42
 987 021e 04       		.byte	0x4
 988 021f 2901     		.2byte	0x129
 989 0221 BE010000 		.4byte	0x1be
 990 0225 0D       		.uleb128 0xd
 991 0226 24       		.byte	0x24
 992 0227 04       		.byte	0x4
 993 0228 F601     		.2byte	0x1f6
 994 022a CB020000 		.4byte	0x2cb
 995 022e 0F       		.uleb128 0xf
 996 022f 40010000 		.4byte	.LASF43
 997 0233 04       		.byte	0x4
 998 0234 FF01     		.2byte	0x1ff
 999 0236 CB020000 		.4byte	0x2cb
 1000 023a 00       		.byte	0
 1001 023b 0F       		.uleb128 0xf
 1002 023c 3E030000 		.4byte	.LASF44
 1003 0240 04       		.byte	0x4
 1004 0241 0502     		.2byte	0x205
 1005 0243 BE000000 		.4byte	0xbe
 1006 0247 04       		.byte	0x4
 1007 0248 0F       		.uleb128 0xf
 1008 0249 1B020000 		.4byte	.LASF45
 1009 024d 04       		.byte	0x4
 1010 024e 0B02     		.2byte	0x20b
 1011 0250 D2020000 		.4byte	0x2d2
 1012 0254 08       		.byte	0x8
 1013 0255 0F       		.uleb128 0xf
 1014 0256 02050000 		.4byte	.LASF46
 1015 025a 04       		.byte	0x4
 1016 025b 1002     		.2byte	0x210
 1017 025d BE000000 		.4byte	0xbe
 1018 0261 0C       		.byte	0xc
 1019 0262 0F       		.uleb128 0xf
 1020 0263 F9050000 		.4byte	.LASF47
 1021 0267 04       		.byte	0x4
 1022 0268 1702     		.2byte	0x217
ARM GAS  C:\Users\Lenovo\AppData\Local\Temp\ccQthNvb.s 			page 49


 1023 026a D8020000 		.4byte	0x2d8
 1024 026e 10       		.byte	0x10
 1025 026f 0F       		.uleb128 0xf
 1026 0270 BD030000 		.4byte	.LASF48
 1027 0274 04       		.byte	0x4
 1028 0275 1C02     		.2byte	0x21c
 1029 0277 77000000 		.4byte	0x77
 1030 027b 14       		.byte	0x14
 1031 027c 0F       		.uleb128 0xf
 1032 027d ED050000 		.4byte	.LASF49
 1033 0281 04       		.byte	0x4
 1034 0282 2302     		.2byte	0x223
 1035 0284 77000000 		.4byte	0x77
 1036 0288 16       		.byte	0x16
 1037 0289 0F       		.uleb128 0xf
 1038 028a 3F040000 		.4byte	.LASF50
 1039 028e 04       		.byte	0x4
 1040 028f 2E02     		.2byte	0x22e
 1041 0291 6B000000 		.4byte	0x6b
 1042 0295 18       		.byte	0x18
 1043 0296 0F       		.uleb128 0xf
 1044 0297 74030000 		.4byte	.LASF51
 1045 029b 04       		.byte	0x4
 1046 029c 3602     		.2byte	0x236
 1047 029e 6B000000 		.4byte	0x6b
 1048 02a2 19       		.byte	0x19
 1049 02a3 0F       		.uleb128 0xf
 1050 02a4 40020000 		.4byte	.LASF52
 1051 02a8 04       		.byte	0x4
 1052 02a9 3C02     		.2byte	0x23c
 1053 02ab 77000000 		.4byte	0x77
 1054 02af 1A       		.byte	0x1a
 1055 02b0 0F       		.uleb128 0xf
 1056 02b1 48040000 		.4byte	.LASF53
 1057 02b5 04       		.byte	0x4
 1058 02b6 4502     		.2byte	0x245
 1059 02b8 83000000 		.4byte	0x83
 1060 02bc 1C       		.byte	0x1c
 1061 02bd 0F       		.uleb128 0xf
 1062 02be 07000000 		.4byte	.LASF54
 1063 02c2 04       		.byte	0x4
 1064 02c3 4A02     		.2byte	0x24a
 1065 02c5 BE000000 		.4byte	0xbe
 1066 02c9 20       		.byte	0x20
 1067 02ca 00       		.byte	0
 1068 02cb 10       		.uleb128 0x10
 1069 02cc 04       		.byte	0x4
 1070 02cd D1020000 		.4byte	0x2d1
 1071 02d1 11       		.uleb128 0x11
 1072 02d2 10       		.uleb128 0x10
 1073 02d3 04       		.byte	0x4
 1074 02d4 19020000 		.4byte	0x219
 1075 02d8 10       		.uleb128 0x10
 1076 02d9 04       		.byte	0x4
 1077 02da 6B000000 		.4byte	0x6b
 1078 02de 04       		.uleb128 0x4
 1079 02df 41000000 		.4byte	.LASF55
ARM GAS  C:\Users\Lenovo\AppData\Local\Temp\ccQthNvb.s 			page 50


 1080 02e3 04       		.byte	0x4
 1081 02e4 4B02     		.2byte	0x24b
 1082 02e6 25020000 		.4byte	0x225
 1083 02ea 0D       		.uleb128 0xd
 1084 02eb 24       		.byte	0x24
 1085 02ec 04       		.byte	0x4
 1086 02ed 5102     		.2byte	0x251
 1087 02ef 01030000 		.4byte	0x301
 1088 02f3 0F       		.uleb128 0xf
 1089 02f4 1F060000 		.4byte	.LASF56
 1090 02f8 04       		.byte	0x4
 1091 02f9 5602     		.2byte	0x256
 1092 02fb 01030000 		.4byte	0x301
 1093 02ff 00       		.byte	0
 1094 0300 00       		.byte	0
 1095 0301 0B       		.uleb128 0xb
 1096 0302 DE020000 		.4byte	0x2de
 1097 0306 11030000 		.4byte	0x311
 1098 030a 0C       		.uleb128 0xc
 1099 030b B7000000 		.4byte	0xb7
 1100 030f 00       		.byte	0
 1101 0310 00       		.byte	0
 1102 0311 04       		.uleb128 0x4
 1103 0312 09060000 		.4byte	.LASF57
 1104 0316 04       		.byte	0x4
 1105 0317 5702     		.2byte	0x257
 1106 0319 EA020000 		.4byte	0x2ea
 1107 031d 0D       		.uleb128 0xd
 1108 031e 02       		.byte	0x2
 1109 031f 04       		.byte	0x4
 1110 0320 8C02     		.2byte	0x28c
 1111 0322 34030000 		.4byte	0x334
 1112 0326 0F       		.uleb128 0xf
 1113 0327 45060000 		.4byte	.LASF58
 1114 032b 04       		.byte	0x4
 1115 032c 8E02     		.2byte	0x28e
 1116 032e 77000000 		.4byte	0x77
 1117 0332 00       		.byte	0
 1118 0333 00       		.byte	0
 1119 0334 04       		.uleb128 0x4
 1120 0335 C3020000 		.4byte	.LASF59
 1121 0339 04       		.byte	0x4
 1122 033a 8F02     		.2byte	0x28f
 1123 033c 1D030000 		.4byte	0x31d
 1124 0340 0D       		.uleb128 0xd
 1125 0341 02       		.byte	0x2
 1126 0342 04       		.byte	0x4
 1127 0343 9402     		.2byte	0x294
 1128 0345 57030000 		.4byte	0x357
 1129 0349 0F       		.uleb128 0xf
 1130 034a A6040000 		.4byte	.LASF60
 1131 034e 04       		.byte	0x4
 1132 034f 9902     		.2byte	0x299
 1133 0351 57030000 		.4byte	0x357
 1134 0355 00       		.byte	0
 1135 0356 00       		.byte	0
 1136 0357 0B       		.uleb128 0xb
ARM GAS  C:\Users\Lenovo\AppData\Local\Temp\ccQthNvb.s 			page 51


 1137 0358 34030000 		.4byte	0x334
 1138 035c 67030000 		.4byte	0x367
 1139 0360 0C       		.uleb128 0xc
 1140 0361 B7000000 		.4byte	0xb7
 1141 0365 00       		.byte	0
 1142 0366 00       		.byte	0
 1143 0367 04       		.uleb128 0x4
 1144 0368 CC010000 		.4byte	.LASF61
 1145 036c 04       		.byte	0x4
 1146 036d 9A02     		.2byte	0x29a
 1147 036f 40030000 		.4byte	0x340
 1148 0373 12       		.uleb128 0x12
 1149 0374 04       		.byte	0x4
 1150 0375 04       		.byte	0x4
 1151 0376 9F02     		.2byte	0x29f
 1152 0378 95030000 		.4byte	0x395
 1153 037c 13       		.uleb128 0x13
 1154 037d 70747200 		.ascii	"ptr\000"
 1155 0381 04       		.byte	0x4
 1156 0382 A402     		.2byte	0x2a4
 1157 0384 BE000000 		.4byte	0xbe
 1158 0388 14       		.uleb128 0x14
 1159 0389 AA060000 		.4byte	.LASF62
 1160 038d 04       		.byte	0x4
 1161 038e A902     		.2byte	0x2a9
 1162 0390 95030000 		.4byte	0x395
 1163 0394 00       		.byte	0
 1164 0395 10       		.uleb128 0x10
 1165 0396 04       		.byte	0x4
 1166 0397 67030000 		.4byte	0x367
 1167 039b 04       		.uleb128 0x4
 1168 039c 4D050000 		.4byte	.LASF63
 1169 03a0 04       		.byte	0x4
 1170 03a1 AA02     		.2byte	0x2aa
 1171 03a3 73030000 		.4byte	0x373
 1172 03a7 15       		.uleb128 0x15
 1173 03a8 5A000000 		.4byte	.LASF96
 1174 03ac 01       		.byte	0x1
 1175 03ad 4B02     		.2byte	0x24b
 1176 03af 03       		.byte	0x3
 1177 03b0 D9030000 		.4byte	0x3d9
 1178 03b4 16       		.uleb128 0x16
 1179 03b5 74060000 		.4byte	.LASF64
 1180 03b9 01       		.byte	0x1
 1181 03ba 4B02     		.2byte	0x24b
 1182 03bc D2020000 		.4byte	0x2d2
 1183 03c0 16       		.uleb128 0x16
 1184 03c1 4A030000 		.4byte	.LASF65
 1185 03c5 01       		.byte	0x1
 1186 03c6 4B02     		.2byte	0x24b
 1187 03c8 83000000 		.4byte	0x83
 1188 03cc 17       		.uleb128 0x17
 1189 03cd 45050000 		.4byte	.LASF69
 1190 03d1 01       		.byte	0x1
 1191 03d2 4D02     		.2byte	0x24d
 1192 03d4 83000000 		.4byte	0x83
 1193 03d8 00       		.byte	0
ARM GAS  C:\Users\Lenovo\AppData\Local\Temp\ccQthNvb.s 			page 52


 1194 03d9 18       		.uleb128 0x18
 1195 03da 5C040000 		.4byte	.LASF72
 1196 03de 01       		.byte	0x1
 1197 03df 3D       		.byte	0x3d
 1198 03e0 00000000 		.4byte	.LFB2
 1199 03e4 28000000 		.4byte	.LFE2-.LFB2
 1200 03e8 01       		.uleb128 0x1
 1201 03e9 9C       		.byte	0x9c
 1202 03ea 3E040000 		.4byte	0x43e
 1203 03ee 19       		.uleb128 0x19
 1204 03ef 5C030000 		.4byte	.LASF66
 1205 03f3 01       		.byte	0x1
 1206 03f4 3F       		.byte	0x3f
 1207 03f5 83000000 		.4byte	0x83
 1208 03f9 00000000 		.4byte	.LLST0
 1209 03fd 19       		.uleb128 0x19
 1210 03fe 52020000 		.4byte	.LASF67
 1211 0402 01       		.byte	0x1
 1212 0403 40       		.byte	0x40
 1213 0404 83000000 		.4byte	0x83
 1214 0408 35000000 		.4byte	.LLST1
 1215 040c 19       		.uleb128 0x19
 1216 040d 75020000 		.4byte	.LASF68
 1217 0411 01       		.byte	0x1
 1218 0412 41       		.byte	0x41
 1219 0413 83000000 		.4byte	0x83
 1220 0417 69000000 		.4byte	.LLST2
 1221 041b 1A       		.uleb128 0x1a
 1222 041c 85030000 		.4byte	.LASF70
 1223 0420 01       		.byte	0x1
 1224 0421 43       		.byte	0x43
 1225 0422 3E040000 		.4byte	0x43e
 1226 0426 1B       		.uleb128 0x1b
 1227 0427 74060000 		.4byte	.LASF64
 1228 042b 01       		.byte	0x1
 1229 042c 44       		.byte	0x44
 1230 042d D2020000 		.4byte	0x2d2
 1231 0431 00       		.byte	0
 1232 0432 1A       		.uleb128 0x1a
 1233 0433 63060000 		.4byte	.LASF71
 1234 0437 01       		.byte	0x1
 1235 0438 45       		.byte	0x45
 1236 0439 9B030000 		.4byte	0x39b
 1237 043d 00       		.byte	0
 1238 043e 10       		.uleb128 0x10
 1239 043f 04       		.byte	0x4
 1240 0440 44040000 		.4byte	0x444
 1241 0444 1C       		.uleb128 0x1c
 1242 0445 DE020000 		.4byte	0x2de
 1243 0449 1D       		.uleb128 0x1d
 1244 044a B5060000 		.4byte	.LASF73
 1245 044e 01       		.byte	0x1
 1246 044f 6602     		.2byte	0x266
 1247 0451 00000000 		.4byte	.LFB11
 1248 0455 1E000000 		.4byte	.LFE11-.LFB11
 1249 0459 01       		.uleb128 0x1
 1250 045a 9C       		.byte	0x9c
ARM GAS  C:\Users\Lenovo\AppData\Local\Temp\ccQthNvb.s 			page 53


 1251 045b 8E040000 		.4byte	0x48e
 1252 045f 1E       		.uleb128 0x1e
 1253 0460 74060000 		.4byte	.LASF64
 1254 0464 01       		.byte	0x1
 1255 0465 6602     		.2byte	0x266
 1256 0467 D2020000 		.4byte	0x2d2
 1257 046b 01       		.uleb128 0x1
 1258 046c 50       		.byte	0x50
 1259 046d 1F       		.uleb128 0x1f
 1260 046e 4A030000 		.4byte	.LASF65
 1261 0472 01       		.byte	0x1
 1262 0473 6602     		.2byte	0x266
 1263 0475 83000000 		.4byte	0x83
 1264 0479 7C000000 		.4byte	.LLST3
 1265 047d 1F       		.uleb128 0x1f
 1266 047e 45050000 		.4byte	.LASF69
 1267 0482 01       		.byte	0x1
 1268 0483 6602     		.2byte	0x266
 1269 0485 83000000 		.4byte	0x83
 1270 0489 9D000000 		.4byte	.LLST4
 1271 048d 00       		.byte	0
 1272 048e 20       		.uleb128 0x20
 1273 048f A7030000 		.4byte	0x3a7
 1274 0493 00000000 		.4byte	.LFB10
 1275 0497 1E000000 		.4byte	.LFE10-.LFB10
 1276 049b 01       		.uleb128 0x1
 1277 049c 9C       		.byte	0x9c
 1278 049d D9040000 		.4byte	0x4d9
 1279 04a1 21       		.uleb128 0x21
 1280 04a2 B4030000 		.4byte	0x3b4
 1281 04a6 BE000000 		.4byte	.LLST5
 1282 04aa 21       		.uleb128 0x21
 1283 04ab C0030000 		.4byte	0x3c0
 1284 04af EA000000 		.4byte	.LLST6
 1285 04b3 22       		.uleb128 0x22
 1286 04b4 CC030000 		.4byte	0x3cc
 1287 04b8 16010000 		.4byte	.LLST7
 1288 04bc 23       		.uleb128 0x23
 1289 04bd 14000000 		.4byte	.LVL14
 1290 04c1 49040000 		.4byte	0x449
 1291 04c5 24       		.uleb128 0x24
 1292 04c6 01       		.uleb128 0x1
 1293 04c7 50       		.byte	0x50
 1294 04c8 02       		.uleb128 0x2
 1295 04c9 76       		.byte	0x76
 1296 04ca 00       		.sleb128 0
 1297 04cb 24       		.uleb128 0x24
 1298 04cc 01       		.uleb128 0x1
 1299 04cd 51       		.byte	0x51
 1300 04ce 02       		.uleb128 0x2
 1301 04cf 75       		.byte	0x75
 1302 04d0 00       		.sleb128 0
 1303 04d1 24       		.uleb128 0x24
 1304 04d2 01       		.uleb128 0x1
 1305 04d3 52       		.byte	0x52
 1306 04d4 02       		.uleb128 0x2
 1307 04d5 74       		.byte	0x74
ARM GAS  C:\Users\Lenovo\AppData\Local\Temp\ccQthNvb.s 			page 54


 1308 04d6 00       		.sleb128 0
 1309 04d7 00       		.byte	0
 1310 04d8 00       		.byte	0
 1311 04d9 1D       		.uleb128 0x1d
 1312 04da 9B030000 		.4byte	.LASF74
 1313 04de 01       		.byte	0x1
 1314 04df 2F02     		.2byte	0x22f
 1315 04e1 00000000 		.4byte	.LFB9
 1316 04e5 3C000000 		.4byte	.LFE9-.LFB9
 1317 04e9 01       		.uleb128 0x1
 1318 04ea 9C       		.byte	0x9c
 1319 04eb 7E050000 		.4byte	0x57e
 1320 04ef 1F       		.uleb128 0x1f
 1321 04f0 5C030000 		.4byte	.LASF66
 1322 04f4 01       		.byte	0x1
 1323 04f5 2F02     		.2byte	0x22f
 1324 04f7 83000000 		.4byte	0x83
 1325 04fb 58010000 		.4byte	.LLST8
 1326 04ff 1F       		.uleb128 0x1f
 1327 0500 52020000 		.4byte	.LASF67
 1328 0504 01       		.byte	0x1
 1329 0505 2F02     		.2byte	0x22f
 1330 0507 83000000 		.4byte	0x83
 1331 050b 79010000 		.4byte	.LLST9
 1332 050f 25       		.uleb128 0x25
 1333 0510 74060000 		.4byte	.LASF64
 1334 0514 01       		.byte	0x1
 1335 0515 3102     		.2byte	0x231
 1336 0517 D2020000 		.4byte	0x2d2
 1337 051b 9A010000 		.4byte	.LLST10
 1338 051f 17       		.uleb128 0x17
 1339 0520 85030000 		.4byte	.LASF70
 1340 0524 01       		.byte	0x1
 1341 0525 3202     		.2byte	0x232
 1342 0527 3E040000 		.4byte	0x43e
 1343 052b 26       		.uleb128 0x26
 1344 052c A7030000 		.4byte	0x3a7
 1345 0530 1E000000 		.4byte	.LBB4
 1346 0534 16000000 		.4byte	.LBE4-.LBB4
 1347 0538 01       		.byte	0x1
 1348 0539 3902     		.2byte	0x239
 1349 053b 21       		.uleb128 0x21
 1350 053c C0030000 		.4byte	0x3c0
 1351 0540 B9010000 		.4byte	.LLST11
 1352 0544 21       		.uleb128 0x21
 1353 0545 B4030000 		.4byte	0x3b4
 1354 0549 CC010000 		.4byte	.LLST12
 1355 054d 27       		.uleb128 0x27
 1356 054e 1E000000 		.4byte	.LBB5
 1357 0552 16000000 		.4byte	.LBE5-.LBB5
 1358 0556 22       		.uleb128 0x22
 1359 0557 CC030000 		.4byte	0x3cc
 1360 055b DF010000 		.4byte	.LLST13
 1361 055f 23       		.uleb128 0x23
 1362 0560 2C000000 		.4byte	.LVL28
 1363 0564 49040000 		.4byte	0x449
 1364 0568 24       		.uleb128 0x24
ARM GAS  C:\Users\Lenovo\AppData\Local\Temp\ccQthNvb.s 			page 55


 1365 0569 01       		.uleb128 0x1
 1366 056a 50       		.byte	0x50
 1367 056b 02       		.uleb128 0x2
 1368 056c 74       		.byte	0x74
 1369 056d 00       		.sleb128 0
 1370 056e 24       		.uleb128 0x24
 1371 056f 01       		.uleb128 0x1
 1372 0570 51       		.byte	0x51
 1373 0571 02       		.uleb128 0x2
 1374 0572 76       		.byte	0x76
 1375 0573 00       		.sleb128 0
 1376 0574 24       		.uleb128 0x24
 1377 0575 01       		.uleb128 0x1
 1378 0576 52       		.byte	0x52
 1379 0577 02       		.uleb128 0x2
 1380 0578 75       		.byte	0x75
 1381 0579 00       		.sleb128 0
 1382 057a 00       		.byte	0
 1383 057b 00       		.byte	0
 1384 057c 00       		.byte	0
 1385 057d 00       		.byte	0
 1386 057e 1D       		.uleb128 0x1d
 1387 057f BD050000 		.4byte	.LASF75
 1388 0583 01       		.byte	0x1
 1389 0584 0302     		.2byte	0x203
 1390 0586 00000000 		.4byte	.LFB8
 1391 058a 28000000 		.4byte	.LFE8-.LFB8
 1392 058e 01       		.uleb128 0x1
 1393 058f 9C       		.byte	0x9c
 1394 0590 E7050000 		.4byte	0x5e7
 1395 0594 1F       		.uleb128 0x1f
 1396 0595 5C030000 		.4byte	.LASF66
 1397 0599 01       		.byte	0x1
 1398 059a 0302     		.2byte	0x203
 1399 059c 83000000 		.4byte	0x83
 1400 05a0 21020000 		.4byte	.LLST14
 1401 05a4 25       		.uleb128 0x25
 1402 05a5 52020000 		.4byte	.LASF67
 1403 05a9 01       		.byte	0x1
 1404 05aa 0502     		.2byte	0x205
 1405 05ac 83000000 		.4byte	0x83
 1406 05b0 4D020000 		.4byte	.LLST15
 1407 05b4 25       		.uleb128 0x25
 1408 05b5 75020000 		.4byte	.LASF68
 1409 05b9 01       		.byte	0x1
 1410 05ba 0602     		.2byte	0x206
 1411 05bc 83000000 		.4byte	0x83
 1412 05c0 8E020000 		.4byte	.LLST16
 1413 05c4 17       		.uleb128 0x17
 1414 05c5 85030000 		.4byte	.LASF70
 1415 05c9 01       		.byte	0x1
 1416 05ca 0802     		.2byte	0x208
 1417 05cc 3E040000 		.4byte	0x43e
 1418 05d0 23       		.uleb128 0x23
 1419 05d1 1A000000 		.4byte	.LVL38
 1420 05d5 D9040000 		.4byte	0x4d9
 1421 05d9 24       		.uleb128 0x24
ARM GAS  C:\Users\Lenovo\AppData\Local\Temp\ccQthNvb.s 			page 56


 1422 05da 01       		.uleb128 0x1
 1423 05db 50       		.byte	0x50
 1424 05dc 02       		.uleb128 0x2
 1425 05dd 75       		.byte	0x75
 1426 05de 00       		.sleb128 0
 1427 05df 24       		.uleb128 0x24
 1428 05e0 01       		.uleb128 0x1
 1429 05e1 51       		.byte	0x51
 1430 05e2 02       		.uleb128 0x2
 1431 05e3 74       		.byte	0x74
 1432 05e4 00       		.sleb128 0
 1433 05e5 00       		.byte	0
 1434 05e6 00       		.byte	0
 1435 05e7 1D       		.uleb128 0x1d
 1436 05e8 D8040000 		.4byte	.LASF76
 1437 05ec 01       		.byte	0x1
 1438 05ed E401     		.2byte	0x1e4
 1439 05ef 00000000 		.4byte	.LFB7
 1440 05f3 16000000 		.4byte	.LFE7-.LFB7
 1441 05f7 01       		.uleb128 0x1
 1442 05f8 9C       		.byte	0x9c
 1443 05f9 1E060000 		.4byte	0x61e
 1444 05fd 25       		.uleb128 0x25
 1445 05fe 5C030000 		.4byte	.LASF66
 1446 0602 01       		.byte	0x1
 1447 0603 E601     		.2byte	0x1e6
 1448 0605 83000000 		.4byte	0x83
 1449 0609 A1020000 		.4byte	.LLST17
 1450 060d 23       		.uleb128 0x23
 1451 060e 0C000000 		.4byte	.LVL45
 1452 0612 7E050000 		.4byte	0x57e
 1453 0616 24       		.uleb128 0x24
 1454 0617 01       		.uleb128 0x1
 1455 0618 50       		.byte	0x50
 1456 0619 02       		.uleb128 0x2
 1457 061a 74       		.byte	0x74
 1458 061b 00       		.sleb128 0
 1459 061c 00       		.byte	0
 1460 061d 00       		.byte	0
 1461 061e 28       		.uleb128 0x28
 1462 061f 29060000 		.4byte	.LASF81
 1463 0623 01       		.byte	0x1
 1464 0624 5A06     		.2byte	0x65a
 1465 0626 83000000 		.4byte	0x83
 1466 062a 00000000 		.4byte	.LFB12
 1467 062e 12000000 		.4byte	.LFE12-.LFB12
 1468 0632 01       		.uleb128 0x1
 1469 0633 9C       		.byte	0x9c
 1470 0634 85060000 		.4byte	0x685
 1471 0638 1F       		.uleb128 0x1f
 1472 0639 26020000 		.4byte	.LASF77
 1473 063d 01       		.byte	0x1
 1474 063e 5A06     		.2byte	0x65a
 1475 0640 83000000 		.4byte	0x83
 1476 0644 E3020000 		.4byte	.LLST18
 1477 0648 1F       		.uleb128 0x1f
 1478 0649 7E060000 		.4byte	.LASF78
ARM GAS  C:\Users\Lenovo\AppData\Local\Temp\ccQthNvb.s 			page 57


 1479 064d 01       		.byte	0x1
 1480 064e 5A06     		.2byte	0x65a
 1481 0650 83000000 		.4byte	0x83
 1482 0654 04030000 		.4byte	.LLST19
 1483 0658 29       		.uleb128 0x29
 1484 0659 6E00     		.ascii	"n\000"
 1485 065b 01       		.byte	0x1
 1486 065c 5A06     		.2byte	0x65a
 1487 065e 83000000 		.4byte	0x83
 1488 0662 25030000 		.4byte	.LLST20
 1489 0666 1F       		.uleb128 0x1f
 1490 0667 4C020000 		.4byte	.LASF79
 1491 066b 01       		.byte	0x1
 1492 066c 5A06     		.2byte	0x65a
 1493 066e 83000000 		.4byte	0x83
 1494 0672 46030000 		.4byte	.LLST21
 1495 0676 2A       		.uleb128 0x2a
 1496 0677 65030000 		.4byte	.LASF80
 1497 067b 01       		.byte	0x1
 1498 067c 5C06     		.2byte	0x65c
 1499 067e 83000000 		.4byte	0x83
 1500 0682 01       		.uleb128 0x1
 1501 0683 50       		.byte	0x50
 1502 0684 00       		.byte	0
 1503 0685 28       		.uleb128 0x28
 1504 0686 06030000 		.4byte	.LASF82
 1505 068a 01       		.byte	0x1
 1506 068b 4501     		.2byte	0x145
 1507 068d 83000000 		.4byte	0x83
 1508 0691 00000000 		.4byte	.LFB6
 1509 0695 A0000000 		.4byte	.LFE6-.LFB6
 1510 0699 01       		.uleb128 0x1
 1511 069a 9C       		.byte	0x9c
 1512 069b 62070000 		.4byte	0x762
 1513 069f 1F       		.uleb128 0x1f
 1514 06a0 16000000 		.4byte	.LASF83
 1515 06a4 01       		.byte	0x1
 1516 06a5 4601     		.2byte	0x146
 1517 06a7 62070000 		.4byte	0x762
 1518 06ab 67030000 		.4byte	.LLST22
 1519 06af 1F       		.uleb128 0x1f
 1520 06b0 74060000 		.4byte	.LASF64
 1521 06b4 01       		.byte	0x1
 1522 06b5 4701     		.2byte	0x147
 1523 06b7 D2020000 		.4byte	0x2d2
 1524 06bb 93030000 		.4byte	.LLST23
 1525 06bf 1F       		.uleb128 0x1f
 1526 06c0 4A030000 		.4byte	.LASF65
 1527 06c4 01       		.byte	0x1
 1528 06c5 4801     		.2byte	0x148
 1529 06c7 83000000 		.4byte	0x83
 1530 06cb BF030000 		.4byte	.LLST24
 1531 06cf 25       		.uleb128 0x25
 1532 06d0 40060000 		.4byte	.LASF84
 1533 06d4 01       		.byte	0x1
 1534 06d5 4A01     		.2byte	0x14a
 1535 06d7 83000000 		.4byte	0x83
ARM GAS  C:\Users\Lenovo\AppData\Local\Temp\ccQthNvb.s 			page 58


 1536 06db DE030000 		.4byte	.LLST25
 1537 06df 25       		.uleb128 0x25
 1538 06e0 78000000 		.4byte	.LASF85
 1539 06e4 01       		.byte	0x1
 1540 06e5 4B01     		.2byte	0x14b
 1541 06e7 83000000 		.4byte	0x83
 1542 06eb 14040000 		.4byte	.LLST26
 1543 06ef 25       		.uleb128 0x25
 1544 06f0 45050000 		.4byte	.LASF69
 1545 06f4 01       		.byte	0x1
 1546 06f5 4C01     		.2byte	0x14c
 1547 06f7 83000000 		.4byte	0x83
 1548 06fb 3D040000 		.4byte	.LLST27
 1549 06ff 25       		.uleb128 0x25
 1550 0700 94040000 		.4byte	.LASF86
 1551 0704 01       		.byte	0x1
 1552 0705 4D01     		.2byte	0x14d
 1553 0707 83000000 		.4byte	0x83
 1554 070b 7F040000 		.4byte	.LLST28
 1555 070f 2B       		.uleb128 0x2b
 1556 0710 32020000 		.4byte	.LASF87
 1557 0714 01       		.byte	0x1
 1558 0715 4E01     		.2byte	0x14e
 1559 0717 83000000 		.4byte	0x83
 1560 071b 00       		.byte	0
 1561 071c 25       		.uleb128 0x25
 1562 071d 9E040000 		.4byte	.LASF88
 1563 0721 01       		.byte	0x1
 1564 0722 5101     		.2byte	0x151
 1565 0724 83000000 		.4byte	0x83
 1566 0728 93040000 		.4byte	.LLST29
 1567 072c 2C       		.uleb128 0x2c
 1568 072d 4C000000 		.4byte	.LVL64
 1569 0731 49040000 		.4byte	0x449
 1570 0735 4D070000 		.4byte	0x74d
 1571 0739 24       		.uleb128 0x24
 1572 073a 01       		.uleb128 0x1
 1573 073b 50       		.byte	0x50
 1574 073c 02       		.uleb128 0x2
 1575 073d 76       		.byte	0x76
 1576 073e 00       		.sleb128 0
 1577 073f 24       		.uleb128 0x24
 1578 0740 01       		.uleb128 0x1
 1579 0741 51       		.byte	0x51
 1580 0742 03       		.uleb128 0x3
 1581 0743 91       		.byte	0x91
 1582 0744 64       		.sleb128 -28
 1583 0745 06       		.byte	0x6
 1584 0746 24       		.uleb128 0x24
 1585 0747 01       		.uleb128 0x1
 1586 0748 52       		.byte	0x52
 1587 0749 02       		.uleb128 0x2
 1588 074a 74       		.byte	0x74
 1589 074b 00       		.sleb128 0
 1590 074c 00       		.byte	0
 1591 074d 23       		.uleb128 0x23
 1592 074e 82000000 		.4byte	.LVL70
ARM GAS  C:\Users\Lenovo\AppData\Local\Temp\ccQthNvb.s 			page 59


 1593 0752 1E060000 		.4byte	0x61e
 1594 0756 24       		.uleb128 0x24
 1595 0757 01       		.uleb128 0x1
 1596 0758 52       		.byte	0x52
 1597 0759 01       		.uleb128 0x1
 1598 075a 31       		.byte	0x31
 1599 075b 24       		.uleb128 0x24
 1600 075c 01       		.uleb128 0x1
 1601 075d 53       		.byte	0x53
 1602 075e 01       		.uleb128 0x1
 1603 075f 38       		.byte	0x38
 1604 0760 00       		.byte	0
 1605 0761 00       		.byte	0
 1606 0762 10       		.uleb128 0x10
 1607 0763 04       		.byte	0x4
 1608 0764 A3010000 		.4byte	0x1a3
 1609 0768 28       		.uleb128 0x28
 1610 0769 20030000 		.4byte	.LASF89
 1611 076d 01       		.byte	0x1
 1612 076e 0E01     		.2byte	0x10e
 1613 0770 A4000000 		.4byte	0xa4
 1614 0774 00000000 		.4byte	.LFB5
 1615 0778 2C000000 		.4byte	.LFE5-.LFB5
 1616 077c 01       		.uleb128 0x1
 1617 077d 9C       		.byte	0x9c
 1618 077e 23080000 		.4byte	0x823
 1619 0782 1F       		.uleb128 0x1f
 1620 0783 5C030000 		.4byte	.LASF66
 1621 0787 01       		.byte	0x1
 1622 0788 0E01     		.2byte	0x10e
 1623 078a 83000000 		.4byte	0x83
 1624 078e B1040000 		.4byte	.LLST30
 1625 0792 1F       		.uleb128 0x1f
 1626 0793 52020000 		.4byte	.LASF67
 1627 0797 01       		.byte	0x1
 1628 0798 0E01     		.2byte	0x10e
 1629 079a 83000000 		.4byte	0x83
 1630 079e DD040000 		.4byte	.LLST31
 1631 07a2 25       		.uleb128 0x25
 1632 07a3 32020000 		.4byte	.LASF87
 1633 07a7 01       		.byte	0x1
 1634 07a8 1001     		.2byte	0x110
 1635 07aa 83000000 		.4byte	0x83
 1636 07ae FE040000 		.4byte	.LLST32
 1637 07b2 25       		.uleb128 0x25
 1638 07b3 74060000 		.4byte	.LASF64
 1639 07b7 01       		.byte	0x1
 1640 07b8 1201     		.2byte	0x112
 1641 07ba D2020000 		.4byte	0x2d2
 1642 07be 1D050000 		.4byte	.LLST33
 1643 07c2 17       		.uleb128 0x17
 1644 07c3 85030000 		.4byte	.LASF70
 1645 07c7 01       		.byte	0x1
 1646 07c8 1301     		.2byte	0x113
 1647 07ca 3E040000 		.4byte	0x43e
 1648 07ce 25       		.uleb128 0x25
 1649 07cf 16000000 		.4byte	.LASF83
ARM GAS  C:\Users\Lenovo\AppData\Local\Temp\ccQthNvb.s 			page 60


 1650 07d3 01       		.byte	0x1
 1651 07d4 1401     		.2byte	0x114
 1652 07d6 62070000 		.4byte	0x762
 1653 07da 60050000 		.4byte	.LLST34
 1654 07de 23       		.uleb128 0x23
 1655 07df 26000000 		.4byte	.LVL85
 1656 07e3 85060000 		.4byte	0x685
 1657 07e7 24       		.uleb128 0x24
 1658 07e8 01       		.uleb128 0x1
 1659 07e9 50       		.byte	0x50
 1660 07ea 0E       		.uleb128 0xe
 1661 07eb 75       		.byte	0x75
 1662 07ec 00       		.sleb128 0
 1663 07ed F3       		.byte	0xf3
 1664 07ee 01       		.uleb128 0x1
 1665 07ef 50       		.byte	0x50
 1666 07f0 22       		.byte	0x22
 1667 07f1 32       		.byte	0x32
 1668 07f2 24       		.byte	0x24
 1669 07f3 74       		.byte	0x74
 1670 07f4 00       		.sleb128 0
 1671 07f5 22       		.byte	0x22
 1672 07f6 23       		.byte	0x23
 1673 07f7 04       		.uleb128 0x4
 1674 07f8 06       		.byte	0x6
 1675 07f9 24       		.uleb128 0x24
 1676 07fa 01       		.uleb128 0x1
 1677 07fb 51       		.byte	0x51
 1678 07fc 0E       		.uleb128 0xe
 1679 07fd F3       		.byte	0xf3
 1680 07fe 01       		.uleb128 0x1
 1681 07ff 51       		.byte	0x51
 1682 0800 32       		.byte	0x32
 1683 0801 24       		.byte	0x24
 1684 0802 F3       		.byte	0xf3
 1685 0803 01       		.uleb128 0x1
 1686 0804 51       		.byte	0x51
 1687 0805 22       		.byte	0x22
 1688 0806 31       		.byte	0x31
 1689 0807 24       		.byte	0x24
 1690 0808 76       		.byte	0x76
 1691 0809 00       		.sleb128 0
 1692 080a 22       		.byte	0x22
 1693 080b 24       		.uleb128 0x24
 1694 080c 01       		.uleb128 0x1
 1695 080d 52       		.byte	0x52
 1696 080e 12       		.uleb128 0x12
 1697 080f 75       		.byte	0x75
 1698 0810 00       		.sleb128 0
 1699 0811 F3       		.byte	0xf3
 1700 0812 01       		.uleb128 0x1
 1701 0813 50       		.byte	0x50
 1702 0814 22       		.byte	0x22
 1703 0815 32       		.byte	0x32
 1704 0816 24       		.byte	0x24
 1705 0817 74       		.byte	0x74
 1706 0818 00       		.sleb128 0
ARM GAS  C:\Users\Lenovo\AppData\Local\Temp\ccQthNvb.s 			page 61


 1707 0819 22       		.byte	0x22
 1708 081a 23       		.byte	0x23
 1709 081b 18       		.uleb128 0x18
 1710 081c 94       		.byte	0x94
 1711 081d 01       		.byte	0x1
 1712 081e 08       		.byte	0x8
 1713 081f FF       		.byte	0xff
 1714 0820 1A       		.byte	0x1a
 1715 0821 00       		.byte	0
 1716 0822 00       		.byte	0
 1717 0823 2D       		.uleb128 0x2d
 1718 0824 23000000 		.4byte	.LASF90
 1719 0828 01       		.byte	0x1
 1720 0829 D5       		.byte	0xd5
 1721 082a A4000000 		.4byte	0xa4
 1722 082e 00000000 		.4byte	.LFB4
 1723 0832 30000000 		.4byte	.LFE4-.LFB4
 1724 0836 01       		.uleb128 0x1
 1725 0837 9C       		.byte	0x9c
 1726 0838 9A080000 		.4byte	0x89a
 1727 083c 2E       		.uleb128 0x2e
 1728 083d 5C030000 		.4byte	.LASF66
 1729 0841 01       		.byte	0x1
 1730 0842 D5       		.byte	0xd5
 1731 0843 83000000 		.4byte	0x83
 1732 0847 8A050000 		.4byte	.LLST35
 1733 084b 19       		.uleb128 0x19
 1734 084c 52020000 		.4byte	.LASF67
 1735 0850 01       		.byte	0x1
 1736 0851 D7       		.byte	0xd7
 1737 0852 83000000 		.4byte	0x83
 1738 0856 B6050000 		.4byte	.LLST36
 1739 085a 19       		.uleb128 0x19
 1740 085b 75020000 		.4byte	.LASF68
 1741 085f 01       		.byte	0x1
 1742 0860 D8       		.byte	0xd8
 1743 0861 83000000 		.4byte	0x83
 1744 0865 F7050000 		.4byte	.LLST37
 1745 0869 1A       		.uleb128 0x1a
 1746 086a 85030000 		.4byte	.LASF70
 1747 086e 01       		.byte	0x1
 1748 086f DA       		.byte	0xda
 1749 0870 3E040000 		.4byte	0x43e
 1750 0874 19       		.uleb128 0x19
 1751 0875 51030000 		.4byte	.LASF91
 1752 0879 01       		.byte	0x1
 1753 087a DB       		.byte	0xdb
 1754 087b A4000000 		.4byte	0xa4
 1755 087f 0A060000 		.4byte	.LLST38
 1756 0883 23       		.uleb128 0x23
 1757 0884 1C000000 		.4byte	.LVL93
 1758 0888 68070000 		.4byte	0x768
 1759 088c 24       		.uleb128 0x24
 1760 088d 01       		.uleb128 0x1
 1761 088e 50       		.byte	0x50
 1762 088f 02       		.uleb128 0x2
 1763 0890 76       		.byte	0x76
ARM GAS  C:\Users\Lenovo\AppData\Local\Temp\ccQthNvb.s 			page 62


 1764 0891 00       		.sleb128 0
 1765 0892 24       		.uleb128 0x24
 1766 0893 01       		.uleb128 0x1
 1767 0894 51       		.byte	0x51
 1768 0895 02       		.uleb128 0x2
 1769 0896 74       		.byte	0x74
 1770 0897 00       		.sleb128 0
 1771 0898 00       		.byte	0
 1772 0899 00       		.byte	0
 1773 089a 2D       		.uleb128 0x2d
 1774 089b 12050000 		.4byte	.LASF92
 1775 089f 01       		.byte	0x1
 1776 08a0 A8       		.byte	0xa8
 1777 08a1 A4000000 		.4byte	0xa4
 1778 08a5 00000000 		.4byte	.LFB3
 1779 08a9 1C000000 		.4byte	.LFE3-.LFB3
 1780 08ad 01       		.uleb128 0x1
 1781 08ae 9C       		.byte	0x9c
 1782 08af E2080000 		.4byte	0x8e2
 1783 08b3 19       		.uleb128 0x19
 1784 08b4 5C030000 		.4byte	.LASF66
 1785 08b8 01       		.byte	0x1
 1786 08b9 AA       		.byte	0xaa
 1787 08ba 83000000 		.4byte	0x83
 1788 08be 34060000 		.4byte	.LLST39
 1789 08c2 19       		.uleb128 0x19
 1790 08c3 51030000 		.4byte	.LASF91
 1791 08c7 01       		.byte	0x1
 1792 08c8 AB       		.byte	0xab
 1793 08c9 A4000000 		.4byte	0xa4
 1794 08cd 76060000 		.4byte	.LLST40
 1795 08d1 23       		.uleb128 0x23
 1796 08d2 0E000000 		.4byte	.LVL102
 1797 08d6 23080000 		.4byte	0x823
 1798 08da 24       		.uleb128 0x24
 1799 08db 01       		.uleb128 0x1
 1800 08dc 50       		.byte	0x50
 1801 08dd 02       		.uleb128 0x2
 1802 08de 75       		.byte	0x75
 1803 08df 00       		.sleb128 0
 1804 08e0 00       		.byte	0
 1805 08e1 00       		.byte	0
 1806 08e2 2F       		.uleb128 0x2f
 1807 08e3 6D010000 		.4byte	.LASF97
 1808 08e7 04       		.byte	0x4
 1809 08e8 AC03     		.2byte	0x3ac
 1810 08ea EE080000 		.4byte	0x8ee
 1811 08ee 1C       		.uleb128 0x1c
 1812 08ef 11030000 		.4byte	0x311
 1813 08f3 00       		.byte	0
 1814              		.section	.debug_abbrev,"",%progbits
 1815              	.Ldebug_abbrev0:
 1816 0000 01       		.uleb128 0x1
 1817 0001 11       		.uleb128 0x11
 1818 0002 01       		.byte	0x1
 1819 0003 25       		.uleb128 0x25
 1820 0004 0E       		.uleb128 0xe
ARM GAS  C:\Users\Lenovo\AppData\Local\Temp\ccQthNvb.s 			page 63


 1821 0005 13       		.uleb128 0x13
 1822 0006 0B       		.uleb128 0xb
 1823 0007 03       		.uleb128 0x3
 1824 0008 0E       		.uleb128 0xe
 1825 0009 1B       		.uleb128 0x1b
 1826 000a 0E       		.uleb128 0xe
 1827 000b 55       		.uleb128 0x55
 1828 000c 17       		.uleb128 0x17
 1829 000d 11       		.uleb128 0x11
 1830 000e 01       		.uleb128 0x1
 1831 000f 10       		.uleb128 0x10
 1832 0010 17       		.uleb128 0x17
 1833 0011 00       		.byte	0
 1834 0012 00       		.byte	0
 1835 0013 02       		.uleb128 0x2
 1836 0014 24       		.uleb128 0x24
 1837 0015 00       		.byte	0
 1838 0016 0B       		.uleb128 0xb
 1839 0017 0B       		.uleb128 0xb
 1840 0018 3E       		.uleb128 0x3e
 1841 0019 0B       		.uleb128 0xb
 1842 001a 03       		.uleb128 0x3
 1843 001b 0E       		.uleb128 0xe
 1844 001c 00       		.byte	0
 1845 001d 00       		.byte	0
 1846 001e 03       		.uleb128 0x3
 1847 001f 24       		.uleb128 0x24
 1848 0020 00       		.byte	0
 1849 0021 0B       		.uleb128 0xb
 1850 0022 0B       		.uleb128 0xb
 1851 0023 3E       		.uleb128 0x3e
 1852 0024 0B       		.uleb128 0xb
 1853 0025 03       		.uleb128 0x3
 1854 0026 08       		.uleb128 0x8
 1855 0027 00       		.byte	0
 1856 0028 00       		.byte	0
 1857 0029 04       		.uleb128 0x4
 1858 002a 16       		.uleb128 0x16
 1859 002b 00       		.byte	0
 1860 002c 03       		.uleb128 0x3
 1861 002d 0E       		.uleb128 0xe
 1862 002e 3A       		.uleb128 0x3a
 1863 002f 0B       		.uleb128 0xb
 1864 0030 3B       		.uleb128 0x3b
 1865 0031 05       		.uleb128 0x5
 1866 0032 49       		.uleb128 0x49
 1867 0033 13       		.uleb128 0x13
 1868 0034 00       		.byte	0
 1869 0035 00       		.byte	0
 1870 0036 05       		.uleb128 0x5
 1871 0037 0F       		.uleb128 0xf
 1872 0038 00       		.byte	0
 1873 0039 0B       		.uleb128 0xb
 1874 003a 0B       		.uleb128 0xb
 1875 003b 00       		.byte	0
 1876 003c 00       		.byte	0
 1877 003d 06       		.uleb128 0x6
ARM GAS  C:\Users\Lenovo\AppData\Local\Temp\ccQthNvb.s 			page 64


 1878 003e 16       		.uleb128 0x16
 1879 003f 00       		.byte	0
 1880 0040 03       		.uleb128 0x3
 1881 0041 0E       		.uleb128 0xe
 1882 0042 3A       		.uleb128 0x3a
 1883 0043 0B       		.uleb128 0xb
 1884 0044 3B       		.uleb128 0x3b
 1885 0045 0B       		.uleb128 0xb
 1886 0046 49       		.uleb128 0x49
 1887 0047 13       		.uleb128 0x13
 1888 0048 00       		.byte	0
 1889 0049 00       		.byte	0
 1890 004a 07       		.uleb128 0x7
 1891 004b 04       		.uleb128 0x4
 1892 004c 01       		.byte	0x1
 1893 004d 0B       		.uleb128 0xb
 1894 004e 0B       		.uleb128 0xb
 1895 004f 49       		.uleb128 0x49
 1896 0050 13       		.uleb128 0x13
 1897 0051 3A       		.uleb128 0x3a
 1898 0052 0B       		.uleb128 0xb
 1899 0053 3B       		.uleb128 0x3b
 1900 0054 0B       		.uleb128 0xb
 1901 0055 01       		.uleb128 0x1
 1902 0056 13       		.uleb128 0x13
 1903 0057 00       		.byte	0
 1904 0058 00       		.byte	0
 1905 0059 08       		.uleb128 0x8
 1906 005a 28       		.uleb128 0x28
 1907 005b 00       		.byte	0
 1908 005c 03       		.uleb128 0x3
 1909 005d 0E       		.uleb128 0xe
 1910 005e 1C       		.uleb128 0x1c
 1911 005f 0B       		.uleb128 0xb
 1912 0060 00       		.byte	0
 1913 0061 00       		.byte	0
 1914 0062 09       		.uleb128 0x9
 1915 0063 13       		.uleb128 0x13
 1916 0064 01       		.byte	0x1
 1917 0065 0B       		.uleb128 0xb
 1918 0066 0B       		.uleb128 0xb
 1919 0067 3A       		.uleb128 0x3a
 1920 0068 0B       		.uleb128 0xb
 1921 0069 3B       		.uleb128 0x3b
 1922 006a 0B       		.uleb128 0xb
 1923 006b 01       		.uleb128 0x1
 1924 006c 13       		.uleb128 0x13
 1925 006d 00       		.byte	0
 1926 006e 00       		.byte	0
 1927 006f 0A       		.uleb128 0xa
 1928 0070 0D       		.uleb128 0xd
 1929 0071 00       		.byte	0
 1930 0072 03       		.uleb128 0x3
 1931 0073 0E       		.uleb128 0xe
 1932 0074 3A       		.uleb128 0x3a
 1933 0075 0B       		.uleb128 0xb
 1934 0076 3B       		.uleb128 0x3b
ARM GAS  C:\Users\Lenovo\AppData\Local\Temp\ccQthNvb.s 			page 65


 1935 0077 0B       		.uleb128 0xb
 1936 0078 49       		.uleb128 0x49
 1937 0079 13       		.uleb128 0x13
 1938 007a 38       		.uleb128 0x38
 1939 007b 0B       		.uleb128 0xb
 1940 007c 00       		.byte	0
 1941 007d 00       		.byte	0
 1942 007e 0B       		.uleb128 0xb
 1943 007f 01       		.uleb128 0x1
 1944 0080 01       		.byte	0x1
 1945 0081 49       		.uleb128 0x49
 1946 0082 13       		.uleb128 0x13
 1947 0083 01       		.uleb128 0x1
 1948 0084 13       		.uleb128 0x13
 1949 0085 00       		.byte	0
 1950 0086 00       		.byte	0
 1951 0087 0C       		.uleb128 0xc
 1952 0088 21       		.uleb128 0x21
 1953 0089 00       		.byte	0
 1954 008a 49       		.uleb128 0x49
 1955 008b 13       		.uleb128 0x13
 1956 008c 2F       		.uleb128 0x2f
 1957 008d 0B       		.uleb128 0xb
 1958 008e 00       		.byte	0
 1959 008f 00       		.byte	0
 1960 0090 0D       		.uleb128 0xd
 1961 0091 13       		.uleb128 0x13
 1962 0092 01       		.byte	0x1
 1963 0093 0B       		.uleb128 0xb
 1964 0094 0B       		.uleb128 0xb
 1965 0095 3A       		.uleb128 0x3a
 1966 0096 0B       		.uleb128 0xb
 1967 0097 3B       		.uleb128 0x3b
 1968 0098 05       		.uleb128 0x5
 1969 0099 01       		.uleb128 0x1
 1970 009a 13       		.uleb128 0x13
 1971 009b 00       		.byte	0
 1972 009c 00       		.byte	0
 1973 009d 0E       		.uleb128 0xe
 1974 009e 0D       		.uleb128 0xd
 1975 009f 00       		.byte	0
 1976 00a0 03       		.uleb128 0x3
 1977 00a1 08       		.uleb128 0x8
 1978 00a2 3A       		.uleb128 0x3a
 1979 00a3 0B       		.uleb128 0xb
 1980 00a4 3B       		.uleb128 0x3b
 1981 00a5 05       		.uleb128 0x5
 1982 00a6 49       		.uleb128 0x49
 1983 00a7 13       		.uleb128 0x13
 1984 00a8 38       		.uleb128 0x38
 1985 00a9 0B       		.uleb128 0xb
 1986 00aa 00       		.byte	0
 1987 00ab 00       		.byte	0
 1988 00ac 0F       		.uleb128 0xf
 1989 00ad 0D       		.uleb128 0xd
 1990 00ae 00       		.byte	0
 1991 00af 03       		.uleb128 0x3
ARM GAS  C:\Users\Lenovo\AppData\Local\Temp\ccQthNvb.s 			page 66


 1992 00b0 0E       		.uleb128 0xe
 1993 00b1 3A       		.uleb128 0x3a
 1994 00b2 0B       		.uleb128 0xb
 1995 00b3 3B       		.uleb128 0x3b
 1996 00b4 05       		.uleb128 0x5
 1997 00b5 49       		.uleb128 0x49
 1998 00b6 13       		.uleb128 0x13
 1999 00b7 38       		.uleb128 0x38
 2000 00b8 0B       		.uleb128 0xb
 2001 00b9 00       		.byte	0
 2002 00ba 00       		.byte	0
 2003 00bb 10       		.uleb128 0x10
 2004 00bc 0F       		.uleb128 0xf
 2005 00bd 00       		.byte	0
 2006 00be 0B       		.uleb128 0xb
 2007 00bf 0B       		.uleb128 0xb
 2008 00c0 49       		.uleb128 0x49
 2009 00c1 13       		.uleb128 0x13
 2010 00c2 00       		.byte	0
 2011 00c3 00       		.byte	0
 2012 00c4 11       		.uleb128 0x11
 2013 00c5 26       		.uleb128 0x26
 2014 00c6 00       		.byte	0
 2015 00c7 00       		.byte	0
 2016 00c8 00       		.byte	0
 2017 00c9 12       		.uleb128 0x12
 2018 00ca 17       		.uleb128 0x17
 2019 00cb 01       		.byte	0x1
 2020 00cc 0B       		.uleb128 0xb
 2021 00cd 0B       		.uleb128 0xb
 2022 00ce 3A       		.uleb128 0x3a
 2023 00cf 0B       		.uleb128 0xb
 2024 00d0 3B       		.uleb128 0x3b
 2025 00d1 05       		.uleb128 0x5
 2026 00d2 01       		.uleb128 0x1
 2027 00d3 13       		.uleb128 0x13
 2028 00d4 00       		.byte	0
 2029 00d5 00       		.byte	0
 2030 00d6 13       		.uleb128 0x13
 2031 00d7 0D       		.uleb128 0xd
 2032 00d8 00       		.byte	0
 2033 00d9 03       		.uleb128 0x3
 2034 00da 08       		.uleb128 0x8
 2035 00db 3A       		.uleb128 0x3a
 2036 00dc 0B       		.uleb128 0xb
 2037 00dd 3B       		.uleb128 0x3b
 2038 00de 05       		.uleb128 0x5
 2039 00df 49       		.uleb128 0x49
 2040 00e0 13       		.uleb128 0x13
 2041 00e1 00       		.byte	0
 2042 00e2 00       		.byte	0
 2043 00e3 14       		.uleb128 0x14
 2044 00e4 0D       		.uleb128 0xd
 2045 00e5 00       		.byte	0
 2046 00e6 03       		.uleb128 0x3
 2047 00e7 0E       		.uleb128 0xe
 2048 00e8 3A       		.uleb128 0x3a
ARM GAS  C:\Users\Lenovo\AppData\Local\Temp\ccQthNvb.s 			page 67


 2049 00e9 0B       		.uleb128 0xb
 2050 00ea 3B       		.uleb128 0x3b
 2051 00eb 05       		.uleb128 0x5
 2052 00ec 49       		.uleb128 0x49
 2053 00ed 13       		.uleb128 0x13
 2054 00ee 00       		.byte	0
 2055 00ef 00       		.byte	0
 2056 00f0 15       		.uleb128 0x15
 2057 00f1 2E       		.uleb128 0x2e
 2058 00f2 01       		.byte	0x1
 2059 00f3 3F       		.uleb128 0x3f
 2060 00f4 19       		.uleb128 0x19
 2061 00f5 03       		.uleb128 0x3
 2062 00f6 0E       		.uleb128 0xe
 2063 00f7 3A       		.uleb128 0x3a
 2064 00f8 0B       		.uleb128 0xb
 2065 00f9 3B       		.uleb128 0x3b
 2066 00fa 05       		.uleb128 0x5
 2067 00fb 27       		.uleb128 0x27
 2068 00fc 19       		.uleb128 0x19
 2069 00fd 20       		.uleb128 0x20
 2070 00fe 0B       		.uleb128 0xb
 2071 00ff 01       		.uleb128 0x1
 2072 0100 13       		.uleb128 0x13
 2073 0101 00       		.byte	0
 2074 0102 00       		.byte	0
 2075 0103 16       		.uleb128 0x16
 2076 0104 05       		.uleb128 0x5
 2077 0105 00       		.byte	0
 2078 0106 03       		.uleb128 0x3
 2079 0107 0E       		.uleb128 0xe
 2080 0108 3A       		.uleb128 0x3a
 2081 0109 0B       		.uleb128 0xb
 2082 010a 3B       		.uleb128 0x3b
 2083 010b 05       		.uleb128 0x5
 2084 010c 49       		.uleb128 0x49
 2085 010d 13       		.uleb128 0x13
 2086 010e 00       		.byte	0
 2087 010f 00       		.byte	0
 2088 0110 17       		.uleb128 0x17
 2089 0111 34       		.uleb128 0x34
 2090 0112 00       		.byte	0
 2091 0113 03       		.uleb128 0x3
 2092 0114 0E       		.uleb128 0xe
 2093 0115 3A       		.uleb128 0x3a
 2094 0116 0B       		.uleb128 0xb
 2095 0117 3B       		.uleb128 0x3b
 2096 0118 05       		.uleb128 0x5
 2097 0119 49       		.uleb128 0x49
 2098 011a 13       		.uleb128 0x13
 2099 011b 00       		.byte	0
 2100 011c 00       		.byte	0
 2101 011d 18       		.uleb128 0x18
 2102 011e 2E       		.uleb128 0x2e
 2103 011f 01       		.byte	0x1
 2104 0120 3F       		.uleb128 0x3f
 2105 0121 19       		.uleb128 0x19
ARM GAS  C:\Users\Lenovo\AppData\Local\Temp\ccQthNvb.s 			page 68


 2106 0122 03       		.uleb128 0x3
 2107 0123 0E       		.uleb128 0xe
 2108 0124 3A       		.uleb128 0x3a
 2109 0125 0B       		.uleb128 0xb
 2110 0126 3B       		.uleb128 0x3b
 2111 0127 0B       		.uleb128 0xb
 2112 0128 27       		.uleb128 0x27
 2113 0129 19       		.uleb128 0x19
 2114 012a 11       		.uleb128 0x11
 2115 012b 01       		.uleb128 0x1
 2116 012c 12       		.uleb128 0x12
 2117 012d 06       		.uleb128 0x6
 2118 012e 40       		.uleb128 0x40
 2119 012f 18       		.uleb128 0x18
 2120 0130 9742     		.uleb128 0x2117
 2121 0132 19       		.uleb128 0x19
 2122 0133 01       		.uleb128 0x1
 2123 0134 13       		.uleb128 0x13
 2124 0135 00       		.byte	0
 2125 0136 00       		.byte	0
 2126 0137 19       		.uleb128 0x19
 2127 0138 34       		.uleb128 0x34
 2128 0139 00       		.byte	0
 2129 013a 03       		.uleb128 0x3
 2130 013b 0E       		.uleb128 0xe
 2131 013c 3A       		.uleb128 0x3a
 2132 013d 0B       		.uleb128 0xb
 2133 013e 3B       		.uleb128 0x3b
 2134 013f 0B       		.uleb128 0xb
 2135 0140 49       		.uleb128 0x49
 2136 0141 13       		.uleb128 0x13
 2137 0142 02       		.uleb128 0x2
 2138 0143 17       		.uleb128 0x17
 2139 0144 00       		.byte	0
 2140 0145 00       		.byte	0
 2141 0146 1A       		.uleb128 0x1a
 2142 0147 34       		.uleb128 0x34
 2143 0148 00       		.byte	0
 2144 0149 03       		.uleb128 0x3
 2145 014a 0E       		.uleb128 0xe
 2146 014b 3A       		.uleb128 0x3a
 2147 014c 0B       		.uleb128 0xb
 2148 014d 3B       		.uleb128 0x3b
 2149 014e 0B       		.uleb128 0xb
 2150 014f 49       		.uleb128 0x49
 2151 0150 13       		.uleb128 0x13
 2152 0151 00       		.byte	0
 2153 0152 00       		.byte	0
 2154 0153 1B       		.uleb128 0x1b
 2155 0154 34       		.uleb128 0x34
 2156 0155 00       		.byte	0
 2157 0156 03       		.uleb128 0x3
 2158 0157 0E       		.uleb128 0xe
 2159 0158 3A       		.uleb128 0x3a
 2160 0159 0B       		.uleb128 0xb
 2161 015a 3B       		.uleb128 0x3b
 2162 015b 0B       		.uleb128 0xb
ARM GAS  C:\Users\Lenovo\AppData\Local\Temp\ccQthNvb.s 			page 69


 2163 015c 49       		.uleb128 0x49
 2164 015d 13       		.uleb128 0x13
 2165 015e 1C       		.uleb128 0x1c
 2166 015f 0B       		.uleb128 0xb
 2167 0160 00       		.byte	0
 2168 0161 00       		.byte	0
 2169 0162 1C       		.uleb128 0x1c
 2170 0163 26       		.uleb128 0x26
 2171 0164 00       		.byte	0
 2172 0165 49       		.uleb128 0x49
 2173 0166 13       		.uleb128 0x13
 2174 0167 00       		.byte	0
 2175 0168 00       		.byte	0
 2176 0169 1D       		.uleb128 0x1d
 2177 016a 2E       		.uleb128 0x2e
 2178 016b 01       		.byte	0x1
 2179 016c 3F       		.uleb128 0x3f
 2180 016d 19       		.uleb128 0x19
 2181 016e 03       		.uleb128 0x3
 2182 016f 0E       		.uleb128 0xe
 2183 0170 3A       		.uleb128 0x3a
 2184 0171 0B       		.uleb128 0xb
 2185 0172 3B       		.uleb128 0x3b
 2186 0173 05       		.uleb128 0x5
 2187 0174 27       		.uleb128 0x27
 2188 0175 19       		.uleb128 0x19
 2189 0176 11       		.uleb128 0x11
 2190 0177 01       		.uleb128 0x1
 2191 0178 12       		.uleb128 0x12
 2192 0179 06       		.uleb128 0x6
 2193 017a 40       		.uleb128 0x40
 2194 017b 18       		.uleb128 0x18
 2195 017c 9742     		.uleb128 0x2117
 2196 017e 19       		.uleb128 0x19
 2197 017f 01       		.uleb128 0x1
 2198 0180 13       		.uleb128 0x13
 2199 0181 00       		.byte	0
 2200 0182 00       		.byte	0
 2201 0183 1E       		.uleb128 0x1e
 2202 0184 05       		.uleb128 0x5
 2203 0185 00       		.byte	0
 2204 0186 03       		.uleb128 0x3
 2205 0187 0E       		.uleb128 0xe
 2206 0188 3A       		.uleb128 0x3a
 2207 0189 0B       		.uleb128 0xb
 2208 018a 3B       		.uleb128 0x3b
 2209 018b 05       		.uleb128 0x5
 2210 018c 49       		.uleb128 0x49
 2211 018d 13       		.uleb128 0x13
 2212 018e 02       		.uleb128 0x2
 2213 018f 18       		.uleb128 0x18
 2214 0190 00       		.byte	0
 2215 0191 00       		.byte	0
 2216 0192 1F       		.uleb128 0x1f
 2217 0193 05       		.uleb128 0x5
 2218 0194 00       		.byte	0
 2219 0195 03       		.uleb128 0x3
ARM GAS  C:\Users\Lenovo\AppData\Local\Temp\ccQthNvb.s 			page 70


 2220 0196 0E       		.uleb128 0xe
 2221 0197 3A       		.uleb128 0x3a
 2222 0198 0B       		.uleb128 0xb
 2223 0199 3B       		.uleb128 0x3b
 2224 019a 05       		.uleb128 0x5
 2225 019b 49       		.uleb128 0x49
 2226 019c 13       		.uleb128 0x13
 2227 019d 02       		.uleb128 0x2
 2228 019e 17       		.uleb128 0x17
 2229 019f 00       		.byte	0
 2230 01a0 00       		.byte	0
 2231 01a1 20       		.uleb128 0x20
 2232 01a2 2E       		.uleb128 0x2e
 2233 01a3 01       		.byte	0x1
 2234 01a4 31       		.uleb128 0x31
 2235 01a5 13       		.uleb128 0x13
 2236 01a6 11       		.uleb128 0x11
 2237 01a7 01       		.uleb128 0x1
 2238 01a8 12       		.uleb128 0x12
 2239 01a9 06       		.uleb128 0x6
 2240 01aa 40       		.uleb128 0x40
 2241 01ab 18       		.uleb128 0x18
 2242 01ac 9742     		.uleb128 0x2117
 2243 01ae 19       		.uleb128 0x19
 2244 01af 01       		.uleb128 0x1
 2245 01b0 13       		.uleb128 0x13
 2246 01b1 00       		.byte	0
 2247 01b2 00       		.byte	0
 2248 01b3 21       		.uleb128 0x21
 2249 01b4 05       		.uleb128 0x5
 2250 01b5 00       		.byte	0
 2251 01b6 31       		.uleb128 0x31
 2252 01b7 13       		.uleb128 0x13
 2253 01b8 02       		.uleb128 0x2
 2254 01b9 17       		.uleb128 0x17
 2255 01ba 00       		.byte	0
 2256 01bb 00       		.byte	0
 2257 01bc 22       		.uleb128 0x22
 2258 01bd 34       		.uleb128 0x34
 2259 01be 00       		.byte	0
 2260 01bf 31       		.uleb128 0x31
 2261 01c0 13       		.uleb128 0x13
 2262 01c1 02       		.uleb128 0x2
 2263 01c2 17       		.uleb128 0x17
 2264 01c3 00       		.byte	0
 2265 01c4 00       		.byte	0
 2266 01c5 23       		.uleb128 0x23
 2267 01c6 898201   		.uleb128 0x4109
 2268 01c9 01       		.byte	0x1
 2269 01ca 11       		.uleb128 0x11
 2270 01cb 01       		.uleb128 0x1
 2271 01cc 31       		.uleb128 0x31
 2272 01cd 13       		.uleb128 0x13
 2273 01ce 00       		.byte	0
 2274 01cf 00       		.byte	0
 2275 01d0 24       		.uleb128 0x24
 2276 01d1 8A8201   		.uleb128 0x410a
ARM GAS  C:\Users\Lenovo\AppData\Local\Temp\ccQthNvb.s 			page 71


 2277 01d4 00       		.byte	0
 2278 01d5 02       		.uleb128 0x2
 2279 01d6 18       		.uleb128 0x18
 2280 01d7 9142     		.uleb128 0x2111
 2281 01d9 18       		.uleb128 0x18
 2282 01da 00       		.byte	0
 2283 01db 00       		.byte	0
 2284 01dc 25       		.uleb128 0x25
 2285 01dd 34       		.uleb128 0x34
 2286 01de 00       		.byte	0
 2287 01df 03       		.uleb128 0x3
 2288 01e0 0E       		.uleb128 0xe
 2289 01e1 3A       		.uleb128 0x3a
 2290 01e2 0B       		.uleb128 0xb
 2291 01e3 3B       		.uleb128 0x3b
 2292 01e4 05       		.uleb128 0x5
 2293 01e5 49       		.uleb128 0x49
 2294 01e6 13       		.uleb128 0x13
 2295 01e7 02       		.uleb128 0x2
 2296 01e8 17       		.uleb128 0x17
 2297 01e9 00       		.byte	0
 2298 01ea 00       		.byte	0
 2299 01eb 26       		.uleb128 0x26
 2300 01ec 1D       		.uleb128 0x1d
 2301 01ed 01       		.byte	0x1
 2302 01ee 31       		.uleb128 0x31
 2303 01ef 13       		.uleb128 0x13
 2304 01f0 11       		.uleb128 0x11
 2305 01f1 01       		.uleb128 0x1
 2306 01f2 12       		.uleb128 0x12
 2307 01f3 06       		.uleb128 0x6
 2308 01f4 58       		.uleb128 0x58
 2309 01f5 0B       		.uleb128 0xb
 2310 01f6 59       		.uleb128 0x59
 2311 01f7 05       		.uleb128 0x5
 2312 01f8 00       		.byte	0
 2313 01f9 00       		.byte	0
 2314 01fa 27       		.uleb128 0x27
 2315 01fb 0B       		.uleb128 0xb
 2316 01fc 01       		.byte	0x1
 2317 01fd 11       		.uleb128 0x11
 2318 01fe 01       		.uleb128 0x1
 2319 01ff 12       		.uleb128 0x12
 2320 0200 06       		.uleb128 0x6
 2321 0201 00       		.byte	0
 2322 0202 00       		.byte	0
 2323 0203 28       		.uleb128 0x28
 2324 0204 2E       		.uleb128 0x2e
 2325 0205 01       		.byte	0x1
 2326 0206 3F       		.uleb128 0x3f
 2327 0207 19       		.uleb128 0x19
 2328 0208 03       		.uleb128 0x3
 2329 0209 0E       		.uleb128 0xe
 2330 020a 3A       		.uleb128 0x3a
 2331 020b 0B       		.uleb128 0xb
 2332 020c 3B       		.uleb128 0x3b
 2333 020d 05       		.uleb128 0x5
ARM GAS  C:\Users\Lenovo\AppData\Local\Temp\ccQthNvb.s 			page 72


 2334 020e 27       		.uleb128 0x27
 2335 020f 19       		.uleb128 0x19
 2336 0210 49       		.uleb128 0x49
 2337 0211 13       		.uleb128 0x13
 2338 0212 11       		.uleb128 0x11
 2339 0213 01       		.uleb128 0x1
 2340 0214 12       		.uleb128 0x12
 2341 0215 06       		.uleb128 0x6
 2342 0216 40       		.uleb128 0x40
 2343 0217 18       		.uleb128 0x18
 2344 0218 9742     		.uleb128 0x2117
 2345 021a 19       		.uleb128 0x19
 2346 021b 01       		.uleb128 0x1
 2347 021c 13       		.uleb128 0x13
 2348 021d 00       		.byte	0
 2349 021e 00       		.byte	0
 2350 021f 29       		.uleb128 0x29
 2351 0220 05       		.uleb128 0x5
 2352 0221 00       		.byte	0
 2353 0222 03       		.uleb128 0x3
 2354 0223 08       		.uleb128 0x8
 2355 0224 3A       		.uleb128 0x3a
 2356 0225 0B       		.uleb128 0xb
 2357 0226 3B       		.uleb128 0x3b
 2358 0227 05       		.uleb128 0x5
 2359 0228 49       		.uleb128 0x49
 2360 0229 13       		.uleb128 0x13
 2361 022a 02       		.uleb128 0x2
 2362 022b 17       		.uleb128 0x17
 2363 022c 00       		.byte	0
 2364 022d 00       		.byte	0
 2365 022e 2A       		.uleb128 0x2a
 2366 022f 34       		.uleb128 0x34
 2367 0230 00       		.byte	0
 2368 0231 03       		.uleb128 0x3
 2369 0232 0E       		.uleb128 0xe
 2370 0233 3A       		.uleb128 0x3a
 2371 0234 0B       		.uleb128 0xb
 2372 0235 3B       		.uleb128 0x3b
 2373 0236 05       		.uleb128 0x5
 2374 0237 49       		.uleb128 0x49
 2375 0238 13       		.uleb128 0x13
 2376 0239 02       		.uleb128 0x2
 2377 023a 18       		.uleb128 0x18
 2378 023b 00       		.byte	0
 2379 023c 00       		.byte	0
 2380 023d 2B       		.uleb128 0x2b
 2381 023e 34       		.uleb128 0x34
 2382 023f 00       		.byte	0
 2383 0240 03       		.uleb128 0x3
 2384 0241 0E       		.uleb128 0xe
 2385 0242 3A       		.uleb128 0x3a
 2386 0243 0B       		.uleb128 0xb
 2387 0244 3B       		.uleb128 0x3b
 2388 0245 05       		.uleb128 0x5
 2389 0246 49       		.uleb128 0x49
 2390 0247 13       		.uleb128 0x13
ARM GAS  C:\Users\Lenovo\AppData\Local\Temp\ccQthNvb.s 			page 73


 2391 0248 1C       		.uleb128 0x1c
 2392 0249 0B       		.uleb128 0xb
 2393 024a 00       		.byte	0
 2394 024b 00       		.byte	0
 2395 024c 2C       		.uleb128 0x2c
 2396 024d 898201   		.uleb128 0x4109
 2397 0250 01       		.byte	0x1
 2398 0251 11       		.uleb128 0x11
 2399 0252 01       		.uleb128 0x1
 2400 0253 31       		.uleb128 0x31
 2401 0254 13       		.uleb128 0x13
 2402 0255 01       		.uleb128 0x1
 2403 0256 13       		.uleb128 0x13
 2404 0257 00       		.byte	0
 2405 0258 00       		.byte	0
 2406 0259 2D       		.uleb128 0x2d
 2407 025a 2E       		.uleb128 0x2e
 2408 025b 01       		.byte	0x1
 2409 025c 3F       		.uleb128 0x3f
 2410 025d 19       		.uleb128 0x19
 2411 025e 03       		.uleb128 0x3
 2412 025f 0E       		.uleb128 0xe
 2413 0260 3A       		.uleb128 0x3a
 2414 0261 0B       		.uleb128 0xb
 2415 0262 3B       		.uleb128 0x3b
 2416 0263 0B       		.uleb128 0xb
 2417 0264 27       		.uleb128 0x27
 2418 0265 19       		.uleb128 0x19
 2419 0266 49       		.uleb128 0x49
 2420 0267 13       		.uleb128 0x13
 2421 0268 11       		.uleb128 0x11
 2422 0269 01       		.uleb128 0x1
 2423 026a 12       		.uleb128 0x12
 2424 026b 06       		.uleb128 0x6
 2425 026c 40       		.uleb128 0x40
 2426 026d 18       		.uleb128 0x18
 2427 026e 9742     		.uleb128 0x2117
 2428 0270 19       		.uleb128 0x19
 2429 0271 01       		.uleb128 0x1
 2430 0272 13       		.uleb128 0x13
 2431 0273 00       		.byte	0
 2432 0274 00       		.byte	0
 2433 0275 2E       		.uleb128 0x2e
 2434 0276 05       		.uleb128 0x5
 2435 0277 00       		.byte	0
 2436 0278 03       		.uleb128 0x3
 2437 0279 0E       		.uleb128 0xe
 2438 027a 3A       		.uleb128 0x3a
 2439 027b 0B       		.uleb128 0xb
 2440 027c 3B       		.uleb128 0x3b
 2441 027d 0B       		.uleb128 0xb
 2442 027e 49       		.uleb128 0x49
 2443 027f 13       		.uleb128 0x13
 2444 0280 02       		.uleb128 0x2
 2445 0281 17       		.uleb128 0x17
 2446 0282 00       		.byte	0
 2447 0283 00       		.byte	0
ARM GAS  C:\Users\Lenovo\AppData\Local\Temp\ccQthNvb.s 			page 74


 2448 0284 2F       		.uleb128 0x2f
 2449 0285 34       		.uleb128 0x34
 2450 0286 00       		.byte	0
 2451 0287 03       		.uleb128 0x3
 2452 0288 0E       		.uleb128 0xe
 2453 0289 3A       		.uleb128 0x3a
 2454 028a 0B       		.uleb128 0xb
 2455 028b 3B       		.uleb128 0x3b
 2456 028c 05       		.uleb128 0x5
 2457 028d 49       		.uleb128 0x49
 2458 028e 13       		.uleb128 0x13
 2459 028f 3F       		.uleb128 0x3f
 2460 0290 19       		.uleb128 0x19
 2461 0291 3C       		.uleb128 0x3c
 2462 0292 19       		.uleb128 0x19
 2463 0293 00       		.byte	0
 2464 0294 00       		.byte	0
 2465 0295 00       		.byte	0
 2466              		.section	.debug_loc,"",%progbits
 2467              	.Ldebug_loc0:
 2468              	.LLST0:
 2469 0000 00000000 		.4byte	.LVL0
 2470 0004 04000000 		.4byte	.LVL1
 2471 0008 0200     		.2byte	0x2
 2472 000a 31       		.byte	0x31
 2473 000b 9F       		.byte	0x9f
 2474 000c 04000000 		.4byte	.LVL1
 2475 0010 1C000000 		.4byte	.LVL6
 2476 0014 0100     		.2byte	0x1
 2477 0016 51       		.byte	0x51
 2478 0017 1C000000 		.4byte	.LVL6
 2479 001b 1E000000 		.4byte	.LVL7
 2480 001f 0100     		.2byte	0x1
 2481 0021 53       		.byte	0x53
 2482 0022 1E000000 		.4byte	.LVL7
 2483 0026 28000000 		.4byte	.LFE2
 2484 002a 0100     		.2byte	0x1
 2485 002c 51       		.byte	0x51
 2486 002d 00000000 		.4byte	0
 2487 0031 00000000 		.4byte	0
 2488              	.LLST1:
 2489 0035 10000000 		.4byte	.LVL2
 2490 0039 12000000 		.4byte	.LVL3
 2491 003d 0100     		.2byte	0x1
 2492 003f 53       		.byte	0x53
 2493 0040 12000000 		.4byte	.LVL3
 2494 0044 14000000 		.4byte	.LVL4
 2495 0048 0100     		.2byte	0x1
 2496 004a 52       		.byte	0x52
 2497 004b 14000000 		.4byte	.LVL4
 2498 004f 16000000 		.4byte	.LVL5
 2499 0053 0100     		.2byte	0x1
 2500 0055 53       		.byte	0x53
 2501 0056 16000000 		.4byte	.LVL5
 2502 005a 1C000000 		.4byte	.LVL6
 2503 005e 0100     		.2byte	0x1
 2504 0060 52       		.byte	0x52
ARM GAS  C:\Users\Lenovo\AppData\Local\Temp\ccQthNvb.s 			page 75


 2505 0061 00000000 		.4byte	0
 2506 0065 00000000 		.4byte	0
 2507              	.LLST2:
 2508 0069 10000000 		.4byte	.LVL2
 2509 006d 12000000 		.4byte	.LVL3
 2510 0071 0100     		.2byte	0x1
 2511 0073 53       		.byte	0x53
 2512 0074 00000000 		.4byte	0
 2513 0078 00000000 		.4byte	0
 2514              	.LLST3:
 2515 007c 00000000 		.4byte	.LVL8
 2516 0080 04000000 		.4byte	.LVL9
 2517 0084 0100     		.2byte	0x1
 2518 0086 51       		.byte	0x51
 2519 0087 04000000 		.4byte	.LVL9
 2520 008b 1E000000 		.4byte	.LFE11
 2521 008f 0400     		.2byte	0x4
 2522 0091 F3       		.byte	0xf3
 2523 0092 01       		.uleb128 0x1
 2524 0093 51       		.byte	0x51
 2525 0094 9F       		.byte	0x9f
 2526 0095 00000000 		.4byte	0
 2527 0099 00000000 		.4byte	0
 2528              	.LLST4:
 2529 009d 00000000 		.4byte	.LVL8
 2530 00a1 18000000 		.4byte	.LVL10
 2531 00a5 0100     		.2byte	0x1
 2532 00a7 52       		.byte	0x52
 2533 00a8 18000000 		.4byte	.LVL10
 2534 00ac 1E000000 		.4byte	.LFE11
 2535 00b0 0400     		.2byte	0x4
 2536 00b2 F3       		.byte	0xf3
 2537 00b3 01       		.uleb128 0x1
 2538 00b4 52       		.byte	0x52
 2539 00b5 9F       		.byte	0x9f
 2540 00b6 00000000 		.4byte	0
 2541 00ba 00000000 		.4byte	0
 2542              	.LLST5:
 2543 00be 00000000 		.4byte	.LVL11
 2544 00c2 0A000000 		.4byte	.LVL13
 2545 00c6 0100     		.2byte	0x1
 2546 00c8 50       		.byte	0x50
 2547 00c9 0A000000 		.4byte	.LVL13
 2548 00cd 1C000000 		.4byte	.LVL19
 2549 00d1 0100     		.2byte	0x1
 2550 00d3 56       		.byte	0x56
 2551 00d4 1C000000 		.4byte	.LVL19
 2552 00d8 1E000000 		.4byte	.LFE10
 2553 00dc 0400     		.2byte	0x4
 2554 00de F3       		.byte	0xf3
 2555 00df 01       		.uleb128 0x1
 2556 00e0 50       		.byte	0x50
 2557 00e1 9F       		.byte	0x9f
 2558 00e2 00000000 		.4byte	0
 2559 00e6 00000000 		.4byte	0
 2560              	.LLST6:
 2561 00ea 00000000 		.4byte	.LVL11
ARM GAS  C:\Users\Lenovo\AppData\Local\Temp\ccQthNvb.s 			page 76


 2562 00ee 0A000000 		.4byte	.LVL13
 2563 00f2 0100     		.2byte	0x1
 2564 00f4 51       		.byte	0x51
 2565 00f5 0A000000 		.4byte	.LVL13
 2566 00f9 1C000000 		.4byte	.LVL18
 2567 00fd 0100     		.2byte	0x1
 2568 00ff 55       		.byte	0x55
 2569 0100 1C000000 		.4byte	.LVL18
 2570 0104 1E000000 		.4byte	.LFE10
 2571 0108 0400     		.2byte	0x4
 2572 010a F3       		.byte	0xf3
 2573 010b 01       		.uleb128 0x1
 2574 010c 51       		.byte	0x51
 2575 010d 9F       		.byte	0x9f
 2576 010e 00000000 		.4byte	0
 2577 0112 00000000 		.4byte	0
 2578              	.LLST7:
 2579 0116 06000000 		.4byte	.LVL12
 2580 011a 0A000000 		.4byte	.LVL13
 2581 011e 0200     		.2byte	0x2
 2582 0120 31       		.byte	0x31
 2583 0121 9F       		.byte	0x9f
 2584 0122 0A000000 		.4byte	.LVL13
 2585 0126 16000000 		.4byte	.LVL15
 2586 012a 0100     		.2byte	0x1
 2587 012c 54       		.byte	0x54
 2588 012d 16000000 		.4byte	.LVL15
 2589 0131 18000000 		.4byte	.LVL16
 2590 0135 0100     		.2byte	0x1
 2591 0137 53       		.byte	0x53
 2592 0138 18000000 		.4byte	.LVL16
 2593 013c 1C000000 		.4byte	.LVL17
 2594 0140 0100     		.2byte	0x1
 2595 0142 54       		.byte	0x54
 2596 0143 1C000000 		.4byte	.LVL17
 2597 0147 1E000000 		.4byte	.LFE10
 2598 014b 0300     		.2byte	0x3
 2599 014d 73       		.byte	0x73
 2600 014e 7F       		.sleb128 -1
 2601 014f 9F       		.byte	0x9f
 2602 0150 00000000 		.4byte	0
 2603 0154 00000000 		.4byte	0
 2604              	.LLST8:
 2605 0158 00000000 		.4byte	.LVL20
 2606 015c 18000000 		.4byte	.LVL25
 2607 0160 0100     		.2byte	0x1
 2608 0162 50       		.byte	0x50
 2609 0163 18000000 		.4byte	.LVL25
 2610 0167 3C000000 		.4byte	.LFE9
 2611 016b 0400     		.2byte	0x4
 2612 016d F3       		.byte	0xf3
 2613 016e 01       		.uleb128 0x1
 2614 016f 50       		.byte	0x50
 2615 0170 9F       		.byte	0x9f
 2616 0171 00000000 		.4byte	0
 2617 0175 00000000 		.4byte	0
 2618              	.LLST9:
ARM GAS  C:\Users\Lenovo\AppData\Local\Temp\ccQthNvb.s 			page 77


 2619 0179 00000000 		.4byte	.LVL20
 2620 017d 12000000 		.4byte	.LVL23
 2621 0181 0100     		.2byte	0x1
 2622 0183 51       		.byte	0x51
 2623 0184 12000000 		.4byte	.LVL23
 2624 0188 3C000000 		.4byte	.LFE9
 2625 018c 0400     		.2byte	0x4
 2626 018e F3       		.byte	0xf3
 2627 018f 01       		.uleb128 0x1
 2628 0190 51       		.byte	0x51
 2629 0191 9F       		.byte	0x9f
 2630 0192 00000000 		.4byte	0
 2631 0196 00000000 		.4byte	0
 2632              	.LLST10:
 2633 019a 02000000 		.4byte	.LVL21
 2634 019e 0E000000 		.4byte	.LVL22
 2635 01a2 0200     		.2byte	0x2
 2636 01a4 30       		.byte	0x30
 2637 01a5 9F       		.byte	0x9f
 2638 01a6 0E000000 		.4byte	.LVL22
 2639 01aa 34000000 		.4byte	.LVL31
 2640 01ae 0100     		.2byte	0x1
 2641 01b0 54       		.byte	0x54
 2642 01b1 00000000 		.4byte	0
 2643 01b5 00000000 		.4byte	0
 2644              	.LLST11:
 2645 01b9 1E000000 		.4byte	.LVL26
 2646 01bd 34000000 		.4byte	.LVL33
 2647 01c1 0100     		.2byte	0x1
 2648 01c3 56       		.byte	0x56
 2649 01c4 00000000 		.4byte	0
 2650 01c8 00000000 		.4byte	0
 2651              	.LLST12:
 2652 01cc 1E000000 		.4byte	.LVL26
 2653 01d0 34000000 		.4byte	.LVL31
 2654 01d4 0100     		.2byte	0x1
 2655 01d6 54       		.byte	0x54
 2656 01d7 00000000 		.4byte	0
 2657 01db 00000000 		.4byte	0
 2658              	.LLST13:
 2659 01df 1E000000 		.4byte	.LVL26
 2660 01e3 22000000 		.4byte	.LVL27
 2661 01e7 0200     		.2byte	0x2
 2662 01e9 31       		.byte	0x31
 2663 01ea 9F       		.byte	0x9f
 2664 01eb 22000000 		.4byte	.LVL27
 2665 01ef 2E000000 		.4byte	.LVL29
 2666 01f3 0100     		.2byte	0x1
 2667 01f5 55       		.byte	0x55
 2668 01f6 2E000000 		.4byte	.LVL29
 2669 01fa 30000000 		.4byte	.LVL30
 2670 01fe 0100     		.2byte	0x1
 2671 0200 53       		.byte	0x53
 2672 0201 30000000 		.4byte	.LVL30
 2673 0205 34000000 		.4byte	.LVL32
 2674 0209 0100     		.2byte	0x1
 2675 020b 55       		.byte	0x55
ARM GAS  C:\Users\Lenovo\AppData\Local\Temp\ccQthNvb.s 			page 78


 2676 020c 34000000 		.4byte	.LVL32
 2677 0210 3C000000 		.4byte	.LFE9
 2678 0214 0300     		.2byte	0x3
 2679 0216 73       		.byte	0x73
 2680 0217 7F       		.sleb128 -1
 2681 0218 9F       		.byte	0x9f
 2682 0219 00000000 		.4byte	0
 2683 021d 00000000 		.4byte	0
 2684              	.LLST14:
 2685 0221 00000000 		.4byte	.LVL34
 2686 0225 12000000 		.4byte	.LVL37
 2687 0229 0100     		.2byte	0x1
 2688 022b 50       		.byte	0x50
 2689 022c 12000000 		.4byte	.LVL37
 2690 0230 22000000 		.4byte	.LVL42
 2691 0234 0100     		.2byte	0x1
 2692 0236 55       		.byte	0x55
 2693 0237 22000000 		.4byte	.LVL42
 2694 023b 28000000 		.4byte	.LFE8
 2695 023f 0400     		.2byte	0x4
 2696 0241 F3       		.byte	0xf3
 2697 0242 01       		.uleb128 0x1
 2698 0243 50       		.byte	0x50
 2699 0244 9F       		.byte	0x9f
 2700 0245 00000000 		.4byte	0
 2701 0249 00000000 		.4byte	0
 2702              	.LLST15:
 2703 024d 10000000 		.4byte	.LVL36
 2704 0251 12000000 		.4byte	.LVL37
 2705 0255 0100     		.2byte	0x1
 2706 0257 53       		.byte	0x53
 2707 0258 12000000 		.4byte	.LVL37
 2708 025c 1C000000 		.4byte	.LVL39
 2709 0260 0100     		.2byte	0x1
 2710 0262 54       		.byte	0x54
 2711 0263 1C000000 		.4byte	.LVL39
 2712 0267 1E000000 		.4byte	.LVL40
 2713 026b 0100     		.2byte	0x1
 2714 026d 53       		.byte	0x53
 2715 026e 1E000000 		.4byte	.LVL40
 2716 0272 22000000 		.4byte	.LVL41
 2717 0276 0100     		.2byte	0x1
 2718 0278 54       		.byte	0x54
 2719 0279 22000000 		.4byte	.LVL41
 2720 027d 28000000 		.4byte	.LFE8
 2721 0281 0300     		.2byte	0x3
 2722 0283 73       		.byte	0x73
 2723 0284 7F       		.sleb128 -1
 2724 0285 9F       		.byte	0x9f
 2725 0286 00000000 		.4byte	0
 2726 028a 00000000 		.4byte	0
 2727              	.LLST16:
 2728 028e 10000000 		.4byte	.LVL36
 2729 0292 12000000 		.4byte	.LVL37
 2730 0296 0100     		.2byte	0x1
 2731 0298 53       		.byte	0x53
 2732 0299 00000000 		.4byte	0
ARM GAS  C:\Users\Lenovo\AppData\Local\Temp\ccQthNvb.s 			page 79


 2733 029d 00000000 		.4byte	0
 2734              	.LLST17:
 2735 02a1 02000000 		.4byte	.LVL43
 2736 02a5 06000000 		.4byte	.LVL44
 2737 02a9 0200     		.2byte	0x2
 2738 02ab 31       		.byte	0x31
 2739 02ac 9F       		.byte	0x9f
 2740 02ad 06000000 		.4byte	.LVL44
 2741 02b1 0E000000 		.4byte	.LVL46
 2742 02b5 0100     		.2byte	0x1
 2743 02b7 54       		.byte	0x54
 2744 02b8 0E000000 		.4byte	.LVL46
 2745 02bc 10000000 		.4byte	.LVL47
 2746 02c0 0100     		.2byte	0x1
 2747 02c2 53       		.byte	0x53
 2748 02c3 10000000 		.4byte	.LVL47
 2749 02c7 14000000 		.4byte	.LVL48
 2750 02cb 0100     		.2byte	0x1
 2751 02cd 54       		.byte	0x54
 2752 02ce 14000000 		.4byte	.LVL48
 2753 02d2 16000000 		.4byte	.LFE7
 2754 02d6 0300     		.2byte	0x3
 2755 02d8 73       		.byte	0x73
 2756 02d9 7F       		.sleb128 -1
 2757 02da 9F       		.byte	0x9f
 2758 02db 00000000 		.4byte	0
 2759 02df 00000000 		.4byte	0
 2760              	.LLST18:
 2761 02e3 00000000 		.4byte	.LVL49
 2762 02e7 02000000 		.4byte	.LVL50
 2763 02eb 0100     		.2byte	0x1
 2764 02ed 50       		.byte	0x50
 2765 02ee 02000000 		.4byte	.LVL50
 2766 02f2 12000000 		.4byte	.LFE12
 2767 02f6 0400     		.2byte	0x4
 2768 02f8 F3       		.byte	0xf3
 2769 02f9 01       		.uleb128 0x1
 2770 02fa 50       		.byte	0x50
 2771 02fb 9F       		.byte	0x9f
 2772 02fc 00000000 		.4byte	0
 2773 0300 00000000 		.4byte	0
 2774              	.LLST19:
 2775 0304 00000000 		.4byte	.LVL49
 2776 0308 0C000000 		.4byte	.LVL53
 2777 030c 0100     		.2byte	0x1
 2778 030e 51       		.byte	0x51
 2779 030f 0C000000 		.4byte	.LVL53
 2780 0313 12000000 		.4byte	.LFE12
 2781 0317 0400     		.2byte	0x4
 2782 0319 F3       		.byte	0xf3
 2783 031a 01       		.uleb128 0x1
 2784 031b 51       		.byte	0x51
 2785 031c 9F       		.byte	0x9f
 2786 031d 00000000 		.4byte	0
 2787 0321 00000000 		.4byte	0
 2788              	.LLST20:
 2789 0325 00000000 		.4byte	.LVL49
ARM GAS  C:\Users\Lenovo\AppData\Local\Temp\ccQthNvb.s 			page 80


 2790 0329 0A000000 		.4byte	.LVL52
 2791 032d 0100     		.2byte	0x1
 2792 032f 52       		.byte	0x52
 2793 0330 0A000000 		.4byte	.LVL52
 2794 0334 12000000 		.4byte	.LFE12
 2795 0338 0400     		.2byte	0x4
 2796 033a F3       		.byte	0xf3
 2797 033b 01       		.uleb128 0x1
 2798 033c 52       		.byte	0x52
 2799 033d 9F       		.byte	0x9f
 2800 033e 00000000 		.4byte	0
 2801 0342 00000000 		.4byte	0
 2802              	.LLST21:
 2803 0346 00000000 		.4byte	.LVL49
 2804 034a 06000000 		.4byte	.LVL51
 2805 034e 0100     		.2byte	0x1
 2806 0350 53       		.byte	0x53
 2807 0351 06000000 		.4byte	.LVL51
 2808 0355 12000000 		.4byte	.LFE12
 2809 0359 0400     		.2byte	0x4
 2810 035b F3       		.byte	0xf3
 2811 035c 01       		.uleb128 0x1
 2812 035d 53       		.byte	0x53
 2813 035e 9F       		.byte	0x9f
 2814 035f 00000000 		.4byte	0
 2815 0363 00000000 		.4byte	0
 2816              	.LLST22:
 2817 0367 00000000 		.4byte	.LVL55
 2818 036b 12000000 		.4byte	.LVL57
 2819 036f 0100     		.2byte	0x1
 2820 0371 50       		.byte	0x50
 2821 0372 12000000 		.4byte	.LVL57
 2822 0376 9A000000 		.4byte	.LVL76
 2823 037a 0100     		.2byte	0x1
 2824 037c 57       		.byte	0x57
 2825 037d 9A000000 		.4byte	.LVL76
 2826 0381 A0000000 		.4byte	.LFE6
 2827 0385 0400     		.2byte	0x4
 2828 0387 F3       		.byte	0xf3
 2829 0388 01       		.uleb128 0x1
 2830 0389 50       		.byte	0x50
 2831 038a 9F       		.byte	0x9f
 2832 038b 00000000 		.4byte	0
 2833 038f 00000000 		.4byte	0
 2834              	.LLST23:
 2835 0393 00000000 		.4byte	.LVL55
 2836 0397 12000000 		.4byte	.LVL57
 2837 039b 0100     		.2byte	0x1
 2838 039d 51       		.byte	0x51
 2839 039e 12000000 		.4byte	.LVL57
 2840 03a2 9A000000 		.4byte	.LVL75
 2841 03a6 0100     		.2byte	0x1
 2842 03a8 56       		.byte	0x56
 2843 03a9 9A000000 		.4byte	.LVL75
 2844 03ad A0000000 		.4byte	.LFE6
 2845 03b1 0400     		.2byte	0x4
 2846 03b3 F3       		.byte	0xf3
ARM GAS  C:\Users\Lenovo\AppData\Local\Temp\ccQthNvb.s 			page 81


 2847 03b4 01       		.uleb128 0x1
 2848 03b5 51       		.byte	0x51
 2849 03b6 9F       		.byte	0x9f
 2850 03b7 00000000 		.4byte	0
 2851 03bb 00000000 		.4byte	0
 2852              	.LLST24:
 2853 03bf 00000000 		.4byte	.LVL55
 2854 03c3 12000000 		.4byte	.LVL57
 2855 03c7 0100     		.2byte	0x1
 2856 03c9 52       		.byte	0x52
 2857 03ca 12000000 		.4byte	.LVL57
 2858 03ce A0000000 		.4byte	.LFE6
 2859 03d2 0200     		.2byte	0x2
 2860 03d4 91       		.byte	0x91
 2861 03d5 64       		.sleb128 -28
 2862 03d6 00000000 		.4byte	0
 2863 03da 00000000 		.4byte	0
 2864              	.LLST25:
 2865 03de 20000000 		.4byte	.LVL58
 2866 03e2 2A000000 		.4byte	.LVL59
 2867 03e6 0200     		.2byte	0x2
 2868 03e8 31       		.byte	0x31
 2869 03e9 9F       		.byte	0x9f
 2870 03ea 2C000000 		.4byte	.LVL60
 2871 03ee 2E000000 		.4byte	.LVL61
 2872 03f2 0200     		.2byte	0x2
 2873 03f4 30       		.byte	0x30
 2874 03f5 9F       		.byte	0x9f
 2875 03f6 2E000000 		.4byte	.LVL61
 2876 03fa 3E000000 		.4byte	.LVL63
 2877 03fe 0100     		.2byte	0x1
 2878 0400 52       		.byte	0x52
 2879 0401 56000000 		.4byte	.LVL65
 2880 0405 6A000000 		.4byte	.LVL67
 2881 0409 0100     		.2byte	0x1
 2882 040b 52       		.byte	0x52
 2883 040c 00000000 		.4byte	0
 2884 0410 00000000 		.4byte	0
 2885              	.LLST26:
 2886 0414 20000000 		.4byte	.LVL58
 2887 0418 2A000000 		.4byte	.LVL59
 2888 041c 0100     		.2byte	0x1
 2889 041e 53       		.byte	0x53
 2890 041f 2C000000 		.4byte	.LVL60
 2891 0423 3A000000 		.4byte	.LVL62
 2892 0427 0100     		.2byte	0x1
 2893 0429 53       		.byte	0x53
 2894 042a 56000000 		.4byte	.LVL65
 2895 042e 68000000 		.4byte	.LVL66
 2896 0432 0100     		.2byte	0x1
 2897 0434 53       		.byte	0x53
 2898 0435 00000000 		.4byte	0
 2899 0439 00000000 		.4byte	0
 2900              	.LLST27:
 2901 043d 0E000000 		.4byte	.LVL56
 2902 0441 12000000 		.4byte	.LVL57
 2903 0445 0200     		.2byte	0x2
ARM GAS  C:\Users\Lenovo\AppData\Local\Temp\ccQthNvb.s 			page 82


 2904 0447 31       		.byte	0x31
 2905 0448 9F       		.byte	0x9f
 2906 0449 12000000 		.4byte	.LVL57
 2907 044d 90000000 		.4byte	.LVL72
 2908 0451 0100     		.2byte	0x1
 2909 0453 54       		.byte	0x54
 2910 0454 90000000 		.4byte	.LVL72
 2911 0458 92000000 		.4byte	.LVL73
 2912 045c 0100     		.2byte	0x1
 2913 045e 53       		.byte	0x53
 2914 045f 92000000 		.4byte	.LVL73
 2915 0463 9A000000 		.4byte	.LVL74
 2916 0467 0100     		.2byte	0x1
 2917 0469 54       		.byte	0x54
 2918 046a 9A000000 		.4byte	.LVL74
 2919 046e A0000000 		.4byte	.LFE6
 2920 0472 0300     		.2byte	0x3
 2921 0474 73       		.byte	0x73
 2922 0475 7F       		.sleb128 -1
 2923 0476 9F       		.byte	0x9f
 2924 0477 00000000 		.4byte	0
 2925 047b 00000000 		.4byte	0
 2926              	.LLST28:
 2927 047f 7A000000 		.4byte	.LVL69
 2928 0483 8E000000 		.4byte	.LVL71
 2929 0487 0200     		.2byte	0x2
 2930 0489 31       		.byte	0x31
 2931 048a 9F       		.byte	0x9f
 2932 048b 00000000 		.4byte	0
 2933 048f 00000000 		.4byte	0
 2934              	.LLST29:
 2935 0493 72000000 		.4byte	.LVL68
 2936 0497 81000000 		.4byte	.LVL70-1
 2937 049b 0100     		.2byte	0x1
 2938 049d 51       		.byte	0x51
 2939 049e 82000000 		.4byte	.LVL70
 2940 04a2 8E000000 		.4byte	.LVL71
 2941 04a6 0100     		.2byte	0x1
 2942 04a8 50       		.byte	0x50
 2943 04a9 00000000 		.4byte	0
 2944 04ad 00000000 		.4byte	0
 2945              	.LLST30:
 2946 04b1 00000000 		.4byte	.LVL77
 2947 04b5 0A000000 		.4byte	.LVL79
 2948 04b9 0100     		.2byte	0x1
 2949 04bb 50       		.byte	0x50
 2950 04bc 0A000000 		.4byte	.LVL79
 2951 04c0 1C000000 		.4byte	.LVL84
 2952 04c4 0100     		.2byte	0x1
 2953 04c6 53       		.byte	0x53
 2954 04c7 1C000000 		.4byte	.LVL84
 2955 04cb 2C000000 		.4byte	.LFE5
 2956 04cf 0400     		.2byte	0x4
 2957 04d1 F3       		.byte	0xf3
 2958 04d2 01       		.uleb128 0x1
 2959 04d3 50       		.byte	0x50
 2960 04d4 9F       		.byte	0x9f
ARM GAS  C:\Users\Lenovo\AppData\Local\Temp\ccQthNvb.s 			page 83


 2961 04d5 00000000 		.4byte	0
 2962 04d9 00000000 		.4byte	0
 2963              	.LLST31:
 2964 04dd 00000000 		.4byte	.LVL77
 2965 04e1 18000000 		.4byte	.LVL82
 2966 04e5 0100     		.2byte	0x1
 2967 04e7 51       		.byte	0x51
 2968 04e8 18000000 		.4byte	.LVL82
 2969 04ec 2C000000 		.4byte	.LFE5
 2970 04f0 0400     		.2byte	0x4
 2971 04f2 F3       		.byte	0xf3
 2972 04f3 01       		.uleb128 0x1
 2973 04f4 51       		.byte	0x51
 2974 04f5 9F       		.byte	0x9f
 2975 04f6 00000000 		.4byte	0
 2976 04fa 00000000 		.4byte	0
 2977              	.LLST32:
 2978 04fe 04000000 		.4byte	.LVL78
 2979 0502 26000000 		.4byte	.LVL85
 2980 0506 0200     		.2byte	0x2
 2981 0508 30       		.byte	0x30
 2982 0509 9F       		.byte	0x9f
 2983 050a 26000000 		.4byte	.LVL85
 2984 050e 2C000000 		.4byte	.LFE5
 2985 0512 0100     		.2byte	0x1
 2986 0514 50       		.byte	0x50
 2987 0515 00000000 		.4byte	0
 2988 0519 00000000 		.4byte	0
 2989              	.LLST33:
 2990 051d 04000000 		.4byte	.LVL78
 2991 0521 12000000 		.4byte	.LVL81
 2992 0525 0200     		.2byte	0x2
 2993 0527 30       		.byte	0x30
 2994 0528 9F       		.byte	0x9f
 2995 0529 12000000 		.4byte	.LVL81
 2996 052d 1A000000 		.4byte	.LVL83
 2997 0531 0100     		.2byte	0x1
 2998 0533 56       		.byte	0x56
 2999 0534 1A000000 		.4byte	.LVL83
 3000 0538 25000000 		.4byte	.LVL85-1
 3001 053c 0100     		.2byte	0x1
 3002 053e 51       		.byte	0x51
 3003 053f 25000000 		.4byte	.LVL85-1
 3004 0543 26000000 		.4byte	.LVL88
 3005 0547 0F00     		.2byte	0xf
 3006 0549 F3       		.byte	0xf3
 3007 054a 01       		.uleb128 0x1
 3008 054b 51       		.byte	0x51
 3009 054c 32       		.byte	0x32
 3010 054d 24       		.byte	0x24
 3011 054e F3       		.byte	0xf3
 3012 054f 01       		.uleb128 0x1
 3013 0550 51       		.byte	0x51
 3014 0551 22       		.byte	0x22
 3015 0552 31       		.byte	0x31
 3016 0553 24       		.byte	0x24
 3017 0554 76       		.byte	0x76
ARM GAS  C:\Users\Lenovo\AppData\Local\Temp\ccQthNvb.s 			page 84


 3018 0555 00       		.sleb128 0
 3019 0556 22       		.byte	0x22
 3020 0557 9F       		.byte	0x9f
 3021 0558 00000000 		.4byte	0
 3022 055c 00000000 		.4byte	0
 3023              	.LLST34:
 3024 0560 10000000 		.4byte	.LVL80
 3025 0564 25000000 		.4byte	.LVL85-1
 3026 0568 0100     		.2byte	0x1
 3027 056a 50       		.byte	0x50
 3028 056b 25000000 		.4byte	.LVL85-1
 3029 056f 26000000 		.4byte	.LVL86
 3030 0573 0D00     		.2byte	0xd
 3031 0575 75       		.byte	0x75
 3032 0576 00       		.sleb128 0
 3033 0577 F3       		.byte	0xf3
 3034 0578 01       		.uleb128 0x1
 3035 0579 50       		.byte	0x50
 3036 057a 22       		.byte	0x22
 3037 057b 32       		.byte	0x32
 3038 057c 24       		.byte	0x24
 3039 057d 74       		.byte	0x74
 3040 057e 00       		.sleb128 0
 3041 057f 22       		.byte	0x22
 3042 0580 23       		.byte	0x23
 3043 0581 04       		.uleb128 0x4
 3044 0582 00000000 		.4byte	0
 3045 0586 00000000 		.4byte	0
 3046              	.LLST35:
 3047 058a 00000000 		.4byte	.LVL89
 3048 058e 14000000 		.4byte	.LVL92
 3049 0592 0100     		.2byte	0x1
 3050 0594 50       		.byte	0x50
 3051 0595 14000000 		.4byte	.LVL92
 3052 0599 28000000 		.4byte	.LVL99
 3053 059d 0100     		.2byte	0x1
 3054 059f 56       		.byte	0x56
 3055 05a0 28000000 		.4byte	.LVL99
 3056 05a4 30000000 		.4byte	.LFE4
 3057 05a8 0400     		.2byte	0x4
 3058 05aa F3       		.byte	0xf3
 3059 05ab 01       		.uleb128 0x1
 3060 05ac 50       		.byte	0x50
 3061 05ad 9F       		.byte	0x9f
 3062 05ae 00000000 		.4byte	0
 3063 05b2 00000000 		.4byte	0
 3064              	.LLST36:
 3065 05b6 10000000 		.4byte	.LVL91
 3066 05ba 14000000 		.4byte	.LVL92
 3067 05be 0100     		.2byte	0x1
 3068 05c0 53       		.byte	0x53
 3069 05c1 14000000 		.4byte	.LVL92
 3070 05c5 20000000 		.4byte	.LVL95
 3071 05c9 0100     		.2byte	0x1
 3072 05cb 54       		.byte	0x54
 3073 05cc 20000000 		.4byte	.LVL95
 3074 05d0 22000000 		.4byte	.LVL96
ARM GAS  C:\Users\Lenovo\AppData\Local\Temp\ccQthNvb.s 			page 85


 3075 05d4 0100     		.2byte	0x1
 3076 05d6 53       		.byte	0x53
 3077 05d7 22000000 		.4byte	.LVL96
 3078 05db 28000000 		.4byte	.LVL97
 3079 05df 0100     		.2byte	0x1
 3080 05e1 54       		.byte	0x54
 3081 05e2 28000000 		.4byte	.LVL97
 3082 05e6 30000000 		.4byte	.LFE4
 3083 05ea 0300     		.2byte	0x3
 3084 05ec 73       		.byte	0x73
 3085 05ed 7F       		.sleb128 -1
 3086 05ee 9F       		.byte	0x9f
 3087 05ef 00000000 		.4byte	0
 3088 05f3 00000000 		.4byte	0
 3089              	.LLST37:
 3090 05f7 10000000 		.4byte	.LVL91
 3091 05fb 14000000 		.4byte	.LVL92
 3092 05ff 0100     		.2byte	0x1
 3093 0601 53       		.byte	0x53
 3094 0602 00000000 		.4byte	0
 3095 0606 00000000 		.4byte	0
 3096              	.LLST38:
 3097 060a 04000000 		.4byte	.LVL90
 3098 060e 14000000 		.4byte	.LVL92
 3099 0612 0200     		.2byte	0x2
 3100 0614 30       		.byte	0x30
 3101 0615 9F       		.byte	0x9f
 3102 0616 14000000 		.4byte	.LVL92
 3103 061a 28000000 		.4byte	.LVL98
 3104 061e 0100     		.2byte	0x1
 3105 0620 55       		.byte	0x55
 3106 0621 28000000 		.4byte	.LVL98
 3107 0625 30000000 		.4byte	.LFE4
 3108 0629 0100     		.2byte	0x1
 3109 062b 50       		.byte	0x50
 3110 062c 00000000 		.4byte	0
 3111 0630 00000000 		.4byte	0
 3112              	.LLST39:
 3113 0634 02000000 		.4byte	.LVL100
 3114 0638 08000000 		.4byte	.LVL101
 3115 063c 0200     		.2byte	0x2
 3116 063e 31       		.byte	0x31
 3117 063f 9F       		.byte	0x9f
 3118 0640 08000000 		.4byte	.LVL101
 3119 0644 12000000 		.4byte	.LVL104
 3120 0648 0100     		.2byte	0x1
 3121 064a 55       		.byte	0x55
 3122 064b 12000000 		.4byte	.LVL104
 3123 064f 14000000 		.4byte	.LVL105
 3124 0653 0100     		.2byte	0x1
 3125 0655 53       		.byte	0x53
 3126 0656 14000000 		.4byte	.LVL105
 3127 065a 1A000000 		.4byte	.LVL107
 3128 065e 0100     		.2byte	0x1
 3129 0660 55       		.byte	0x55
 3130 0661 1A000000 		.4byte	.LVL107
 3131 0665 1C000000 		.4byte	.LFE3
ARM GAS  C:\Users\Lenovo\AppData\Local\Temp\ccQthNvb.s 			page 86


 3132 0669 0300     		.2byte	0x3
 3133 066b 73       		.byte	0x73
 3134 066c 7F       		.sleb128 -1
 3135 066d 9F       		.byte	0x9f
 3136 066e 00000000 		.4byte	0
 3137 0672 00000000 		.4byte	0
 3138              	.LLST40:
 3139 0676 02000000 		.4byte	.LVL100
 3140 067a 08000000 		.4byte	.LVL101
 3141 067e 0200     		.2byte	0x2
 3142 0680 30       		.byte	0x30
 3143 0681 9F       		.byte	0x9f
 3144 0682 08000000 		.4byte	.LVL101
 3145 0686 1A000000 		.4byte	.LVL106
 3146 068a 0100     		.2byte	0x1
 3147 068c 54       		.byte	0x54
 3148 068d 1A000000 		.4byte	.LVL106
 3149 0691 1C000000 		.4byte	.LFE3
 3150 0695 0100     		.2byte	0x1
 3151 0697 50       		.byte	0x50
 3152 0698 00000000 		.4byte	0
 3153 069c 00000000 		.4byte	0
 3154              		.section	.debug_aranges,"",%progbits
 3155 0000 6C000000 		.4byte	0x6c
 3156 0004 0200     		.2byte	0x2
 3157 0006 00000000 		.4byte	.Ldebug_info0
 3158 000a 04       		.byte	0x4
 3159 000b 00       		.byte	0
 3160 000c 0000     		.2byte	0
 3161 000e 0000     		.2byte	0
 3162 0010 00000000 		.4byte	.LFB2
 3163 0014 28000000 		.4byte	.LFE2-.LFB2
 3164 0018 00000000 		.4byte	.LFB11
 3165 001c 1E000000 		.4byte	.LFE11-.LFB11
 3166 0020 00000000 		.4byte	.LFB10
 3167 0024 1E000000 		.4byte	.LFE10-.LFB10
 3168 0028 00000000 		.4byte	.LFB9
 3169 002c 3C000000 		.4byte	.LFE9-.LFB9
 3170 0030 00000000 		.4byte	.LFB8
 3171 0034 28000000 		.4byte	.LFE8-.LFB8
 3172 0038 00000000 		.4byte	.LFB7
 3173 003c 16000000 		.4byte	.LFE7-.LFB7
 3174 0040 00000000 		.4byte	.LFB12
 3175 0044 12000000 		.4byte	.LFE12-.LFB12
 3176 0048 00000000 		.4byte	.LFB6
 3177 004c A0000000 		.4byte	.LFE6-.LFB6
 3178 0050 00000000 		.4byte	.LFB5
 3179 0054 2C000000 		.4byte	.LFE5-.LFB5
 3180 0058 00000000 		.4byte	.LFB4
 3181 005c 30000000 		.4byte	.LFE4-.LFB4
 3182 0060 00000000 		.4byte	.LFB3
 3183 0064 1C000000 		.4byte	.LFE3-.LFB3
 3184 0068 00000000 		.4byte	0
 3185 006c 00000000 		.4byte	0
 3186              		.section	.debug_ranges,"",%progbits
 3187              	.Ldebug_ranges0:
 3188 0000 00000000 		.4byte	.LFB2
ARM GAS  C:\Users\Lenovo\AppData\Local\Temp\ccQthNvb.s 			page 87


 3189 0004 28000000 		.4byte	.LFE2
 3190 0008 00000000 		.4byte	.LFB11
 3191 000c 1E000000 		.4byte	.LFE11
 3192 0010 00000000 		.4byte	.LFB10
 3193 0014 1E000000 		.4byte	.LFE10
 3194 0018 00000000 		.4byte	.LFB9
 3195 001c 3C000000 		.4byte	.LFE9
 3196 0020 00000000 		.4byte	.LFB8
 3197 0024 28000000 		.4byte	.LFE8
 3198 0028 00000000 		.4byte	.LFB7
 3199 002c 16000000 		.4byte	.LFE7
 3200 0030 00000000 		.4byte	.LFB12
 3201 0034 12000000 		.4byte	.LFE12
 3202 0038 00000000 		.4byte	.LFB6
 3203 003c A0000000 		.4byte	.LFE6
 3204 0040 00000000 		.4byte	.LFB5
 3205 0044 2C000000 		.4byte	.LFE5
 3206 0048 00000000 		.4byte	.LFB4
 3207 004c 30000000 		.4byte	.LFE4
 3208 0050 00000000 		.4byte	.LFB3
 3209 0054 1C000000 		.4byte	.LFE3
 3210 0058 00000000 		.4byte	0
 3211 005c 00000000 		.4byte	0
 3212              		.section	.debug_line,"",%progbits
 3213              	.Ldebug_line0:
 3214 0000 DD010000 		.section	.debug_str,"MS",%progbits,1
 3214      02008000 
 3214      00000201 
 3214      FB0E0D00 
 3214      01010101 
 3215              	.LASF10:
 3216 0000 75696E74 		.ascii	"uint16\000"
 3216      313600
 3217              	.LASF54:
 3218 0007 70747232 		.ascii	"ptr2PosHistory\000"
 3218      506F7348 
 3218      6973746F 
 3218      727900
 3219              	.LASF83:
 3220 0016 70747257 		.ascii	"ptrWidgetRam\000"
 3220      69646765 
 3220      7452616D 
 3220      00
 3221              	.LASF90:
 3222 0023 43617053 		.ascii	"CapSense_UpdateWidgetBaseline\000"
 3222      656E7365 
 3222      5F557064 
 3222      61746557 
 3222      69646765 
 3223              	.LASF55:
 3224 0041 43617053 		.ascii	"CapSense_FLASH_WD_STRUCT\000"
 3224      656E7365 
 3224      5F464C41 
 3224      53485F57 
 3224      445F5354 
 3225              	.LASF96:
 3226 005a 43617053 		.ascii	"CapSense_FtInitializeBaseline\000"
ARM GAS  C:\Users\Lenovo\AppData\Local\Temp\ccQthNvb.s 			page 88


 3226      656E7365 
 3226      5F467449 
 3226      6E697469 
 3226      616C697A 
 3227              	.LASF85:
 3228 0078 64696666 		.ascii	"difference\000"
 3228      6572656E 
 3228      636500
 3229              	.LASF93:
 3230 0083 474E5520 		.ascii	"GNU C11 5.4.1 20160609 (release) [ARM/embedded-5-br"
 3230      43313120 
 3230      352E342E 
 3230      31203230 
 3230      31363036 
 3231 00b6 616E6368 		.ascii	"anch revision 237715] -mcpu=cortex-m0 -mthumb -g -O"
 3231      20726576 
 3231      6973696F 
 3231      6E203233 
 3231      37373135 
 3232 00e9 67202D66 		.ascii	"g -ffunction-sections -ffat-lto-objects\000"
 3232      66756E63 
 3232      74696F6E 
 3232      2D736563 
 3232      74696F6E 
 3233              	.LASF42:
 3234 0111 43617053 		.ascii	"CapSense_RAM_SNS_STRUCT\000"
 3234      656E7365 
 3234      5F52414D 
 3234      5F534E53 
 3234      5F535452 
 3235              	.LASF7:
 3236 0129 6C6F6E67 		.ascii	"long long unsigned int\000"
 3236      206C6F6E 
 3236      6720756E 
 3236      7369676E 
 3236      65642069 
 3237              	.LASF43:
 3238 0140 70747232 		.ascii	"ptr2SnsFlash\000"
 3238      536E7346 
 3238      6C617368 
 3238      00
 3239              	.LASF40:
 3240 014d 64696666 		.ascii	"diff\000"
 3240      00
 3241              	.LASF19:
 3242 0152 43617053 		.ascii	"CapSense_LOW_BSLN_RST_TYPE\000"
 3242      656E7365 
 3242      5F4C4F57 
 3242      5F42534C 
 3242      4E5F5253 
 3243              	.LASF97:
 3244 016d 43617053 		.ascii	"CapSense_dsFlash\000"
 3244      656E7365 
 3244      5F647346 
 3244      6C617368 
 3244      00
 3245              	.LASF18:
ARM GAS  C:\Users\Lenovo\AppData\Local\Temp\ccQthNvb.s 			page 89


 3246 017e 43617053 		.ascii	"CapSense_THRESHOLD_TYPE\000"
 3246      656E7365 
 3246      5F544852 
 3246      4553484F 
 3246      4C445F54 
 3247              	.LASF21:
 3248 0196 43617053 		.ascii	"CapSense_WD_LINEAR_SLIDER_E\000"
 3248      656E7365 
 3248      5F57445F 
 3248      4C494E45 
 3248      41525F53 
 3249              	.LASF6:
 3250 01b2 6C6F6E67 		.ascii	"long long int\000"
 3250      206C6F6E 
 3250      6720696E 
 3250      7400
 3251              	.LASF0:
 3252 01c0 7369676E 		.ascii	"signed char\000"
 3252      65642063 
 3252      68617200 
 3253              	.LASF61:
 3254 01cc 43617053 		.ascii	"CapSense_REGULAR_FLTR_STRUCT\000"
 3254      656E7365 
 3254      5F524547 
 3254      554C4152 
 3254      5F464C54 
 3255              	.LASF4:
 3256 01e9 6C6F6E67 		.ascii	"long int\000"
 3256      20696E74 
 3256      00
 3257              	.LASF94:
 3258 01f2 47656E65 		.ascii	"Generated_Source\\PSoC4\\CapSense_Filter.c\000"
 3258      72617465 
 3258      645F536F 
 3258      75726365 
 3258      5C50536F 
 3259              	.LASF45:
 3260 021b 70747232 		.ascii	"ptr2SnsRam\000"
 3260      536E7352 
 3260      616D00
 3261              	.LASF77:
 3262 0226 696E7075 		.ascii	"input\000"
 3262      7400
 3263              	.LASF9:
 3264 022c 75696E74 		.ascii	"uint8\000"
 3264      3800
 3265              	.LASF87:
 3266 0232 72657375 		.ascii	"result\000"
 3266      6C7400
 3267              	.LASF13:
 3268 0239 646F7562 		.ascii	"double\000"
 3268      6C6500
 3269              	.LASF52:
 3270 0240 78526573 		.ascii	"xResolution\000"
 3270      6F6C7574 
 3270      696F6E00 
 3271              	.LASF79:
ARM GAS  C:\Users\Lenovo\AppData\Local\Temp\ccQthNvb.s 			page 90


 3272 024c 73686966 		.ascii	"shift\000"
 3272      7400
 3273              	.LASF67:
 3274 0252 73656E73 		.ascii	"sensorId\000"
 3274      6F724964 
 3274      00
 3275              	.LASF11:
 3276 025b 75696E74 		.ascii	"uint32\000"
 3276      333200
 3277              	.LASF31:
 3278 0262 68797374 		.ascii	"hysteresis\000"
 3278      65726573 
 3278      697300
 3279              	.LASF39:
 3280 026d 62736C6E 		.ascii	"bslnExt\000"
 3280      45787400 
 3281              	.LASF68:
 3282 0275 73656E73 		.ascii	"sensorsNumber\000"
 3282      6F72734E 
 3282      756D6265 
 3282      7200
 3283              	.LASF23:
 3284 0283 43617053 		.ascii	"CapSense_WD_MATRIX_BUTTON_E\000"
 3284      656E7365 
 3284      5F57445F 
 3284      4D415452 
 3284      49585F42 
 3285              	.LASF38:
 3286 029f 62736C6E 		.ascii	"bsln\000"
 3286      00
 3287              	.LASF8:
 3288 02a4 756E7369 		.ascii	"unsigned int\000"
 3288      676E6564 
 3288      20696E74 
 3288      00
 3289              	.LASF5:
 3290 02b1 6C6F6E67 		.ascii	"long unsigned int\000"
 3290      20756E73 
 3290      69676E65 
 3290      6420696E 
 3290      7400
 3291              	.LASF59:
 3292 02c3 43617053 		.ascii	"CapSense_REGULAR_FLTR_CHANNEL_STRUCT\000"
 3292      656E7365 
 3292      5F524547 
 3292      554C4152 
 3292      5F464C54 
 3293              	.LASF33:
 3294 02e8 6C6F7742 		.ascii	"lowBslnRst\000"
 3294      736C6E52 
 3294      737400
 3295              	.LASF3:
 3296 02f3 73686F72 		.ascii	"short unsigned int\000"
 3296      7420756E 
 3296      7369676E 
 3296      65642069 
 3296      6E7400
ARM GAS  C:\Users\Lenovo\AppData\Local\Temp\ccQthNvb.s 			page 91


 3297              	.LASF82:
 3298 0306 43617053 		.ascii	"CapSense_FtUpdateBaseline\000"
 3298      656E7365 
 3298      5F467455 
 3298      70646174 
 3298      65426173 
 3299              	.LASF89:
 3300 0320 43617053 		.ascii	"CapSense_UpdateSensorBaseline\000"
 3300      656E7365 
 3300      5F557064 
 3300      61746553 
 3300      656E736F 
 3301              	.LASF44:
 3302 033e 70747232 		.ascii	"ptr2WdgtRam\000"
 3302      57646774 
 3302      52616D00 
 3303              	.LASF65:
 3304 034a 77645479 		.ascii	"wdType\000"
 3304      706500
 3305              	.LASF91:
 3306 0351 62736C6E 		.ascii	"bslnStatus\000"
 3306      53746174 
 3306      757300
 3307              	.LASF66:
 3308 035c 77696467 		.ascii	"widgetId\000"
 3308      65744964 
 3308      00
 3309              	.LASF80:
 3310 0365 6F757470 		.ascii	"output\000"
 3310      757400
 3311              	.LASF34:
 3312 036c 69646163 		.ascii	"idacMod\000"
 3312      4D6F6400 
 3313              	.LASF51:
 3314 0374 6E756D43 		.ascii	"numCols\000"
 3314      6F6C7300 
 3315              	.LASF17:
 3316 037c 73697A65 		.ascii	"sizetype\000"
 3316      74797065 
 3316      00
 3317              	.LASF70:
 3318 0385 70747257 		.ascii	"ptrWidget\000"
 3318      69646765 
 3318      7400
 3319              	.LASF16:
 3320 038f 6C6F6E67 		.ascii	"long double\000"
 3320      20646F75 
 3320      626C6500 
 3321              	.LASF74:
 3322 039b 43617053 		.ascii	"CapSense_InitializeSensorBaseline\000"
 3322      656E7365 
 3322      5F496E69 
 3322      7469616C 
 3322      697A6553 
 3323              	.LASF48:
 3324 03bd 73746174 		.ascii	"staticConfig\000"
 3324      6963436F 
ARM GAS  C:\Users\Lenovo\AppData\Local\Temp\ccQthNvb.s 			page 92


 3324      6E666967 
 3324      00
 3325              	.LASF30:
 3326 03ca 6E4E6F69 		.ascii	"nNoiseTh\000"
 3326      73655468 
 3326      00
 3327              	.LASF95:
 3328 03d3 443A5C55 		.ascii	"D:\\UCU\\POC\\PSoC_Projects_Embedded\\PSoC_LAB4\\la"
 3328      43555C50 
 3328      4F435C50 
 3328      536F435F 
 3328      50726F6A 
 3329 0401 62362D70 		.ascii	"b6-psoc-3-shevchuk-lykhanskyi\\Lab_4_1_BLE_Automati"
 3329      736F632D 
 3329      332D7368 
 3329      65766368 
 3329      756B2D6C 
 3330 0433 6F6E5F49 		.ascii	"on_IO.cydsn\000"
 3330      4F2E6379 
 3330      64736E00 
 3331              	.LASF50:
 3332 043f 77646774 		.ascii	"wdgtType\000"
 3332      54797065 
 3332      00
 3333              	.LASF53:
 3334 0448 7843656E 		.ascii	"xCentroidMultiplier\000"
 3334      74726F69 
 3334      644D756C 
 3334      7469706C 
 3334      69657200 
 3335              	.LASF72:
 3336 045c 43617053 		.ascii	"CapSense_FtInitialize\000"
 3336      656E7365 
 3336      5F467449 
 3336      6E697469 
 3336      616C697A 
 3337              	.LASF12:
 3338 0472 666C6F61 		.ascii	"float\000"
 3338      7400
 3339              	.LASF22:
 3340 0478 43617053 		.ascii	"CapSense_WD_RADIAL_SLIDER_E\000"
 3340      656E7365 
 3340      5F57445F 
 3340      52414449 
 3340      414C5F53 
 3341              	.LASF86:
 3342 0494 62736C6E 		.ascii	"bslnCoeff\000"
 3342      436F6566 
 3342      6600
 3343              	.LASF88:
 3344 049e 68697374 		.ascii	"history\000"
 3344      6F727900 
 3345              	.LASF60:
 3346 04a6 72656775 		.ascii	"regularChannel\000"
 3346      6C617243 
 3346      68616E6E 
 3346      656C00
ARM GAS  C:\Users\Lenovo\AppData\Local\Temp\ccQthNvb.s 			page 93


 3347              	.LASF20:
 3348 04b5 43617053 		.ascii	"CapSense_WD_BUTTON_E\000"
 3348      656E7365 
 3348      5F57445F 
 3348      42555454 
 3348      4F4E5F45 
 3349              	.LASF1:
 3350 04ca 756E7369 		.ascii	"unsigned char\000"
 3350      676E6564 
 3350      20636861 
 3350      7200
 3351              	.LASF76:
 3352 04d8 43617053 		.ascii	"CapSense_InitializeAllBaselines\000"
 3352      656E7365 
 3352      5F496E69 
 3352      7469616C 
 3352      697A6541 
 3353              	.LASF2:
 3354 04f8 73686F72 		.ascii	"short int\000"
 3354      7420696E 
 3354      7400
 3355              	.LASF46:
 3356 0502 70747232 		.ascii	"ptr2FltrHistory\000"
 3356      466C7472 
 3356      48697374 
 3356      6F727900 
 3357              	.LASF92:
 3358 0512 43617053 		.ascii	"CapSense_UpdateAllBaselines\000"
 3358      656E7365 
 3358      5F557064 
 3358      61746541 
 3358      6C6C4261 
 3359              	.LASF24:
 3360 052e 43617053 		.ascii	"CapSense_WD_TOUCHPAD_E\000"
 3360      656E7365 
 3360      5F57445F 
 3360      544F5543 
 3360      48504144 
 3361              	.LASF69:
 3362 0545 6368616E 		.ascii	"channel\000"
 3362      6E656C00 
 3363              	.LASF63:
 3364 054d 43617053 		.ascii	"CapSense_PTR_FILTER_VARIANT\000"
 3364      656E7365 
 3364      5F505452 
 3364      5F46494C 
 3364      5445525F 
 3365              	.LASF27:
 3366 0569 7265736F 		.ascii	"resolution\000"
 3366      6C757469 
 3366      6F6E00
 3367              	.LASF14:
 3368 0574 63686172 		.ascii	"char\000"
 3368      00
 3369              	.LASF35:
 3370 0579 736E7343 		.ascii	"snsClk\000"
 3370      6C6B00
ARM GAS  C:\Users\Lenovo\AppData\Local\Temp\ccQthNvb.s 			page 94


 3371              	.LASF37:
 3372 0580 43617053 		.ascii	"CapSense_RAM_WD_BASE_STRUCT\000"
 3372      656E7365 
 3372      5F52414D 
 3372      5F57445F 
 3372      42415345 
 3373              	.LASF32:
 3374 059c 6F6E4465 		.ascii	"onDebounce\000"
 3374      626F756E 
 3374      636500
 3375              	.LASF26:
 3376 05a7 43617053 		.ascii	"CapSense_WD_TYPE_ENUM\000"
 3376      656E7365 
 3376      5F57445F 
 3376      54595045 
 3376      5F454E55 
 3377              	.LASF75:
 3378 05bd 43617053 		.ascii	"CapSense_InitializeWidgetBaseline\000"
 3378      656E7365 
 3378      5F496E69 
 3378      7469616C 
 3378      697A6557 
 3379              	.LASF41:
 3380 05df 6E656742 		.ascii	"negBslnRstCnt\000"
 3380      736C6E52 
 3380      7374436E 
 3380      7400
 3381              	.LASF49:
 3382 05ed 746F7461 		.ascii	"totalNumSns\000"
 3382      6C4E756D 
 3382      536E7300 
 3383              	.LASF47:
 3384 05f9 70747232 		.ascii	"ptr2DebounceArr\000"
 3384      4465626F 
 3384      756E6365 
 3384      41727200 
 3385              	.LASF57:
 3386 0609 43617053 		.ascii	"CapSense_FLASH_STRUCT\000"
 3386      656E7365 
 3386      5F464C41 
 3386      53485F53 
 3386      54525543 
 3387              	.LASF56:
 3388 061f 77646774 		.ascii	"wdgtArray\000"
 3388      41727261 
 3388      7900
 3389              	.LASF81:
 3390 0629 43617053 		.ascii	"CapSense_FtIIR1stOrder\000"
 3390      656E7365 
 3390      5F467449 
 3390      49523173 
 3390      744F7264 
 3391              	.LASF84:
 3392 0640 7369676E 		.ascii	"sign\000"
 3392      00
 3393              	.LASF58:
 3394 0645 6E6F7455 		.ascii	"notUsed\000"
ARM GAS  C:\Users\Lenovo\AppData\Local\Temp\ccQthNvb.s 			page 95


 3394      73656400 
 3395              	.LASF36:
 3396 064d 736E7343 		.ascii	"snsClkSource\000"
 3396      6C6B536F 
 3396      75726365 
 3396      00
 3397              	.LASF15:
 3398 065a 63797374 		.ascii	"cystatus\000"
 3398      61747573 
 3398      00
 3399              	.LASF71:
 3400 0663 70747246 		.ascii	"ptrFilterHistObj\000"
 3400      696C7465 
 3400      72486973 
 3400      744F626A 
 3400      00
 3401              	.LASF64:
 3402 0674 70747253 		.ascii	"ptrSensor\000"
 3402      656E736F 
 3402      7200
 3403              	.LASF78:
 3404 067e 70726576 		.ascii	"prevOutput\000"
 3404      4F757470 
 3404      757400
 3405              	.LASF28:
 3406 0689 66696E67 		.ascii	"fingerTh\000"
 3406      65725468 
 3406      00
 3407              	.LASF25:
 3408 0692 43617053 		.ascii	"CapSense_WD_PROXIMITY_E\000"
 3408      656E7365 
 3408      5F57445F 
 3408      50524F58 
 3408      494D4954 
 3409              	.LASF62:
 3410 06aa 70747252 		.ascii	"ptrRegular\000"
 3410      6567756C 
 3410      617200
 3411              	.LASF73:
 3412 06b5 43617053 		.ascii	"CapSense_FtInitializeBaselineChannel\000"
 3412      656E7365 
 3412      5F467449 
 3412      6E697469 
 3412      616C697A 
 3413              	.LASF29:
 3414 06da 6E6F6973 		.ascii	"noiseTh\000"
 3414      65546800 
 3415              		.ident	"GCC: (GNU Tools for ARM Embedded Processors) 5.4.1 20160609 (release) [ARM/embedded-5-bran
