ARM GAS  C:\Users\Lenovo\AppData\Local\Temp\ccj7Szb4.s 			page 1


   1              		.syntax unified
   2              		.cpu cortex-m0
   3              		.fpu softvfp
   4              		.eabi_attribute 20, 1
   5              		.eabi_attribute 21, 1
   6              		.eabi_attribute 23, 3
   7              		.eabi_attribute 24, 1
   8              		.eabi_attribute 25, 1
   9              		.eabi_attribute 26, 1
  10              		.eabi_attribute 30, 1
  11              		.eabi_attribute 34, 0
  12              		.eabi_attribute 18, 4
  13              		.thumb
  14              		.syntax unified
  15              		.file	"CapSense_Structure.c"
  16              		.text
  17              	.Ltext0:
  18              		.cfi_sections	.debug_frame
  19              		.section	.text.DsParseParamId,"ax",%progbits
  20              		.align	2
  21              		.code	16
  22              		.thumb_func
  23              		.type	DsParseParamId, %function
  24              	DsParseParamId:
  25              	.LFB3:
  26              		.file 1 "Generated_Source\\PSoC4\\CapSense_Structure.c"
   1:Generated_Source\PSoC4/CapSense_Structure.c **** /***************************************************************************//**
   2:Generated_Source\PSoC4/CapSense_Structure.c **** * \file CapSense_Structure.c
   3:Generated_Source\PSoC4/CapSense_Structure.c **** * \version 4.0
   4:Generated_Source\PSoC4/CapSense_Structure.c **** *
   5:Generated_Source\PSoC4/CapSense_Structure.c **** * \brief
   6:Generated_Source\PSoC4/CapSense_Structure.c **** *   This file defines the data structure global variables and provides implementation
   7:Generated_Source\PSoC4/CapSense_Structure.c **** *   for the high-level and low-level APIs of the Data Structure module.
   8:Generated_Source\PSoC4/CapSense_Structure.c **** *
   9:Generated_Source\PSoC4/CapSense_Structure.c **** * \see CapSense P4 v4.0 Datasheet
  10:Generated_Source\PSoC4/CapSense_Structure.c **** *
  11:Generated_Source\PSoC4/CapSense_Structure.c **** *//*****************************************************************************
  12:Generated_Source\PSoC4/CapSense_Structure.c **** * Copyright (2016-2017), Cypress Semiconductor Corporation.
  13:Generated_Source\PSoC4/CapSense_Structure.c **** ********************************************************************************
  14:Generated_Source\PSoC4/CapSense_Structure.c **** * This software is owned by Cypress Semiconductor Corporation (Cypress) and is
  15:Generated_Source\PSoC4/CapSense_Structure.c **** * protected by and subject to worldwide patent protection (United States and
  16:Generated_Source\PSoC4/CapSense_Structure.c **** * foreign), United States copyright laws and international treaty provisions.
  17:Generated_Source\PSoC4/CapSense_Structure.c **** * Cypress hereby grants to licensee a personal, non-exclusive, non-transferable
  18:Generated_Source\PSoC4/CapSense_Structure.c **** * license to copy, use, modify, create derivative works of, and compile the
  19:Generated_Source\PSoC4/CapSense_Structure.c **** * Cypress Source Code and derivative works for the sole purpose of creating
  20:Generated_Source\PSoC4/CapSense_Structure.c **** * custom software in support of licensee product to be used only in conjunction
  21:Generated_Source\PSoC4/CapSense_Structure.c **** * with a Cypress integrated circuit as specified in the applicable agreement.
  22:Generated_Source\PSoC4/CapSense_Structure.c **** * Any reproduction, modification, translation, compilation, or representation of
  23:Generated_Source\PSoC4/CapSense_Structure.c **** * this software except as specified above is prohibited without the express
  24:Generated_Source\PSoC4/CapSense_Structure.c **** * written permission of Cypress.
  25:Generated_Source\PSoC4/CapSense_Structure.c **** *
  26:Generated_Source\PSoC4/CapSense_Structure.c **** * Disclaimer: CYPRESS MAKES NO WARRANTY OF ANY KIND, EXPRESS OR IMPLIED, WITH
  27:Generated_Source\PSoC4/CapSense_Structure.c **** * REGARD TO THIS MATERIAL, INCLUDING, BUT NOT LIMITED TO, THE IMPLIED
  28:Generated_Source\PSoC4/CapSense_Structure.c **** * WARRANTIES OF MERCHANTABILITY AND FITNESS FOR A PARTICULAR PURPOSE.
  29:Generated_Source\PSoC4/CapSense_Structure.c **** * Cypress reserves the right to make changes without further notice to the
  30:Generated_Source\PSoC4/CapSense_Structure.c **** * materials described herein. Cypress does not assume any liability arising out
  31:Generated_Source\PSoC4/CapSense_Structure.c **** * of the application or use of any product or circuit described herein. Cypress
ARM GAS  C:\Users\Lenovo\AppData\Local\Temp\ccj7Szb4.s 			page 2


  32:Generated_Source\PSoC4/CapSense_Structure.c **** * does not authorize its products for use as critical components in life-support
  33:Generated_Source\PSoC4/CapSense_Structure.c **** * systems where a malfunction or failure may reasonably be expected to result in
  34:Generated_Source\PSoC4/CapSense_Structure.c **** * significant injury to the user. The inclusion of Cypress' product in a life-
  35:Generated_Source\PSoC4/CapSense_Structure.c **** * support systems application implies that the manufacturer assumes all risk of
  36:Generated_Source\PSoC4/CapSense_Structure.c **** * such use and in doing so indemnifies Cypress against all charges. Use may be
  37:Generated_Source\PSoC4/CapSense_Structure.c **** * limited by and subject to the applicable Cypress software license agreement.
  38:Generated_Source\PSoC4/CapSense_Structure.c **** *******************************************************************************/
  39:Generated_Source\PSoC4/CapSense_Structure.c **** 
  40:Generated_Source\PSoC4/CapSense_Structure.c **** #include <cytypes.h>
  41:Generated_Source\PSoC4/CapSense_Structure.c **** #include "CyLib.h"
  42:Generated_Source\PSoC4/CapSense_Structure.c **** #include "CapSense_Structure.h"
  43:Generated_Source\PSoC4/CapSense_Structure.c **** #include "CapSense_Configuration.h"
  44:Generated_Source\PSoC4/CapSense_Structure.c **** 
  45:Generated_Source\PSoC4/CapSense_Structure.c **** #if (0u != CapSense_ADC_EN)
  46:Generated_Source\PSoC4/CapSense_Structure.c ****     #include "CapSense_Adc.h"
  47:Generated_Source\PSoC4/CapSense_Structure.c **** #endif /* (0u != CapSense_ADC_EN) */
  48:Generated_Source\PSoC4/CapSense_Structure.c **** 
  49:Generated_Source\PSoC4/CapSense_Structure.c **** #if (CapSense_ENABLE == CapSense_SELF_TEST_EN)
  50:Generated_Source\PSoC4/CapSense_Structure.c ****     #include "CapSense_SelfTest.h"
  51:Generated_Source\PSoC4/CapSense_Structure.c **** #endif
  52:Generated_Source\PSoC4/CapSense_Structure.c **** 
  53:Generated_Source\PSoC4/CapSense_Structure.c **** /*******************************************************************************
  54:Generated_Source\PSoC4/CapSense_Structure.c **** * Define the RAM Data Structure variables and their init data in flash
  55:Generated_Source\PSoC4/CapSense_Structure.c **** *******************************************************************************/
  56:Generated_Source\PSoC4/CapSense_Structure.c **** /**
  57:Generated_Source\PSoC4/CapSense_Structure.c **** * \if SECTION_GLOBAL_VARIABLES
  58:Generated_Source\PSoC4/CapSense_Structure.c **** * \addtogroup group_global_variables
  59:Generated_Source\PSoC4/CapSense_Structure.c **** * \{
  60:Generated_Source\PSoC4/CapSense_Structure.c **** */
  61:Generated_Source\PSoC4/CapSense_Structure.c **** 
  62:Generated_Source\PSoC4/CapSense_Structure.c **** /**
  63:Generated_Source\PSoC4/CapSense_Structure.c **** * The variable that contains the CapSense configuration, settings and scanning results.
  64:Generated_Source\PSoC4/CapSense_Structure.c **** * CapSense_dsRam represents RAM Data Structure.
  65:Generated_Source\PSoC4/CapSense_Structure.c **** */
  66:Generated_Source\PSoC4/CapSense_Structure.c **** CapSense_RAM_STRUCT CapSense_dsRam;
  67:Generated_Source\PSoC4/CapSense_Structure.c **** /** \}
  68:Generated_Source\PSoC4/CapSense_Structure.c **** * \endif */
  69:Generated_Source\PSoC4/CapSense_Structure.c **** 
  70:Generated_Source\PSoC4/CapSense_Structure.c **** /*******************************************************************************
  71:Generated_Source\PSoC4/CapSense_Structure.c **** * Declares Widget's De-bounce Counters
  72:Generated_Source\PSoC4/CapSense_Structure.c **** *******************************************************************************/
  73:Generated_Source\PSoC4/CapSense_Structure.c **** static uint8 CapSense_debounceLinearSlider0[1u];
  74:Generated_Source\PSoC4/CapSense_Structure.c **** 
  75:Generated_Source\PSoC4/CapSense_Structure.c **** 
  76:Generated_Source\PSoC4/CapSense_Structure.c **** /***************************************************************************//**
  77:Generated_Source\PSoC4/CapSense_Structure.c **** * Centroid positions history
  78:Generated_Source\PSoC4/CapSense_Structure.c **** *******************************************************************************/
  79:Generated_Source\PSoC4/CapSense_Structure.c **** static CapSense_SLIDER_POS_HISTORY_STRUCT CapSense_posHistoryLinearSlider0[CapSense_NUM_CENTROIDS];
  80:Generated_Source\PSoC4/CapSense_Structure.c **** 
  81:Generated_Source\PSoC4/CapSense_Structure.c **** /*******************************************************************************
  82:Generated_Source\PSoC4/CapSense_Structure.c **** * Define and initialize the Flash Data Structure
  83:Generated_Source\PSoC4/CapSense_Structure.c **** *******************************************************************************/
  84:Generated_Source\PSoC4/CapSense_Structure.c **** 
  85:Generated_Source\PSoC4/CapSense_Structure.c **** /**
  86:Generated_Source\PSoC4/CapSense_Structure.c **** * \if SECTION_API_CONSTANTS
  87:Generated_Source\PSoC4/CapSense_Structure.c **** * \addtogroup group_api_constants
  88:Generated_Source\PSoC4/CapSense_Structure.c **** * \{
ARM GAS  C:\Users\Lenovo\AppData\Local\Temp\ccj7Szb4.s 			page 3


  89:Generated_Source\PSoC4/CapSense_Structure.c **** */
  90:Generated_Source\PSoC4/CapSense_Structure.c **** 
  91:Generated_Source\PSoC4/CapSense_Structure.c **** /**
  92:Generated_Source\PSoC4/CapSense_Structure.c **** * Constant for the FLASH Data Structure
  93:Generated_Source\PSoC4/CapSense_Structure.c **** */
  94:Generated_Source\PSoC4/CapSense_Structure.c **** const CapSense_FLASH_STRUCT CapSense_dsFlash =
  95:Generated_Source\PSoC4/CapSense_Structure.c **** {
  96:Generated_Source\PSoC4/CapSense_Structure.c ****     /* Flash Widget Initialization Data */
  97:Generated_Source\PSoC4/CapSense_Structure.c ****     {
  98:Generated_Source\PSoC4/CapSense_Structure.c ****         { /* LinearSlider0 */
  99:Generated_Source\PSoC4/CapSense_Structure.c ****             &CapSense_ioList[0u],
 100:Generated_Source\PSoC4/CapSense_Structure.c ****             (void *)&CapSense_dsRam.wdgtList.linearslider0,
 101:Generated_Source\PSoC4/CapSense_Structure.c ****             CapSense_dsRam.snsList.linearslider0,
 102:Generated_Source\PSoC4/CapSense_Structure.c ****             (void *)0u,
 103:Generated_Source\PSoC4/CapSense_Structure.c ****             CapSense_debounceLinearSlider0,
 104:Generated_Source\PSoC4/CapSense_Structure.c ****             CapSense_LINEARSLIDER0_STATIC_CONFIG,
 105:Generated_Source\PSoC4/CapSense_Structure.c ****             CapSense_LINEARSLIDER0_NUM_SENSORS,
 106:Generated_Source\PSoC4/CapSense_Structure.c ****             (uint8)CapSense_WD_LINEAR_SLIDER_E,
 107:Generated_Source\PSoC4/CapSense_Structure.c ****             CapSense_LINEARSLIDER0_NUM_SENSORS,
 108:Generated_Source\PSoC4/CapSense_Structure.c ****             CapSense_LINEARSLIDER0_X_RESOLUTION,
 109:Generated_Source\PSoC4/CapSense_Structure.c ****             CapSense_LINEARSLIDER0_X_CENT_MULT,
 110:Generated_Source\PSoC4/CapSense_Structure.c ****             (void *)&CapSense_posHistoryLinearSlider0,
 111:Generated_Source\PSoC4/CapSense_Structure.c ****         },
 112:Generated_Source\PSoC4/CapSense_Structure.c ****     },
 113:Generated_Source\PSoC4/CapSense_Structure.c **** };
 114:Generated_Source\PSoC4/CapSense_Structure.c **** 
 115:Generated_Source\PSoC4/CapSense_Structure.c **** /**
 116:Generated_Source\PSoC4/CapSense_Structure.c **** * The array of the pointers to the electrode specific register.
 117:Generated_Source\PSoC4/CapSense_Structure.c **** */
 118:Generated_Source\PSoC4/CapSense_Structure.c **** const CapSense_FLASH_IO_STRUCT CapSense_ioList[CapSense_TOTAL_ELECTRODES] =
 119:Generated_Source\PSoC4/CapSense_Structure.c **** {
 120:Generated_Source\PSoC4/CapSense_Structure.c ****     { /* 0: LinearSlider0_Sns0 */
 121:Generated_Source\PSoC4/CapSense_Structure.c ****         (reg32 *)CapSense_Sns__0__HSIOM,
 122:Generated_Source\PSoC4/CapSense_Structure.c ****         (reg32 *)CapSense_Sns__0__PC,
 123:Generated_Source\PSoC4/CapSense_Structure.c ****         (reg32 *)CapSense_Sns__0__DR,
 124:Generated_Source\PSoC4/CapSense_Structure.c ****         (reg32 *)CapSense_Sns__0__PS,
 125:Generated_Source\PSoC4/CapSense_Structure.c ****         CapSense_Sns__0__HSIOM_MASK,
 126:Generated_Source\PSoC4/CapSense_Structure.c ****         CapSense_Sns__0__MASK,
 127:Generated_Source\PSoC4/CapSense_Structure.c ****         CapSense_Sns__0__HSIOM_SHIFT,
 128:Generated_Source\PSoC4/CapSense_Structure.c ****         (uint8)CapSense_Sns__0__SHIFT,
 129:Generated_Source\PSoC4/CapSense_Structure.c ****         (uint8)CapSense_Sns__0__SHIFT * 3u,
 130:Generated_Source\PSoC4/CapSense_Structure.c ****     },
 131:Generated_Source\PSoC4/CapSense_Structure.c ****     { /* 1: LinearSlider0_Sns1 */
 132:Generated_Source\PSoC4/CapSense_Structure.c ****         (reg32 *)CapSense_Sns__1__HSIOM,
 133:Generated_Source\PSoC4/CapSense_Structure.c ****         (reg32 *)CapSense_Sns__1__PC,
 134:Generated_Source\PSoC4/CapSense_Structure.c ****         (reg32 *)CapSense_Sns__1__DR,
 135:Generated_Source\PSoC4/CapSense_Structure.c ****         (reg32 *)CapSense_Sns__1__PS,
 136:Generated_Source\PSoC4/CapSense_Structure.c ****         CapSense_Sns__1__HSIOM_MASK,
 137:Generated_Source\PSoC4/CapSense_Structure.c ****         CapSense_Sns__1__MASK,
 138:Generated_Source\PSoC4/CapSense_Structure.c ****         CapSense_Sns__1__HSIOM_SHIFT,
 139:Generated_Source\PSoC4/CapSense_Structure.c ****         (uint8)CapSense_Sns__1__SHIFT,
 140:Generated_Source\PSoC4/CapSense_Structure.c ****         (uint8)CapSense_Sns__1__SHIFT * 3u,
 141:Generated_Source\PSoC4/CapSense_Structure.c ****     },
 142:Generated_Source\PSoC4/CapSense_Structure.c ****     { /* 2: LinearSlider0_Sns2 */
 143:Generated_Source\PSoC4/CapSense_Structure.c ****         (reg32 *)CapSense_Sns__2__HSIOM,
 144:Generated_Source\PSoC4/CapSense_Structure.c ****         (reg32 *)CapSense_Sns__2__PC,
 145:Generated_Source\PSoC4/CapSense_Structure.c ****         (reg32 *)CapSense_Sns__2__DR,
ARM GAS  C:\Users\Lenovo\AppData\Local\Temp\ccj7Szb4.s 			page 4


 146:Generated_Source\PSoC4/CapSense_Structure.c ****         (reg32 *)CapSense_Sns__2__PS,
 147:Generated_Source\PSoC4/CapSense_Structure.c ****         CapSense_Sns__2__HSIOM_MASK,
 148:Generated_Source\PSoC4/CapSense_Structure.c ****         CapSense_Sns__2__MASK,
 149:Generated_Source\PSoC4/CapSense_Structure.c ****         CapSense_Sns__2__HSIOM_SHIFT,
 150:Generated_Source\PSoC4/CapSense_Structure.c ****         (uint8)CapSense_Sns__2__SHIFT,
 151:Generated_Source\PSoC4/CapSense_Structure.c ****         (uint8)CapSense_Sns__2__SHIFT * 3u,
 152:Generated_Source\PSoC4/CapSense_Structure.c ****     },
 153:Generated_Source\PSoC4/CapSense_Structure.c ****     { /* 3: LinearSlider0_Sns3 */
 154:Generated_Source\PSoC4/CapSense_Structure.c ****         (reg32 *)CapSense_Sns__3__HSIOM,
 155:Generated_Source\PSoC4/CapSense_Structure.c ****         (reg32 *)CapSense_Sns__3__PC,
 156:Generated_Source\PSoC4/CapSense_Structure.c ****         (reg32 *)CapSense_Sns__3__DR,
 157:Generated_Source\PSoC4/CapSense_Structure.c ****         (reg32 *)CapSense_Sns__3__PS,
 158:Generated_Source\PSoC4/CapSense_Structure.c ****         CapSense_Sns__3__HSIOM_MASK,
 159:Generated_Source\PSoC4/CapSense_Structure.c ****         CapSense_Sns__3__MASK,
 160:Generated_Source\PSoC4/CapSense_Structure.c ****         CapSense_Sns__3__HSIOM_SHIFT,
 161:Generated_Source\PSoC4/CapSense_Structure.c ****         (uint8)CapSense_Sns__3__SHIFT,
 162:Generated_Source\PSoC4/CapSense_Structure.c ****         (uint8)CapSense_Sns__3__SHIFT * 3u,
 163:Generated_Source\PSoC4/CapSense_Structure.c ****     },
 164:Generated_Source\PSoC4/CapSense_Structure.c ****     { /* 4: LinearSlider0_Sns4 */
 165:Generated_Source\PSoC4/CapSense_Structure.c ****         (reg32 *)CapSense_Sns__4__HSIOM,
 166:Generated_Source\PSoC4/CapSense_Structure.c ****         (reg32 *)CapSense_Sns__4__PC,
 167:Generated_Source\PSoC4/CapSense_Structure.c ****         (reg32 *)CapSense_Sns__4__DR,
 168:Generated_Source\PSoC4/CapSense_Structure.c ****         (reg32 *)CapSense_Sns__4__PS,
 169:Generated_Source\PSoC4/CapSense_Structure.c ****         CapSense_Sns__4__HSIOM_MASK,
 170:Generated_Source\PSoC4/CapSense_Structure.c ****         CapSense_Sns__4__MASK,
 171:Generated_Source\PSoC4/CapSense_Structure.c ****         CapSense_Sns__4__HSIOM_SHIFT,
 172:Generated_Source\PSoC4/CapSense_Structure.c ****         (uint8)CapSense_Sns__4__SHIFT,
 173:Generated_Source\PSoC4/CapSense_Structure.c ****         (uint8)CapSense_Sns__4__SHIFT * 3u,
 174:Generated_Source\PSoC4/CapSense_Structure.c ****     },
 175:Generated_Source\PSoC4/CapSense_Structure.c **** };
 176:Generated_Source\PSoC4/CapSense_Structure.c **** 
 177:Generated_Source\PSoC4/CapSense_Structure.c **** 
 178:Generated_Source\PSoC4/CapSense_Structure.c **** 
 179:Generated_Source\PSoC4/CapSense_Structure.c **** /** \}
 180:Generated_Source\PSoC4/CapSense_Structure.c **** * \endif */
 181:Generated_Source\PSoC4/CapSense_Structure.c **** 
 182:Generated_Source\PSoC4/CapSense_Structure.c **** /* Initialization data for RAM widget list */
 183:Generated_Source\PSoC4/CapSense_Structure.c **** static const CapSense_RAM_WD_LIST_STRUCT CapSense_ramWidgetInit =
 184:Generated_Source\PSoC4/CapSense_Structure.c **** {
 185:Generated_Source\PSoC4/CapSense_Structure.c ****     { /* LinearSlider0 */
 186:Generated_Source\PSoC4/CapSense_Structure.c ****         CapSense_LINEARSLIDER0_RESOLUTION,
 187:Generated_Source\PSoC4/CapSense_Structure.c ****         CapSense_LINEARSLIDER0_FINGER_TH,
 188:Generated_Source\PSoC4/CapSense_Structure.c ****         CapSense_LINEARSLIDER0_NOISE_TH,
 189:Generated_Source\PSoC4/CapSense_Structure.c ****         CapSense_LINEARSLIDER0_NNOISE_TH,
 190:Generated_Source\PSoC4/CapSense_Structure.c ****         CapSense_LINEARSLIDER0_HYSTERESIS,
 191:Generated_Source\PSoC4/CapSense_Structure.c ****         CapSense_LINEARSLIDER0_ON_DEBOUNCE,
 192:Generated_Source\PSoC4/CapSense_Structure.c ****         CapSense_LINEARSLIDER0_LOW_BSLN_RST,
 193:Generated_Source\PSoC4/CapSense_Structure.c ****         {
 194:Generated_Source\PSoC4/CapSense_Structure.c ****             CapSense_LINEARSLIDER0_IDAC_MOD0,
 195:Generated_Source\PSoC4/CapSense_Structure.c ****         },
 196:Generated_Source\PSoC4/CapSense_Structure.c ****         CapSense_LINEARSLIDER0_SNS_CLK,
 197:Generated_Source\PSoC4/CapSense_Structure.c ****         CapSense_LINEARSLIDER0_SNS_CLK_SOURCE,
 198:Generated_Source\PSoC4/CapSense_Structure.c ****         {
 199:Generated_Source\PSoC4/CapSense_Structure.c ****             CapSense_LINEARSLIDER0_POSITION,
 200:Generated_Source\PSoC4/CapSense_Structure.c ****         },
 201:Generated_Source\PSoC4/CapSense_Structure.c ****     },
 202:Generated_Source\PSoC4/CapSense_Structure.c **** };
ARM GAS  C:\Users\Lenovo\AppData\Local\Temp\ccj7Szb4.s 			page 5


 203:Generated_Source\PSoC4/CapSense_Structure.c **** 
 204:Generated_Source\PSoC4/CapSense_Structure.c **** 
 205:Generated_Source\PSoC4/CapSense_Structure.c **** /*******************************************************************************
 206:Generated_Source\PSoC4/CapSense_Structure.c **** * Define internal data types and statements
 207:Generated_Source\PSoC4/CapSense_Structure.c **** *******************************************************************************/
 208:Generated_Source\PSoC4/CapSense_Structure.c **** #define PARAM_TYPE_OFFSET       (30u)
 209:Generated_Source\PSoC4/CapSense_Structure.c **** #define PARAM_TYPE_MASK         (3Lu << PARAM_TYPE_OFFSET)
 210:Generated_Source\PSoC4/CapSense_Structure.c **** #define PARAM_RWBIT_OFFSET      (29u)
 211:Generated_Source\PSoC4/CapSense_Structure.c **** #define PARAM_RWBIT_MASK        (1Lu << PARAM_RWBIT_OFFSET)
 212:Generated_Source\PSoC4/CapSense_Structure.c **** #define PARAM_FBIT_OFFSET       (28u)
 213:Generated_Source\PSoC4/CapSense_Structure.c **** #define PARAM_FBIT_MASK         (1Lu << PARAM_FBIT_OFFSET)
 214:Generated_Source\PSoC4/CapSense_Structure.c **** #define PARAM_UBIT_OFFSET       (23u)
 215:Generated_Source\PSoC4/CapSense_Structure.c **** #define PARAM_UBIT_MASK         (1Lu << PARAM_UBIT_OFFSET)
 216:Generated_Source\PSoC4/CapSense_Structure.c **** #define PARAM_WDID_OFFSET       (16u)
 217:Generated_Source\PSoC4/CapSense_Structure.c **** #define PARAM_WDID_MASK         (0x7FLu << PARAM_WDID_OFFSET)
 218:Generated_Source\PSoC4/CapSense_Structure.c **** #define PARAM_CRC_OFFSET        (24u)
 219:Generated_Source\PSoC4/CapSense_Structure.c **** #define PARAM_CRC_MASK          (0x0FLu << PARAM_CRC_OFFSET)
 220:Generated_Source\PSoC4/CapSense_Structure.c **** 
 221:Generated_Source\PSoC4/CapSense_Structure.c **** /* Define align masks for uint16 and uint32 */
 222:Generated_Source\PSoC4/CapSense_Structure.c **** #define UINT16_ALIGN_MASK       (1Lu)
 223:Generated_Source\PSoC4/CapSense_Structure.c **** #define UINT32_ALIGN_MASK       (3Lu)
 224:Generated_Source\PSoC4/CapSense_Structure.c **** 
 225:Generated_Source\PSoC4/CapSense_Structure.c **** /* Define supported parameter types */
 226:Generated_Source\PSoC4/CapSense_Structure.c **** #define DS_PARAM_TYPE_UINT8     (0x01u)
 227:Generated_Source\PSoC4/CapSense_Structure.c **** #define DS_PARAM_TYPE_UINT16    (0x02u)
 228:Generated_Source\PSoC4/CapSense_Structure.c **** #define DS_PARAM_TYPE_UINT32    (0x03u)
 229:Generated_Source\PSoC4/CapSense_Structure.c **** 
 230:Generated_Source\PSoC4/CapSense_Structure.c **** 
 231:Generated_Source\PSoC4/CapSense_Structure.c **** /* Define PARAM_ID structure */
 232:Generated_Source\PSoC4/CapSense_Structure.c **** typedef struct
 233:Generated_Source\PSoC4/CapSense_Structure.c **** {
 234:Generated_Source\PSoC4/CapSense_Structure.c ****     uint16 offset;      /* parameter offset                     */
 235:Generated_Source\PSoC4/CapSense_Structure.c ****     uint8  widgetId;    /* widget Id parameter belongs to       */
 236:Generated_Source\PSoC4/CapSense_Structure.c ****     uint8  affectsCrc;  /* parameter affects widget CRC         */
 237:Generated_Source\PSoC4/CapSense_Structure.c ****     uint8  crc;         /* parameter CRC                        */
 238:Generated_Source\PSoC4/CapSense_Structure.c ****     uint8  flash;       /* parameter located in FLASH flag      */
 239:Generated_Source\PSoC4/CapSense_Structure.c ****     uint8  rw;          /* parameter is read/write flag         */
 240:Generated_Source\PSoC4/CapSense_Structure.c ****     uint8  type;        /* parameter type: uint8/uint16/uint32  */
 241:Generated_Source\PSoC4/CapSense_Structure.c **** } PARAM_ID_STRUCT;
 242:Generated_Source\PSoC4/CapSense_Structure.c **** 
 243:Generated_Source\PSoC4/CapSense_Structure.c **** 
 244:Generated_Source\PSoC4/CapSense_Structure.c **** /*******************************************************************************
 245:Generated_Source\PSoC4/CapSense_Structure.c **** * Static Function Prototypes
 246:Generated_Source\PSoC4/CapSense_Structure.c **** *******************************************************************************/
 247:Generated_Source\PSoC4/CapSense_Structure.c **** /**
 248:Generated_Source\PSoC4/CapSense_Structure.c **** * \if SECTION_CAPSENSE_INTERNAL
 249:Generated_Source\PSoC4/CapSense_Structure.c **** * \addtogroup group_capsense_internal
 250:Generated_Source\PSoC4/CapSense_Structure.c **** * \{
 251:Generated_Source\PSoC4/CapSense_Structure.c **** */
 252:Generated_Source\PSoC4/CapSense_Structure.c **** 
 253:Generated_Source\PSoC4/CapSense_Structure.c **** 
 254:Generated_Source\PSoC4/CapSense_Structure.c **** 
 255:Generated_Source\PSoC4/CapSense_Structure.c **** static cystatus DsParseParamId(uint32 paramId, PARAM_ID_STRUCT *pData);
 256:Generated_Source\PSoC4/CapSense_Structure.c **** 
 257:Generated_Source\PSoC4/CapSense_Structure.c **** /** \}
 258:Generated_Source\PSoC4/CapSense_Structure.c **** * \endif */
 259:Generated_Source\PSoC4/CapSense_Structure.c **** 
ARM GAS  C:\Users\Lenovo\AppData\Local\Temp\ccj7Szb4.s 			page 6


 260:Generated_Source\PSoC4/CapSense_Structure.c **** 
 261:Generated_Source\PSoC4/CapSense_Structure.c **** /*******************************************************************************
 262:Generated_Source\PSoC4/CapSense_Structure.c **** * Function Name: CapSense_DsInitialize
 263:Generated_Source\PSoC4/CapSense_Structure.c **** ****************************************************************************//**
 264:Generated_Source\PSoC4/CapSense_Structure.c **** *
 265:Generated_Source\PSoC4/CapSense_Structure.c **** * \brief
 266:Generated_Source\PSoC4/CapSense_Structure.c **** *   This function initializes the Data Structure storage.
 267:Generated_Source\PSoC4/CapSense_Structure.c **** *
 268:Generated_Source\PSoC4/CapSense_Structure.c **** * \details
 269:Generated_Source\PSoC4/CapSense_Structure.c **** *   This function copies the default widget configuration parameters 
 270:Generated_Source\PSoC4/CapSense_Structure.c **** *   from the Flash storage into the RAM Data Structure.
 271:Generated_Source\PSoC4/CapSense_Structure.c **** *
 272:Generated_Source\PSoC4/CapSense_Structure.c **** *******************************************************************************/
 273:Generated_Source\PSoC4/CapSense_Structure.c **** void CapSense_DsInitialize(void)
 274:Generated_Source\PSoC4/CapSense_Structure.c **** {
 275:Generated_Source\PSoC4/CapSense_Structure.c ****     #if ((CapSense_ENABLE == CapSense_CSX_EN) || \
 276:Generated_Source\PSoC4/CapSense_Structure.c ****          (CapSense_ENABLE == CapSense_CSD_IDAC_COMP_EN) || \
 277:Generated_Source\PSoC4/CapSense_Structure.c ****         ((CapSense_ENABLE == CapSense_CSX_EN) && \
 278:Generated_Source\PSoC4/CapSense_Structure.c ****          (CapSense_ENABLE == CapSense_CSX_SKIP_OVSMPL_SPECIFIC_NODES)))
 279:Generated_Source\PSoC4/CapSense_Structure.c ****         uint32 snsId;
 280:Generated_Source\PSoC4/CapSense_Structure.c ****         uint32 wdgtId;
 281:Generated_Source\PSoC4/CapSense_Structure.c ****         CapSense_RAM_SNS_STRUCT * ptrSns;
 282:Generated_Source\PSoC4/CapSense_Structure.c ****         CapSense_FLASH_WD_STRUCT const * ptrFlashWdgt;
 283:Generated_Source\PSoC4/CapSense_Structure.c ****     #endif        
 284:Generated_Source\PSoC4/CapSense_Structure.c ****     
 285:Generated_Source\PSoC4/CapSense_Structure.c ****     #if ((CapSense_ENABLE == CapSense_CSX_EN) && \
 286:Generated_Source\PSoC4/CapSense_Structure.c ****          (CapSense_ENABLE == CapSense_CSX_SKIP_OVSMPL_SPECIFIC_NODES))
 287:Generated_Source\PSoC4/CapSense_Structure.c ****         uint16 subConvNum;
 288:Generated_Source\PSoC4/CapSense_Structure.c ****     #endif        
 289:Generated_Source\PSoC4/CapSense_Structure.c **** 
 290:Generated_Source\PSoC4/CapSense_Structure.c ****     #if (0u != CapSense_CSX_EN) || (0 != CapSense_CSD_IDAC_COMP_EN)
 291:Generated_Source\PSoC4/CapSense_Structure.c ****         uint8 const * ptrIdacInit = CapSense_ramIdacInit;
 292:Generated_Source\PSoC4/CapSense_Structure.c ****     #endif        
 293:Generated_Source\PSoC4/CapSense_Structure.c ****     
 294:Generated_Source\PSoC4/CapSense_Structure.c ****     /* Reset RAM data structure content */
 295:Generated_Source\PSoC4/CapSense_Structure.c ****     (void)memset(&CapSense_dsRam, 0, sizeof(CapSense_dsRam));
 296:Generated_Source\PSoC4/CapSense_Structure.c ****     
 297:Generated_Source\PSoC4/CapSense_Structure.c ****     /* Initialize configId and deviceId registers */
 298:Generated_Source\PSoC4/CapSense_Structure.c ****     CapSense_dsRam.configId = CapSense_CONFIG_ID;
 299:Generated_Source\PSoC4/CapSense_Structure.c ****     CapSense_dsRam.deviceId = CapSense_DEVICE_ID;
 300:Generated_Source\PSoC4/CapSense_Structure.c ****     
 301:Generated_Source\PSoC4/CapSense_Structure.c ****     /* Initialize global RAM data */
 302:Generated_Source\PSoC4/CapSense_Structure.c ****     CapSense_dsRam.csd0Config = CapSense_CSD0_CONFIG;
 303:Generated_Source\PSoC4/CapSense_Structure.c **** 
 304:Generated_Source\PSoC4/CapSense_Structure.c ****     #if ((0u != CapSense_CSD2X_EN) || (0u != CapSense_CSX2X_EN))
 305:Generated_Source\PSoC4/CapSense_Structure.c ****         CapSense_dsRam.csd1Config = CapSense_CSD1_CONFIG;
 306:Generated_Source\PSoC4/CapSense_Structure.c ****     #endif /* #if ((0u != CapSense_CSD2X_EN) || (0u != CapSense_CSX2X_EN)) */
 307:Generated_Source\PSoC4/CapSense_Structure.c ****     
 308:Generated_Source\PSoC4/CapSense_Structure.c ****     #if (0u != CapSense_TOTAL_CSD_WIDGETS)
 309:Generated_Source\PSoC4/CapSense_Structure.c ****         CapSense_dsRam.modCsdClk = CapSense_CSD_SCANSPEED_DIVIDER;
 310:Generated_Source\PSoC4/CapSense_Structure.c ****         
 311:Generated_Source\PSoC4/CapSense_Structure.c ****         #if (0u != CapSense_CSD_COMMON_SNS_CLK_EN)
 312:Generated_Source\PSoC4/CapSense_Structure.c ****             CapSense_dsRam.snsCsdClk = CapSense_CSD_SNS_CLK_DIVIDER;
 313:Generated_Source\PSoC4/CapSense_Structure.c ****         #endif /* #if (0u != CapSense_CSD_COMMON_SNS_CLK_EN) */
 314:Generated_Source\PSoC4/CapSense_Structure.c ****     #endif /* #if (0u != CapSense_TOTAL_CSD_WIDGETS) */
 315:Generated_Source\PSoC4/CapSense_Structure.c ****     
 316:Generated_Source\PSoC4/CapSense_Structure.c ****     #if (0u != CapSense_CSX_EN)
ARM GAS  C:\Users\Lenovo\AppData\Local\Temp\ccj7Szb4.s 			page 7


 317:Generated_Source\PSoC4/CapSense_Structure.c ****         CapSense_dsRam.modCsxClk = CapSense_CSX_SCANSPEED_DIVIDER;
 318:Generated_Source\PSoC4/CapSense_Structure.c ****         
 319:Generated_Source\PSoC4/CapSense_Structure.c ****         #if (0u != CapSense_CSX_COMMON_TX_CLK_EN)
 320:Generated_Source\PSoC4/CapSense_Structure.c ****             CapSense_dsRam.snsCsxClk = CapSense_CSX_TX_CLK_DIVIDER;
 321:Generated_Source\PSoC4/CapSense_Structure.c ****         #endif /* #if (0u != CapSense_CSX_COMMON_TX_CLK_EN) */
 322:Generated_Source\PSoC4/CapSense_Structure.c ****     #endif /* #if (0u != CapSense_CSX_EN) */
 323:Generated_Source\PSoC4/CapSense_Structure.c ****     
 324:Generated_Source\PSoC4/CapSense_Structure.c ****     #if (0u != CapSense_SELF_TEST_EN)
 325:Generated_Source\PSoC4/CapSense_Structure.c ****         CapSense_dsRam.glbCrc = CapSense_GLB_CRC;
 326:Generated_Source\PSoC4/CapSense_Structure.c ****     #endif /* #if (0u != CapSense_SELF_TEST_EN) */
 327:Generated_Source\PSoC4/CapSense_Structure.c ****    
 328:Generated_Source\PSoC4/CapSense_Structure.c ****     /* Initialize RAM widget data */
 329:Generated_Source\PSoC4/CapSense_Structure.c ****     CapSense_dsRam.wdgtList = CapSense_ramWidgetInit;
 330:Generated_Source\PSoC4/CapSense_Structure.c ****     
 331:Generated_Source\PSoC4/CapSense_Structure.c ****     #if (CapSense_ENABLE == CapSense_CSX_EN) || (CapSense_ENABLE == CapSense_CSD_IDAC_COMP_EN)
 332:Generated_Source\PSoC4/CapSense_Structure.c ****         /* Initialize IDAC data */
 333:Generated_Source\PSoC4/CapSense_Structure.c ****         ptrFlashWdgt = CapSense_dsFlash.wdgtArray;
 334:Generated_Source\PSoC4/CapSense_Structure.c ****         
 335:Generated_Source\PSoC4/CapSense_Structure.c ****         for (wdgtId = CapSense_TOTAL_WIDGETS; wdgtId-- > 0u; )
 336:Generated_Source\PSoC4/CapSense_Structure.c ****         {
 337:Generated_Source\PSoC4/CapSense_Structure.c ****             ptrSns = ptrFlashWdgt->ptr2SnsRam;
 338:Generated_Source\PSoC4/CapSense_Structure.c ****                 
 339:Generated_Source\PSoC4/CapSense_Structure.c ****             for (snsId = CapSense_GET_SNS_CNT_BY_PTR(ptrFlashWdgt); snsId-- > 0u;)
 340:Generated_Source\PSoC4/CapSense_Structure.c ****             {
 341:Generated_Source\PSoC4/CapSense_Structure.c ****                 ptrSns->idacComp[0u] = *ptrIdacInit;
 342:Generated_Source\PSoC4/CapSense_Structure.c ****                 ptrIdacInit++;
 343:Generated_Source\PSoC4/CapSense_Structure.c ****                 
 344:Generated_Source\PSoC4/CapSense_Structure.c ****                 #if (0u != CapSense_MULTI_FREQ_SCAN_EN)
 345:Generated_Source\PSoC4/CapSense_Structure.c ****                     ptrSns->idacComp[1u] = *ptrIdacInit;
 346:Generated_Source\PSoC4/CapSense_Structure.c ****                     ptrIdacInit++;
 347:Generated_Source\PSoC4/CapSense_Structure.c ****                     
 348:Generated_Source\PSoC4/CapSense_Structure.c ****                     ptrSns->idacComp[2u] = *ptrIdacInit;
 349:Generated_Source\PSoC4/CapSense_Structure.c ****                     ptrIdacInit++;
 350:Generated_Source\PSoC4/CapSense_Structure.c ****                 #endif /* #if (0u != CapSense_MULTI_FREQ_SCAN_EN) */
 351:Generated_Source\PSoC4/CapSense_Structure.c ****                 
 352:Generated_Source\PSoC4/CapSense_Structure.c ****                 ptrSns++;
 353:Generated_Source\PSoC4/CapSense_Structure.c ****             }
 354:Generated_Source\PSoC4/CapSense_Structure.c ****             
 355:Generated_Source\PSoC4/CapSense_Structure.c ****             ptrFlashWdgt++; /* Move to next widget */
 356:Generated_Source\PSoC4/CapSense_Structure.c ****         }
 357:Generated_Source\PSoC4/CapSense_Structure.c ****     #endif /*(CapSense_ENABLE == CapSense_CSX_EN) || (CapSense_ENABLE == CapSense_CSD_IDAC_COMP_EN)
 358:Generated_Source\PSoC4/CapSense_Structure.c ****     
 359:Generated_Source\PSoC4/CapSense_Structure.c ****     #if ((CapSense_ENABLE == CapSense_CSX_EN) && \
 360:Generated_Source\PSoC4/CapSense_Structure.c ****          (CapSense_ENABLE == CapSense_CSX_SKIP_OVSMPL_SPECIFIC_NODES))
 361:Generated_Source\PSoC4/CapSense_Structure.c ****         /* Initialize Sub-Conversion Number for each node of each CSX widget */
 362:Generated_Source\PSoC4/CapSense_Structure.c ****         ptrFlashWdgt = CapSense_dsFlash.wdgtArray;
 363:Generated_Source\PSoC4/CapSense_Structure.c ****         for (wdgtId = CapSense_TOTAL_WIDGETS; wdgtId-- > 0u;)
 364:Generated_Source\PSoC4/CapSense_Structure.c ****         {
 365:Generated_Source\PSoC4/CapSense_Structure.c ****             /* Check for widget sense method */
 366:Generated_Source\PSoC4/CapSense_Structure.c ****             if (CapSense_SENSE_METHOD_CSX_E == CapSense_GET_SENSE_METHOD(ptrFlashWdgt))
 367:Generated_Source\PSoC4/CapSense_Structure.c ****             {
 368:Generated_Source\PSoC4/CapSense_Structure.c ****                 /* Take the sub-convesion number of a CSX widget and initialize each node of this w
 369:Generated_Source\PSoC4/CapSense_Structure.c ****                 subConvNum = ((CapSense_RAM_WD_BASE_STRUCT *)(ptrFlashWdgt->ptr2WdgtRam))->resoluti
 370:Generated_Source\PSoC4/CapSense_Structure.c ****                 ptrSns = ptrFlashWdgt->ptr2SnsRam;
 371:Generated_Source\PSoC4/CapSense_Structure.c ****                 for (snsId = CapSense_GET_SNS_CNT_BY_PTR(ptrFlashWdgt); snsId-- > 0u;)
 372:Generated_Source\PSoC4/CapSense_Structure.c ****                 {
 373:Generated_Source\PSoC4/CapSense_Structure.c ****                     ptrSns->subConvNum = subConvNum;
ARM GAS  C:\Users\Lenovo\AppData\Local\Temp\ccj7Szb4.s 			page 8


 374:Generated_Source\PSoC4/CapSense_Structure.c ****                     ptrSns++;
 375:Generated_Source\PSoC4/CapSense_Structure.c ****                 }
 376:Generated_Source\PSoC4/CapSense_Structure.c ****             }
 377:Generated_Source\PSoC4/CapSense_Structure.c ****             /* Move to the next widget */
 378:Generated_Source\PSoC4/CapSense_Structure.c ****             ptrFlashWdgt++;
 379:Generated_Source\PSoC4/CapSense_Structure.c ****         }
 380:Generated_Source\PSoC4/CapSense_Structure.c ****     #endif /* ((CapSense_ENABLE == CapSense_CSX_EN) && \
 381:Generated_Source\PSoC4/CapSense_Structure.c ****                (CapSense_ENABLE == CapSense_CSX_SKIP_OVSMPL_SPECIFIC_NODES)) */
 382:Generated_Source\PSoC4/CapSense_Structure.c **** 
 383:Generated_Source\PSoC4/CapSense_Structure.c ****     #if (CapSense_ENABLE == CapSense_ADC_EN)
 384:Generated_Source\PSoC4/CapSense_Structure.c ****         CapSense_AdcDsInitialize();
 385:Generated_Source\PSoC4/CapSense_Structure.c ****     #endif /* (CapSense_ENABLE == CapSense_ADC_EN) */
 386:Generated_Source\PSoC4/CapSense_Structure.c **** }
 387:Generated_Source\PSoC4/CapSense_Structure.c **** 
 388:Generated_Source\PSoC4/CapSense_Structure.c **** 
 389:Generated_Source\PSoC4/CapSense_Structure.c **** #if (0u != CapSense_ADC_EN)
 390:Generated_Source\PSoC4/CapSense_Structure.c ****     /*******************************************************************************
 391:Generated_Source\PSoC4/CapSense_Structure.c ****     * Function Name: CapSense_AdcDsInitialize
 392:Generated_Source\PSoC4/CapSense_Structure.c ****     ****************************************************************************//**
 393:Generated_Source\PSoC4/CapSense_Structure.c ****     *
 394:Generated_Source\PSoC4/CapSense_Structure.c ****     * \brief
 395:Generated_Source\PSoC4/CapSense_Structure.c ****     *   Configures the initial Adc datastructure members.
 396:Generated_Source\PSoC4/CapSense_Structure.c ****     *
 397:Generated_Source\PSoC4/CapSense_Structure.c ****     *******************************************************************************/
 398:Generated_Source\PSoC4/CapSense_Structure.c ****     void CapSense_AdcDsInitialize(void)
 399:Generated_Source\PSoC4/CapSense_Structure.c ****     {
 400:Generated_Source\PSoC4/CapSense_Structure.c ****         CapSense_dsRam.adcResolution = CapSense_ADC_RESOLUTION;
 401:Generated_Source\PSoC4/CapSense_Structure.c ****         CapSense_dsRam.adcIdac = (uint8)(CapSense_ADC_IDAC_DEFAULT);
 402:Generated_Source\PSoC4/CapSense_Structure.c ****     }
 403:Generated_Source\PSoC4/CapSense_Structure.c **** #endif /* (0u != CapSense_ADC_EN) */
 404:Generated_Source\PSoC4/CapSense_Structure.c **** 
 405:Generated_Source\PSoC4/CapSense_Structure.c **** 
 406:Generated_Source\PSoC4/CapSense_Structure.c **** /*******************************************************************************
 407:Generated_Source\PSoC4/CapSense_Structure.c **** * Function Name: DsParseParamId
 408:Generated_Source\PSoC4/CapSense_Structure.c **** ****************************************************************************//**
 409:Generated_Source\PSoC4/CapSense_Structure.c **** *
 410:Generated_Source\PSoC4/CapSense_Structure.c **** * \brief
 411:Generated_Source\PSoC4/CapSense_Structure.c **** *   This function parses the parameter ID and checks its correctness.
 412:Generated_Source\PSoC4/CapSense_Structure.c **** *
 413:Generated_Source\PSoC4/CapSense_Structure.c **** * \details
 414:Generated_Source\PSoC4/CapSense_Structure.c **** *   This function checks the parameter CRC if the self-test is enabled, 
 415:Generated_Source\PSoC4/CapSense_Structure.c **** *   validates the offset value and parameter type.
 416:Generated_Source\PSoC4/CapSense_Structure.c **** *
 417:Generated_Source\PSoC4/CapSense_Structure.c **** * \param paramId The parameter to parse.
 418:Generated_Source\PSoC4/CapSense_Structure.c **** * \param pData   The pointer to the structure that will hold parsed data.
 419:Generated_Source\PSoC4/CapSense_Structure.c **** *
 420:Generated_Source\PSoC4/CapSense_Structure.c **** * \return CYRET_SUCCESS     If the parameter is valid
 421:Generated_Source\PSoC4/CapSense_Structure.c **** *         CYRET_BAD_PARAM   If  the parameter is invalid
 422:Generated_Source\PSoC4/CapSense_Structure.c **** *
 423:Generated_Source\PSoC4/CapSense_Structure.c **** *******************************************************************************/
 424:Generated_Source\PSoC4/CapSense_Structure.c **** static cystatus DsParseParamId(uint32 paramId, PARAM_ID_STRUCT *pData)
 425:Generated_Source\PSoC4/CapSense_Structure.c **** {
  27              		.loc 1 425 0
  28              		.cfi_startproc
  29              		@ args = 0, pretend = 0, frame = 0
  30              		@ frame_needed = 0, uses_anonymous_args = 0
  31              	.LVL0:
ARM GAS  C:\Users\Lenovo\AppData\Local\Temp\ccj7Szb4.s 			page 9


  32 0000 70B5     		push	{r4, r5, r6, lr}
  33              		.cfi_def_cfa_offset 16
  34              		.cfi_offset 4, -16
  35              		.cfi_offset 5, -12
  36              		.cfi_offset 6, -8
  37              		.cfi_offset 14, -4
  38              	.LVL1:
 426:Generated_Source\PSoC4/CapSense_Structure.c ****     cystatus result = CYRET_SUCCESS;
 427:Generated_Source\PSoC4/CapSense_Structure.c ****     
 428:Generated_Source\PSoC4/CapSense_Structure.c ****     #if (0u != CapSense_SELF_TEST_EN)
 429:Generated_Source\PSoC4/CapSense_Structure.c ****         const uint8 crcTable[] =
 430:Generated_Source\PSoC4/CapSense_Structure.c ****         {
 431:Generated_Source\PSoC4/CapSense_Structure.c ****             0x00u, 0x09u, 0x0Bu, 0x02u, 0x0Fu, 0x06u, 0x04u, 0x0Du,
 432:Generated_Source\PSoC4/CapSense_Structure.c ****             0x07u, 0x0Eu, 0x0Cu, 0x05u, 0x08u, 0x01u, 0x03u, 0x0Au
 433:Generated_Source\PSoC4/CapSense_Structure.c ****         };
 434:Generated_Source\PSoC4/CapSense_Structure.c ****         
 435:Generated_Source\PSoC4/CapSense_Structure.c ****         uint32 i;
 436:Generated_Source\PSoC4/CapSense_Structure.c ****         uint32 actualCrc = 0u;
 437:Generated_Source\PSoC4/CapSense_Structure.c ****         uint32 crcIndex;
 438:Generated_Source\PSoC4/CapSense_Structure.c ****     #endif /* #if (0u != CapSense_SELF_TEST_EN) */
 439:Generated_Source\PSoC4/CapSense_Structure.c ****             
 440:Generated_Source\PSoC4/CapSense_Structure.c ****     /* Extract parameter data */
 441:Generated_Source\PSoC4/CapSense_Structure.c ****     pData->offset     = LO16(paramId);
  39              		.loc 1 441 0
  40 0002 85B2     		uxth	r5, r0
  41 0004 0D80     		strh	r5, [r1]
 442:Generated_Source\PSoC4/CapSense_Structure.c ****     pData->affectsCrc = LO8((paramId & PARAM_UBIT_MASK)  >> PARAM_UBIT_OFFSET);
  42              		.loc 1 442 0
  43 0006 C30D     		lsrs	r3, r0, #23
  44 0008 0124     		movs	r4, #1
  45 000a 2340     		ands	r3, r4
  46 000c CB70     		strb	r3, [r1, #3]
 443:Generated_Source\PSoC4/CapSense_Structure.c ****     pData->widgetId   = LO8((paramId & PARAM_WDID_MASK)  >> PARAM_WDID_OFFSET);
  47              		.loc 1 443 0
  48 000e 030C     		lsrs	r3, r0, #16
  49 0010 7F22     		movs	r2, #127
  50 0012 1340     		ands	r3, r2
  51 0014 8B70     		strb	r3, [r1, #2]
 444:Generated_Source\PSoC4/CapSense_Structure.c ****     pData->type       = LO8((paramId & PARAM_TYPE_MASK)  >> PARAM_TYPE_OFFSET);
  52              		.loc 1 444 0
  53 0016 860F     		lsrs	r6, r0, #30
  54 0018 CE71     		strb	r6, [r1, #7]
 445:Generated_Source\PSoC4/CapSense_Structure.c ****     pData->flash      = LO8((paramId & PARAM_FBIT_MASK)  >> PARAM_FBIT_OFFSET);
  55              		.loc 1 445 0
  56 001a 030F     		lsrs	r3, r0, #28
  57 001c 2340     		ands	r3, r4
  58 001e 4B71     		strb	r3, [r1, #5]
 446:Generated_Source\PSoC4/CapSense_Structure.c ****     pData->rw         = LO8((paramId & PARAM_RWBIT_MASK) >> PARAM_RWBIT_OFFSET);
  59              		.loc 1 446 0
  60 0020 420F     		lsrs	r2, r0, #29
  61 0022 2240     		ands	r2, r4
  62 0024 8A71     		strb	r2, [r1, #6]
 447:Generated_Source\PSoC4/CapSense_Structure.c ****     pData->crc        = LO8((paramId & PARAM_CRC_MASK)   >> PARAM_CRC_OFFSET);
  63              		.loc 1 447 0
  64 0026 000E     		lsrs	r0, r0, #24
  65              	.LVL2:
  66 0028 0E34     		adds	r4, r4, #14
ARM GAS  C:\Users\Lenovo\AppData\Local\Temp\ccj7Szb4.s 			page 10


  67 002a 2040     		ands	r0, r4
  68 002c 0871     		strb	r0, [r1, #4]
 448:Generated_Source\PSoC4/CapSense_Structure.c ****     
 449:Generated_Source\PSoC4/CapSense_Structure.c ****     /* Check parameter CRC if self-test is enabled */
 450:Generated_Source\PSoC4/CapSense_Structure.c ****     #if (0u != CapSense_SELF_TEST_EN)
 451:Generated_Source\PSoC4/CapSense_Structure.c ****  
 452:Generated_Source\PSoC4/CapSense_Structure.c ****         /* Calculate CRC for bits 0..24.
 453:Generated_Source\PSoC4/CapSense_Structure.c ****          * The CRC is calculated using nibbles (4-bits). 
 454:Generated_Source\PSoC4/CapSense_Structure.c ****          * So for 0..24 bits there are in total 6 nibbles. */
 455:Generated_Source\PSoC4/CapSense_Structure.c ****         for (i = 6u; i > 0u; i--)
 456:Generated_Source\PSoC4/CapSense_Structure.c ****         {
 457:Generated_Source\PSoC4/CapSense_Structure.c ****             crcIndex = actualCrc ^ (paramId & 0x0Fu);
 458:Generated_Source\PSoC4/CapSense_Structure.c ****             actualCrc = crcTable[crcIndex];
 459:Generated_Source\PSoC4/CapSense_Structure.c ****             paramId >>= 4u;
 460:Generated_Source\PSoC4/CapSense_Structure.c ****         }
 461:Generated_Source\PSoC4/CapSense_Structure.c **** 
 462:Generated_Source\PSoC4/CapSense_Structure.c ****         /* Add bits 28..32 */
 463:Generated_Source\PSoC4/CapSense_Structure.c ****         crcIndex = actualCrc ^ ((paramId >> 4u) & 0x0Fu);
 464:Generated_Source\PSoC4/CapSense_Structure.c ****         actualCrc = crcTable[crcIndex];
 465:Generated_Source\PSoC4/CapSense_Structure.c **** 
 466:Generated_Source\PSoC4/CapSense_Structure.c ****         /* Add bits 24..28 (CRC) */
 467:Generated_Source\PSoC4/CapSense_Structure.c ****         crcIndex = actualCrc ^ (paramId & 0x0Fu);
 468:Generated_Source\PSoC4/CapSense_Structure.c ****         actualCrc = crcTable[crcIndex];
 469:Generated_Source\PSoC4/CapSense_Structure.c ****         
 470:Generated_Source\PSoC4/CapSense_Structure.c ****         if (0u != actualCrc)
 471:Generated_Source\PSoC4/CapSense_Structure.c ****         {
 472:Generated_Source\PSoC4/CapSense_Structure.c ****             /* CRC mismatch */
 473:Generated_Source\PSoC4/CapSense_Structure.c ****             result = CYRET_BAD_PARAM;
 474:Generated_Source\PSoC4/CapSense_Structure.c ****         }
 475:Generated_Source\PSoC4/CapSense_Structure.c ****         
 476:Generated_Source\PSoC4/CapSense_Structure.c ****         if ((CYRET_SUCCESS == result) && 
 477:Generated_Source\PSoC4/CapSense_Structure.c ****             (0u != pData->affectsCrc) && (pData->widgetId >= CapSense_TOTAL_WIDGETS ))
 478:Generated_Source\PSoC4/CapSense_Structure.c ****         {
 479:Generated_Source\PSoC4/CapSense_Structure.c ****             /* Wrong widgetId for protected parameter */
 480:Generated_Source\PSoC4/CapSense_Structure.c ****             result = CYRET_BAD_PARAM;
 481:Generated_Source\PSoC4/CapSense_Structure.c ****         }
 482:Generated_Source\PSoC4/CapSense_Structure.c ****         
 483:Generated_Source\PSoC4/CapSense_Structure.c ****         /* Check offset value range */
 484:Generated_Source\PSoC4/CapSense_Structure.c ****         if (CYRET_SUCCESS == result)
 485:Generated_Source\PSoC4/CapSense_Structure.c ****         {
 486:Generated_Source\PSoC4/CapSense_Structure.c ****             if (0u == pData->flash)
 487:Generated_Source\PSoC4/CapSense_Structure.c ****             {
 488:Generated_Source\PSoC4/CapSense_Structure.c ****                 /* Check offset for RAM Data Structure range */
 489:Generated_Source\PSoC4/CapSense_Structure.c ****                 if (pData->offset >= sizeof(CapSense_dsRam))
 490:Generated_Source\PSoC4/CapSense_Structure.c ****                 {
 491:Generated_Source\PSoC4/CapSense_Structure.c ****                     result = CYRET_BAD_PARAM;
 492:Generated_Source\PSoC4/CapSense_Structure.c ****                 }
 493:Generated_Source\PSoC4/CapSense_Structure.c ****             }
 494:Generated_Source\PSoC4/CapSense_Structure.c ****             else
 495:Generated_Source\PSoC4/CapSense_Structure.c ****             {
 496:Generated_Source\PSoC4/CapSense_Structure.c ****                 /* Check offset for Flash Data Structure range */
 497:Generated_Source\PSoC4/CapSense_Structure.c ****                 if (pData->offset >= sizeof(CapSense_dsFlash))
 498:Generated_Source\PSoC4/CapSense_Structure.c ****                 {
 499:Generated_Source\PSoC4/CapSense_Structure.c ****                     result = CYRET_BAD_PARAM;
 500:Generated_Source\PSoC4/CapSense_Structure.c ****                 }
 501:Generated_Source\PSoC4/CapSense_Structure.c ****                 
 502:Generated_Source\PSoC4/CapSense_Structure.c ****                 /* Check if it is marked as Read Only */
ARM GAS  C:\Users\Lenovo\AppData\Local\Temp\ccj7Szb4.s 			page 11


 503:Generated_Source\PSoC4/CapSense_Structure.c ****                 if (0u != pData->rw)
 504:Generated_Source\PSoC4/CapSense_Structure.c ****                 {
 505:Generated_Source\PSoC4/CapSense_Structure.c ****                     result = CYRET_BAD_PARAM;
 506:Generated_Source\PSoC4/CapSense_Structure.c ****                 }
 507:Generated_Source\PSoC4/CapSense_Structure.c ****             }
 508:Generated_Source\PSoC4/CapSense_Structure.c ****         }
 509:Generated_Source\PSoC4/CapSense_Structure.c ****     #else /* #if (0u != CapSense_SELF_TEST_EN) */
 510:Generated_Source\PSoC4/CapSense_Structure.c ****         /* Check offset value range */
 511:Generated_Source\PSoC4/CapSense_Structure.c ****         if (0u == pData->flash)
  69              		.loc 1 511 0
  70 002e 002B     		cmp	r3, #0
  71 0030 03D1     		bne	.L2
 512:Generated_Source\PSoC4/CapSense_Structure.c ****         {
 513:Generated_Source\PSoC4/CapSense_Structure.c ****             /* Check offset for RAM Data Structure range */
 514:Generated_Source\PSoC4/CapSense_Structure.c ****             if (pData->offset >= sizeof(CapSense_dsRam))
  72              		.loc 1 514 0
  73 0032 632D     		cmp	r5, #99
  74 0034 09D8     		bhi	.L9
 426:Generated_Source\PSoC4/CapSense_Structure.c ****     
  75              		.loc 1 426 0
  76 0036 0020     		movs	r0, #0
  77 0038 0AE0     		b	.L3
  78              	.L2:
 515:Generated_Source\PSoC4/CapSense_Structure.c ****             {
 516:Generated_Source\PSoC4/CapSense_Structure.c ****                 result = CYRET_BAD_PARAM;
 517:Generated_Source\PSoC4/CapSense_Structure.c ****             }
 518:Generated_Source\PSoC4/CapSense_Structure.c ****         }
 519:Generated_Source\PSoC4/CapSense_Structure.c ****         else
 520:Generated_Source\PSoC4/CapSense_Structure.c ****         {
 521:Generated_Source\PSoC4/CapSense_Structure.c ****             /* Check offset for Flash Data Structure range */
 522:Generated_Source\PSoC4/CapSense_Structure.c ****             if (pData->offset >= sizeof(CapSense_dsFlash))
  79              		.loc 1 522 0
  80 003a 232D     		cmp	r5, #35
  81 003c 01D8     		bhi	.L10
 426:Generated_Source\PSoC4/CapSense_Structure.c ****     
  82              		.loc 1 426 0
  83 003e 0020     		movs	r0, #0
  84 0040 00E0     		b	.L4
  85              	.L10:
 523:Generated_Source\PSoC4/CapSense_Structure.c ****             {
 524:Generated_Source\PSoC4/CapSense_Structure.c ****                 result = CYRET_BAD_PARAM;
  86              		.loc 1 524 0
  87 0042 0120     		movs	r0, #1
  88              	.L4:
  89              	.LVL3:
 525:Generated_Source\PSoC4/CapSense_Structure.c ****             }
 526:Generated_Source\PSoC4/CapSense_Structure.c ****             
 527:Generated_Source\PSoC4/CapSense_Structure.c ****             /* Check if it is marked as Read Only */
 528:Generated_Source\PSoC4/CapSense_Structure.c ****             if (0u != pData->rw)
  90              		.loc 1 528 0
  91 0044 002A     		cmp	r2, #0
  92 0046 02D1     		bne	.L11
  93 0048 02E0     		b	.L3
  94              	.LVL4:
  95              	.L9:
 516:Generated_Source\PSoC4/CapSense_Structure.c ****             }
  96              		.loc 1 516 0
ARM GAS  C:\Users\Lenovo\AppData\Local\Temp\ccj7Szb4.s 			page 12


  97 004a 0120     		movs	r0, #1
  98 004c 00E0     		b	.L3
  99              	.LVL5:
 100              	.L11:
 529:Generated_Source\PSoC4/CapSense_Structure.c ****             {
 530:Generated_Source\PSoC4/CapSense_Structure.c ****                 result = CYRET_BAD_PARAM;
 101              		.loc 1 530 0
 102 004e 0120     		movs	r0, #1
 103              	.LVL6:
 104              	.L3:
 531:Generated_Source\PSoC4/CapSense_Structure.c ****             }
 532:Generated_Source\PSoC4/CapSense_Structure.c ****         }
 533:Generated_Source\PSoC4/CapSense_Structure.c ****     #endif /* #if (0u != CapSense_SELF_TEST_EN) */
 534:Generated_Source\PSoC4/CapSense_Structure.c **** 
 535:Generated_Source\PSoC4/CapSense_Structure.c ****     if (CYRET_SUCCESS == result)
 105              		.loc 1 535 0
 106 0050 0028     		cmp	r0, #0
 107 0052 11D1     		bne	.L5
 536:Generated_Source\PSoC4/CapSense_Structure.c ****     {
 537:Generated_Source\PSoC4/CapSense_Structure.c ****         /* Check parameter type, offset alignment */
 538:Generated_Source\PSoC4/CapSense_Structure.c ****         switch (pData->type)
 108              		.loc 1 538 0
 109 0054 022E     		cmp	r6, #2
 110 0056 04D0     		beq	.L6
 111 0058 032E     		cmp	r6, #3
 112 005a 05D0     		beq	.L7
 113 005c 012E     		cmp	r6, #1
 114 005e 06D1     		bne	.L15
 115 0060 0AE0     		b	.L5
 116              	.L6:
 539:Generated_Source\PSoC4/CapSense_Structure.c ****         {
 540:Generated_Source\PSoC4/CapSense_Structure.c ****         case DS_PARAM_TYPE_UINT16:
 541:Generated_Source\PSoC4/CapSense_Structure.c ****             if (0u != (pData->offset & UINT16_ALIGN_MASK))
 117              		.loc 1 541 0
 118 0062 EB07     		lsls	r3, r5, #31
 119 0064 05D4     		bmi	.L13
 120 0066 07E0     		b	.L5
 121              	.L7:
 542:Generated_Source\PSoC4/CapSense_Structure.c ****             {
 543:Generated_Source\PSoC4/CapSense_Structure.c ****                 result = CYRET_BAD_PARAM;
 544:Generated_Source\PSoC4/CapSense_Structure.c ****             }
 545:Generated_Source\PSoC4/CapSense_Structure.c ****             break;
 546:Generated_Source\PSoC4/CapSense_Structure.c ****             
 547:Generated_Source\PSoC4/CapSense_Structure.c ****         case DS_PARAM_TYPE_UINT32:
 548:Generated_Source\PSoC4/CapSense_Structure.c ****             if (0u != (pData->offset & UINT32_ALIGN_MASK))
 122              		.loc 1 548 0
 123 0068 AB07     		lsls	r3, r5, #30
 124 006a 04D1     		bne	.L14
 125 006c 04E0     		b	.L5
 126              	.L15:
 549:Generated_Source\PSoC4/CapSense_Structure.c ****             {
 550:Generated_Source\PSoC4/CapSense_Structure.c ****                 result = CYRET_BAD_PARAM;
 551:Generated_Source\PSoC4/CapSense_Structure.c ****             }
 552:Generated_Source\PSoC4/CapSense_Structure.c ****             break;
 553:Generated_Source\PSoC4/CapSense_Structure.c ****             
 554:Generated_Source\PSoC4/CapSense_Structure.c ****         case DS_PARAM_TYPE_UINT8:
 555:Generated_Source\PSoC4/CapSense_Structure.c ****             break;
ARM GAS  C:\Users\Lenovo\AppData\Local\Temp\ccj7Szb4.s 			page 13


 556:Generated_Source\PSoC4/CapSense_Structure.c ****             
 557:Generated_Source\PSoC4/CapSense_Structure.c ****         default:
 558:Generated_Source\PSoC4/CapSense_Structure.c ****             result = CYRET_BAD_PARAM;
 127              		.loc 1 558 0
 128 006e 0120     		movs	r0, #1
 129              	.LVL7:
 130 0070 02E0     		b	.L5
 131              	.LVL8:
 132              	.L13:
 543:Generated_Source\PSoC4/CapSense_Structure.c ****             }
 133              		.loc 1 543 0
 134 0072 0120     		movs	r0, #1
 135              	.LVL9:
 136 0074 00E0     		b	.L5
 137              	.LVL10:
 138              	.L14:
 550:Generated_Source\PSoC4/CapSense_Structure.c ****             }
 139              		.loc 1 550 0
 140 0076 0120     		movs	r0, #1
 141              	.LVL11:
 142              	.L5:
 559:Generated_Source\PSoC4/CapSense_Structure.c ****             break;
 560:Generated_Source\PSoC4/CapSense_Structure.c ****         }
 561:Generated_Source\PSoC4/CapSense_Structure.c ****     }
 562:Generated_Source\PSoC4/CapSense_Structure.c **** 
 563:Generated_Source\PSoC4/CapSense_Structure.c ****     return result;
 564:Generated_Source\PSoC4/CapSense_Structure.c **** }
 143              		.loc 1 564 0
 144              		@ sp needed
 145 0078 70BD     		pop	{r4, r5, r6, pc}
 146              		.cfi_endproc
 147              	.LFE3:
 148              		.size	DsParseParamId, .-DsParseParamId
 149 007a C046     		.section	.text.CapSense_DsInitialize,"ax",%progbits
 150              		.align	2
 151              		.global	CapSense_DsInitialize
 152              		.code	16
 153              		.thumb_func
 154              		.type	CapSense_DsInitialize, %function
 155              	CapSense_DsInitialize:
 156              	.LFB2:
 274:Generated_Source\PSoC4/CapSense_Structure.c ****     #if ((CapSense_ENABLE == CapSense_CSX_EN) || \
 157              		.loc 1 274 0
 158              		.cfi_startproc
 159              		@ args = 0, pretend = 0, frame = 0
 160              		@ frame_needed = 0, uses_anonymous_args = 0
 161 0000 10B5     		push	{r4, lr}
 162              		.cfi_def_cfa_offset 8
 163              		.cfi_offset 4, -8
 164              		.cfi_offset 14, -4
 295:Generated_Source\PSoC4/CapSense_Structure.c ****     
 165              		.loc 1 295 0
 166 0002 0A4C     		ldr	r4, .L17
 167 0004 6422     		movs	r2, #100
 168 0006 0021     		movs	r1, #0
 169 0008 2000     		movs	r0, r4
 170 000a FFF7FEFF 		bl	memset
ARM GAS  C:\Users\Lenovo\AppData\Local\Temp\ccj7Szb4.s 			page 14


 171              	.LVL12:
 298:Generated_Source\PSoC4/CapSense_Structure.c ****     CapSense_dsRam.deviceId = CapSense_DEVICE_ID;
 172              		.loc 1 298 0
 173 000e 084B     		ldr	r3, .L17+4
 174 0010 2380     		strh	r3, [r4]
 299:Generated_Source\PSoC4/CapSense_Structure.c ****     
 175              		.loc 1 299 0
 176 0012 8C23     		movs	r3, #140
 177 0014 1B01     		lsls	r3, r3, #4
 178 0016 6380     		strh	r3, [r4, #2]
 309:Generated_Source\PSoC4/CapSense_Structure.c ****         
 179              		.loc 1 309 0
 180 0018 0423     		movs	r3, #4
 181 001a 2376     		strb	r3, [r4, #24]
 329:Generated_Source\PSoC4/CapSense_Structure.c ****     
 182              		.loc 1 329 0
 183 001c 2000     		movs	r0, r4
 184 001e 1A30     		adds	r0, r0, #26
 185 0020 1022     		movs	r2, #16
 186 0022 0449     		ldr	r1, .L17+8
 187 0024 FFF7FEFF 		bl	memcpy
 188              	.LVL13:
 386:Generated_Source\PSoC4/CapSense_Structure.c **** 
 189              		.loc 1 386 0
 190              		@ sp needed
 191 0028 10BD     		pop	{r4, pc}
 192              	.L18:
 193 002a C046     		.align	2
 194              	.L17:
 195 002c 00000000 		.word	CapSense_dsRam
 196 0030 CCB9FFFF 		.word	-17972
 197 0034 00000000 		.word	.LANCHOR0
 198              		.cfi_endproc
 199              	.LFE2:
 200              		.size	CapSense_DsInitialize, .-CapSense_DsInitialize
 201              		.section	.text.CapSense_GetParam,"ax",%progbits
 202              		.align	2
 203              		.global	CapSense_GetParam
 204              		.code	16
 205              		.thumb_func
 206              		.type	CapSense_GetParam, %function
 207              	CapSense_GetParam:
 208              	.LFB4:
 565:Generated_Source\PSoC4/CapSense_Structure.c **** 
 566:Generated_Source\PSoC4/CapSense_Structure.c **** /*******************************************************************************
 567:Generated_Source\PSoC4/CapSense_Structure.c **** * Function Name: CapSense_GetParam
 568:Generated_Source\PSoC4/CapSense_Structure.c **** ****************************************************************************//**
 569:Generated_Source\PSoC4/CapSense_Structure.c **** *
 570:Generated_Source\PSoC4/CapSense_Structure.c **** * \brief
 571:Generated_Source\PSoC4/CapSense_Structure.c **** *  Gets the specified parameter value from the \ref group_structures.
 572:Generated_Source\PSoC4/CapSense_Structure.c **** *
 573:Generated_Source\PSoC4/CapSense_Structure.c **** * \details
 574:Generated_Source\PSoC4/CapSense_Structure.c **** *  This function gets the value of the specified parameter by the paramId 
 575:Generated_Source\PSoC4/CapSense_Structure.c **** *  argument. The paramId for each register is available in the 
 576:Generated_Source\PSoC4/CapSense_Structure.c **** *  CapSense RegisterMap header file as 
 577:Generated_Source\PSoC4/CapSense_Structure.c **** *  CapSense_<ParameterName>_PARAM_ID. The paramId is a special 
 578:Generated_Source\PSoC4/CapSense_Structure.c **** *  enumerated value generated by the customizer. The format of paramId is as 
ARM GAS  C:\Users\Lenovo\AppData\Local\Temp\ccj7Szb4.s 			page 15


 579:Generated_Source\PSoC4/CapSense_Structure.c **** *  follows:
 580:Generated_Source\PSoC4/CapSense_Structure.c **** *    1. [ byte 3 byte 2 byte 1 byte 0 ] 
 581:Generated_Source\PSoC4/CapSense_Structure.c **** *    2. [ TTWFCCCC UIIIIIII MMMMMMMM LLLLLLLL ]
 582:Generated_Source\PSoC4/CapSense_Structure.c **** *    3. T - encodes the parameter type:
 583:Generated_Source\PSoC4/CapSense_Structure.c **** *      - 01b: uint8
 584:Generated_Source\PSoC4/CapSense_Structure.c **** *      - 10b: uint16
 585:Generated_Source\PSoC4/CapSense_Structure.c **** *      - 11b: uint32
 586:Generated_Source\PSoC4/CapSense_Structure.c **** *    4. W - indicates whether the parameter is writable:
 587:Generated_Source\PSoC4/CapSense_Structure.c **** *      - 0: ReadOnly
 588:Generated_Source\PSoC4/CapSense_Structure.c **** *      - 1: Read/Write
 589:Generated_Source\PSoC4/CapSense_Structure.c **** *    5. C - 4 bit CRC (X^3 + 1) of the whole paramId word, the C bits are 
 590:Generated_Source\PSoC4/CapSense_Structure.c **** *       filled with 0s when the CRC is calculated.
 591:Generated_Source\PSoC4/CapSense_Structure.c **** *    6. U - indicates if the parameter affects the RAM Widget Object CRC.
 592:Generated_Source\PSoC4/CapSense_Structure.c **** *    7. I - specifies that the widgetID parameter belongs to
 593:Generated_Source\PSoC4/CapSense_Structure.c **** *    8. M,L - the parameter offset MSB and LSB accordingly in:
 594:Generated_Source\PSoC4/CapSense_Structure.c **** *      - Flash Data Structure if W bit is 0.
 595:Generated_Source\PSoC4/CapSense_Structure.c **** *      - RAM Data Structure if W bit is 1.
 596:Generated_Source\PSoC4/CapSense_Structure.c **** *
 597:Generated_Source\PSoC4/CapSense_Structure.c **** *  Refer to the \ref group_structures section for details of the data structure 
 598:Generated_Source\PSoC4/CapSense_Structure.c **** *  organization and examples of its register access.
 599:Generated_Source\PSoC4/CapSense_Structure.c **** *
 600:Generated_Source\PSoC4/CapSense_Structure.c **** * \param  paramId 
 601:Generated_Source\PSoC4/CapSense_Structure.c **** *  Specify the ID of parameter to get its value.
 602:Generated_Source\PSoC4/CapSense_Structure.c **** *  A macro for the parameter ID can be found in the CapSense RegisterMap header 
 603:Generated_Source\PSoC4/CapSense_Structure.c **** *  file defined as CapSense_<ParameterName>_PARAM_ID.
 604:Generated_Source\PSoC4/CapSense_Structure.c **** *
 605:Generated_Source\PSoC4/CapSense_Structure.c **** * \param  value   
 606:Generated_Source\PSoC4/CapSense_Structure.c **** *  The pointer to a variable that should be updated with the got value.
 607:Generated_Source\PSoC4/CapSense_Structure.c **** *
 608:Generated_Source\PSoC4/CapSense_Structure.c **** * \return
 609:Generated_Source\PSoC4/CapSense_Structure.c **** *  Returns the status of operation:
 610:Generated_Source\PSoC4/CapSense_Structure.c **** *    - CYRET_SUCCESS if the operation is successfully completed.
 611:Generated_Source\PSoC4/CapSense_Structure.c **** *    - CYRET_BAD_PARAM if the input parameter is invalid. 
 612:Generated_Source\PSoC4/CapSense_Structure.c **** *
 613:Generated_Source\PSoC4/CapSense_Structure.c **** *******************************************************************************/
 614:Generated_Source\PSoC4/CapSense_Structure.c **** cystatus CapSense_GetParam(uint32 paramId, uint32 *value)
 615:Generated_Source\PSoC4/CapSense_Structure.c **** {
 209              		.loc 1 615 0
 210              		.cfi_startproc
 211              		@ args = 0, pretend = 0, frame = 8
 212              		@ frame_needed = 0, uses_anonymous_args = 0
 213              	.LVL14:
 214 0000 30B5     		push	{r4, r5, lr}
 215              		.cfi_def_cfa_offset 12
 216              		.cfi_offset 4, -12
 217              		.cfi_offset 5, -8
 218              		.cfi_offset 14, -4
 219 0002 83B0     		sub	sp, sp, #12
 220              		.cfi_def_cfa_offset 24
 221 0004 0D00     		movs	r5, r1
 616:Generated_Source\PSoC4/CapSense_Structure.c ****     PARAM_ID_STRUCT pData;
 617:Generated_Source\PSoC4/CapSense_Structure.c ****     cystatus result;
 618:Generated_Source\PSoC4/CapSense_Structure.c ****     
 619:Generated_Source\PSoC4/CapSense_Structure.c ****     union
 620:Generated_Source\PSoC4/CapSense_Structure.c ****     {
 621:Generated_Source\PSoC4/CapSense_Structure.c ****         volatile void   const * ptr;
 622:Generated_Source\PSoC4/CapSense_Structure.c ****         volatile uint8  const * ptrUint8;
ARM GAS  C:\Users\Lenovo\AppData\Local\Temp\ccj7Szb4.s 			page 16


 623:Generated_Source\PSoC4/CapSense_Structure.c ****         volatile uint16 const * ptrUint16;
 624:Generated_Source\PSoC4/CapSense_Structure.c ****         volatile uint32 const * ptrUint32;
 625:Generated_Source\PSoC4/CapSense_Structure.c ****     } ptrData;
 626:Generated_Source\PSoC4/CapSense_Structure.c ****     
 627:Generated_Source\PSoC4/CapSense_Structure.c ****     result = DsParseParamId(paramId, &pData);
 222              		.loc 1 627 0
 223 0006 6946     		mov	r1, sp
 224              	.LVL15:
 225 0008 FFF7FEFF 		bl	DsParseParamId
 226              	.LVL16:
 227 000c 041E     		subs	r4, r0, #0
 228              	.LVL17:
 628:Generated_Source\PSoC4/CapSense_Structure.c ****     
 629:Generated_Source\PSoC4/CapSense_Structure.c ****     /* Parse and validate paramId */
 630:Generated_Source\PSoC4/CapSense_Structure.c ****     if (CYRET_SUCCESS == result)
 229              		.loc 1 630 0
 230 000e 1FD1     		bne	.L20
 631:Generated_Source\PSoC4/CapSense_Structure.c ****     {
 632:Generated_Source\PSoC4/CapSense_Structure.c ****         /* Get base address of parameter */
 633:Generated_Source\PSoC4/CapSense_Structure.c ****         if (0u == pData.flash)
 231              		.loc 1 633 0
 232 0010 6B46     		mov	r3, sp
 233 0012 5B79     		ldrb	r3, [r3, #5]
 234 0014 002B     		cmp	r3, #0
 235 0016 01D1     		bne	.L21
 634:Generated_Source\PSoC4/CapSense_Structure.c ****         {
 635:Generated_Source\PSoC4/CapSense_Structure.c ****             ptrData.ptr = &CapSense_dsRam;
 236              		.loc 1 635 0
 237 0018 0F4A     		ldr	r2, .L26
 238              	.LVL18:
 239 001a 02E0     		b	.L22
 240              	.L21:
 636:Generated_Source\PSoC4/CapSense_Structure.c ****         }
 637:Generated_Source\PSoC4/CapSense_Structure.c ****         else
 638:Generated_Source\PSoC4/CapSense_Structure.c ****         {
 639:Generated_Source\PSoC4/CapSense_Structure.c ****             ptrData.ptr = &CapSense_dsFlash;
 241              		.loc 1 639 0
 242 001c 0F4B     		ldr	r3, .L26+4
 243 001e 1033     		adds	r3, r3, #16
 244 0020 1A00     		movs	r2, r3
 245              	.L22:
 640:Generated_Source\PSoC4/CapSense_Structure.c ****         }
 641:Generated_Source\PSoC4/CapSense_Structure.c ****         
 642:Generated_Source\PSoC4/CapSense_Structure.c ****         /* Add offset to base address */
 643:Generated_Source\PSoC4/CapSense_Structure.c ****         ptrData.ptrUint8 += pData.offset;
 246              		.loc 1 643 0
 247 0022 6B46     		mov	r3, sp
 248 0024 1B88     		ldrh	r3, [r3]
 249              	.LVL19:
 250 0026 D318     		adds	r3, r2, r3
 644:Generated_Source\PSoC4/CapSense_Structure.c ****         
 645:Generated_Source\PSoC4/CapSense_Structure.c ****         /* Read data */
 646:Generated_Source\PSoC4/CapSense_Structure.c ****         if (DS_PARAM_TYPE_UINT8 == pData.type)
 251              		.loc 1 646 0
 252 0028 6A46     		mov	r2, sp
 253              	.LVL20:
 254 002a D279     		ldrb	r2, [r2, #7]
ARM GAS  C:\Users\Lenovo\AppData\Local\Temp\ccj7Szb4.s 			page 17


 255 002c 012A     		cmp	r2, #1
 256 002e 02D1     		bne	.L23
 647:Generated_Source\PSoC4/CapSense_Structure.c ****         {
 648:Generated_Source\PSoC4/CapSense_Structure.c ****             *value = (uint32) (*ptrData.ptrUint8);
 257              		.loc 1 648 0
 258 0030 1B78     		ldrb	r3, [r3]
 259 0032 2B60     		str	r3, [r5]
 260 0034 0CE0     		b	.L20
 261              	.L23:
 649:Generated_Source\PSoC4/CapSense_Structure.c ****         }
 650:Generated_Source\PSoC4/CapSense_Structure.c ****         else if (DS_PARAM_TYPE_UINT16 == pData.type)
 262              		.loc 1 650 0
 263 0036 022A     		cmp	r2, #2
 264 0038 02D1     		bne	.L24
 651:Generated_Source\PSoC4/CapSense_Structure.c ****         {
 652:Generated_Source\PSoC4/CapSense_Structure.c ****             *value = (uint32) (*ptrData.ptrUint16);
 265              		.loc 1 652 0
 266 003a 1B88     		ldrh	r3, [r3]
 267 003c 2B60     		str	r3, [r5]
 268 003e 07E0     		b	.L20
 269              	.L24:
 653:Generated_Source\PSoC4/CapSense_Structure.c ****         }
 654:Generated_Source\PSoC4/CapSense_Structure.c ****         else if (DS_PARAM_TYPE_UINT32 == pData.type)
 270              		.loc 1 654 0
 271 0040 032A     		cmp	r2, #3
 272 0042 02D1     		bne	.L25
 655:Generated_Source\PSoC4/CapSense_Structure.c ****         {
 656:Generated_Source\PSoC4/CapSense_Structure.c ****             *value = *ptrData.ptrUint32;
 273              		.loc 1 656 0
 274 0044 1B68     		ldr	r3, [r3]
 275 0046 2B60     		str	r3, [r5]
 276 0048 02E0     		b	.L20
 277              	.L25:
 657:Generated_Source\PSoC4/CapSense_Structure.c ****         }
 658:Generated_Source\PSoC4/CapSense_Structure.c ****         else
 659:Generated_Source\PSoC4/CapSense_Structure.c ****         {
 660:Generated_Source\PSoC4/CapSense_Structure.c ****             /* Parameter comes here already validated. */
 661:Generated_Source\PSoC4/CapSense_Structure.c ****             CYASSERT(0u);
 278              		.loc 1 661 0 discriminator 1
 279 004a 0020     		movs	r0, #0
 280              	.LVL21:
 281 004c FFF7FEFF 		bl	CyHalt
 282              	.LVL22:
 283              	.L20:
 662:Generated_Source\PSoC4/CapSense_Structure.c ****         }
 663:Generated_Source\PSoC4/CapSense_Structure.c ****     }
 664:Generated_Source\PSoC4/CapSense_Structure.c ****     
 665:Generated_Source\PSoC4/CapSense_Structure.c ****     return result;
 666:Generated_Source\PSoC4/CapSense_Structure.c **** }
 284              		.loc 1 666 0
 285 0050 2000     		movs	r0, r4
 286 0052 03B0     		add	sp, sp, #12
 287              		@ sp needed
 288              	.LVL23:
 289              	.LVL24:
 290 0054 30BD     		pop	{r4, r5, pc}
 291              	.L27:
ARM GAS  C:\Users\Lenovo\AppData\Local\Temp\ccj7Szb4.s 			page 18


 292 0056 C046     		.align	2
 293              	.L26:
 294 0058 00000000 		.word	CapSense_dsRam
 295 005c 00000000 		.word	.LANCHOR0
 296              		.cfi_endproc
 297              	.LFE4:
 298              		.size	CapSense_GetParam, .-CapSense_GetParam
 299              		.section	.text.CapSense_SetParam,"ax",%progbits
 300              		.align	2
 301              		.global	CapSense_SetParam
 302              		.code	16
 303              		.thumb_func
 304              		.type	CapSense_SetParam, %function
 305              	CapSense_SetParam:
 306              	.LFB5:
 667:Generated_Source\PSoC4/CapSense_Structure.c **** 
 668:Generated_Source\PSoC4/CapSense_Structure.c **** 
 669:Generated_Source\PSoC4/CapSense_Structure.c **** /*******************************************************************************
 670:Generated_Source\PSoC4/CapSense_Structure.c **** * Function Name: CapSense_SetParam
 671:Generated_Source\PSoC4/CapSense_Structure.c **** ****************************************************************************//**
 672:Generated_Source\PSoC4/CapSense_Structure.c **** *
 673:Generated_Source\PSoC4/CapSense_Structure.c **** * \brief
 674:Generated_Source\PSoC4/CapSense_Structure.c **** *  Sets a new value for the specified parameter in the \ref group_structures.
 675:Generated_Source\PSoC4/CapSense_Structure.c **** *
 676:Generated_Source\PSoC4/CapSense_Structure.c **** * \details
 677:Generated_Source\PSoC4/CapSense_Structure.c **** *  This function sets the value of the specified parameter by the paramId 
 678:Generated_Source\PSoC4/CapSense_Structure.c **** *  argument. The paramId for each register is available in the 
 679:Generated_Source\PSoC4/CapSense_Structure.c **** *  CapSense RegisterMap header file as 
 680:Generated_Source\PSoC4/CapSense_Structure.c **** *  CapSense_<ParameterName>_PARAM_ID. The paramId is a special 
 681:Generated_Source\PSoC4/CapSense_Structure.c **** *  enumerated value generated by the customizer. The format of paramId is as 
 682:Generated_Source\PSoC4/CapSense_Structure.c **** *  follows:
 683:Generated_Source\PSoC4/CapSense_Structure.c **** *    1. [ byte 3 byte 2 byte 1 byte 0 ] 
 684:Generated_Source\PSoC4/CapSense_Structure.c **** *    2. [ TTWFCCCC UIIIIIII MMMMMMMM LLLLLLLL ]
 685:Generated_Source\PSoC4/CapSense_Structure.c **** *    3. T - encodes the parameter type:
 686:Generated_Source\PSoC4/CapSense_Structure.c **** *      - 01b: uint8
 687:Generated_Source\PSoC4/CapSense_Structure.c **** *      - 10b: uint16
 688:Generated_Source\PSoC4/CapSense_Structure.c **** *      - 11b: uint32
 689:Generated_Source\PSoC4/CapSense_Structure.c **** *    4. W - indicates whether the parameter is writable:
 690:Generated_Source\PSoC4/CapSense_Structure.c **** *      - 0: ReadOnly
 691:Generated_Source\PSoC4/CapSense_Structure.c **** *      - 1: Read/Write
 692:Generated_Source\PSoC4/CapSense_Structure.c **** *    5. C - 4 bit CRC (X^3 + 1) of the whole paramId word, the C bits are 
 693:Generated_Source\PSoC4/CapSense_Structure.c **** *       filled with 0s when the CRC is calculated.
 694:Generated_Source\PSoC4/CapSense_Structure.c **** *    6. U - indicates if the parameter affects the RAM Widget Object CRC.
 695:Generated_Source\PSoC4/CapSense_Structure.c **** *    7. I - specifies that the widgetID parameter belongs to
 696:Generated_Source\PSoC4/CapSense_Structure.c **** *    8. M,L - the parameter offset MSB and LSB accordingly in:
 697:Generated_Source\PSoC4/CapSense_Structure.c **** *      - Flash Data Structure if W bit is 0.
 698:Generated_Source\PSoC4/CapSense_Structure.c **** *      - RAM Data Structure if W bit is 1.
 699:Generated_Source\PSoC4/CapSense_Structure.c **** *
 700:Generated_Source\PSoC4/CapSense_Structure.c **** *  Refer to the \ref group_structures section for details of the data structure 
 701:Generated_Source\PSoC4/CapSense_Structure.c **** *  organization and examples of its register access.
 702:Generated_Source\PSoC4/CapSense_Structure.c **** *
 703:Generated_Source\PSoC4/CapSense_Structure.c **** * \param paramId  
 704:Generated_Source\PSoC4/CapSense_Structure.c **** *  Specify the ID of parameter to set its value.
 705:Generated_Source\PSoC4/CapSense_Structure.c **** *  A macro for the parameter ID can be found in the CapSense RegisterMap header
 706:Generated_Source\PSoC4/CapSense_Structure.c **** *  file defined as CapSense_<ParameterName>_PARAM_ID.
 707:Generated_Source\PSoC4/CapSense_Structure.c **** 
 708:Generated_Source\PSoC4/CapSense_Structure.c **** * \param value    
ARM GAS  C:\Users\Lenovo\AppData\Local\Temp\ccj7Szb4.s 			page 19


 709:Generated_Source\PSoC4/CapSense_Structure.c **** *  Specify the new parameter's value.
 710:Generated_Source\PSoC4/CapSense_Structure.c **** *
 711:Generated_Source\PSoC4/CapSense_Structure.c **** * \return
 712:Generated_Source\PSoC4/CapSense_Structure.c **** *  Returns the status of operation:
 713:Generated_Source\PSoC4/CapSense_Structure.c **** *    - CYRET_SUCCESS if the operation is successfully completed.
 714:Generated_Source\PSoC4/CapSense_Structure.c **** *    - CYRET_BAD_PARAM if the input parameter is invalid. 
 715:Generated_Source\PSoC4/CapSense_Structure.c **** *
 716:Generated_Source\PSoC4/CapSense_Structure.c **** *******************************************************************************/
 717:Generated_Source\PSoC4/CapSense_Structure.c **** cystatus CapSense_SetParam(uint32 paramId, uint32 value)
 718:Generated_Source\PSoC4/CapSense_Structure.c **** {
 307              		.loc 1 718 0
 308              		.cfi_startproc
 309              		@ args = 0, pretend = 0, frame = 8
 310              		@ frame_needed = 0, uses_anonymous_args = 0
 311              	.LVL25:
 312 0000 30B5     		push	{r4, r5, lr}
 313              		.cfi_def_cfa_offset 12
 314              		.cfi_offset 4, -12
 315              		.cfi_offset 5, -8
 316              		.cfi_offset 14, -4
 317 0002 83B0     		sub	sp, sp, #12
 318              		.cfi_def_cfa_offset 24
 319 0004 0D00     		movs	r5, r1
 719:Generated_Source\PSoC4/CapSense_Structure.c ****     cystatus result;
 720:Generated_Source\PSoC4/CapSense_Structure.c ****     PARAM_ID_STRUCT pData;
 721:Generated_Source\PSoC4/CapSense_Structure.c ****     
 722:Generated_Source\PSoC4/CapSense_Structure.c ****     union
 723:Generated_Source\PSoC4/CapSense_Structure.c ****     {
 724:Generated_Source\PSoC4/CapSense_Structure.c ****         volatile void   * ptr;
 725:Generated_Source\PSoC4/CapSense_Structure.c ****         volatile uint8  * ptrUint8;
 726:Generated_Source\PSoC4/CapSense_Structure.c ****         volatile uint16 * ptrUint16;
 727:Generated_Source\PSoC4/CapSense_Structure.c ****         volatile uint32 * ptrUint32;
 728:Generated_Source\PSoC4/CapSense_Structure.c ****     } ptrData;
 729:Generated_Source\PSoC4/CapSense_Structure.c ****     
 730:Generated_Source\PSoC4/CapSense_Structure.c ****     result = DsParseParamId(paramId, &pData);
 320              		.loc 1 730 0
 321 0006 6946     		mov	r1, sp
 322              	.LVL26:
 323 0008 FFF7FEFF 		bl	DsParseParamId
 324              	.LVL27:
 325 000c 041E     		subs	r4, r0, #0
 326              	.LVL28:
 731:Generated_Source\PSoC4/CapSense_Structure.c ****     
 732:Generated_Source\PSoC4/CapSense_Structure.c ****     /* verify if parameter is writable */
 733:Generated_Source\PSoC4/CapSense_Structure.c ****     if (CYRET_SUCCESS == result)
 327              		.loc 1 733 0
 328 000e 04D1     		bne	.L29
 734:Generated_Source\PSoC4/CapSense_Structure.c ****     {
 735:Generated_Source\PSoC4/CapSense_Structure.c ****         if (0u == pData.rw)
 329              		.loc 1 735 0
 330 0010 6B46     		mov	r3, sp
 331 0012 9B79     		ldrb	r3, [r3, #6]
 332 0014 002B     		cmp	r3, #0
 333 0016 00D1     		bne	.L29
 736:Generated_Source\PSoC4/CapSense_Structure.c ****         {
 737:Generated_Source\PSoC4/CapSense_Structure.c ****             result = CYRET_BAD_PARAM;
 334              		.loc 1 737 0
ARM GAS  C:\Users\Lenovo\AppData\Local\Temp\ccj7Szb4.s 			page 20


 335 0018 0134     		adds	r4, r4, #1
 336              	.L29:
 337              	.LVL29:
 738:Generated_Source\PSoC4/CapSense_Structure.c ****         }
 739:Generated_Source\PSoC4/CapSense_Structure.c ****     }
 740:Generated_Source\PSoC4/CapSense_Structure.c ****     
 741:Generated_Source\PSoC4/CapSense_Structure.c ****     /* Parse and validate paramId */
 742:Generated_Source\PSoC4/CapSense_Structure.c ****     if (CYRET_SUCCESS == result)
 338              		.loc 1 742 0
 339 001a 002C     		cmp	r4, #0
 340 001c 16D1     		bne	.L30
 743:Generated_Source\PSoC4/CapSense_Structure.c ****     {
 744:Generated_Source\PSoC4/CapSense_Structure.c ****         /* Get base address of parameter */
 745:Generated_Source\PSoC4/CapSense_Structure.c ****         ptrData.ptr = &CapSense_dsRam;
 746:Generated_Source\PSoC4/CapSense_Structure.c ****         
 747:Generated_Source\PSoC4/CapSense_Structure.c ****         /* Add offset to base address */
 748:Generated_Source\PSoC4/CapSense_Structure.c ****         ptrData.ptrUint8 += pData.offset;
 341              		.loc 1 748 0
 342 001e 6B46     		mov	r3, sp
 343 0020 1A88     		ldrh	r2, [r3]
 344 0022 0C4B     		ldr	r3, .L35
 345 0024 D318     		adds	r3, r2, r3
 749:Generated_Source\PSoC4/CapSense_Structure.c ****         
 750:Generated_Source\PSoC4/CapSense_Structure.c ****         /* Write data */
 751:Generated_Source\PSoC4/CapSense_Structure.c ****         if (DS_PARAM_TYPE_UINT8 == pData.type)
 346              		.loc 1 751 0
 347 0026 6A46     		mov	r2, sp
 348 0028 D279     		ldrb	r2, [r2, #7]
 349 002a 012A     		cmp	r2, #1
 350 002c 02D1     		bne	.L31
 752:Generated_Source\PSoC4/CapSense_Structure.c ****         {
 753:Generated_Source\PSoC4/CapSense_Structure.c ****             *ptrData.ptrUint8 = LO8(value);
 351              		.loc 1 753 0
 352 002e EDB2     		uxtb	r5, r5
 353              	.LVL30:
 354 0030 1D70     		strb	r5, [r3]
 355 0032 0BE0     		b	.L30
 356              	.LVL31:
 357              	.L31:
 754:Generated_Source\PSoC4/CapSense_Structure.c ****         }
 755:Generated_Source\PSoC4/CapSense_Structure.c ****         else if (DS_PARAM_TYPE_UINT16 == pData.type)
 358              		.loc 1 755 0
 359 0034 022A     		cmp	r2, #2
 360 0036 02D1     		bne	.L32
 756:Generated_Source\PSoC4/CapSense_Structure.c ****         {
 757:Generated_Source\PSoC4/CapSense_Structure.c ****             *ptrData.ptrUint16 = LO16(value);
 361              		.loc 1 757 0
 362 0038 ADB2     		uxth	r5, r5
 363              	.LVL32:
 364 003a 1D80     		strh	r5, [r3]
 365 003c 06E0     		b	.L30
 366              	.LVL33:
 367              	.L32:
 758:Generated_Source\PSoC4/CapSense_Structure.c ****         }
 759:Generated_Source\PSoC4/CapSense_Structure.c ****         else if (DS_PARAM_TYPE_UINT32 == pData.type)
 368              		.loc 1 759 0
 369 003e 032A     		cmp	r2, #3
ARM GAS  C:\Users\Lenovo\AppData\Local\Temp\ccj7Szb4.s 			page 21


 370 0040 01D1     		bne	.L33
 760:Generated_Source\PSoC4/CapSense_Structure.c ****         {
 761:Generated_Source\PSoC4/CapSense_Structure.c ****             *ptrData.ptrUint32 = value;
 371              		.loc 1 761 0
 372 0042 1D60     		str	r5, [r3]
 373 0044 02E0     		b	.L30
 374              	.L33:
 762:Generated_Source\PSoC4/CapSense_Structure.c ****         }
 763:Generated_Source\PSoC4/CapSense_Structure.c ****         else
 764:Generated_Source\PSoC4/CapSense_Structure.c ****         {
 765:Generated_Source\PSoC4/CapSense_Structure.c ****             /* Parameter comes here already validated. */
 766:Generated_Source\PSoC4/CapSense_Structure.c ****             CYASSERT(0u);
 375              		.loc 1 766 0 discriminator 1
 376 0046 0020     		movs	r0, #0
 377 0048 FFF7FEFF 		bl	CyHalt
 378              	.LVL34:
 379              	.L30:
 767:Generated_Source\PSoC4/CapSense_Structure.c ****         }
 768:Generated_Source\PSoC4/CapSense_Structure.c ****         
 769:Generated_Source\PSoC4/CapSense_Structure.c ****         #if (CapSense_ENABLE == (CapSense_TST_WDGT_CRC_EN || CapSense_TST_GLOBAL_CRC_EN))
 770:Generated_Source\PSoC4/CapSense_Structure.c ****             /* Update widget or global CRC if self-test is enabled and parameter affects it */
 771:Generated_Source\PSoC4/CapSense_Structure.c ****             if (0u != pData.affectsCrc)
 772:Generated_Source\PSoC4/CapSense_Structure.c ****             {
 773:Generated_Source\PSoC4/CapSense_Structure.c ****                 if ((ptrData.ptrUint16 >= &CapSense_dsRam.csd0Config) &&
 774:Generated_Source\PSoC4/CapSense_Structure.c ****                     (ptrData.ptrUint16 <  &CapSense_dsRam.glbCrc))
 775:Generated_Source\PSoC4/CapSense_Structure.c ****                 {
 776:Generated_Source\PSoC4/CapSense_Structure.c ****                     
 777:Generated_Source\PSoC4/CapSense_Structure.c ****                     #if (CapSense_ENABLE == CapSense_TST_GLOBAL_CRC_EN)
 778:Generated_Source\PSoC4/CapSense_Structure.c ****                         CapSense_DsUpdateGlobalCrc();
 779:Generated_Source\PSoC4/CapSense_Structure.c ****                     #endif /* (CapSense_ENABLE == CapSense_TST_GLOBAL_CRC_EN) */
 780:Generated_Source\PSoC4/CapSense_Structure.c **** 
 781:Generated_Source\PSoC4/CapSense_Structure.c ****                 }
 782:Generated_Source\PSoC4/CapSense_Structure.c ****                 else
 783:Generated_Source\PSoC4/CapSense_Structure.c ****                 {
 784:Generated_Source\PSoC4/CapSense_Structure.c ****                     #if (CapSense_ENABLE == CapSense_TST_WDGT_CRC_EN)
 785:Generated_Source\PSoC4/CapSense_Structure.c ****                         CapSense_DsUpdateWidgetCrc((uint32)pData.widgetId);
 786:Generated_Source\PSoC4/CapSense_Structure.c ****                     #endif /* (CapSense_ENABLE == CapSense_TST_WDGT_CRC_EN) */
 787:Generated_Source\PSoC4/CapSense_Structure.c ****                 }
 788:Generated_Source\PSoC4/CapSense_Structure.c ****             }
 789:Generated_Source\PSoC4/CapSense_Structure.c ****         #endif /* (CapSense_ENABLE == (CapSense_TST_WDGT_CRC_EN || CapSense_TST_GLOBAL_CRC_EN)) */
 790:Generated_Source\PSoC4/CapSense_Structure.c ****     }
 791:Generated_Source\PSoC4/CapSense_Structure.c ****     
 792:Generated_Source\PSoC4/CapSense_Structure.c ****     return result;
 793:Generated_Source\PSoC4/CapSense_Structure.c **** }
 380              		.loc 1 793 0
 381 004c 2000     		movs	r0, r4
 382 004e 03B0     		add	sp, sp, #12
 383              		@ sp needed
 384              	.LVL35:
 385 0050 30BD     		pop	{r4, r5, pc}
 386              	.L36:
 387 0052 C046     		.align	2
 388              	.L35:
 389 0054 00000000 		.word	CapSense_dsRam
 390              		.cfi_endproc
 391              	.LFE5:
 392              		.size	CapSense_SetParam, .-CapSense_SetParam
ARM GAS  C:\Users\Lenovo\AppData\Local\Temp\ccj7Szb4.s 			page 22


 393              		.section	.text.CapSense_IsAnyWidgetActive,"ax",%progbits
 394              		.align	2
 395              		.global	CapSense_IsAnyWidgetActive
 396              		.code	16
 397              		.thumb_func
 398              		.type	CapSense_IsAnyWidgetActive, %function
 399              	CapSense_IsAnyWidgetActive:
 400              	.LFB6:
 794:Generated_Source\PSoC4/CapSense_Structure.c **** 
 795:Generated_Source\PSoC4/CapSense_Structure.c **** /*******************************************************************************
 796:Generated_Source\PSoC4/CapSense_Structure.c **** * Function Name: CapSense_IsAnyWidgetActive
 797:Generated_Source\PSoC4/CapSense_Structure.c **** ****************************************************************************//**
 798:Generated_Source\PSoC4/CapSense_Structure.c **** *
 799:Generated_Source\PSoC4/CapSense_Structure.c **** * \brief
 800:Generated_Source\PSoC4/CapSense_Structure.c **** *  Reports if any widget has detected a touch.
 801:Generated_Source\PSoC4/CapSense_Structure.c **** *
 802:Generated_Source\PSoC4/CapSense_Structure.c **** * \details
 803:Generated_Source\PSoC4/CapSense_Structure.c **** *  This function reports if any widget has detected a touch or not by extracting 
 804:Generated_Source\PSoC4/CapSense_Structure.c **** *  the information from the wdgtStatus registers 
 805:Generated_Source\PSoC4/CapSense_Structure.c **** *  (CapSense_WDGT_STATUS<X>_VALUE). This function does not process any 
 806:Generated_Source\PSoC4/CapSense_Structure.c **** *  widget but extracts the processed results from the \ref group_structures.
 807:Generated_Source\PSoC4/CapSense_Structure.c **** *
 808:Generated_Source\PSoC4/CapSense_Structure.c **** * \return 
 809:Generated_Source\PSoC4/CapSense_Structure.c **** *   Returns the touch detection status of all widgets:
 810:Generated_Source\PSoC4/CapSense_Structure.c **** *     - Zero if no touch is detected in all widgets or sensors.
 811:Generated_Source\PSoC4/CapSense_Structure.c **** *     - Non-zero if at least one widget or sensor detected a touch.
 812:Generated_Source\PSoC4/CapSense_Structure.c **** *
 813:Generated_Source\PSoC4/CapSense_Structure.c **** *******************************************************************************/
 814:Generated_Source\PSoC4/CapSense_Structure.c **** uint32 CapSense_IsAnyWidgetActive(void)
 815:Generated_Source\PSoC4/CapSense_Structure.c **** {
 401              		.loc 1 815 0
 402              		.cfi_startproc
 403              		@ args = 0, pretend = 0, frame = 0
 404              		@ frame_needed = 0, uses_anonymous_args = 0
 405              		@ link register save eliminated.
 406              	.LVL36:
 816:Generated_Source\PSoC4/CapSense_Structure.c ****     uint32 result = 0Lu;
 817:Generated_Source\PSoC4/CapSense_Structure.c ****     uint32 wdWord;
 818:Generated_Source\PSoC4/CapSense_Structure.c ****     
 819:Generated_Source\PSoC4/CapSense_Structure.c ****     for (wdWord = CapSense_WDGT_STATUS_WORDS; wdWord-- > 0u;)
 407              		.loc 1 819 0
 408 0000 0123     		movs	r3, #1
 816:Generated_Source\PSoC4/CapSense_Structure.c ****     uint32 result = 0Lu;
 409              		.loc 1 816 0
 410 0002 0020     		movs	r0, #0
 411              		.loc 1 819 0
 412 0004 05E0     		b	.L38
 413              	.LVL37:
 414              	.L39:
 820:Generated_Source\PSoC4/CapSense_Structure.c ****     {
 821:Generated_Source\PSoC4/CapSense_Structure.c ****         result |= CapSense_dsRam.wdgtStatus[wdWord];
 415              		.loc 1 821 0
 416 0006 131D     		adds	r3, r2, #4
 417 0008 9B00     		lsls	r3, r3, #2
 418 000a 0449     		ldr	r1, .L40
 419 000c 5B58     		ldr	r3, [r3, r1]
 420 000e 1843     		orrs	r0, r3
ARM GAS  C:\Users\Lenovo\AppData\Local\Temp\ccj7Szb4.s 			page 23


 421              	.LVL38:
 819:Generated_Source\PSoC4/CapSense_Structure.c ****     {
 422              		.loc 1 819 0
 423 0010 1300     		movs	r3, r2
 424              	.LVL39:
 425              	.L38:
 819:Generated_Source\PSoC4/CapSense_Structure.c ****     {
 426              		.loc 1 819 0 is_stmt 0 discriminator 1
 427 0012 5A1E     		subs	r2, r3, #1
 428              	.LVL40:
 429 0014 002B     		cmp	r3, #0
 430 0016 F6D1     		bne	.L39
 822:Generated_Source\PSoC4/CapSense_Structure.c ****     }
 823:Generated_Source\PSoC4/CapSense_Structure.c ****     
 824:Generated_Source\PSoC4/CapSense_Structure.c ****     return result;
 825:Generated_Source\PSoC4/CapSense_Structure.c **** }
 431              		.loc 1 825 0 is_stmt 1
 432              		@ sp needed
 433 0018 7047     		bx	lr
 434              	.L41:
 435 001a C046     		.align	2
 436              	.L40:
 437 001c 00000000 		.word	CapSense_dsRam
 438              		.cfi_endproc
 439              	.LFE6:
 440              		.size	CapSense_IsAnyWidgetActive, .-CapSense_IsAnyWidgetActive
 441              		.section	.text.CapSense_IsWidgetActive,"ax",%progbits
 442              		.align	2
 443              		.global	CapSense_IsWidgetActive
 444              		.code	16
 445              		.thumb_func
 446              		.type	CapSense_IsWidgetActive, %function
 447              	CapSense_IsWidgetActive:
 448              	.LFB7:
 826:Generated_Source\PSoC4/CapSense_Structure.c **** 
 827:Generated_Source\PSoC4/CapSense_Structure.c **** 
 828:Generated_Source\PSoC4/CapSense_Structure.c **** /*******************************************************************************
 829:Generated_Source\PSoC4/CapSense_Structure.c **** * Function Name: CapSense_IsWidgetActive
 830:Generated_Source\PSoC4/CapSense_Structure.c **** ****************************************************************************//**
 831:Generated_Source\PSoC4/CapSense_Structure.c **** *
 832:Generated_Source\PSoC4/CapSense_Structure.c **** * \brief
 833:Generated_Source\PSoC4/CapSense_Structure.c **** *  Reports if the specified widget detects a touch on any of its sensors.
 834:Generated_Source\PSoC4/CapSense_Structure.c **** *
 835:Generated_Source\PSoC4/CapSense_Structure.c **** * \details
 836:Generated_Source\PSoC4/CapSense_Structure.c **** *  This function reports if the specified widget has detected a touch or not by 
 837:Generated_Source\PSoC4/CapSense_Structure.c **** *  extracting the information from the wdgtStatus registers 
 838:Generated_Source\PSoC4/CapSense_Structure.c **** *  (CapSense_WDGT_STATUS<X>_VALUE). This function does not process the 
 839:Generated_Source\PSoC4/CapSense_Structure.c **** *  widget, but extracts the processed results from the \ref group_structures.
 840:Generated_Source\PSoC4/CapSense_Structure.c **** *
 841:Generated_Source\PSoC4/CapSense_Structure.c **** * \param widgetId  
 842:Generated_Source\PSoC4/CapSense_Structure.c **** *  Specify the ID number of the widget to get its status.
 843:Generated_Source\PSoC4/CapSense_Structure.c **** *  A macro for the widget ID can be found in the CapSense Configuration header 
 844:Generated_Source\PSoC4/CapSense_Structure.c **** *  file defined as CapSense_<WidgetName>_WDGT_ID.
 845:Generated_Source\PSoC4/CapSense_Structure.c **** *
 846:Generated_Source\PSoC4/CapSense_Structure.c **** * \return 
 847:Generated_Source\PSoC4/CapSense_Structure.c **** *  Returns the touch detection status of the specified widgets:
 848:Generated_Source\PSoC4/CapSense_Structure.c **** *    - Zero if no touch is detected in the specified widget or a wrong widgetId
ARM GAS  C:\Users\Lenovo\AppData\Local\Temp\ccj7Szb4.s 			page 24


 849:Generated_Source\PSoC4/CapSense_Structure.c **** *      is specified
 850:Generated_Source\PSoC4/CapSense_Structure.c **** *    - Non-zero if at least one sensor of the specified widget is active i.e. 
 851:Generated_Source\PSoC4/CapSense_Structure.c **** *      touch is detected
 852:Generated_Source\PSoC4/CapSense_Structure.c **** *
 853:Generated_Source\PSoC4/CapSense_Structure.c **** *******************************************************************************/
 854:Generated_Source\PSoC4/CapSense_Structure.c **** uint32 CapSense_IsWidgetActive(uint32 widgetId)
 855:Generated_Source\PSoC4/CapSense_Structure.c **** {
 449              		.loc 1 855 0
 450              		.cfi_startproc
 451              		@ args = 0, pretend = 0, frame = 0
 452              		@ frame_needed = 0, uses_anonymous_args = 0
 453              		@ link register save eliminated.
 454              	.LVL41:
 856:Generated_Source\PSoC4/CapSense_Structure.c ****     uint32 result = 0Lu;
 857:Generated_Source\PSoC4/CapSense_Structure.c ****    
 858:Generated_Source\PSoC4/CapSense_Structure.c ****     if (widgetId < CapSense_TOTAL_WIDGETS)
 455              		.loc 1 858 0
 456 0000 0028     		cmp	r0, #0
 457 0002 0AD1     		bne	.L44
 859:Generated_Source\PSoC4/CapSense_Structure.c ****     {
 860:Generated_Source\PSoC4/CapSense_Structure.c ****         result = CapSense_GET_WIDGET_ACTIVE_STATUS(widgetId);
 458              		.loc 1 860 0
 459 0004 1F23     		movs	r3, #31
 460 0006 0340     		ands	r3, r0
 461 0008 0122     		movs	r2, #1
 462 000a 9A40     		lsls	r2, r2, r3
 463 000c 4009     		lsrs	r0, r0, #5
 464              	.LVL42:
 465 000e 031D     		adds	r3, r0, #4
 466 0010 9B00     		lsls	r3, r3, #2
 467 0012 0349     		ldr	r1, .L45
 468 0014 5858     		ldr	r0, [r3, r1]
 469 0016 1040     		ands	r0, r2
 470              	.LVL43:
 471 0018 00E0     		b	.L43
 472              	.LVL44:
 473              	.L44:
 856:Generated_Source\PSoC4/CapSense_Structure.c ****     uint32 result = 0Lu;
 474              		.loc 1 856 0
 475 001a 0020     		movs	r0, #0
 476              	.LVL45:
 477              	.L43:
 861:Generated_Source\PSoC4/CapSense_Structure.c ****     }
 862:Generated_Source\PSoC4/CapSense_Structure.c ****     return result;
 863:Generated_Source\PSoC4/CapSense_Structure.c **** }
 478              		.loc 1 863 0
 479              		@ sp needed
 480 001c 7047     		bx	lr
 481              	.L46:
 482 001e C046     		.align	2
 483              	.L45:
 484 0020 00000000 		.word	CapSense_dsRam
 485              		.cfi_endproc
 486              	.LFE7:
 487              		.size	CapSense_IsWidgetActive, .-CapSense_IsWidgetActive
 488              		.section	.text.CapSense_IsSensorActive,"ax",%progbits
 489              		.align	2
ARM GAS  C:\Users\Lenovo\AppData\Local\Temp\ccj7Szb4.s 			page 25


 490              		.global	CapSense_IsSensorActive
 491              		.code	16
 492              		.thumb_func
 493              		.type	CapSense_IsSensorActive, %function
 494              	CapSense_IsSensorActive:
 495              	.LFB8:
 864:Generated_Source\PSoC4/CapSense_Structure.c **** 
 865:Generated_Source\PSoC4/CapSense_Structure.c **** 
 866:Generated_Source\PSoC4/CapSense_Structure.c **** /*******************************************************************************
 867:Generated_Source\PSoC4/CapSense_Structure.c **** * Function Name: CapSense_IsSensorActive
 868:Generated_Source\PSoC4/CapSense_Structure.c **** ****************************************************************************//**
 869:Generated_Source\PSoC4/CapSense_Structure.c **** *
 870:Generated_Source\PSoC4/CapSense_Structure.c **** * \brief
 871:Generated_Source\PSoC4/CapSense_Structure.c **** *  Reports if the specified sensor in the widget detects a touch.
 872:Generated_Source\PSoC4/CapSense_Structure.c **** *
 873:Generated_Source\PSoC4/CapSense_Structure.c **** * \details 
 874:Generated_Source\PSoC4/CapSense_Structure.c **** *  This function reports if the specified sensor in the widget has detected a 
 875:Generated_Source\PSoC4/CapSense_Structure.c **** *  touch or not by extracting the information from wdgtStatus registers 
 876:Generated_Source\PSoC4/CapSense_Structure.c **** *  (CapSense_WDGT_STATUS<X>_VALUE). This function does not process the
 877:Generated_Source\PSoC4/CapSense_Structure.c **** *  widget or sensor, but extracts the processed results from the \ref group_structures.
 878:Generated_Source\PSoC4/CapSense_Structure.c **** *   
 879:Generated_Source\PSoC4/CapSense_Structure.c **** *  For Proximity sensors this function returns proximity detection status. To 
 880:Generated_Source\PSoC4/CapSense_Structure.c **** *  get finger touch status of proximity sensors, use the 
 881:Generated_Source\PSoC4/CapSense_Structure.c **** *  CapSense_IsProximitySensorActive() function. 
 882:Generated_Source\PSoC4/CapSense_Structure.c **** *
 883:Generated_Source\PSoC4/CapSense_Structure.c **** * \param widgetId  
 884:Generated_Source\PSoC4/CapSense_Structure.c **** *  Specify the ID number of the widget.
 885:Generated_Source\PSoC4/CapSense_Structure.c **** *  A macro for the widget ID can be found in the CapSense Configuration header 
 886:Generated_Source\PSoC4/CapSense_Structure.c **** *  file defined as CapSense_<WidgetName>_WDGT_ID 
 887:Generated_Source\PSoC4/CapSense_Structure.c **** 
 888:Generated_Source\PSoC4/CapSense_Structure.c **** * \param sensorId  
 889:Generated_Source\PSoC4/CapSense_Structure.c **** *  Specify the ID number of the sensor within the widget to get its touch 
 890:Generated_Source\PSoC4/CapSense_Structure.c **** *  detection status.
 891:Generated_Source\PSoC4/CapSense_Structure.c **** *  A macro for the sensor ID within specified widget can be found in the 
 892:Generated_Source\PSoC4/CapSense_Structure.c **** *  CapSense Configuration header file defined as 
 893:Generated_Source\PSoC4/CapSense_Structure.c **** *  CapSense_<WidgetName>_SNS<SensorNumber>_ID 
 894:Generated_Source\PSoC4/CapSense_Structure.c **** *
 895:Generated_Source\PSoC4/CapSense_Structure.c **** * \return 
 896:Generated_Source\PSoC4/CapSense_Structure.c **** *  Returns the touch detection status of the specified sensor / widget:
 897:Generated_Source\PSoC4/CapSense_Structure.c **** *    - Zero if no touch is detected in the specified sensor / widget or a wrong
 898:Generated_Source\PSoC4/CapSense_Structure.c **** *      widget ID / sensor ID is specified
 899:Generated_Source\PSoC4/CapSense_Structure.c **** *    - Non-zero if the specified sensor is active i.e. touch is detected. If the
 900:Generated_Source\PSoC4/CapSense_Structure.c **** *      specific sensor belongs to a proximity widget, the proximity detection 
 901:Generated_Source\PSoC4/CapSense_Structure.c **** *      status is returned.
 902:Generated_Source\PSoC4/CapSense_Structure.c **** *
 903:Generated_Source\PSoC4/CapSense_Structure.c **** *******************************************************************************/
 904:Generated_Source\PSoC4/CapSense_Structure.c **** uint32 CapSense_IsSensorActive(uint32 widgetId, uint32 sensorId)
 905:Generated_Source\PSoC4/CapSense_Structure.c **** {
 496              		.loc 1 905 0
 497              		.cfi_startproc
 498              		@ args = 0, pretend = 0, frame = 0
 499              		@ frame_needed = 0, uses_anonymous_args = 0
 500              		@ link register save eliminated.
 501              	.LVL46:
 906:Generated_Source\PSoC4/CapSense_Structure.c ****     uint32 result = 0Lu;
 907:Generated_Source\PSoC4/CapSense_Structure.c ****     
 908:Generated_Source\PSoC4/CapSense_Structure.c ****     if ((widgetId < CapSense_TOTAL_WIDGETS) &&
ARM GAS  C:\Users\Lenovo\AppData\Local\Temp\ccj7Szb4.s 			page 26


 502              		.loc 1 908 0
 503 0000 0028     		cmp	r0, #0
 504 0002 0ED1     		bne	.L49
 909:Generated_Source\PSoC4/CapSense_Structure.c ****         (sensorId < CapSense_GET_SENSOR_COUNT(widgetId)))
 505              		.loc 1 909 0 discriminator 1
 506 0004 C200     		lsls	r2, r0, #3
 507 0006 1218     		adds	r2, r2, r0
 508 0008 9300     		lsls	r3, r2, #2
 509 000a 084A     		ldr	r2, .L51
 510 000c D318     		adds	r3, r2, r3
 511 000e DB8C     		ldrh	r3, [r3, #38]
 908:Generated_Source\PSoC4/CapSense_Structure.c ****         (sensorId < CapSense_GET_SENSOR_COUNT(widgetId)))
 512              		.loc 1 908 0 discriminator 1
 513 0010 8B42     		cmp	r3, r1
 514 0012 08D9     		bls	.L50
 910:Generated_Source\PSoC4/CapSense_Structure.c ****     {
 911:Generated_Source\PSoC4/CapSense_Structure.c ****         #if (CapSense_ENABLE == CapSense_PROXIMITY_WIDGET_EN)
 912:Generated_Source\PSoC4/CapSense_Structure.c ****             if (CapSense_WD_PROXIMITY_E == 
 913:Generated_Source\PSoC4/CapSense_Structure.c **** 				(CapSense_WD_TYPE_ENUM)CapSense_dsFlash.wdgtArray[widgetId].wdgtType)
 914:Generated_Source\PSoC4/CapSense_Structure.c ****             {
 915:Generated_Source\PSoC4/CapSense_Structure.c ****                 sensorId = CapSense_PROX_STS_OFFSET(sensorId);
 916:Generated_Source\PSoC4/CapSense_Structure.c ****             }
 917:Generated_Source\PSoC4/CapSense_Structure.c ****         #endif /* (CapSense_ENABLE != CapSense_PROXIMITY_WIDGET_EN) */
 918:Generated_Source\PSoC4/CapSense_Structure.c ****         result = CapSense_dsRam.snsStatus[widgetId] & (1Lu << sensorId);
 515              		.loc 1 918 0
 516 0014 064B     		ldr	r3, .L51+4
 517 0016 1818     		adds	r0, r3, r0
 518              	.LVL47:
 519 0018 037D     		ldrb	r3, [r0, #20]
 520 001a 0120     		movs	r0, #1
 521 001c 8840     		lsls	r0, r0, r1
 522 001e 1840     		ands	r0, r3
 523              	.LVL48:
 524 0020 02E0     		b	.L48
 525              	.LVL49:
 526              	.L49:
 906:Generated_Source\PSoC4/CapSense_Structure.c ****     
 527              		.loc 1 906 0
 528 0022 0020     		movs	r0, #0
 529              	.LVL50:
 530 0024 00E0     		b	.L48
 531              	.LVL51:
 532              	.L50:
 533 0026 0020     		movs	r0, #0
 534              	.LVL52:
 535              	.L48:
 919:Generated_Source\PSoC4/CapSense_Structure.c ****     }
 920:Generated_Source\PSoC4/CapSense_Structure.c ****     
 921:Generated_Source\PSoC4/CapSense_Structure.c ****     return result;
 922:Generated_Source\PSoC4/CapSense_Structure.c **** }
 536              		.loc 1 922 0
 537              		@ sp needed
 538 0028 7047     		bx	lr
 539              	.L52:
 540 002a C046     		.align	2
 541              	.L51:
 542 002c 00000000 		.word	.LANCHOR0
ARM GAS  C:\Users\Lenovo\AppData\Local\Temp\ccj7Szb4.s 			page 27


 543 0030 00000000 		.word	CapSense_dsRam
 544              		.cfi_endproc
 545              	.LFE8:
 546              		.size	CapSense_IsSensorActive, .-CapSense_IsSensorActive
 547              		.section	.text.CapSense_GetCentroidPos,"ax",%progbits
 548              		.align	2
 549              		.global	CapSense_GetCentroidPos
 550              		.code	16
 551              		.thumb_func
 552              		.type	CapSense_GetCentroidPos, %function
 553              	CapSense_GetCentroidPos:
 554              	.LFB9:
 923:Generated_Source\PSoC4/CapSense_Structure.c **** 
 924:Generated_Source\PSoC4/CapSense_Structure.c **** #if (0u != CapSense_MATRIX_WIDGET_EN)
 925:Generated_Source\PSoC4/CapSense_Structure.c **** /*******************************************************************************
 926:Generated_Source\PSoC4/CapSense_Structure.c **** * Function Name: CapSense_IsMatrixButtonsActive
 927:Generated_Source\PSoC4/CapSense_Structure.c **** ****************************************************************************//**
 928:Generated_Source\PSoC4/CapSense_Structure.c **** *
 929:Generated_Source\PSoC4/CapSense_Structure.c **** * \brief
 930:Generated_Source\PSoC4/CapSense_Structure.c **** *  Reports the status of the specified matrix button widget.
 931:Generated_Source\PSoC4/CapSense_Structure.c **** *
 932:Generated_Source\PSoC4/CapSense_Structure.c **** * \details 
 933:Generated_Source\PSoC4/CapSense_Structure.c **** *  This function reports if the specified matrix widget has detected a touch or
 934:Generated_Source\PSoC4/CapSense_Structure.c **** *  not by extracting the information from the wdgtStatus registers 
 935:Generated_Source\PSoC4/CapSense_Structure.c **** *  (CapSense_WDGT_STATUS<X>_VALUE for the CSD widgets and 
 936:Generated_Source\PSoC4/CapSense_Structure.c **** *  CapSense_SNS_STATUS<WidgetId>_VALUE for CSX widget). In addition, the
 937:Generated_Source\PSoC4/CapSense_Structure.c **** *  function provides details of the active sensor including active rows/columns 
 938:Generated_Source\PSoC4/CapSense_Structure.c **** *  for the CSD widgets. This function should be used only with the matrix button
 939:Generated_Source\PSoC4/CapSense_Structure.c **** *  widgets. This function does not process the widget, but extracts the 
 940:Generated_Source\PSoC4/CapSense_Structure.c **** *  processed results from the \ref group_structures.
 941:Generated_Source\PSoC4/CapSense_Structure.c **** *
 942:Generated_Source\PSoC4/CapSense_Structure.c **** * \param widgetId 
 943:Generated_Source\PSoC4/CapSense_Structure.c **** *  Specify the ID number of the matrix button widget to check status of its 
 944:Generated_Source\PSoC4/CapSense_Structure.c **** *  sensors. 
 945:Generated_Source\PSoC4/CapSense_Structure.c **** *  A macro for widget ID can be found in the CapSense Configuration header file 
 946:Generated_Source\PSoC4/CapSense_Structure.c **** *  defined as CapSense_<WidgetName>_WDGT_ID
 947:Generated_Source\PSoC4/CapSense_Structure.c **** *
 948:Generated_Source\PSoC4/CapSense_Structure.c **** * \return 
 949:Generated_Source\PSoC4/CapSense_Structure.c **** *  Returns the touch detection status of sensors in the specified matrix 
 950:Generated_Source\PSoC4/CapSense_Structure.c **** *  buttons widget. Zero indicates that no touch is detected in the specified 
 951:Generated_Source\PSoC4/CapSense_Structure.c **** *  widget or a wrong widgetId is specified.
 952:Generated_Source\PSoC4/CapSense_Structure.c **** *    1. For the matrix buttons widgets with the CSD sensing mode:
 953:Generated_Source\PSoC4/CapSense_Structure.c **** *      - Bit [31] if set, indicates that one or more sensors in the widget 
 954:Generated_Source\PSoC4/CapSense_Structure.c **** *        detected a touch.
 955:Generated_Source\PSoC4/CapSense_Structure.c **** *      - Bits [30..24] is reserved
 956:Generated_Source\PSoC4/CapSense_Structure.c **** *      - Bits [23..16] indicates the logical sensor number of the sensor that 
 957:Generated_Source\PSoC4/CapSense_Structure.c **** *        detected a touch. If more than one sensor detected a touch for the CSD
 958:Generated_Source\PSoC4/CapSense_Structure.c **** *        widget, no status is reported as more than one touch is invalid for the
 959:Generated_Source\PSoC4/CapSense_Structure.c **** *        CSD matrix buttons widgets.
 960:Generated_Source\PSoC4/CapSense_Structure.c **** *      - Bits [15..8] indicates the active row number.
 961:Generated_Source\PSoC4/CapSense_Structure.c **** *      - Bits [7..0] indicates the active column number.
 962:Generated_Source\PSoC4/CapSense_Structure.c **** *    2. For the matrix buttons widgets with the CSX widgets, each bit (31..0)
 963:Generated_Source\PSoC4/CapSense_Structure.c **** *      corresponds to the TX/RX intersection.
 964:Generated_Source\PSoC4/CapSense_Structure.c **** *
 965:Generated_Source\PSoC4/CapSense_Structure.c **** *******************************************************************************/
 966:Generated_Source\PSoC4/CapSense_Structure.c **** uint32 CapSense_IsMatrixButtonsActive(uint32 widgetId)
 967:Generated_Source\PSoC4/CapSense_Structure.c **** {
ARM GAS  C:\Users\Lenovo\AppData\Local\Temp\ccj7Szb4.s 			page 28


 968:Generated_Source\PSoC4/CapSense_Structure.c ****     uint32 result = 0Lu;
 969:Generated_Source\PSoC4/CapSense_Structure.c ****     cystatus state = CYRET_SUCCESS;
 970:Generated_Source\PSoC4/CapSense_Structure.c ****     CapSense_FLASH_WD_STRUCT const *ptrFlashWdgt = 0u;
 971:Generated_Source\PSoC4/CapSense_Structure.c ****     
 972:Generated_Source\PSoC4/CapSense_Structure.c ****     #if (0u != CapSense_CSD_MATRIX_WIDGET_EN)
 973:Generated_Source\PSoC4/CapSense_Structure.c ****         CapSense_RAM_WD_CSD_MATRIX_STRUCT *wdCsdMatrix;
 974:Generated_Source\PSoC4/CapSense_Structure.c ****     #endif
 975:Generated_Source\PSoC4/CapSense_Structure.c ****   
 976:Generated_Source\PSoC4/CapSense_Structure.c ****     if (widgetId >= CapSense_TOTAL_WIDGETS)
 977:Generated_Source\PSoC4/CapSense_Structure.c ****     {
 978:Generated_Source\PSoC4/CapSense_Structure.c ****         state = CYRET_BAD_PARAM;
 979:Generated_Source\PSoC4/CapSense_Structure.c ****     }
 980:Generated_Source\PSoC4/CapSense_Structure.c ****     else
 981:Generated_Source\PSoC4/CapSense_Structure.c ****     {
 982:Generated_Source\PSoC4/CapSense_Structure.c ****         ptrFlashWdgt = &CapSense_dsFlash.wdgtArray[widgetId];
 983:Generated_Source\PSoC4/CapSense_Structure.c ****         
 984:Generated_Source\PSoC4/CapSense_Structure.c ****         if ((CapSense_WD_TYPE_ENUM)ptrFlashWdgt->wdgtType != CapSense_WD_MATRIX_BUTTON_E)
 985:Generated_Source\PSoC4/CapSense_Structure.c ****         {
 986:Generated_Source\PSoC4/CapSense_Structure.c ****             state = CYRET_BAD_PARAM;
 987:Generated_Source\PSoC4/CapSense_Structure.c ****         }
 988:Generated_Source\PSoC4/CapSense_Structure.c ****         else if (0u == CapSense_GET_WIDGET_ACTIVE_STATUS(widgetId))
 989:Generated_Source\PSoC4/CapSense_Structure.c ****         {
 990:Generated_Source\PSoC4/CapSense_Structure.c ****             state = CYRET_BAD_PARAM;
 991:Generated_Source\PSoC4/CapSense_Structure.c ****         }
 992:Generated_Source\PSoC4/CapSense_Structure.c ****         else
 993:Generated_Source\PSoC4/CapSense_Structure.c ****         {
 994:Generated_Source\PSoC4/CapSense_Structure.c ****             /* input parameters are OK */
 995:Generated_Source\PSoC4/CapSense_Structure.c ****         }
 996:Generated_Source\PSoC4/CapSense_Structure.c ****     }
 997:Generated_Source\PSoC4/CapSense_Structure.c ****        
 998:Generated_Source\PSoC4/CapSense_Structure.c ****     if (CYRET_SUCCESS == state)
 999:Generated_Source\PSoC4/CapSense_Structure.c ****     {
1000:Generated_Source\PSoC4/CapSense_Structure.c ****         switch(CapSense_GET_SENSE_METHOD(ptrFlashWdgt))
1001:Generated_Source\PSoC4/CapSense_Structure.c ****         {
1002:Generated_Source\PSoC4/CapSense_Structure.c ****         #if (0u != CapSense_CSD_MATRIX_WIDGET_EN)
1003:Generated_Source\PSoC4/CapSense_Structure.c ****             case CapSense_SENSE_METHOD_CSD_E:
1004:Generated_Source\PSoC4/CapSense_Structure.c ****                 wdCsdMatrix = ptrFlashWdgt->ptr2WdgtRam;
1005:Generated_Source\PSoC4/CapSense_Structure.c ****                 
1006:Generated_Source\PSoC4/CapSense_Structure.c ****                 result = CapSense_MATRIX_BUTTONS_TOUCHED | 
1007:Generated_Source\PSoC4/CapSense_Structure.c ****                          ((uint32)wdCsdMatrix->posSnsId << 16u)  |
1008:Generated_Source\PSoC4/CapSense_Structure.c ****                          ((uint32)wdCsdMatrix->posRow   << 8u)   |
1009:Generated_Source\PSoC4/CapSense_Structure.c ****                          (uint32)wdCsdMatrix->posCol;
1010:Generated_Source\PSoC4/CapSense_Structure.c ****                 break;
1011:Generated_Source\PSoC4/CapSense_Structure.c ****         #endif /* #if (0u != CapSense_CSD_MATRIX_WIDGET_EN) */
1012:Generated_Source\PSoC4/CapSense_Structure.c ****         
1013:Generated_Source\PSoC4/CapSense_Structure.c ****         #if (0u != CapSense_CSX_MATRIX_WIDGET_EN)
1014:Generated_Source\PSoC4/CapSense_Structure.c ****             case CapSense_SENSE_METHOD_CSX_E:
1015:Generated_Source\PSoC4/CapSense_Structure.c ****                 result = CapSense_dsRam.snsStatus[widgetId];
1016:Generated_Source\PSoC4/CapSense_Structure.c ****                 break;
1017:Generated_Source\PSoC4/CapSense_Structure.c ****         #endif /* #if (0u != CapSense_CSX_MATRIX_WIDGET_EN) */
1018:Generated_Source\PSoC4/CapSense_Structure.c ****         
1019:Generated_Source\PSoC4/CapSense_Structure.c ****         default:
1020:Generated_Source\PSoC4/CapSense_Structure.c ****             CYASSERT(0u);
1021:Generated_Source\PSoC4/CapSense_Structure.c ****             break;
1022:Generated_Source\PSoC4/CapSense_Structure.c ****         }
1023:Generated_Source\PSoC4/CapSense_Structure.c ****     }
1024:Generated_Source\PSoC4/CapSense_Structure.c ****     
ARM GAS  C:\Users\Lenovo\AppData\Local\Temp\ccj7Szb4.s 			page 29


1025:Generated_Source\PSoC4/CapSense_Structure.c ****     return result;
1026:Generated_Source\PSoC4/CapSense_Structure.c **** }
1027:Generated_Source\PSoC4/CapSense_Structure.c **** #endif /* #if (0u != CapSense_MATRIX_WIDGET_EN) */
1028:Generated_Source\PSoC4/CapSense_Structure.c **** 
1029:Generated_Source\PSoC4/CapSense_Structure.c **** #if (0u != CapSense_PROXIMITY_WIDGET_EN)
1030:Generated_Source\PSoC4/CapSense_Structure.c **** /*******************************************************************************
1031:Generated_Source\PSoC4/CapSense_Structure.c **** * Function Name: CapSense_IsProximitySensorActive
1032:Generated_Source\PSoC4/CapSense_Structure.c **** ****************************************************************************//**
1033:Generated_Source\PSoC4/CapSense_Structure.c **** *
1034:Generated_Source\PSoC4/CapSense_Structure.c **** * \brief
1035:Generated_Source\PSoC4/CapSense_Structure.c **** *  Reports the finger detection status of the specified proximity widget/sensor.
1036:Generated_Source\PSoC4/CapSense_Structure.c **** *
1037:Generated_Source\PSoC4/CapSense_Structure.c **** * \details 
1038:Generated_Source\PSoC4/CapSense_Structure.c **** *  This function reports if the specified proximity sensor has detected a touch
1039:Generated_Source\PSoC4/CapSense_Structure.c **** *  or not by extracting the information from the wdgtStatus registers 
1040:Generated_Source\PSoC4/CapSense_Structure.c **** *  (CapSense_SNS_STATUS<WidgetId>_VALUE). This function should be used 
1041:Generated_Source\PSoC4/CapSense_Structure.c **** *  only with the proximity sensor widgets. This function does not process the 
1042:Generated_Source\PSoC4/CapSense_Structure.c **** *  widget but extracts the processed results from the \ref group_structures.
1043:Generated_Source\PSoC4/CapSense_Structure.c **** *
1044:Generated_Source\PSoC4/CapSense_Structure.c **** * \param widgetId  
1045:Generated_Source\PSoC4/CapSense_Structure.c **** *  Specify the ID number of the proximity widget.
1046:Generated_Source\PSoC4/CapSense_Structure.c **** *  A macro for the widget ID can be found in the CapSense Configuration header 
1047:Generated_Source\PSoC4/CapSense_Structure.c **** *  file defined as CapSense_<WidgetName>_WDGT_ID
1048:Generated_Source\PSoC4/CapSense_Structure.c **** *  
1049:Generated_Source\PSoC4/CapSense_Structure.c **** * \param proxId    
1050:Generated_Source\PSoC4/CapSense_Structure.c **** *  Specify the ID number of the proximity sensor within the proximity widget to 
1051:Generated_Source\PSoC4/CapSense_Structure.c **** *  get its touch detection status.
1052:Generated_Source\PSoC4/CapSense_Structure.c **** *  A macro for the proximity ID within a specified widget can be found in the
1053:Generated_Source\PSoC4/CapSense_Structure.c **** *  CapSense Configuration header file defined as 
1054:Generated_Source\PSoC4/CapSense_Structure.c **** *  CapSense_<WidgetName>_SNS<SensorNumber>_ID
1055:Generated_Source\PSoC4/CapSense_Structure.c **** *
1056:Generated_Source\PSoC4/CapSense_Structure.c **** * \return 
1057:Generated_Source\PSoC4/CapSense_Structure.c **** *  Returns the status of the specified sensor of proximity widget. Zero 
1058:Generated_Source\PSoC4/CapSense_Structure.c **** *  indicates that no touch is detected in the specified sensor / widget or a 
1059:Generated_Source\PSoC4/CapSense_Structure.c **** *  wrong widgetId / proxId is specified.
1060:Generated_Source\PSoC4/CapSense_Structure.c **** *    - Bits [31..2] is reserved.
1061:Generated_Source\PSoC4/CapSense_Structure.c **** *    - Bit [1] indicates that a touch is detected.
1062:Generated_Source\PSoC4/CapSense_Structure.c **** *    - Bit [0] indicates that a proximity is detected.
1063:Generated_Source\PSoC4/CapSense_Structure.c **** *
1064:Generated_Source\PSoC4/CapSense_Structure.c **** *******************************************************************************/
1065:Generated_Source\PSoC4/CapSense_Structure.c **** uint32 CapSense_IsProximitySensorActive(uint32 widgetId, uint32 proxId)
1066:Generated_Source\PSoC4/CapSense_Structure.c **** {
1067:Generated_Source\PSoC4/CapSense_Structure.c ****     uint32 result = 0Lu;
1068:Generated_Source\PSoC4/CapSense_Structure.c ****     
1069:Generated_Source\PSoC4/CapSense_Structure.c ****     if ((widgetId < CapSense_TOTAL_WIDGETS) && (proxId < CapSense_GET_SENSOR_COUNT(widgetId)) &&
1070:Generated_Source\PSoC4/CapSense_Structure.c ****         (CapSense_WD_PROXIMITY_E == 
1071:Generated_Source\PSoC4/CapSense_Structure.c ****             (CapSense_WD_TYPE_ENUM)CapSense_dsFlash.wdgtArray[widgetId].wdgtType))
1072:Generated_Source\PSoC4/CapSense_Structure.c ****     {
1073:Generated_Source\PSoC4/CapSense_Structure.c ****         result = CapSense_dsRam.snsStatus[widgetId];
1074:Generated_Source\PSoC4/CapSense_Structure.c ****         result >>= CapSense_PROX_STS_OFFSET(proxId);
1075:Generated_Source\PSoC4/CapSense_Structure.c ****         result &=  CapSense_PROX_STS_MASK;
1076:Generated_Source\PSoC4/CapSense_Structure.c ****     }
1077:Generated_Source\PSoC4/CapSense_Structure.c ****     
1078:Generated_Source\PSoC4/CapSense_Structure.c ****     return result;
1079:Generated_Source\PSoC4/CapSense_Structure.c **** }
1080:Generated_Source\PSoC4/CapSense_Structure.c **** #endif /* #if (0u != CapSense_PROXIMITY_WIDGET_EN) */
1081:Generated_Source\PSoC4/CapSense_Structure.c **** 
ARM GAS  C:\Users\Lenovo\AppData\Local\Temp\ccj7Szb4.s 			page 30


1082:Generated_Source\PSoC4/CapSense_Structure.c **** 
1083:Generated_Source\PSoC4/CapSense_Structure.c **** #if (0u != CapSense_SLIDER_WIDGET_EN)
1084:Generated_Source\PSoC4/CapSense_Structure.c **** /*******************************************************************************
1085:Generated_Source\PSoC4/CapSense_Structure.c **** * Function Name: CapSense_GetCentroidPos
1086:Generated_Source\PSoC4/CapSense_Structure.c **** ****************************************************************************//**
1087:Generated_Source\PSoC4/CapSense_Structure.c **** *
1088:Generated_Source\PSoC4/CapSense_Structure.c **** * \brief
1089:Generated_Source\PSoC4/CapSense_Structure.c **** *  Reports the centroid position for the specified slider widget.
1090:Generated_Source\PSoC4/CapSense_Structure.c **** *
1091:Generated_Source\PSoC4/CapSense_Structure.c **** * \details 
1092:Generated_Source\PSoC4/CapSense_Structure.c **** *  This function reports the centroid value of a specified radial or linear 
1093:Generated_Source\PSoC4/CapSense_Structure.c **** *  slider widget by extracting the information from the wdgtStatus registers 
1094:Generated_Source\PSoC4/CapSense_Structure.c **** *  (CapSense_<WidgetName>_POSITION<X>_VALUE). This function should be 
1095:Generated_Source\PSoC4/CapSense_Structure.c **** *  used only with the radial or linear slider widgets. This function does not 
1096:Generated_Source\PSoC4/CapSense_Structure.c **** *  process the widget but extracts the processed results from the \ref group_structures.
1097:Generated_Source\PSoC4/CapSense_Structure.c **** *
1098:Generated_Source\PSoC4/CapSense_Structure.c **** * \param widgetId 
1099:Generated_Source\PSoC4/CapSense_Structure.c **** *  Specify the ID number of the slider widget to get the centroid of the 
1100:Generated_Source\PSoC4/CapSense_Structure.c **** *  detected touch.
1101:Generated_Source\PSoC4/CapSense_Structure.c **** *  A macro for the widget ID can be found in the 
1102:Generated_Source\PSoC4/CapSense_Structure.c **** *  CapSense Configuration header file defined as 
1103:Generated_Source\PSoC4/CapSense_Structure.c **** *  CapSense_<WidgetName>_WDGT_ID
1104:Generated_Source\PSoC4/CapSense_Structure.c **** *
1105:Generated_Source\PSoC4/CapSense_Structure.c **** * \return 
1106:Generated_Source\PSoC4/CapSense_Structure.c **** *  Returns the centroid position of a specified slider widget:
1107:Generated_Source\PSoC4/CapSense_Structure.c **** *    - The centroid position if a touch is detected.
1108:Generated_Source\PSoC4/CapSense_Structure.c **** *    - CapSense_SLIDER_NO_TOUCH if no touch is detected or a wrong 
1109:Generated_Source\PSoC4/CapSense_Structure.c **** *      widgetId is specified.
1110:Generated_Source\PSoC4/CapSense_Structure.c **** *
1111:Generated_Source\PSoC4/CapSense_Structure.c **** *******************************************************************************/
1112:Generated_Source\PSoC4/CapSense_Structure.c **** uint32 CapSense_GetCentroidPos(uint32 widgetId)
1113:Generated_Source\PSoC4/CapSense_Structure.c **** {
 555              		.loc 1 1113 0
 556              		.cfi_startproc
 557              		@ args = 0, pretend = 0, frame = 0
 558              		@ frame_needed = 0, uses_anonymous_args = 0
 559              		@ link register save eliminated.
 560              	.LVL53:
1114:Generated_Source\PSoC4/CapSense_Structure.c ****     uint32 result = CapSense_SLIDER_NO_TOUCH;
1115:Generated_Source\PSoC4/CapSense_Structure.c ****     CapSense_RAM_WD_SLIDER_STRUCT *wdSlider;
1116:Generated_Source\PSoC4/CapSense_Structure.c ****     
1117:Generated_Source\PSoC4/CapSense_Structure.c ****     if ((widgetId < CapSense_TOTAL_WIDGETS) && 
 561              		.loc 1 1117 0
 562 0000 0028     		cmp	r0, #0
 563 0002 11D1     		bne	.L55
1118:Generated_Source\PSoC4/CapSense_Structure.c ****         ((CapSense_WD_LINEAR_SLIDER_E == 
1119:Generated_Source\PSoC4/CapSense_Structure.c ****             (CapSense_WD_TYPE_ENUM)CapSense_dsFlash.wdgtArray[widgetId].wdgtType) ||
 564              		.loc 1 1119 0 discriminator 1
 565 0004 C200     		lsls	r2, r0, #3
 566 0006 1218     		adds	r2, r2, r0
 567 0008 9300     		lsls	r3, r2, #2
 568 000a 094A     		ldr	r2, .L57
 569 000c D318     		adds	r3, r2, r3
 570 000e 2833     		adds	r3, r3, #40
 571 0010 1B78     		ldrb	r3, [r3]
 572 0012 023B     		subs	r3, r3, #2
 573 0014 DBB2     		uxtb	r3, r3
ARM GAS  C:\Users\Lenovo\AppData\Local\Temp\ccj7Szb4.s 			page 31


1117:Generated_Source\PSoC4/CapSense_Structure.c ****         ((CapSense_WD_LINEAR_SLIDER_E == 
 574              		.loc 1 1117 0 discriminator 1
 575 0016 012B     		cmp	r3, #1
 576 0018 08D8     		bhi	.L56
1120:Generated_Source\PSoC4/CapSense_Structure.c ****          (CapSense_WD_RADIAL_SLIDER_E == 
1121:Generated_Source\PSoC4/CapSense_Structure.c ****             (CapSense_WD_TYPE_ENUM)CapSense_dsFlash.wdgtArray[widgetId].wdgtType)))
1122:Generated_Source\PSoC4/CapSense_Structure.c ****     {
1123:Generated_Source\PSoC4/CapSense_Structure.c ****         wdSlider = CapSense_dsFlash.wdgtArray[widgetId].ptr2WdgtRam;
 577              		.loc 1 1123 0
 578 001a C300     		lsls	r3, r0, #3
 579 001c 1818     		adds	r0, r3, r0
 580              	.LVL54:
 581 001e 8300     		lsls	r3, r0, #2
 582 0020 D318     		adds	r3, r2, r3
 583 0022 5B69     		ldr	r3, [r3, #20]
 584              	.LVL55:
1124:Generated_Source\PSoC4/CapSense_Structure.c ****         result = (uint32)wdSlider->position[0u];
 585              		.loc 1 1124 0
 586 0024 D889     		ldrh	r0, [r3, #14]
 587              	.LVL56:
 588 0026 02E0     		b	.L54
 589              	.LVL57:
 590              	.L55:
1114:Generated_Source\PSoC4/CapSense_Structure.c ****     CapSense_RAM_WD_SLIDER_STRUCT *wdSlider;
 591              		.loc 1 1114 0
 592 0028 0248     		ldr	r0, .L57+4
 593              	.LVL58:
 594 002a 00E0     		b	.L54
 595              	.LVL59:
 596              	.L56:
 597 002c 0148     		ldr	r0, .L57+4
 598              	.LVL60:
 599              	.L54:
1125:Generated_Source\PSoC4/CapSense_Structure.c ****     }
1126:Generated_Source\PSoC4/CapSense_Structure.c ****     
1127:Generated_Source\PSoC4/CapSense_Structure.c ****     return result;
1128:Generated_Source\PSoC4/CapSense_Structure.c **** }
 600              		.loc 1 1128 0
 601              		@ sp needed
 602 002e 7047     		bx	lr
 603              	.L58:
 604              		.align	2
 605              	.L57:
 606 0030 00000000 		.word	.LANCHOR0
 607 0034 FFFF0000 		.word	65535
 608              		.cfi_endproc
 609              	.LFE9:
 610              		.size	CapSense_GetCentroidPos, .-CapSense_GetCentroidPos
 611              		.global	CapSense_ioList
 612              		.global	CapSense_dsFlash
 613              		.comm	CapSense_dsRam,100,4
 614              		.section	.rodata
 615              		.align	2
 616              		.set	.LANCHOR0,. + 0
 617              		.type	CapSense_ramWidgetInit, %object
 618              		.size	CapSense_ramWidgetInit, 16
 619              	CapSense_ramWidgetInit:
ARM GAS  C:\Users\Lenovo\AppData\Local\Temp\ccj7Szb4.s 			page 32


 620 0000 0C00     		.short	12
 621 0002 2800     		.short	40
 622 0004 0A       		.byte	10
 623 0005 0A       		.byte	10
 624 0006 03       		.byte	3
 625 0007 01       		.byte	1
 626 0008 1E       		.byte	30
 627 0009 20       		.byte	32
 628 000a 0800     		.short	8
 629 000c 00       		.byte	0
 630 000d 00       		.space	1
 631 000e FFFF     		.short	-1
 632              		.type	CapSense_dsFlash, %object
 633              		.size	CapSense_dsFlash, 36
 634              	CapSense_dsFlash:
 635 0010 00000000 		.word	CapSense_ioList
 636 0014 1A000000 		.word	CapSense_dsRam+26
 637 0018 2A000000 		.word	CapSense_dsRam+42
 638 001c 00000000 		.word	0
 639 0020 04000000 		.word	CapSense_debounceLinearSlider0
 640 0024 1100     		.short	17
 641 0026 0500     		.short	5
 642 0028 02       		.byte	2
 643 0029 05       		.byte	5
 644 002a 6400     		.short	100
 645 002c 00190000 		.word	6400
 646 0030 00000000 		.word	CapSense_posHistoryLinearSlider0
 647              		.type	CapSense_ioList, %object
 648              		.size	CapSense_ioList, 140
 649              	CapSense_ioList:
 650 0034 00020240 		.word	1073873408
 651 0038 08020440 		.word	1074004488
 652 003c 00020440 		.word	1074004480
 653 0040 04020440 		.word	1074004484
 654 0044 F0000000 		.word	240
 655 0048 02000000 		.word	2
 656 004c 04       		.byte	4
 657 004d 01       		.byte	1
 658 004e 03       		.byte	3
 659 004f 00       		.space	1
 660 0050 00020240 		.word	1073873408
 661 0054 08020440 		.word	1074004488
 662 0058 00020440 		.word	1074004480
 663 005c 04020440 		.word	1074004484
 664 0060 000F0000 		.word	3840
 665 0064 04000000 		.word	4
 666 0068 08       		.byte	8
 667 0069 02       		.byte	2
 668 006a 06       		.byte	6
 669 006b 00       		.space	1
 670 006c 00020240 		.word	1073873408
 671 0070 08020440 		.word	1074004488
 672 0074 00020440 		.word	1074004480
 673 0078 04020440 		.word	1074004484
 674 007c 00F00000 		.word	61440
 675 0080 08000000 		.word	8
 676 0084 0C       		.byte	12
ARM GAS  C:\Users\Lenovo\AppData\Local\Temp\ccj7Szb4.s 			page 33


 677 0085 03       		.byte	3
 678 0086 09       		.byte	9
 679 0087 00       		.space	1
 680 0088 00020240 		.word	1073873408
 681 008c 08020440 		.word	1074004488
 682 0090 00020440 		.word	1074004480
 683 0094 04020440 		.word	1074004484
 684 0098 00000F00 		.word	983040
 685 009c 10000000 		.word	16
 686 00a0 10       		.byte	16
 687 00a1 04       		.byte	4
 688 00a2 0C       		.byte	12
 689 00a3 00       		.space	1
 690 00a4 00020240 		.word	1073873408
 691 00a8 08020440 		.word	1074004488
 692 00ac 00020440 		.word	1074004480
 693 00b0 04020440 		.word	1074004484
 694 00b4 0000F000 		.word	15728640
 695 00b8 20000000 		.word	32
 696 00bc 14       		.byte	20
 697 00bd 05       		.byte	5
 698 00be 0F       		.byte	15
 699 00bf 00       		.space	1
 700              		.bss
 701              		.align	2
 702              		.type	CapSense_posHistoryLinearSlider0, %object
 703              		.size	CapSense_posHistoryLinearSlider0, 4
 704              	CapSense_posHistoryLinearSlider0:
 705 0000 00000000 		.space	4
 706              		.type	CapSense_debounceLinearSlider0, %object
 707              		.size	CapSense_debounceLinearSlider0, 1
 708              	CapSense_debounceLinearSlider0:
 709 0004 00       		.space	1
 710              		.text
 711              	.Letext0:
 712              		.file 2 "Generated_Source\\PSoC4/cytypes.h"
 713              		.file 3 "Generated_Source\\PSoC4\\CapSense_Configuration.h"
 714              		.file 4 "Generated_Source\\PSoC4\\CapSense_Structure.h"
 715              		.file 5 "Generated_Source\\PSoC4\\CyLib.h"
 716              		.section	.debug_info,"",%progbits
 717              	.Ldebug_info0:
 718 0000 0C0A0000 		.4byte	0xa0c
 719 0004 0400     		.2byte	0x4
 720 0006 00000000 		.4byte	.Ldebug_abbrev0
 721 000a 04       		.byte	0x4
 722 000b 01       		.uleb128 0x1
 723 000c 74000000 		.4byte	.LASF124
 724 0010 0C       		.byte	0xc
 725 0011 5C060000 		.4byte	.LASF125
 726 0015 57040000 		.4byte	.LASF126
 727 0019 00000000 		.4byte	.Ldebug_ranges0+0
 728 001d 00000000 		.4byte	0
 729 0021 00000000 		.4byte	.Ldebug_line0
 730 0025 02       		.uleb128 0x2
 731 0026 01       		.byte	0x1
 732 0027 06       		.byte	0x6
 733 0028 E9010000 		.4byte	.LASF0
ARM GAS  C:\Users\Lenovo\AppData\Local\Temp\ccj7Szb4.s 			page 34


 734 002c 02       		.uleb128 0x2
 735 002d 01       		.byte	0x1
 736 002e 08       		.byte	0x8
 737 002f 8C050000 		.4byte	.LASF1
 738 0033 02       		.uleb128 0x2
 739 0034 02       		.byte	0x2
 740 0035 05       		.byte	0x5
 741 0036 9A050000 		.4byte	.LASF2
 742 003a 02       		.uleb128 0x2
 743 003b 02       		.byte	0x2
 744 003c 07       		.byte	0x7
 745 003d 5D030000 		.4byte	.LASF3
 746 0041 02       		.uleb128 0x2
 747 0042 04       		.byte	0x4
 748 0043 05       		.byte	0x5
 749 0044 0C020000 		.4byte	.LASF4
 750 0048 02       		.uleb128 0x2
 751 0049 04       		.byte	0x4
 752 004a 07       		.byte	0x7
 753 004b FE020000 		.4byte	.LASF5
 754 004f 02       		.uleb128 0x2
 755 0050 08       		.byte	0x8
 756 0051 05       		.byte	0x5
 757 0052 DB010000 		.4byte	.LASF6
 758 0056 02       		.uleb128 0x2
 759 0057 08       		.byte	0x8
 760 0058 07       		.byte	0x7
 761 0059 39010000 		.4byte	.LASF7
 762 005d 03       		.uleb128 0x3
 763 005e 04       		.byte	0x4
 764 005f 05       		.byte	0x5
 765 0060 696E7400 		.ascii	"int\000"
 766 0064 02       		.uleb128 0x2
 767 0065 04       		.byte	0x4
 768 0066 07       		.byte	0x7
 769 0067 D8020000 		.4byte	.LASF8
 770 006b 04       		.uleb128 0x4
 771 006c 37020000 		.4byte	.LASF9
 772 0070 02       		.byte	0x2
 773 0071 D201     		.2byte	0x1d2
 774 0073 2C000000 		.4byte	0x2c
 775 0077 04       		.uleb128 0x4
 776 0078 00000000 		.4byte	.LASF10
 777 007c 02       		.byte	0x2
 778 007d D301     		.2byte	0x1d3
 779 007f 3A000000 		.4byte	0x3a
 780 0083 04       		.uleb128 0x4
 781 0084 77020000 		.4byte	.LASF11
 782 0088 02       		.byte	0x2
 783 0089 D401     		.2byte	0x1d4
 784 008b 48000000 		.4byte	0x48
 785 008f 02       		.uleb128 0x2
 786 0090 04       		.byte	0x4
 787 0091 04       		.byte	0x4
 788 0092 04050000 		.4byte	.LASF12
 789 0096 02       		.uleb128 0x2
 790 0097 08       		.byte	0x8
ARM GAS  C:\Users\Lenovo\AppData\Local\Temp\ccj7Szb4.s 			page 35


 791 0098 04       		.byte	0x4
 792 0099 49020000 		.4byte	.LASF13
 793 009d 02       		.uleb128 0x2
 794 009e 01       		.byte	0x1
 795 009f 08       		.byte	0x8
 796 00a0 0A060000 		.4byte	.LASF14
 797 00a4 04       		.uleb128 0x4
 798 00a5 65070000 		.4byte	.LASF15
 799 00a9 02       		.byte	0x2
 800 00aa 7402     		.2byte	0x274
 801 00ac 48000000 		.4byte	0x48
 802 00b0 05       		.uleb128 0x5
 803 00b1 6B000000 		.4byte	0x6b
 804 00b5 05       		.uleb128 0x5
 805 00b6 77000000 		.4byte	0x77
 806 00ba 04       		.uleb128 0x4
 807 00bb EF030000 		.4byte	.LASF16
 808 00bf 02       		.byte	0x2
 809 00c0 7E02     		.2byte	0x27e
 810 00c2 C6000000 		.4byte	0xc6
 811 00c6 05       		.uleb128 0x5
 812 00c7 83000000 		.4byte	0x83
 813 00cb 02       		.uleb128 0x2
 814 00cc 08       		.byte	0x8
 815 00cd 04       		.byte	0x4
 816 00ce 35040000 		.4byte	.LASF17
 817 00d2 02       		.uleb128 0x2
 818 00d3 04       		.byte	0x4
 819 00d4 07       		.byte	0x7
 820 00d5 2C040000 		.4byte	.LASF18
 821 00d9 06       		.uleb128 0x6
 822 00da 04       		.byte	0x4
 823 00db 07       		.uleb128 0x7
 824 00dc A7010000 		.4byte	.LASF19
 825 00e0 03       		.byte	0x3
 826 00e1 DD       		.byte	0xdd
 827 00e2 77000000 		.4byte	0x77
 828 00e6 07       		.uleb128 0x7
 829 00e7 62010000 		.4byte	.LASF20
 830 00eb 03       		.byte	0x3
 831 00ec E1       		.byte	0xe1
 832 00ed 6B000000 		.4byte	0x6b
 833 00f1 08       		.uleb128 0x8
 834 00f2 01       		.byte	0x1
 835 00f3 2C000000 		.4byte	0x2c
 836 00f7 04       		.byte	0x4
 837 00f8 53       		.byte	0x53
 838 00f9 22010000 		.4byte	0x122
 839 00fd 09       		.uleb128 0x9
 840 00fe 77050000 		.4byte	.LASF21
 841 0102 01       		.byte	0x1
 842 0103 09       		.uleb128 0x9
 843 0104 BF010000 		.4byte	.LASF22
 844 0108 02       		.byte	0x2
 845 0109 09       		.uleb128 0x9
 846 010a 21050000 		.4byte	.LASF23
 847 010e 03       		.byte	0x3
ARM GAS  C:\Users\Lenovo\AppData\Local\Temp\ccj7Szb4.s 			page 36


 848 010f 09       		.uleb128 0x9
 849 0110 B1020000 		.4byte	.LASF24
 850 0114 04       		.byte	0x4
 851 0115 09       		.uleb128 0x9
 852 0116 C7050000 		.4byte	.LASF25
 853 011a 05       		.byte	0x5
 854 011b 09       		.uleb128 0x9
 855 011c 85070000 		.4byte	.LASF26
 856 0120 06       		.byte	0x6
 857 0121 00       		.byte	0
 858 0122 07       		.uleb128 0x7
 859 0123 38060000 		.4byte	.LASF27
 860 0127 04       		.byte	0x4
 861 0128 5A       		.byte	0x5a
 862 0129 F1000000 		.4byte	0xf1
 863 012d 0A       		.uleb128 0xa
 864 012e 6B000000 		.4byte	0x6b
 865 0132 3D010000 		.4byte	0x13d
 866 0136 0B       		.uleb128 0xb
 867 0137 D2000000 		.4byte	0xd2
 868 013b 00       		.byte	0
 869 013c 00       		.byte	0
 870 013d 0C       		.uleb128 0xc
 871 013e 10       		.byte	0x10
 872 013f 04       		.byte	0x4
 873 0140 BE       		.byte	0xbe
 874 0141 CA010000 		.4byte	0x1ca
 875 0145 0D       		.uleb128 0xd
 876 0146 DE050000 		.4byte	.LASF28
 877 014a 04       		.byte	0x4
 878 014b C4       		.byte	0xc4
 879 014c 77000000 		.4byte	0x77
 880 0150 00       		.byte	0
 881 0151 0D       		.uleb128 0xd
 882 0152 7C070000 		.4byte	.LASF29
 883 0156 04       		.byte	0x4
 884 0157 C9       		.byte	0xc9
 885 0158 DB000000 		.4byte	0xdb
 886 015c 02       		.byte	0x2
 887 015d 0D       		.uleb128 0xd
 888 015e E4070000 		.4byte	.LASF30
 889 0162 04       		.byte	0x4
 890 0163 CE       		.byte	0xce
 891 0164 6B000000 		.4byte	0x6b
 892 0168 04       		.byte	0x4
 893 0169 0D       		.uleb128 0xd
 894 016a 4E040000 		.4byte	.LASF31
 895 016e 04       		.byte	0x4
 896 016f D3       		.byte	0xd3
 897 0170 6B000000 		.4byte	0x6b
 898 0174 05       		.byte	0x5
 899 0175 0D       		.uleb128 0xd
 900 0176 88020000 		.4byte	.LASF32
 901 017a 04       		.byte	0x4
 902 017b D8       		.byte	0xd8
 903 017c 6B000000 		.4byte	0x6b
 904 0180 06       		.byte	0x6
ARM GAS  C:\Users\Lenovo\AppData\Local\Temp\ccj7Szb4.s 			page 37


 905 0181 0D       		.uleb128 0xd
 906 0182 26060000 		.4byte	.LASF33
 907 0186 04       		.byte	0x4
 908 0187 DD       		.byte	0xdd
 909 0188 6B000000 		.4byte	0x6b
 910 018c 07       		.byte	0x7
 911 018d 0D       		.uleb128 0xd
 912 018e 1B030000 		.4byte	.LASF34
 913 0192 04       		.byte	0x4
 914 0193 E3       		.byte	0xe3
 915 0194 E6000000 		.4byte	0xe6
 916 0198 08       		.byte	0x8
 917 0199 0D       		.uleb128 0xd
 918 019a FE030000 		.4byte	.LASF35
 919 019e 04       		.byte	0x4
 920 019f EA       		.byte	0xea
 921 01a0 2D010000 		.4byte	0x12d
 922 01a4 09       		.byte	0x9
 923 01a5 0D       		.uleb128 0xd
 924 01a6 15060000 		.4byte	.LASF36
 925 01aa 04       		.byte	0x4
 926 01ab F1       		.byte	0xf1
 927 01ac 77000000 		.4byte	0x77
 928 01b0 0A       		.byte	0xa
 929 01b1 0D       		.uleb128 0xd
 930 01b2 58070000 		.4byte	.LASF37
 931 01b6 04       		.byte	0x4
 932 01b7 F6       		.byte	0xf6
 933 01b8 6B000000 		.4byte	0x6b
 934 01bc 0C       		.byte	0xc
 935 01bd 0D       		.uleb128 0xd
 936 01be E5020000 		.4byte	.LASF38
 937 01c2 04       		.byte	0x4
 938 01c3 FB       		.byte	0xfb
 939 01c4 CA010000 		.4byte	0x1ca
 940 01c8 0E       		.byte	0xe
 941 01c9 00       		.byte	0
 942 01ca 0A       		.uleb128 0xa
 943 01cb 77000000 		.4byte	0x77
 944 01cf DA010000 		.4byte	0x1da
 945 01d3 0B       		.uleb128 0xb
 946 01d4 D2000000 		.4byte	0xd2
 947 01d8 00       		.byte	0
 948 01d9 00       		.byte	0
 949 01da 07       		.uleb128 0x7
 950 01db 06040000 		.4byte	.LASF39
 951 01df 04       		.byte	0x4
 952 01e0 FC       		.byte	0xfc
 953 01e1 3D010000 		.4byte	0x13d
 954 01e5 0E       		.uleb128 0xe
 955 01e6 10       		.byte	0x10
 956 01e7 04       		.byte	0x4
 957 01e8 0201     		.2byte	0x102
 958 01ea FC010000 		.4byte	0x1fc
 959 01ee 0F       		.uleb128 0xf
 960 01ef 6E070000 		.4byte	.LASF40
 961 01f3 04       		.byte	0x4
ARM GAS  C:\Users\Lenovo\AppData\Local\Temp\ccj7Szb4.s 			page 38


 962 01f4 0701     		.2byte	0x107
 963 01f6 DA010000 		.4byte	0x1da
 964 01fa 00       		.byte	0
 965 01fb 00       		.byte	0
 966 01fc 04       		.uleb128 0x4
 967 01fd 9D070000 		.4byte	.LASF41
 968 0201 04       		.byte	0x4
 969 0202 0801     		.2byte	0x108
 970 0204 E5010000 		.4byte	0x1e5
 971 0208 0E       		.uleb128 0xe
 972 0209 0A       		.byte	0xa
 973 020a 04       		.byte	0x4
 974 020b 0E01     		.2byte	0x10e
 975 020d 53020000 		.4byte	0x253
 976 0211 10       		.uleb128 0x10
 977 0212 72617700 		.ascii	"raw\000"
 978 0216 04       		.byte	0x4
 979 0217 1301     		.2byte	0x113
 980 0219 CA010000 		.4byte	0x1ca
 981 021d 00       		.byte	0
 982 021e 0F       		.uleb128 0xf
 983 021f D3020000 		.4byte	.LASF42
 984 0223 04       		.byte	0x4
 985 0224 1801     		.2byte	0x118
 986 0226 CA010000 		.4byte	0x1ca
 987 022a 02       		.byte	0x2
 988 022b 0F       		.uleb128 0xf
 989 022c 9E020000 		.4byte	.LASF43
 990 0230 04       		.byte	0x4
 991 0231 1E01     		.2byte	0x11e
 992 0233 2D010000 		.4byte	0x12d
 993 0237 04       		.byte	0x4
 994 0238 0F       		.uleb128 0xf
 995 0239 5D010000 		.4byte	.LASF44
 996 023d 04       		.byte	0x4
 997 023e 2301     		.2byte	0x123
 998 0240 DB000000 		.4byte	0xdb
 999 0244 06       		.byte	0x6
 1000 0245 0F       		.uleb128 0xf
 1001 0246 4E060000 		.4byte	.LASF45
 1002 024a 04       		.byte	0x4
 1003 024b 2801     		.2byte	0x128
 1004 024d 53020000 		.4byte	0x253
 1005 0251 08       		.byte	0x8
 1006 0252 00       		.byte	0
 1007 0253 0A       		.uleb128 0xa
 1008 0254 E6000000 		.4byte	0xe6
 1009 0258 63020000 		.4byte	0x263
 1010 025c 0B       		.uleb128 0xb
 1011 025d D2000000 		.4byte	0xd2
 1012 0261 00       		.byte	0
 1013 0262 00       		.byte	0
 1014 0263 04       		.uleb128 0x4
 1015 0264 21010000 		.4byte	.LASF46
 1016 0268 04       		.byte	0x4
 1017 0269 2901     		.2byte	0x129
 1018 026b 08020000 		.4byte	0x208
ARM GAS  C:\Users\Lenovo\AppData\Local\Temp\ccj7Szb4.s 			page 39


 1019 026f 0E       		.uleb128 0xe
 1020 0270 32       		.byte	0x32
 1021 0271 04       		.byte	0x4
 1022 0272 2F01     		.2byte	0x12f
 1023 0274 86020000 		.4byte	0x286
 1024 0278 0F       		.uleb128 0xf
 1025 0279 6E070000 		.4byte	.LASF40
 1026 027d 04       		.byte	0x4
 1027 027e 3401     		.2byte	0x134
 1028 0280 86020000 		.4byte	0x286
 1029 0284 00       		.byte	0
 1030 0285 00       		.byte	0
 1031 0286 0A       		.uleb128 0xa
 1032 0287 63020000 		.4byte	0x263
 1033 028b 96020000 		.4byte	0x296
 1034 028f 0B       		.uleb128 0xb
 1035 0290 D2000000 		.4byte	0xd2
 1036 0294 04       		.byte	0x4
 1037 0295 00       		.byte	0
 1038 0296 04       		.uleb128 0x4
 1039 0297 46050000 		.4byte	.LASF47
 1040 029b 04       		.byte	0x4
 1041 029c 3501     		.2byte	0x135
 1042 029e 6F020000 		.4byte	0x26f
 1043 02a2 0E       		.uleb128 0xe
 1044 02a3 64       		.byte	0x64
 1045 02a4 04       		.byte	0x4
 1046 02a5 3B01     		.2byte	0x13b
 1047 02a7 7C030000 		.4byte	0x37c
 1048 02ab 0F       		.uleb128 0xf
 1049 02ac 7D030000 		.4byte	.LASF48
 1050 02b0 04       		.byte	0x4
 1051 02b1 4101     		.2byte	0x141
 1052 02b3 77000000 		.4byte	0x77
 1053 02b7 00       		.byte	0
 1054 02b8 0F       		.uleb128 0xf
 1055 02b9 D0030000 		.4byte	.LASF49
 1056 02bd 04       		.byte	0x4
 1057 02be 4601     		.2byte	0x146
 1058 02c0 77000000 		.4byte	0x77
 1059 02c4 02       		.byte	0x2
 1060 02c5 0F       		.uleb128 0xf
 1061 02c6 FB040000 		.4byte	.LASF50
 1062 02ca 04       		.byte	0x4
 1063 02cb 4C01     		.2byte	0x14c
 1064 02cd 77000000 		.4byte	0x77
 1065 02d1 04       		.byte	0x4
 1066 02d2 0F       		.uleb128 0xf
 1067 02d3 E0040000 		.4byte	.LASF51
 1068 02d7 04       		.byte	0x4
 1069 02d8 5101     		.2byte	0x151
 1070 02da 77000000 		.4byte	0x77
 1071 02de 06       		.byte	0x6
 1072 02df 0F       		.uleb128 0xf
 1073 02e0 FD060000 		.4byte	.LASF52
 1074 02e4 04       		.byte	0x4
 1075 02e5 5601     		.2byte	0x156
ARM GAS  C:\Users\Lenovo\AppData\Local\Temp\ccj7Szb4.s 			page 40


 1076 02e7 83000000 		.4byte	0x83
 1077 02eb 08       		.byte	0x8
 1078 02ec 0F       		.uleb128 0xf
 1079 02ed 10030000 		.4byte	.LASF53
 1080 02f1 04       		.byte	0x4
 1081 02f2 5B01     		.2byte	0x15b
 1082 02f4 7C030000 		.4byte	0x37c
 1083 02f8 0C       		.byte	0xc
 1084 02f9 0F       		.uleb128 0xf
 1085 02fa A6020000 		.4byte	.LASF54
 1086 02fe 04       		.byte	0x4
 1087 02ff 6001     		.2byte	0x160
 1088 0301 7C030000 		.4byte	0x37c
 1089 0305 10       		.byte	0x10
 1090 0306 0F       		.uleb128 0xf
 1091 0307 02020000 		.4byte	.LASF55
 1092 030b 04       		.byte	0x4
 1093 030c 6E01     		.2byte	0x16e
 1094 030e 2D010000 		.4byte	0x12d
 1095 0312 14       		.byte	0x14
 1096 0313 0F       		.uleb128 0xf
 1097 0314 9E030000 		.4byte	.LASF56
 1098 0318 04       		.byte	0x4
 1099 0319 7301     		.2byte	0x173
 1100 031b 77000000 		.4byte	0x77
 1101 031f 16       		.byte	0x16
 1102 0320 0F       		.uleb128 0xf
 1103 0321 15020000 		.4byte	.LASF57
 1104 0325 04       		.byte	0x4
 1105 0326 7801     		.2byte	0x178
 1106 0328 6B000000 		.4byte	0x6b
 1107 032c 18       		.byte	0x18
 1108 032d 0F       		.uleb128 0xf
 1109 032e E9050000 		.4byte	.LASF58
 1110 0332 04       		.byte	0x4
 1111 0333 7D01     		.2byte	0x17d
 1112 0335 FC010000 		.4byte	0x1fc
 1113 0339 1A       		.byte	0x1a
 1114 033a 0F       		.uleb128 0xf
 1115 033b 70030000 		.4byte	.LASF59
 1116 033f 04       		.byte	0x4
 1117 0340 8201     		.2byte	0x182
 1118 0342 96020000 		.4byte	0x296
 1119 0346 2A       		.byte	0x2a
 1120 0347 0F       		.uleb128 0xf
 1121 0348 EE020000 		.4byte	.LASF60
 1122 034c 04       		.byte	0x4
 1123 034d 8701     		.2byte	0x187
 1124 034f 6B000000 		.4byte	0x6b
 1125 0353 5C       		.byte	0x5c
 1126 0354 0F       		.uleb128 0xf
 1127 0355 86010000 		.4byte	.LASF61
 1128 0359 04       		.byte	0x4
 1129 035a 8C01     		.2byte	0x18c
 1130 035c 6B000000 		.4byte	0x6b
 1131 0360 5D       		.byte	0x5d
 1132 0361 0F       		.uleb128 0xf
ARM GAS  C:\Users\Lenovo\AppData\Local\Temp\ccj7Szb4.s 			page 41


 1133 0362 B9070000 		.4byte	.LASF62
 1134 0366 04       		.byte	0x4
 1135 0367 9101     		.2byte	0x191
 1136 0369 77000000 		.4byte	0x77
 1137 036d 5E       		.byte	0x5e
 1138 036e 0F       		.uleb128 0xf
 1139 036f 50020000 		.4byte	.LASF63
 1140 0373 04       		.byte	0x4
 1141 0374 9601     		.2byte	0x196
 1142 0376 CA010000 		.4byte	0x1ca
 1143 037a 60       		.byte	0x60
 1144 037b 00       		.byte	0
 1145 037c 0A       		.uleb128 0xa
 1146 037d 83000000 		.4byte	0x83
 1147 0381 8C030000 		.4byte	0x38c
 1148 0385 0B       		.uleb128 0xb
 1149 0386 D2000000 		.4byte	0xd2
 1150 038a 00       		.byte	0
 1151 038b 00       		.byte	0
 1152 038c 04       		.uleb128 0x4
 1153 038d 63050000 		.4byte	.LASF64
 1154 0391 04       		.byte	0x4
 1155 0392 9701     		.2byte	0x197
 1156 0394 A2020000 		.4byte	0x2a2
 1157 0398 0E       		.uleb128 0xe
 1158 0399 1C       		.byte	0x1c
 1159 039a 04       		.byte	0x4
 1160 039b 9D01     		.2byte	0x19d
 1161 039d 17040000 		.4byte	0x417
 1162 03a1 0F       		.uleb128 0xf
 1163 03a2 7D010000 		.4byte	.LASF65
 1164 03a6 04       		.byte	0x4
 1165 03a7 A201     		.2byte	0x1a2
 1166 03a9 17040000 		.4byte	0x417
 1167 03ad 00       		.byte	0
 1168 03ae 0F       		.uleb128 0xf
 1169 03af F5010000 		.4byte	.LASF66
 1170 03b3 04       		.byte	0x4
 1171 03b4 A701     		.2byte	0x1a7
 1172 03b6 17040000 		.4byte	0x417
 1173 03ba 04       		.byte	0x4
 1174 03bb 0F       		.uleb128 0xf
 1175 03bc 0F060000 		.4byte	.LASF67
 1176 03c0 04       		.byte	0x4
 1177 03c1 AC01     		.2byte	0x1ac
 1178 03c3 17040000 		.4byte	0x417
 1179 03c7 08       		.byte	0x8
 1180 03c8 0F       		.uleb128 0xf
 1181 03c9 2A020000 		.4byte	.LASF68
 1182 03cd 04       		.byte	0x4
 1183 03ce B101     		.2byte	0x1b1
 1184 03d0 17040000 		.4byte	0x417
 1185 03d4 0C       		.byte	0xc
 1186 03d5 0F       		.uleb128 0xf
 1187 03d6 CC070000 		.4byte	.LASF69
 1188 03da 04       		.byte	0x4
 1189 03db B601     		.2byte	0x1b6
ARM GAS  C:\Users\Lenovo\AppData\Local\Temp\ccj7Szb4.s 			page 42


 1190 03dd 83000000 		.4byte	0x83
 1191 03e1 10       		.byte	0x10
 1192 03e2 0F       		.uleb128 0xf
 1193 03e3 99020000 		.4byte	.LASF70
 1194 03e7 04       		.byte	0x4
 1195 03e8 BB01     		.2byte	0x1bb
 1196 03ea 83000000 		.4byte	0x83
 1197 03ee 14       		.byte	0x14
 1198 03ef 0F       		.uleb128 0xf
 1199 03f0 BC050000 		.4byte	.LASF71
 1200 03f4 04       		.byte	0x4
 1201 03f5 C001     		.2byte	0x1c0
 1202 03f7 6B000000 		.4byte	0x6b
 1203 03fb 18       		.byte	0x18
 1204 03fc 0F       		.uleb128 0xf
 1205 03fd 6F020000 		.4byte	.LASF72
 1206 0401 04       		.byte	0x4
 1207 0402 C501     		.2byte	0x1c5
 1208 0404 6B000000 		.4byte	0x6b
 1209 0408 19       		.byte	0x19
 1210 0409 0F       		.uleb128 0xf
 1211 040a 60020000 		.4byte	.LASF73
 1212 040e 04       		.byte	0x4
 1213 040f CA01     		.2byte	0x1ca
 1214 0411 6B000000 		.4byte	0x6b
 1215 0415 1A       		.byte	0x1a
 1216 0416 00       		.byte	0
 1217 0417 11       		.uleb128 0x11
 1218 0418 04       		.byte	0x4
 1219 0419 BA000000 		.4byte	0xba
 1220 041d 04       		.uleb128 0x4
 1221 041e BA060000 		.4byte	.LASF74
 1222 0422 04       		.byte	0x4
 1223 0423 CB01     		.2byte	0x1cb
 1224 0425 98030000 		.4byte	0x398
 1225 0429 0E       		.uleb128 0xe
 1226 042a 24       		.byte	0x24
 1227 042b 04       		.byte	0x4
 1228 042c F601     		.2byte	0x1f6
 1229 042e CF040000 		.4byte	0x4cf
 1230 0432 0F       		.uleb128 0xf
 1231 0433 50010000 		.4byte	.LASF75
 1232 0437 04       		.byte	0x4
 1233 0438 FF01     		.2byte	0x1ff
 1234 043a CF040000 		.4byte	0x4cf
 1235 043e 00       		.byte	0
 1236 043f 0F       		.uleb128 0xf
 1237 0440 A9030000 		.4byte	.LASF76
 1238 0444 04       		.byte	0x4
 1239 0445 0502     		.2byte	0x205
 1240 0447 D9000000 		.4byte	0xd9
 1241 044b 04       		.byte	0x4
 1242 044c 0F       		.uleb128 0xf
 1243 044d 1F020000 		.4byte	.LASF77
 1244 0451 04       		.byte	0x4
 1245 0452 0B02     		.2byte	0x20b
 1246 0454 D6040000 		.4byte	0x4d6
ARM GAS  C:\Users\Lenovo\AppData\Local\Temp\ccj7Szb4.s 			page 43


 1247 0458 08       		.byte	0x8
 1248 0459 0F       		.uleb128 0xf
 1249 045a A4050000 		.4byte	.LASF78
 1250 045e 04       		.byte	0x4
 1251 045f 1002     		.2byte	0x210
 1252 0461 D9000000 		.4byte	0xd9
 1253 0465 0C       		.byte	0xc
 1254 0466 0F       		.uleb128 0xf
 1255 0467 94060000 		.4byte	.LASF79
 1256 046b 04       		.byte	0x4
 1257 046c 1702     		.2byte	0x217
 1258 046e DC040000 		.4byte	0x4dc
 1259 0472 10       		.byte	0x10
 1260 0473 0F       		.uleb128 0xf
 1261 0474 41040000 		.4byte	.LASF80
 1262 0478 04       		.byte	0x4
 1263 0479 1C02     		.2byte	0x21c
 1264 047b 77000000 		.4byte	0x77
 1265 047f 14       		.byte	0x14
 1266 0480 0F       		.uleb128 0xf
 1267 0481 88060000 		.4byte	.LASF81
 1268 0485 04       		.byte	0x4
 1269 0486 2302     		.2byte	0x223
 1270 0488 77000000 		.4byte	0x77
 1271 048c 16       		.byte	0x16
 1272 048d 0F       		.uleb128 0xf
 1273 048e C3040000 		.4byte	.LASF82
 1274 0492 04       		.byte	0x4
 1275 0493 2E02     		.2byte	0x22e
 1276 0495 6B000000 		.4byte	0x6b
 1277 0499 18       		.byte	0x18
 1278 049a 0F       		.uleb128 0xf
 1279 049b 24040000 		.4byte	.LASF83
 1280 049f 04       		.byte	0x4
 1281 04a0 3602     		.2byte	0x236
 1282 04a2 6B000000 		.4byte	0x6b
 1283 04a6 19       		.byte	0x19
 1284 04a7 0F       		.uleb128 0xf
 1285 04a8 3D020000 		.4byte	.LASF84
 1286 04ac 04       		.byte	0x4
 1287 04ad 3C02     		.2byte	0x23c
 1288 04af 77000000 		.4byte	0x77
 1289 04b3 1A       		.byte	0x1a
 1290 04b4 0F       		.uleb128 0xf
 1291 04b5 CC040000 		.4byte	.LASF85
 1292 04b9 04       		.byte	0x4
 1293 04ba 4502     		.2byte	0x245
 1294 04bc 83000000 		.4byte	0x83
 1295 04c0 1C       		.byte	0x1c
 1296 04c1 0F       		.uleb128 0xf
 1297 04c2 12000000 		.4byte	.LASF86
 1298 04c6 04       		.byte	0x4
 1299 04c7 4A02     		.2byte	0x24a
 1300 04c9 D9000000 		.4byte	0xd9
 1301 04cd 20       		.byte	0x20
 1302 04ce 00       		.byte	0
 1303 04cf 11       		.uleb128 0x11
ARM GAS  C:\Users\Lenovo\AppData\Local\Temp\ccj7Szb4.s 			page 44


 1304 04d0 04       		.byte	0x4
 1305 04d1 D5040000 		.4byte	0x4d5
 1306 04d5 12       		.uleb128 0x12
 1307 04d6 11       		.uleb128 0x11
 1308 04d7 04       		.byte	0x4
 1309 04d8 63020000 		.4byte	0x263
 1310 04dc 11       		.uleb128 0x11
 1311 04dd 04       		.byte	0x4
 1312 04de 6B000000 		.4byte	0x6b
 1313 04e2 04       		.uleb128 0x4
 1314 04e3 43000000 		.4byte	.LASF87
 1315 04e7 04       		.byte	0x4
 1316 04e8 4B02     		.2byte	0x24b
 1317 04ea 29040000 		.4byte	0x429
 1318 04ee 0E       		.uleb128 0xe
 1319 04ef 24       		.byte	0x24
 1320 04f0 04       		.byte	0x4
 1321 04f1 5102     		.2byte	0x251
 1322 04f3 05050000 		.4byte	0x505
 1323 04f7 0F       		.uleb128 0xf
 1324 04f8 04070000 		.4byte	.LASF88
 1325 04fc 04       		.byte	0x4
 1326 04fd 5602     		.2byte	0x256
 1327 04ff 05050000 		.4byte	0x505
 1328 0503 00       		.byte	0
 1329 0504 00       		.byte	0
 1330 0505 0A       		.uleb128 0xa
 1331 0506 E2040000 		.4byte	0x4e2
 1332 050a 15050000 		.4byte	0x515
 1333 050e 0B       		.uleb128 0xb
 1334 050f D2000000 		.4byte	0xd2
 1335 0513 00       		.byte	0
 1336 0514 00       		.byte	0
 1337 0515 04       		.uleb128 0x4
 1338 0516 A4060000 		.4byte	.LASF89
 1339 051a 04       		.byte	0x4
 1340 051b 5702     		.2byte	0x257
 1341 051d EE040000 		.4byte	0x4ee
 1342 0521 0E       		.uleb128 0xe
 1343 0522 04       		.byte	0x4
 1344 0523 04       		.byte	0x4
 1345 0524 AD02     		.2byte	0x2ad
 1346 0526 45050000 		.4byte	0x545
 1347 052a 0F       		.uleb128 0xf
 1348 052b 5C000000 		.4byte	.LASF90
 1349 052f 04       		.byte	0x4
 1350 0530 AF02     		.2byte	0x2af
 1351 0532 77000000 		.4byte	0x77
 1352 0536 00       		.byte	0
 1353 0537 0F       		.uleb128 0xf
 1354 0538 68000000 		.4byte	.LASF91
 1355 053c 04       		.byte	0x4
 1356 053d B002     		.2byte	0x2b0
 1357 053f 77000000 		.4byte	0x77
 1358 0543 02       		.byte	0x2
 1359 0544 00       		.byte	0
 1360 0545 04       		.uleb128 0x4
ARM GAS  C:\Users\Lenovo\AppData\Local\Temp\ccj7Szb4.s 			page 45


 1361 0546 DA060000 		.4byte	.LASF92
 1362 054a 04       		.byte	0x4
 1363 054b B102     		.2byte	0x2b1
 1364 054d 21050000 		.4byte	0x521
 1365 0551 0C       		.uleb128 0xc
 1366 0552 08       		.byte	0x8
 1367 0553 01       		.byte	0x1
 1368 0554 E8       		.byte	0xe8
 1369 0555 AD050000 		.4byte	0x5ad
 1370 0559 0D       		.uleb128 0xd
 1371 055a 31060000 		.4byte	.LASF93
 1372 055e 01       		.byte	0x1
 1373 055f EA       		.byte	0xea
 1374 0560 77000000 		.4byte	0x77
 1375 0564 00       		.byte	0
 1376 0565 0D       		.uleb128 0xd
 1377 0566 F5030000 		.4byte	.LASF94
 1378 056a 01       		.byte	0x1
 1379 056b EB       		.byte	0xeb
 1380 056c 6B000000 		.4byte	0x6b
 1381 0570 02       		.byte	0x2
 1382 0571 0D       		.uleb128 0xd
 1383 0572 07000000 		.4byte	.LASF95
 1384 0576 01       		.byte	0x1
 1385 0577 EC       		.byte	0xec
 1386 0578 6B000000 		.4byte	0x6b
 1387 057c 03       		.byte	0x3
 1388 057d 13       		.uleb128 0x13
 1389 057e 63726300 		.ascii	"crc\000"
 1390 0582 01       		.byte	0x1
 1391 0583 ED       		.byte	0xed
 1392 0584 6B000000 		.4byte	0x6b
 1393 0588 04       		.byte	0x4
 1394 0589 0D       		.uleb128 0xd
 1395 058a E9030000 		.4byte	.LASF96
 1396 058e 01       		.byte	0x1
 1397 058f EE       		.byte	0xee
 1398 0590 6B000000 		.4byte	0x6b
 1399 0594 05       		.byte	0x5
 1400 0595 13       		.uleb128 0x13
 1401 0596 727700   		.ascii	"rw\000"
 1402 0599 01       		.byte	0x1
 1403 059a EF       		.byte	0xef
 1404 059b 6B000000 		.4byte	0x6b
 1405 059f 06       		.byte	0x6
 1406 05a0 0D       		.uleb128 0xd
 1407 05a1 78030000 		.4byte	.LASF97
 1408 05a5 01       		.byte	0x1
 1409 05a6 F0       		.byte	0xf0
 1410 05a7 6B000000 		.4byte	0x6b
 1411 05ab 07       		.byte	0x7
 1412 05ac 00       		.byte	0
 1413 05ad 07       		.uleb128 0x7
 1414 05ae 21000000 		.4byte	.LASF98
 1415 05b2 01       		.byte	0x1
 1416 05b3 F1       		.byte	0xf1
 1417 05b4 51050000 		.4byte	0x551
ARM GAS  C:\Users\Lenovo\AppData\Local\Temp\ccj7Szb4.s 			page 46


 1418 05b8 14       		.uleb128 0x14
 1419 05b9 0E070000 		.4byte	.LASF127
 1420 05bd 01       		.byte	0x1
 1421 05be A801     		.2byte	0x1a8
 1422 05c0 A4000000 		.4byte	0xa4
 1423 05c4 00000000 		.4byte	.LFB3
 1424 05c8 7A000000 		.4byte	.LFE3-.LFB3
 1425 05cc 01       		.uleb128 0x1
 1426 05cd 9C       		.byte	0x9c
 1427 05ce 01060000 		.4byte	0x601
 1428 05d2 15       		.uleb128 0x15
 1429 05d3 38070000 		.4byte	.LASF99
 1430 05d7 01       		.byte	0x1
 1431 05d8 A801     		.2byte	0x1a8
 1432 05da 83000000 		.4byte	0x83
 1433 05de 00000000 		.4byte	.LLST0
 1434 05e2 16       		.uleb128 0x16
 1435 05e3 93020000 		.4byte	.LASF100
 1436 05e7 01       		.byte	0x1
 1437 05e8 A801     		.2byte	0x1a8
 1438 05ea 01060000 		.4byte	0x601
 1439 05ee 01       		.uleb128 0x1
 1440 05ef 51       		.byte	0x51
 1441 05f0 17       		.uleb128 0x17
 1442 05f1 DD070000 		.4byte	.LASF102
 1443 05f5 01       		.byte	0x1
 1444 05f6 AA01     		.2byte	0x1aa
 1445 05f8 A4000000 		.4byte	0xa4
 1446 05fc 21000000 		.4byte	.LLST1
 1447 0600 00       		.byte	0
 1448 0601 11       		.uleb128 0x11
 1449 0602 04       		.byte	0x4
 1450 0603 AD050000 		.4byte	0x5ad
 1451 0607 18       		.uleb128 0x18
 1452 0608 26030000 		.4byte	.LASF128
 1453 060c 01       		.byte	0x1
 1454 060d 1101     		.2byte	0x111
 1455 060f 00000000 		.4byte	.LFB2
 1456 0613 38000000 		.4byte	.LFE2-.LFB2
 1457 0617 01       		.uleb128 0x1
 1458 0618 9C       		.byte	0x9c
 1459 0619 5B060000 		.4byte	0x65b
 1460 061d 19       		.uleb128 0x19
 1461 061e 0E000000 		.4byte	.LVL12
 1462 0622 F2090000 		.4byte	0x9f2
 1463 0626 3C060000 		.4byte	0x63c
 1464 062a 1A       		.uleb128 0x1a
 1465 062b 01       		.uleb128 0x1
 1466 062c 50       		.byte	0x50
 1467 062d 02       		.uleb128 0x2
 1468 062e 74       		.byte	0x74
 1469 062f 00       		.sleb128 0
 1470 0630 1A       		.uleb128 0x1a
 1471 0631 01       		.uleb128 0x1
 1472 0632 51       		.byte	0x51
 1473 0633 01       		.uleb128 0x1
 1474 0634 30       		.byte	0x30
ARM GAS  C:\Users\Lenovo\AppData\Local\Temp\ccj7Szb4.s 			page 47


 1475 0635 1A       		.uleb128 0x1a
 1476 0636 01       		.uleb128 0x1
 1477 0637 52       		.byte	0x52
 1478 0638 02       		.uleb128 0x2
 1479 0639 08       		.byte	0x8
 1480 063a 64       		.byte	0x64
 1481 063b 00       		.byte	0
 1482 063c 1B       		.uleb128 0x1b
 1483 063d 28000000 		.4byte	.LVL13
 1484 0641 FB090000 		.4byte	0x9fb
 1485 0645 1A       		.uleb128 0x1a
 1486 0646 01       		.uleb128 0x1
 1487 0647 50       		.byte	0x50
 1488 0648 02       		.uleb128 0x2
 1489 0649 74       		.byte	0x74
 1490 064a 1A       		.sleb128 26
 1491 064b 1A       		.uleb128 0x1a
 1492 064c 01       		.uleb128 0x1
 1493 064d 51       		.byte	0x51
 1494 064e 05       		.uleb128 0x5
 1495 064f 03       		.byte	0x3
 1496 0650 00000000 		.4byte	.LANCHOR0
 1497 0654 1A       		.uleb128 0x1a
 1498 0655 01       		.uleb128 0x1
 1499 0656 52       		.byte	0x52
 1500 0657 01       		.uleb128 0x1
 1501 0658 40       		.byte	0x40
 1502 0659 00       		.byte	0
 1503 065a 00       		.byte	0
 1504 065b 1C       		.uleb128 0x1c
 1505 065c 26070000 		.4byte	.LASF107
 1506 0660 01       		.byte	0x1
 1507 0661 6602     		.2byte	0x266
 1508 0663 A4000000 		.4byte	0xa4
 1509 0667 00000000 		.4byte	.LFB4
 1510 066b 60000000 		.4byte	.LFE4-.LFB4
 1511 066f 01       		.uleb128 0x1
 1512 0670 9C       		.byte	0x9c
 1513 0671 29070000 		.4byte	0x729
 1514 0675 15       		.uleb128 0x15
 1515 0676 38070000 		.4byte	.LASF99
 1516 067a 01       		.byte	0x1
 1517 067b 6602     		.2byte	0x266
 1518 067d 83000000 		.4byte	0x83
 1519 0681 6D000000 		.4byte	.LLST2
 1520 0685 15       		.uleb128 0x15
 1521 0686 CD020000 		.4byte	.LASF101
 1522 068a 01       		.byte	0x1
 1523 068b 6602     		.2byte	0x266
 1524 068d 29070000 		.4byte	0x729
 1525 0691 8E000000 		.4byte	.LLST3
 1526 0695 1D       		.uleb128 0x1d
 1527 0696 93020000 		.4byte	.LASF100
 1528 069a 01       		.byte	0x1
 1529 069b 6802     		.2byte	0x268
 1530 069d AD050000 		.4byte	0x5ad
 1531 06a1 02       		.uleb128 0x2
ARM GAS  C:\Users\Lenovo\AppData\Local\Temp\ccj7Szb4.s 			page 48


 1532 06a2 91       		.byte	0x91
 1533 06a3 68       		.sleb128 -24
 1534 06a4 17       		.uleb128 0x17
 1535 06a5 DD070000 		.4byte	.LASF102
 1536 06a9 01       		.byte	0x1
 1537 06aa 6902     		.2byte	0x269
 1538 06ac A4000000 		.4byte	0xa4
 1539 06b0 BA000000 		.4byte	.LLST4
 1540 06b4 1E       		.uleb128 0x1e
 1541 06b5 04       		.byte	0x4
 1542 06b6 01       		.byte	0x1
 1543 06b7 6B02     		.2byte	0x26b
 1544 06b9 EE060000 		.4byte	0x6ee
 1545 06bd 1F       		.uleb128 0x1f
 1546 06be 70747200 		.ascii	"ptr\000"
 1547 06c2 01       		.byte	0x1
 1548 06c3 6D02     		.2byte	0x26d
 1549 06c5 2F070000 		.4byte	0x72f
 1550 06c9 20       		.uleb128 0x20
 1551 06ca 1D070000 		.4byte	.LASF103
 1552 06ce 01       		.byte	0x1
 1553 06cf 6E02     		.2byte	0x26e
 1554 06d1 3B070000 		.4byte	0x73b
 1555 06d5 20       		.uleb128 0x20
 1556 06d6 7E020000 		.4byte	.LASF104
 1557 06da 01       		.byte	0x1
 1558 06db 6F02     		.2byte	0x26f
 1559 06dd 4B070000 		.4byte	0x74b
 1560 06e1 20       		.uleb128 0x20
 1561 06e2 1C060000 		.4byte	.LASF105
 1562 06e6 01       		.byte	0x1
 1563 06e7 7002     		.2byte	0x270
 1564 06e9 5B070000 		.4byte	0x75b
 1565 06ed 00       		.byte	0
 1566 06ee 17       		.uleb128 0x17
 1567 06ef B4050000 		.4byte	.LASF106
 1568 06f3 01       		.byte	0x1
 1569 06f4 7102     		.2byte	0x271
 1570 06f6 B4060000 		.4byte	0x6b4
 1571 06fa E3000000 		.4byte	.LLST5
 1572 06fe 19       		.uleb128 0x19
 1573 06ff 0C000000 		.4byte	.LVL16
 1574 0703 B8050000 		.4byte	0x5b8
 1575 0707 19070000 		.4byte	0x719
 1576 070b 1A       		.uleb128 0x1a
 1577 070c 01       		.uleb128 0x1
 1578 070d 50       		.byte	0x50
 1579 070e 03       		.uleb128 0x3
 1580 070f F3       		.byte	0xf3
 1581 0710 01       		.uleb128 0x1
 1582 0711 50       		.byte	0x50
 1583 0712 1A       		.uleb128 0x1a
 1584 0713 01       		.uleb128 0x1
 1585 0714 51       		.byte	0x51
 1586 0715 02       		.uleb128 0x2
 1587 0716 7D       		.byte	0x7d
 1588 0717 00       		.sleb128 0
ARM GAS  C:\Users\Lenovo\AppData\Local\Temp\ccj7Szb4.s 			page 49


 1589 0718 00       		.byte	0
 1590 0719 1B       		.uleb128 0x1b
 1591 071a 50000000 		.4byte	.LVL22
 1592 071e 040A0000 		.4byte	0xa04
 1593 0722 1A       		.uleb128 0x1a
 1594 0723 01       		.uleb128 0x1
 1595 0724 50       		.byte	0x50
 1596 0725 01       		.uleb128 0x1
 1597 0726 30       		.byte	0x30
 1598 0727 00       		.byte	0
 1599 0728 00       		.byte	0
 1600 0729 11       		.uleb128 0x11
 1601 072a 04       		.byte	0x4
 1602 072b 83000000 		.4byte	0x83
 1603 072f 11       		.uleb128 0x11
 1604 0730 04       		.byte	0x4
 1605 0731 36070000 		.4byte	0x736
 1606 0735 21       		.uleb128 0x21
 1607 0736 22       		.uleb128 0x22
 1608 0737 35070000 		.4byte	0x735
 1609 073b 11       		.uleb128 0x11
 1610 073c 04       		.byte	0x4
 1611 073d 46070000 		.4byte	0x746
 1612 0741 22       		.uleb128 0x22
 1613 0742 6B000000 		.4byte	0x6b
 1614 0746 05       		.uleb128 0x5
 1615 0747 41070000 		.4byte	0x741
 1616 074b 11       		.uleb128 0x11
 1617 074c 04       		.byte	0x4
 1618 074d 56070000 		.4byte	0x756
 1619 0751 22       		.uleb128 0x22
 1620 0752 77000000 		.4byte	0x77
 1621 0756 05       		.uleb128 0x5
 1622 0757 51070000 		.4byte	0x751
 1623 075b 11       		.uleb128 0x11
 1624 075c 04       		.byte	0x4
 1625 075d 61070000 		.4byte	0x761
 1626 0761 22       		.uleb128 0x22
 1627 0762 C6000000 		.4byte	0xc6
 1628 0766 1C       		.uleb128 0x1c
 1629 0767 31000000 		.4byte	.LASF108
 1630 076b 01       		.byte	0x1
 1631 076c CD02     		.2byte	0x2cd
 1632 076e A4000000 		.4byte	0xa4
 1633 0772 00000000 		.4byte	.LFB5
 1634 0776 58000000 		.4byte	.LFE5-.LFB5
 1635 077a 01       		.uleb128 0x1
 1636 077b 9C       		.byte	0x9c
 1637 077c 30080000 		.4byte	0x830
 1638 0780 15       		.uleb128 0x15
 1639 0781 38070000 		.4byte	.LASF99
 1640 0785 01       		.byte	0x1
 1641 0786 CD02     		.2byte	0x2cd
 1642 0788 83000000 		.4byte	0x83
 1643 078c F6000000 		.4byte	.LLST6
 1644 0790 15       		.uleb128 0x15
 1645 0791 CD020000 		.4byte	.LASF101
ARM GAS  C:\Users\Lenovo\AppData\Local\Temp\ccj7Szb4.s 			page 50


 1646 0795 01       		.byte	0x1
 1647 0796 CD02     		.2byte	0x2cd
 1648 0798 83000000 		.4byte	0x83
 1649 079c 17010000 		.4byte	.LLST7
 1650 07a0 17       		.uleb128 0x17
 1651 07a1 DD070000 		.4byte	.LASF102
 1652 07a5 01       		.byte	0x1
 1653 07a6 CF02     		.2byte	0x2cf
 1654 07a8 A4000000 		.4byte	0xa4
 1655 07ac 75010000 		.4byte	.LLST8
 1656 07b0 1D       		.uleb128 0x1d
 1657 07b1 93020000 		.4byte	.LASF100
 1658 07b5 01       		.byte	0x1
 1659 07b6 D002     		.2byte	0x2d0
 1660 07b8 AD050000 		.4byte	0x5ad
 1661 07bc 02       		.uleb128 0x2
 1662 07bd 91       		.byte	0x91
 1663 07be 68       		.sleb128 -24
 1664 07bf 1E       		.uleb128 0x1e
 1665 07c0 04       		.byte	0x4
 1666 07c1 01       		.byte	0x1
 1667 07c2 D202     		.2byte	0x2d2
 1668 07c4 F9070000 		.4byte	0x7f9
 1669 07c8 1F       		.uleb128 0x1f
 1670 07c9 70747200 		.ascii	"ptr\000"
 1671 07cd 01       		.byte	0x1
 1672 07ce D402     		.2byte	0x2d4
 1673 07d0 30080000 		.4byte	0x830
 1674 07d4 20       		.uleb128 0x20
 1675 07d5 1D070000 		.4byte	.LASF103
 1676 07d9 01       		.byte	0x1
 1677 07da D502     		.2byte	0x2d5
 1678 07dc 36080000 		.4byte	0x836
 1679 07e0 20       		.uleb128 0x20
 1680 07e1 7E020000 		.4byte	.LASF104
 1681 07e5 01       		.byte	0x1
 1682 07e6 D602     		.2byte	0x2d6
 1683 07e8 3C080000 		.4byte	0x83c
 1684 07ec 20       		.uleb128 0x20
 1685 07ed 1C060000 		.4byte	.LASF105
 1686 07f1 01       		.byte	0x1
 1687 07f2 D702     		.2byte	0x2d7
 1688 07f4 42080000 		.4byte	0x842
 1689 07f8 00       		.byte	0
 1690 07f9 23       		.uleb128 0x23
 1691 07fa B4050000 		.4byte	.LASF106
 1692 07fe 01       		.byte	0x1
 1693 07ff D802     		.2byte	0x2d8
 1694 0801 BF070000 		.4byte	0x7bf
 1695 0805 19       		.uleb128 0x19
 1696 0806 0C000000 		.4byte	.LVL27
 1697 080a B8050000 		.4byte	0x5b8
 1698 080e 20080000 		.4byte	0x820
 1699 0812 1A       		.uleb128 0x1a
 1700 0813 01       		.uleb128 0x1
 1701 0814 50       		.byte	0x50
 1702 0815 03       		.uleb128 0x3
ARM GAS  C:\Users\Lenovo\AppData\Local\Temp\ccj7Szb4.s 			page 51


 1703 0816 F3       		.byte	0xf3
 1704 0817 01       		.uleb128 0x1
 1705 0818 50       		.byte	0x50
 1706 0819 1A       		.uleb128 0x1a
 1707 081a 01       		.uleb128 0x1
 1708 081b 51       		.byte	0x51
 1709 081c 02       		.uleb128 0x2
 1710 081d 7D       		.byte	0x7d
 1711 081e 00       		.sleb128 0
 1712 081f 00       		.byte	0
 1713 0820 1B       		.uleb128 0x1b
 1714 0821 4C000000 		.4byte	.LVL34
 1715 0825 040A0000 		.4byte	0xa04
 1716 0829 1A       		.uleb128 0x1a
 1717 082a 01       		.uleb128 0x1
 1718 082b 50       		.byte	0x50
 1719 082c 01       		.uleb128 0x1
 1720 082d 30       		.byte	0x30
 1721 082e 00       		.byte	0
 1722 082f 00       		.byte	0
 1723 0830 11       		.uleb128 0x11
 1724 0831 04       		.byte	0x4
 1725 0832 35070000 		.4byte	0x735
 1726 0836 11       		.uleb128 0x11
 1727 0837 04       		.byte	0x4
 1728 0838 B0000000 		.4byte	0xb0
 1729 083c 11       		.uleb128 0x11
 1730 083d 04       		.byte	0x4
 1731 083e B5000000 		.4byte	0xb5
 1732 0842 11       		.uleb128 0x11
 1733 0843 04       		.byte	0x4
 1734 0844 C6000000 		.4byte	0xc6
 1735 0848 1C       		.uleb128 0x1c
 1736 0849 B5030000 		.4byte	.LASF109
 1737 084d 01       		.byte	0x1
 1738 084e 2E03     		.2byte	0x32e
 1739 0850 83000000 		.4byte	0x83
 1740 0854 00000000 		.4byte	.LFB6
 1741 0858 20000000 		.4byte	.LFE6-.LFB6
 1742 085c 01       		.uleb128 0x1
 1743 085d 9C       		.byte	0x9c
 1744 085e 83080000 		.4byte	0x883
 1745 0862 17       		.uleb128 0x17
 1746 0863 DD070000 		.4byte	.LASF102
 1747 0867 01       		.byte	0x1
 1748 0868 3003     		.2byte	0x330
 1749 086a 83000000 		.4byte	0x83
 1750 086e 9E010000 		.4byte	.LLST9
 1751 0872 17       		.uleb128 0x17
 1752 0873 FB010000 		.4byte	.LASF110
 1753 0877 01       		.byte	0x1
 1754 0878 3103     		.2byte	0x331
 1755 087a 83000000 		.4byte	0x83
 1756 087e BD010000 		.4byte	.LLST10
 1757 0882 00       		.byte	0
 1758 0883 1C       		.uleb128 0x1c
 1759 0884 40070000 		.4byte	.LASF111
ARM GAS  C:\Users\Lenovo\AppData\Local\Temp\ccj7Szb4.s 			page 52


 1760 0888 01       		.byte	0x1
 1761 0889 5603     		.2byte	0x356
 1762 088b 83000000 		.4byte	0x83
 1763 088f 00000000 		.4byte	.LFB7
 1764 0893 24000000 		.4byte	.LFE7-.LFB7
 1765 0897 01       		.uleb128 0x1
 1766 0898 9C       		.byte	0x9c
 1767 0899 BE080000 		.4byte	0x8be
 1768 089d 15       		.uleb128 0x15
 1769 089e F5030000 		.4byte	.LASF94
 1770 08a2 01       		.byte	0x1
 1771 08a3 5603     		.2byte	0x356
 1772 08a5 83000000 		.4byte	0x83
 1773 08a9 F2010000 		.4byte	.LLST11
 1774 08ad 17       		.uleb128 0x17
 1775 08ae DD070000 		.4byte	.LASF102
 1776 08b2 01       		.byte	0x1
 1777 08b3 5803     		.2byte	0x358
 1778 08b5 83000000 		.4byte	0x83
 1779 08b9 2C020000 		.4byte	.LLST12
 1780 08bd 00       		.byte	0
 1781 08be 1C       		.uleb128 0x1c
 1782 08bf 86030000 		.4byte	.LASF112
 1783 08c3 01       		.byte	0x1
 1784 08c4 8803     		.2byte	0x388
 1785 08c6 83000000 		.4byte	0x83
 1786 08ca 00000000 		.4byte	.LFB8
 1787 08ce 34000000 		.4byte	.LFE8-.LFB8
 1788 08d2 01       		.uleb128 0x1
 1789 08d3 9C       		.byte	0x9c
 1790 08d4 07090000 		.4byte	0x907
 1791 08d8 15       		.uleb128 0x15
 1792 08d9 F5030000 		.4byte	.LASF94
 1793 08dd 01       		.byte	0x1
 1794 08de 8803     		.2byte	0x388
 1795 08e0 83000000 		.4byte	0x83
 1796 08e4 62020000 		.4byte	.LLST13
 1797 08e8 16       		.uleb128 0x16
 1798 08e9 66020000 		.4byte	.LASF113
 1799 08ed 01       		.byte	0x1
 1800 08ee 8803     		.2byte	0x388
 1801 08f0 83000000 		.4byte	0x83
 1802 08f4 01       		.uleb128 0x1
 1803 08f5 51       		.byte	0x51
 1804 08f6 17       		.uleb128 0x17
 1805 08f7 DD070000 		.4byte	.LASF102
 1806 08fb 01       		.byte	0x1
 1807 08fc 8A03     		.2byte	0x38a
 1808 08fe 83000000 		.4byte	0x83
 1809 0902 B5020000 		.4byte	.LLST14
 1810 0906 00       		.byte	0
 1811 0907 1C       		.uleb128 0x1c
 1812 0908 F2050000 		.4byte	.LASF114
 1813 090c 01       		.byte	0x1
 1814 090d 5804     		.2byte	0x458
 1815 090f 83000000 		.4byte	0x83
 1816 0913 00000000 		.4byte	.LFB9
ARM GAS  C:\Users\Lenovo\AppData\Local\Temp\ccj7Szb4.s 			page 53


 1817 0917 38000000 		.4byte	.LFE9-.LFB9
 1818 091b 01       		.uleb128 0x1
 1819 091c 9C       		.byte	0x9c
 1820 091d 52090000 		.4byte	0x952
 1821 0921 15       		.uleb128 0x15
 1822 0922 F5030000 		.4byte	.LASF94
 1823 0926 01       		.byte	0x1
 1824 0927 5804     		.2byte	0x458
 1825 0929 83000000 		.4byte	0x83
 1826 092d EB020000 		.4byte	.LLST15
 1827 0931 17       		.uleb128 0x17
 1828 0932 DD070000 		.4byte	.LASF102
 1829 0936 01       		.byte	0x1
 1830 0937 5A04     		.2byte	0x45a
 1831 0939 83000000 		.4byte	0x83
 1832 093d 3E030000 		.4byte	.LLST16
 1833 0941 17       		.uleb128 0x17
 1834 0942 3D050000 		.4byte	.LASF115
 1835 0946 01       		.byte	0x1
 1836 0947 5B04     		.2byte	0x45b
 1837 0949 52090000 		.4byte	0x952
 1838 094d 78030000 		.4byte	.LLST17
 1839 0951 00       		.byte	0
 1840 0952 11       		.uleb128 0x11
 1841 0953 04       		.byte	0x4
 1842 0954 DA010000 		.4byte	0x1da
 1843 0958 24       		.uleb128 0x24
 1844 0959 02010000 		.4byte	.LASF116
 1845 095d 01       		.byte	0x1
 1846 095e 49       		.byte	0x49
 1847 095f 2D010000 		.4byte	0x12d
 1848 0963 05       		.uleb128 0x5
 1849 0964 03       		.byte	0x3
 1850 0965 04000000 		.4byte	CapSense_debounceLinearSlider0
 1851 0969 0A       		.uleb128 0xa
 1852 096a 45050000 		.4byte	0x545
 1853 096e 79090000 		.4byte	0x979
 1854 0972 0B       		.uleb128 0xb
 1855 0973 D2000000 		.4byte	0xd2
 1856 0977 00       		.byte	0
 1857 0978 00       		.byte	0
 1858 0979 24       		.uleb128 0x24
 1859 097a 3C030000 		.4byte	.LASF117
 1860 097e 01       		.byte	0x1
 1861 097f 4F       		.byte	0x4f
 1862 0980 69090000 		.4byte	0x969
 1863 0984 05       		.uleb128 0x5
 1864 0985 03       		.byte	0x3
 1865 0986 00000000 		.4byte	CapSense_posHistoryLinearSlider0
 1866 098a 24       		.uleb128 0x24
 1867 098b 0A050000 		.4byte	.LASF118
 1868 098f 01       		.byte	0x1
 1869 0990 B7       		.byte	0xb7
 1870 0991 9B090000 		.4byte	0x99b
 1871 0995 05       		.uleb128 0x5
 1872 0996 03       		.byte	0x3
 1873 0997 00000000 		.4byte	CapSense_ramWidgetInit
ARM GAS  C:\Users\Lenovo\AppData\Local\Temp\ccj7Szb4.s 			page 54


 1874 099b 22       		.uleb128 0x22
 1875 099c FC010000 		.4byte	0x1fc
 1876 09a0 25       		.uleb128 0x25
 1877 09a1 EC040000 		.4byte	.LASF119
 1878 09a5 01       		.byte	0x1
 1879 09a6 42       		.byte	0x42
 1880 09a7 8C030000 		.4byte	0x38c
 1881 09ab 05       		.uleb128 0x5
 1882 09ac 03       		.byte	0x3
 1883 09ad 00000000 		.4byte	CapSense_dsRam
 1884 09b1 25       		.uleb128 0x25
 1885 09b2 96010000 		.4byte	.LASF120
 1886 09b6 01       		.byte	0x1
 1887 09b7 5E       		.byte	0x5e
 1888 09b8 C2090000 		.4byte	0x9c2
 1889 09bc 05       		.uleb128 0x5
 1890 09bd 03       		.byte	0x3
 1891 09be 00000000 		.4byte	CapSense_dsFlash
 1892 09c2 22       		.uleb128 0x22
 1893 09c3 15050000 		.4byte	0x515
 1894 09c7 0A       		.uleb128 0xa
 1895 09c8 D7090000 		.4byte	0x9d7
 1896 09cc D7090000 		.4byte	0x9d7
 1897 09d0 0B       		.uleb128 0xb
 1898 09d1 D2000000 		.4byte	0xd2
 1899 09d5 04       		.byte	0x4
 1900 09d6 00       		.byte	0
 1901 09d7 22       		.uleb128 0x22
 1902 09d8 1D040000 		.4byte	0x41d
 1903 09dc 25       		.uleb128 0x25
 1904 09dd D9030000 		.4byte	.LASF121
 1905 09e1 01       		.byte	0x1
 1906 09e2 76       		.byte	0x76
 1907 09e3 ED090000 		.4byte	0x9ed
 1908 09e7 05       		.uleb128 0x5
 1909 09e8 03       		.byte	0x3
 1910 09e9 00000000 		.4byte	CapSense_ioList
 1911 09ed 22       		.uleb128 0x22
 1912 09ee C7090000 		.4byte	0x9c7
 1913 09f2 26       		.uleb128 0x26
 1914 09f3 D3060000 		.4byte	.LASF122
 1915 09f7 D3060000 		.4byte	.LASF122
 1916 09fb 26       		.uleb128 0x26
 1917 09fc 30020000 		.4byte	.LASF123
 1918 0a00 30020000 		.4byte	.LASF123
 1919 0a04 27       		.uleb128 0x27
 1920 0a05 D6070000 		.4byte	.LASF129
 1921 0a09 D6070000 		.4byte	.LASF129
 1922 0a0d 05       		.byte	0x5
 1923 0a0e E7       		.byte	0xe7
 1924 0a0f 00       		.byte	0
 1925              		.section	.debug_abbrev,"",%progbits
 1926              	.Ldebug_abbrev0:
 1927 0000 01       		.uleb128 0x1
 1928 0001 11       		.uleb128 0x11
 1929 0002 01       		.byte	0x1
 1930 0003 25       		.uleb128 0x25
ARM GAS  C:\Users\Lenovo\AppData\Local\Temp\ccj7Szb4.s 			page 55


 1931 0004 0E       		.uleb128 0xe
 1932 0005 13       		.uleb128 0x13
 1933 0006 0B       		.uleb128 0xb
 1934 0007 03       		.uleb128 0x3
 1935 0008 0E       		.uleb128 0xe
 1936 0009 1B       		.uleb128 0x1b
 1937 000a 0E       		.uleb128 0xe
 1938 000b 55       		.uleb128 0x55
 1939 000c 17       		.uleb128 0x17
 1940 000d 11       		.uleb128 0x11
 1941 000e 01       		.uleb128 0x1
 1942 000f 10       		.uleb128 0x10
 1943 0010 17       		.uleb128 0x17
 1944 0011 00       		.byte	0
 1945 0012 00       		.byte	0
 1946 0013 02       		.uleb128 0x2
 1947 0014 24       		.uleb128 0x24
 1948 0015 00       		.byte	0
 1949 0016 0B       		.uleb128 0xb
 1950 0017 0B       		.uleb128 0xb
 1951 0018 3E       		.uleb128 0x3e
 1952 0019 0B       		.uleb128 0xb
 1953 001a 03       		.uleb128 0x3
 1954 001b 0E       		.uleb128 0xe
 1955 001c 00       		.byte	0
 1956 001d 00       		.byte	0
 1957 001e 03       		.uleb128 0x3
 1958 001f 24       		.uleb128 0x24
 1959 0020 00       		.byte	0
 1960 0021 0B       		.uleb128 0xb
 1961 0022 0B       		.uleb128 0xb
 1962 0023 3E       		.uleb128 0x3e
 1963 0024 0B       		.uleb128 0xb
 1964 0025 03       		.uleb128 0x3
 1965 0026 08       		.uleb128 0x8
 1966 0027 00       		.byte	0
 1967 0028 00       		.byte	0
 1968 0029 04       		.uleb128 0x4
 1969 002a 16       		.uleb128 0x16
 1970 002b 00       		.byte	0
 1971 002c 03       		.uleb128 0x3
 1972 002d 0E       		.uleb128 0xe
 1973 002e 3A       		.uleb128 0x3a
 1974 002f 0B       		.uleb128 0xb
 1975 0030 3B       		.uleb128 0x3b
 1976 0031 05       		.uleb128 0x5
 1977 0032 49       		.uleb128 0x49
 1978 0033 13       		.uleb128 0x13
 1979 0034 00       		.byte	0
 1980 0035 00       		.byte	0
 1981 0036 05       		.uleb128 0x5
 1982 0037 35       		.uleb128 0x35
 1983 0038 00       		.byte	0
 1984 0039 49       		.uleb128 0x49
 1985 003a 13       		.uleb128 0x13
 1986 003b 00       		.byte	0
 1987 003c 00       		.byte	0
ARM GAS  C:\Users\Lenovo\AppData\Local\Temp\ccj7Szb4.s 			page 56


 1988 003d 06       		.uleb128 0x6
 1989 003e 0F       		.uleb128 0xf
 1990 003f 00       		.byte	0
 1991 0040 0B       		.uleb128 0xb
 1992 0041 0B       		.uleb128 0xb
 1993 0042 00       		.byte	0
 1994 0043 00       		.byte	0
 1995 0044 07       		.uleb128 0x7
 1996 0045 16       		.uleb128 0x16
 1997 0046 00       		.byte	0
 1998 0047 03       		.uleb128 0x3
 1999 0048 0E       		.uleb128 0xe
 2000 0049 3A       		.uleb128 0x3a
 2001 004a 0B       		.uleb128 0xb
 2002 004b 3B       		.uleb128 0x3b
 2003 004c 0B       		.uleb128 0xb
 2004 004d 49       		.uleb128 0x49
 2005 004e 13       		.uleb128 0x13
 2006 004f 00       		.byte	0
 2007 0050 00       		.byte	0
 2008 0051 08       		.uleb128 0x8
 2009 0052 04       		.uleb128 0x4
 2010 0053 01       		.byte	0x1
 2011 0054 0B       		.uleb128 0xb
 2012 0055 0B       		.uleb128 0xb
 2013 0056 49       		.uleb128 0x49
 2014 0057 13       		.uleb128 0x13
 2015 0058 3A       		.uleb128 0x3a
 2016 0059 0B       		.uleb128 0xb
 2017 005a 3B       		.uleb128 0x3b
 2018 005b 0B       		.uleb128 0xb
 2019 005c 01       		.uleb128 0x1
 2020 005d 13       		.uleb128 0x13
 2021 005e 00       		.byte	0
 2022 005f 00       		.byte	0
 2023 0060 09       		.uleb128 0x9
 2024 0061 28       		.uleb128 0x28
 2025 0062 00       		.byte	0
 2026 0063 03       		.uleb128 0x3
 2027 0064 0E       		.uleb128 0xe
 2028 0065 1C       		.uleb128 0x1c
 2029 0066 0B       		.uleb128 0xb
 2030 0067 00       		.byte	0
 2031 0068 00       		.byte	0
 2032 0069 0A       		.uleb128 0xa
 2033 006a 01       		.uleb128 0x1
 2034 006b 01       		.byte	0x1
 2035 006c 49       		.uleb128 0x49
 2036 006d 13       		.uleb128 0x13
 2037 006e 01       		.uleb128 0x1
 2038 006f 13       		.uleb128 0x13
 2039 0070 00       		.byte	0
 2040 0071 00       		.byte	0
 2041 0072 0B       		.uleb128 0xb
 2042 0073 21       		.uleb128 0x21
 2043 0074 00       		.byte	0
 2044 0075 49       		.uleb128 0x49
ARM GAS  C:\Users\Lenovo\AppData\Local\Temp\ccj7Szb4.s 			page 57


 2045 0076 13       		.uleb128 0x13
 2046 0077 2F       		.uleb128 0x2f
 2047 0078 0B       		.uleb128 0xb
 2048 0079 00       		.byte	0
 2049 007a 00       		.byte	0
 2050 007b 0C       		.uleb128 0xc
 2051 007c 13       		.uleb128 0x13
 2052 007d 01       		.byte	0x1
 2053 007e 0B       		.uleb128 0xb
 2054 007f 0B       		.uleb128 0xb
 2055 0080 3A       		.uleb128 0x3a
 2056 0081 0B       		.uleb128 0xb
 2057 0082 3B       		.uleb128 0x3b
 2058 0083 0B       		.uleb128 0xb
 2059 0084 01       		.uleb128 0x1
 2060 0085 13       		.uleb128 0x13
 2061 0086 00       		.byte	0
 2062 0087 00       		.byte	0
 2063 0088 0D       		.uleb128 0xd
 2064 0089 0D       		.uleb128 0xd
 2065 008a 00       		.byte	0
 2066 008b 03       		.uleb128 0x3
 2067 008c 0E       		.uleb128 0xe
 2068 008d 3A       		.uleb128 0x3a
 2069 008e 0B       		.uleb128 0xb
 2070 008f 3B       		.uleb128 0x3b
 2071 0090 0B       		.uleb128 0xb
 2072 0091 49       		.uleb128 0x49
 2073 0092 13       		.uleb128 0x13
 2074 0093 38       		.uleb128 0x38
 2075 0094 0B       		.uleb128 0xb
 2076 0095 00       		.byte	0
 2077 0096 00       		.byte	0
 2078 0097 0E       		.uleb128 0xe
 2079 0098 13       		.uleb128 0x13
 2080 0099 01       		.byte	0x1
 2081 009a 0B       		.uleb128 0xb
 2082 009b 0B       		.uleb128 0xb
 2083 009c 3A       		.uleb128 0x3a
 2084 009d 0B       		.uleb128 0xb
 2085 009e 3B       		.uleb128 0x3b
 2086 009f 05       		.uleb128 0x5
 2087 00a0 01       		.uleb128 0x1
 2088 00a1 13       		.uleb128 0x13
 2089 00a2 00       		.byte	0
 2090 00a3 00       		.byte	0
 2091 00a4 0F       		.uleb128 0xf
 2092 00a5 0D       		.uleb128 0xd
 2093 00a6 00       		.byte	0
 2094 00a7 03       		.uleb128 0x3
 2095 00a8 0E       		.uleb128 0xe
 2096 00a9 3A       		.uleb128 0x3a
 2097 00aa 0B       		.uleb128 0xb
 2098 00ab 3B       		.uleb128 0x3b
 2099 00ac 05       		.uleb128 0x5
 2100 00ad 49       		.uleb128 0x49
 2101 00ae 13       		.uleb128 0x13
ARM GAS  C:\Users\Lenovo\AppData\Local\Temp\ccj7Szb4.s 			page 58


 2102 00af 38       		.uleb128 0x38
 2103 00b0 0B       		.uleb128 0xb
 2104 00b1 00       		.byte	0
 2105 00b2 00       		.byte	0
 2106 00b3 10       		.uleb128 0x10
 2107 00b4 0D       		.uleb128 0xd
 2108 00b5 00       		.byte	0
 2109 00b6 03       		.uleb128 0x3
 2110 00b7 08       		.uleb128 0x8
 2111 00b8 3A       		.uleb128 0x3a
 2112 00b9 0B       		.uleb128 0xb
 2113 00ba 3B       		.uleb128 0x3b
 2114 00bb 05       		.uleb128 0x5
 2115 00bc 49       		.uleb128 0x49
 2116 00bd 13       		.uleb128 0x13
 2117 00be 38       		.uleb128 0x38
 2118 00bf 0B       		.uleb128 0xb
 2119 00c0 00       		.byte	0
 2120 00c1 00       		.byte	0
 2121 00c2 11       		.uleb128 0x11
 2122 00c3 0F       		.uleb128 0xf
 2123 00c4 00       		.byte	0
 2124 00c5 0B       		.uleb128 0xb
 2125 00c6 0B       		.uleb128 0xb
 2126 00c7 49       		.uleb128 0x49
 2127 00c8 13       		.uleb128 0x13
 2128 00c9 00       		.byte	0
 2129 00ca 00       		.byte	0
 2130 00cb 12       		.uleb128 0x12
 2131 00cc 26       		.uleb128 0x26
 2132 00cd 00       		.byte	0
 2133 00ce 00       		.byte	0
 2134 00cf 00       		.byte	0
 2135 00d0 13       		.uleb128 0x13
 2136 00d1 0D       		.uleb128 0xd
 2137 00d2 00       		.byte	0
 2138 00d3 03       		.uleb128 0x3
 2139 00d4 08       		.uleb128 0x8
 2140 00d5 3A       		.uleb128 0x3a
 2141 00d6 0B       		.uleb128 0xb
 2142 00d7 3B       		.uleb128 0x3b
 2143 00d8 0B       		.uleb128 0xb
 2144 00d9 49       		.uleb128 0x49
 2145 00da 13       		.uleb128 0x13
 2146 00db 38       		.uleb128 0x38
 2147 00dc 0B       		.uleb128 0xb
 2148 00dd 00       		.byte	0
 2149 00de 00       		.byte	0
 2150 00df 14       		.uleb128 0x14
 2151 00e0 2E       		.uleb128 0x2e
 2152 00e1 01       		.byte	0x1
 2153 00e2 03       		.uleb128 0x3
 2154 00e3 0E       		.uleb128 0xe
 2155 00e4 3A       		.uleb128 0x3a
 2156 00e5 0B       		.uleb128 0xb
 2157 00e6 3B       		.uleb128 0x3b
 2158 00e7 05       		.uleb128 0x5
ARM GAS  C:\Users\Lenovo\AppData\Local\Temp\ccj7Szb4.s 			page 59


 2159 00e8 27       		.uleb128 0x27
 2160 00e9 19       		.uleb128 0x19
 2161 00ea 49       		.uleb128 0x49
 2162 00eb 13       		.uleb128 0x13
 2163 00ec 11       		.uleb128 0x11
 2164 00ed 01       		.uleb128 0x1
 2165 00ee 12       		.uleb128 0x12
 2166 00ef 06       		.uleb128 0x6
 2167 00f0 40       		.uleb128 0x40
 2168 00f1 18       		.uleb128 0x18
 2169 00f2 9742     		.uleb128 0x2117
 2170 00f4 19       		.uleb128 0x19
 2171 00f5 01       		.uleb128 0x1
 2172 00f6 13       		.uleb128 0x13
 2173 00f7 00       		.byte	0
 2174 00f8 00       		.byte	0
 2175 00f9 15       		.uleb128 0x15
 2176 00fa 05       		.uleb128 0x5
 2177 00fb 00       		.byte	0
 2178 00fc 03       		.uleb128 0x3
 2179 00fd 0E       		.uleb128 0xe
 2180 00fe 3A       		.uleb128 0x3a
 2181 00ff 0B       		.uleb128 0xb
 2182 0100 3B       		.uleb128 0x3b
 2183 0101 05       		.uleb128 0x5
 2184 0102 49       		.uleb128 0x49
 2185 0103 13       		.uleb128 0x13
 2186 0104 02       		.uleb128 0x2
 2187 0105 17       		.uleb128 0x17
 2188 0106 00       		.byte	0
 2189 0107 00       		.byte	0
 2190 0108 16       		.uleb128 0x16
 2191 0109 05       		.uleb128 0x5
 2192 010a 00       		.byte	0
 2193 010b 03       		.uleb128 0x3
 2194 010c 0E       		.uleb128 0xe
 2195 010d 3A       		.uleb128 0x3a
 2196 010e 0B       		.uleb128 0xb
 2197 010f 3B       		.uleb128 0x3b
 2198 0110 05       		.uleb128 0x5
 2199 0111 49       		.uleb128 0x49
 2200 0112 13       		.uleb128 0x13
 2201 0113 02       		.uleb128 0x2
 2202 0114 18       		.uleb128 0x18
 2203 0115 00       		.byte	0
 2204 0116 00       		.byte	0
 2205 0117 17       		.uleb128 0x17
 2206 0118 34       		.uleb128 0x34
 2207 0119 00       		.byte	0
 2208 011a 03       		.uleb128 0x3
 2209 011b 0E       		.uleb128 0xe
 2210 011c 3A       		.uleb128 0x3a
 2211 011d 0B       		.uleb128 0xb
 2212 011e 3B       		.uleb128 0x3b
 2213 011f 05       		.uleb128 0x5
 2214 0120 49       		.uleb128 0x49
 2215 0121 13       		.uleb128 0x13
ARM GAS  C:\Users\Lenovo\AppData\Local\Temp\ccj7Szb4.s 			page 60


 2216 0122 02       		.uleb128 0x2
 2217 0123 17       		.uleb128 0x17
 2218 0124 00       		.byte	0
 2219 0125 00       		.byte	0
 2220 0126 18       		.uleb128 0x18
 2221 0127 2E       		.uleb128 0x2e
 2222 0128 01       		.byte	0x1
 2223 0129 3F       		.uleb128 0x3f
 2224 012a 19       		.uleb128 0x19
 2225 012b 03       		.uleb128 0x3
 2226 012c 0E       		.uleb128 0xe
 2227 012d 3A       		.uleb128 0x3a
 2228 012e 0B       		.uleb128 0xb
 2229 012f 3B       		.uleb128 0x3b
 2230 0130 05       		.uleb128 0x5
 2231 0131 27       		.uleb128 0x27
 2232 0132 19       		.uleb128 0x19
 2233 0133 11       		.uleb128 0x11
 2234 0134 01       		.uleb128 0x1
 2235 0135 12       		.uleb128 0x12
 2236 0136 06       		.uleb128 0x6
 2237 0137 40       		.uleb128 0x40
 2238 0138 18       		.uleb128 0x18
 2239 0139 9742     		.uleb128 0x2117
 2240 013b 19       		.uleb128 0x19
 2241 013c 01       		.uleb128 0x1
 2242 013d 13       		.uleb128 0x13
 2243 013e 00       		.byte	0
 2244 013f 00       		.byte	0
 2245 0140 19       		.uleb128 0x19
 2246 0141 898201   		.uleb128 0x4109
 2247 0144 01       		.byte	0x1
 2248 0145 11       		.uleb128 0x11
 2249 0146 01       		.uleb128 0x1
 2250 0147 31       		.uleb128 0x31
 2251 0148 13       		.uleb128 0x13
 2252 0149 01       		.uleb128 0x1
 2253 014a 13       		.uleb128 0x13
 2254 014b 00       		.byte	0
 2255 014c 00       		.byte	0
 2256 014d 1A       		.uleb128 0x1a
 2257 014e 8A8201   		.uleb128 0x410a
 2258 0151 00       		.byte	0
 2259 0152 02       		.uleb128 0x2
 2260 0153 18       		.uleb128 0x18
 2261 0154 9142     		.uleb128 0x2111
 2262 0156 18       		.uleb128 0x18
 2263 0157 00       		.byte	0
 2264 0158 00       		.byte	0
 2265 0159 1B       		.uleb128 0x1b
 2266 015a 898201   		.uleb128 0x4109
 2267 015d 01       		.byte	0x1
 2268 015e 11       		.uleb128 0x11
 2269 015f 01       		.uleb128 0x1
 2270 0160 31       		.uleb128 0x31
 2271 0161 13       		.uleb128 0x13
 2272 0162 00       		.byte	0
ARM GAS  C:\Users\Lenovo\AppData\Local\Temp\ccj7Szb4.s 			page 61


 2273 0163 00       		.byte	0
 2274 0164 1C       		.uleb128 0x1c
 2275 0165 2E       		.uleb128 0x2e
 2276 0166 01       		.byte	0x1
 2277 0167 3F       		.uleb128 0x3f
 2278 0168 19       		.uleb128 0x19
 2279 0169 03       		.uleb128 0x3
 2280 016a 0E       		.uleb128 0xe
 2281 016b 3A       		.uleb128 0x3a
 2282 016c 0B       		.uleb128 0xb
 2283 016d 3B       		.uleb128 0x3b
 2284 016e 05       		.uleb128 0x5
 2285 016f 27       		.uleb128 0x27
 2286 0170 19       		.uleb128 0x19
 2287 0171 49       		.uleb128 0x49
 2288 0172 13       		.uleb128 0x13
 2289 0173 11       		.uleb128 0x11
 2290 0174 01       		.uleb128 0x1
 2291 0175 12       		.uleb128 0x12
 2292 0176 06       		.uleb128 0x6
 2293 0177 40       		.uleb128 0x40
 2294 0178 18       		.uleb128 0x18
 2295 0179 9742     		.uleb128 0x2117
 2296 017b 19       		.uleb128 0x19
 2297 017c 01       		.uleb128 0x1
 2298 017d 13       		.uleb128 0x13
 2299 017e 00       		.byte	0
 2300 017f 00       		.byte	0
 2301 0180 1D       		.uleb128 0x1d
 2302 0181 34       		.uleb128 0x34
 2303 0182 00       		.byte	0
 2304 0183 03       		.uleb128 0x3
 2305 0184 0E       		.uleb128 0xe
 2306 0185 3A       		.uleb128 0x3a
 2307 0186 0B       		.uleb128 0xb
 2308 0187 3B       		.uleb128 0x3b
 2309 0188 05       		.uleb128 0x5
 2310 0189 49       		.uleb128 0x49
 2311 018a 13       		.uleb128 0x13
 2312 018b 02       		.uleb128 0x2
 2313 018c 18       		.uleb128 0x18
 2314 018d 00       		.byte	0
 2315 018e 00       		.byte	0
 2316 018f 1E       		.uleb128 0x1e
 2317 0190 17       		.uleb128 0x17
 2318 0191 01       		.byte	0x1
 2319 0192 0B       		.uleb128 0xb
 2320 0193 0B       		.uleb128 0xb
 2321 0194 3A       		.uleb128 0x3a
 2322 0195 0B       		.uleb128 0xb
 2323 0196 3B       		.uleb128 0x3b
 2324 0197 05       		.uleb128 0x5
 2325 0198 01       		.uleb128 0x1
 2326 0199 13       		.uleb128 0x13
 2327 019a 00       		.byte	0
 2328 019b 00       		.byte	0
 2329 019c 1F       		.uleb128 0x1f
ARM GAS  C:\Users\Lenovo\AppData\Local\Temp\ccj7Szb4.s 			page 62


 2330 019d 0D       		.uleb128 0xd
 2331 019e 00       		.byte	0
 2332 019f 03       		.uleb128 0x3
 2333 01a0 08       		.uleb128 0x8
 2334 01a1 3A       		.uleb128 0x3a
 2335 01a2 0B       		.uleb128 0xb
 2336 01a3 3B       		.uleb128 0x3b
 2337 01a4 05       		.uleb128 0x5
 2338 01a5 49       		.uleb128 0x49
 2339 01a6 13       		.uleb128 0x13
 2340 01a7 00       		.byte	0
 2341 01a8 00       		.byte	0
 2342 01a9 20       		.uleb128 0x20
 2343 01aa 0D       		.uleb128 0xd
 2344 01ab 00       		.byte	0
 2345 01ac 03       		.uleb128 0x3
 2346 01ad 0E       		.uleb128 0xe
 2347 01ae 3A       		.uleb128 0x3a
 2348 01af 0B       		.uleb128 0xb
 2349 01b0 3B       		.uleb128 0x3b
 2350 01b1 05       		.uleb128 0x5
 2351 01b2 49       		.uleb128 0x49
 2352 01b3 13       		.uleb128 0x13
 2353 01b4 00       		.byte	0
 2354 01b5 00       		.byte	0
 2355 01b6 21       		.uleb128 0x21
 2356 01b7 35       		.uleb128 0x35
 2357 01b8 00       		.byte	0
 2358 01b9 00       		.byte	0
 2359 01ba 00       		.byte	0
 2360 01bb 22       		.uleb128 0x22
 2361 01bc 26       		.uleb128 0x26
 2362 01bd 00       		.byte	0
 2363 01be 49       		.uleb128 0x49
 2364 01bf 13       		.uleb128 0x13
 2365 01c0 00       		.byte	0
 2366 01c1 00       		.byte	0
 2367 01c2 23       		.uleb128 0x23
 2368 01c3 34       		.uleb128 0x34
 2369 01c4 00       		.byte	0
 2370 01c5 03       		.uleb128 0x3
 2371 01c6 0E       		.uleb128 0xe
 2372 01c7 3A       		.uleb128 0x3a
 2373 01c8 0B       		.uleb128 0xb
 2374 01c9 3B       		.uleb128 0x3b
 2375 01ca 05       		.uleb128 0x5
 2376 01cb 49       		.uleb128 0x49
 2377 01cc 13       		.uleb128 0x13
 2378 01cd 00       		.byte	0
 2379 01ce 00       		.byte	0
 2380 01cf 24       		.uleb128 0x24
 2381 01d0 34       		.uleb128 0x34
 2382 01d1 00       		.byte	0
 2383 01d2 03       		.uleb128 0x3
 2384 01d3 0E       		.uleb128 0xe
 2385 01d4 3A       		.uleb128 0x3a
 2386 01d5 0B       		.uleb128 0xb
ARM GAS  C:\Users\Lenovo\AppData\Local\Temp\ccj7Szb4.s 			page 63


 2387 01d6 3B       		.uleb128 0x3b
 2388 01d7 0B       		.uleb128 0xb
 2389 01d8 49       		.uleb128 0x49
 2390 01d9 13       		.uleb128 0x13
 2391 01da 02       		.uleb128 0x2
 2392 01db 18       		.uleb128 0x18
 2393 01dc 00       		.byte	0
 2394 01dd 00       		.byte	0
 2395 01de 25       		.uleb128 0x25
 2396 01df 34       		.uleb128 0x34
 2397 01e0 00       		.byte	0
 2398 01e1 03       		.uleb128 0x3
 2399 01e2 0E       		.uleb128 0xe
 2400 01e3 3A       		.uleb128 0x3a
 2401 01e4 0B       		.uleb128 0xb
 2402 01e5 3B       		.uleb128 0x3b
 2403 01e6 0B       		.uleb128 0xb
 2404 01e7 49       		.uleb128 0x49
 2405 01e8 13       		.uleb128 0x13
 2406 01e9 3F       		.uleb128 0x3f
 2407 01ea 19       		.uleb128 0x19
 2408 01eb 02       		.uleb128 0x2
 2409 01ec 18       		.uleb128 0x18
 2410 01ed 00       		.byte	0
 2411 01ee 00       		.byte	0
 2412 01ef 26       		.uleb128 0x26
 2413 01f0 2E       		.uleb128 0x2e
 2414 01f1 00       		.byte	0
 2415 01f2 3F       		.uleb128 0x3f
 2416 01f3 19       		.uleb128 0x19
 2417 01f4 3C       		.uleb128 0x3c
 2418 01f5 19       		.uleb128 0x19
 2419 01f6 6E       		.uleb128 0x6e
 2420 01f7 0E       		.uleb128 0xe
 2421 01f8 03       		.uleb128 0x3
 2422 01f9 0E       		.uleb128 0xe
 2423 01fa 00       		.byte	0
 2424 01fb 00       		.byte	0
 2425 01fc 27       		.uleb128 0x27
 2426 01fd 2E       		.uleb128 0x2e
 2427 01fe 00       		.byte	0
 2428 01ff 3F       		.uleb128 0x3f
 2429 0200 19       		.uleb128 0x19
 2430 0201 3C       		.uleb128 0x3c
 2431 0202 19       		.uleb128 0x19
 2432 0203 6E       		.uleb128 0x6e
 2433 0204 0E       		.uleb128 0xe
 2434 0205 03       		.uleb128 0x3
 2435 0206 0E       		.uleb128 0xe
 2436 0207 3A       		.uleb128 0x3a
 2437 0208 0B       		.uleb128 0xb
 2438 0209 3B       		.uleb128 0x3b
 2439 020a 0B       		.uleb128 0xb
 2440 020b 00       		.byte	0
 2441 020c 00       		.byte	0
 2442 020d 00       		.byte	0
 2443              		.section	.debug_loc,"",%progbits
ARM GAS  C:\Users\Lenovo\AppData\Local\Temp\ccj7Szb4.s 			page 64


 2444              	.Ldebug_loc0:
 2445              	.LLST0:
 2446 0000 00000000 		.4byte	.LVL0
 2447 0004 28000000 		.4byte	.LVL2
 2448 0008 0100     		.2byte	0x1
 2449 000a 50       		.byte	0x50
 2450 000b 28000000 		.4byte	.LVL2
 2451 000f 7A000000 		.4byte	.LFE3
 2452 0013 0400     		.2byte	0x4
 2453 0015 F3       		.byte	0xf3
 2454 0016 01       		.uleb128 0x1
 2455 0017 50       		.byte	0x50
 2456 0018 9F       		.byte	0x9f
 2457 0019 00000000 		.4byte	0
 2458 001d 00000000 		.4byte	0
 2459              	.LLST1:
 2460 0021 02000000 		.4byte	.LVL1
 2461 0025 44000000 		.4byte	.LVL3
 2462 0029 0200     		.2byte	0x2
 2463 002b 30       		.byte	0x30
 2464 002c 9F       		.byte	0x9f
 2465 002d 44000000 		.4byte	.LVL3
 2466 0031 4A000000 		.4byte	.LVL4
 2467 0035 0100     		.2byte	0x1
 2468 0037 50       		.byte	0x50
 2469 0038 4A000000 		.4byte	.LVL4
 2470 003c 4E000000 		.4byte	.LVL5
 2471 0040 0200     		.2byte	0x2
 2472 0042 30       		.byte	0x30
 2473 0043 9F       		.byte	0x9f
 2474 0044 4E000000 		.4byte	.LVL5
 2475 0048 70000000 		.4byte	.LVL7
 2476 004c 0100     		.2byte	0x1
 2477 004e 50       		.byte	0x50
 2478 004f 72000000 		.4byte	.LVL8
 2479 0053 74000000 		.4byte	.LVL9
 2480 0057 0100     		.2byte	0x1
 2481 0059 50       		.byte	0x50
 2482 005a 76000000 		.4byte	.LVL10
 2483 005e 7A000000 		.4byte	.LFE3
 2484 0062 0100     		.2byte	0x1
 2485 0064 50       		.byte	0x50
 2486 0065 00000000 		.4byte	0
 2487 0069 00000000 		.4byte	0
 2488              	.LLST2:
 2489 006d 00000000 		.4byte	.LVL14
 2490 0071 0B000000 		.4byte	.LVL16-1
 2491 0075 0100     		.2byte	0x1
 2492 0077 50       		.byte	0x50
 2493 0078 0B000000 		.4byte	.LVL16-1
 2494 007c 60000000 		.4byte	.LFE4
 2495 0080 0400     		.2byte	0x4
 2496 0082 F3       		.byte	0xf3
 2497 0083 01       		.uleb128 0x1
 2498 0084 50       		.byte	0x50
 2499 0085 9F       		.byte	0x9f
 2500 0086 00000000 		.4byte	0
ARM GAS  C:\Users\Lenovo\AppData\Local\Temp\ccj7Szb4.s 			page 65


 2501 008a 00000000 		.4byte	0
 2502              	.LLST3:
 2503 008e 00000000 		.4byte	.LVL14
 2504 0092 08000000 		.4byte	.LVL15
 2505 0096 0100     		.2byte	0x1
 2506 0098 51       		.byte	0x51
 2507 0099 08000000 		.4byte	.LVL15
 2508 009d 54000000 		.4byte	.LVL24
 2509 00a1 0100     		.2byte	0x1
 2510 00a3 55       		.byte	0x55
 2511 00a4 54000000 		.4byte	.LVL24
 2512 00a8 60000000 		.4byte	.LFE4
 2513 00ac 0400     		.2byte	0x4
 2514 00ae F3       		.byte	0xf3
 2515 00af 01       		.uleb128 0x1
 2516 00b0 51       		.byte	0x51
 2517 00b1 9F       		.byte	0x9f
 2518 00b2 00000000 		.4byte	0
 2519 00b6 00000000 		.4byte	0
 2520              	.LLST4:
 2521 00ba 0E000000 		.4byte	.LVL17
 2522 00be 4C000000 		.4byte	.LVL21
 2523 00c2 0100     		.2byte	0x1
 2524 00c4 50       		.byte	0x50
 2525 00c5 4C000000 		.4byte	.LVL21
 2526 00c9 54000000 		.4byte	.LVL23
 2527 00cd 0100     		.2byte	0x1
 2528 00cf 54       		.byte	0x54
 2529 00d0 54000000 		.4byte	.LVL23
 2530 00d4 60000000 		.4byte	.LFE4
 2531 00d8 0100     		.2byte	0x1
 2532 00da 50       		.byte	0x50
 2533 00db 00000000 		.4byte	0
 2534 00df 00000000 		.4byte	0
 2535              	.LLST5:
 2536 00e3 26000000 		.4byte	.LVL19
 2537 00e7 2A000000 		.4byte	.LVL20
 2538 00eb 0100     		.2byte	0x1
 2539 00ed 52       		.byte	0x52
 2540 00ee 00000000 		.4byte	0
 2541 00f2 00000000 		.4byte	0
 2542              	.LLST6:
 2543 00f6 00000000 		.4byte	.LVL25
 2544 00fa 0B000000 		.4byte	.LVL27-1
 2545 00fe 0100     		.2byte	0x1
 2546 0100 50       		.byte	0x50
 2547 0101 0B000000 		.4byte	.LVL27-1
 2548 0105 58000000 		.4byte	.LFE5
 2549 0109 0400     		.2byte	0x4
 2550 010b F3       		.byte	0xf3
 2551 010c 01       		.uleb128 0x1
 2552 010d 50       		.byte	0x50
 2553 010e 9F       		.byte	0x9f
 2554 010f 00000000 		.4byte	0
 2555 0113 00000000 		.4byte	0
 2556              	.LLST7:
 2557 0117 00000000 		.4byte	.LVL25
ARM GAS  C:\Users\Lenovo\AppData\Local\Temp\ccj7Szb4.s 			page 66


 2558 011b 08000000 		.4byte	.LVL26
 2559 011f 0100     		.2byte	0x1
 2560 0121 51       		.byte	0x51
 2561 0122 08000000 		.4byte	.LVL26
 2562 0126 30000000 		.4byte	.LVL30
 2563 012a 0100     		.2byte	0x1
 2564 012c 55       		.byte	0x55
 2565 012d 30000000 		.4byte	.LVL30
 2566 0131 34000000 		.4byte	.LVL31
 2567 0135 0400     		.2byte	0x4
 2568 0137 F3       		.byte	0xf3
 2569 0138 01       		.uleb128 0x1
 2570 0139 51       		.byte	0x51
 2571 013a 9F       		.byte	0x9f
 2572 013b 34000000 		.4byte	.LVL31
 2573 013f 3A000000 		.4byte	.LVL32
 2574 0143 0100     		.2byte	0x1
 2575 0145 55       		.byte	0x55
 2576 0146 3A000000 		.4byte	.LVL32
 2577 014a 3E000000 		.4byte	.LVL33
 2578 014e 0400     		.2byte	0x4
 2579 0150 F3       		.byte	0xf3
 2580 0151 01       		.uleb128 0x1
 2581 0152 51       		.byte	0x51
 2582 0153 9F       		.byte	0x9f
 2583 0154 3E000000 		.4byte	.LVL33
 2584 0158 4C000000 		.4byte	.LVL34
 2585 015c 0100     		.2byte	0x1
 2586 015e 55       		.byte	0x55
 2587 015f 4C000000 		.4byte	.LVL34
 2588 0163 58000000 		.4byte	.LFE5
 2589 0167 0400     		.2byte	0x4
 2590 0169 F3       		.byte	0xf3
 2591 016a 01       		.uleb128 0x1
 2592 016b 51       		.byte	0x51
 2593 016c 9F       		.byte	0x9f
 2594 016d 00000000 		.4byte	0
 2595 0171 00000000 		.4byte	0
 2596              	.LLST8:
 2597 0175 0E000000 		.4byte	.LVL28
 2598 0179 1A000000 		.4byte	.LVL29
 2599 017d 0100     		.2byte	0x1
 2600 017f 50       		.byte	0x50
 2601 0180 1A000000 		.4byte	.LVL29
 2602 0184 50000000 		.4byte	.LVL35
 2603 0188 0100     		.2byte	0x1
 2604 018a 54       		.byte	0x54
 2605 018b 50000000 		.4byte	.LVL35
 2606 018f 58000000 		.4byte	.LFE5
 2607 0193 0100     		.2byte	0x1
 2608 0195 50       		.byte	0x50
 2609 0196 00000000 		.4byte	0
 2610 019a 00000000 		.4byte	0
 2611              	.LLST9:
 2612 019e 00000000 		.4byte	.LVL36
 2613 01a2 06000000 		.4byte	.LVL37
 2614 01a6 0200     		.2byte	0x2
ARM GAS  C:\Users\Lenovo\AppData\Local\Temp\ccj7Szb4.s 			page 67


 2615 01a8 30       		.byte	0x30
 2616 01a9 9F       		.byte	0x9f
 2617 01aa 06000000 		.4byte	.LVL37
 2618 01ae 20000000 		.4byte	.LFE6
 2619 01b2 0100     		.2byte	0x1
 2620 01b4 50       		.byte	0x50
 2621 01b5 00000000 		.4byte	0
 2622 01b9 00000000 		.4byte	0
 2623              	.LLST10:
 2624 01bd 00000000 		.4byte	.LVL36
 2625 01c1 06000000 		.4byte	.LVL37
 2626 01c5 0200     		.2byte	0x2
 2627 01c7 31       		.byte	0x31
 2628 01c8 9F       		.byte	0x9f
 2629 01c9 06000000 		.4byte	.LVL37
 2630 01cd 12000000 		.4byte	.LVL39
 2631 01d1 0100     		.2byte	0x1
 2632 01d3 52       		.byte	0x52
 2633 01d4 12000000 		.4byte	.LVL39
 2634 01d8 14000000 		.4byte	.LVL40
 2635 01dc 0100     		.2byte	0x1
 2636 01de 53       		.byte	0x53
 2637 01df 14000000 		.4byte	.LVL40
 2638 01e3 20000000 		.4byte	.LFE6
 2639 01e7 0100     		.2byte	0x1
 2640 01e9 52       		.byte	0x52
 2641 01ea 00000000 		.4byte	0
 2642 01ee 00000000 		.4byte	0
 2643              	.LLST11:
 2644 01f2 00000000 		.4byte	.LVL41
 2645 01f6 0E000000 		.4byte	.LVL42
 2646 01fa 0100     		.2byte	0x1
 2647 01fc 50       		.byte	0x50
 2648 01fd 0E000000 		.4byte	.LVL42
 2649 0201 1A000000 		.4byte	.LVL44
 2650 0205 0400     		.2byte	0x4
 2651 0207 F3       		.byte	0xf3
 2652 0208 01       		.uleb128 0x1
 2653 0209 50       		.byte	0x50
 2654 020a 9F       		.byte	0x9f
 2655 020b 1A000000 		.4byte	.LVL44
 2656 020f 1C000000 		.4byte	.LVL45
 2657 0213 0100     		.2byte	0x1
 2658 0215 50       		.byte	0x50
 2659 0216 1C000000 		.4byte	.LVL45
 2660 021a 24000000 		.4byte	.LFE7
 2661 021e 0400     		.2byte	0x4
 2662 0220 F3       		.byte	0xf3
 2663 0221 01       		.uleb128 0x1
 2664 0222 50       		.byte	0x50
 2665 0223 9F       		.byte	0x9f
 2666 0224 00000000 		.4byte	0
 2667 0228 00000000 		.4byte	0
 2668              	.LLST12:
 2669 022c 00000000 		.4byte	.LVL41
 2670 0230 18000000 		.4byte	.LVL43
 2671 0234 0200     		.2byte	0x2
ARM GAS  C:\Users\Lenovo\AppData\Local\Temp\ccj7Szb4.s 			page 68


 2672 0236 30       		.byte	0x30
 2673 0237 9F       		.byte	0x9f
 2674 0238 18000000 		.4byte	.LVL43
 2675 023c 1A000000 		.4byte	.LVL44
 2676 0240 0100     		.2byte	0x1
 2677 0242 50       		.byte	0x50
 2678 0243 1A000000 		.4byte	.LVL44
 2679 0247 1C000000 		.4byte	.LVL45
 2680 024b 0200     		.2byte	0x2
 2681 024d 30       		.byte	0x30
 2682 024e 9F       		.byte	0x9f
 2683 024f 1C000000 		.4byte	.LVL45
 2684 0253 24000000 		.4byte	.LFE7
 2685 0257 0100     		.2byte	0x1
 2686 0259 50       		.byte	0x50
 2687 025a 00000000 		.4byte	0
 2688 025e 00000000 		.4byte	0
 2689              	.LLST13:
 2690 0262 00000000 		.4byte	.LVL46
 2691 0266 18000000 		.4byte	.LVL47
 2692 026a 0100     		.2byte	0x1
 2693 026c 50       		.byte	0x50
 2694 026d 18000000 		.4byte	.LVL47
 2695 0271 22000000 		.4byte	.LVL49
 2696 0275 0400     		.2byte	0x4
 2697 0277 F3       		.byte	0xf3
 2698 0278 01       		.uleb128 0x1
 2699 0279 50       		.byte	0x50
 2700 027a 9F       		.byte	0x9f
 2701 027b 22000000 		.4byte	.LVL49
 2702 027f 24000000 		.4byte	.LVL50
 2703 0283 0100     		.2byte	0x1
 2704 0285 50       		.byte	0x50
 2705 0286 24000000 		.4byte	.LVL50
 2706 028a 26000000 		.4byte	.LVL51
 2707 028e 0400     		.2byte	0x4
 2708 0290 F3       		.byte	0xf3
 2709 0291 01       		.uleb128 0x1
 2710 0292 50       		.byte	0x50
 2711 0293 9F       		.byte	0x9f
 2712 0294 26000000 		.4byte	.LVL51
 2713 0298 28000000 		.4byte	.LVL52
 2714 029c 0100     		.2byte	0x1
 2715 029e 50       		.byte	0x50
 2716 029f 28000000 		.4byte	.LVL52
 2717 02a3 34000000 		.4byte	.LFE8
 2718 02a7 0400     		.2byte	0x4
 2719 02a9 F3       		.byte	0xf3
 2720 02aa 01       		.uleb128 0x1
 2721 02ab 50       		.byte	0x50
 2722 02ac 9F       		.byte	0x9f
 2723 02ad 00000000 		.4byte	0
 2724 02b1 00000000 		.4byte	0
 2725              	.LLST14:
 2726 02b5 00000000 		.4byte	.LVL46
 2727 02b9 20000000 		.4byte	.LVL48
 2728 02bd 0200     		.2byte	0x2
ARM GAS  C:\Users\Lenovo\AppData\Local\Temp\ccj7Szb4.s 			page 69


 2729 02bf 30       		.byte	0x30
 2730 02c0 9F       		.byte	0x9f
 2731 02c1 20000000 		.4byte	.LVL48
 2732 02c5 22000000 		.4byte	.LVL49
 2733 02c9 0100     		.2byte	0x1
 2734 02cb 50       		.byte	0x50
 2735 02cc 22000000 		.4byte	.LVL49
 2736 02d0 28000000 		.4byte	.LVL52
 2737 02d4 0200     		.2byte	0x2
 2738 02d6 30       		.byte	0x30
 2739 02d7 9F       		.byte	0x9f
 2740 02d8 28000000 		.4byte	.LVL52
 2741 02dc 34000000 		.4byte	.LFE8
 2742 02e0 0100     		.2byte	0x1
 2743 02e2 50       		.byte	0x50
 2744 02e3 00000000 		.4byte	0
 2745 02e7 00000000 		.4byte	0
 2746              	.LLST15:
 2747 02eb 00000000 		.4byte	.LVL53
 2748 02ef 1E000000 		.4byte	.LVL54
 2749 02f3 0100     		.2byte	0x1
 2750 02f5 50       		.byte	0x50
 2751 02f6 1E000000 		.4byte	.LVL54
 2752 02fa 28000000 		.4byte	.LVL57
 2753 02fe 0400     		.2byte	0x4
 2754 0300 F3       		.byte	0xf3
 2755 0301 01       		.uleb128 0x1
 2756 0302 50       		.byte	0x50
 2757 0303 9F       		.byte	0x9f
 2758 0304 28000000 		.4byte	.LVL57
 2759 0308 2A000000 		.4byte	.LVL58
 2760 030c 0100     		.2byte	0x1
 2761 030e 50       		.byte	0x50
 2762 030f 2A000000 		.4byte	.LVL58
 2763 0313 2C000000 		.4byte	.LVL59
 2764 0317 0400     		.2byte	0x4
 2765 0319 F3       		.byte	0xf3
 2766 031a 01       		.uleb128 0x1
 2767 031b 50       		.byte	0x50
 2768 031c 9F       		.byte	0x9f
 2769 031d 2C000000 		.4byte	.LVL59
 2770 0321 2E000000 		.4byte	.LVL60
 2771 0325 0100     		.2byte	0x1
 2772 0327 50       		.byte	0x50
 2773 0328 2E000000 		.4byte	.LVL60
 2774 032c 38000000 		.4byte	.LFE9
 2775 0330 0400     		.2byte	0x4
 2776 0332 F3       		.byte	0xf3
 2777 0333 01       		.uleb128 0x1
 2778 0334 50       		.byte	0x50
 2779 0335 9F       		.byte	0x9f
 2780 0336 00000000 		.4byte	0
 2781 033a 00000000 		.4byte	0
 2782              	.LLST16:
 2783 033e 00000000 		.4byte	.LVL53
 2784 0342 26000000 		.4byte	.LVL56
 2785 0346 0400     		.2byte	0x4
ARM GAS  C:\Users\Lenovo\AppData\Local\Temp\ccj7Szb4.s 			page 70


 2786 0348 0A       		.byte	0xa
 2787 0349 FFFF     		.2byte	0xffff
 2788 034b 9F       		.byte	0x9f
 2789 034c 26000000 		.4byte	.LVL56
 2790 0350 28000000 		.4byte	.LVL57
 2791 0354 0100     		.2byte	0x1
 2792 0356 50       		.byte	0x50
 2793 0357 28000000 		.4byte	.LVL57
 2794 035b 2E000000 		.4byte	.LVL60
 2795 035f 0400     		.2byte	0x4
 2796 0361 0A       		.byte	0xa
 2797 0362 FFFF     		.2byte	0xffff
 2798 0364 9F       		.byte	0x9f
 2799 0365 2E000000 		.4byte	.LVL60
 2800 0369 38000000 		.4byte	.LFE9
 2801 036d 0100     		.2byte	0x1
 2802 036f 50       		.byte	0x50
 2803 0370 00000000 		.4byte	0
 2804 0374 00000000 		.4byte	0
 2805              	.LLST17:
 2806 0378 24000000 		.4byte	.LVL55
 2807 037c 28000000 		.4byte	.LVL57
 2808 0380 0100     		.2byte	0x1
 2809 0382 53       		.byte	0x53
 2810 0383 00000000 		.4byte	0
 2811 0387 00000000 		.4byte	0
 2812              		.section	.debug_aranges,"",%progbits
 2813 0000 54000000 		.4byte	0x54
 2814 0004 0200     		.2byte	0x2
 2815 0006 00000000 		.4byte	.Ldebug_info0
 2816 000a 04       		.byte	0x4
 2817 000b 00       		.byte	0
 2818 000c 0000     		.2byte	0
 2819 000e 0000     		.2byte	0
 2820 0010 00000000 		.4byte	.LFB3
 2821 0014 7A000000 		.4byte	.LFE3-.LFB3
 2822 0018 00000000 		.4byte	.LFB2
 2823 001c 38000000 		.4byte	.LFE2-.LFB2
 2824 0020 00000000 		.4byte	.LFB4
 2825 0024 60000000 		.4byte	.LFE4-.LFB4
 2826 0028 00000000 		.4byte	.LFB5
 2827 002c 58000000 		.4byte	.LFE5-.LFB5
 2828 0030 00000000 		.4byte	.LFB6
 2829 0034 20000000 		.4byte	.LFE6-.LFB6
 2830 0038 00000000 		.4byte	.LFB7
 2831 003c 24000000 		.4byte	.LFE7-.LFB7
 2832 0040 00000000 		.4byte	.LFB8
 2833 0044 34000000 		.4byte	.LFE8-.LFB8
 2834 0048 00000000 		.4byte	.LFB9
 2835 004c 38000000 		.4byte	.LFE9-.LFB9
 2836 0050 00000000 		.4byte	0
 2837 0054 00000000 		.4byte	0
 2838              		.section	.debug_ranges,"",%progbits
 2839              	.Ldebug_ranges0:
 2840 0000 00000000 		.4byte	.LFB3
 2841 0004 7A000000 		.4byte	.LFE3
 2842 0008 00000000 		.4byte	.LFB2
ARM GAS  C:\Users\Lenovo\AppData\Local\Temp\ccj7Szb4.s 			page 71


 2843 000c 38000000 		.4byte	.LFE2
 2844 0010 00000000 		.4byte	.LFB4
 2845 0014 60000000 		.4byte	.LFE4
 2846 0018 00000000 		.4byte	.LFB5
 2847 001c 58000000 		.4byte	.LFE5
 2848 0020 00000000 		.4byte	.LFB6
 2849 0024 20000000 		.4byte	.LFE6
 2850 0028 00000000 		.4byte	.LFB7
 2851 002c 24000000 		.4byte	.LFE7
 2852 0030 00000000 		.4byte	.LFB8
 2853 0034 34000000 		.4byte	.LFE8
 2854 0038 00000000 		.4byte	.LFB9
 2855 003c 38000000 		.4byte	.LFE9
 2856 0040 00000000 		.4byte	0
 2857 0044 00000000 		.4byte	0
 2858              		.section	.debug_line,"",%progbits
 2859              	.Ldebug_line0:
 2860 0000 B7010000 		.section	.debug_str,"MS",%progbits,1
 2860      02008E00 
 2860      00000201 
 2860      FB0E0D00 
 2860      01010101 
 2861              	.LASF10:
 2862 0000 75696E74 		.ascii	"uint16\000"
 2862      313600
 2863              	.LASF95:
 2864 0007 61666665 		.ascii	"affectsCrc\000"
 2864      63747343 
 2864      726300
 2865              	.LASF86:
 2866 0012 70747232 		.ascii	"ptr2PosHistory\000"
 2866      506F7348 
 2866      6973746F 
 2866      727900
 2867              	.LASF98:
 2868 0021 50415241 		.ascii	"PARAM_ID_STRUCT\000"
 2868      4D5F4944 
 2868      5F535452 
 2868      55435400 
 2869              	.LASF108:
 2870 0031 43617053 		.ascii	"CapSense_SetParam\000"
 2870      656E7365 
 2870      5F536574 
 2870      50617261 
 2870      6D00
 2871              	.LASF87:
 2872 0043 43617053 		.ascii	"CapSense_FLASH_WD_STRUCT\000"
 2872      656E7365 
 2872      5F464C41 
 2872      53485F57 
 2872      445F5354 
 2873              	.LASF90:
 2874 005c 706F734D 		.ascii	"posMedianZ1\000"
 2874      65646961 
 2874      6E5A3100 
 2875              	.LASF91:
 2876 0068 706F734D 		.ascii	"posMedianZ2\000"
ARM GAS  C:\Users\Lenovo\AppData\Local\Temp\ccj7Szb4.s 			page 72


 2876      65646961 
 2876      6E5A3200 
 2877              	.LASF124:
 2878 0074 474E5520 		.ascii	"GNU C11 5.4.1 20160609 (release) [ARM/embedded-5-br"
 2878      43313120 
 2878      352E342E 
 2878      31203230 
 2878      31363036 
 2879 00a7 616E6368 		.ascii	"anch revision 237715] -mcpu=cortex-m0 -mthumb -g -O"
 2879      20726576 
 2879      6973696F 
 2879      6E203233 
 2879      37373135 
 2880 00da 67202D66 		.ascii	"g -ffunction-sections -ffat-lto-objects\000"
 2880      66756E63 
 2880      74696F6E 
 2880      2D736563 
 2880      74696F6E 
 2881              	.LASF116:
 2882 0102 43617053 		.ascii	"CapSense_debounceLinearSlider0\000"
 2882      656E7365 
 2882      5F646562 
 2882      6F756E63 
 2882      654C696E 
 2883              	.LASF46:
 2884 0121 43617053 		.ascii	"CapSense_RAM_SNS_STRUCT\000"
 2884      656E7365 
 2884      5F52414D 
 2884      5F534E53 
 2884      5F535452 
 2885              	.LASF7:
 2886 0139 6C6F6E67 		.ascii	"long long unsigned int\000"
 2886      206C6F6E 
 2886      6720756E 
 2886      7369676E 
 2886      65642069 
 2887              	.LASF75:
 2888 0150 70747232 		.ascii	"ptr2SnsFlash\000"
 2888      536E7346 
 2888      6C617368 
 2888      00
 2889              	.LASF44:
 2890 015d 64696666 		.ascii	"diff\000"
 2890      00
 2891              	.LASF20:
 2892 0162 43617053 		.ascii	"CapSense_LOW_BSLN_RST_TYPE\000"
 2892      656E7365 
 2892      5F4C4F57 
 2892      5F42534C 
 2892      4E5F5253 
 2893              	.LASF65:
 2894 017d 6873696F 		.ascii	"hsiomPtr\000"
 2894      6D507472 
 2894      00
 2895              	.LASF61:
 2896 0186 736E7254 		.ascii	"snrTestSensorId\000"
 2896      65737453 
ARM GAS  C:\Users\Lenovo\AppData\Local\Temp\ccj7Szb4.s 			page 73


 2896      656E736F 
 2896      72496400 
 2897              	.LASF120:
 2898 0196 43617053 		.ascii	"CapSense_dsFlash\000"
 2898      656E7365 
 2898      5F647346 
 2898      6C617368 
 2898      00
 2899              	.LASF19:
 2900 01a7 43617053 		.ascii	"CapSense_THRESHOLD_TYPE\000"
 2900      656E7365 
 2900      5F544852 
 2900      4553484F 
 2900      4C445F54 
 2901              	.LASF22:
 2902 01bf 43617053 		.ascii	"CapSense_WD_LINEAR_SLIDER_E\000"
 2902      656E7365 
 2902      5F57445F 
 2902      4C494E45 
 2902      41525F53 
 2903              	.LASF6:
 2904 01db 6C6F6E67 		.ascii	"long long int\000"
 2904      206C6F6E 
 2904      6720696E 
 2904      7400
 2905              	.LASF0:
 2906 01e9 7369676E 		.ascii	"signed char\000"
 2906      65642063 
 2906      68617200 
 2907              	.LASF66:
 2908 01f5 70635074 		.ascii	"pcPtr\000"
 2908      7200
 2909              	.LASF110:
 2910 01fb 7764576F 		.ascii	"wdWord\000"
 2910      726400
 2911              	.LASF55:
 2912 0202 736E7353 		.ascii	"snsStatus\000"
 2912      74617475 
 2912      7300
 2913              	.LASF4:
 2914 020c 6C6F6E67 		.ascii	"long int\000"
 2914      20696E74 
 2914      00
 2915              	.LASF57:
 2916 0215 6D6F6443 		.ascii	"modCsdClk\000"
 2916      7364436C 
 2916      6B00
 2917              	.LASF77:
 2918 021f 70747232 		.ascii	"ptr2SnsRam\000"
 2918      536E7352 
 2918      616D00
 2919              	.LASF68:
 2920 022a 70735074 		.ascii	"psPtr\000"
 2920      7200
 2921              	.LASF123:
 2922 0230 6D656D63 		.ascii	"memcpy\000"
 2922      707900
ARM GAS  C:\Users\Lenovo\AppData\Local\Temp\ccj7Szb4.s 			page 74


 2923              	.LASF9:
 2924 0237 75696E74 		.ascii	"uint8\000"
 2924      3800
 2925              	.LASF84:
 2926 023d 78526573 		.ascii	"xResolution\000"
 2926      6F6C7574 
 2926      696F6E00 
 2927              	.LASF13:
 2928 0249 646F7562 		.ascii	"double\000"
 2928      6C6500
 2929              	.LASF63:
 2930 0250 736E7254 		.ascii	"snrTestRawCount\000"
 2930      65737452 
 2930      6177436F 
 2930      756E7400 
 2931              	.LASF73:
 2932 0260 73686966 		.ascii	"shift\000"
 2932      7400
 2933              	.LASF113:
 2934 0266 73656E73 		.ascii	"sensorId\000"
 2934      6F724964 
 2934      00
 2935              	.LASF72:
 2936 026f 64725368 		.ascii	"drShift\000"
 2936      69667400 
 2937              	.LASF11:
 2938 0277 75696E74 		.ascii	"uint32\000"
 2938      333200
 2939              	.LASF104:
 2940 027e 70747255 		.ascii	"ptrUint16\000"
 2940      696E7431 
 2940      3600
 2941              	.LASF32:
 2942 0288 68797374 		.ascii	"hysteresis\000"
 2942      65726573 
 2942      697300
 2943              	.LASF100:
 2944 0293 70446174 		.ascii	"pData\000"
 2944      6100
 2945              	.LASF70:
 2946 0299 6D61736B 		.ascii	"mask\000"
 2946      00
 2947              	.LASF43:
 2948 029e 62736C6E 		.ascii	"bslnExt\000"
 2948      45787400 
 2949              	.LASF54:
 2950 02a6 77646774 		.ascii	"wdgtStatus\000"
 2950      53746174 
 2950      757300
 2951              	.LASF24:
 2952 02b1 43617053 		.ascii	"CapSense_WD_MATRIX_BUTTON_E\000"
 2952      656E7365 
 2952      5F57445F 
 2952      4D415452 
 2952      49585F42 
 2953              	.LASF101:
 2954 02cd 76616C75 		.ascii	"value\000"
ARM GAS  C:\Users\Lenovo\AppData\Local\Temp\ccj7Szb4.s 			page 75


 2954      6500
 2955              	.LASF42:
 2956 02d3 62736C6E 		.ascii	"bsln\000"
 2956      00
 2957              	.LASF8:
 2958 02d8 756E7369 		.ascii	"unsigned int\000"
 2958      676E6564 
 2958      20696E74 
 2958      00
 2959              	.LASF38:
 2960 02e5 706F7369 		.ascii	"position\000"
 2960      74696F6E 
 2960      00
 2961              	.LASF60:
 2962 02ee 736E7254 		.ascii	"snrTestWidgetId\000"
 2962      65737457 
 2962      69646765 
 2962      74496400 
 2963              	.LASF5:
 2964 02fe 6C6F6E67 		.ascii	"long unsigned int\000"
 2964      20756E73 
 2964      69676E65 
 2964      6420696E 
 2964      7400
 2965              	.LASF53:
 2966 0310 77646774 		.ascii	"wdgtEnable\000"
 2966      456E6162 
 2966      6C6500
 2967              	.LASF34:
 2968 031b 6C6F7742 		.ascii	"lowBslnRst\000"
 2968      736C6E52 
 2968      737400
 2969              	.LASF128:
 2970 0326 43617053 		.ascii	"CapSense_DsInitialize\000"
 2970      656E7365 
 2970      5F447349 
 2970      6E697469 
 2970      616C697A 
 2971              	.LASF117:
 2972 033c 43617053 		.ascii	"CapSense_posHistoryLinearSlider0\000"
 2972      656E7365 
 2972      5F706F73 
 2972      48697374 
 2972      6F72794C 
 2973              	.LASF3:
 2974 035d 73686F72 		.ascii	"short unsigned int\000"
 2974      7420756E 
 2974      7369676E 
 2974      65642069 
 2974      6E7400
 2975              	.LASF59:
 2976 0370 736E734C 		.ascii	"snsList\000"
 2976      69737400 
 2977              	.LASF97:
 2978 0378 74797065 		.ascii	"type\000"
 2978      00
 2979              	.LASF48:
ARM GAS  C:\Users\Lenovo\AppData\Local\Temp\ccj7Szb4.s 			page 76


 2980 037d 636F6E66 		.ascii	"configId\000"
 2980      69674964 
 2980      00
 2981              	.LASF112:
 2982 0386 43617053 		.ascii	"CapSense_IsSensorActive\000"
 2982      656E7365 
 2982      5F497353 
 2982      656E736F 
 2982      72416374 
 2983              	.LASF56:
 2984 039e 63736430 		.ascii	"csd0Config\000"
 2984      436F6E66 
 2984      696700
 2985              	.LASF76:
 2986 03a9 70747232 		.ascii	"ptr2WdgtRam\000"
 2986      57646774 
 2986      52616D00 
 2987              	.LASF109:
 2988 03b5 43617053 		.ascii	"CapSense_IsAnyWidgetActive\000"
 2988      656E7365 
 2988      5F497341 
 2988      6E795769 
 2988      64676574 
 2989              	.LASF49:
 2990 03d0 64657669 		.ascii	"deviceId\000"
 2990      63654964 
 2990      00
 2991              	.LASF121:
 2992 03d9 43617053 		.ascii	"CapSense_ioList\000"
 2992      656E7365 
 2992      5F696F4C 
 2992      69737400 
 2993              	.LASF96:
 2994 03e9 666C6173 		.ascii	"flash\000"
 2994      6800
 2995              	.LASF16:
 2996 03ef 72656733 		.ascii	"reg32\000"
 2996      3200
 2997              	.LASF94:
 2998 03f5 77696467 		.ascii	"widgetId\000"
 2998      65744964 
 2998      00
 2999              	.LASF35:
 3000 03fe 69646163 		.ascii	"idacMod\000"
 3000      4D6F6400 
 3001              	.LASF39:
 3002 0406 43617053 		.ascii	"CapSense_RAM_WD_SLIDER_STRUCT\000"
 3002      656E7365 
 3002      5F52414D 
 3002      5F57445F 
 3002      534C4944 
 3003              	.LASF83:
 3004 0424 6E756D43 		.ascii	"numCols\000"
 3004      6F6C7300 
 3005              	.LASF18:
 3006 042c 73697A65 		.ascii	"sizetype\000"
 3006      74797065 
ARM GAS  C:\Users\Lenovo\AppData\Local\Temp\ccj7Szb4.s 			page 77


 3006      00
 3007              	.LASF17:
 3008 0435 6C6F6E67 		.ascii	"long double\000"
 3008      20646F75 
 3008      626C6500 
 3009              	.LASF80:
 3010 0441 73746174 		.ascii	"staticConfig\000"
 3010      6963436F 
 3010      6E666967 
 3010      00
 3011              	.LASF31:
 3012 044e 6E4E6F69 		.ascii	"nNoiseTh\000"
 3012      73655468 
 3012      00
 3013              	.LASF126:
 3014 0457 443A5C55 		.ascii	"D:\\UCU\\POC\\PSoC_Projects_Embedded\\PSoC_LAB4\\la"
 3014      43555C50 
 3014      4F435C50 
 3014      536F435F 
 3014      50726F6A 
 3015 0485 62362D70 		.ascii	"b6-psoc-3-shevchuk-lykhanskyi\\Lab_4_1_BLE_Automati"
 3015      736F632D 
 3015      332D7368 
 3015      65766368 
 3015      756B2D6C 
 3016 04b7 6F6E5F49 		.ascii	"on_IO.cydsn\000"
 3016      4F2E6379 
 3016      64736E00 
 3017              	.LASF82:
 3018 04c3 77646774 		.ascii	"wdgtType\000"
 3018      54797065 
 3018      00
 3019              	.LASF85:
 3020 04cc 7843656E 		.ascii	"xCentroidMultiplier\000"
 3020      74726F69 
 3020      644D756C 
 3020      7469706C 
 3020      69657200 
 3021              	.LASF51:
 3022 04e0 7363616E 		.ascii	"scanCounter\000"
 3022      436F756E 
 3022      74657200 
 3023              	.LASF119:
 3024 04ec 43617053 		.ascii	"CapSense_dsRam\000"
 3024      656E7365 
 3024      5F647352 
 3024      616D00
 3025              	.LASF50:
 3026 04fb 74756E65 		.ascii	"tunerCmd\000"
 3026      72436D64 
 3026      00
 3027              	.LASF12:
 3028 0504 666C6F61 		.ascii	"float\000"
 3028      7400
 3029              	.LASF118:
 3030 050a 43617053 		.ascii	"CapSense_ramWidgetInit\000"
 3030      656E7365 
ARM GAS  C:\Users\Lenovo\AppData\Local\Temp\ccj7Szb4.s 			page 78


 3030      5F72616D 
 3030      57696467 
 3030      6574496E 
 3031              	.LASF23:
 3032 0521 43617053 		.ascii	"CapSense_WD_RADIAL_SLIDER_E\000"
 3032      656E7365 
 3032      5F57445F 
 3032      52414449 
 3032      414C5F53 
 3033              	.LASF115:
 3034 053d 7764536C 		.ascii	"wdSlider\000"
 3034      69646572 
 3034      00
 3035              	.LASF47:
 3036 0546 43617053 		.ascii	"CapSense_RAM_SNS_LIST_STRUCT\000"
 3036      656E7365 
 3036      5F52414D 
 3036      5F534E53 
 3036      5F4C4953 
 3037              	.LASF64:
 3038 0563 43617053 		.ascii	"CapSense_RAM_STRUCT\000"
 3038      656E7365 
 3038      5F52414D 
 3038      5F535452 
 3038      55435400 
 3039              	.LASF21:
 3040 0577 43617053 		.ascii	"CapSense_WD_BUTTON_E\000"
 3040      656E7365 
 3040      5F57445F 
 3040      42555454 
 3040      4F4E5F45 
 3041              	.LASF1:
 3042 058c 756E7369 		.ascii	"unsigned char\000"
 3042      676E6564 
 3042      20636861 
 3042      7200
 3043              	.LASF2:
 3044 059a 73686F72 		.ascii	"short int\000"
 3044      7420696E 
 3044      7400
 3045              	.LASF78:
 3046 05a4 70747232 		.ascii	"ptr2FltrHistory\000"
 3046      466C7472 
 3046      48697374 
 3046      6F727900 
 3047              	.LASF106:
 3048 05b4 70747244 		.ascii	"ptrData\000"
 3048      61746100 
 3049              	.LASF71:
 3050 05bc 6873696F 		.ascii	"hsiomShift\000"
 3050      6D536869 
 3050      667400
 3051              	.LASF25:
 3052 05c7 43617053 		.ascii	"CapSense_WD_TOUCHPAD_E\000"
 3052      656E7365 
 3052      5F57445F 
 3052      544F5543 
ARM GAS  C:\Users\Lenovo\AppData\Local\Temp\ccj7Szb4.s 			page 79


 3052      48504144 
 3053              	.LASF28:
 3054 05de 7265736F 		.ascii	"resolution\000"
 3054      6C757469 
 3054      6F6E00
 3055              	.LASF58:
 3056 05e9 77646774 		.ascii	"wdgtList\000"
 3056      4C697374 
 3056      00
 3057              	.LASF114:
 3058 05f2 43617053 		.ascii	"CapSense_GetCentroidPos\000"
 3058      656E7365 
 3058      5F476574 
 3058      43656E74 
 3058      726F6964 
 3059              	.LASF14:
 3060 060a 63686172 		.ascii	"char\000"
 3060      00
 3061              	.LASF67:
 3062 060f 64725074 		.ascii	"drPtr\000"
 3062      7200
 3063              	.LASF36:
 3064 0615 736E7343 		.ascii	"snsClk\000"
 3064      6C6B00
 3065              	.LASF105:
 3066 061c 70747255 		.ascii	"ptrUint32\000"
 3066      696E7433 
 3066      3200
 3067              	.LASF33:
 3068 0626 6F6E4465 		.ascii	"onDebounce\000"
 3068      626F756E 
 3068      636500
 3069              	.LASF93:
 3070 0631 6F666673 		.ascii	"offset\000"
 3070      657400
 3071              	.LASF27:
 3072 0638 43617053 		.ascii	"CapSense_WD_TYPE_ENUM\000"
 3072      656E7365 
 3072      5F57445F 
 3072      54595045 
 3072      5F454E55 
 3073              	.LASF45:
 3074 064e 6E656742 		.ascii	"negBslnRstCnt\000"
 3074      736C6E52 
 3074      7374436E 
 3074      7400
 3075              	.LASF125:
 3076 065c 47656E65 		.ascii	"Generated_Source\\PSoC4\\CapSense_Structure.c\000"
 3076      72617465 
 3076      645F536F 
 3076      75726365 
 3076      5C50536F 
 3077              	.LASF81:
 3078 0688 746F7461 		.ascii	"totalNumSns\000"
 3078      6C4E756D 
 3078      536E7300 
 3079              	.LASF79:
ARM GAS  C:\Users\Lenovo\AppData\Local\Temp\ccj7Szb4.s 			page 80


 3080 0694 70747232 		.ascii	"ptr2DebounceArr\000"
 3080      4465626F 
 3080      756E6365 
 3080      41727200 
 3081              	.LASF89:
 3082 06a4 43617053 		.ascii	"CapSense_FLASH_STRUCT\000"
 3082      656E7365 
 3082      5F464C41 
 3082      53485F53 
 3082      54525543 
 3083              	.LASF74:
 3084 06ba 43617053 		.ascii	"CapSense_FLASH_IO_STRUCT\000"
 3084      656E7365 
 3084      5F464C41 
 3084      53485F49 
 3084      4F5F5354 
 3085              	.LASF122:
 3086 06d3 6D656D73 		.ascii	"memset\000"
 3086      657400
 3087              	.LASF92:
 3088 06da 43617053 		.ascii	"CapSense_SLIDER_POS_HISTORY_STRUCT\000"
 3088      656E7365 
 3088      5F534C49 
 3088      4445525F 
 3088      504F535F 
 3089              	.LASF52:
 3090 06fd 73746174 		.ascii	"status\000"
 3090      757300
 3091              	.LASF88:
 3092 0704 77646774 		.ascii	"wdgtArray\000"
 3092      41727261 
 3092      7900
 3093              	.LASF127:
 3094 070e 44735061 		.ascii	"DsParseParamId\000"
 3094      72736550 
 3094      6172616D 
 3094      496400
 3095              	.LASF103:
 3096 071d 70747255 		.ascii	"ptrUint8\000"
 3096      696E7438 
 3096      00
 3097              	.LASF107:
 3098 0726 43617053 		.ascii	"CapSense_GetParam\000"
 3098      656E7365 
 3098      5F476574 
 3098      50617261 
 3098      6D00
 3099              	.LASF99:
 3100 0738 70617261 		.ascii	"paramId\000"
 3100      6D496400 
 3101              	.LASF111:
 3102 0740 43617053 		.ascii	"CapSense_IsWidgetActive\000"
 3102      656E7365 
 3102      5F497357 
 3102      69646765 
 3102      74416374 
 3103              	.LASF37:
ARM GAS  C:\Users\Lenovo\AppData\Local\Temp\ccj7Szb4.s 			page 81


 3104 0758 736E7343 		.ascii	"snsClkSource\000"
 3104      6C6B536F 
 3104      75726365 
 3104      00
 3105              	.LASF15:
 3106 0765 63797374 		.ascii	"cystatus\000"
 3106      61747573 
 3106      00
 3107              	.LASF40:
 3108 076e 6C696E65 		.ascii	"linearslider0\000"
 3108      6172736C 
 3108      69646572 
 3108      3000
 3109              	.LASF29:
 3110 077c 66696E67 		.ascii	"fingerTh\000"
 3110      65725468 
 3110      00
 3111              	.LASF26:
 3112 0785 43617053 		.ascii	"CapSense_WD_PROXIMITY_E\000"
 3112      656E7365 
 3112      5F57445F 
 3112      50524F58 
 3112      494D4954 
 3113              	.LASF41:
 3114 079d 43617053 		.ascii	"CapSense_RAM_WD_LIST_STRUCT\000"
 3114      656E7365 
 3114      5F52414D 
 3114      5F57445F 
 3114      4C495354 
 3115              	.LASF62:
 3116 07b9 736E7254 		.ascii	"snrTestScanCounter\000"
 3116      65737453 
 3116      63616E43 
 3116      6F756E74 
 3116      657200
 3117              	.LASF69:
 3118 07cc 6873696F 		.ascii	"hsiomMask\000"
 3118      6D4D6173 
 3118      6B00
 3119              	.LASF129:
 3120 07d6 43794861 		.ascii	"CyHalt\000"
 3120      6C7400
 3121              	.LASF102:
 3122 07dd 72657375 		.ascii	"result\000"
 3122      6C7400
 3123              	.LASF30:
 3124 07e4 6E6F6973 		.ascii	"noiseTh\000"
 3124      65546800 
 3125              		.ident	"GCC: (GNU Tools for ARM Embedded Processors) 5.4.1 20160609 (release) [ARM/embedded-5-bran
