ARM GAS  C:\Users\Lenovo\AppData\Local\Temp\ccboA4lz.s 			page 1


   1              		.syntax unified
   2              		.cpu cortex-m0
   3              		.fpu softvfp
   4              		.eabi_attribute 20, 1
   5              		.eabi_attribute 21, 1
   6              		.eabi_attribute 23, 3
   7              		.eabi_attribute 24, 1
   8              		.eabi_attribute 25, 1
   9              		.eabi_attribute 26, 1
  10              		.eabi_attribute 30, 1
  11              		.eabi_attribute 34, 0
  12              		.eabi_attribute 18, 4
  13              		.thumb
  14              		.syntax unified
  15              		.file	"cyfitter_cfg.c"
  16              		.text
  17              	.Ltext0:
  18              		.cfi_sections	.debug_frame
  19              		.section	.text.cfg_write_bytes32,"ax",%progbits
  20              		.align	2
  21              		.code	16
  22              		.thumb_func
  23              		.type	cfg_write_bytes32, %function
  24              	cfg_write_bytes32:
  25              	.LFB5:
  26              		.file 1 "Generated_Source\\PSoC4\\cyfitter_cfg.c"
   1:Generated_Source\PSoC4/cyfitter_cfg.c **** 
   2:Generated_Source\PSoC4/cyfitter_cfg.c **** /*******************************************************************************
   3:Generated_Source\PSoC4/cyfitter_cfg.c **** * File Name: cyfitter_cfg.c
   4:Generated_Source\PSoC4/cyfitter_cfg.c **** * 
   5:Generated_Source\PSoC4/cyfitter_cfg.c **** * PSoC Creator  4.4
   6:Generated_Source\PSoC4/cyfitter_cfg.c **** *
   7:Generated_Source\PSoC4/cyfitter_cfg.c **** * Description:
   8:Generated_Source\PSoC4/cyfitter_cfg.c **** * This file contains device initialization code.
   9:Generated_Source\PSoC4/cyfitter_cfg.c **** * Except for the user defined sections in CyClockStartupError(), this file should not be modified.
  10:Generated_Source\PSoC4/cyfitter_cfg.c **** * This file is automatically generated by PSoC Creator.
  11:Generated_Source\PSoC4/cyfitter_cfg.c **** *
  12:Generated_Source\PSoC4/cyfitter_cfg.c **** ********************************************************************************
  13:Generated_Source\PSoC4/cyfitter_cfg.c **** * Copyright (c) 2007-2020 Cypress Semiconductor.  All rights reserved.
  14:Generated_Source\PSoC4/cyfitter_cfg.c **** * You may use this file only in accordance with the license, terms, conditions, 
  15:Generated_Source\PSoC4/cyfitter_cfg.c **** * disclaimers, and limitations in the end user license agreement accompanying 
  16:Generated_Source\PSoC4/cyfitter_cfg.c **** * the software package with which this file was provided.
  17:Generated_Source\PSoC4/cyfitter_cfg.c **** ********************************************************************************/
  18:Generated_Source\PSoC4/cyfitter_cfg.c **** 
  19:Generated_Source\PSoC4/cyfitter_cfg.c **** #include <string.h>
  20:Generated_Source\PSoC4/cyfitter_cfg.c **** #include "cytypes.h"
  21:Generated_Source\PSoC4/cyfitter_cfg.c **** #include "cydevice_trm.h"
  22:Generated_Source\PSoC4/cyfitter_cfg.c **** #include "cyfitter.h"
  23:Generated_Source\PSoC4/cyfitter_cfg.c **** #include "CyLib.h"
  24:Generated_Source\PSoC4/cyfitter_cfg.c **** #include "CyLFClk.h"
  25:Generated_Source\PSoC4/cyfitter_cfg.c **** #include "cyfitter_cfg.h"
  26:Generated_Source\PSoC4/cyfitter_cfg.c **** #include "cyapicallbacks.h"
  27:Generated_Source\PSoC4/cyfitter_cfg.c **** 
  28:Generated_Source\PSoC4/cyfitter_cfg.c **** 
  29:Generated_Source\PSoC4/cyfitter_cfg.c **** #if defined(__GNUC__) || defined(__ARMCC_VERSION)
  30:Generated_Source\PSoC4/cyfitter_cfg.c ****     #define CYPACKED 
  31:Generated_Source\PSoC4/cyfitter_cfg.c ****     #define CYPACKED_ATTR __attribute__ ((packed))
ARM GAS  C:\Users\Lenovo\AppData\Local\Temp\ccboA4lz.s 			page 2


  32:Generated_Source\PSoC4/cyfitter_cfg.c ****     #define CYALIGNED __attribute__ ((aligned))
  33:Generated_Source\PSoC4/cyfitter_cfg.c ****     #define CY_CFG_UNUSED __attribute__ ((unused))
  34:Generated_Source\PSoC4/cyfitter_cfg.c ****     #ifndef CY_CFG_SECTION
  35:Generated_Source\PSoC4/cyfitter_cfg.c ****         #define CY_CFG_SECTION __attribute__ ((section(".psocinit")))
  36:Generated_Source\PSoC4/cyfitter_cfg.c ****     #endif
  37:Generated_Source\PSoC4/cyfitter_cfg.c ****     
  38:Generated_Source\PSoC4/cyfitter_cfg.c ****     #if defined(__ARMCC_VERSION)
  39:Generated_Source\PSoC4/cyfitter_cfg.c ****         #define CY_CFG_MEMORY_BARRIER() __memory_changed()
  40:Generated_Source\PSoC4/cyfitter_cfg.c ****     #else
  41:Generated_Source\PSoC4/cyfitter_cfg.c ****         #define CY_CFG_MEMORY_BARRIER() __sync_synchronize()
  42:Generated_Source\PSoC4/cyfitter_cfg.c ****     #endif
  43:Generated_Source\PSoC4/cyfitter_cfg.c ****     
  44:Generated_Source\PSoC4/cyfitter_cfg.c **** #elif defined(__ICCARM__)
  45:Generated_Source\PSoC4/cyfitter_cfg.c ****     #include <intrinsics.h>
  46:Generated_Source\PSoC4/cyfitter_cfg.c **** 
  47:Generated_Source\PSoC4/cyfitter_cfg.c ****     #define CYPACKED __packed
  48:Generated_Source\PSoC4/cyfitter_cfg.c ****     #define CYPACKED_ATTR 
  49:Generated_Source\PSoC4/cyfitter_cfg.c ****     #define CYALIGNED _Pragma("data_alignment=4")
  50:Generated_Source\PSoC4/cyfitter_cfg.c ****     #define CY_CFG_UNUSED _Pragma("diag_suppress=Pe177")
  51:Generated_Source\PSoC4/cyfitter_cfg.c ****     #define CY_CFG_SECTION _Pragma("location=\".psocinit\"")
  52:Generated_Source\PSoC4/cyfitter_cfg.c ****     
  53:Generated_Source\PSoC4/cyfitter_cfg.c ****     #define CY_CFG_MEMORY_BARRIER() __DMB()
  54:Generated_Source\PSoC4/cyfitter_cfg.c ****     
  55:Generated_Source\PSoC4/cyfitter_cfg.c **** #else
  56:Generated_Source\PSoC4/cyfitter_cfg.c ****     #error Unsupported toolchain
  57:Generated_Source\PSoC4/cyfitter_cfg.c **** #endif
  58:Generated_Source\PSoC4/cyfitter_cfg.c **** 
  59:Generated_Source\PSoC4/cyfitter_cfg.c **** #ifndef CYCODE
  60:Generated_Source\PSoC4/cyfitter_cfg.c ****     #define CYCODE
  61:Generated_Source\PSoC4/cyfitter_cfg.c **** #endif
  62:Generated_Source\PSoC4/cyfitter_cfg.c **** #ifndef CYDATA
  63:Generated_Source\PSoC4/cyfitter_cfg.c ****     #define CYDATA
  64:Generated_Source\PSoC4/cyfitter_cfg.c **** #endif
  65:Generated_Source\PSoC4/cyfitter_cfg.c **** #ifndef CYFAR
  66:Generated_Source\PSoC4/cyfitter_cfg.c ****     #define CYFAR
  67:Generated_Source\PSoC4/cyfitter_cfg.c **** #endif
  68:Generated_Source\PSoC4/cyfitter_cfg.c **** #ifndef CYXDATA
  69:Generated_Source\PSoC4/cyfitter_cfg.c ****     #define CYXDATA
  70:Generated_Source\PSoC4/cyfitter_cfg.c **** #endif
  71:Generated_Source\PSoC4/cyfitter_cfg.c **** 
  72:Generated_Source\PSoC4/cyfitter_cfg.c **** 
  73:Generated_Source\PSoC4/cyfitter_cfg.c **** CY_CFG_UNUSED
  74:Generated_Source\PSoC4/cyfitter_cfg.c **** static void CYMEMZERO(void *s, size_t n);
  75:Generated_Source\PSoC4/cyfitter_cfg.c **** CY_CFG_UNUSED
  76:Generated_Source\PSoC4/cyfitter_cfg.c **** static void CYMEMZERO(void *s, size_t n)
  77:Generated_Source\PSoC4/cyfitter_cfg.c **** {
  78:Generated_Source\PSoC4/cyfitter_cfg.c **** 	(void)memset(s, 0, n);
  79:Generated_Source\PSoC4/cyfitter_cfg.c **** }
  80:Generated_Source\PSoC4/cyfitter_cfg.c **** CY_CFG_UNUSED
  81:Generated_Source\PSoC4/cyfitter_cfg.c **** static void CYCONFIGCPY(void *dest, const void *src, size_t n);
  82:Generated_Source\PSoC4/cyfitter_cfg.c **** CY_CFG_UNUSED
  83:Generated_Source\PSoC4/cyfitter_cfg.c **** static void CYCONFIGCPY(void *dest, const void *src, size_t n)
  84:Generated_Source\PSoC4/cyfitter_cfg.c **** {
  85:Generated_Source\PSoC4/cyfitter_cfg.c **** 	(void)memcpy(dest, src, n);
  86:Generated_Source\PSoC4/cyfitter_cfg.c **** }
  87:Generated_Source\PSoC4/cyfitter_cfg.c **** CY_CFG_UNUSED
  88:Generated_Source\PSoC4/cyfitter_cfg.c **** static void CYCONFIGCPYCODE(void *dest, const void *src, size_t n);
ARM GAS  C:\Users\Lenovo\AppData\Local\Temp\ccboA4lz.s 			page 3


  89:Generated_Source\PSoC4/cyfitter_cfg.c **** CY_CFG_UNUSED
  90:Generated_Source\PSoC4/cyfitter_cfg.c **** static void CYCONFIGCPYCODE(void *dest, const void *src, size_t n)
  91:Generated_Source\PSoC4/cyfitter_cfg.c **** {
  92:Generated_Source\PSoC4/cyfitter_cfg.c **** 	(void)memcpy(dest, src, n);
  93:Generated_Source\PSoC4/cyfitter_cfg.c **** }
  94:Generated_Source\PSoC4/cyfitter_cfg.c **** 
  95:Generated_Source\PSoC4/cyfitter_cfg.c **** 
  96:Generated_Source\PSoC4/cyfitter_cfg.c **** 
  97:Generated_Source\PSoC4/cyfitter_cfg.c **** 
  98:Generated_Source\PSoC4/cyfitter_cfg.c **** /* Clock startup error codes                                                   */
  99:Generated_Source\PSoC4/cyfitter_cfg.c **** #define CYCLOCKSTART_NO_ERROR    0u
 100:Generated_Source\PSoC4/cyfitter_cfg.c **** #define CYCLOCKSTART_XTAL_ERROR  1u
 101:Generated_Source\PSoC4/cyfitter_cfg.c **** #define CYCLOCKSTART_32KHZ_ERROR 2u
 102:Generated_Source\PSoC4/cyfitter_cfg.c **** #define CYCLOCKSTART_PLL_ERROR   3u
 103:Generated_Source\PSoC4/cyfitter_cfg.c **** #define CYCLOCKSTART_FLL_ERROR   4u
 104:Generated_Source\PSoC4/cyfitter_cfg.c **** #define CYCLOCKSTART_WCO_ERROR   5u
 105:Generated_Source\PSoC4/cyfitter_cfg.c **** 
 106:Generated_Source\PSoC4/cyfitter_cfg.c **** 
 107:Generated_Source\PSoC4/cyfitter_cfg.c **** #ifdef CY_NEED_CYCLOCKSTARTUPERROR
 108:Generated_Source\PSoC4/cyfitter_cfg.c **** /*******************************************************************************
 109:Generated_Source\PSoC4/cyfitter_cfg.c **** * Function Name: CyClockStartupError
 110:Generated_Source\PSoC4/cyfitter_cfg.c **** ********************************************************************************
 111:Generated_Source\PSoC4/cyfitter_cfg.c **** * Summary:
 112:Generated_Source\PSoC4/cyfitter_cfg.c **** *  If an error is encountered during clock configuration (crystal startup error,
 113:Generated_Source\PSoC4/cyfitter_cfg.c **** *  PLL lock error, etc.), the system will end up here.  Unless reimplemented by
 114:Generated_Source\PSoC4/cyfitter_cfg.c **** *  the customer, this function will stop in an infinite loop.
 115:Generated_Source\PSoC4/cyfitter_cfg.c **** *
 116:Generated_Source\PSoC4/cyfitter_cfg.c **** * Parameters:
 117:Generated_Source\PSoC4/cyfitter_cfg.c **** *   void
 118:Generated_Source\PSoC4/cyfitter_cfg.c **** *
 119:Generated_Source\PSoC4/cyfitter_cfg.c **** * Return:
 120:Generated_Source\PSoC4/cyfitter_cfg.c **** *   void
 121:Generated_Source\PSoC4/cyfitter_cfg.c **** *
 122:Generated_Source\PSoC4/cyfitter_cfg.c **** *******************************************************************************/
 123:Generated_Source\PSoC4/cyfitter_cfg.c **** CY_CFG_UNUSED
 124:Generated_Source\PSoC4/cyfitter_cfg.c **** static void CyClockStartupError(uint8 errorCode);
 125:Generated_Source\PSoC4/cyfitter_cfg.c **** CY_CFG_UNUSED
 126:Generated_Source\PSoC4/cyfitter_cfg.c **** static void CyClockStartupError(uint8 errorCode)
 127:Generated_Source\PSoC4/cyfitter_cfg.c **** {
 128:Generated_Source\PSoC4/cyfitter_cfg.c ****     /* To remove the compiler warning if errorCode not used.                */
 129:Generated_Source\PSoC4/cyfitter_cfg.c ****     errorCode = errorCode;
 130:Generated_Source\PSoC4/cyfitter_cfg.c **** 
 131:Generated_Source\PSoC4/cyfitter_cfg.c ****     /* If we have a clock startup error (bad MHz crystal, PLL lock, etc.),  */
 132:Generated_Source\PSoC4/cyfitter_cfg.c ****     /* we will end up here to allow the customer to implement something to  */
 133:Generated_Source\PSoC4/cyfitter_cfg.c ****     /* deal with the clock condition.                                       */
 134:Generated_Source\PSoC4/cyfitter_cfg.c **** 
 135:Generated_Source\PSoC4/cyfitter_cfg.c **** #ifdef CY_CFG_CLOCK_STARTUP_ERROR_CALLBACK
 136:Generated_Source\PSoC4/cyfitter_cfg.c ****     CY_CFG_Clock_Startup_ErrorCallback();
 137:Generated_Source\PSoC4/cyfitter_cfg.c **** #else
 138:Generated_Source\PSoC4/cyfitter_cfg.c ****     /*  If not using CY_CFG_CLOCK_STARTUP_ERROR_CALLBACK, place your clock startup code here. */
 139:Generated_Source\PSoC4/cyfitter_cfg.c ****     /* `#START CyClockStartupError` */
 140:Generated_Source\PSoC4/cyfitter_cfg.c **** 
 141:Generated_Source\PSoC4/cyfitter_cfg.c **** 
 142:Generated_Source\PSoC4/cyfitter_cfg.c **** 
 143:Generated_Source\PSoC4/cyfitter_cfg.c ****     /* `#END` */
 144:Generated_Source\PSoC4/cyfitter_cfg.c **** 
 145:Generated_Source\PSoC4/cyfitter_cfg.c ****     while(1) {}
ARM GAS  C:\Users\Lenovo\AppData\Local\Temp\ccboA4lz.s 			page 4


 146:Generated_Source\PSoC4/cyfitter_cfg.c **** #endif /* CY_CFG_CLOCK_STARTUP_ERROR_CALLBACK */
 147:Generated_Source\PSoC4/cyfitter_cfg.c **** }
 148:Generated_Source\PSoC4/cyfitter_cfg.c **** #endif
 149:Generated_Source\PSoC4/cyfitter_cfg.c **** 
 150:Generated_Source\PSoC4/cyfitter_cfg.c **** #define CY_CFG_BASE_ADDR_COUNT 9u
 151:Generated_Source\PSoC4/cyfitter_cfg.c **** CYPACKED typedef struct
 152:Generated_Source\PSoC4/cyfitter_cfg.c **** {
 153:Generated_Source\PSoC4/cyfitter_cfg.c **** 	uint8 offset;
 154:Generated_Source\PSoC4/cyfitter_cfg.c **** 	uint8 value;
 155:Generated_Source\PSoC4/cyfitter_cfg.c **** } CYPACKED_ATTR cy_cfg_addrvalue_t;
 156:Generated_Source\PSoC4/cyfitter_cfg.c **** 
 157:Generated_Source\PSoC4/cyfitter_cfg.c **** 
 158:Generated_Source\PSoC4/cyfitter_cfg.c **** 
 159:Generated_Source\PSoC4/cyfitter_cfg.c **** /*******************************************************************************
 160:Generated_Source\PSoC4/cyfitter_cfg.c **** * Function Name: cfg_write_bytes32
 161:Generated_Source\PSoC4/cyfitter_cfg.c **** ********************************************************************************
 162:Generated_Source\PSoC4/cyfitter_cfg.c **** * Summary:
 163:Generated_Source\PSoC4/cyfitter_cfg.c **** *  This function is used for setting up the chip configuration areas that
 164:Generated_Source\PSoC4/cyfitter_cfg.c **** *  contain relatively sparse data.
 165:Generated_Source\PSoC4/cyfitter_cfg.c **** *
 166:Generated_Source\PSoC4/cyfitter_cfg.c **** * Parameters:
 167:Generated_Source\PSoC4/cyfitter_cfg.c **** *   void
 168:Generated_Source\PSoC4/cyfitter_cfg.c **** *
 169:Generated_Source\PSoC4/cyfitter_cfg.c **** * Return:
 170:Generated_Source\PSoC4/cyfitter_cfg.c **** *   void
 171:Generated_Source\PSoC4/cyfitter_cfg.c **** *
 172:Generated_Source\PSoC4/cyfitter_cfg.c **** *******************************************************************************/
 173:Generated_Source\PSoC4/cyfitter_cfg.c **** static void cfg_write_bytes32(const uint32 addr_table[], const cy_cfg_addrvalue_t data_table[]);
 174:Generated_Source\PSoC4/cyfitter_cfg.c **** static void cfg_write_bytes32(const uint32 addr_table[], const cy_cfg_addrvalue_t data_table[])
 175:Generated_Source\PSoC4/cyfitter_cfg.c **** {
  27              		.loc 1 175 0
  28              		.cfi_startproc
  29              		@ args = 0, pretend = 0, frame = 0
  30              		@ frame_needed = 0, uses_anonymous_args = 0
  31              	.LVL0:
  32 0000 F0B5     		push	{r4, r5, r6, r7, lr}
  33              		.cfi_def_cfa_offset 20
  34              		.cfi_offset 4, -20
  35              		.cfi_offset 5, -16
  36              		.cfi_offset 6, -12
  37              		.cfi_offset 7, -8
  38              		.cfi_offset 14, -4
  39              	.LVL1:
 176:Generated_Source\PSoC4/cyfitter_cfg.c **** 	/* For 32-bit little-endian architectures */
 177:Generated_Source\PSoC4/cyfitter_cfg.c **** 	uint32 i, j = 0u;
  40              		.loc 1 177 0
  41 0002 0025     		movs	r5, #0
 178:Generated_Source\PSoC4/cyfitter_cfg.c **** 	for (i = 0u; i < CY_CFG_BASE_ADDR_COUNT; i++)
  42              		.loc 1 178 0
  43 0004 0027     		movs	r7, #0
  44 0006 11E0     		b	.L2
  45              	.LVL2:
  46              	.L5:
  47              	.LBB2:
 179:Generated_Source\PSoC4/cyfitter_cfg.c **** 	{
 180:Generated_Source\PSoC4/cyfitter_cfg.c **** 		uint32 baseAddr = addr_table[i];
  48              		.loc 1 180 0
ARM GAS  C:\Users\Lenovo\AppData\Local\Temp\ccboA4lz.s 			page 5


  49 0008 BB00     		lsls	r3, r7, #2
  50 000a C658     		ldr	r6, [r0, r3]
  51              	.LVL3:
 181:Generated_Source\PSoC4/cyfitter_cfg.c **** 		uint8 count = (uint8)baseAddr;
  52              		.loc 1 181 0
  53 000c F3B2     		uxtb	r3, r6
  54              	.LVL4:
 182:Generated_Source\PSoC4/cyfitter_cfg.c **** 		baseAddr &= 0xFFFFFF00u;
  55              		.loc 1 182 0
  56 000e FF22     		movs	r2, #255
  57 0010 9643     		bics	r6, r2
  58              	.LVL5:
 183:Generated_Source\PSoC4/cyfitter_cfg.c **** 		while (count != 0u)
  59              		.loc 1 183 0
  60 0012 08E0     		b	.L3
  61              	.L4:
 184:Generated_Source\PSoC4/cyfitter_cfg.c **** 		{
 185:Generated_Source\PSoC4/cyfitter_cfg.c **** 			CY_SET_REG8((void *)(baseAddr + data_table[j].offset), data_table[j].value);
  62              		.loc 1 185 0
  63 0014 6A00     		lsls	r2, r5, #1
  64 0016 8A18     		adds	r2, r1, r2
  65 0018 1478     		ldrb	r4, [r2]
  66 001a A419     		adds	r4, r4, r6
  67 001c 5278     		ldrb	r2, [r2, #1]
  68 001e 2270     		strb	r2, [r4]
 186:Generated_Source\PSoC4/cyfitter_cfg.c **** 			j++;
  69              		.loc 1 186 0
  70 0020 0135     		adds	r5, r5, #1
  71              	.LVL6:
 187:Generated_Source\PSoC4/cyfitter_cfg.c **** 			count--;
  72              		.loc 1 187 0
  73 0022 013B     		subs	r3, r3, #1
  74              	.LVL7:
  75 0024 DBB2     		uxtb	r3, r3
  76              	.LVL8:
  77              	.L3:
 183:Generated_Source\PSoC4/cyfitter_cfg.c **** 		{
  78              		.loc 1 183 0
  79 0026 002B     		cmp	r3, #0
  80 0028 F4D1     		bne	.L4
  81              	.LBE2:
 178:Generated_Source\PSoC4/cyfitter_cfg.c **** 	{
  82              		.loc 1 178 0 discriminator 2
  83 002a 0137     		adds	r7, r7, #1
  84              	.LVL9:
  85              	.L2:
 178:Generated_Source\PSoC4/cyfitter_cfg.c **** 	{
  86              		.loc 1 178 0 is_stmt 0 discriminator 1
  87 002c 082F     		cmp	r7, #8
  88 002e EBD9     		bls	.L5
 188:Generated_Source\PSoC4/cyfitter_cfg.c **** 		}
 189:Generated_Source\PSoC4/cyfitter_cfg.c **** 	}
 190:Generated_Source\PSoC4/cyfitter_cfg.c **** }
  89              		.loc 1 190 0 is_stmt 1
  90              		@ sp needed
  91              	.LVL10:
  92              	.LVL11:
ARM GAS  C:\Users\Lenovo\AppData\Local\Temp\ccboA4lz.s 			page 6


  93 0030 F0BD     		pop	{r4, r5, r6, r7, pc}
  94              		.cfi_endproc
  95              	.LFE5:
  96              		.size	cfg_write_bytes32, .-cfg_write_bytes32
  97 0032 C046     		.section	.text.CYMEMZERO,"ax",%progbits
  98              		.align	2
  99              		.code	16
 100              		.thumb_func
 101              		.type	CYMEMZERO, %function
 102              	CYMEMZERO:
 103              	.LFB2:
  77:Generated_Source\PSoC4/cyfitter_cfg.c **** 	(void)memset(s, 0, n);
 104              		.loc 1 77 0
 105              		.cfi_startproc
 106              		@ args = 0, pretend = 0, frame = 0
 107              		@ frame_needed = 0, uses_anonymous_args = 0
 108              	.LVL12:
 109 0000 10B5     		push	{r4, lr}
 110              		.cfi_def_cfa_offset 8
 111              		.cfi_offset 4, -8
 112              		.cfi_offset 14, -4
 113 0002 0A00     		movs	r2, r1
  78:Generated_Source\PSoC4/cyfitter_cfg.c **** }
 114              		.loc 1 78 0
 115 0004 0021     		movs	r1, #0
 116              	.LVL13:
 117 0006 FFF7FEFF 		bl	memset
 118              	.LVL14:
  79:Generated_Source\PSoC4/cyfitter_cfg.c **** CY_CFG_UNUSED
 119              		.loc 1 79 0
 120              		@ sp needed
 121 000a 10BD     		pop	{r4, pc}
 122              		.cfi_endproc
 123              	.LFE2:
 124              		.size	CYMEMZERO, .-CYMEMZERO
 125              		.section	.text.CYCONFIGCPYCODE,"ax",%progbits
 126              		.align	2
 127              		.code	16
 128              		.thumb_func
 129              		.type	CYCONFIGCPYCODE, %function
 130              	CYCONFIGCPYCODE:
 131              	.LFB4:
  91:Generated_Source\PSoC4/cyfitter_cfg.c **** 	(void)memcpy(dest, src, n);
 132              		.loc 1 91 0
 133              		.cfi_startproc
 134              		@ args = 0, pretend = 0, frame = 0
 135              		@ frame_needed = 0, uses_anonymous_args = 0
 136              	.LVL15:
 137 0000 10B5     		push	{r4, lr}
 138              		.cfi_def_cfa_offset 8
 139              		.cfi_offset 4, -8
 140              		.cfi_offset 14, -4
  92:Generated_Source\PSoC4/cyfitter_cfg.c **** }
 141              		.loc 1 92 0
 142 0002 FFF7FEFF 		bl	memcpy
 143              	.LVL16:
  93:Generated_Source\PSoC4/cyfitter_cfg.c **** 
ARM GAS  C:\Users\Lenovo\AppData\Local\Temp\ccboA4lz.s 			page 7


 144              		.loc 1 93 0
 145              		@ sp needed
 146 0006 10BD     		pop	{r4, pc}
 147              		.cfi_endproc
 148              	.LFE4:
 149              		.size	CYCONFIGCPYCODE, .-CYCONFIGCPYCODE
 150              		.section	.psocinit,"ax",%progbits
 151              		.align	2
 152              		.code	16
 153              		.thumb_func
 154              		.type	ClockSetup, %function
 155              	ClockSetup:
 156              	.LFB6:
 191:Generated_Source\PSoC4/cyfitter_cfg.c **** 
 192:Generated_Source\PSoC4/cyfitter_cfg.c **** 
 193:Generated_Source\PSoC4/cyfitter_cfg.c **** /*******************************************************************************
 194:Generated_Source\PSoC4/cyfitter_cfg.c **** * Function Name: ClockSetup
 195:Generated_Source\PSoC4/cyfitter_cfg.c **** ********************************************************************************
 196:Generated_Source\PSoC4/cyfitter_cfg.c **** *
 197:Generated_Source\PSoC4/cyfitter_cfg.c **** * Summary:
 198:Generated_Source\PSoC4/cyfitter_cfg.c **** *   Performs the initialization of all of the clocks in the device based on the
 199:Generated_Source\PSoC4/cyfitter_cfg.c **** *   settings in the Clock tab of the DWR.  This includes enabling the requested
 200:Generated_Source\PSoC4/cyfitter_cfg.c **** *   clocks and setting the necessary dividers to produce the desired frequency. 
 201:Generated_Source\PSoC4/cyfitter_cfg.c **** *
 202:Generated_Source\PSoC4/cyfitter_cfg.c **** * Parameters:
 203:Generated_Source\PSoC4/cyfitter_cfg.c **** *   void
 204:Generated_Source\PSoC4/cyfitter_cfg.c **** *
 205:Generated_Source\PSoC4/cyfitter_cfg.c **** * Return:
 206:Generated_Source\PSoC4/cyfitter_cfg.c **** *   void
 207:Generated_Source\PSoC4/cyfitter_cfg.c **** *
 208:Generated_Source\PSoC4/cyfitter_cfg.c **** *******************************************************************************/
 209:Generated_Source\PSoC4/cyfitter_cfg.c **** static void ClockSetup(void);
 210:Generated_Source\PSoC4/cyfitter_cfg.c **** CY_CFG_SECTION
 211:Generated_Source\PSoC4/cyfitter_cfg.c **** static void ClockSetup(void)
 212:Generated_Source\PSoC4/cyfitter_cfg.c **** {
 157              		.loc 1 212 0
 158              		.cfi_startproc
 159              		@ args = 0, pretend = 0, frame = 0
 160              		@ frame_needed = 0, uses_anonymous_args = 0
 161 0000 70B5     		push	{r4, r5, r6, lr}
 162              		.cfi_def_cfa_offset 16
 163              		.cfi_offset 4, -16
 164              		.cfi_offset 5, -12
 165              		.cfi_offset 6, -8
 166              		.cfi_offset 14, -4
 213:Generated_Source\PSoC4/cyfitter_cfg.c **** 
 214:Generated_Source\PSoC4/cyfitter_cfg.c **** 	/* Set Flash Cycles based on max possible frequency in case a glitch occurs during ClockSetup(). *
 215:Generated_Source\PSoC4/cyfitter_cfg.c **** 	CY_SET_REG32((void CYXDATA *)(CYREG_CPUSS_FLASH_CTL), (0x0012u));
 167              		.loc 1 215 0
 168 0002 1222     		movs	r2, #18
 169 0004 3D4B     		ldr	r3, .L10
 170 0006 1A60     		str	r2, [r3]
 216:Generated_Source\PSoC4/cyfitter_cfg.c **** 
 217:Generated_Source\PSoC4/cyfitter_cfg.c **** 	/* Start the WCO */
 218:Generated_Source\PSoC4/cyfitter_cfg.c **** 	CySysClkWcoStart();
 171              		.loc 1 218 0
 172 0008 FFF7FEFF 		bl	CySysClkWcoStart
ARM GAS  C:\Users\Lenovo\AppData\Local\Temp\ccboA4lz.s 			page 8


 173              	.LVL17:
 219:Generated_Source\PSoC4/cyfitter_cfg.c **** 	CyDelayCycles(12000000u); /* WCO may take up to 500ms to start */
 174              		.loc 1 219 0
 175 000c 3C48     		ldr	r0, .L10+4
 176 000e FFF7FEFF 		bl	CyDelayCycles
 177              	.LVL18:
 220:Generated_Source\PSoC4/cyfitter_cfg.c **** 	(void)CySysClkWcoSetPowerMode(CY_SYS_CLK_WCO_LPM);    /* Switch to the low power mode */
 178              		.loc 1 220 0
 179 0012 0120     		movs	r0, #1
 180 0014 FFF7FEFF 		bl	CySysClkWcoSetPowerMode
 181              	.LVL19:
 221:Generated_Source\PSoC4/cyfitter_cfg.c **** 
 222:Generated_Source\PSoC4/cyfitter_cfg.c **** 	/* Setup and trim IMO based on desired frequency. */
 223:Generated_Source\PSoC4/cyfitter_cfg.c **** 	CySysClkWriteImoFreq(48u);
 182              		.loc 1 223 0
 183 0018 3020     		movs	r0, #48
 184 001a FFF7FEFF 		bl	CySysClkWriteImoFreq
 185              	.LVL20:
 224:Generated_Source\PSoC4/cyfitter_cfg.c **** 	/* CYDEV_CLK_ILO_CONFIG Starting address: CYDEV_CLK_ILO_CONFIG */
 225:Generated_Source\PSoC4/cyfitter_cfg.c **** 	CY_SET_REG32((void *)(CYREG_CLK_ILO_CONFIG), 0x80000006u);
 186              		.loc 1 225 0
 187 001e 394A     		ldr	r2, .L10+8
 188 0020 394B     		ldr	r3, .L10+12
 189 0022 1A60     		str	r2, [r3]
 226:Generated_Source\PSoC4/cyfitter_cfg.c **** 
 227:Generated_Source\PSoC4/cyfitter_cfg.c **** 	/* CYDEV_WDT_CONFIG Starting address: CYDEV_WDT_CONFIG */
 228:Generated_Source\PSoC4/cyfitter_cfg.c **** 	CY_SET_REG32((void *)(CYREG_WDT_CONFIG), 0x40000000u);
 190              		.loc 1 228 0
 191 0024 394D     		ldr	r5, .L10+16
 192 0026 8023     		movs	r3, #128
 193 0028 DB05     		lsls	r3, r3, #23
 194 002a 2B60     		str	r3, [r5]
 229:Generated_Source\PSoC4/cyfitter_cfg.c **** 
 230:Generated_Source\PSoC4/cyfitter_cfg.c **** 
 231:Generated_Source\PSoC4/cyfitter_cfg.c **** 	/* Enable fast start mode for XO */
 232:Generated_Source\PSoC4/cyfitter_cfg.c **** 	CY_SET_REG32((void*)CYREG_BLE_BLERD_BB_XO, CY_GET_REG32((void*)CYREG_BLE_BLERD_BB_XO) | (uint32)0x
 195              		.loc 1 232 0
 196 002c 384A     		ldr	r2, .L10+20
 197 002e 1168     		ldr	r1, [r2]
 198 0030 0223     		movs	r3, #2
 199 0032 0B43     		orrs	r3, r1
 200 0034 1360     		str	r3, [r2]
 233:Generated_Source\PSoC4/cyfitter_cfg.c **** 	CY_SET_REG32((void *)(CYREG_BLE_BLERD_BB_XO_CAPTRIM), 0x00003E2Du);
 201              		.loc 1 233 0
 202 0036 374A     		ldr	r2, .L10+24
 203 0038 374B     		ldr	r3, .L10+28
 204 003a 1A60     		str	r2, [r3]
 234:Generated_Source\PSoC4/cyfitter_cfg.c **** 	/*Set XTAL(ECO) divider*/
 235:Generated_Source\PSoC4/cyfitter_cfg.c **** 	CY_SET_REG32((void *)(CYREG_BLE_BLESS_XTAL_CLK_DIV_CONFIG), 0x00000000u);
 205              		.loc 1 235 0
 206 003c 0022     		movs	r2, #0
 207 003e 374B     		ldr	r3, .L10+32
 208 0040 1A60     		str	r2, [r3]
 236:Generated_Source\PSoC4/cyfitter_cfg.c **** 	/* Disable Crystal Stable Interrupt before enabling ECO */
 237:Generated_Source\PSoC4/cyfitter_cfg.c **** 	CY_SET_REG32((void*)CYREG_BLE_BLESS_LL_DSM_CTRL, CY_GET_REG32((void*)CYREG_BLE_BLESS_LL_DSM_CTRL) 
 209              		.loc 1 237 0
 210 0042 374A     		ldr	r2, .L10+36
ARM GAS  C:\Users\Lenovo\AppData\Local\Temp\ccboA4lz.s 			page 9


 211 0044 1368     		ldr	r3, [r2]
 212 0046 0821     		movs	r1, #8
 213 0048 8B43     		bics	r3, r1
 214 004a 1360     		str	r3, [r2]
 238:Generated_Source\PSoC4/cyfitter_cfg.c **** 	/* Start the ECO and do not check status since it is not needed for HFCLK */
 239:Generated_Source\PSoC4/cyfitter_cfg.c **** 	(void)CySysClkEcoStart(2000u);
 215              		.loc 1 239 0
 216 004c FA20     		movs	r0, #250
 217 004e C000     		lsls	r0, r0, #3
 218 0050 FFF7FEFF 		bl	CySysClkEcoStart
 219              	.LVL21:
 240:Generated_Source\PSoC4/cyfitter_cfg.c **** 	CyDelayUs(1500u); /* Wait to stabilize */
 220              		.loc 1 240 0
 221 0054 3348     		ldr	r0, .L10+40
 222 0056 FFF7FEFF 		bl	CyDelayUs
 223              	.LVL22:
 241:Generated_Source\PSoC4/cyfitter_cfg.c **** 
 242:Generated_Source\PSoC4/cyfitter_cfg.c **** 	/* Setup phase aligned clocks */
 243:Generated_Source\PSoC4/cyfitter_cfg.c **** 	CY_SET_REG32((void *)CYREG_PERI_DIV_16_CTL5, 0x0003BF00u);
 224              		.loc 1 243 0
 225 005a 334A     		ldr	r2, .L10+44
 226 005c 334B     		ldr	r3, .L10+48
 227 005e 1A60     		str	r2, [r3]
 244:Generated_Source\PSoC4/cyfitter_cfg.c **** 	CY_SET_REG32((void *)CYREG_PERI_DIV_CMD, 0x8000FF45u);
 228              		.loc 1 244 0
 229 0060 334B     		ldr	r3, .L10+52
 230 0062 344A     		ldr	r2, .L10+56
 231 0064 1A60     		str	r2, [r3]
 245:Generated_Source\PSoC4/cyfitter_cfg.c **** 	CY_SET_REG32((void *)CYREG_PERI_DIV_16_CTL2, 0x00000500u);
 232              		.loc 1 245 0
 233 0066 A021     		movs	r1, #160
 234 0068 C900     		lsls	r1, r1, #3
 235 006a 334A     		ldr	r2, .L10+60
 236 006c 1160     		str	r1, [r2]
 246:Generated_Source\PSoC4/cyfitter_cfg.c **** 	CY_SET_REG32((void *)CYREG_PERI_DIV_CMD, 0x8000FF42u);
 237              		.loc 1 246 0
 238 006e 334A     		ldr	r2, .L10+64
 239 0070 1A60     		str	r2, [r3]
 247:Generated_Source\PSoC4/cyfitter_cfg.c **** 	CY_SET_REG32((void *)CYREG_PERI_DIV_16_CTL3, 0x00001400u);
 240              		.loc 1 247 0
 241 0072 A021     		movs	r1, #160
 242 0074 4901     		lsls	r1, r1, #5
 243 0076 324A     		ldr	r2, .L10+68
 244 0078 1160     		str	r1, [r2]
 248:Generated_Source\PSoC4/cyfitter_cfg.c **** 	CY_SET_REG32((void *)CYREG_PERI_DIV_CMD, 0x8000FF43u);
 245              		.loc 1 248 0
 246 007a 324A     		ldr	r2, .L10+72
 247 007c 1A60     		str	r2, [r3]
 249:Generated_Source\PSoC4/cyfitter_cfg.c **** 	CY_SET_REG32((void *)CYREG_PERI_DIV_16_CTL0, 0x0000FE00u);
 248              		.loc 1 249 0
 249 007e FE22     		movs	r2, #254
 250 0080 1202     		lsls	r2, r2, #8
 251 0082 3149     		ldr	r1, .L10+76
 252 0084 0A60     		str	r2, [r1]
 250:Generated_Source\PSoC4/cyfitter_cfg.c **** 	CY_SET_REG32((void *)CYREG_PERI_DIV_CMD, 0x8000FF40u);
 253              		.loc 1 250 0
 254 0086 3149     		ldr	r1, .L10+80
ARM GAS  C:\Users\Lenovo\AppData\Local\Temp\ccboA4lz.s 			page 10


 255 0088 1960     		str	r1, [r3]
 251:Generated_Source\PSoC4/cyfitter_cfg.c **** 	CY_SET_REG32((void *)CYREG_PERI_DIV_16_CTL1, 0x0000FE00u);
 256              		.loc 1 251 0
 257 008a 3149     		ldr	r1, .L10+84
 258 008c 0A60     		str	r2, [r1]
 252:Generated_Source\PSoC4/cyfitter_cfg.c **** 	CY_SET_REG32((void *)CYREG_PERI_DIV_CMD, 0x8000FF41u);
 259              		.loc 1 252 0
 260 008e 314A     		ldr	r2, .L10+88
 261 0090 1A60     		str	r2, [r3]
 253:Generated_Source\PSoC4/cyfitter_cfg.c **** 	CY_SET_REG32((void *)CYREG_PERI_DIV_16_CTL4, 0x00001900u);
 262              		.loc 1 253 0
 263 0092 C821     		movs	r1, #200
 264 0094 4901     		lsls	r1, r1, #5
 265 0096 304A     		ldr	r2, .L10+92
 266 0098 1160     		str	r1, [r2]
 254:Generated_Source\PSoC4/cyfitter_cfg.c **** 	CY_SET_REG32((void *)CYREG_PERI_DIV_CMD, 0x8000FF44u);
 267              		.loc 1 254 0
 268 009a 304A     		ldr	r2, .L10+96
 269 009c 1A60     		str	r2, [r3]
 255:Generated_Source\PSoC4/cyfitter_cfg.c **** 
 256:Generated_Source\PSoC4/cyfitter_cfg.c **** 	/* CYDEV_CLK_IMO_CONFIG Starting address: CYDEV_CLK_IMO_CONFIG */
 257:Generated_Source\PSoC4/cyfitter_cfg.c **** 	CY_SET_REG32((void *)(CYREG_CLK_IMO_CONFIG), 0x82000000u);
 270              		.loc 1 257 0
 271 009e 8222     		movs	r2, #130
 272 00a0 1206     		lsls	r2, r2, #24
 273 00a2 2F4B     		ldr	r3, .L10+100
 274 00a4 1A60     		str	r2, [r3]
 258:Generated_Source\PSoC4/cyfitter_cfg.c **** 
 259:Generated_Source\PSoC4/cyfitter_cfg.c **** 	/* CYDEV_CLK_SELECT Starting address: CYDEV_CLK_SELECT */
 260:Generated_Source\PSoC4/cyfitter_cfg.c **** 	CY_SET_REG32((void *)(CYREG_CLK_SELECT), 0x00080000u);
 275              		.loc 1 260 0
 276 00a6 8024     		movs	r4, #128
 277 00a8 2403     		lsls	r4, r4, #12
 278 00aa 2E4B     		ldr	r3, .L10+104
 279 00ac 1C60     		str	r4, [r3]
 261:Generated_Source\PSoC4/cyfitter_cfg.c **** 
 262:Generated_Source\PSoC4/cyfitter_cfg.c **** 	/* CYDEV_PERI_PCLK_CTL14 Starting address: CYDEV_PERI_PCLK_CTL14 */
 263:Generated_Source\PSoC4/cyfitter_cfg.c **** 	CY_SET_REG32((void *)(CYREG_PERI_PCLK_CTL14), 0x00000045u);
 280              		.loc 1 263 0
 281 00ae 4522     		movs	r2, #69
 282 00b0 2D4B     		ldr	r3, .L10+108
 283 00b2 1A60     		str	r2, [r3]
 264:Generated_Source\PSoC4/cyfitter_cfg.c **** 
 265:Generated_Source\PSoC4/cyfitter_cfg.c **** 	/* CYDEV_PERI_PCLK_CTL12 Starting address: CYDEV_PERI_PCLK_CTL12 */
 266:Generated_Source\PSoC4/cyfitter_cfg.c **** 	CY_SET_REG32((void *)(CYREG_PERI_PCLK_CTL12), 0x00000042u);
 284              		.loc 1 266 0
 285 00b4 033A     		subs	r2, r2, #3
 286 00b6 2D4B     		ldr	r3, .L10+112
 287 00b8 1A60     		str	r2, [r3]
 267:Generated_Source\PSoC4/cyfitter_cfg.c **** 
 268:Generated_Source\PSoC4/cyfitter_cfg.c **** 	/* CYDEV_PERI_PCLK_CTL6 Starting address: CYDEV_PERI_PCLK_CTL6 */
 269:Generated_Source\PSoC4/cyfitter_cfg.c **** 	CY_SET_REG32((void *)(CYREG_PERI_PCLK_CTL6), 0x00000043u);
 288              		.loc 1 269 0
 289 00ba 0132     		adds	r2, r2, #1
 290 00bc 2C4B     		ldr	r3, .L10+116
 291 00be 1A60     		str	r2, [r3]
 270:Generated_Source\PSoC4/cyfitter_cfg.c **** 
ARM GAS  C:\Users\Lenovo\AppData\Local\Temp\ccboA4lz.s 			page 11


 271:Generated_Source\PSoC4/cyfitter_cfg.c **** 	/* CYDEV_PERI_PCLK_CTL5 Starting address: CYDEV_PERI_PCLK_CTL5 */
 272:Generated_Source\PSoC4/cyfitter_cfg.c **** 	CY_SET_REG32((void *)(CYREG_PERI_PCLK_CTL5), 0x00000040u);
 292              		.loc 1 272 0
 293 00c0 033A     		subs	r2, r2, #3
 294 00c2 2C4B     		ldr	r3, .L10+120
 295 00c4 1A60     		str	r2, [r3]
 273:Generated_Source\PSoC4/cyfitter_cfg.c **** 
 274:Generated_Source\PSoC4/cyfitter_cfg.c **** 	/* CYDEV_PERI_PCLK_CTL4 Starting address: CYDEV_PERI_PCLK_CTL4 */
 275:Generated_Source\PSoC4/cyfitter_cfg.c **** 	CY_SET_REG32((void *)(CYREG_PERI_PCLK_CTL4), 0x00000041u);
 296              		.loc 1 275 0
 297 00c6 0132     		adds	r2, r2, #1
 298 00c8 2B4B     		ldr	r3, .L10+124
 299 00ca 1A60     		str	r2, [r3]
 276:Generated_Source\PSoC4/cyfitter_cfg.c **** 
 277:Generated_Source\PSoC4/cyfitter_cfg.c **** 	/* CYDEV_PERI_PCLK_CTL1 Starting address: CYDEV_PERI_PCLK_CTL1 */
 278:Generated_Source\PSoC4/cyfitter_cfg.c **** 	CY_SET_REG32((void *)(CYREG_PERI_PCLK_CTL1), 0x00000044u);
 300              		.loc 1 278 0
 301 00cc 0332     		adds	r2, r2, #3
 302 00ce 2B4B     		ldr	r3, .L10+128
 303 00d0 1A60     		str	r2, [r3]
 279:Generated_Source\PSoC4/cyfitter_cfg.c **** 
 280:Generated_Source\PSoC4/cyfitter_cfg.c **** 	(void)CyIntSetVector(8u, &CySysWdtIsr);
 304              		.loc 1 280 0
 305 00d2 2B49     		ldr	r1, .L10+132
 306 00d4 0820     		movs	r0, #8
 307 00d6 FFF7FEFF 		bl	CyIntSetVector
 308              	.LVL23:
 281:Generated_Source\PSoC4/cyfitter_cfg.c **** 	CyIntEnable(8u);
 309              		.loc 1 281 0
 310 00da 0820     		movs	r0, #8
 311 00dc FFF7FEFF 		bl	CyIntEnable
 312              	.LVL24:
 282:Generated_Source\PSoC4/cyfitter_cfg.c **** 	CY_SET_REG32((void *)(CYREG_WDT_CONFIG), 0x47010000u);
 313              		.loc 1 282 0
 314 00e0 284B     		ldr	r3, .L10+136
 315 00e2 2B60     		str	r3, [r5]
 283:Generated_Source\PSoC4/cyfitter_cfg.c **** 	CY_SET_REG32((void *)(CYREG_WDT_CONTROL), 0x00080000u);
 316              		.loc 1 283 0
 317 00e4 284B     		ldr	r3, .L10+140
 318 00e6 1C60     		str	r4, [r3]
 319              	.L9:
 284:Generated_Source\PSoC4/cyfitter_cfg.c **** 	while ((CY_GET_XTND_REG32((void CYFAR *)(CYREG_WDT_CONTROL)) & 0x00080000u) != 0u) { }
 320              		.loc 1 284 0 discriminator 1
 321 00e8 274B     		ldr	r3, .L10+140
 322 00ea 1B68     		ldr	r3, [r3]
 323 00ec 1B03     		lsls	r3, r3, #12
 324 00ee FBD4     		bmi	.L9
 285:Generated_Source\PSoC4/cyfitter_cfg.c **** 	CY_SET_REG32((void *)(CYREG_WDT_CONTROL), 0x00010000u);
 325              		.loc 1 285 0
 326 00f0 8022     		movs	r2, #128
 327 00f2 5202     		lsls	r2, r2, #9
 328 00f4 244B     		ldr	r3, .L10+140
 329 00f6 1A60     		str	r2, [r3]
 286:Generated_Source\PSoC4/cyfitter_cfg.c **** }
 330              		.loc 1 286 0
 331              		@ sp needed
 332 00f8 70BD     		pop	{r4, r5, r6, pc}
ARM GAS  C:\Users\Lenovo\AppData\Local\Temp\ccboA4lz.s 			page 12


 333              	.L11:
 334 00fa C046     		.align	2
 335              	.L10:
 336 00fc 30001040 		.word	1074790448
 337 0100 001BB700 		.word	12000000
 338 0104 06000080 		.word	-2147483642
 339 0108 04010B40 		.word	1074462980
 340 010c 0C020B40 		.word	1074463244
 341 0110 78002E40 		.word	1076756600
 342 0114 2D3E0000 		.word	15917
 343 0118 7C002E40 		.word	1076756604
 344 011c 64F02E40 		.word	1076818020
 345 0120 6CF02E40 		.word	1076818028
 346 0124 DC050000 		.word	1500
 347 0128 00BF0300 		.word	245504
 348 012c 14030140 		.word	1073808148
 349 0130 00000140 		.word	1073807360
 350 0134 45FF0080 		.word	-2147418299
 351 0138 08030140 		.word	1073808136
 352 013c 42FF0080 		.word	-2147418302
 353 0140 0C030140 		.word	1073808140
 354 0144 43FF0080 		.word	-2147418301
 355 0148 00030140 		.word	1073808128
 356 014c 40FF0080 		.word	-2147418304
 357 0150 04030140 		.word	1073808132
 358 0154 41FF0080 		.word	-2147418303
 359 0158 10030140 		.word	1073808144
 360 015c 44FF0080 		.word	-2147418300
 361 0160 08010B40 		.word	1074462984
 362 0164 00010B40 		.word	1074462976
 363 0168 38010140 		.word	1073807672
 364 016c 30010140 		.word	1073807664
 365 0170 18010140 		.word	1073807640
 366 0174 14010140 		.word	1073807636
 367 0178 10010140 		.word	1073807632
 368 017c 04010140 		.word	1073807620
 369 0180 00000000 		.word	CySysWdtIsr
 370 0184 00000147 		.word	1191247872
 371 0188 10020B40 		.word	1074463248
 372              		.cfi_endproc
 373              	.LFE6:
 374              		.size	ClockSetup, .-ClockSetup
 375              		.section	.text.SetAnalogRoutingPumps,"ax",%progbits
 376              		.align	2
 377              		.global	SetAnalogRoutingPumps
 378              		.code	16
 379              		.thumb_func
 380              		.type	SetAnalogRoutingPumps, %function
 381              	SetAnalogRoutingPumps:
 382              	.LFB8:
 287:Generated_Source\PSoC4/cyfitter_cfg.c **** 
 288:Generated_Source\PSoC4/cyfitter_cfg.c **** 
 289:Generated_Source\PSoC4/cyfitter_cfg.c **** /* Analog API Functions */
 290:Generated_Source\PSoC4/cyfitter_cfg.c **** 
 291:Generated_Source\PSoC4/cyfitter_cfg.c **** 
 292:Generated_Source\PSoC4/cyfitter_cfg.c **** /*******************************************************************************
 293:Generated_Source\PSoC4/cyfitter_cfg.c **** * Function Name: AnalogSetDefault
ARM GAS  C:\Users\Lenovo\AppData\Local\Temp\ccboA4lz.s 			page 13


 294:Generated_Source\PSoC4/cyfitter_cfg.c **** ********************************************************************************
 295:Generated_Source\PSoC4/cyfitter_cfg.c **** *
 296:Generated_Source\PSoC4/cyfitter_cfg.c **** * Summary:
 297:Generated_Source\PSoC4/cyfitter_cfg.c **** *  Sets up the analog portions of the chip to default values based on chip
 298:Generated_Source\PSoC4/cyfitter_cfg.c **** *  configuration options from the project.
 299:Generated_Source\PSoC4/cyfitter_cfg.c **** *
 300:Generated_Source\PSoC4/cyfitter_cfg.c **** * Parameters:
 301:Generated_Source\PSoC4/cyfitter_cfg.c **** *  void
 302:Generated_Source\PSoC4/cyfitter_cfg.c **** *
 303:Generated_Source\PSoC4/cyfitter_cfg.c **** * Return:
 304:Generated_Source\PSoC4/cyfitter_cfg.c **** *  void
 305:Generated_Source\PSoC4/cyfitter_cfg.c **** *
 306:Generated_Source\PSoC4/cyfitter_cfg.c **** *******************************************************************************/
 307:Generated_Source\PSoC4/cyfitter_cfg.c **** static void AnalogSetDefault(void);
 308:Generated_Source\PSoC4/cyfitter_cfg.c **** static void AnalogSetDefault(void)
 309:Generated_Source\PSoC4/cyfitter_cfg.c **** {
 310:Generated_Source\PSoC4/cyfitter_cfg.c **** 	CY_SET_XTND_REG32((void CYFAR *)CYREG_CTBM0_DFT_CTRL, 0x00000003u);
 311:Generated_Source\PSoC4/cyfitter_cfg.c **** 	CY_SET_XTND_REG32((void CYFAR *)CYREG_CTBM1_DFT_CTRL, 0x00000003u);
 312:Generated_Source\PSoC4/cyfitter_cfg.c **** 	CY_SET_XTND_REG32((void CYFAR *)CYREG_SAR_CTRL, 0x80000000u);
 313:Generated_Source\PSoC4/cyfitter_cfg.c **** 	CY_SET_XTND_REG32((void CYFAR *)CYREG_SAR_MUX_SWITCH0, 0x00000001u);
 314:Generated_Source\PSoC4/cyfitter_cfg.c **** 	CY_SET_XTND_REG32((void CYFAR *)CYREG_PASS_DSAB_DSAB_CTRL, 0x00000000u);
 315:Generated_Source\PSoC4/cyfitter_cfg.c **** 	SetAnalogRoutingPumps(1);
 316:Generated_Source\PSoC4/cyfitter_cfg.c **** }
 317:Generated_Source\PSoC4/cyfitter_cfg.c **** 
 318:Generated_Source\PSoC4/cyfitter_cfg.c **** 
 319:Generated_Source\PSoC4/cyfitter_cfg.c **** /*******************************************************************************
 320:Generated_Source\PSoC4/cyfitter_cfg.c **** * Function Name: SetAnalogRoutingPumps
 321:Generated_Source\PSoC4/cyfitter_cfg.c **** ********************************************************************************
 322:Generated_Source\PSoC4/cyfitter_cfg.c **** *
 323:Generated_Source\PSoC4/cyfitter_cfg.c **** * Summary:
 324:Generated_Source\PSoC4/cyfitter_cfg.c **** * Enables or disables the analog pumps feeding analog routing switches.
 325:Generated_Source\PSoC4/cyfitter_cfg.c **** * Intended to be called at startup, based on the Vdda system configuration;
 326:Generated_Source\PSoC4/cyfitter_cfg.c **** * may be called during operation when the user informs us that the Vdda voltage crossed the pump th
 327:Generated_Source\PSoC4/cyfitter_cfg.c **** *
 328:Generated_Source\PSoC4/cyfitter_cfg.c **** * Parameters:
 329:Generated_Source\PSoC4/cyfitter_cfg.c **** *  enabled - 1 to enable the pumps, 0 to disable the pumps
 330:Generated_Source\PSoC4/cyfitter_cfg.c **** *
 331:Generated_Source\PSoC4/cyfitter_cfg.c **** * Return:
 332:Generated_Source\PSoC4/cyfitter_cfg.c **** *  void
 333:Generated_Source\PSoC4/cyfitter_cfg.c **** *
 334:Generated_Source\PSoC4/cyfitter_cfg.c **** *******************************************************************************/
 335:Generated_Source\PSoC4/cyfitter_cfg.c **** void SetAnalogRoutingPumps(uint8 enabled)
 336:Generated_Source\PSoC4/cyfitter_cfg.c **** {
 383              		.loc 1 336 0
 384              		.cfi_startproc
 385              		@ args = 0, pretend = 0, frame = 0
 386              		@ frame_needed = 0, uses_anonymous_args = 0
 387              		@ link register save eliminated.
 388              	.LVL25:
 337:Generated_Source\PSoC4/cyfitter_cfg.c **** 	uint32 regValue = CY_GET_XTND_REG32((void *)(CYREG_SAR_PUMP_CTRL));
 389              		.loc 1 337 0
 390 0000 064B     		ldr	r3, .L15
 391 0002 1B68     		ldr	r3, [r3]
 392              	.LVL26:
 338:Generated_Source\PSoC4/cyfitter_cfg.c **** 	if (enabled != 0u)
 393              		.loc 1 338 0
 394 0004 0028     		cmp	r0, #0
ARM GAS  C:\Users\Lenovo\AppData\Local\Temp\ccboA4lz.s 			page 14


 395 0006 03D0     		beq	.L13
 339:Generated_Source\PSoC4/cyfitter_cfg.c **** 	{
 340:Generated_Source\PSoC4/cyfitter_cfg.c **** 		regValue |= 0x80000000u;
 396              		.loc 1 340 0
 397 0008 8022     		movs	r2, #128
 398 000a 1206     		lsls	r2, r2, #24
 399 000c 1343     		orrs	r3, r2
 400              	.LVL27:
 401 000e 01E0     		b	.L14
 402              	.L13:
 341:Generated_Source\PSoC4/cyfitter_cfg.c **** 	}
 342:Generated_Source\PSoC4/cyfitter_cfg.c **** 	else
 343:Generated_Source\PSoC4/cyfitter_cfg.c **** 	{
 344:Generated_Source\PSoC4/cyfitter_cfg.c **** 		regValue &= ~0x80000000u;
 403              		.loc 1 344 0
 404 0010 5B00     		lsls	r3, r3, #1
 405              	.LVL28:
 406 0012 5B08     		lsrs	r3, r3, #1
 407              	.LVL29:
 408              	.L14:
 345:Generated_Source\PSoC4/cyfitter_cfg.c **** 	}
 346:Generated_Source\PSoC4/cyfitter_cfg.c **** 	CY_SET_XTND_REG32((void *)(CYREG_SAR_PUMP_CTRL), regValue);
 409              		.loc 1 346 0
 410 0014 014A     		ldr	r2, .L15
 411 0016 1360     		str	r3, [r2]
 347:Generated_Source\PSoC4/cyfitter_cfg.c **** }
 412              		.loc 1 347 0
 413              		@ sp needed
 414 0018 7047     		bx	lr
 415              	.L16:
 416 001a C046     		.align	2
 417              	.L15:
 418 001c 80033A40 		.word	1077543808
 419              		.cfi_endproc
 420              	.LFE8:
 421              		.size	SetAnalogRoutingPumps, .-SetAnalogRoutingPumps
 422              		.section	.text.AnalogSetDefault,"ax",%progbits
 423              		.align	2
 424              		.code	16
 425              		.thumb_func
 426              		.type	AnalogSetDefault, %function
 427              	AnalogSetDefault:
 428              	.LFB7:
 309:Generated_Source\PSoC4/cyfitter_cfg.c **** 	CY_SET_XTND_REG32((void CYFAR *)CYREG_CTBM0_DFT_CTRL, 0x00000003u);
 429              		.loc 1 309 0
 430              		.cfi_startproc
 431              		@ args = 0, pretend = 0, frame = 0
 432              		@ frame_needed = 0, uses_anonymous_args = 0
 433 0000 10B5     		push	{r4, lr}
 434              		.cfi_def_cfa_offset 8
 435              		.cfi_offset 4, -8
 436              		.cfi_offset 14, -4
 310:Generated_Source\PSoC4/cyfitter_cfg.c **** 	CY_SET_XTND_REG32((void CYFAR *)CYREG_CTBM1_DFT_CTRL, 0x00000003u);
 437              		.loc 1 310 0
 438 0002 0323     		movs	r3, #3
 439 0004 084A     		ldr	r2, .L18
 440 0006 1360     		str	r3, [r2]
ARM GAS  C:\Users\Lenovo\AppData\Local\Temp\ccboA4lz.s 			page 15


 311:Generated_Source\PSoC4/cyfitter_cfg.c **** 	CY_SET_XTND_REG32((void CYFAR *)CYREG_SAR_CTRL, 0x80000000u);
 441              		.loc 1 311 0
 442 0008 084A     		ldr	r2, .L18+4
 443 000a 1360     		str	r3, [r2]
 312:Generated_Source\PSoC4/cyfitter_cfg.c **** 	CY_SET_XTND_REG32((void CYFAR *)CYREG_SAR_MUX_SWITCH0, 0x00000001u);
 444              		.loc 1 312 0
 445 000c 8022     		movs	r2, #128
 446 000e 1206     		lsls	r2, r2, #24
 447 0010 074B     		ldr	r3, .L18+8
 448 0012 1A60     		str	r2, [r3]
 313:Generated_Source\PSoC4/cyfitter_cfg.c **** 	CY_SET_XTND_REG32((void CYFAR *)CYREG_PASS_DSAB_DSAB_CTRL, 0x00000000u);
 449              		.loc 1 313 0
 450 0014 0122     		movs	r2, #1
 451 0016 074B     		ldr	r3, .L18+12
 452 0018 1A60     		str	r2, [r3]
 314:Generated_Source\PSoC4/cyfitter_cfg.c **** 	SetAnalogRoutingPumps(1);
 453              		.loc 1 314 0
 454 001a 0022     		movs	r2, #0
 455 001c 064B     		ldr	r3, .L18+16
 456 001e 1A60     		str	r2, [r3]
 315:Generated_Source\PSoC4/cyfitter_cfg.c **** }
 457              		.loc 1 315 0
 458 0020 0120     		movs	r0, #1
 459 0022 FFF7FEFF 		bl	SetAnalogRoutingPumps
 460              	.LVL30:
 316:Generated_Source\PSoC4/cyfitter_cfg.c **** 
 461              		.loc 1 316 0
 462              		@ sp needed
 463 0026 10BD     		pop	{r4, pc}
 464              	.L19:
 465              		.align	2
 466              	.L18:
 467 0028 30003040 		.word	1076887600
 468 002c 30003140 		.word	1076953136
 469 0030 00003A40 		.word	1077542912
 470 0034 00033A40 		.word	1077543680
 471 0038 000E3F40 		.word	1077874176
 472              		.cfi_endproc
 473              	.LFE7:
 474              		.size	AnalogSetDefault, .-AnalogSetDefault
 475              		.section	.psocinit
 476              		.align	2
 477              		.global	cyfitter_cfg
 478              		.code	16
 479              		.thumb_func
 480              		.type	cyfitter_cfg, %function
 481              	cyfitter_cfg:
 482              	.LFB9:
 348:Generated_Source\PSoC4/cyfitter_cfg.c **** 
 349:Generated_Source\PSoC4/cyfitter_cfg.c **** 
 350:Generated_Source\PSoC4/cyfitter_cfg.c **** 
 351:Generated_Source\PSoC4/cyfitter_cfg.c **** 
 352:Generated_Source\PSoC4/cyfitter_cfg.c **** /*******************************************************************************
 353:Generated_Source\PSoC4/cyfitter_cfg.c **** * Function Name: cyfitter_cfg
 354:Generated_Source\PSoC4/cyfitter_cfg.c **** ********************************************************************************
 355:Generated_Source\PSoC4/cyfitter_cfg.c **** * Summary:
 356:Generated_Source\PSoC4/cyfitter_cfg.c **** *  This function is called by the start-up code for the selected device. It
ARM GAS  C:\Users\Lenovo\AppData\Local\Temp\ccboA4lz.s 			page 16


 357:Generated_Source\PSoC4/cyfitter_cfg.c **** *  performs all of the necessary device configuration based on the design
 358:Generated_Source\PSoC4/cyfitter_cfg.c **** *  settings.  This includes settings from the Design Wide Resources (DWR) such
 359:Generated_Source\PSoC4/cyfitter_cfg.c **** *  as Clocks and Pins as well as any component configuration that is necessary.
 360:Generated_Source\PSoC4/cyfitter_cfg.c **** *
 361:Generated_Source\PSoC4/cyfitter_cfg.c **** * Parameters:
 362:Generated_Source\PSoC4/cyfitter_cfg.c **** *   void
 363:Generated_Source\PSoC4/cyfitter_cfg.c **** *
 364:Generated_Source\PSoC4/cyfitter_cfg.c **** * Return:
 365:Generated_Source\PSoC4/cyfitter_cfg.c **** *   void
 366:Generated_Source\PSoC4/cyfitter_cfg.c **** *
 367:Generated_Source\PSoC4/cyfitter_cfg.c **** *******************************************************************************/
 368:Generated_Source\PSoC4/cyfitter_cfg.c **** CY_CFG_SECTION
 369:Generated_Source\PSoC4/cyfitter_cfg.c **** void cyfitter_cfg(void)
 370:Generated_Source\PSoC4/cyfitter_cfg.c **** {
 483              		.loc 1 370 0
 484              		.cfi_startproc
 485              		@ args = 0, pretend = 0, frame = 0
 486              		@ frame_needed = 0, uses_anonymous_args = 0
 487 018c 70B5     		push	{r4, r5, r6, lr}
 488              		.cfi_def_cfa_offset 16
 489              		.cfi_offset 4, -16
 490              		.cfi_offset 5, -12
 491              		.cfi_offset 6, -8
 492              		.cfi_offset 14, -4
 371:Generated_Source\PSoC4/cyfitter_cfg.c **** 	/* Disable interrupts by default. Let user enable if/when they want. */
 372:Generated_Source\PSoC4/cyfitter_cfg.c **** 	CyGlobalIntDisable;
 493              		.loc 1 372 0
 494              		.syntax divided
 495              	@ 372 "Generated_Source\PSoC4\cyfitter_cfg.c" 1
 496 018e 72B6     		CPSID   i
 497              	@ 0 "" 2
 373:Generated_Source\PSoC4/cyfitter_cfg.c **** 
 374:Generated_Source\PSoC4/cyfitter_cfg.c **** 	CY_SET_REG32((void *)(CYREG_BLE_BLESS_LL_DSM_CTRL), 0x00000000u);
 498              		.loc 1 374 0
 499              		.thumb
 500              		.syntax unified
 501 0190 0022     		movs	r2, #0
 502 0192 524B     		ldr	r3, .L25
 503 0194 1A60     		str	r2, [r3]
 375:Generated_Source\PSoC4/cyfitter_cfg.c **** 
 376:Generated_Source\PSoC4/cyfitter_cfg.c **** 	/* Enable the clock in the interrupt controller for the routed interrupts */
 377:Generated_Source\PSoC4/cyfitter_cfg.c **** 	CY_SET_REG8((void *)CYREG_UDB_UDBIF_INT_CLK_CTL, 0x01u);
 504              		.loc 1 377 0
 505 0196 0132     		adds	r2, r2, #1
 506 0198 514B     		ldr	r3, .L25+4
 507 019a 1A70     		strb	r2, [r3]
 508              	.LVL31:
 509              	.LBB3:
 378:Generated_Source\PSoC4/cyfitter_cfg.c **** 	{
 379:Generated_Source\PSoC4/cyfitter_cfg.c **** 		static const uint32 CYCODE cy_cfg_addr_table[] = {
 380:Generated_Source\PSoC4/cyfitter_cfg.c **** 			0x400F0001u, /* Base address: 0x400F0000 Count: 1 */
 381:Generated_Source\PSoC4/cyfitter_cfg.c **** 			0x400F3039u, /* Base address: 0x400F3000 Count: 57 */
 382:Generated_Source\PSoC4/cyfitter_cfg.c **** 			0x400F313Au, /* Base address: 0x400F3100 Count: 58 */
 383:Generated_Source\PSoC4/cyfitter_cfg.c **** 			0x400F3246u, /* Base address: 0x400F3200 Count: 70 */
 384:Generated_Source\PSoC4/cyfitter_cfg.c **** 			0x400F333Bu, /* Base address: 0x400F3300 Count: 59 */
 385:Generated_Source\PSoC4/cyfitter_cfg.c **** 			0x400F4004u, /* Base address: 0x400F4000 Count: 4 */
 386:Generated_Source\PSoC4/cyfitter_cfg.c **** 			0x400F4117u, /* Base address: 0x400F4100 Count: 23 */
ARM GAS  C:\Users\Lenovo\AppData\Local\Temp\ccboA4lz.s 			page 17


 387:Generated_Source\PSoC4/cyfitter_cfg.c **** 			0x400F4303u, /* Base address: 0x400F4300 Count: 3 */
 388:Generated_Source\PSoC4/cyfitter_cfg.c **** 			0x400F6002u, /* Base address: 0x400F6000 Count: 2 */
 389:Generated_Source\PSoC4/cyfitter_cfg.c **** 		};
 390:Generated_Source\PSoC4/cyfitter_cfg.c **** 
 391:Generated_Source\PSoC4/cyfitter_cfg.c **** 		static const cy_cfg_addrvalue_t CYCODE cy_cfg_data_table[] = {
 392:Generated_Source\PSoC4/cyfitter_cfg.c **** 			{0x80u, 0x1Fu},
 393:Generated_Source\PSoC4/cyfitter_cfg.c **** 			{0x80u, 0x04u},
 394:Generated_Source\PSoC4/cyfitter_cfg.c **** 			{0x82u, 0x1Au},
 395:Generated_Source\PSoC4/cyfitter_cfg.c **** 			{0x84u, 0xC4u},
 396:Generated_Source\PSoC4/cyfitter_cfg.c **** 			{0x86u, 0x28u},
 397:Generated_Source\PSoC4/cyfitter_cfg.c **** 			{0x88u, 0x80u},
 398:Generated_Source\PSoC4/cyfitter_cfg.c **** 			{0x8Cu, 0x84u},
 399:Generated_Source\PSoC4/cyfitter_cfg.c **** 			{0x8Eu, 0x10u},
 400:Generated_Source\PSoC4/cyfitter_cfg.c **** 			{0x90u, 0x1Au},
 401:Generated_Source\PSoC4/cyfitter_cfg.c **** 			{0x92u, 0x01u},
 402:Generated_Source\PSoC4/cyfitter_cfg.c **** 			{0x9Au, 0x01u},
 403:Generated_Source\PSoC4/cyfitter_cfg.c **** 			{0x9Cu, 0x1Bu},
 404:Generated_Source\PSoC4/cyfitter_cfg.c **** 			{0xA0u, 0x1Bu},
 405:Generated_Source\PSoC4/cyfitter_cfg.c **** 			{0xA4u, 0x1Bu},
 406:Generated_Source\PSoC4/cyfitter_cfg.c **** 			{0xA8u, 0x1Bu},
 407:Generated_Source\PSoC4/cyfitter_cfg.c **** 			{0xACu, 0x22u},
 408:Generated_Source\PSoC4/cyfitter_cfg.c **** 			{0xAEu, 0x44u},
 409:Generated_Source\PSoC4/cyfitter_cfg.c **** 			{0xB0u, 0x1Eu},
 410:Generated_Source\PSoC4/cyfitter_cfg.c **** 			{0xB4u, 0x01u},
 411:Generated_Source\PSoC4/cyfitter_cfg.c **** 			{0xB6u, 0xE0u},
 412:Generated_Source\PSoC4/cyfitter_cfg.c **** 			{0xB9u, 0x02u},
 413:Generated_Source\PSoC4/cyfitter_cfg.c **** 			{0xBAu, 0x82u},
 414:Generated_Source\PSoC4/cyfitter_cfg.c **** 			{0xBEu, 0x10u},
 415:Generated_Source\PSoC4/cyfitter_cfg.c **** 			{0xBFu, 0x01u},
 416:Generated_Source\PSoC4/cyfitter_cfg.c **** 			{0xC0u, 0x21u},
 417:Generated_Source\PSoC4/cyfitter_cfg.c **** 			{0xC1u, 0x04u},
 418:Generated_Source\PSoC4/cyfitter_cfg.c **** 			{0xC2u, 0x60u},
 419:Generated_Source\PSoC4/cyfitter_cfg.c **** 			{0xC5u, 0x0Du},
 420:Generated_Source\PSoC4/cyfitter_cfg.c **** 			{0xC6u, 0xFDu},
 421:Generated_Source\PSoC4/cyfitter_cfg.c **** 			{0xC7u, 0xECu},
 422:Generated_Source\PSoC4/cyfitter_cfg.c **** 			{0xC8u, 0x3Du},
 423:Generated_Source\PSoC4/cyfitter_cfg.c **** 			{0xC9u, 0xFFu},
 424:Generated_Source\PSoC4/cyfitter_cfg.c **** 			{0xCAu, 0xFFu},
 425:Generated_Source\PSoC4/cyfitter_cfg.c **** 			{0xCBu, 0xFFu},
 426:Generated_Source\PSoC4/cyfitter_cfg.c **** 			{0xCCu, 0x22u},
 427:Generated_Source\PSoC4/cyfitter_cfg.c **** 			{0xCEu, 0xF0u},
 428:Generated_Source\PSoC4/cyfitter_cfg.c **** 			{0xCFu, 0x48u},
 429:Generated_Source\PSoC4/cyfitter_cfg.c **** 			{0xD0u, 0x04u},
 430:Generated_Source\PSoC4/cyfitter_cfg.c **** 			{0xD4u, 0x40u},
 431:Generated_Source\PSoC4/cyfitter_cfg.c **** 			{0xD8u, 0x04u},
 432:Generated_Source\PSoC4/cyfitter_cfg.c **** 			{0xD9u, 0x04u},
 433:Generated_Source\PSoC4/cyfitter_cfg.c **** 			{0xDAu, 0x04u},
 434:Generated_Source\PSoC4/cyfitter_cfg.c **** 			{0xDBu, 0x04u},
 435:Generated_Source\PSoC4/cyfitter_cfg.c **** 			{0xDCu, 0x01u},
 436:Generated_Source\PSoC4/cyfitter_cfg.c **** 			{0xDDu, 0x11u},
 437:Generated_Source\PSoC4/cyfitter_cfg.c **** 			{0xDFu, 0x01u},
 438:Generated_Source\PSoC4/cyfitter_cfg.c **** 			{0xE2u, 0xC0u},
 439:Generated_Source\PSoC4/cyfitter_cfg.c **** 			{0xE4u, 0x40u},
 440:Generated_Source\PSoC4/cyfitter_cfg.c **** 			{0xE5u, 0x02u},
 441:Generated_Source\PSoC4/cyfitter_cfg.c **** 			{0xE6u, 0x10u},
 442:Generated_Source\PSoC4/cyfitter_cfg.c **** 			{0xE7u, 0x12u},
 443:Generated_Source\PSoC4/cyfitter_cfg.c **** 			{0xE8u, 0xC0u},
ARM GAS  C:\Users\Lenovo\AppData\Local\Temp\ccboA4lz.s 			page 18


 444:Generated_Source\PSoC4/cyfitter_cfg.c **** 			{0xE9u, 0x02u},
 445:Generated_Source\PSoC4/cyfitter_cfg.c **** 			{0xEBu, 0x12u},
 446:Generated_Source\PSoC4/cyfitter_cfg.c **** 			{0xECu, 0x40u},
 447:Generated_Source\PSoC4/cyfitter_cfg.c **** 			{0xEDu, 0x02u},
 448:Generated_Source\PSoC4/cyfitter_cfg.c **** 			{0xEEu, 0x40u},
 449:Generated_Source\PSoC4/cyfitter_cfg.c **** 			{0xEFu, 0x02u},
 450:Generated_Source\PSoC4/cyfitter_cfg.c **** 			{0x00u, 0x92u},
 451:Generated_Source\PSoC4/cyfitter_cfg.c **** 			{0x01u, 0x08u},
 452:Generated_Source\PSoC4/cyfitter_cfg.c **** 			{0x05u, 0x41u},
 453:Generated_Source\PSoC4/cyfitter_cfg.c **** 			{0x06u, 0x08u},
 454:Generated_Source\PSoC4/cyfitter_cfg.c **** 			{0x07u, 0x20u},
 455:Generated_Source\PSoC4/cyfitter_cfg.c **** 			{0x0Au, 0x01u},
 456:Generated_Source\PSoC4/cyfitter_cfg.c **** 			{0x0Bu, 0x90u},
 457:Generated_Source\PSoC4/cyfitter_cfg.c **** 			{0x0Eu, 0x41u},
 458:Generated_Source\PSoC4/cyfitter_cfg.c **** 			{0x0Fu, 0x08u},
 459:Generated_Source\PSoC4/cyfitter_cfg.c **** 			{0x10u, 0x28u},
 460:Generated_Source\PSoC4/cyfitter_cfg.c **** 			{0x12u, 0x81u},
 461:Generated_Source\PSoC4/cyfitter_cfg.c **** 			{0x13u, 0x40u},
 462:Generated_Source\PSoC4/cyfitter_cfg.c **** 			{0x15u, 0x82u},
 463:Generated_Source\PSoC4/cyfitter_cfg.c **** 			{0x17u, 0x18u},
 464:Generated_Source\PSoC4/cyfitter_cfg.c **** 			{0x18u, 0x14u},
 465:Generated_Source\PSoC4/cyfitter_cfg.c **** 			{0x19u, 0x82u},
 466:Generated_Source\PSoC4/cyfitter_cfg.c **** 			{0x1Bu, 0x10u},
 467:Generated_Source\PSoC4/cyfitter_cfg.c **** 			{0x1Du, 0xC1u},
 468:Generated_Source\PSoC4/cyfitter_cfg.c **** 			{0x1Fu, 0x50u},
 469:Generated_Source\PSoC4/cyfitter_cfg.c **** 			{0x21u, 0x44u},
 470:Generated_Source\PSoC4/cyfitter_cfg.c **** 			{0x22u, 0x80u},
 471:Generated_Source\PSoC4/cyfitter_cfg.c **** 			{0x23u, 0x72u},
 472:Generated_Source\PSoC4/cyfitter_cfg.c **** 			{0x24u, 0x40u},
 473:Generated_Source\PSoC4/cyfitter_cfg.c **** 			{0x28u, 0x20u},
 474:Generated_Source\PSoC4/cyfitter_cfg.c **** 			{0x29u, 0x40u},
 475:Generated_Source\PSoC4/cyfitter_cfg.c **** 			{0x2Au, 0x09u},
 476:Generated_Source\PSoC4/cyfitter_cfg.c **** 			{0x30u, 0x20u},
 477:Generated_Source\PSoC4/cyfitter_cfg.c **** 			{0x32u, 0x80u},
 478:Generated_Source\PSoC4/cyfitter_cfg.c **** 			{0x33u, 0x01u},
 479:Generated_Source\PSoC4/cyfitter_cfg.c **** 			{0x38u, 0x80u},
 480:Generated_Source\PSoC4/cyfitter_cfg.c **** 			{0x39u, 0x1Au},
 481:Generated_Source\PSoC4/cyfitter_cfg.c **** 			{0x40u, 0x04u},
 482:Generated_Source\PSoC4/cyfitter_cfg.c **** 			{0x41u, 0x40u},
 483:Generated_Source\PSoC4/cyfitter_cfg.c **** 			{0x45u, 0x80u},
 484:Generated_Source\PSoC4/cyfitter_cfg.c **** 			{0x47u, 0x22u},
 485:Generated_Source\PSoC4/cyfitter_cfg.c **** 			{0x49u, 0x08u},
 486:Generated_Source\PSoC4/cyfitter_cfg.c **** 			{0x4Bu, 0x90u},
 487:Generated_Source\PSoC4/cyfitter_cfg.c **** 			{0x4Fu, 0x28u},
 488:Generated_Source\PSoC4/cyfitter_cfg.c **** 			{0x56u, 0x5Au},
 489:Generated_Source\PSoC4/cyfitter_cfg.c **** 			{0x62u, 0x02u},
 490:Generated_Source\PSoC4/cyfitter_cfg.c **** 			{0x66u, 0x50u},
 491:Generated_Source\PSoC4/cyfitter_cfg.c **** 			{0x67u, 0x20u},
 492:Generated_Source\PSoC4/cyfitter_cfg.c **** 			{0x68u, 0x69u},
 493:Generated_Source\PSoC4/cyfitter_cfg.c **** 			{0x69u, 0x12u},
 494:Generated_Source\PSoC4/cyfitter_cfg.c **** 			{0x6Au, 0x40u},
 495:Generated_Source\PSoC4/cyfitter_cfg.c **** 			{0x6Bu, 0x19u},
 496:Generated_Source\PSoC4/cyfitter_cfg.c **** 			{0x70u, 0x40u},
 497:Generated_Source\PSoC4/cyfitter_cfg.c **** 			{0x72u, 0x01u},
 498:Generated_Source\PSoC4/cyfitter_cfg.c **** 			{0x80u, 0x40u},
 499:Generated_Source\PSoC4/cyfitter_cfg.c **** 			{0xC0u, 0xFFu},
 500:Generated_Source\PSoC4/cyfitter_cfg.c **** 			{0xC2u, 0xDDu},
ARM GAS  C:\Users\Lenovo\AppData\Local\Temp\ccboA4lz.s 			page 19


 501:Generated_Source\PSoC4/cyfitter_cfg.c **** 			{0xC4u, 0xFFu},
 502:Generated_Source\PSoC4/cyfitter_cfg.c **** 			{0xCAu, 0x0Bu},
 503:Generated_Source\PSoC4/cyfitter_cfg.c **** 			{0xCCu, 0x0Du},
 504:Generated_Source\PSoC4/cyfitter_cfg.c **** 			{0xCEu, 0x0Fu},
 505:Generated_Source\PSoC4/cyfitter_cfg.c **** 			{0xD0u, 0xBCu},
 506:Generated_Source\PSoC4/cyfitter_cfg.c **** 			{0xD2u, 0x2Cu},
 507:Generated_Source\PSoC4/cyfitter_cfg.c **** 			{0xD8u, 0x71u},
 508:Generated_Source\PSoC4/cyfitter_cfg.c **** 			{0x05u, 0x01u},
 509:Generated_Source\PSoC4/cyfitter_cfg.c **** 			{0x06u, 0x10u},
 510:Generated_Source\PSoC4/cyfitter_cfg.c **** 			{0x11u, 0x02u},
 511:Generated_Source\PSoC4/cyfitter_cfg.c **** 			{0x15u, 0x01u},
 512:Generated_Source\PSoC4/cyfitter_cfg.c **** 			{0x18u, 0x0Eu},
 513:Generated_Source\PSoC4/cyfitter_cfg.c **** 			{0x19u, 0x02u},
 514:Generated_Source\PSoC4/cyfitter_cfg.c **** 			{0x1Cu, 0x04u},
 515:Generated_Source\PSoC4/cyfitter_cfg.c **** 			{0x1Du, 0x02u},
 516:Generated_Source\PSoC4/cyfitter_cfg.c **** 			{0x1Eu, 0x39u},
 517:Generated_Source\PSoC4/cyfitter_cfg.c **** 			{0x28u, 0x05u},
 518:Generated_Source\PSoC4/cyfitter_cfg.c **** 			{0x2Au, 0x3Au},
 519:Generated_Source\PSoC4/cyfitter_cfg.c **** 			{0x2Cu, 0x23u},
 520:Generated_Source\PSoC4/cyfitter_cfg.c **** 			{0x2Eu, 0x04u},
 521:Generated_Source\PSoC4/cyfitter_cfg.c **** 			{0x32u, 0x30u},
 522:Generated_Source\PSoC4/cyfitter_cfg.c **** 			{0x34u, 0x0Fu},
 523:Generated_Source\PSoC4/cyfitter_cfg.c **** 			{0x35u, 0x01u},
 524:Generated_Source\PSoC4/cyfitter_cfg.c **** 			{0x37u, 0x02u},
 525:Generated_Source\PSoC4/cyfitter_cfg.c **** 			{0x38u, 0x20u},
 526:Generated_Source\PSoC4/cyfitter_cfg.c **** 			{0x39u, 0x20u},
 527:Generated_Source\PSoC4/cyfitter_cfg.c **** 			{0x3Fu, 0x50u},
 528:Generated_Source\PSoC4/cyfitter_cfg.c **** 			{0x54u, 0x09u},
 529:Generated_Source\PSoC4/cyfitter_cfg.c **** 			{0x58u, 0x04u},
 530:Generated_Source\PSoC4/cyfitter_cfg.c **** 			{0x59u, 0x04u},
 531:Generated_Source\PSoC4/cyfitter_cfg.c **** 			{0x5Bu, 0x04u},
 532:Generated_Source\PSoC4/cyfitter_cfg.c **** 			{0x5Cu, 0x01u},
 533:Generated_Source\PSoC4/cyfitter_cfg.c **** 			{0x5Du, 0x10u},
 534:Generated_Source\PSoC4/cyfitter_cfg.c **** 			{0x5Fu, 0x01u},
 535:Generated_Source\PSoC4/cyfitter_cfg.c **** 			{0x86u, 0x01u},
 536:Generated_Source\PSoC4/cyfitter_cfg.c **** 			{0x89u, 0x05u},
 537:Generated_Source\PSoC4/cyfitter_cfg.c **** 			{0x8Bu, 0x0Au},
 538:Generated_Source\PSoC4/cyfitter_cfg.c **** 			{0x8Du, 0x03u},
 539:Generated_Source\PSoC4/cyfitter_cfg.c **** 			{0x8Fu, 0x0Cu},
 540:Generated_Source\PSoC4/cyfitter_cfg.c **** 			{0x91u, 0x02u},
 541:Generated_Source\PSoC4/cyfitter_cfg.c **** 			{0x92u, 0x02u},
 542:Generated_Source\PSoC4/cyfitter_cfg.c **** 			{0x93u, 0x0Du},
 543:Generated_Source\PSoC4/cyfitter_cfg.c **** 			{0x9Du, 0x09u},
 544:Generated_Source\PSoC4/cyfitter_cfg.c **** 			{0x9Fu, 0x06u},
 545:Generated_Source\PSoC4/cyfitter_cfg.c **** 			{0xA6u, 0x01u},
 546:Generated_Source\PSoC4/cyfitter_cfg.c **** 			{0xB1u, 0x0Fu},
 547:Generated_Source\PSoC4/cyfitter_cfg.c **** 			{0xB2u, 0x01u},
 548:Generated_Source\PSoC4/cyfitter_cfg.c **** 			{0xB4u, 0x02u},
 549:Generated_Source\PSoC4/cyfitter_cfg.c **** 			{0xBBu, 0x02u},
 550:Generated_Source\PSoC4/cyfitter_cfg.c **** 			{0xC0u, 0x20u},
 551:Generated_Source\PSoC4/cyfitter_cfg.c **** 			{0xC1u, 0x06u},
 552:Generated_Source\PSoC4/cyfitter_cfg.c **** 			{0xC5u, 0x01u},
 553:Generated_Source\PSoC4/cyfitter_cfg.c **** 			{0xC7u, 0x02u},
 554:Generated_Source\PSoC4/cyfitter_cfg.c **** 			{0xC8u, 0x11u},
 555:Generated_Source\PSoC4/cyfitter_cfg.c **** 			{0xC9u, 0xFFu},
 556:Generated_Source\PSoC4/cyfitter_cfg.c **** 			{0xCAu, 0xFFu},
 557:Generated_Source\PSoC4/cyfitter_cfg.c **** 			{0xCBu, 0xFFu},
ARM GAS  C:\Users\Lenovo\AppData\Local\Temp\ccboA4lz.s 			page 20


 558:Generated_Source\PSoC4/cyfitter_cfg.c **** 			{0xCDu, 0xA0u},
 559:Generated_Source\PSoC4/cyfitter_cfg.c **** 			{0xCFu, 0x04u},
 560:Generated_Source\PSoC4/cyfitter_cfg.c **** 			{0xD0u, 0x18u},
 561:Generated_Source\PSoC4/cyfitter_cfg.c **** 			{0xD2u, 0x80u},
 562:Generated_Source\PSoC4/cyfitter_cfg.c **** 			{0xD8u, 0x04u},
 563:Generated_Source\PSoC4/cyfitter_cfg.c **** 			{0xD9u, 0x04u},
 564:Generated_Source\PSoC4/cyfitter_cfg.c **** 			{0xDAu, 0x04u},
 565:Generated_Source\PSoC4/cyfitter_cfg.c **** 			{0xDBu, 0x04u},
 566:Generated_Source\PSoC4/cyfitter_cfg.c **** 			{0xDCu, 0x13u},
 567:Generated_Source\PSoC4/cyfitter_cfg.c **** 			{0xDDu, 0x33u},
 568:Generated_Source\PSoC4/cyfitter_cfg.c **** 			{0xDFu, 0x01u},
 569:Generated_Source\PSoC4/cyfitter_cfg.c **** 			{0xE0u, 0x40u},
 570:Generated_Source\PSoC4/cyfitter_cfg.c **** 			{0xE2u, 0xC0u},
 571:Generated_Source\PSoC4/cyfitter_cfg.c **** 			{0xE4u, 0x40u},
 572:Generated_Source\PSoC4/cyfitter_cfg.c **** 			{0xE5u, 0x40u},
 573:Generated_Source\PSoC4/cyfitter_cfg.c **** 			{0xE6u, 0xC0u},
 574:Generated_Source\PSoC4/cyfitter_cfg.c **** 			{0xE8u, 0xC0u},
 575:Generated_Source\PSoC4/cyfitter_cfg.c **** 			{0xEAu, 0xC0u},
 576:Generated_Source\PSoC4/cyfitter_cfg.c **** 			{0xECu, 0xC0u},
 577:Generated_Source\PSoC4/cyfitter_cfg.c **** 			{0xEEu, 0xC0u},
 578:Generated_Source\PSoC4/cyfitter_cfg.c **** 			{0x00u, 0x04u},
 579:Generated_Source\PSoC4/cyfitter_cfg.c **** 			{0x05u, 0x04u},
 580:Generated_Source\PSoC4/cyfitter_cfg.c **** 			{0x09u, 0x02u},
 581:Generated_Source\PSoC4/cyfitter_cfg.c **** 			{0x0Du, 0x80u},
 582:Generated_Source\PSoC4/cyfitter_cfg.c **** 			{0x0Eu, 0x0Au},
 583:Generated_Source\PSoC4/cyfitter_cfg.c **** 			{0x10u, 0x20u},
 584:Generated_Source\PSoC4/cyfitter_cfg.c **** 			{0x15u, 0x80u},
 585:Generated_Source\PSoC4/cyfitter_cfg.c **** 			{0x17u, 0x60u},
 586:Generated_Source\PSoC4/cyfitter_cfg.c **** 			{0x18u, 0x04u},
 587:Generated_Source\PSoC4/cyfitter_cfg.c **** 			{0x1Bu, 0x04u},
 588:Generated_Source\PSoC4/cyfitter_cfg.c **** 			{0x1Du, 0x04u},
 589:Generated_Source\PSoC4/cyfitter_cfg.c **** 			{0x1Eu, 0x08u},
 590:Generated_Source\PSoC4/cyfitter_cfg.c **** 			{0x22u, 0x02u},
 591:Generated_Source\PSoC4/cyfitter_cfg.c **** 			{0x26u, 0x20u},
 592:Generated_Source\PSoC4/cyfitter_cfg.c **** 			{0x27u, 0x01u},
 593:Generated_Source\PSoC4/cyfitter_cfg.c **** 			{0x31u, 0x80u},
 594:Generated_Source\PSoC4/cyfitter_cfg.c **** 			{0x32u, 0x02u},
 595:Generated_Source\PSoC4/cyfitter_cfg.c **** 			{0x36u, 0x01u},
 596:Generated_Source\PSoC4/cyfitter_cfg.c **** 			{0x37u, 0x64u},
 597:Generated_Source\PSoC4/cyfitter_cfg.c **** 			{0x39u, 0x80u},
 598:Generated_Source\PSoC4/cyfitter_cfg.c **** 			{0x3Bu, 0x10u},
 599:Generated_Source\PSoC4/cyfitter_cfg.c **** 			{0x3Eu, 0x04u},
 600:Generated_Source\PSoC4/cyfitter_cfg.c **** 			{0x40u, 0x04u},
 601:Generated_Source\PSoC4/cyfitter_cfg.c **** 			{0x46u, 0x80u},
 602:Generated_Source\PSoC4/cyfitter_cfg.c **** 			{0x47u, 0x01u},
 603:Generated_Source\PSoC4/cyfitter_cfg.c **** 			{0x48u, 0x28u},
 604:Generated_Source\PSoC4/cyfitter_cfg.c **** 			{0x50u, 0x08u},
 605:Generated_Source\PSoC4/cyfitter_cfg.c **** 			{0x5Cu, 0x20u},
 606:Generated_Source\PSoC4/cyfitter_cfg.c **** 			{0x5Du, 0x8Au},
 607:Generated_Source\PSoC4/cyfitter_cfg.c **** 			{0x66u, 0x80u},
 608:Generated_Source\PSoC4/cyfitter_cfg.c **** 			{0x71u, 0x02u},
 609:Generated_Source\PSoC4/cyfitter_cfg.c **** 			{0x83u, 0x04u},
 610:Generated_Source\PSoC4/cyfitter_cfg.c **** 			{0x85u, 0x08u},
 611:Generated_Source\PSoC4/cyfitter_cfg.c **** 			{0x86u, 0x06u},
 612:Generated_Source\PSoC4/cyfitter_cfg.c **** 			{0x8Au, 0x20u},
 613:Generated_Source\PSoC4/cyfitter_cfg.c **** 			{0x8Du, 0x04u},
 614:Generated_Source\PSoC4/cyfitter_cfg.c **** 			{0x8Eu, 0x04u},
ARM GAS  C:\Users\Lenovo\AppData\Local\Temp\ccboA4lz.s 			page 21


 615:Generated_Source\PSoC4/cyfitter_cfg.c **** 			{0x8Fu, 0x04u},
 616:Generated_Source\PSoC4/cyfitter_cfg.c **** 			{0x91u, 0x80u},
 617:Generated_Source\PSoC4/cyfitter_cfg.c **** 			{0x93u, 0x10u},
 618:Generated_Source\PSoC4/cyfitter_cfg.c **** 			{0x98u, 0x20u},
 619:Generated_Source\PSoC4/cyfitter_cfg.c **** 			{0x99u, 0x82u},
 620:Generated_Source\PSoC4/cyfitter_cfg.c **** 			{0x9Au, 0x02u},
 621:Generated_Source\PSoC4/cyfitter_cfg.c **** 			{0x9Bu, 0x20u},
 622:Generated_Source\PSoC4/cyfitter_cfg.c **** 			{0xA1u, 0x80u},
 623:Generated_Source\PSoC4/cyfitter_cfg.c **** 			{0xA6u, 0x02u},
 624:Generated_Source\PSoC4/cyfitter_cfg.c **** 			{0xB4u, 0x10u},
 625:Generated_Source\PSoC4/cyfitter_cfg.c **** 			{0xC0u, 0x24u},
 626:Generated_Source\PSoC4/cyfitter_cfg.c **** 			{0xC2u, 0xC8u},
 627:Generated_Source\PSoC4/cyfitter_cfg.c **** 			{0xC4u, 0xC4u},
 628:Generated_Source\PSoC4/cyfitter_cfg.c **** 			{0xCCu, 0xF9u},
 629:Generated_Source\PSoC4/cyfitter_cfg.c **** 			{0xCEu, 0x4Cu},
 630:Generated_Source\PSoC4/cyfitter_cfg.c **** 			{0xD0u, 0x04u},
 631:Generated_Source\PSoC4/cyfitter_cfg.c **** 			{0xD2u, 0x04u},
 632:Generated_Source\PSoC4/cyfitter_cfg.c **** 			{0xD6u, 0xF0u},
 633:Generated_Source\PSoC4/cyfitter_cfg.c **** 			{0xD8u, 0x10u},
 634:Generated_Source\PSoC4/cyfitter_cfg.c **** 			{0xE2u, 0x70u},
 635:Generated_Source\PSoC4/cyfitter_cfg.c **** 			{0xE4u, 0x14u},
 636:Generated_Source\PSoC4/cyfitter_cfg.c **** 			{0xEAu, 0x10u},
 637:Generated_Source\PSoC4/cyfitter_cfg.c **** 			{0x5Bu, 0x02u},
 638:Generated_Source\PSoC4/cyfitter_cfg.c **** 			{0x82u, 0x02u},
 639:Generated_Source\PSoC4/cyfitter_cfg.c **** 			{0xD6u, 0x40u},
 640:Generated_Source\PSoC4/cyfitter_cfg.c **** 			{0xE6u, 0x20u},
 641:Generated_Source\PSoC4/cyfitter_cfg.c **** 			{0x13u, 0x80u},
 642:Generated_Source\PSoC4/cyfitter_cfg.c **** 			{0x17u, 0x20u},
 643:Generated_Source\PSoC4/cyfitter_cfg.c **** 			{0x2Eu, 0x10u},
 644:Generated_Source\PSoC4/cyfitter_cfg.c **** 			{0x3Au, 0x02u},
 645:Generated_Source\PSoC4/cyfitter_cfg.c **** 			{0x3Cu, 0x80u},
 646:Generated_Source\PSoC4/cyfitter_cfg.c **** 			{0x3Eu, 0x10u},
 647:Generated_Source\PSoC4/cyfitter_cfg.c **** 			{0x50u, 0x04u},
 648:Generated_Source\PSoC4/cyfitter_cfg.c **** 			{0x57u, 0x80u},
 649:Generated_Source\PSoC4/cyfitter_cfg.c **** 			{0x68u, 0x40u},
 650:Generated_Source\PSoC4/cyfitter_cfg.c **** 			{0x6Eu, 0x80u},
 651:Generated_Source\PSoC4/cyfitter_cfg.c **** 			{0x87u, 0x80u},
 652:Generated_Source\PSoC4/cyfitter_cfg.c **** 			{0x8Au, 0x40u},
 653:Generated_Source\PSoC4/cyfitter_cfg.c **** 			{0x8Cu, 0x04u},
 654:Generated_Source\PSoC4/cyfitter_cfg.c **** 			{0x8Fu, 0xA0u},
 655:Generated_Source\PSoC4/cyfitter_cfg.c **** 			{0x9Au, 0x02u},
 656:Generated_Source\PSoC4/cyfitter_cfg.c **** 			{0xB7u, 0x02u},
 657:Generated_Source\PSoC4/cyfitter_cfg.c **** 			{0xC4u, 0xC0u},
 658:Generated_Source\PSoC4/cyfitter_cfg.c **** 			{0xCAu, 0x20u},
 659:Generated_Source\PSoC4/cyfitter_cfg.c **** 			{0xCEu, 0x40u},
 660:Generated_Source\PSoC4/cyfitter_cfg.c **** 			{0xD4u, 0x60u},
 661:Generated_Source\PSoC4/cyfitter_cfg.c **** 			{0xDAu, 0x80u},
 662:Generated_Source\PSoC4/cyfitter_cfg.c **** 			{0xDCu, 0x20u},
 663:Generated_Source\PSoC4/cyfitter_cfg.c **** 			{0xE0u, 0x40u},
 664:Generated_Source\PSoC4/cyfitter_cfg.c **** 			{0x67u, 0x02u},
 665:Generated_Source\PSoC4/cyfitter_cfg.c **** 			{0x83u, 0x01u},
 666:Generated_Source\PSoC4/cyfitter_cfg.c **** 			{0xD6u, 0x01u},
 667:Generated_Source\PSoC4/cyfitter_cfg.c **** 			{0x10u, 0x0Au},
 668:Generated_Source\PSoC4/cyfitter_cfg.c **** 			{0x11u, 0x01u},
 669:Generated_Source\PSoC4/cyfitter_cfg.c **** 		};
 670:Generated_Source\PSoC4/cyfitter_cfg.c **** 
 671:Generated_Source\PSoC4/cyfitter_cfg.c **** 
ARM GAS  C:\Users\Lenovo\AppData\Local\Temp\ccboA4lz.s 			page 22


 672:Generated_Source\PSoC4/cyfitter_cfg.c **** 
 673:Generated_Source\PSoC4/cyfitter_cfg.c **** 		CYPACKED typedef struct {
 674:Generated_Source\PSoC4/cyfitter_cfg.c **** 			void CYFAR *address;
 675:Generated_Source\PSoC4/cyfitter_cfg.c **** 			uint16 size;
 676:Generated_Source\PSoC4/cyfitter_cfg.c **** 		} CYPACKED_ATTR cfg_memset_t;
 677:Generated_Source\PSoC4/cyfitter_cfg.c **** 
 678:Generated_Source\PSoC4/cyfitter_cfg.c **** 
 679:Generated_Source\PSoC4/cyfitter_cfg.c **** 		CYPACKED typedef struct {
 680:Generated_Source\PSoC4/cyfitter_cfg.c **** 			void CYFAR *dest;
 681:Generated_Source\PSoC4/cyfitter_cfg.c **** 			const void CYCODE *src;
 682:Generated_Source\PSoC4/cyfitter_cfg.c **** 			uint16 size;
 683:Generated_Source\PSoC4/cyfitter_cfg.c **** 		} CYPACKED_ATTR cfg_memcpy_t;
 684:Generated_Source\PSoC4/cyfitter_cfg.c **** 
 685:Generated_Source\PSoC4/cyfitter_cfg.c **** 		static const cfg_memset_t CYCODE cfg_memset_list[] = {
 686:Generated_Source\PSoC4/cyfitter_cfg.c **** 			/* address, size */
 687:Generated_Source\PSoC4/cyfitter_cfg.c **** 			{(void CYFAR *)(CYDEV_UDB_P0_U1_BASE), 896u},
 688:Generated_Source\PSoC4/cyfitter_cfg.c **** 			{(void CYFAR *)(CYDEV_UDB_DSI0_BASE), 1024u},
 689:Generated_Source\PSoC4/cyfitter_cfg.c **** 		};
 690:Generated_Source\PSoC4/cyfitter_cfg.c **** 
 691:Generated_Source\PSoC4/cyfitter_cfg.c **** 		/* UDB_0_1_0_CONFIG Address: CYDEV_UDB_P0_U0_BASE Size (bytes): 128 */
 692:Generated_Source\PSoC4/cyfitter_cfg.c **** 		static const uint8 CYCODE BS_UDB_0_1_0_CONFIG_VAL[] = {
 693:Generated_Source\PSoC4/cyfitter_cfg.c **** 			0x08u, 0x9Au, 0x01u, 0x00u, 0xC0u, 0x21u, 0x00u, 0xD8u, 0x02u, 0x02u, 0x00u, 0x98u, 0x09u, 0x9Au
 694:Generated_Source\PSoC4/cyfitter_cfg.c **** 			0xACu, 0x98u, 0x12u, 0x02u, 0x14u, 0x00u, 0x20u, 0x00u, 0x00u, 0x98u, 0x00u, 0x02u, 0x09u, 0x13u
 695:Generated_Source\PSoC4/cyfitter_cfg.c **** 			0x0Eu, 0x38u, 0x70u, 0xC0u, 0x09u, 0x02u, 0x00u, 0x00u, 0x01u, 0x00u, 0x08u, 0x00u, 0x08u, 0xFCu
 696:Generated_Source\PSoC4/cyfitter_cfg.c **** 			0x01u, 0xE0u, 0xFEu, 0x0Fu, 0x01u, 0x00u, 0x10u, 0x13u, 0x08u, 0x00u, 0x00u, 0x0Au, 0x00u, 0x00u
 697:Generated_Source\PSoC4/cyfitter_cfg.c **** 			0x65u, 0x01u, 0x20u, 0x00u, 0x00u, 0x0Bu, 0x00u, 0x00u, 0x01u, 0xFFu, 0xFFu, 0xFFu, 0x03u, 0x00u
 698:Generated_Source\PSoC4/cyfitter_cfg.c **** 			0x04u, 0x00u, 0x00u, 0x00u, 0x00u, 0x00u, 0x02u, 0x2Cu, 0x04u, 0x04u, 0x04u, 0x04u, 0x11u, 0x11u
 699:Generated_Source\PSoC4/cyfitter_cfg.c **** 			0x00u, 0x00u, 0xC0u, 0x00u, 0x40u, 0x02u, 0x10u, 0x12u, 0xC0u, 0x02u, 0x00u, 0x12u, 0x40u, 0x02u
 700:Generated_Source\PSoC4/cyfitter_cfg.c **** 			0x00u, 0x00u, 0x00u, 0x00u, 0x00u, 0x00u, 0x00u, 0x00u, 0x00u, 0x00u, 0x00u, 0x00u, 0x00u, 0x00u
 701:Generated_Source\PSoC4/cyfitter_cfg.c **** 
 702:Generated_Source\PSoC4/cyfitter_cfg.c **** 		static const cfg_memcpy_t CYCODE cfg_memcpy_list [] = {
 703:Generated_Source\PSoC4/cyfitter_cfg.c **** 			/* dest, src, size */
 704:Generated_Source\PSoC4/cyfitter_cfg.c **** 			{(void CYFAR *)(CYDEV_UDB_P0_U0_BASE), BS_UDB_0_1_0_CONFIG_VAL, 128u},
 705:Generated_Source\PSoC4/cyfitter_cfg.c **** 		};
 706:Generated_Source\PSoC4/cyfitter_cfg.c **** 
 707:Generated_Source\PSoC4/cyfitter_cfg.c **** 		uint8 CYDATA i;
 708:Generated_Source\PSoC4/cyfitter_cfg.c **** 
 709:Generated_Source\PSoC4/cyfitter_cfg.c **** 		/* Zero out critical memory blocks before beginning configuration */
 710:Generated_Source\PSoC4/cyfitter_cfg.c **** 		for (i = 0u; i < (sizeof(cfg_memset_list)/sizeof(cfg_memset_list[0])); i++)
 510              		.loc 1 710 0
 511 019c 0024     		movs	r4, #0
 512 019e 0FE0     		b	.L21
 513              	.LVL32:
 514              	.L22:
 515              	.LBB4:
 711:Generated_Source\PSoC4/cyfitter_cfg.c **** 		{
 712:Generated_Source\PSoC4/cyfitter_cfg.c **** 			const cfg_memset_t CYCODE * CYDATA ms = &cfg_memset_list[i];
 713:Generated_Source\PSoC4/cyfitter_cfg.c **** 			CYMEMZERO(ms->address, (size_t)(uint32)(ms->size));
 516              		.loc 1 713 0 discriminator 3
 517 01a0 5048     		ldr	r0, .L25+8
 518 01a2 6200     		lsls	r2, r4, #1
 519 01a4 1319     		adds	r3, r2, r4
 520 01a6 5900     		lsls	r1, r3, #1
 521 01a8 0B00     		movs	r3, r1
 522 01aa 4118     		adds	r1, r0, r1
 523 01ac 8988     		ldrh	r1, [r1, #4]
 524 01ae 1A5A     		ldrh	r2, [r3, r0]
ARM GAS  C:\Users\Lenovo\AppData\Local\Temp\ccboA4lz.s 			page 23


 525 01b0 C318     		adds	r3, r0, r3
 526 01b2 5888     		ldrh	r0, [r3, #2]
 527 01b4 0004     		lsls	r0, r0, #16
 528 01b6 1043     		orrs	r0, r2
 529 01b8 FFF7FEFF 		bl	CYMEMZERO
 530              	.LVL33:
 531              	.LBE4:
 710:Generated_Source\PSoC4/cyfitter_cfg.c **** 		{
 532              		.loc 1 710 0 discriminator 3
 533 01bc 0134     		adds	r4, r4, #1
 534              	.LVL34:
 535 01be E4B2     		uxtb	r4, r4
 536              	.LVL35:
 537              	.L21:
 710:Generated_Source\PSoC4/cyfitter_cfg.c **** 		{
 538              		.loc 1 710 0 is_stmt 0 discriminator 1
 539 01c0 012C     		cmp	r4, #1
 540 01c2 EDD9     		bls	.L22
 541 01c4 0024     		movs	r4, #0
 542              	.LVL36:
 543 01c6 11E0     		b	.L23
 544              	.LVL37:
 545              	.L24:
 546              	.LBB5:
 714:Generated_Source\PSoC4/cyfitter_cfg.c **** 		}
 715:Generated_Source\PSoC4/cyfitter_cfg.c **** 
 716:Generated_Source\PSoC4/cyfitter_cfg.c **** 		/* Copy device configuration data into registers */
 717:Generated_Source\PSoC4/cyfitter_cfg.c **** 		for (i = 0u; i < (sizeof(cfg_memcpy_list)/sizeof(cfg_memcpy_list[0])); i++)
 718:Generated_Source\PSoC4/cyfitter_cfg.c **** 		{
 719:Generated_Source\PSoC4/cyfitter_cfg.c **** 			const cfg_memcpy_t CYCODE * CYDATA mc = &cfg_memcpy_list[i];
 720:Generated_Source\PSoC4/cyfitter_cfg.c **** 			void * CYDATA destPtr = mc->dest;
 547              		.loc 1 720 0 is_stmt 1 discriminator 3
 548 01c8 464E     		ldr	r6, .L25+8
 549 01ca A200     		lsls	r2, r4, #2
 550 01cc 1319     		adds	r3, r2, r4
 551 01ce 5900     		lsls	r1, r3, #1
 552 01d0 7118     		adds	r1, r6, r1
 553 01d2 8D89     		ldrh	r5, [r1, #12]
 554 01d4 C889     		ldrh	r0, [r1, #14]
 555 01d6 0004     		lsls	r0, r0, #16
 556 01d8 2843     		orrs	r0, r5
 557              	.LVL38:
 721:Generated_Source\PSoC4/cyfitter_cfg.c **** 			const void CYCODE * CYDATA srcPtr = mc->src;
 558              		.loc 1 721 0 discriminator 3
 559 01da 0A8A     		ldrh	r2, [r1, #16]
 560 01dc 498A     		ldrh	r1, [r1, #18]
 561 01de 0904     		lsls	r1, r1, #16
 562 01e0 1143     		orrs	r1, r2
 563              	.LVL39:
 722:Generated_Source\PSoC4/cyfitter_cfg.c **** 			uint16 CYDATA numBytes = mc->size;
 723:Generated_Source\PSoC4/cyfitter_cfg.c **** 			CYCONFIGCPYCODE(destPtr, srcPtr, numBytes);
 564              		.loc 1 723 0 discriminator 3
 565 01e2 8022     		movs	r2, #128
 566 01e4 FFF7FEFF 		bl	CYCONFIGCPYCODE
 567              	.LVL40:
 568              	.LBE5:
 717:Generated_Source\PSoC4/cyfitter_cfg.c **** 		{
ARM GAS  C:\Users\Lenovo\AppData\Local\Temp\ccboA4lz.s 			page 24


 569              		.loc 1 717 0 discriminator 3
 570 01e8 0134     		adds	r4, r4, #1
 571              	.LVL41:
 572 01ea E4B2     		uxtb	r4, r4
 573              	.LVL42:
 574              	.L23:
 717:Generated_Source\PSoC4/cyfitter_cfg.c **** 		{
 575              		.loc 1 717 0 is_stmt 0 discriminator 1
 576 01ec 002C     		cmp	r4, #0
 577 01ee EBD0     		beq	.L24
 724:Generated_Source\PSoC4/cyfitter_cfg.c **** 		}
 725:Generated_Source\PSoC4/cyfitter_cfg.c **** 
 726:Generated_Source\PSoC4/cyfitter_cfg.c **** 		cfg_write_bytes32(cy_cfg_addr_table, cy_cfg_data_table);
 578              		.loc 1 726 0 is_stmt 1
 579 01f0 3C49     		ldr	r1, .L25+8
 580 01f2 1831     		adds	r1, r1, #24
 581 01f4 3C48     		ldr	r0, .L25+12
 582 01f6 4430     		adds	r0, r0, #68
 583 01f8 FFF7FEFF 		bl	cfg_write_bytes32
 584              	.LVL43:
 727:Generated_Source\PSoC4/cyfitter_cfg.c **** 
 728:Generated_Source\PSoC4/cyfitter_cfg.c **** 		/* Perform normal device configuration. Order is not critical for these items. */
 729:Generated_Source\PSoC4/cyfitter_cfg.c **** 		CY_SET_REG16((void *)(CYREG_UDB_BCTL0_DRV), 0x0A00u);
 585              		.loc 1 729 0
 586 01fc A022     		movs	r2, #160
 587 01fe 1201     		lsls	r2, r2, #4
 588 0200 3A4B     		ldr	r3, .L25+16
 589 0202 1A80     		strh	r2, [r3]
 730:Generated_Source\PSoC4/cyfitter_cfg.c **** 		CY_SET_REG8((void *)(CYREG_UDB_BCTL0_DRV + 0x2u), 0x01u);
 590              		.loc 1 730 0
 591 0204 0121     		movs	r1, #1
 592 0206 3A4B     		ldr	r3, .L25+20
 593 0208 1970     		strb	r1, [r3]
 731:Generated_Source\PSoC4/cyfitter_cfg.c **** 
 732:Generated_Source\PSoC4/cyfitter_cfg.c **** 		/* PWR_BG_CONFIG Starting address: CYDEV_PWR_BG_CONFIG */
 733:Generated_Source\PSoC4/cyfitter_cfg.c **** 		CY_SET_REG32((void *)(CYREG_PWR_BG_CONFIG), 0x00040000u);
 594              		.loc 1 733 0
 595 020a 8022     		movs	r2, #128
 596 020c D202     		lsls	r2, r2, #11
 597 020e 394B     		ldr	r3, .L25+24
 598 0210 1A60     		str	r2, [r3]
 734:Generated_Source\PSoC4/cyfitter_cfg.c **** 
 735:Generated_Source\PSoC4/cyfitter_cfg.c **** 		/* HSIOM Starting address: CYDEV_HSIOM_BASE */
 736:Generated_Source\PSoC4/cyfitter_cfg.c **** 		CY_SET_REG32((void *)(CYDEV_HSIOM_BASE), 0xEE300000u);
 599              		.loc 1 736 0
 600 0212 394A     		ldr	r2, .L25+28
 601 0214 394B     		ldr	r3, .L25+32
 602 0216 1A60     		str	r2, [r3]
 737:Generated_Source\PSoC4/cyfitter_cfg.c **** 		CY_SET_REG32((void *)(CYREG_HSIOM_PORT_SEL1), 0x00993003u);
 603              		.loc 1 737 0
 604 0218 394A     		ldr	r2, .L25+36
 605 021a 3A4B     		ldr	r3, .L25+40
 606 021c 1A60     		str	r2, [r3]
 738:Generated_Source\PSoC4/cyfitter_cfg.c **** 		CY_SET_REG32((void *)(CYREG_HSIOM_PORT_SEL3), 0x30000000u);
 607              		.loc 1 738 0
 608 021e C022     		movs	r2, #192
 609 0220 9205     		lsls	r2, r2, #22
ARM GAS  C:\Users\Lenovo\AppData\Local\Temp\ccboA4lz.s 			page 25


 610 0222 394B     		ldr	r3, .L25+44
 611 0224 1A60     		str	r2, [r3]
 739:Generated_Source\PSoC4/cyfitter_cfg.c **** 
 740:Generated_Source\PSoC4/cyfitter_cfg.c **** 		/* UDB_PA_0 Starting address: CYDEV_UDB_PA0_BASE */
 741:Generated_Source\PSoC4/cyfitter_cfg.c **** 		CY_SET_REG32((void *)(CYDEV_UDB_PA0_BASE), 0x00990000u);
 612              		.loc 1 741 0
 613 0226 9923     		movs	r3, #153
 614 0228 1B04     		lsls	r3, r3, #16
 615 022a 384A     		ldr	r2, .L25+48
 616 022c 1360     		str	r3, [r2]
 742:Generated_Source\PSoC4/cyfitter_cfg.c **** 		CY_SET_REG32((void *)(CYREG_UDB_PA0_CFG8), 0x51000000u);
 617              		.loc 1 742 0
 618 022e A220     		movs	r0, #162
 619 0230 C005     		lsls	r0, r0, #23
 620 0232 374A     		ldr	r2, .L25+52
 621 0234 1060     		str	r0, [r2]
 743:Generated_Source\PSoC4/cyfitter_cfg.c **** 
 744:Generated_Source\PSoC4/cyfitter_cfg.c **** 		/* UDB_PA_1 Starting address: CYDEV_UDB_PA1_BASE */
 745:Generated_Source\PSoC4/cyfitter_cfg.c **** 		CY_SET_REG32((void *)(CYDEV_UDB_PA1_BASE), 0x00990000u);
 622              		.loc 1 745 0
 623 0236 374A     		ldr	r2, .L25+56
 624 0238 1360     		str	r3, [r2]
 746:Generated_Source\PSoC4/cyfitter_cfg.c **** 		CY_SET_REG32((void *)(CYREG_UDB_PA1_CFG8), 0x00680000u);
 625              		.loc 1 746 0
 626 023a D020     		movs	r0, #208
 627 023c C003     		lsls	r0, r0, #15
 628 023e 364A     		ldr	r2, .L25+60
 629 0240 1060     		str	r0, [r2]
 747:Generated_Source\PSoC4/cyfitter_cfg.c **** 
 748:Generated_Source\PSoC4/cyfitter_cfg.c **** 		/* UDB_PA_2 Starting address: CYDEV_UDB_PA2_BASE */
 749:Generated_Source\PSoC4/cyfitter_cfg.c **** 		CY_SET_REG32((void *)(CYDEV_UDB_PA2_BASE), 0x00990000u);
 630              		.loc 1 749 0
 631 0242 364A     		ldr	r2, .L25+64
 632 0244 1360     		str	r3, [r2]
 750:Generated_Source\PSoC4/cyfitter_cfg.c **** 
 751:Generated_Source\PSoC4/cyfitter_cfg.c **** 		/* UDB_PA_3 Starting address: CYDEV_UDB_PA3_BASE */
 752:Generated_Source\PSoC4/cyfitter_cfg.c **** 		CY_SET_REG32((void *)(CYDEV_UDB_PA3_BASE), 0x00990000u);
 633              		.loc 1 752 0
 634 0246 364A     		ldr	r2, .L25+68
 635 0248 1360     		str	r3, [r2]
 753:Generated_Source\PSoC4/cyfitter_cfg.c **** 		CY_SET_REG32((void *)(CYREG_UDB_PA3_CFG4), 0x00A80000u);
 636              		.loc 1 753 0
 637 024a A822     		movs	r2, #168
 638 024c 1204     		lsls	r2, r2, #16
 639 024e 354B     		ldr	r3, .L25+72
 640 0250 1A60     		str	r2, [r3]
 754:Generated_Source\PSoC4/cyfitter_cfg.c **** 		CY_SET_REG32((void *)(CYREG_UDB_PA3_CFG8), 0x40000000u);
 641              		.loc 1 754 0
 642 0252 8022     		movs	r2, #128
 643 0254 D205     		lsls	r2, r2, #23
 644 0256 344B     		ldr	r3, .L25+76
 645 0258 1A60     		str	r2, [r3]
 755:Generated_Source\PSoC4/cyfitter_cfg.c **** 
 756:Generated_Source\PSoC4/cyfitter_cfg.c **** 		/* INT_SELECT Starting address: CYDEV_CPUSS_INT_SEL */
 757:Generated_Source\PSoC4/cyfitter_cfg.c **** 		CY_SET_REG32((void *)(CYREG_CPUSS_INT_SEL), 0x00000006u);
 646              		.loc 1 757 0
 647 025a 0623     		movs	r3, #6
ARM GAS  C:\Users\Lenovo\AppData\Local\Temp\ccboA4lz.s 			page 26


 648 025c 334A     		ldr	r2, .L25+80
 649 025e 1360     		str	r3, [r2]
 758:Generated_Source\PSoC4/cyfitter_cfg.c **** 
 759:Generated_Source\PSoC4/cyfitter_cfg.c **** 		/* INT_CONFIG Starting address: CYDEV_UDB_INT_CFG */
 760:Generated_Source\PSoC4/cyfitter_cfg.c **** 		CY_SET_REG32((void *)(CYREG_UDB_INT_CFG), 0x00000006u);
 650              		.loc 1 760 0
 651 0260 334A     		ldr	r2, .L25+84
 652 0262 1360     		str	r3, [r2]
 761:Generated_Source\PSoC4/cyfitter_cfg.c **** 
 762:Generated_Source\PSoC4/cyfitter_cfg.c **** 		/* Enable UDB array and digital routing */
 763:Generated_Source\PSoC4/cyfitter_cfg.c **** 		CY_SET_XTND_REG8((void *)CYREG_UDB_UDBIF_WAIT_CFG, (uint8)((CY_GET_XTND_REG8((void *)CYREG_UDB_UD
 653              		.loc 1 763 0
 654 0264 3348     		ldr	r0, .L25+88
 655 0266 0378     		ldrb	r3, [r0]
 656 0268 3C22     		movs	r2, #60
 657 026a 9343     		bics	r3, r2
 658 026c 1422     		movs	r2, #20
 659 026e 1343     		orrs	r3, r2
 660 0270 DBB2     		uxtb	r3, r3
 661 0272 0370     		strb	r3, [r0]
 764:Generated_Source\PSoC4/cyfitter_cfg.c **** 		CY_SET_XTND_REG8((void *)CYREG_UDB_UDBIF_BANK_CTL, (uint8)(CY_GET_XTND_REG8((void *)CYREG_UDB_UDB
 662              		.loc 1 764 0
 663 0274 304A     		ldr	r2, .L25+92
 664 0276 1078     		ldrb	r0, [r2]
 665 0278 1623     		movs	r3, #22
 666 027a 0343     		orrs	r3, r0
 667 027c DBB2     		uxtb	r3, r3
 668 027e 1370     		strb	r3, [r2]
 669              	.LBE3:
 765:Generated_Source\PSoC4/cyfitter_cfg.c **** 	}
 766:Generated_Source\PSoC4/cyfitter_cfg.c **** 
 767:Generated_Source\PSoC4/cyfitter_cfg.c **** 	/* Perform second pass device configuration. These items must be configured in specific order afte
 768:Generated_Source\PSoC4/cyfitter_cfg.c **** 	/* IOPINS0_0 Starting address: CYDEV_GPIO_PRT0_BASE */
 769:Generated_Source\PSoC4/cyfitter_cfg.c **** 	CY_SET_REG32((void *)(CYDEV_GPIO_PRT0_BASE), 0x00000020u);
 670              		.loc 1 769 0
 671 0280 2023     		movs	r3, #32
 672 0282 2E4A     		ldr	r2, .L25+96
 673 0284 1360     		str	r3, [r2]
 770:Generated_Source\PSoC4/cyfitter_cfg.c **** 	CY_SET_REG32((void *)(CYREG_GPIO_PRT0_PC), 0x00DB0DB6u);
 674              		.loc 1 770 0
 675 0286 2E48     		ldr	r0, .L25+100
 676 0288 2E4A     		ldr	r2, .L25+104
 677 028a 1060     		str	r0, [r2]
 771:Generated_Source\PSoC4/cyfitter_cfg.c **** 
 772:Generated_Source\PSoC4/cyfitter_cfg.c **** 	/* IOPINS0_1 Starting address: CYDEV_GPIO_PRT1_BASE */
 773:Generated_Source\PSoC4/cyfitter_cfg.c **** 	CY_SET_REG32((void *)(CYDEV_GPIO_PRT1_BASE), 0x00000029u);
 678              		.loc 1 773 0
 679 028c 2920     		movs	r0, #41
 680 028e 2E4A     		ldr	r2, .L25+108
 681 0290 1060     		str	r0, [r2]
 774:Generated_Source\PSoC4/cyfitter_cfg.c **** 	CY_SET_REG32((void *)(CYREG_GPIO_PRT1_PC), 0x00031C06u);
 682              		.loc 1 774 0
 683 0292 2E48     		ldr	r0, .L25+112
 684 0294 2E4A     		ldr	r2, .L25+116
 685 0296 1060     		str	r0, [r2]
 775:Generated_Source\PSoC4/cyfitter_cfg.c **** 	CY_SET_REG32((void *)(CYREG_GPIO_PRT1_PC2), 0x00000020u);
 686              		.loc 1 775 0
ARM GAS  C:\Users\Lenovo\AppData\Local\Temp\ccboA4lz.s 			page 27


 687 0298 2E4A     		ldr	r2, .L25+120
 688 029a 1360     		str	r3, [r2]
 776:Generated_Source\PSoC4/cyfitter_cfg.c **** 
 777:Generated_Source\PSoC4/cyfitter_cfg.c **** 	/* IOPINS0_2 Starting address: CYDEV_GPIO_PRT2_BASE */
 778:Generated_Source\PSoC4/cyfitter_cfg.c **** 	CY_SET_REG32((void *)(CYDEV_GPIO_PRT2_BASE), 0x000000BCu);
 689              		.loc 1 778 0
 690 029c BC22     		movs	r2, #188
 691 029e 2E4B     		ldr	r3, .L25+124
 692 02a0 1A60     		str	r2, [r3]
 779:Generated_Source\PSoC4/cyfitter_cfg.c **** 	CY_SET_REG32((void *)(CYREG_GPIO_PRT2_PC), 0x00400000u);
 693              		.loc 1 779 0
 694 02a2 8022     		movs	r2, #128
 695 02a4 D203     		lsls	r2, r2, #15
 696 02a6 2D4B     		ldr	r3, .L25+128
 697 02a8 1A60     		str	r2, [r3]
 780:Generated_Source\PSoC4/cyfitter_cfg.c **** 	CY_SET_REG32((void *)(CYREG_GPIO_PRT2_INTR_CFG), 0x0000C000u);
 698              		.loc 1 780 0
 699 02aa C022     		movs	r2, #192
 700 02ac 1202     		lsls	r2, r2, #8
 701 02ae 2C4B     		ldr	r3, .L25+132
 702 02b0 1A60     		str	r2, [r3]
 781:Generated_Source\PSoC4/cyfitter_cfg.c **** 	CY_SET_REG32((void *)(CYREG_GPIO_PRT2_PC2), 0x0000003Eu);
 703              		.loc 1 781 0
 704 02b2 3E22     		movs	r2, #62
 705 02b4 2B4B     		ldr	r3, .L25+136
 706 02b6 1A60     		str	r2, [r3]
 782:Generated_Source\PSoC4/cyfitter_cfg.c **** 
 783:Generated_Source\PSoC4/cyfitter_cfg.c **** 	/* IOPINS0_3 Starting address: CYDEV_GPIO_PRT3_BASE */
 784:Generated_Source\PSoC4/cyfitter_cfg.c **** 	CY_SET_REG32((void *)(CYDEV_GPIO_PRT3_BASE), 0x00000081u);
 707              		.loc 1 784 0
 708 02b8 4332     		adds	r2, r2, #67
 709 02ba 2B4B     		ldr	r3, .L25+140
 710 02bc 1A60     		str	r2, [r3]
 785:Generated_Source\PSoC4/cyfitter_cfg.c **** 	CY_SET_REG32((void *)(CYREG_GPIO_PRT3_PC), 0x00D80248u);
 711              		.loc 1 785 0
 712 02be 2B4A     		ldr	r2, .L25+144
 713 02c0 2B4B     		ldr	r3, .L25+148
 714 02c2 1A60     		str	r2, [r3]
 786:Generated_Source\PSoC4/cyfitter_cfg.c **** 	CY_SET_REG32((void *)(CYREG_GPIO_PRT3_INTR_CFG), 0x000000FCu);
 715              		.loc 1 786 0
 716 02c4 FC22     		movs	r2, #252
 717 02c6 2B4B     		ldr	r3, .L25+152
 718 02c8 1A60     		str	r2, [r3]
 787:Generated_Source\PSoC4/cyfitter_cfg.c **** 	CY_SET_REG32((void *)(CYREG_GPIO_PRT3_PC2), 0x00000001u);
 719              		.loc 1 787 0
 720 02ca 2B4B     		ldr	r3, .L25+156
 721 02cc 1960     		str	r1, [r3]
 788:Generated_Source\PSoC4/cyfitter_cfg.c **** 
 789:Generated_Source\PSoC4/cyfitter_cfg.c **** 	/* IOPINS0_4 Starting address: CYDEV_GPIO_PRT4_BASE */
 790:Generated_Source\PSoC4/cyfitter_cfg.c **** 	CY_SET_REG32((void *)(CYREG_GPIO_PRT4_PC2), 0x00000001u);
 722              		.loc 1 790 0
 723 02ce 2B4B     		ldr	r3, .L25+160
 724 02d0 1960     		str	r1, [r3]
 791:Generated_Source\PSoC4/cyfitter_cfg.c **** 
 792:Generated_Source\PSoC4/cyfitter_cfg.c **** 
 793:Generated_Source\PSoC4/cyfitter_cfg.c **** 	/* Setup clocks based on selections from Clock DWR */
 794:Generated_Source\PSoC4/cyfitter_cfg.c **** 	ClockSetup();
ARM GAS  C:\Users\Lenovo\AppData\Local\Temp\ccboA4lz.s 			page 28


 725              		.loc 1 794 0
 726 02d2 FFF795FE 		bl	ClockSetup
 727              	.LVL44:
 795:Generated_Source\PSoC4/cyfitter_cfg.c **** 
 796:Generated_Source\PSoC4/cyfitter_cfg.c **** 	/* Perform basic analog initialization to defaults */
 797:Generated_Source\PSoC4/cyfitter_cfg.c **** 	AnalogSetDefault();
 728              		.loc 1 797 0
 729 02d6 FFF7FEFF 		bl	AnalogSetDefault
 730              	.LVL45:
 798:Generated_Source\PSoC4/cyfitter_cfg.c **** 
 799:Generated_Source\PSoC4/cyfitter_cfg.c **** }
 731              		.loc 1 799 0
 732              		@ sp needed
 733              	.LVL46:
 734 02da 70BD     		pop	{r4, r5, r6, pc}
 735              	.L26:
 736              		.align	2
 737              	.L25:
 738 02dc 6CF02E40 		.word	1076818028
 739 02e0 1C700F40 		.word	1074753564
 740 02e4 00000000 		.word	.LANCHOR0
 741 02e8 00020000 		.word	.LANCHOR1
 742 02ec 00600F40 		.word	1074749440
 743 02f0 02600F40 		.word	1074749442
 744 02f4 14000B40 		.word	1074462740
 745 02f8 000030EE 		.word	-298844160
 746 02fc 00000240 		.word	1073872896
 747 0300 03309900 		.word	10039299
 748 0304 00010240 		.word	1073873152
 749 0308 00030240 		.word	1073873664
 750 030c 00500F40 		.word	1074745344
 751 0310 08500F40 		.word	1074745352
 752 0314 10500F40 		.word	1074745360
 753 0318 18500F40 		.word	1074745368
 754 031c 20500F40 		.word	1074745376
 755 0320 30500F40 		.word	1074745392
 756 0324 34500F40 		.word	1074745396
 757 0328 38500F40 		.word	1074745400
 758 032c 20001040 		.word	1074790432
 759 0330 00800F40 		.word	1074757632
 760 0334 01700F40 		.word	1074753537
 761 0338 00700F40 		.word	1074753536
 762 033c 00000440 		.word	1074003968
 763 0340 B60DDB00 		.word	14355894
 764 0344 08000440 		.word	1074003976
 765 0348 00010440 		.word	1074004224
 766 034c 061C0300 		.word	203782
 767 0350 08010440 		.word	1074004232
 768 0354 18010440 		.word	1074004248
 769 0358 00020440 		.word	1074004480
 770 035c 08020440 		.word	1074004488
 771 0360 0C020440 		.word	1074004492
 772 0364 18020440 		.word	1074004504
 773 0368 00030440 		.word	1074004736
 774 036c 4802D800 		.word	14156360
 775 0370 08030440 		.word	1074004744
 776 0374 0C030440 		.word	1074004748
ARM GAS  C:\Users\Lenovo\AppData\Local\Temp\ccboA4lz.s 			page 29


 777 0378 18030440 		.word	1074004760
 778 037c 18040440 		.word	1074005016
 779              		.cfi_endproc
 780              	.LFE9:
 781              		.size	cyfitter_cfg, .-cyfitter_cfg
 782              		.section	.rodata
 783              		.align	2
 784              		.set	.LANCHOR0,. + 0
 785              		.set	.LANCHOR1,. + 512
 786              		.type	cfg_memset_list.4930, %object
 787              		.size	cfg_memset_list.4930, 12
 788              	cfg_memset_list.4930:
 789 0000 80300F40 		.word	1074737280
 790 0004 8003     		.short	896
 791 0006 00400F40 		.4byte	1074741248
 792 000a 0004     		.short	1024
 793              		.type	cfg_memcpy_list.4932, %object
 794              		.size	cfg_memcpy_list.4932, 10
 795              	cfg_memcpy_list.4932:
 796 000c 00300F40 		.word	1074737152
 797 0010 68020000 		.word	BS_UDB_0_1_0_CONFIG_VAL.4931
 798 0014 8000     		.short	128
 799 0016 0000     		.space	2
 800              		.type	cy_cfg_data_table.4920, %object
 801              		.size	cy_cfg_data_table.4920, 554
 802              	cy_cfg_data_table.4920:
 803 0018 80       		.byte	-128
 804 0019 1F       		.byte	31
 805 001a 80       		.byte	-128
 806 001b 04       		.byte	4
 807 001c 82       		.byte	-126
 808 001d 1A       		.byte	26
 809 001e 84       		.byte	-124
 810 001f C4       		.byte	-60
 811 0020 86       		.byte	-122
 812 0021 28       		.byte	40
 813 0022 88       		.byte	-120
 814 0023 80       		.byte	-128
 815 0024 8C       		.byte	-116
 816 0025 84       		.byte	-124
 817 0026 8E       		.byte	-114
 818 0027 10       		.byte	16
 819 0028 90       		.byte	-112
 820 0029 1A       		.byte	26
 821 002a 92       		.byte	-110
 822 002b 01       		.byte	1
 823 002c 9A       		.byte	-102
 824 002d 01       		.byte	1
 825 002e 9C       		.byte	-100
 826 002f 1B       		.byte	27
 827 0030 A0       		.byte	-96
 828 0031 1B       		.byte	27
 829 0032 A4       		.byte	-92
 830 0033 1B       		.byte	27
 831 0034 A8       		.byte	-88
 832 0035 1B       		.byte	27
 833 0036 AC       		.byte	-84
ARM GAS  C:\Users\Lenovo\AppData\Local\Temp\ccboA4lz.s 			page 30


 834 0037 22       		.byte	34
 835 0038 AE       		.byte	-82
 836 0039 44       		.byte	68
 837 003a B0       		.byte	-80
 838 003b 1E       		.byte	30
 839 003c B4       		.byte	-76
 840 003d 01       		.byte	1
 841 003e B6       		.byte	-74
 842 003f E0       		.byte	-32
 843 0040 B9       		.byte	-71
 844 0041 02       		.byte	2
 845 0042 BA       		.byte	-70
 846 0043 82       		.byte	-126
 847 0044 BE       		.byte	-66
 848 0045 10       		.byte	16
 849 0046 BF       		.byte	-65
 850 0047 01       		.byte	1
 851 0048 C0       		.byte	-64
 852 0049 21       		.byte	33
 853 004a C1       		.byte	-63
 854 004b 04       		.byte	4
 855 004c C2       		.byte	-62
 856 004d 60       		.byte	96
 857 004e C5       		.byte	-59
 858 004f 0D       		.byte	13
 859 0050 C6       		.byte	-58
 860 0051 FD       		.byte	-3
 861 0052 C7       		.byte	-57
 862 0053 EC       		.byte	-20
 863 0054 C8       		.byte	-56
 864 0055 3D       		.byte	61
 865 0056 C9       		.byte	-55
 866 0057 FF       		.byte	-1
 867 0058 CA       		.byte	-54
 868 0059 FF       		.byte	-1
 869 005a CB       		.byte	-53
 870 005b FF       		.byte	-1
 871 005c CC       		.byte	-52
 872 005d 22       		.byte	34
 873 005e CE       		.byte	-50
 874 005f F0       		.byte	-16
 875 0060 CF       		.byte	-49
 876 0061 48       		.byte	72
 877 0062 D0       		.byte	-48
 878 0063 04       		.byte	4
 879 0064 D4       		.byte	-44
 880 0065 40       		.byte	64
 881 0066 D8       		.byte	-40
 882 0067 04       		.byte	4
 883 0068 D9       		.byte	-39
 884 0069 04       		.byte	4
 885 006a DA       		.byte	-38
 886 006b 04       		.byte	4
 887 006c DB       		.byte	-37
 888 006d 04       		.byte	4
 889 006e DC       		.byte	-36
 890 006f 01       		.byte	1
ARM GAS  C:\Users\Lenovo\AppData\Local\Temp\ccboA4lz.s 			page 31


 891 0070 DD       		.byte	-35
 892 0071 11       		.byte	17
 893 0072 DF       		.byte	-33
 894 0073 01       		.byte	1
 895 0074 E2       		.byte	-30
 896 0075 C0       		.byte	-64
 897 0076 E4       		.byte	-28
 898 0077 40       		.byte	64
 899 0078 E5       		.byte	-27
 900 0079 02       		.byte	2
 901 007a E6       		.byte	-26
 902 007b 10       		.byte	16
 903 007c E7       		.byte	-25
 904 007d 12       		.byte	18
 905 007e E8       		.byte	-24
 906 007f C0       		.byte	-64
 907 0080 E9       		.byte	-23
 908 0081 02       		.byte	2
 909 0082 EB       		.byte	-21
 910 0083 12       		.byte	18
 911 0084 EC       		.byte	-20
 912 0085 40       		.byte	64
 913 0086 ED       		.byte	-19
 914 0087 02       		.byte	2
 915 0088 EE       		.byte	-18
 916 0089 40       		.byte	64
 917 008a EF       		.byte	-17
 918 008b 02       		.byte	2
 919 008c 00       		.byte	0
 920 008d 92       		.byte	-110
 921 008e 01       		.byte	1
 922 008f 08       		.byte	8
 923 0090 05       		.byte	5
 924 0091 41       		.byte	65
 925 0092 06       		.byte	6
 926 0093 08       		.byte	8
 927 0094 07       		.byte	7
 928 0095 20       		.byte	32
 929 0096 0A       		.byte	10
 930 0097 01       		.byte	1
 931 0098 0B       		.byte	11
 932 0099 90       		.byte	-112
 933 009a 0E       		.byte	14
 934 009b 41       		.byte	65
 935 009c 0F       		.byte	15
 936 009d 08       		.byte	8
 937 009e 10       		.byte	16
 938 009f 28       		.byte	40
 939 00a0 12       		.byte	18
 940 00a1 81       		.byte	-127
 941 00a2 13       		.byte	19
 942 00a3 40       		.byte	64
 943 00a4 15       		.byte	21
 944 00a5 82       		.byte	-126
 945 00a6 17       		.byte	23
 946 00a7 18       		.byte	24
 947 00a8 18       		.byte	24
ARM GAS  C:\Users\Lenovo\AppData\Local\Temp\ccboA4lz.s 			page 32


 948 00a9 14       		.byte	20
 949 00aa 19       		.byte	25
 950 00ab 82       		.byte	-126
 951 00ac 1B       		.byte	27
 952 00ad 10       		.byte	16
 953 00ae 1D       		.byte	29
 954 00af C1       		.byte	-63
 955 00b0 1F       		.byte	31
 956 00b1 50       		.byte	80
 957 00b2 21       		.byte	33
 958 00b3 44       		.byte	68
 959 00b4 22       		.byte	34
 960 00b5 80       		.byte	-128
 961 00b6 23       		.byte	35
 962 00b7 72       		.byte	114
 963 00b8 24       		.byte	36
 964 00b9 40       		.byte	64
 965 00ba 28       		.byte	40
 966 00bb 20       		.byte	32
 967 00bc 29       		.byte	41
 968 00bd 40       		.byte	64
 969 00be 2A       		.byte	42
 970 00bf 09       		.byte	9
 971 00c0 30       		.byte	48
 972 00c1 20       		.byte	32
 973 00c2 32       		.byte	50
 974 00c3 80       		.byte	-128
 975 00c4 33       		.byte	51
 976 00c5 01       		.byte	1
 977 00c6 38       		.byte	56
 978 00c7 80       		.byte	-128
 979 00c8 39       		.byte	57
 980 00c9 1A       		.byte	26
 981 00ca 40       		.byte	64
 982 00cb 04       		.byte	4
 983 00cc 41       		.byte	65
 984 00cd 40       		.byte	64
 985 00ce 45       		.byte	69
 986 00cf 80       		.byte	-128
 987 00d0 47       		.byte	71
 988 00d1 22       		.byte	34
 989 00d2 49       		.byte	73
 990 00d3 08       		.byte	8
 991 00d4 4B       		.byte	75
 992 00d5 90       		.byte	-112
 993 00d6 4F       		.byte	79
 994 00d7 28       		.byte	40
 995 00d8 56       		.byte	86
 996 00d9 5A       		.byte	90
 997 00da 62       		.byte	98
 998 00db 02       		.byte	2
 999 00dc 66       		.byte	102
 1000 00dd 50       		.byte	80
 1001 00de 67       		.byte	103
 1002 00df 20       		.byte	32
 1003 00e0 68       		.byte	104
 1004 00e1 69       		.byte	105
ARM GAS  C:\Users\Lenovo\AppData\Local\Temp\ccboA4lz.s 			page 33


 1005 00e2 69       		.byte	105
 1006 00e3 12       		.byte	18
 1007 00e4 6A       		.byte	106
 1008 00e5 40       		.byte	64
 1009 00e6 6B       		.byte	107
 1010 00e7 19       		.byte	25
 1011 00e8 70       		.byte	112
 1012 00e9 40       		.byte	64
 1013 00ea 72       		.byte	114
 1014 00eb 01       		.byte	1
 1015 00ec 80       		.byte	-128
 1016 00ed 40       		.byte	64
 1017 00ee C0       		.byte	-64
 1018 00ef FF       		.byte	-1
 1019 00f0 C2       		.byte	-62
 1020 00f1 DD       		.byte	-35
 1021 00f2 C4       		.byte	-60
 1022 00f3 FF       		.byte	-1
 1023 00f4 CA       		.byte	-54
 1024 00f5 0B       		.byte	11
 1025 00f6 CC       		.byte	-52
 1026 00f7 0D       		.byte	13
 1027 00f8 CE       		.byte	-50
 1028 00f9 0F       		.byte	15
 1029 00fa D0       		.byte	-48
 1030 00fb BC       		.byte	-68
 1031 00fc D2       		.byte	-46
 1032 00fd 2C       		.byte	44
 1033 00fe D8       		.byte	-40
 1034 00ff 71       		.byte	113
 1035 0100 05       		.byte	5
 1036 0101 01       		.byte	1
 1037 0102 06       		.byte	6
 1038 0103 10       		.byte	16
 1039 0104 11       		.byte	17
 1040 0105 02       		.byte	2
 1041 0106 15       		.byte	21
 1042 0107 01       		.byte	1
 1043 0108 18       		.byte	24
 1044 0109 0E       		.byte	14
 1045 010a 19       		.byte	25
 1046 010b 02       		.byte	2
 1047 010c 1C       		.byte	28
 1048 010d 04       		.byte	4
 1049 010e 1D       		.byte	29
 1050 010f 02       		.byte	2
 1051 0110 1E       		.byte	30
 1052 0111 39       		.byte	57
 1053 0112 28       		.byte	40
 1054 0113 05       		.byte	5
 1055 0114 2A       		.byte	42
 1056 0115 3A       		.byte	58
 1057 0116 2C       		.byte	44
 1058 0117 23       		.byte	35
 1059 0118 2E       		.byte	46
 1060 0119 04       		.byte	4
 1061 011a 32       		.byte	50
ARM GAS  C:\Users\Lenovo\AppData\Local\Temp\ccboA4lz.s 			page 34


 1062 011b 30       		.byte	48
 1063 011c 34       		.byte	52
 1064 011d 0F       		.byte	15
 1065 011e 35       		.byte	53
 1066 011f 01       		.byte	1
 1067 0120 37       		.byte	55
 1068 0121 02       		.byte	2
 1069 0122 38       		.byte	56
 1070 0123 20       		.byte	32
 1071 0124 39       		.byte	57
 1072 0125 20       		.byte	32
 1073 0126 3F       		.byte	63
 1074 0127 50       		.byte	80
 1075 0128 54       		.byte	84
 1076 0129 09       		.byte	9
 1077 012a 58       		.byte	88
 1078 012b 04       		.byte	4
 1079 012c 59       		.byte	89
 1080 012d 04       		.byte	4
 1081 012e 5B       		.byte	91
 1082 012f 04       		.byte	4
 1083 0130 5C       		.byte	92
 1084 0131 01       		.byte	1
 1085 0132 5D       		.byte	93
 1086 0133 10       		.byte	16
 1087 0134 5F       		.byte	95
 1088 0135 01       		.byte	1
 1089 0136 86       		.byte	-122
 1090 0137 01       		.byte	1
 1091 0138 89       		.byte	-119
 1092 0139 05       		.byte	5
 1093 013a 8B       		.byte	-117
 1094 013b 0A       		.byte	10
 1095 013c 8D       		.byte	-115
 1096 013d 03       		.byte	3
 1097 013e 8F       		.byte	-113
 1098 013f 0C       		.byte	12
 1099 0140 91       		.byte	-111
 1100 0141 02       		.byte	2
 1101 0142 92       		.byte	-110
 1102 0143 02       		.byte	2
 1103 0144 93       		.byte	-109
 1104 0145 0D       		.byte	13
 1105 0146 9D       		.byte	-99
 1106 0147 09       		.byte	9
 1107 0148 9F       		.byte	-97
 1108 0149 06       		.byte	6
 1109 014a A6       		.byte	-90
 1110 014b 01       		.byte	1
 1111 014c B1       		.byte	-79
 1112 014d 0F       		.byte	15
 1113 014e B2       		.byte	-78
 1114 014f 01       		.byte	1
 1115 0150 B4       		.byte	-76
 1116 0151 02       		.byte	2
 1117 0152 BB       		.byte	-69
 1118 0153 02       		.byte	2
ARM GAS  C:\Users\Lenovo\AppData\Local\Temp\ccboA4lz.s 			page 35


 1119 0154 C0       		.byte	-64
 1120 0155 20       		.byte	32
 1121 0156 C1       		.byte	-63
 1122 0157 06       		.byte	6
 1123 0158 C5       		.byte	-59
 1124 0159 01       		.byte	1
 1125 015a C7       		.byte	-57
 1126 015b 02       		.byte	2
 1127 015c C8       		.byte	-56
 1128 015d 11       		.byte	17
 1129 015e C9       		.byte	-55
 1130 015f FF       		.byte	-1
 1131 0160 CA       		.byte	-54
 1132 0161 FF       		.byte	-1
 1133 0162 CB       		.byte	-53
 1134 0163 FF       		.byte	-1
 1135 0164 CD       		.byte	-51
 1136 0165 A0       		.byte	-96
 1137 0166 CF       		.byte	-49
 1138 0167 04       		.byte	4
 1139 0168 D0       		.byte	-48
 1140 0169 18       		.byte	24
 1141 016a D2       		.byte	-46
 1142 016b 80       		.byte	-128
 1143 016c D8       		.byte	-40
 1144 016d 04       		.byte	4
 1145 016e D9       		.byte	-39
 1146 016f 04       		.byte	4
 1147 0170 DA       		.byte	-38
 1148 0171 04       		.byte	4
 1149 0172 DB       		.byte	-37
 1150 0173 04       		.byte	4
 1151 0174 DC       		.byte	-36
 1152 0175 13       		.byte	19
 1153 0176 DD       		.byte	-35
 1154 0177 33       		.byte	51
 1155 0178 DF       		.byte	-33
 1156 0179 01       		.byte	1
 1157 017a E0       		.byte	-32
 1158 017b 40       		.byte	64
 1159 017c E2       		.byte	-30
 1160 017d C0       		.byte	-64
 1161 017e E4       		.byte	-28
 1162 017f 40       		.byte	64
 1163 0180 E5       		.byte	-27
 1164 0181 40       		.byte	64
 1165 0182 E6       		.byte	-26
 1166 0183 C0       		.byte	-64
 1167 0184 E8       		.byte	-24
 1168 0185 C0       		.byte	-64
 1169 0186 EA       		.byte	-22
 1170 0187 C0       		.byte	-64
 1171 0188 EC       		.byte	-20
 1172 0189 C0       		.byte	-64
 1173 018a EE       		.byte	-18
 1174 018b C0       		.byte	-64
 1175 018c 00       		.byte	0
ARM GAS  C:\Users\Lenovo\AppData\Local\Temp\ccboA4lz.s 			page 36


 1176 018d 04       		.byte	4
 1177 018e 05       		.byte	5
 1178 018f 04       		.byte	4
 1179 0190 09       		.byte	9
 1180 0191 02       		.byte	2
 1181 0192 0D       		.byte	13
 1182 0193 80       		.byte	-128
 1183 0194 0E       		.byte	14
 1184 0195 0A       		.byte	10
 1185 0196 10       		.byte	16
 1186 0197 20       		.byte	32
 1187 0198 15       		.byte	21
 1188 0199 80       		.byte	-128
 1189 019a 17       		.byte	23
 1190 019b 60       		.byte	96
 1191 019c 18       		.byte	24
 1192 019d 04       		.byte	4
 1193 019e 1B       		.byte	27
 1194 019f 04       		.byte	4
 1195 01a0 1D       		.byte	29
 1196 01a1 04       		.byte	4
 1197 01a2 1E       		.byte	30
 1198 01a3 08       		.byte	8
 1199 01a4 22       		.byte	34
 1200 01a5 02       		.byte	2
 1201 01a6 26       		.byte	38
 1202 01a7 20       		.byte	32
 1203 01a8 27       		.byte	39
 1204 01a9 01       		.byte	1
 1205 01aa 31       		.byte	49
 1206 01ab 80       		.byte	-128
 1207 01ac 32       		.byte	50
 1208 01ad 02       		.byte	2
 1209 01ae 36       		.byte	54
 1210 01af 01       		.byte	1
 1211 01b0 37       		.byte	55
 1212 01b1 64       		.byte	100
 1213 01b2 39       		.byte	57
 1214 01b3 80       		.byte	-128
 1215 01b4 3B       		.byte	59
 1216 01b5 10       		.byte	16
 1217 01b6 3E       		.byte	62
 1218 01b7 04       		.byte	4
 1219 01b8 40       		.byte	64
 1220 01b9 04       		.byte	4
 1221 01ba 46       		.byte	70
 1222 01bb 80       		.byte	-128
 1223 01bc 47       		.byte	71
 1224 01bd 01       		.byte	1
 1225 01be 48       		.byte	72
 1226 01bf 28       		.byte	40
 1227 01c0 50       		.byte	80
 1228 01c1 08       		.byte	8
 1229 01c2 5C       		.byte	92
 1230 01c3 20       		.byte	32
 1231 01c4 5D       		.byte	93
 1232 01c5 8A       		.byte	-118
ARM GAS  C:\Users\Lenovo\AppData\Local\Temp\ccboA4lz.s 			page 37


 1233 01c6 66       		.byte	102
 1234 01c7 80       		.byte	-128
 1235 01c8 71       		.byte	113
 1236 01c9 02       		.byte	2
 1237 01ca 83       		.byte	-125
 1238 01cb 04       		.byte	4
 1239 01cc 85       		.byte	-123
 1240 01cd 08       		.byte	8
 1241 01ce 86       		.byte	-122
 1242 01cf 06       		.byte	6
 1243 01d0 8A       		.byte	-118
 1244 01d1 20       		.byte	32
 1245 01d2 8D       		.byte	-115
 1246 01d3 04       		.byte	4
 1247 01d4 8E       		.byte	-114
 1248 01d5 04       		.byte	4
 1249 01d6 8F       		.byte	-113
 1250 01d7 04       		.byte	4
 1251 01d8 91       		.byte	-111
 1252 01d9 80       		.byte	-128
 1253 01da 93       		.byte	-109
 1254 01db 10       		.byte	16
 1255 01dc 98       		.byte	-104
 1256 01dd 20       		.byte	32
 1257 01de 99       		.byte	-103
 1258 01df 82       		.byte	-126
 1259 01e0 9A       		.byte	-102
 1260 01e1 02       		.byte	2
 1261 01e2 9B       		.byte	-101
 1262 01e3 20       		.byte	32
 1263 01e4 A1       		.byte	-95
 1264 01e5 80       		.byte	-128
 1265 01e6 A6       		.byte	-90
 1266 01e7 02       		.byte	2
 1267 01e8 B4       		.byte	-76
 1268 01e9 10       		.byte	16
 1269 01ea C0       		.byte	-64
 1270 01eb 24       		.byte	36
 1271 01ec C2       		.byte	-62
 1272 01ed C8       		.byte	-56
 1273 01ee C4       		.byte	-60
 1274 01ef C4       		.byte	-60
 1275 01f0 CC       		.byte	-52
 1276 01f1 F9       		.byte	-7
 1277 01f2 CE       		.byte	-50
 1278 01f3 4C       		.byte	76
 1279 01f4 D0       		.byte	-48
 1280 01f5 04       		.byte	4
 1281 01f6 D2       		.byte	-46
 1282 01f7 04       		.byte	4
 1283 01f8 D6       		.byte	-42
 1284 01f9 F0       		.byte	-16
 1285 01fa D8       		.byte	-40
 1286 01fb 10       		.byte	16
 1287 01fc E2       		.byte	-30
 1288 01fd 70       		.byte	112
 1289 01fe E4       		.byte	-28
ARM GAS  C:\Users\Lenovo\AppData\Local\Temp\ccboA4lz.s 			page 38


 1290 01ff 14       		.byte	20
 1291 0200 EA       		.byte	-22
 1292 0201 10       		.byte	16
 1293 0202 5B       		.byte	91
 1294 0203 02       		.byte	2
 1295 0204 82       		.byte	-126
 1296 0205 02       		.byte	2
 1297 0206 D6       		.byte	-42
 1298 0207 40       		.byte	64
 1299 0208 E6       		.byte	-26
 1300 0209 20       		.byte	32
 1301 020a 13       		.byte	19
 1302 020b 80       		.byte	-128
 1303 020c 17       		.byte	23
 1304 020d 20       		.byte	32
 1305 020e 2E       		.byte	46
 1306 020f 10       		.byte	16
 1307 0210 3A       		.byte	58
 1308 0211 02       		.byte	2
 1309 0212 3C       		.byte	60
 1310 0213 80       		.byte	-128
 1311 0214 3E       		.byte	62
 1312 0215 10       		.byte	16
 1313 0216 50       		.byte	80
 1314 0217 04       		.byte	4
 1315 0218 57       		.byte	87
 1316 0219 80       		.byte	-128
 1317 021a 68       		.byte	104
 1318 021b 40       		.byte	64
 1319 021c 6E       		.byte	110
 1320 021d 80       		.byte	-128
 1321 021e 87       		.byte	-121
 1322 021f 80       		.byte	-128
 1323 0220 8A       		.byte	-118
 1324 0221 40       		.byte	64
 1325 0222 8C       		.byte	-116
 1326 0223 04       		.byte	4
 1327 0224 8F       		.byte	-113
 1328 0225 A0       		.byte	-96
 1329 0226 9A       		.byte	-102
 1330 0227 02       		.byte	2
 1331 0228 B7       		.byte	-73
 1332 0229 02       		.byte	2
 1333 022a C4       		.byte	-60
 1334 022b C0       		.byte	-64
 1335 022c CA       		.byte	-54
 1336 022d 20       		.byte	32
 1337 022e CE       		.byte	-50
 1338 022f 40       		.byte	64
 1339 0230 D4       		.byte	-44
 1340 0231 60       		.byte	96
 1341 0232 DA       		.byte	-38
 1342 0233 80       		.byte	-128
 1343 0234 DC       		.byte	-36
 1344 0235 20       		.byte	32
 1345 0236 E0       		.byte	-32
 1346 0237 40       		.byte	64
ARM GAS  C:\Users\Lenovo\AppData\Local\Temp\ccboA4lz.s 			page 39


 1347 0238 67       		.byte	103
 1348 0239 02       		.byte	2
 1349 023a 83       		.byte	-125
 1350 023b 01       		.byte	1
 1351 023c D6       		.byte	-42
 1352 023d 01       		.byte	1
 1353 023e 10       		.byte	16
 1354 023f 0A       		.byte	10
 1355 0240 11       		.byte	17
 1356 0241 01       		.byte	1
 1357 0242 0000     		.space	2
 1358              		.type	cy_cfg_addr_table.4919, %object
 1359              		.size	cy_cfg_addr_table.4919, 36
 1360              	cy_cfg_addr_table.4919:
 1361 0244 01000F40 		.word	1074724865
 1362 0248 39300F40 		.word	1074737209
 1363 024c 3A310F40 		.word	1074737466
 1364 0250 46320F40 		.word	1074737734
 1365 0254 3B330F40 		.word	1074737979
 1366 0258 04400F40 		.word	1074741252
 1367 025c 17410F40 		.word	1074741527
 1368 0260 03430F40 		.word	1074742019
 1369 0264 02600F40 		.word	1074749442
 1370              		.type	BS_UDB_0_1_0_CONFIG_VAL.4931, %object
 1371              		.size	BS_UDB_0_1_0_CONFIG_VAL.4931, 128
 1372              	BS_UDB_0_1_0_CONFIG_VAL.4931:
 1373 0268 08       		.byte	8
 1374 0269 9A       		.byte	-102
 1375 026a 01       		.byte	1
 1376 026b 00       		.byte	0
 1377 026c C0       		.byte	-64
 1378 026d 21       		.byte	33
 1379 026e 00       		.byte	0
 1380 026f D8       		.byte	-40
 1381 0270 02       		.byte	2
 1382 0271 02       		.byte	2
 1383 0272 00       		.byte	0
 1384 0273 98       		.byte	-104
 1385 0274 09       		.byte	9
 1386 0275 9A       		.byte	-102
 1387 0276 00       		.byte	0
 1388 0277 00       		.byte	0
 1389 0278 AC       		.byte	-84
 1390 0279 98       		.byte	-104
 1391 027a 12       		.byte	18
 1392 027b 02       		.byte	2
 1393 027c 14       		.byte	20
 1394 027d 00       		.byte	0
 1395 027e 20       		.byte	32
 1396 027f 00       		.byte	0
 1397 0280 00       		.byte	0
 1398 0281 98       		.byte	-104
 1399 0282 00       		.byte	0
 1400 0283 02       		.byte	2
 1401 0284 09       		.byte	9
 1402 0285 13       		.byte	19
 1403 0286 00       		.byte	0
ARM GAS  C:\Users\Lenovo\AppData\Local\Temp\ccboA4lz.s 			page 40


 1404 0287 64       		.byte	100
 1405 0288 0E       		.byte	14
 1406 0289 38       		.byte	56
 1407 028a 70       		.byte	112
 1408 028b C0       		.byte	-64
 1409 028c 09       		.byte	9
 1410 028d 02       		.byte	2
 1411 028e 00       		.byte	0
 1412 028f 00       		.byte	0
 1413 0290 01       		.byte	1
 1414 0291 00       		.byte	0
 1415 0292 08       		.byte	8
 1416 0293 00       		.byte	0
 1417 0294 08       		.byte	8
 1418 0295 FC       		.byte	-4
 1419 0296 00       		.byte	0
 1420 0297 03       		.byte	3
 1421 0298 01       		.byte	1
 1422 0299 E0       		.byte	-32
 1423 029a FE       		.byte	-2
 1424 029b 0F       		.byte	15
 1425 029c 01       		.byte	1
 1426 029d 00       		.byte	0
 1427 029e 10       		.byte	16
 1428 029f 13       		.byte	19
 1429 02a0 08       		.byte	8
 1430 02a1 00       		.byte	0
 1431 02a2 00       		.byte	0
 1432 02a3 0A       		.byte	10
 1433 02a4 00       		.byte	0
 1434 02a5 00       		.byte	0
 1435 02a6 51       		.byte	81
 1436 02a7 00       		.byte	0
 1437 02a8 65       		.byte	101
 1438 02a9 01       		.byte	1
 1439 02aa 20       		.byte	32
 1440 02ab 00       		.byte	0
 1441 02ac 00       		.byte	0
 1442 02ad 0B       		.byte	11
 1443 02ae 00       		.byte	0
 1444 02af 00       		.byte	0
 1445 02b0 01       		.byte	1
 1446 02b1 FF       		.byte	-1
 1447 02b2 FF       		.byte	-1
 1448 02b3 FF       		.byte	-1
 1449 02b4 03       		.byte	3
 1450 02b5 00       		.byte	0
 1451 02b6 70       		.byte	112
 1452 02b7 48       		.byte	72
 1453 02b8 04       		.byte	4
 1454 02b9 00       		.byte	0
 1455 02ba 00       		.byte	0
 1456 02bb 00       		.byte	0
 1457 02bc 00       		.byte	0
 1458 02bd 00       		.byte	0
 1459 02be 02       		.byte	2
 1460 02bf 2C       		.byte	44
ARM GAS  C:\Users\Lenovo\AppData\Local\Temp\ccboA4lz.s 			page 41


 1461 02c0 04       		.byte	4
 1462 02c1 04       		.byte	4
 1463 02c2 04       		.byte	4
 1464 02c3 04       		.byte	4
 1465 02c4 11       		.byte	17
 1466 02c5 11       		.byte	17
 1467 02c6 00       		.byte	0
 1468 02c7 01       		.byte	1
 1469 02c8 00       		.byte	0
 1470 02c9 00       		.byte	0
 1471 02ca C0       		.byte	-64
 1472 02cb 00       		.byte	0
 1473 02cc 40       		.byte	64
 1474 02cd 02       		.byte	2
 1475 02ce 10       		.byte	16
 1476 02cf 12       		.byte	18
 1477 02d0 C0       		.byte	-64
 1478 02d1 02       		.byte	2
 1479 02d2 00       		.byte	0
 1480 02d3 12       		.byte	18
 1481 02d4 40       		.byte	64
 1482 02d5 02       		.byte	2
 1483 02d6 40       		.byte	64
 1484 02d7 02       		.byte	2
 1485 02d8 00       		.byte	0
 1486 02d9 00       		.byte	0
 1487 02da 00       		.byte	0
 1488 02db 00       		.byte	0
 1489 02dc 00       		.byte	0
 1490 02dd 00       		.byte	0
 1491 02de 00       		.byte	0
 1492 02df 00       		.byte	0
 1493 02e0 00       		.byte	0
 1494 02e1 00       		.byte	0
 1495 02e2 00       		.byte	0
 1496 02e3 00       		.byte	0
 1497 02e4 00       		.byte	0
 1498 02e5 00       		.byte	0
 1499 02e6 00       		.byte	0
 1500 02e7 00       		.byte	0
 1501              		.text
 1502              	.Letext0:
 1503              		.file 2 "d:\\psoc\\psoc creator\\4.4\\psoc creator\\import\\gnu\\arm\\5.4.1\\lib\\gcc\\arm-none-ea
 1504              		.file 3 "Generated_Source\\PSoC4\\cytypes.h"
 1505              		.file 4 "Generated_Source\\PSoC4\\CyLFClk.h"
 1506              		.file 5 "Generated_Source\\PSoC4\\CyLib.h"
 1507              		.section	.debug_info,"",%progbits
 1508              	.Ldebug_info0:
 1509 0000 0F060000 		.4byte	0x60f
 1510 0004 0400     		.2byte	0x4
 1511 0006 00000000 		.4byte	.Ldebug_abbrev0
 1512 000a 04       		.byte	0x4
 1513 000b 01       		.uleb128 0x1
 1514 000c 1D000000 		.4byte	.LASF60
 1515 0010 0C       		.byte	0xc
 1516 0011 EA000000 		.4byte	.LASF61
 1517 0015 5B020000 		.4byte	.LASF62
ARM GAS  C:\Users\Lenovo\AppData\Local\Temp\ccboA4lz.s 			page 42


 1518 0019 00000000 		.4byte	.Ldebug_ranges0+0
 1519 001d 00000000 		.4byte	0
 1520 0021 00000000 		.4byte	.Ldebug_line0
 1521 0025 02       		.uleb128 0x2
 1522 0026 04       		.byte	0x4
 1523 0027 05       		.byte	0x5
 1524 0028 696E7400 		.ascii	"int\000"
 1525 002c 03       		.uleb128 0x3
 1526 002d 16000000 		.4byte	.LASF12
 1527 0031 02       		.byte	0x2
 1528 0032 D8       		.byte	0xd8
 1529 0033 37000000 		.4byte	0x37
 1530 0037 04       		.uleb128 0x4
 1531 0038 04       		.byte	0x4
 1532 0039 07       		.byte	0x7
 1533 003a B7010000 		.4byte	.LASF0
 1534 003e 04       		.uleb128 0x4
 1535 003f 08       		.byte	0x8
 1536 0040 05       		.byte	0x5
 1537 0041 21010000 		.4byte	.LASF1
 1538 0045 04       		.uleb128 0x4
 1539 0046 08       		.byte	0x8
 1540 0047 04       		.byte	0x4
 1541 0048 47020000 		.4byte	.LASF2
 1542 004c 04       		.uleb128 0x4
 1543 004d 01       		.byte	0x1
 1544 004e 06       		.byte	0x6
 1545 004f 2F010000 		.4byte	.LASF3
 1546 0053 04       		.uleb128 0x4
 1547 0054 01       		.byte	0x1
 1548 0055 08       		.byte	0x8
 1549 0056 22030000 		.4byte	.LASF4
 1550 005a 04       		.uleb128 0x4
 1551 005b 02       		.byte	0x2
 1552 005c 05       		.byte	0x5
 1553 005d 30030000 		.4byte	.LASF5
 1554 0061 04       		.uleb128 0x4
 1555 0062 02       		.byte	0x2
 1556 0063 07       		.byte	0x7
 1557 0064 F1010000 		.4byte	.LASF6
 1558 0068 04       		.uleb128 0x4
 1559 0069 04       		.byte	0x4
 1560 006a 05       		.byte	0x5
 1561 006b 6A010000 		.4byte	.LASF7
 1562 006f 04       		.uleb128 0x4
 1563 0070 04       		.byte	0x4
 1564 0071 07       		.byte	0x7
 1565 0072 CD010000 		.4byte	.LASF8
 1566 0076 04       		.uleb128 0x4
 1567 0077 08       		.byte	0x8
 1568 0078 07       		.byte	0x7
 1569 0079 B6000000 		.4byte	.LASF9
 1570 007d 04       		.uleb128 0x4
 1571 007e 04       		.byte	0x4
 1572 007f 07       		.byte	0x7
 1573 0080 3E020000 		.4byte	.LASF10
 1574 0084 05       		.uleb128 0x5
ARM GAS  C:\Users\Lenovo\AppData\Local\Temp\ccboA4lz.s 			page 43


 1575 0085 04       		.byte	0x4
 1576 0086 04       		.uleb128 0x4
 1577 0087 01       		.byte	0x1
 1578 0088 08       		.byte	0x8
 1579 0089 82030000 		.4byte	.LASF11
 1580 008d 06       		.uleb128 0x6
 1581 008e 80010000 		.4byte	.LASF13
 1582 0092 03       		.byte	0x3
 1583 0093 D201     		.2byte	0x1d2
 1584 0095 53000000 		.4byte	0x53
 1585 0099 06       		.uleb128 0x6
 1586 009a 06000000 		.4byte	.LASF14
 1587 009e 03       		.byte	0x3
 1588 009f D301     		.2byte	0x1d3
 1589 00a1 61000000 		.4byte	0x61
 1590 00a5 06       		.uleb128 0x6
 1591 00a6 A1010000 		.4byte	.LASF15
 1592 00aa 03       		.byte	0x3
 1593 00ab D401     		.2byte	0x1d4
 1594 00ad 6F000000 		.4byte	0x6f
 1595 00b1 04       		.uleb128 0x4
 1596 00b2 04       		.byte	0x4
 1597 00b3 04       		.byte	0x4
 1598 00b4 E9020000 		.4byte	.LASF16
 1599 00b8 04       		.uleb128 0x4
 1600 00b9 08       		.byte	0x8
 1601 00ba 04       		.byte	0x4
 1602 00bb 90010000 		.4byte	.LASF17
 1603 00bf 06       		.uleb128 0x6
 1604 00c0 1D030000 		.4byte	.LASF18
 1605 00c4 03       		.byte	0x3
 1606 00c5 7C02     		.2byte	0x27c
 1607 00c7 CB000000 		.4byte	0xcb
 1608 00cb 07       		.uleb128 0x7
 1609 00cc 8D000000 		.4byte	0x8d
 1610 00d0 06       		.uleb128 0x6
 1611 00d1 73010000 		.4byte	.LASF19
 1612 00d5 03       		.byte	0x3
 1613 00d6 7D02     		.2byte	0x27d
 1614 00d8 DC000000 		.4byte	0xdc
 1615 00dc 07       		.uleb128 0x7
 1616 00dd 99000000 		.4byte	0x99
 1617 00e1 06       		.uleb128 0x6
 1618 00e2 28020000 		.4byte	.LASF20
 1619 00e6 03       		.byte	0x3
 1620 00e7 7E02     		.2byte	0x27e
 1621 00e9 ED000000 		.4byte	0xed
 1622 00ed 07       		.uleb128 0x7
 1623 00ee A5000000 		.4byte	0xa5
 1624 00f2 08       		.uleb128 0x8
 1625 00f3 02       		.byte	0x2
 1626 00f4 01       		.byte	0x1
 1627 00f5 97       		.byte	0x97
 1628 00f6 13010000 		.4byte	0x113
 1629 00fa 09       		.uleb128 0x9
 1630 00fb A4030000 		.4byte	.LASF21
 1631 00ff 01       		.byte	0x1
ARM GAS  C:\Users\Lenovo\AppData\Local\Temp\ccboA4lz.s 			page 44


 1632 0100 99       		.byte	0x99
 1633 0101 8D000000 		.4byte	0x8d
 1634 0105 00       		.byte	0
 1635 0106 09       		.uleb128 0x9
 1636 0107 B1010000 		.4byte	.LASF22
 1637 010b 01       		.byte	0x1
 1638 010c 9A       		.byte	0x9a
 1639 010d 8D000000 		.4byte	0x8d
 1640 0111 01       		.byte	0x1
 1641 0112 00       		.byte	0
 1642 0113 03       		.uleb128 0x3
 1643 0114 57030000 		.4byte	.LASF23
 1644 0118 01       		.byte	0x1
 1645 0119 9B       		.byte	0x9b
 1646 011a F2000000 		.4byte	0xf2
 1647 011e 0A       		.uleb128 0xa
 1648 011f 4D010000 		.4byte	.LASF28
 1649 0123 01       		.byte	0x1
 1650 0124 AE       		.byte	0xae
 1651 0125 00000000 		.4byte	.LFB5
 1652 0129 32000000 		.4byte	.LFE5-.LFB5
 1653 012d 01       		.uleb128 0x1
 1654 012e 9C       		.byte	0x9c
 1655 012f 90010000 		.4byte	0x190
 1656 0133 0B       		.uleb128 0xb
 1657 0134 CD000000 		.4byte	.LASF24
 1658 0138 01       		.byte	0x1
 1659 0139 AE       		.byte	0xae
 1660 013a 90010000 		.4byte	0x190
 1661 013e 01       		.uleb128 0x1
 1662 013f 50       		.byte	0x50
 1663 0140 0B       		.uleb128 0xb
 1664 0141 AB000000 		.4byte	.LASF25
 1665 0145 01       		.byte	0x1
 1666 0146 AE       		.byte	0xae
 1667 0147 9B010000 		.4byte	0x19b
 1668 014b 01       		.uleb128 0x1
 1669 014c 51       		.byte	0x51
 1670 014d 0C       		.uleb128 0xc
 1671 014e 6900     		.ascii	"i\000"
 1672 0150 01       		.byte	0x1
 1673 0151 B1       		.byte	0xb1
 1674 0152 A5000000 		.4byte	0xa5
 1675 0156 00000000 		.4byte	.LLST0
 1676 015a 0C       		.uleb128 0xc
 1677 015b 6A00     		.ascii	"j\000"
 1678 015d 01       		.byte	0x1
 1679 015e B1       		.byte	0xb1
 1680 015f A5000000 		.4byte	0xa5
 1681 0163 1F000000 		.4byte	.LLST1
 1682 0167 0D       		.uleb128 0xd
 1683 0168 08000000 		.4byte	.LBB2
 1684 016c 22000000 		.4byte	.LBE2-.LBB2
 1685 0170 0E       		.uleb128 0xe
 1686 0171 0D000000 		.4byte	.LASF26
 1687 0175 01       		.byte	0x1
 1688 0176 B4       		.byte	0xb4
ARM GAS  C:\Users\Lenovo\AppData\Local\Temp\ccboA4lz.s 			page 45


 1689 0177 A5000000 		.4byte	0xa5
 1690 017b 3E000000 		.4byte	.LLST2
 1691 017f 0E       		.uleb128 0xe
 1692 0180 00000000 		.4byte	.LASF27
 1693 0184 01       		.byte	0x1
 1694 0185 B5       		.byte	0xb5
 1695 0186 8D000000 		.4byte	0x8d
 1696 018a 51000000 		.4byte	.LLST3
 1697 018e 00       		.byte	0
 1698 018f 00       		.byte	0
 1699 0190 0F       		.uleb128 0xf
 1700 0191 04       		.byte	0x4
 1701 0192 96010000 		.4byte	0x196
 1702 0196 10       		.uleb128 0x10
 1703 0197 A5000000 		.4byte	0xa5
 1704 019b 0F       		.uleb128 0xf
 1705 019c 04       		.byte	0x4
 1706 019d A1010000 		.4byte	0x1a1
 1707 01a1 10       		.uleb128 0x10
 1708 01a2 13010000 		.4byte	0x113
 1709 01a6 0A       		.uleb128 0xa
 1710 01a7 97010000 		.4byte	.LASF29
 1711 01ab 01       		.byte	0x1
 1712 01ac 4C       		.byte	0x4c
 1713 01ad 00000000 		.4byte	.LFB2
 1714 01b1 0C000000 		.4byte	.LFE2-.LFB2
 1715 01b5 01       		.uleb128 0x1
 1716 01b6 9C       		.byte	0x9c
 1717 01b7 F3010000 		.4byte	0x1f3
 1718 01bb 11       		.uleb128 0x11
 1719 01bc 7300     		.ascii	"s\000"
 1720 01be 01       		.byte	0x1
 1721 01bf 4C       		.byte	0x4c
 1722 01c0 84000000 		.4byte	0x84
 1723 01c4 6F000000 		.4byte	.LLST4
 1724 01c8 11       		.uleb128 0x11
 1725 01c9 6E00     		.ascii	"n\000"
 1726 01cb 01       		.byte	0x1
 1727 01cc 4C       		.byte	0x4c
 1728 01cd 2C000000 		.4byte	0x2c
 1729 01d1 90000000 		.4byte	.LLST5
 1730 01d5 12       		.uleb128 0x12
 1731 01d6 0A000000 		.4byte	.LVL14
 1732 01da A8050000 		.4byte	0x5a8
 1733 01de 13       		.uleb128 0x13
 1734 01df 01       		.uleb128 0x1
 1735 01e0 50       		.byte	0x50
 1736 01e1 03       		.uleb128 0x3
 1737 01e2 F3       		.byte	0xf3
 1738 01e3 01       		.uleb128 0x1
 1739 01e4 50       		.byte	0x50
 1740 01e5 13       		.uleb128 0x13
 1741 01e6 01       		.uleb128 0x1
 1742 01e7 51       		.byte	0x51
 1743 01e8 01       		.uleb128 0x1
 1744 01e9 30       		.byte	0x30
 1745 01ea 13       		.uleb128 0x13
ARM GAS  C:\Users\Lenovo\AppData\Local\Temp\ccboA4lz.s 			page 46


 1746 01eb 01       		.uleb128 0x1
 1747 01ec 52       		.byte	0x52
 1748 01ed 03       		.uleb128 0x3
 1749 01ee F3       		.byte	0xf3
 1750 01ef 01       		.uleb128 0x1
 1751 01f0 51       		.byte	0x51
 1752 01f1 00       		.byte	0
 1753 01f2 00       		.byte	0
 1754 01f3 0A       		.uleb128 0xa
 1755 01f4 2E020000 		.4byte	.LASF30
 1756 01f8 01       		.byte	0x1
 1757 01f9 5A       		.byte	0x5a
 1758 01fa 00000000 		.4byte	.LFB4
 1759 01fe 08000000 		.4byte	.LFE4-.LFB4
 1760 0202 01       		.uleb128 0x1
 1761 0203 9C       		.byte	0x9c
 1762 0204 53020000 		.4byte	0x253
 1763 0208 14       		.uleb128 0x14
 1764 0209 E4020000 		.4byte	.LASF31
 1765 020d 01       		.byte	0x1
 1766 020e 5A       		.byte	0x5a
 1767 020f 84000000 		.4byte	0x84
 1768 0213 BC000000 		.4byte	.LLST6
 1769 0217 11       		.uleb128 0x11
 1770 0218 73726300 		.ascii	"src\000"
 1771 021c 01       		.byte	0x1
 1772 021d 5A       		.byte	0x5a
 1773 021e 53020000 		.4byte	0x253
 1774 0222 DD000000 		.4byte	.LLST7
 1775 0226 11       		.uleb128 0x11
 1776 0227 6E00     		.ascii	"n\000"
 1777 0229 01       		.byte	0x1
 1778 022a 5A       		.byte	0x5a
 1779 022b 2C000000 		.4byte	0x2c
 1780 022f FE000000 		.4byte	.LLST8
 1781 0233 12       		.uleb128 0x12
 1782 0234 06000000 		.4byte	.LVL16
 1783 0238 B1050000 		.4byte	0x5b1
 1784 023c 13       		.uleb128 0x13
 1785 023d 01       		.uleb128 0x1
 1786 023e 50       		.byte	0x50
 1787 023f 03       		.uleb128 0x3
 1788 0240 F3       		.byte	0xf3
 1789 0241 01       		.uleb128 0x1
 1790 0242 50       		.byte	0x50
 1791 0243 13       		.uleb128 0x13
 1792 0244 01       		.uleb128 0x1
 1793 0245 51       		.byte	0x51
 1794 0246 03       		.uleb128 0x3
 1795 0247 F3       		.byte	0xf3
 1796 0248 01       		.uleb128 0x1
 1797 0249 51       		.byte	0x51
 1798 024a 13       		.uleb128 0x13
 1799 024b 01       		.uleb128 0x1
 1800 024c 52       		.byte	0x52
 1801 024d 03       		.uleb128 0x3
 1802 024e F3       		.byte	0xf3
ARM GAS  C:\Users\Lenovo\AppData\Local\Temp\ccboA4lz.s 			page 47


 1803 024f 01       		.uleb128 0x1
 1804 0250 52       		.byte	0x52
 1805 0251 00       		.byte	0
 1806 0252 00       		.byte	0
 1807 0253 0F       		.uleb128 0xf
 1808 0254 04       		.byte	0x4
 1809 0255 59020000 		.4byte	0x259
 1810 0259 15       		.uleb128 0x15
 1811 025a 0A       		.uleb128 0xa
 1812 025b 5F010000 		.4byte	.LASF32
 1813 025f 01       		.byte	0x1
 1814 0260 D3       		.byte	0xd3
 1815 0261 00000000 		.4byte	.LFB6
 1816 0265 8C010000 		.4byte	.LFE6-.LFB6
 1817 0269 01       		.uleb128 0x1
 1818 026a 9C       		.byte	0x9c
 1819 026b 03030000 		.4byte	0x303
 1820 026f 16       		.uleb128 0x16
 1821 0270 0C000000 		.4byte	.LVL17
 1822 0274 BA050000 		.4byte	0x5ba
 1823 0278 17       		.uleb128 0x17
 1824 0279 12000000 		.4byte	.LVL18
 1825 027d C5050000 		.4byte	0x5c5
 1826 0281 8F020000 		.4byte	0x28f
 1827 0285 13       		.uleb128 0x13
 1828 0286 01       		.uleb128 0x1
 1829 0287 50       		.byte	0x50
 1830 0288 05       		.uleb128 0x5
 1831 0289 0C       		.byte	0xc
 1832 028a 001BB700 		.4byte	0xb71b00
 1833 028e 00       		.byte	0
 1834 028f 17       		.uleb128 0x17
 1835 0290 18000000 		.4byte	.LVL19
 1836 0294 D0050000 		.4byte	0x5d0
 1837 0298 A2020000 		.4byte	0x2a2
 1838 029c 13       		.uleb128 0x13
 1839 029d 01       		.uleb128 0x1
 1840 029e 50       		.byte	0x50
 1841 029f 01       		.uleb128 0x1
 1842 02a0 31       		.byte	0x31
 1843 02a1 00       		.byte	0
 1844 02a2 17       		.uleb128 0x17
 1845 02a3 1E000000 		.4byte	.LVL20
 1846 02a7 DB050000 		.4byte	0x5db
 1847 02ab B6020000 		.4byte	0x2b6
 1848 02af 13       		.uleb128 0x13
 1849 02b0 01       		.uleb128 0x1
 1850 02b1 50       		.byte	0x50
 1851 02b2 02       		.uleb128 0x2
 1852 02b3 08       		.byte	0x8
 1853 02b4 30       		.byte	0x30
 1854 02b5 00       		.byte	0
 1855 02b6 17       		.uleb128 0x17
 1856 02b7 54000000 		.4byte	.LVL21
 1857 02bb E6050000 		.4byte	0x5e6
 1858 02bf CB020000 		.4byte	0x2cb
 1859 02c3 13       		.uleb128 0x13
ARM GAS  C:\Users\Lenovo\AppData\Local\Temp\ccboA4lz.s 			page 48


 1860 02c4 01       		.uleb128 0x1
 1861 02c5 50       		.byte	0x50
 1862 02c6 03       		.uleb128 0x3
 1863 02c7 0A       		.byte	0xa
 1864 02c8 D007     		.2byte	0x7d0
 1865 02ca 00       		.byte	0
 1866 02cb 17       		.uleb128 0x17
 1867 02cc 5A000000 		.4byte	.LVL22
 1868 02d0 F1050000 		.4byte	0x5f1
 1869 02d4 E0020000 		.4byte	0x2e0
 1870 02d8 13       		.uleb128 0x13
 1871 02d9 01       		.uleb128 0x1
 1872 02da 50       		.byte	0x50
 1873 02db 03       		.uleb128 0x3
 1874 02dc 0A       		.byte	0xa
 1875 02dd DC05     		.2byte	0x5dc
 1876 02df 00       		.byte	0
 1877 02e0 17       		.uleb128 0x17
 1878 02e1 DA000000 		.4byte	.LVL23
 1879 02e5 FC050000 		.4byte	0x5fc
 1880 02e9 F3020000 		.4byte	0x2f3
 1881 02ed 13       		.uleb128 0x13
 1882 02ee 01       		.uleb128 0x1
 1883 02ef 50       		.byte	0x50
 1884 02f0 01       		.uleb128 0x1
 1885 02f1 38       		.byte	0x38
 1886 02f2 00       		.byte	0
 1887 02f3 12       		.uleb128 0x12
 1888 02f4 E0000000 		.4byte	.LVL24
 1889 02f8 07060000 		.4byte	0x607
 1890 02fc 13       		.uleb128 0x13
 1891 02fd 01       		.uleb128 0x1
 1892 02fe 50       		.byte	0x50
 1893 02ff 01       		.uleb128 0x1
 1894 0300 38       		.byte	0x38
 1895 0301 00       		.byte	0
 1896 0302 00       		.byte	0
 1897 0303 18       		.uleb128 0x18
 1898 0304 8E030000 		.4byte	.LASF36
 1899 0308 01       		.byte	0x1
 1900 0309 4F01     		.2byte	0x14f
 1901 030b 00000000 		.4byte	.LFB8
 1902 030f 20000000 		.4byte	.LFE8-.LFB8
 1903 0313 01       		.uleb128 0x1
 1904 0314 9C       		.byte	0x9c
 1905 0315 38030000 		.4byte	0x338
 1906 0319 19       		.uleb128 0x19
 1907 031a AB030000 		.4byte	.LASF33
 1908 031e 01       		.byte	0x1
 1909 031f 4F01     		.2byte	0x14f
 1910 0321 8D000000 		.4byte	0x8d
 1911 0325 01       		.uleb128 0x1
 1912 0326 50       		.byte	0x50
 1913 0327 1A       		.uleb128 0x1a
 1914 0328 A8010000 		.4byte	.LASF34
 1915 032c 01       		.byte	0x1
 1916 032d 5101     		.2byte	0x151
ARM GAS  C:\Users\Lenovo\AppData\Local\Temp\ccboA4lz.s 			page 49


 1917 032f A5000000 		.4byte	0xa5
 1918 0333 1F010000 		.4byte	.LLST9
 1919 0337 00       		.byte	0
 1920 0338 1B       		.uleb128 0x1b
 1921 0339 10010000 		.4byte	.LASF35
 1922 033d 01       		.byte	0x1
 1923 033e 3401     		.2byte	0x134
 1924 0340 00000000 		.4byte	.LFB7
 1925 0344 3C000000 		.4byte	.LFE7-.LFB7
 1926 0348 01       		.uleb128 0x1
 1927 0349 9C       		.byte	0x9c
 1928 034a 5E030000 		.4byte	0x35e
 1929 034e 12       		.uleb128 0x12
 1930 034f 26000000 		.4byte	.LVL30
 1931 0353 03030000 		.4byte	0x303
 1932 0357 13       		.uleb128 0x13
 1933 0358 01       		.uleb128 0x1
 1934 0359 50       		.byte	0x50
 1935 035a 01       		.uleb128 0x1
 1936 035b 31       		.byte	0x31
 1937 035c 00       		.byte	0
 1938 035d 00       		.byte	0
 1939 035e 18       		.uleb128 0x18
 1940 035f DB030000 		.4byte	.LASF37
 1941 0363 01       		.byte	0x1
 1942 0364 7101     		.2byte	0x171
 1943 0366 8C010000 		.4byte	.LFB9
 1944 036a F4010000 		.4byte	.LFE9-.LFB9
 1945 036e 01       		.uleb128 0x1
 1946 036f 9C       		.byte	0x9c
 1947 0370 63050000 		.4byte	0x563
 1948 0374 1C       		.uleb128 0x1c
 1949 0375 9C010000 		.4byte	.LBB3
 1950 0379 E4000000 		.4byte	.LBE3-.LBB3
 1951 037d 50050000 		.4byte	0x550
 1952 0381 1D       		.uleb128 0x1d
 1953 0382 3B010000 		.4byte	.LASF38
 1954 0386 01       		.byte	0x1
 1955 0387 7B01     		.2byte	0x17b
 1956 0389 73050000 		.4byte	0x573
 1957 038d 05       		.uleb128 0x5
 1958 038e 03       		.byte	0x3
 1959 038f 44020000 		.4byte	cy_cfg_addr_table.4919
 1960 0393 1D       		.uleb128 0x1d
 1961 0394 D8000000 		.4byte	.LASF39
 1962 0398 01       		.byte	0x1
 1963 0399 8701     		.2byte	0x187
 1964 039b 89050000 		.4byte	0x589
 1965 039f 05       		.uleb128 0x5
 1966 03a0 03       		.byte	0x3
 1967 03a1 18000000 		.4byte	cy_cfg_data_table.4920
 1968 03a5 1E       		.uleb128 0x1e
 1969 03a6 06       		.byte	0x6
 1970 03a7 01       		.byte	0x1
 1971 03a8 A102     		.2byte	0x2a1
 1972 03aa C9030000 		.4byte	0x3c9
 1973 03ae 1F       		.uleb128 0x1f
ARM GAS  C:\Users\Lenovo\AppData\Local\Temp\ccboA4lz.s 			page 50


 1974 03af 53020000 		.4byte	.LASF40
 1975 03b3 01       		.byte	0x1
 1976 03b4 A202     		.2byte	0x2a2
 1977 03b6 84000000 		.4byte	0x84
 1978 03ba 00       		.byte	0
 1979 03bb 1F       		.uleb128 0x1f
 1980 03bc EC010000 		.4byte	.LASF41
 1981 03c0 01       		.byte	0x1
 1982 03c1 A302     		.2byte	0x2a3
 1983 03c3 99000000 		.4byte	0x99
 1984 03c7 04       		.byte	0x4
 1985 03c8 00       		.byte	0
 1986 03c9 06       		.uleb128 0x6
 1987 03ca C7020000 		.4byte	.LASF42
 1988 03ce 01       		.byte	0x1
 1989 03cf A402     		.2byte	0x2a4
 1990 03d1 A5030000 		.4byte	0x3a5
 1991 03d5 1E       		.uleb128 0x1e
 1992 03d6 0A       		.byte	0xa
 1993 03d7 01       		.byte	0x1
 1994 03d8 A702     		.2byte	0x2a7
 1995 03da 06040000 		.4byte	0x406
 1996 03de 1F       		.uleb128 0x1f
 1997 03df E4020000 		.4byte	.LASF31
 1998 03e3 01       		.byte	0x1
 1999 03e4 A802     		.2byte	0x2a8
 2000 03e6 84000000 		.4byte	0x84
 2001 03ea 00       		.byte	0
 2002 03eb 20       		.uleb128 0x20
 2003 03ec 73726300 		.ascii	"src\000"
 2004 03f0 01       		.byte	0x1
 2005 03f1 A902     		.2byte	0x2a9
 2006 03f3 53020000 		.4byte	0x253
 2007 03f7 04       		.byte	0x4
 2008 03f8 1F       		.uleb128 0x1f
 2009 03f9 EC010000 		.4byte	.LASF41
 2010 03fd 01       		.byte	0x1
 2011 03fe AA02     		.2byte	0x2aa
 2012 0400 99000000 		.4byte	0x99
 2013 0404 08       		.byte	0x8
 2014 0405 00       		.byte	0
 2015 0406 06       		.uleb128 0x6
 2016 0407 DF010000 		.4byte	.LASF43
 2017 040b 01       		.byte	0x1
 2018 040c AB02     		.2byte	0x2ab
 2019 040e D5030000 		.4byte	0x3d5
 2020 0412 21       		.uleb128 0x21
 2021 0413 22040000 		.4byte	0x422
 2022 0417 22040000 		.4byte	0x422
 2023 041b 22       		.uleb128 0x22
 2024 041c 7D000000 		.4byte	0x7d
 2025 0420 01       		.byte	0x1
 2026 0421 00       		.byte	0
 2027 0422 10       		.uleb128 0x10
 2028 0423 C9030000 		.4byte	0x3c9
 2029 0427 1D       		.uleb128 0x1d
 2030 0428 D4020000 		.4byte	.LASF44
ARM GAS  C:\Users\Lenovo\AppData\Local\Temp\ccboA4lz.s 			page 51


 2031 042c 01       		.byte	0x1
 2032 042d AD02     		.2byte	0x2ad
 2033 042f 39040000 		.4byte	0x439
 2034 0433 05       		.uleb128 0x5
 2035 0434 03       		.byte	0x3
 2036 0435 00000000 		.4byte	cfg_memset_list.4930
 2037 0439 10       		.uleb128 0x10
 2038 043a 12040000 		.4byte	0x412
 2039 043e 1D       		.uleb128 0x1d
 2040 043f EF020000 		.4byte	.LASF45
 2041 0443 01       		.byte	0x1
 2042 0444 B402     		.2byte	0x2b4
 2043 0446 A3050000 		.4byte	0x5a3
 2044 044a 05       		.uleb128 0x5
 2045 044b 03       		.byte	0x3
 2046 044c 68020000 		.4byte	BS_UDB_0_1_0_CONFIG_VAL.4931
 2047 0450 21       		.uleb128 0x21
 2048 0451 60040000 		.4byte	0x460
 2049 0455 60040000 		.4byte	0x460
 2050 0459 22       		.uleb128 0x22
 2051 045a 7D000000 		.4byte	0x7d
 2052 045e 00       		.byte	0
 2053 045f 00       		.byte	0
 2054 0460 10       		.uleb128 0x10
 2055 0461 06040000 		.4byte	0x406
 2056 0465 1D       		.uleb128 0x1d
 2057 0466 CB030000 		.4byte	.LASF46
 2058 046a 01       		.byte	0x1
 2059 046b BE02     		.2byte	0x2be
 2060 046d 77040000 		.4byte	0x477
 2061 0471 05       		.uleb128 0x5
 2062 0472 03       		.byte	0x3
 2063 0473 0C000000 		.4byte	cfg_memcpy_list.4932
 2064 0477 10       		.uleb128 0x10
 2065 0478 50040000 		.4byte	0x450
 2066 047c 23       		.uleb128 0x23
 2067 047d 6900     		.ascii	"i\000"
 2068 047f 01       		.byte	0x1
 2069 0480 C302     		.2byte	0x2c3
 2070 0482 8D000000 		.4byte	0x8d
 2071 0486 3D010000 		.4byte	.LLST10
 2072 048a 1C       		.uleb128 0x1c
 2073 048b A0010000 		.4byte	.LBB4
 2074 048f 1C000000 		.4byte	.LBE4-.LBB4
 2075 0493 D0040000 		.4byte	0x4d0
 2076 0497 23       		.uleb128 0x23
 2077 0498 6D7300   		.ascii	"ms\000"
 2078 049b 01       		.byte	0x1
 2079 049c C802     		.2byte	0x2c8
 2080 049e A6040000 		.4byte	0x4a6
 2081 04a2 7D010000 		.4byte	.LLST11
 2082 04a6 0F       		.uleb128 0xf
 2083 04a7 04       		.byte	0x4
 2084 04a8 22040000 		.4byte	0x422
 2085 04ac 12       		.uleb128 0x12
 2086 04ad BC010000 		.4byte	.LVL33
 2087 04b1 A6010000 		.4byte	0x1a6
ARM GAS  C:\Users\Lenovo\AppData\Local\Temp\ccboA4lz.s 			page 52


 2088 04b5 13       		.uleb128 0x13
 2089 04b6 01       		.uleb128 0x1
 2090 04b7 51       		.byte	0x51
 2091 04b8 15       		.uleb128 0x15
 2092 04b9 74       		.byte	0x74
 2093 04ba 00       		.sleb128 0
 2094 04bb 31       		.byte	0x31
 2095 04bc 24       		.byte	0x24
 2096 04bd 74       		.byte	0x74
 2097 04be 00       		.sleb128 0
 2098 04bf 22       		.byte	0x22
 2099 04c0 31       		.byte	0x31
 2100 04c1 24       		.byte	0x24
 2101 04c2 03       		.byte	0x3
 2102 04c3 04000000 		.4byte	.LANCHOR0+4
 2103 04c7 22       		.byte	0x22
 2104 04c8 94       		.byte	0x94
 2105 04c9 02       		.byte	0x2
 2106 04ca 0A       		.byte	0xa
 2107 04cb FFFF     		.2byte	0xffff
 2108 04cd 1A       		.byte	0x1a
 2109 04ce 00       		.byte	0
 2110 04cf 00       		.byte	0
 2111 04d0 1C       		.uleb128 0x1c
 2112 04d1 C8010000 		.4byte	.LBB5
 2113 04d5 20000000 		.4byte	.LBE5-.LBB5
 2114 04d9 33050000 		.4byte	0x533
 2115 04dd 23       		.uleb128 0x23
 2116 04de 6D6300   		.ascii	"mc\000"
 2117 04e1 01       		.byte	0x1
 2118 04e2 CF02     		.2byte	0x2cf
 2119 04e4 EC040000 		.4byte	0x4ec
 2120 04e8 AF010000 		.4byte	.LLST12
 2121 04ec 0F       		.uleb128 0xf
 2122 04ed 04       		.byte	0x4
 2123 04ee 60040000 		.4byte	0x460
 2124 04f2 1A       		.uleb128 0x1a
 2125 04f3 15030000 		.4byte	.LASF47
 2126 04f7 01       		.byte	0x1
 2127 04f8 D002     		.2byte	0x2d0
 2128 04fa 84000000 		.4byte	0x84
 2129 04fe E1010000 		.4byte	.LLST13
 2130 0502 1A       		.uleb128 0x1a
 2131 0503 87030000 		.4byte	.LASF48
 2132 0507 01       		.byte	0x1
 2133 0508 D102     		.2byte	0x2d1
 2134 050a 53020000 		.4byte	0x253
 2135 050e F4010000 		.4byte	.LLST14
 2136 0512 1A       		.uleb128 0x1a
 2137 0513 C4010000 		.4byte	.LASF49
 2138 0517 01       		.byte	0x1
 2139 0518 D202     		.2byte	0x2d2
 2140 051a 99000000 		.4byte	0x99
 2141 051e 07020000 		.4byte	.LLST15
 2142 0522 12       		.uleb128 0x12
 2143 0523 E8010000 		.4byte	.LVL40
 2144 0527 F3010000 		.4byte	0x1f3
ARM GAS  C:\Users\Lenovo\AppData\Local\Temp\ccboA4lz.s 			page 53


 2145 052b 13       		.uleb128 0x13
 2146 052c 01       		.uleb128 0x1
 2147 052d 52       		.byte	0x52
 2148 052e 02       		.uleb128 0x2
 2149 052f 08       		.byte	0x8
 2150 0530 80       		.byte	0x80
 2151 0531 00       		.byte	0
 2152 0532 00       		.byte	0
 2153 0533 12       		.uleb128 0x12
 2154 0534 FC010000 		.4byte	.LVL43
 2155 0538 1E010000 		.4byte	0x11e
 2156 053c 13       		.uleb128 0x13
 2157 053d 01       		.uleb128 0x1
 2158 053e 50       		.byte	0x50
 2159 053f 05       		.uleb128 0x5
 2160 0540 03       		.byte	0x3
 2161 0541 44020000 		.4byte	.LANCHOR1+68
 2162 0545 13       		.uleb128 0x13
 2163 0546 01       		.uleb128 0x1
 2164 0547 51       		.byte	0x51
 2165 0548 05       		.uleb128 0x5
 2166 0549 03       		.byte	0x3
 2167 054a 18000000 		.4byte	.LANCHOR0+24
 2168 054e 00       		.byte	0
 2169 054f 00       		.byte	0
 2170 0550 16       		.uleb128 0x16
 2171 0551 D6020000 		.4byte	.LVL44
 2172 0555 5A020000 		.4byte	0x25a
 2173 0559 16       		.uleb128 0x16
 2174 055a DA020000 		.4byte	.LVL45
 2175 055e 38030000 		.4byte	0x338
 2176 0562 00       		.byte	0
 2177 0563 21       		.uleb128 0x21
 2178 0564 96010000 		.4byte	0x196
 2179 0568 73050000 		.4byte	0x573
 2180 056c 22       		.uleb128 0x22
 2181 056d 7D000000 		.4byte	0x7d
 2182 0571 08       		.byte	0x8
 2183 0572 00       		.byte	0
 2184 0573 10       		.uleb128 0x10
 2185 0574 63050000 		.4byte	0x563
 2186 0578 21       		.uleb128 0x21
 2187 0579 A1010000 		.4byte	0x1a1
 2188 057d 89050000 		.4byte	0x589
 2189 0581 24       		.uleb128 0x24
 2190 0582 7D000000 		.4byte	0x7d
 2191 0586 1401     		.2byte	0x114
 2192 0588 00       		.byte	0
 2193 0589 10       		.uleb128 0x10
 2194 058a 78050000 		.4byte	0x578
 2195 058e 21       		.uleb128 0x21
 2196 058f 9E050000 		.4byte	0x59e
 2197 0593 9E050000 		.4byte	0x59e
 2198 0597 22       		.uleb128 0x22
 2199 0598 7D000000 		.4byte	0x7d
 2200 059c 7F       		.byte	0x7f
 2201 059d 00       		.byte	0
ARM GAS  C:\Users\Lenovo\AppData\Local\Temp\ccboA4lz.s 			page 54


 2202 059e 10       		.uleb128 0x10
 2203 059f 8D000000 		.4byte	0x8d
 2204 05a3 10       		.uleb128 0x10
 2205 05a4 8E050000 		.4byte	0x58e
 2206 05a8 25       		.uleb128 0x25
 2207 05a9 C4030000 		.4byte	.LASF50
 2208 05ad C4030000 		.4byte	.LASF50
 2209 05b1 25       		.uleb128 0x25
 2210 05b2 79010000 		.4byte	.LASF51
 2211 05b6 79010000 		.4byte	.LASF51
 2212 05ba 26       		.uleb128 0x26
 2213 05bb B3030000 		.4byte	.LASF52
 2214 05bf B3030000 		.4byte	.LASF52
 2215 05c3 04       		.byte	0x4
 2216 05c4 4E       		.byte	0x4e
 2217 05c5 26       		.uleb128 0x26
 2218 05c6 07030000 		.4byte	.LASF53
 2219 05ca 07030000 		.4byte	.LASF53
 2220 05ce 05       		.byte	0x5
 2221 05cf DC       		.byte	0xdc
 2222 05d0 26       		.uleb128 0x26
 2223 05d1 6A030000 		.4byte	.LASF54
 2224 05d5 6A030000 		.4byte	.LASF54
 2225 05d9 04       		.byte	0x4
 2226 05da 50       		.byte	0x50
 2227 05db 26       		.uleb128 0x26
 2228 05dc 13020000 		.4byte	.LASF55
 2229 05e0 13020000 		.4byte	.LASF55
 2230 05e4 05       		.byte	0x5
 2231 05e5 6C       		.byte	0x6c
 2232 05e6 26       		.uleb128 0x26
 2233 05e7 46030000 		.4byte	.LASF56
 2234 05eb 46030000 		.4byte	.LASF56
 2235 05ef 05       		.byte	0x5
 2236 05f0 84       		.byte	0x84
 2237 05f1 26       		.uleb128 0x26
 2238 05f2 86010000 		.4byte	.LASF57
 2239 05f6 86010000 		.4byte	.LASF57
 2240 05fa 05       		.byte	0x5
 2241 05fb DA       		.byte	0xda
 2242 05fc 26       		.uleb128 0x26
 2243 05fd 04020000 		.4byte	.LASF58
 2244 0601 04020000 		.4byte	.LASF58
 2245 0605 05       		.byte	0x5
 2246 0606 BD       		.byte	0xbd
 2247 0607 26       		.uleb128 0x26
 2248 0608 3A030000 		.4byte	.LASF59
 2249 060c 3A030000 		.4byte	.LASF59
 2250 0610 05       		.byte	0x5
 2251 0611 C3       		.byte	0xc3
 2252 0612 00       		.byte	0
 2253              		.section	.debug_abbrev,"",%progbits
 2254              	.Ldebug_abbrev0:
 2255 0000 01       		.uleb128 0x1
 2256 0001 11       		.uleb128 0x11
 2257 0002 01       		.byte	0x1
 2258 0003 25       		.uleb128 0x25
ARM GAS  C:\Users\Lenovo\AppData\Local\Temp\ccboA4lz.s 			page 55


 2259 0004 0E       		.uleb128 0xe
 2260 0005 13       		.uleb128 0x13
 2261 0006 0B       		.uleb128 0xb
 2262 0007 03       		.uleb128 0x3
 2263 0008 0E       		.uleb128 0xe
 2264 0009 1B       		.uleb128 0x1b
 2265 000a 0E       		.uleb128 0xe
 2266 000b 55       		.uleb128 0x55
 2267 000c 17       		.uleb128 0x17
 2268 000d 11       		.uleb128 0x11
 2269 000e 01       		.uleb128 0x1
 2270 000f 10       		.uleb128 0x10
 2271 0010 17       		.uleb128 0x17
 2272 0011 00       		.byte	0
 2273 0012 00       		.byte	0
 2274 0013 02       		.uleb128 0x2
 2275 0014 24       		.uleb128 0x24
 2276 0015 00       		.byte	0
 2277 0016 0B       		.uleb128 0xb
 2278 0017 0B       		.uleb128 0xb
 2279 0018 3E       		.uleb128 0x3e
 2280 0019 0B       		.uleb128 0xb
 2281 001a 03       		.uleb128 0x3
 2282 001b 08       		.uleb128 0x8
 2283 001c 00       		.byte	0
 2284 001d 00       		.byte	0
 2285 001e 03       		.uleb128 0x3
 2286 001f 16       		.uleb128 0x16
 2287 0020 00       		.byte	0
 2288 0021 03       		.uleb128 0x3
 2289 0022 0E       		.uleb128 0xe
 2290 0023 3A       		.uleb128 0x3a
 2291 0024 0B       		.uleb128 0xb
 2292 0025 3B       		.uleb128 0x3b
 2293 0026 0B       		.uleb128 0xb
 2294 0027 49       		.uleb128 0x49
 2295 0028 13       		.uleb128 0x13
 2296 0029 00       		.byte	0
 2297 002a 00       		.byte	0
 2298 002b 04       		.uleb128 0x4
 2299 002c 24       		.uleb128 0x24
 2300 002d 00       		.byte	0
 2301 002e 0B       		.uleb128 0xb
 2302 002f 0B       		.uleb128 0xb
 2303 0030 3E       		.uleb128 0x3e
 2304 0031 0B       		.uleb128 0xb
 2305 0032 03       		.uleb128 0x3
 2306 0033 0E       		.uleb128 0xe
 2307 0034 00       		.byte	0
 2308 0035 00       		.byte	0
 2309 0036 05       		.uleb128 0x5
 2310 0037 0F       		.uleb128 0xf
 2311 0038 00       		.byte	0
 2312 0039 0B       		.uleb128 0xb
 2313 003a 0B       		.uleb128 0xb
 2314 003b 00       		.byte	0
 2315 003c 00       		.byte	0
ARM GAS  C:\Users\Lenovo\AppData\Local\Temp\ccboA4lz.s 			page 56


 2316 003d 06       		.uleb128 0x6
 2317 003e 16       		.uleb128 0x16
 2318 003f 00       		.byte	0
 2319 0040 03       		.uleb128 0x3
 2320 0041 0E       		.uleb128 0xe
 2321 0042 3A       		.uleb128 0x3a
 2322 0043 0B       		.uleb128 0xb
 2323 0044 3B       		.uleb128 0x3b
 2324 0045 05       		.uleb128 0x5
 2325 0046 49       		.uleb128 0x49
 2326 0047 13       		.uleb128 0x13
 2327 0048 00       		.byte	0
 2328 0049 00       		.byte	0
 2329 004a 07       		.uleb128 0x7
 2330 004b 35       		.uleb128 0x35
 2331 004c 00       		.byte	0
 2332 004d 49       		.uleb128 0x49
 2333 004e 13       		.uleb128 0x13
 2334 004f 00       		.byte	0
 2335 0050 00       		.byte	0
 2336 0051 08       		.uleb128 0x8
 2337 0052 13       		.uleb128 0x13
 2338 0053 01       		.byte	0x1
 2339 0054 0B       		.uleb128 0xb
 2340 0055 0B       		.uleb128 0xb
 2341 0056 3A       		.uleb128 0x3a
 2342 0057 0B       		.uleb128 0xb
 2343 0058 3B       		.uleb128 0x3b
 2344 0059 0B       		.uleb128 0xb
 2345 005a 01       		.uleb128 0x1
 2346 005b 13       		.uleb128 0x13
 2347 005c 00       		.byte	0
 2348 005d 00       		.byte	0
 2349 005e 09       		.uleb128 0x9
 2350 005f 0D       		.uleb128 0xd
 2351 0060 00       		.byte	0
 2352 0061 03       		.uleb128 0x3
 2353 0062 0E       		.uleb128 0xe
 2354 0063 3A       		.uleb128 0x3a
 2355 0064 0B       		.uleb128 0xb
 2356 0065 3B       		.uleb128 0x3b
 2357 0066 0B       		.uleb128 0xb
 2358 0067 49       		.uleb128 0x49
 2359 0068 13       		.uleb128 0x13
 2360 0069 38       		.uleb128 0x38
 2361 006a 0B       		.uleb128 0xb
 2362 006b 00       		.byte	0
 2363 006c 00       		.byte	0
 2364 006d 0A       		.uleb128 0xa
 2365 006e 2E       		.uleb128 0x2e
 2366 006f 01       		.byte	0x1
 2367 0070 03       		.uleb128 0x3
 2368 0071 0E       		.uleb128 0xe
 2369 0072 3A       		.uleb128 0x3a
 2370 0073 0B       		.uleb128 0xb
 2371 0074 3B       		.uleb128 0x3b
 2372 0075 0B       		.uleb128 0xb
ARM GAS  C:\Users\Lenovo\AppData\Local\Temp\ccboA4lz.s 			page 57


 2373 0076 27       		.uleb128 0x27
 2374 0077 19       		.uleb128 0x19
 2375 0078 11       		.uleb128 0x11
 2376 0079 01       		.uleb128 0x1
 2377 007a 12       		.uleb128 0x12
 2378 007b 06       		.uleb128 0x6
 2379 007c 40       		.uleb128 0x40
 2380 007d 18       		.uleb128 0x18
 2381 007e 9742     		.uleb128 0x2117
 2382 0080 19       		.uleb128 0x19
 2383 0081 01       		.uleb128 0x1
 2384 0082 13       		.uleb128 0x13
 2385 0083 00       		.byte	0
 2386 0084 00       		.byte	0
 2387 0085 0B       		.uleb128 0xb
 2388 0086 05       		.uleb128 0x5
 2389 0087 00       		.byte	0
 2390 0088 03       		.uleb128 0x3
 2391 0089 0E       		.uleb128 0xe
 2392 008a 3A       		.uleb128 0x3a
 2393 008b 0B       		.uleb128 0xb
 2394 008c 3B       		.uleb128 0x3b
 2395 008d 0B       		.uleb128 0xb
 2396 008e 49       		.uleb128 0x49
 2397 008f 13       		.uleb128 0x13
 2398 0090 02       		.uleb128 0x2
 2399 0091 18       		.uleb128 0x18
 2400 0092 00       		.byte	0
 2401 0093 00       		.byte	0
 2402 0094 0C       		.uleb128 0xc
 2403 0095 34       		.uleb128 0x34
 2404 0096 00       		.byte	0
 2405 0097 03       		.uleb128 0x3
 2406 0098 08       		.uleb128 0x8
 2407 0099 3A       		.uleb128 0x3a
 2408 009a 0B       		.uleb128 0xb
 2409 009b 3B       		.uleb128 0x3b
 2410 009c 0B       		.uleb128 0xb
 2411 009d 49       		.uleb128 0x49
 2412 009e 13       		.uleb128 0x13
 2413 009f 02       		.uleb128 0x2
 2414 00a0 17       		.uleb128 0x17
 2415 00a1 00       		.byte	0
 2416 00a2 00       		.byte	0
 2417 00a3 0D       		.uleb128 0xd
 2418 00a4 0B       		.uleb128 0xb
 2419 00a5 01       		.byte	0x1
 2420 00a6 11       		.uleb128 0x11
 2421 00a7 01       		.uleb128 0x1
 2422 00a8 12       		.uleb128 0x12
 2423 00a9 06       		.uleb128 0x6
 2424 00aa 00       		.byte	0
 2425 00ab 00       		.byte	0
 2426 00ac 0E       		.uleb128 0xe
 2427 00ad 34       		.uleb128 0x34
 2428 00ae 00       		.byte	0
 2429 00af 03       		.uleb128 0x3
ARM GAS  C:\Users\Lenovo\AppData\Local\Temp\ccboA4lz.s 			page 58


 2430 00b0 0E       		.uleb128 0xe
 2431 00b1 3A       		.uleb128 0x3a
 2432 00b2 0B       		.uleb128 0xb
 2433 00b3 3B       		.uleb128 0x3b
 2434 00b4 0B       		.uleb128 0xb
 2435 00b5 49       		.uleb128 0x49
 2436 00b6 13       		.uleb128 0x13
 2437 00b7 02       		.uleb128 0x2
 2438 00b8 17       		.uleb128 0x17
 2439 00b9 00       		.byte	0
 2440 00ba 00       		.byte	0
 2441 00bb 0F       		.uleb128 0xf
 2442 00bc 0F       		.uleb128 0xf
 2443 00bd 00       		.byte	0
 2444 00be 0B       		.uleb128 0xb
 2445 00bf 0B       		.uleb128 0xb
 2446 00c0 49       		.uleb128 0x49
 2447 00c1 13       		.uleb128 0x13
 2448 00c2 00       		.byte	0
 2449 00c3 00       		.byte	0
 2450 00c4 10       		.uleb128 0x10
 2451 00c5 26       		.uleb128 0x26
 2452 00c6 00       		.byte	0
 2453 00c7 49       		.uleb128 0x49
 2454 00c8 13       		.uleb128 0x13
 2455 00c9 00       		.byte	0
 2456 00ca 00       		.byte	0
 2457 00cb 11       		.uleb128 0x11
 2458 00cc 05       		.uleb128 0x5
 2459 00cd 00       		.byte	0
 2460 00ce 03       		.uleb128 0x3
 2461 00cf 08       		.uleb128 0x8
 2462 00d0 3A       		.uleb128 0x3a
 2463 00d1 0B       		.uleb128 0xb
 2464 00d2 3B       		.uleb128 0x3b
 2465 00d3 0B       		.uleb128 0xb
 2466 00d4 49       		.uleb128 0x49
 2467 00d5 13       		.uleb128 0x13
 2468 00d6 02       		.uleb128 0x2
 2469 00d7 17       		.uleb128 0x17
 2470 00d8 00       		.byte	0
 2471 00d9 00       		.byte	0
 2472 00da 12       		.uleb128 0x12
 2473 00db 898201   		.uleb128 0x4109
 2474 00de 01       		.byte	0x1
 2475 00df 11       		.uleb128 0x11
 2476 00e0 01       		.uleb128 0x1
 2477 00e1 31       		.uleb128 0x31
 2478 00e2 13       		.uleb128 0x13
 2479 00e3 00       		.byte	0
 2480 00e4 00       		.byte	0
 2481 00e5 13       		.uleb128 0x13
 2482 00e6 8A8201   		.uleb128 0x410a
 2483 00e9 00       		.byte	0
 2484 00ea 02       		.uleb128 0x2
 2485 00eb 18       		.uleb128 0x18
 2486 00ec 9142     		.uleb128 0x2111
ARM GAS  C:\Users\Lenovo\AppData\Local\Temp\ccboA4lz.s 			page 59


 2487 00ee 18       		.uleb128 0x18
 2488 00ef 00       		.byte	0
 2489 00f0 00       		.byte	0
 2490 00f1 14       		.uleb128 0x14
 2491 00f2 05       		.uleb128 0x5
 2492 00f3 00       		.byte	0
 2493 00f4 03       		.uleb128 0x3
 2494 00f5 0E       		.uleb128 0xe
 2495 00f6 3A       		.uleb128 0x3a
 2496 00f7 0B       		.uleb128 0xb
 2497 00f8 3B       		.uleb128 0x3b
 2498 00f9 0B       		.uleb128 0xb
 2499 00fa 49       		.uleb128 0x49
 2500 00fb 13       		.uleb128 0x13
 2501 00fc 02       		.uleb128 0x2
 2502 00fd 17       		.uleb128 0x17
 2503 00fe 00       		.byte	0
 2504 00ff 00       		.byte	0
 2505 0100 15       		.uleb128 0x15
 2506 0101 26       		.uleb128 0x26
 2507 0102 00       		.byte	0
 2508 0103 00       		.byte	0
 2509 0104 00       		.byte	0
 2510 0105 16       		.uleb128 0x16
 2511 0106 898201   		.uleb128 0x4109
 2512 0109 00       		.byte	0
 2513 010a 11       		.uleb128 0x11
 2514 010b 01       		.uleb128 0x1
 2515 010c 31       		.uleb128 0x31
 2516 010d 13       		.uleb128 0x13
 2517 010e 00       		.byte	0
 2518 010f 00       		.byte	0
 2519 0110 17       		.uleb128 0x17
 2520 0111 898201   		.uleb128 0x4109
 2521 0114 01       		.byte	0x1
 2522 0115 11       		.uleb128 0x11
 2523 0116 01       		.uleb128 0x1
 2524 0117 31       		.uleb128 0x31
 2525 0118 13       		.uleb128 0x13
 2526 0119 01       		.uleb128 0x1
 2527 011a 13       		.uleb128 0x13
 2528 011b 00       		.byte	0
 2529 011c 00       		.byte	0
 2530 011d 18       		.uleb128 0x18
 2531 011e 2E       		.uleb128 0x2e
 2532 011f 01       		.byte	0x1
 2533 0120 3F       		.uleb128 0x3f
 2534 0121 19       		.uleb128 0x19
 2535 0122 03       		.uleb128 0x3
 2536 0123 0E       		.uleb128 0xe
 2537 0124 3A       		.uleb128 0x3a
 2538 0125 0B       		.uleb128 0xb
 2539 0126 3B       		.uleb128 0x3b
 2540 0127 05       		.uleb128 0x5
 2541 0128 27       		.uleb128 0x27
 2542 0129 19       		.uleb128 0x19
 2543 012a 11       		.uleb128 0x11
ARM GAS  C:\Users\Lenovo\AppData\Local\Temp\ccboA4lz.s 			page 60


 2544 012b 01       		.uleb128 0x1
 2545 012c 12       		.uleb128 0x12
 2546 012d 06       		.uleb128 0x6
 2547 012e 40       		.uleb128 0x40
 2548 012f 18       		.uleb128 0x18
 2549 0130 9742     		.uleb128 0x2117
 2550 0132 19       		.uleb128 0x19
 2551 0133 01       		.uleb128 0x1
 2552 0134 13       		.uleb128 0x13
 2553 0135 00       		.byte	0
 2554 0136 00       		.byte	0
 2555 0137 19       		.uleb128 0x19
 2556 0138 05       		.uleb128 0x5
 2557 0139 00       		.byte	0
 2558 013a 03       		.uleb128 0x3
 2559 013b 0E       		.uleb128 0xe
 2560 013c 3A       		.uleb128 0x3a
 2561 013d 0B       		.uleb128 0xb
 2562 013e 3B       		.uleb128 0x3b
 2563 013f 05       		.uleb128 0x5
 2564 0140 49       		.uleb128 0x49
 2565 0141 13       		.uleb128 0x13
 2566 0142 02       		.uleb128 0x2
 2567 0143 18       		.uleb128 0x18
 2568 0144 00       		.byte	0
 2569 0145 00       		.byte	0
 2570 0146 1A       		.uleb128 0x1a
 2571 0147 34       		.uleb128 0x34
 2572 0148 00       		.byte	0
 2573 0149 03       		.uleb128 0x3
 2574 014a 0E       		.uleb128 0xe
 2575 014b 3A       		.uleb128 0x3a
 2576 014c 0B       		.uleb128 0xb
 2577 014d 3B       		.uleb128 0x3b
 2578 014e 05       		.uleb128 0x5
 2579 014f 49       		.uleb128 0x49
 2580 0150 13       		.uleb128 0x13
 2581 0151 02       		.uleb128 0x2
 2582 0152 17       		.uleb128 0x17
 2583 0153 00       		.byte	0
 2584 0154 00       		.byte	0
 2585 0155 1B       		.uleb128 0x1b
 2586 0156 2E       		.uleb128 0x2e
 2587 0157 01       		.byte	0x1
 2588 0158 03       		.uleb128 0x3
 2589 0159 0E       		.uleb128 0xe
 2590 015a 3A       		.uleb128 0x3a
 2591 015b 0B       		.uleb128 0xb
 2592 015c 3B       		.uleb128 0x3b
 2593 015d 05       		.uleb128 0x5
 2594 015e 27       		.uleb128 0x27
 2595 015f 19       		.uleb128 0x19
 2596 0160 11       		.uleb128 0x11
 2597 0161 01       		.uleb128 0x1
 2598 0162 12       		.uleb128 0x12
 2599 0163 06       		.uleb128 0x6
 2600 0164 40       		.uleb128 0x40
ARM GAS  C:\Users\Lenovo\AppData\Local\Temp\ccboA4lz.s 			page 61


 2601 0165 18       		.uleb128 0x18
 2602 0166 9742     		.uleb128 0x2117
 2603 0168 19       		.uleb128 0x19
 2604 0169 01       		.uleb128 0x1
 2605 016a 13       		.uleb128 0x13
 2606 016b 00       		.byte	0
 2607 016c 00       		.byte	0
 2608 016d 1C       		.uleb128 0x1c
 2609 016e 0B       		.uleb128 0xb
 2610 016f 01       		.byte	0x1
 2611 0170 11       		.uleb128 0x11
 2612 0171 01       		.uleb128 0x1
 2613 0172 12       		.uleb128 0x12
 2614 0173 06       		.uleb128 0x6
 2615 0174 01       		.uleb128 0x1
 2616 0175 13       		.uleb128 0x13
 2617 0176 00       		.byte	0
 2618 0177 00       		.byte	0
 2619 0178 1D       		.uleb128 0x1d
 2620 0179 34       		.uleb128 0x34
 2621 017a 00       		.byte	0
 2622 017b 03       		.uleb128 0x3
 2623 017c 0E       		.uleb128 0xe
 2624 017d 3A       		.uleb128 0x3a
 2625 017e 0B       		.uleb128 0xb
 2626 017f 3B       		.uleb128 0x3b
 2627 0180 05       		.uleb128 0x5
 2628 0181 49       		.uleb128 0x49
 2629 0182 13       		.uleb128 0x13
 2630 0183 02       		.uleb128 0x2
 2631 0184 18       		.uleb128 0x18
 2632 0185 00       		.byte	0
 2633 0186 00       		.byte	0
 2634 0187 1E       		.uleb128 0x1e
 2635 0188 13       		.uleb128 0x13
 2636 0189 01       		.byte	0x1
 2637 018a 0B       		.uleb128 0xb
 2638 018b 0B       		.uleb128 0xb
 2639 018c 3A       		.uleb128 0x3a
 2640 018d 0B       		.uleb128 0xb
 2641 018e 3B       		.uleb128 0x3b
 2642 018f 05       		.uleb128 0x5
 2643 0190 01       		.uleb128 0x1
 2644 0191 13       		.uleb128 0x13
 2645 0192 00       		.byte	0
 2646 0193 00       		.byte	0
 2647 0194 1F       		.uleb128 0x1f
 2648 0195 0D       		.uleb128 0xd
 2649 0196 00       		.byte	0
 2650 0197 03       		.uleb128 0x3
 2651 0198 0E       		.uleb128 0xe
 2652 0199 3A       		.uleb128 0x3a
 2653 019a 0B       		.uleb128 0xb
 2654 019b 3B       		.uleb128 0x3b
 2655 019c 05       		.uleb128 0x5
 2656 019d 49       		.uleb128 0x49
 2657 019e 13       		.uleb128 0x13
ARM GAS  C:\Users\Lenovo\AppData\Local\Temp\ccboA4lz.s 			page 62


 2658 019f 38       		.uleb128 0x38
 2659 01a0 0B       		.uleb128 0xb
 2660 01a1 00       		.byte	0
 2661 01a2 00       		.byte	0
 2662 01a3 20       		.uleb128 0x20
 2663 01a4 0D       		.uleb128 0xd
 2664 01a5 00       		.byte	0
 2665 01a6 03       		.uleb128 0x3
 2666 01a7 08       		.uleb128 0x8
 2667 01a8 3A       		.uleb128 0x3a
 2668 01a9 0B       		.uleb128 0xb
 2669 01aa 3B       		.uleb128 0x3b
 2670 01ab 05       		.uleb128 0x5
 2671 01ac 49       		.uleb128 0x49
 2672 01ad 13       		.uleb128 0x13
 2673 01ae 38       		.uleb128 0x38
 2674 01af 0B       		.uleb128 0xb
 2675 01b0 00       		.byte	0
 2676 01b1 00       		.byte	0
 2677 01b2 21       		.uleb128 0x21
 2678 01b3 01       		.uleb128 0x1
 2679 01b4 01       		.byte	0x1
 2680 01b5 49       		.uleb128 0x49
 2681 01b6 13       		.uleb128 0x13
 2682 01b7 01       		.uleb128 0x1
 2683 01b8 13       		.uleb128 0x13
 2684 01b9 00       		.byte	0
 2685 01ba 00       		.byte	0
 2686 01bb 22       		.uleb128 0x22
 2687 01bc 21       		.uleb128 0x21
 2688 01bd 00       		.byte	0
 2689 01be 49       		.uleb128 0x49
 2690 01bf 13       		.uleb128 0x13
 2691 01c0 2F       		.uleb128 0x2f
 2692 01c1 0B       		.uleb128 0xb
 2693 01c2 00       		.byte	0
 2694 01c3 00       		.byte	0
 2695 01c4 23       		.uleb128 0x23
 2696 01c5 34       		.uleb128 0x34
 2697 01c6 00       		.byte	0
 2698 01c7 03       		.uleb128 0x3
 2699 01c8 08       		.uleb128 0x8
 2700 01c9 3A       		.uleb128 0x3a
 2701 01ca 0B       		.uleb128 0xb
 2702 01cb 3B       		.uleb128 0x3b
 2703 01cc 05       		.uleb128 0x5
 2704 01cd 49       		.uleb128 0x49
 2705 01ce 13       		.uleb128 0x13
 2706 01cf 02       		.uleb128 0x2
 2707 01d0 17       		.uleb128 0x17
 2708 01d1 00       		.byte	0
 2709 01d2 00       		.byte	0
 2710 01d3 24       		.uleb128 0x24
 2711 01d4 21       		.uleb128 0x21
 2712 01d5 00       		.byte	0
 2713 01d6 49       		.uleb128 0x49
 2714 01d7 13       		.uleb128 0x13
ARM GAS  C:\Users\Lenovo\AppData\Local\Temp\ccboA4lz.s 			page 63


 2715 01d8 2F       		.uleb128 0x2f
 2716 01d9 05       		.uleb128 0x5
 2717 01da 00       		.byte	0
 2718 01db 00       		.byte	0
 2719 01dc 25       		.uleb128 0x25
 2720 01dd 2E       		.uleb128 0x2e
 2721 01de 00       		.byte	0
 2722 01df 3F       		.uleb128 0x3f
 2723 01e0 19       		.uleb128 0x19
 2724 01e1 3C       		.uleb128 0x3c
 2725 01e2 19       		.uleb128 0x19
 2726 01e3 6E       		.uleb128 0x6e
 2727 01e4 0E       		.uleb128 0xe
 2728 01e5 03       		.uleb128 0x3
 2729 01e6 0E       		.uleb128 0xe
 2730 01e7 00       		.byte	0
 2731 01e8 00       		.byte	0
 2732 01e9 26       		.uleb128 0x26
 2733 01ea 2E       		.uleb128 0x2e
 2734 01eb 00       		.byte	0
 2735 01ec 3F       		.uleb128 0x3f
 2736 01ed 19       		.uleb128 0x19
 2737 01ee 3C       		.uleb128 0x3c
 2738 01ef 19       		.uleb128 0x19
 2739 01f0 6E       		.uleb128 0x6e
 2740 01f1 0E       		.uleb128 0xe
 2741 01f2 03       		.uleb128 0x3
 2742 01f3 0E       		.uleb128 0xe
 2743 01f4 3A       		.uleb128 0x3a
 2744 01f5 0B       		.uleb128 0xb
 2745 01f6 3B       		.uleb128 0x3b
 2746 01f7 0B       		.uleb128 0xb
 2747 01f8 00       		.byte	0
 2748 01f9 00       		.byte	0
 2749 01fa 00       		.byte	0
 2750              		.section	.debug_loc,"",%progbits
 2751              	.Ldebug_loc0:
 2752              	.LLST0:
 2753 0000 02000000 		.4byte	.LVL1
 2754 0004 08000000 		.4byte	.LVL2
 2755 0008 0200     		.2byte	0x2
 2756 000a 30       		.byte	0x30
 2757 000b 9F       		.byte	0x9f
 2758 000c 08000000 		.4byte	.LVL2
 2759 0010 30000000 		.4byte	.LVL11
 2760 0014 0100     		.2byte	0x1
 2761 0016 57       		.byte	0x57
 2762 0017 00000000 		.4byte	0
 2763 001b 00000000 		.4byte	0
 2764              	.LLST1:
 2765 001f 02000000 		.4byte	.LVL1
 2766 0023 08000000 		.4byte	.LVL2
 2767 0027 0200     		.2byte	0x2
 2768 0029 30       		.byte	0x30
 2769 002a 9F       		.byte	0x9f
 2770 002b 08000000 		.4byte	.LVL2
 2771 002f 30000000 		.4byte	.LVL10
ARM GAS  C:\Users\Lenovo\AppData\Local\Temp\ccboA4lz.s 			page 64


 2772 0033 0100     		.2byte	0x1
 2773 0035 55       		.byte	0x55
 2774 0036 00000000 		.4byte	0
 2775 003a 00000000 		.4byte	0
 2776              	.LLST2:
 2777 003e 0C000000 		.4byte	.LVL3
 2778 0042 2C000000 		.4byte	.LVL9
 2779 0046 0100     		.2byte	0x1
 2780 0048 56       		.byte	0x56
 2781 0049 00000000 		.4byte	0
 2782 004d 00000000 		.4byte	0
 2783              	.LLST3:
 2784 0051 0E000000 		.4byte	.LVL4
 2785 0055 24000000 		.4byte	.LVL7
 2786 0059 0100     		.2byte	0x1
 2787 005b 53       		.byte	0x53
 2788 005c 26000000 		.4byte	.LVL8
 2789 0060 2C000000 		.4byte	.LVL9
 2790 0064 0100     		.2byte	0x1
 2791 0066 53       		.byte	0x53
 2792 0067 00000000 		.4byte	0
 2793 006b 00000000 		.4byte	0
 2794              	.LLST4:
 2795 006f 00000000 		.4byte	.LVL12
 2796 0073 09000000 		.4byte	.LVL14-1
 2797 0077 0100     		.2byte	0x1
 2798 0079 50       		.byte	0x50
 2799 007a 09000000 		.4byte	.LVL14-1
 2800 007e 0C000000 		.4byte	.LFE2
 2801 0082 0400     		.2byte	0x4
 2802 0084 F3       		.byte	0xf3
 2803 0085 01       		.uleb128 0x1
 2804 0086 50       		.byte	0x50
 2805 0087 9F       		.byte	0x9f
 2806 0088 00000000 		.4byte	0
 2807 008c 00000000 		.4byte	0
 2808              	.LLST5:
 2809 0090 00000000 		.4byte	.LVL12
 2810 0094 06000000 		.4byte	.LVL13
 2811 0098 0100     		.2byte	0x1
 2812 009a 51       		.byte	0x51
 2813 009b 06000000 		.4byte	.LVL13
 2814 009f 09000000 		.4byte	.LVL14-1
 2815 00a3 0100     		.2byte	0x1
 2816 00a5 52       		.byte	0x52
 2817 00a6 09000000 		.4byte	.LVL14-1
 2818 00aa 0C000000 		.4byte	.LFE2
 2819 00ae 0400     		.2byte	0x4
 2820 00b0 F3       		.byte	0xf3
 2821 00b1 01       		.uleb128 0x1
 2822 00b2 51       		.byte	0x51
 2823 00b3 9F       		.byte	0x9f
 2824 00b4 00000000 		.4byte	0
 2825 00b8 00000000 		.4byte	0
 2826              	.LLST6:
 2827 00bc 00000000 		.4byte	.LVL15
 2828 00c0 05000000 		.4byte	.LVL16-1
ARM GAS  C:\Users\Lenovo\AppData\Local\Temp\ccboA4lz.s 			page 65


 2829 00c4 0100     		.2byte	0x1
 2830 00c6 50       		.byte	0x50
 2831 00c7 05000000 		.4byte	.LVL16-1
 2832 00cb 08000000 		.4byte	.LFE4
 2833 00cf 0400     		.2byte	0x4
 2834 00d1 F3       		.byte	0xf3
 2835 00d2 01       		.uleb128 0x1
 2836 00d3 50       		.byte	0x50
 2837 00d4 9F       		.byte	0x9f
 2838 00d5 00000000 		.4byte	0
 2839 00d9 00000000 		.4byte	0
 2840              	.LLST7:
 2841 00dd 00000000 		.4byte	.LVL15
 2842 00e1 05000000 		.4byte	.LVL16-1
 2843 00e5 0100     		.2byte	0x1
 2844 00e7 51       		.byte	0x51
 2845 00e8 05000000 		.4byte	.LVL16-1
 2846 00ec 08000000 		.4byte	.LFE4
 2847 00f0 0400     		.2byte	0x4
 2848 00f2 F3       		.byte	0xf3
 2849 00f3 01       		.uleb128 0x1
 2850 00f4 51       		.byte	0x51
 2851 00f5 9F       		.byte	0x9f
 2852 00f6 00000000 		.4byte	0
 2853 00fa 00000000 		.4byte	0
 2854              	.LLST8:
 2855 00fe 00000000 		.4byte	.LVL15
 2856 0102 05000000 		.4byte	.LVL16-1
 2857 0106 0100     		.2byte	0x1
 2858 0108 52       		.byte	0x52
 2859 0109 05000000 		.4byte	.LVL16-1
 2860 010d 08000000 		.4byte	.LFE4
 2861 0111 0400     		.2byte	0x4
 2862 0113 F3       		.byte	0xf3
 2863 0114 01       		.uleb128 0x1
 2864 0115 52       		.byte	0x52
 2865 0116 9F       		.byte	0x9f
 2866 0117 00000000 		.4byte	0
 2867 011b 00000000 		.4byte	0
 2868              	.LLST9:
 2869 011f 04000000 		.4byte	.LVL26
 2870 0123 12000000 		.4byte	.LVL28
 2871 0127 0100     		.2byte	0x1
 2872 0129 53       		.byte	0x53
 2873 012a 14000000 		.4byte	.LVL29
 2874 012e 20000000 		.4byte	.LFE8
 2875 0132 0100     		.2byte	0x1
 2876 0134 53       		.byte	0x53
 2877 0135 00000000 		.4byte	0
 2878 0139 00000000 		.4byte	0
 2879              	.LLST10:
 2880 013d 9C010000 		.4byte	.LVL31
 2881 0141 A0010000 		.4byte	.LVL32
 2882 0145 0200     		.2byte	0x2
 2883 0147 30       		.byte	0x30
 2884 0148 9F       		.byte	0x9f
 2885 0149 A0010000 		.4byte	.LVL32
ARM GAS  C:\Users\Lenovo\AppData\Local\Temp\ccboA4lz.s 			page 66


 2886 014d BE010000 		.4byte	.LVL34
 2887 0151 0100     		.2byte	0x1
 2888 0153 54       		.byte	0x54
 2889 0154 C0010000 		.4byte	.LVL35
 2890 0158 C6010000 		.4byte	.LVL36
 2891 015c 0100     		.2byte	0x1
 2892 015e 54       		.byte	0x54
 2893 015f C8010000 		.4byte	.LVL37
 2894 0163 EA010000 		.4byte	.LVL41
 2895 0167 0100     		.2byte	0x1
 2896 0169 54       		.byte	0x54
 2897 016a EC010000 		.4byte	.LVL42
 2898 016e DA020000 		.4byte	.LVL46
 2899 0172 0100     		.2byte	0x1
 2900 0174 54       		.byte	0x54
 2901 0175 00000000 		.4byte	0
 2902 0179 00000000 		.4byte	0
 2903              	.LLST11:
 2904 017d A0010000 		.4byte	.LVL32
 2905 0181 BE010000 		.4byte	.LVL34
 2906 0185 0B00     		.2byte	0xb
 2907 0187 74       		.byte	0x74
 2908 0188 00       		.sleb128 0
 2909 0189 36       		.byte	0x36
 2910 018a 1E       		.byte	0x1e
 2911 018b 03       		.byte	0x3
 2912 018c 00000000 		.4byte	cfg_memset_list.4930
 2913 0190 22       		.byte	0x22
 2914 0191 9F       		.byte	0x9f
 2915 0192 BE010000 		.4byte	.LVL34
 2916 0196 C0010000 		.4byte	.LVL35
 2917 019a 0B00     		.2byte	0xb
 2918 019c 74       		.byte	0x74
 2919 019d 7F       		.sleb128 -1
 2920 019e 36       		.byte	0x36
 2921 019f 1E       		.byte	0x1e
 2922 01a0 03       		.byte	0x3
 2923 01a1 00000000 		.4byte	cfg_memset_list.4930
 2924 01a5 22       		.byte	0x22
 2925 01a6 9F       		.byte	0x9f
 2926 01a7 00000000 		.4byte	0
 2927 01ab 00000000 		.4byte	0
 2928              	.LLST12:
 2929 01af C8010000 		.4byte	.LVL37
 2930 01b3 EA010000 		.4byte	.LVL41
 2931 01b7 0B00     		.2byte	0xb
 2932 01b9 74       		.byte	0x74
 2933 01ba 00       		.sleb128 0
 2934 01bb 3A       		.byte	0x3a
 2935 01bc 1E       		.byte	0x1e
 2936 01bd 03       		.byte	0x3
 2937 01be 0C000000 		.4byte	cfg_memcpy_list.4932
 2938 01c2 22       		.byte	0x22
 2939 01c3 9F       		.byte	0x9f
 2940 01c4 EA010000 		.4byte	.LVL41
 2941 01c8 EC010000 		.4byte	.LVL42
 2942 01cc 0B00     		.2byte	0xb
ARM GAS  C:\Users\Lenovo\AppData\Local\Temp\ccboA4lz.s 			page 67


 2943 01ce 74       		.byte	0x74
 2944 01cf 7F       		.sleb128 -1
 2945 01d0 3A       		.byte	0x3a
 2946 01d1 1E       		.byte	0x1e
 2947 01d2 03       		.byte	0x3
 2948 01d3 0C000000 		.4byte	cfg_memcpy_list.4932
 2949 01d7 22       		.byte	0x22
 2950 01d8 9F       		.byte	0x9f
 2951 01d9 00000000 		.4byte	0
 2952 01dd 00000000 		.4byte	0
 2953              	.LLST13:
 2954 01e1 DA010000 		.4byte	.LVL38
 2955 01e5 E7010000 		.4byte	.LVL40-1
 2956 01e9 0100     		.2byte	0x1
 2957 01eb 50       		.byte	0x50
 2958 01ec 00000000 		.4byte	0
 2959 01f0 00000000 		.4byte	0
 2960              	.LLST14:
 2961 01f4 E2010000 		.4byte	.LVL39
 2962 01f8 E7010000 		.4byte	.LVL40-1
 2963 01fc 0100     		.2byte	0x1
 2964 01fe 51       		.byte	0x51
 2965 01ff 00000000 		.4byte	0
 2966 0203 00000000 		.4byte	0
 2967              	.LLST15:
 2968 0207 E2010000 		.4byte	.LVL39
 2969 020b EC010000 		.4byte	.LVL42
 2970 020f 0300     		.2byte	0x3
 2971 0211 08       		.byte	0x8
 2972 0212 80       		.byte	0x80
 2973 0213 9F       		.byte	0x9f
 2974 0214 00000000 		.4byte	0
 2975 0218 00000000 		.4byte	0
 2976              		.section	.debug_aranges,"",%progbits
 2977 0000 4C000000 		.4byte	0x4c
 2978 0004 0200     		.2byte	0x2
 2979 0006 00000000 		.4byte	.Ldebug_info0
 2980 000a 04       		.byte	0x4
 2981 000b 00       		.byte	0
 2982 000c 0000     		.2byte	0
 2983 000e 0000     		.2byte	0
 2984 0010 00000000 		.4byte	.LFB5
 2985 0014 32000000 		.4byte	.LFE5-.LFB5
 2986 0018 00000000 		.4byte	.LFB2
 2987 001c 0C000000 		.4byte	.LFE2-.LFB2
 2988 0020 00000000 		.4byte	.LFB4
 2989 0024 08000000 		.4byte	.LFE4-.LFB4
 2990 0028 00000000 		.4byte	.LFB6
 2991 002c 8C010000 		.4byte	.LFE6-.LFB6
 2992 0030 00000000 		.4byte	.LFB8
 2993 0034 20000000 		.4byte	.LFE8-.LFB8
 2994 0038 00000000 		.4byte	.LFB7
 2995 003c 3C000000 		.4byte	.LFE7-.LFB7
 2996 0040 8C010000 		.4byte	.LFB9
 2997 0044 F4010000 		.4byte	.LFE9-.LFB9
 2998 0048 00000000 		.4byte	0
 2999 004c 00000000 		.4byte	0
ARM GAS  C:\Users\Lenovo\AppData\Local\Temp\ccboA4lz.s 			page 68


 3000              		.section	.debug_ranges,"",%progbits
 3001              	.Ldebug_ranges0:
 3002 0000 00000000 		.4byte	.LFB5
 3003 0004 32000000 		.4byte	.LFE5
 3004 0008 00000000 		.4byte	.LFB2
 3005 000c 0C000000 		.4byte	.LFE2
 3006 0010 00000000 		.4byte	.LFB4
 3007 0014 08000000 		.4byte	.LFE4
 3008 0018 00000000 		.4byte	.LFB6
 3009 001c 8C010000 		.4byte	.LFE6
 3010 0020 00000000 		.4byte	.LFB8
 3011 0024 20000000 		.4byte	.LFE8
 3012 0028 00000000 		.4byte	.LFB7
 3013 002c 3C000000 		.4byte	.LFE7
 3014 0030 8C010000 		.4byte	.LFB9
 3015 0034 80030000 		.4byte	.LFE9
 3016 0038 00000000 		.4byte	0
 3017 003c 00000000 		.4byte	0
 3018              		.section	.debug_line,"",%progbits
 3019              	.Ldebug_line0:
 3020 0000 EB010000 		.section	.debug_str,"MS",%progbits,1
 3020      0200CC00 
 3020      00000201 
 3020      FB0E0D00 
 3020      01010101 
 3021              	.LASF27:
 3022 0000 636F756E 		.ascii	"count\000"
 3022      7400
 3023              	.LASF14:
 3024 0006 75696E74 		.ascii	"uint16\000"
 3024      313600
 3025              	.LASF26:
 3026 000d 62617365 		.ascii	"baseAddr\000"
 3026      41646472 
 3026      00
 3027              	.LASF12:
 3028 0016 73697A65 		.ascii	"size_t\000"
 3028      5F7400
 3029              	.LASF60:
 3030 001d 474E5520 		.ascii	"GNU C11 5.4.1 20160609 (release) [ARM/embedded-5-br"
 3030      43313120 
 3030      352E342E 
 3030      31203230 
 3030      31363036 
 3031 0050 616E6368 		.ascii	"anch revision 237715] -mcpu=cortex-m0 -mthumb -g -O"
 3031      20726576 
 3031      6973696F 
 3031      6E203233 
 3031      37373135 
 3032 0083 67202D66 		.ascii	"g -ffunction-sections -ffat-lto-objects\000"
 3032      66756E63 
 3032      74696F6E 
 3032      2D736563 
 3032      74696F6E 
 3033              	.LASF25:
 3034 00ab 64617461 		.ascii	"data_table\000"
 3034      5F746162 
ARM GAS  C:\Users\Lenovo\AppData\Local\Temp\ccboA4lz.s 			page 69


 3034      6C6500
 3035              	.LASF9:
 3036 00b6 6C6F6E67 		.ascii	"long long unsigned int\000"
 3036      206C6F6E 
 3036      6720756E 
 3036      7369676E 
 3036      65642069 
 3037              	.LASF24:
 3038 00cd 61646472 		.ascii	"addr_table\000"
 3038      5F746162 
 3038      6C6500
 3039              	.LASF39:
 3040 00d8 63795F63 		.ascii	"cy_cfg_data_table\000"
 3040      66675F64 
 3040      6174615F 
 3040      7461626C 
 3040      6500
 3041              	.LASF61:
 3042 00ea 47656E65 		.ascii	"Generated_Source\\PSoC4\\cyfitter_cfg.c\000"
 3042      72617465 
 3042      645F536F 
 3042      75726365 
 3042      5C50536F 
 3043              	.LASF35:
 3044 0110 416E616C 		.ascii	"AnalogSetDefault\000"
 3044      6F675365 
 3044      74446566 
 3044      61756C74 
 3044      00
 3045              	.LASF1:
 3046 0121 6C6F6E67 		.ascii	"long long int\000"
 3046      206C6F6E 
 3046      6720696E 
 3046      7400
 3047              	.LASF3:
 3048 012f 7369676E 		.ascii	"signed char\000"
 3048      65642063 
 3048      68617200 
 3049              	.LASF38:
 3050 013b 63795F63 		.ascii	"cy_cfg_addr_table\000"
 3050      66675F61 
 3050      6464725F 
 3050      7461626C 
 3050      6500
 3051              	.LASF28:
 3052 014d 6366675F 		.ascii	"cfg_write_bytes32\000"
 3052      77726974 
 3052      655F6279 
 3052      74657333 
 3052      3200
 3053              	.LASF32:
 3054 015f 436C6F63 		.ascii	"ClockSetup\000"
 3054      6B536574 
 3054      757000
 3055              	.LASF7:
 3056 016a 6C6F6E67 		.ascii	"long int\000"
 3056      20696E74 
ARM GAS  C:\Users\Lenovo\AppData\Local\Temp\ccboA4lz.s 			page 70


 3056      00
 3057              	.LASF19:
 3058 0173 72656731 		.ascii	"reg16\000"
 3058      3600
 3059              	.LASF51:
 3060 0179 6D656D63 		.ascii	"memcpy\000"
 3060      707900
 3061              	.LASF13:
 3062 0180 75696E74 		.ascii	"uint8\000"
 3062      3800
 3063              	.LASF57:
 3064 0186 43794465 		.ascii	"CyDelayUs\000"
 3064      6C617955 
 3064      7300
 3065              	.LASF17:
 3066 0190 646F7562 		.ascii	"double\000"
 3066      6C6500
 3067              	.LASF29:
 3068 0197 43594D45 		.ascii	"CYMEMZERO\000"
 3068      4D5A4552 
 3068      4F00
 3069              	.LASF15:
 3070 01a1 75696E74 		.ascii	"uint32\000"
 3070      333200
 3071              	.LASF34:
 3072 01a8 72656756 		.ascii	"regValue\000"
 3072      616C7565 
 3072      00
 3073              	.LASF22:
 3074 01b1 76616C75 		.ascii	"value\000"
 3074      6500
 3075              	.LASF0:
 3076 01b7 756E7369 		.ascii	"unsigned int\000"
 3076      676E6564 
 3076      20696E74 
 3076      00
 3077              	.LASF49:
 3078 01c4 6E756D42 		.ascii	"numBytes\000"
 3078      79746573 
 3078      00
 3079              	.LASF8:
 3080 01cd 6C6F6E67 		.ascii	"long unsigned int\000"
 3080      20756E73 
 3080      69676E65 
 3080      6420696E 
 3080      7400
 3081              	.LASF43:
 3082 01df 6366675F 		.ascii	"cfg_memcpy_t\000"
 3082      6D656D63 
 3082      70795F74 
 3082      00
 3083              	.LASF41:
 3084 01ec 73697A65 		.ascii	"size\000"
 3084      00
 3085              	.LASF6:
 3086 01f1 73686F72 		.ascii	"short unsigned int\000"
 3086      7420756E 
ARM GAS  C:\Users\Lenovo\AppData\Local\Temp\ccboA4lz.s 			page 71


 3086      7369676E 
 3086      65642069 
 3086      6E7400
 3087              	.LASF58:
 3088 0204 4379496E 		.ascii	"CyIntSetVector\000"
 3088      74536574 
 3088      56656374 
 3088      6F7200
 3089              	.LASF55:
 3090 0213 43795379 		.ascii	"CySysClkWriteImoFreq\000"
 3090      73436C6B 
 3090      57726974 
 3090      65496D6F 
 3090      46726571 
 3091              	.LASF20:
 3092 0228 72656733 		.ascii	"reg32\000"
 3092      3200
 3093              	.LASF30:
 3094 022e 4359434F 		.ascii	"CYCONFIGCPYCODE\000"
 3094      4E464947 
 3094      43505943 
 3094      4F444500 
 3095              	.LASF10:
 3096 023e 73697A65 		.ascii	"sizetype\000"
 3096      74797065 
 3096      00
 3097              	.LASF2:
 3098 0247 6C6F6E67 		.ascii	"long double\000"
 3098      20646F75 
 3098      626C6500 
 3099              	.LASF40:
 3100 0253 61646472 		.ascii	"address\000"
 3100      65737300 
 3101              	.LASF62:
 3102 025b 443A5C55 		.ascii	"D:\\UCU\\POC\\PSoC_Projects_Embedded\\PSoC_LAB4\\la"
 3102      43555C50 
 3102      4F435C50 
 3102      536F435F 
 3102      50726F6A 
 3103 0289 62362D70 		.ascii	"b6-psoc-3-shevchuk-lykhanskyi\\Lab_4_1_BLE_Automati"
 3103      736F632D 
 3103      332D7368 
 3103      65766368 
 3103      756B2D6C 
 3104 02bb 6F6E5F49 		.ascii	"on_IO.cydsn\000"
 3104      4F2E6379 
 3104      64736E00 
 3105              	.LASF42:
 3106 02c7 6366675F 		.ascii	"cfg_memset_t\000"
 3106      6D656D73 
 3106      65745F74 
 3106      00
 3107              	.LASF44:
 3108 02d4 6366675F 		.ascii	"cfg_memset_list\000"
 3108      6D656D73 
 3108      65745F6C 
 3108      69737400 
ARM GAS  C:\Users\Lenovo\AppData\Local\Temp\ccboA4lz.s 			page 72


 3109              	.LASF31:
 3110 02e4 64657374 		.ascii	"dest\000"
 3110      00
 3111              	.LASF16:
 3112 02e9 666C6F61 		.ascii	"float\000"
 3112      7400
 3113              	.LASF45:
 3114 02ef 42535F55 		.ascii	"BS_UDB_0_1_0_CONFIG_VAL\000"
 3114      44425F30 
 3114      5F315F30 
 3114      5F434F4E 
 3114      4649475F 
 3115              	.LASF53:
 3116 0307 43794465 		.ascii	"CyDelayCycles\000"
 3116      6C617943 
 3116      79636C65 
 3116      7300
 3117              	.LASF47:
 3118 0315 64657374 		.ascii	"destPtr\000"
 3118      50747200 
 3119              	.LASF18:
 3120 031d 72656738 		.ascii	"reg8\000"
 3120      00
 3121              	.LASF4:
 3122 0322 756E7369 		.ascii	"unsigned char\000"
 3122      676E6564 
 3122      20636861 
 3122      7200
 3123              	.LASF5:
 3124 0330 73686F72 		.ascii	"short int\000"
 3124      7420696E 
 3124      7400
 3125              	.LASF59:
 3126 033a 4379496E 		.ascii	"CyIntEnable\000"
 3126      74456E61 
 3126      626C6500 
 3127              	.LASF56:
 3128 0346 43795379 		.ascii	"CySysClkEcoStart\000"
 3128      73436C6B 
 3128      45636F53 
 3128      74617274 
 3128      00
 3129              	.LASF23:
 3130 0357 63795F63 		.ascii	"cy_cfg_addrvalue_t\000"
 3130      66675F61 
 3130      64647276 
 3130      616C7565 
 3130      5F7400
 3131              	.LASF54:
 3132 036a 43795379 		.ascii	"CySysClkWcoSetPowerMode\000"
 3132      73436C6B 
 3132      57636F53 
 3132      6574506F 
 3132      7765724D 
 3133              	.LASF11:
 3134 0382 63686172 		.ascii	"char\000"
 3134      00
ARM GAS  C:\Users\Lenovo\AppData\Local\Temp\ccboA4lz.s 			page 73


 3135              	.LASF48:
 3136 0387 73726350 		.ascii	"srcPtr\000"
 3136      747200
 3137              	.LASF36:
 3138 038e 53657441 		.ascii	"SetAnalogRoutingPumps\000"
 3138      6E616C6F 
 3138      67526F75 
 3138      74696E67 
 3138      50756D70 
 3139              	.LASF21:
 3140 03a4 6F666673 		.ascii	"offset\000"
 3140      657400
 3141              	.LASF33:
 3142 03ab 656E6162 		.ascii	"enabled\000"
 3142      6C656400 
 3143              	.LASF52:
 3144 03b3 43795379 		.ascii	"CySysClkWcoStart\000"
 3144      73436C6B 
 3144      57636F53 
 3144      74617274 
 3144      00
 3145              	.LASF50:
 3146 03c4 6D656D73 		.ascii	"memset\000"
 3146      657400
 3147              	.LASF46:
 3148 03cb 6366675F 		.ascii	"cfg_memcpy_list\000"
 3148      6D656D63 
 3148      70795F6C 
 3148      69737400 
 3149              	.LASF37:
 3150 03db 63796669 		.ascii	"cyfitter_cfg\000"
 3150      74746572 
 3150      5F636667 
 3150      00
 3151              		.ident	"GCC: (GNU Tools for ARM Embedded Processors) 5.4.1 20160609 (release) [ARM/embedded-5-bran
