:4000000000800020110000007D1600007D16000010B501F055FBC04670B512223D4B1A6003F02CFD3C4803F05BFF012003F046FD302003F0D5FB394A394B1A60394D802381
:40004000DB052B60384A116802230B431360374A374B1A600022374B1A60374A136808218B431360FA20C00003F06CFC334803F0ADFB334A334B1A60334B344A1A60A0213C
:40008000C900334A1160334A1A60A0214901324A1160324A1A60FE22120231490A603149196031490A60314A1A60C8214901304A1160304A1A60822212062F4B1A6080245A
:4000C00024032E4B1C6045222D4B1A60033A2D4B1A6001322C4B1A60033A2C4B1A6001322B4B1A6003322B4B1A602B49082003F01DFB082003F00EFB284B2B60284B1C600A
:40010000274B1B681B03FBD480225202244B1A6070BDC04630001040001BB7000600008004010B400C020B4078002E402D3E00007C002E4064F02E406CF02E40DC050000A2
:4001400000BF0300140301400000014045FF00800803014042FF00800C03014043FF00800003014040FF00800403014041FF00801003014044FF008008010B4000010B407F
:40018000380101403001014018010140140101401001014004010140293C00000000014710020B4070B572B60022524B1A600132514B1A7000240FE0504862001319590090
:4001C0000B00411889881A5AC31858880004104301F01CFA0134E4B2012CEDD9002411E0464EA2001319590071188D89C889000428430A8A498A09041143802201F00CFAAF
:400200000134E4B2002CEBD03C4918313C48443001F0E2F9A02212013A4B1A8001213A4B19708022D202394B1A60394A394B1A60394A3A4B1A60C0229205394B1A609923AC
:400240001B04384A1360A220C005374A1060374A1360D020C003364A1060364A1360364A1360A8221204354B1A608022D205344B1A600623334A1360334A1360334803782A
:400280003C22934314221343DBB20370304A107816230343DBB2137020232E4A13602E482E4A106029202E4A10602E482E4A10602E4A1360BC222E4B1A608022D2032D4B27
:4002C0001A60C02212022C4B1A603E222B4B1A6043322B4B1A602B4A2B4B1A60FC222B4B1A602B4B19602B4B1960FFF795FE01F0A7F970BD6CF02E401C700F40C4D4010012
:40030000C4D6010000600F4002600F4014000B40000030EE0000024003309900000102400003024000500F4008500F4010500F4018500F4020500F4030500F4034500F40A2
:4003400038500F402000104000800F4001700F4000700F4000000440B60DDB000800044000010440061C0300080104401801044000020440080204400C0204401802044062
:40038000000304404802D800080304400C030440180304401804044010B5064C2378002B07D1054B002B02D0044800E000BF0123237010BD701800200000000044C5010050
:4003C000084B10B5002B03D00749084800E000BF07480368002B00D110BD064B002BFBD09847F9E7000000007418002044C50100380F00200000000030B585B00C002D2887
:4004000000D131E12CD8232800D143E112D8042800D198E006D802286BD000D98FE001285DD06FE2212800D101E100D90DE105285BD067E2272800D1AFE005D8252800D1F6
:4004400046E100D82FE182E0292800D166E100D2E4E02A2800D1C8E02C2800D11FE151E2542800D1A7E116D8422800D194E108D8402800D157E100D983E1332800D1FBE0E1
:4004800040E24C2800D18EE14E2800D18FE1432800D037E2A4E1FA2800D115E109D8702800D1A7E1712800D1AEE0572800D029E285E10623FF33984200D189E104D8013BDB
:4004C000984200D180E11DE283235B00984200D182E1E0231B02984200D117E212E2C74805F0D0F900F072FF10E2C54805F0CAF90CE2C44805F036F9217802290CD002D8AD
:40050000012905D014E003290AD004290CD00FE0BD4805F027F90EE0BC4805F023F90AE0BB4805F01FF906E0BA4805F01BF902E0B94805F017F9B94805F0A4F9E6E1B84880
:4005400005F0A0F9E2E1B74805F09CF9DEE1B64805F098F9B54B1B78042B00D0D6E1B44805F090F9012001F0C9F9012001F0BAF902F03EFF02F088FF02F06AFF01F02AF9EB
:40058000AC4B1B6880221202134000D001231B18002BF3D103F00EFAB8E1488804F0F6F804F0ACFB0022A44B04F02EF902000B00A24805F0D7F8A24B1B781B070ED0A14B6E
:4005C00018789F4912F095FC9F4B1880002808D09E4805F0C7F800F08FFF02E005229C4B1A70012001F08AF990E1488804F0CEF804F084FB0022904B04F006F902000B00DC
:400600008E4805F0AFF881E10B88002B01D1914900E09149914805F0A5F877E1904805F031F9904805F02EF900F0D0FE6EE18E4D0522280004F00FFC29786A78AB78E878D8
:4006400000908A4805F08EF860E1894805F01AF901227F4B1A700023864A13608649874A1160874A137051E10968864805F07AF80322774B1A7049E17B4D0522280004F0C3
:40068000EAFB29786A78AB78E87800907E4805F069F83BE109687D4805F064F836E17C4805F0F0F832E1704D0522280004F0D3FB29786A78AB78E8780090764805F052F8D4
:4006C0000422634B1A7021E1734805F0DBF81DE1724805F047F8217806290CD002D8042905D014E008290AD015290CD00FE06C4805F0C8F80EE06B4805F0C4F80AE06A484C
:4007000005F0C0F806E0694805F0BCF802E0684805F028F805224E4B1A70F7E00978654805F020F8F2E0644805F01CF8A178082907D0102909D004290BD1604805F012F85F
:400740000AE05F4805F00EF806E05E4805F00AF802E0314805F006F8A1885B4805F002F85A4804F0FFFFA1790A2903D1584804F0F9FF02E0284804F0F5FF284805F082F807
:40078000C4E0544D0222280004F065FB69782A78514804F0E7FFB9E000224E4B5A704F4805F070F8B2E04E4805F06CF8AEE04D4805F068F8AAE04C4805F064F8A6E049888D
:4007C0004A4804F0CFFFA1E0494805F05BF89DE0484805F057F899E0474805F053F895E00E246C44200013F083FC2188434804F0B9FF8BE0424805F045F887E070C5010015
:4008000080C5010098C50100ACC50100C4C50100D8C50100ECC5010000C6010098C7010004C601001CC6010030C601000A2B00205CC60100080224400000F43F6CC60100B0
:4008400028130020102B0020E02A0020A4C601008C18002058C5010064C50100C4C60100F0C6010014C70100E82A00202CC701006CC70100DC2A0020A0860100E42A00202E
:40088000ED2A00209CC70100F4C7010050C8010084C80100ACC80100F0C8010010C9010030C901004CC9010070C9010084C901009CC90100A8C90100C0C90100E0C90100CF
:4008C000F0C9010004CA010018CA01002CCA010038CA0100D82A00204CCA01007CCA010098CA0100B4CA0100D4CA0100F8CA01003CCB010060CB010088CB0100A4CB0100D6
:40090000D8CB01000100024804F02CFF05B030BDFCCB010010B5002003F08CFA80B2024B588001221A7110BD8C18002010B56422034B5A7102F05CFD02F04EFE10BDC0468B
:400940008C18002010B5104CA3795B000F4A985A02F0CCFDA379013303221340A3710C4B1B78032B0FD1084AD3790133DBB2D371642B08D900F0CEFFC043C0B200F0BEFF4F
:400980000022014BDA7110BD8C1800203C0F00200A2B002010B502F00FFE074B1B7A002B03D008239843C0B202E008231843C0B202F0F6FD10BDC0468C18002000B585B0CC
:4009C0000E236B441880134B1B78022B1FD1124B1B7A012B1BD1114A0D336B440093137850780002184302230222012101F0E6FA0B4B1880002806D10E236B4419880948DF
:400A000004F0B0FE03E00100074804F0ABFE05B000BDC0460A2B00208C180020102B0020E02A002014CC010030CC0100F0B5474680B4050000241AE0164F63009846DE5BE8
:400A4000FF239E434346DE530A21280003F0AEFD89B2114B5B5C1E434346DE530A21280003F01EFD85B2002D03D00134E4B2032CE2D90134E3B207E006495800445AFF22FB
:400A8000224342520133DBB2032BF5D904BC9046F0BDC0463C0F002048C5010010B582B0264B1B79002B47D0244B00221A715B889BB26A46D3800A3B9BB2214A934204D982
:400AC000204804F04FFE012400E000246B46D8881D4A1389C31AD9175B184B401B041B0C5289934213DB184B1881FFF79FFF6B46063302220221012001F044FD134B188057
:400B0000002804D16B46D988114804F02BFE002C0BD00A4B5B7A002B07D10122074B5A726B46D888FFF74AFF04E0002C02D10022024B5A72FFF72EFF02B010BD8C180020E7
:400B4000F507000054CC01003C0F0020E02A00206CCC010030B583B000226B46DA8001F0B3FF002853D101F06FFD002001F0B6FE284B98423FD0002001F0B0FE80B26B4636
:400B8000D880254B9B89984241D0234B9881FFF74DFF6B46D9880A00204804F0E3FD002411E0A5B26B46D888052103F079FC80B2854203D2232004F0EFFD02E02D2004F01E
:400BC000EBFD0134E4B2132CEBD90D2004F0E4FD0A2004F0E1FD6B46063302220021012001F0D0FC0E4B1880002810D001000D4804F0B8FD0BE0084B9A89064B9A4206D0D8
:400C000001225242044B9A81074804F03BFE03B030BDC046FFFF00003C0F002078CC0100E02A002088CC010098C7010010B582B06B46063300221A8002320121012001F0DF
:400C400083F90F4B1880002804D001000D4804F089FD12E00C4B5B896A46D08883420CD0C043C0B202F0D8FC6B469C1DD988074804F078FD2288044B5A8102B010BDC0464D
:400C8000E02A0020BCCC01008C180020F0CC010030B583B000226B46DA7100243DE06B46073301222100002001F04EF91D4B1880002804D001001C4804F054FD2BE01B4BEB
:400CC0001B191A7C6B4607331B789A4223D0174A12191374DB070FD402F06EFC144B1B191B7B1843C0B26B46D87102F059FC611C104804F037FD0EE002F05EFC0C4B1B19B0
:400D00001B7B9843C0B26B46D87102F049FC611C094804F027FD0134E4B2032CBFD903B030BDC046E02A0020BCCC01003C0F002048C5010018CD010028CD010030B583B061
:400D40003C4B5B79002B02D0013B3A4A5371394B5B79012B6BD102F043FBC40002F034FC2043C0B2334B1B78032B5AD1324B18755AE0314B1B7D43401400012191400B4055
:400D8000994202D00132D2B24CE02B4B18751041284B0121084058710432D5B2053301222900002001F0EEFB244B1880002804D00100234804F0D6FC0CE01E4B5B79002BE5
:400DC00004D1611C1F4804F0CDFC03E0611C1E4804F0C8FC1D4B1B78022B25D1611C1C4804F0C0FC134C61791A4804F0BBFC1A4A05340094137850780002184301232A00DB
:400E0000002101F0DBF80D4B1880002805D0134804F0A8FC00F070FB06E0114804F032FD02E00022022AA4D90022024B5A7103B030BDC0468C1800203C0F0020E02A00204A
:400E400088CC010038CD010068CD01000A2B002098CD0100C0CD0100102B0020D0CD0100ECCD010070B5494B1B78012B4ED0032B00D08AE000F020FDC0B2454B1870002828
:400E800003D1424B1B7B002B7FD0002808D13F4B1B7B002B04D03E4A137000223B4B1A733B4B1B78792B15D13A4804F0EBFC3A4B18780122002112F005F8384B18800028C6
:400EC00004D0374804F04EFC00F016FB02222F4B1A705AE06E2B15D1324804F0D3FC2E4B18780022002111F0EDFF2C4B1880002804D02B4804F036FC00F0FEFA0222234BEB
:400F00001A7042E0284804F0BDFC3EE000F0D4FCC4B21F4B1C70002C37D02300303BDBB2092B15D82300303B204D28684343204A11688C46634413600A2103F0B1FA2860FE
:400F40001C4A137801331370200000F035FC02E0194804F097FC174B1B78062B15D1174804F090FC124B19680B4B1878012211F0A9FF0A4B1880002804D0114804F0F2FB20
:400F800000F0BAFA0222014B1A7070BD8C180020E22A002010CE0100102B0020E02A00202CCE010054CE010070CE0100E42A0020DC2A0020ED2A002098CE010098C7010063
:400FC000B0CE010000B583B06B46063300221A8002320321012000F0B7FF0A4B188000280ED16B46D888084BDB8A984208D0064BD882FFF71BFD6B46D988044804F0B2FB9E
:4010000003B000BDE02A00203C0F0020D8CE010010B562B6012000F065FC012000F06EFC00F0ACFB02F0ACFA02F01AFB2A4804F029FC2A4800F094FC294B1880002804D07F
:40104000284804F08FFB00F057FA00F059F800F0FDF901F0E1FA01F06FFD234802F006FA02F0CEFE02F034FF02F0DAFE1F4802F021FF1F49022002F0ADFD022002F0BAFD7D
:40108000FFF70CFD01F058FDFFF7D0FDFFF700FEFFF760FD07F03EFFFFF750FEFFF7E2FEFFF790FF134B1B78002BE9D000F092FB114B1B6880221202134000D001231B18AD
:4010C000002BDDD1002000F0A5FC0100044B18800A4804F047FBD3E7E8CE0100F9030000E02A002014CF01002D0900001509000045090000F02A0020080224402CCF010035
:4011000010B5024800F01AFF10BDC046AD11000010B5012808D0002802D0022808D00AE0054804F01FFB06E0044804F01BFB02E0034804F017FB10BD88CF010090CF01000B
:4011400098CF010010B506281ED880000F4B1B589F460F4804F006FB16E00E4804F002FB12E00D4804F0FEFA0EE00C4804F0FAFA0AE00B4804F0F6FA06E00A4804F0F2FACD
:4011800002E0094804F0EEFA10BDC04650CF0100A4CF0100ACCF0100C8CF0100E4CF010000D0010018D0010030D0010070B50C000300143BFF3B062B00D9CDE09B00694A74
:4011C000D3589F46684804F0CDFAA078FFF7A0FFE178664804F0C6FA654804F053FBBFE0644804F0BFFAA078FFF792FFE1785F4804F0B8FA604804F045FBB1E05F4804F0D8
:40120000B1FAA078FFF784FFE178584804F0AAFA5B4804F037FBA3E05A4804F0A3FAA078FFF776FFE178514804F09CFA564804F029FB95E0554804F095FAA078FFF768FFA3
:40124000E1784A4804F08EFA514804F01BFB87E0504804F087FAA078FFF75AFFE1784E4804F080FA63689A88012A02D11B681D7803E0186800F096FC050063689A88012A27
:4012800002D11B681A7803E0186800F08BFC020063689B882900414804F064FA60E0404804F060FAA078FFF733FFE1783D4804F059FA3D4804F056FA2079FFF743FF3B48E0
:4012C00004F050FAA3689A88022A18D8012A02D11B681D7803E0186800F064FC0500A3689A88012A02D11B681A7803E0186800F059FC020029002E4804F034FA26E02D4873
:4013000004F030FA002506E01368595D2A4804F029FA0135EDB2ABB2A26891888B42F3D3264804F01FFA002508E01368585D1F2800D82A2004F030FA0135EDB2ABB2A26867
:4013400091888B42F1D31E4804F00CFAA36899881C4804F007FA03E001001B4804F002FA70BDC0466CCF010034D001005CD001007CD0010098D00100C0D00100DCD0010012
:4013800004D1010020D1010048D1010064D101008CD10100A8D10100D0D10100E8D101000CD2010038D2010050D2010060D2010064D201007CD2010088D2010090D201005D
:4013C00094D2010098D20100A4D2010010B582B0002000F0A1FB114B1880002805D0104804F0C0F900F088F816E00E4804F0BAF9684607F07DFD062306E05C1E6B46195DD9
:40140000094804F0AFF9A3B2002BF6D1074804F039FA002000F072FA02B010BDE02A0020C4D20100E4D2010004D3010098C7010070B51600002405E04D1C087800F0BCF985
:4014400001342900B442F7DB300070BD00B585B002A807F051FD0A4B1880002804D00100084804F07FF908E002A8018842888388C0880090044804F075F905B000BDC0467C
:40148000E02A002020D3010050D3010010B5114804F068F9104B1A78042A17D893000F4AD3589F460E4804F0EDF912E00D4804F0E9F90EE00C4804F0E5F90AE00B4804F0DF
:4014C000E1F906E00A4804F0DDF902E0094804F0D9F910BD70D401000A2B00200CD3010070D301007CD301008CD3010098D30100A8D30100B8D3010010B52A4C21882A4812
:4015000004F030F92388132B3FD008D8012B1ED0002B18D0022B1ED0072B20D03DE00222FF32934223D005D8282B32D0013A934219D032E08122520093421CD00422FF32C8
:4015400093421CD029E0194804F09CF928E0184804F098F924E0174804F094F920E0164804F090F91CE0154804F08CF918E0144804F088F914E0134804F084F910E0124866
:4015800004F0F0F8FFF782FF0AE0104804F07AF906E00F4804F076F902E00E4804F072F910BDC046E02A0020C4D30100D0D30100D4D30100E8D30100FCD3010010D40100A6
:4015C0002CD4010044D4010068D4010078D4010094D40100B0D40100F0B50025002711E0BB00C658F3B2FF22964308E06A008A181478A419527822700135013BDBB2002B3C
:40160000F4D10137082FEBD9F0BDC04610B50A00002103F029FC10BD10B503F01CFC10BD064B1B68002803D080221206134301E05B005B08014A13607047C04680033A4097
:4016400010B50323084A1360084A136080221206074B1A600122074B1A600022064B1A600120FFF7DDFF10BD300030403000314000003A4000033A40000E3F4010B503F056
:40168000AFFB03680C2B00D1FEE7FEE710B50300094A1068C318094A9A1A802109018A4202DC054A136005E003F09AFB0C2303600120404210BDC046540F0020902B0020E4
:4016C00070B50F4E0F4D13E029686B68AC68002202E001C901C30432A242FAD1E868002202E0002102C304328242FAD11035013E002EE9D103F07AFBFFF78AFCFEE7C046F0
:401700000100000010E2010010B50E4A136801218B43136000230AE0032B03D89A000A49505800E009489900094A885001332F2BF2D9FEF737FD034A116801230B431360ED
:4017400010BDC04600001040000000007D1600000000002010B500F099F810BD10B500F041F810BD10B5044A1368802109060B431360FFF7EFFF10BD0000244010B5064B9B
:401780001B78002B04D1FFF7E9FF0122024B1A70FFF7E8FF10BDC0469A180020014B18687047C04640032440024B1B681F2018407047C04608032440044B1B681F22134013
:4017C000082BF9D0024B18607047C0460802244040022440024B1B681F2018407047C04608022440154A164B1A600023154A13601549164A1160164A16490A6007201649B8
:40180000086016490B6006381549086015490A60154A13600421154A1160154A1360154A1360154A1360154A1360154A1360154A13601268144B1A807047C0460F000002B6
:40184000000024404000244001000A00480024400700008000032440040324401003244044002440000224400402244050002440880E2440C80E2440480F2440080F244043
:40188000C80F2440880F24409C180020064A1168064B0B40902109040B431360044B1A88044B1A607047C04600010240FFFF0FFF9C180020880F244010B5FFF775FF00284E
:4018C00002D0FFF76BFF00E00020054B1A68D8239B001A4203D01A00014B1A60002010BDC00F244004490A687F231A40C301D8B2104308607047C0460003044004490A6898
:40190000D2B240239A438001184010430860704700030440024B186880090123184070470403044010B500F0EDFC10BD10B50024064B1C70064B1C70064B1C70FFF7F2FFAB
:40194000054B1C70054B1C7010BDC046132B00200C2B0020122B0020F02A0020F82A002010B590B00400142220490BA803F073FA20231F4AD35C002B05D1FFF7D7FF0121C9
:4019800020231B4AD154002C2CD01A4B1C6008A805AA426006AB08930421018117311980598004211971082313701621694407F08DFB002817D1104B0293104B01930523CC
:4019C00000930BAB0E4A0F490F4807F0D5FA002809D101220D4B1A70153256210C4814F0FFF900E0012010B010BDC046ACD70100A0180020F42A00207902000000EB010027
:401A00003C0E0000C0000020A11C00000A2B0020C0D7010010B592B00400394B1B78DB070BD50EF0B1FD00280AD1354A137801218B4313709B0702D402E0002000E0282020
:401A4000002801D0002C1DD02D4B1B789B0719D52C4B1B78042B15D8DA00D31A59009E239B009C466144284BC918013123000E2226480EF06FFD002804D1214A13780221C9
:401A80008B431370002801D0002C37D01C4B1B780C221A4232D01B0712D53A320021684603F0E2F923004622194968460EF052FD002823D1124A137808218B4313701DE0AF
:401AC0000E220021684603F0CFF92123114AD25CD3009B1A59009E239B009C4661440A4BC918013123000E2268460EF033FD002804D1034A137804218B43137012B010BD2A
:401B0000F02A0020102B002000EB0100FC2A002079ED0100A018002010B502282FD81C4B1B78042B2DD11B4B1B785B072CD4002809D1194BB4221A86943A596A0A805B6A6B
:401B400010325A800CE001280AD1134B96221A86C822D200596A0A805B6A8022D2015A800E4B18700C48203011F01EFD00280DD1084A117804230B43DBB2137006E0012078
:401B800004E00420FF3001E00420FF3010BDC0460A2B0020132B0020580F0020122B00207047C04603784078000218437047C04670B5050083890D2B1FD1043033332A0024
:401BC000002114F05FF9041E11D16868FFF7EAFF830706D50A4B1B68290082204000984705E0074B1B6829000620FF309847054A137801218B43137000E00024200070BDD9
:401C0000F42A0020132B0020024B00225A701A707047C046102B002010B582B00400FFF7C7FF0F4B1B78DB0704D5002802D1200000F06CFB0A4B1B78DB070ED4002809D0AF
:401C400001A912238B70A3890B80C870206812F021FE02E0206812F09FFE02B010BDC046132B002010B5002805D0034B1B78DB0701D500F0EFF910BD132B00208379002B81
:401C800007D000200BE0C25C002A07D10133DBB200E00023052BF6D9002000E001207047F0B583B004000D00944A117801230B43DBB21370282800D1ACE014D8212800D102
:401CC0007FE007D8052863D0062865D0012800D003E120E0262800D1A0E000D996E0242800D18FE0F9E04C2800D1E1E009D8422800D1D2E0432800D1D2E0412800D0ECE0EC
:401D0000B4E0542800D1DFE0FA2800D1E0E04E2800D0E2E0D0E001AE0727377000237370300009F049F9377001237370300009F043F9734B1E683000FFF7A0FF00280CD083
:401D4000300007F0EBF86E4E00213068FFF728FF30680121FFF724FF0BE06A4E300007F0DDF800213000FFF71BFF01213000FFF717FF012011F0AAFA0222634901A803F064
:401D80006AF801A811F0C0FA0422604B1A70A4E02A785F4B1A70A0E02B78002B00D09CE06B78002B07D15B4B0222DA8016329A80594A1A606B60514A137801218B43137021
:401DC0008BE04E4B1B789B0600D586E0534B1B78102B02D10522514BDA70514B18784F4911F0A0FB01AB1880002804D04D4B1B6801A936209847414A117801230B43DBB277
:401E000013706AE06A78484B1A7066E002223F4B1A7062E004223D4B1A705EE03B4B1B78022B5AD0354A1278D20756D5334A1278520708D50322354B1A70304A137804218D
:401E40008B43137049E02D4A1278120708D504222E4B1A70294A137808218B4313703CE0032B3AD10422294B1A7036E02C4E02222900300002F0EFFF0022254B1A70327824
:401E8000D3009A1A53002949C918294B9C4661440E22284802F0DFFF1FE0FFF7B5FE1CE06988162900D91721288812F0FDFC14E02800FFF7B1FE10E0104B1B78DB070CD598
:401EC000280000F023FA08E02800FFF7CBFE04E0194A117801230B431370084B1A7811231A4209D0054A137801218B4313700D4B1B6829002000984703B0F0BD132B0020BD
:401F00008C0F0020900F002080DE01000A2B00200C2B0020C4180020FC0E002028130020102B0020F42A0020F82A002000EB010079020000FC2A0020F02A0020014B186015
:401F40007047C046CC18002030B585B0022825D8174C245C8C4223D98000164C20184468002C1FD009016418218800291CD001A8018195B2858001930022002113F048FFF5
:401F8000002809D12388013B9A00D3189A000A4B9A1813691D8008E0012006E0012004E0012002E0132000E0132005B030BDC0463013002090DE0100C0D7010030B587B08E
:401FC00001AC20801C0002292CD81D4B5B5C93422AD91C4B1B78022B28D189001A4B59184D681201AD186B88013B9A00D3189A00164B9A1813695868FFF7D4FD830718D56B
:402000002B88002B18D003A90B810A9B03938C80019812F07DFC00280FD103AB1A890C4B9A800AE0012008E0012006E00420FF3003E00220FF3000E0132007B030BDC0463F
:40204000301300200A2B002090DE0100C0D70100CC180020F0B585B00500204B1B68002B39D01E4B9B88002B2FD134E09B001C4AD3185A682301D25A184B9B889A4216D18A
:4020800001AF02222900380002F0E5FEBE70FC7000227A6013490B78012083430B700F4B9A801B6839001820FF30984701210134E4B200E0002433000B4A925D944201D2B8
:4020C0000029D3D00136F6B201E000210026022E01D80029EED005B0F0BDC046CC18002090DE0100132B002030130020F0B55F4656464D464446F0B491B0002304E0002171
:4021000006AAD1540133DBB2132BF8D9002304E000210BAAD1540133DBB2062BF8D9764B9B88002B00D0C5E00020DEE0AB00734AD3185A68002A12D02301D3181A88002AD7
:402140000FD09B88002B0ED00DA80381072383800BAB0D930022002113F05AFE04E0012002E0012000E0012000280CD10BAA93791B02527913439E4205D99A4503D2A2B227
:4021800093461E0000930134E4B201E05C4E0024594B5B5D9C4201D20028C7D04346002B53D15B461B01544C1434E418E3890DA803810123838004AB07330D93002200213E
:4021C00013F026FE00285BD123880DA8038104AB07331B789B08013383804C464B46013306AA944663440D930022002113F010FE002814D044E0039BCE18751C06AB5A5D01
:402200000198824092469A5D544614439C550826361A5A5D32415A550131C9B202E000210290039404ABDD79AB0801339942E2D30298019B5B08EB189A084A44D2B29146BF
:40224000032213405B0001931AE04346012B17D1AD002A4B5D196A685B461B01D35A0DA803810223838006AB4B440D930022002113F0CEFD002803D14B460233DBB299468C
:402280000137FFB2009B9A4604E000239B469A46B8461F004546184B5B5D9F4202D2002800D173E747464B460133DBB299467B1CDFB206E000239946114A00920027002025
:4022C0000193012F01D80028DFD000280DD10A4B9B880DA803814B46013B838006AB0D9300230022002113F0CDFD11B03CBC90469946A246AB46F0BD3013002090DE010099
:40230000FFFF000010B5FFF7F1FE10BDF0B55F4656464D464446F0B487B082468689924B1B68002B00D0FDE00024002707E1C8464B469B008D4AD3185B68002B00D0E5E089
:40234000EBE043469B00894AD31859682B01C9180B889E4204D1072203AB1A71012412E0072203AB1A71002309E05A008A185288964202D103AA137102240133DBB2062BE9
:4023800001D8022CF1D1002F6FD1022C6DD103AB1B79022B42D002D8002B05D065E0042B50D0052B54D060E00B88013B9A00D3189A006F4B9A185368DA0216D553465868C1
:4023C000FFF7F0FBC30703D51423FF339B4602E08A235B009B46674B1B78012B45D1664A117802230B4313703FE09B0236D553465868FFF7D7FB830703D51623FF339B46F9
:4024000002E08B235B009B465A4B1B78012B2CD1594A117802230B43137026E0CB88013B9900C9188A0052498A18918952461289914215D39900CB1899004D4B59180B69DD
:402440001A8012E053465B681B78062B0AD80CE053465B681B78022B06D806E0062704E00D2702E0802700E08027002F4BD1631EDBB2012B47D8534698894222514612F052
:4024800027FE071E39D1012C14D153461B886A4613806B464A469A70DD7000236A461372534604330193304B1B6869468C204000984712E0022C10D103A953461B880B80F7
:4024C0004B468B70CD7000234B71534604338B60254B1B681A20FF3098475346181D40235246002113F0CEFC07005B46002B04D01D4B1B6803A958469847204A13780121B5
:402500008B43137009E00135EDB200E000251C4B42469B5C9D4200D213E74B460133DBB2994604E000239B460024002799464B46022B04D8002C02D1002F00D1F7E6002F0E
:4025400005D00E4A137801218B43137004E0012C02D1FFF7CBFD0700380007B03CBC90469946A246AB46F0BDCC18002090DE0100C0D70100F82A0020F02A0020132B002080
:402580003013002010B584B002281CD8164C245C8C421AD98000154C20184068002816D00901415A002914D001A801818280019300230022002113F065FC002801D00124D4
:4025C00008E0002406E0012404E0012402E0132400E01324002C04D1FFF788FD002800D01334200004B010BD3013002090DE010010B5084B1B78002B06D100F053F900F084
:4026000089F90122034B1A7000F040F800F07EFB10BDC046D218002010B5FFF7E9FF041E02D100F007FB0400002C02D100F084FA040000F049FA0028FBD100F075F900F03B
:40264000C9F9200010BDC04670B50E4E0024002514E06B0902339B000B4AD3185B681F222A40D340DB0707D5300000F055F804003100280000F0EAF824360135002DE8D013
:40268000200070BDB0DE0100142B002030B500230BE01948191D890000220A509A1C920082180121494251600133002BF1D0134A01231CE05568137E0F48401800240475D9
:4026C000023BDBB2012B10D81369002B01D0E87918705468002306E0181D4000201801256D42C5800133002BF6D024320B00591E002BDFD130BDC046142B0020B0DE010056
:4027000030B50B884A889C1A0025CD800079844200DDCC8030BDC046F0B583B0070084684568037E01930026002300930BE0019A2100280000F064F9009021002800FFF778
:40274000DFFF0A340136FB8A9E42F0D3009803B0F0BDC046F0B5474680B482B084460F00CB8A8A684E6809698846002803D17088B179401802E07188B079081A002501214F
:4027800009E0D388984201D3002300E00B001D430A32490023005C1E002BF2D1002D0CD043461B78002B02D0013B4246137043461B78002B04D0654602E0F3794246137021
:4027C000002D31D07388B2799A1AFB8A98461900B86800F05BFD041E2FD03B7E022B2CD14246F96901A800F0BBFD0400BB8A9846002716E07B0001AAD05A3B1D5B00F3185C
:40280000D988114B994200D101004346DB0603D50023802200F0EAF83B1D5B00F318D8800137BC42E6D808E0002406E0231D5B00F31801225242DA800134002CF6D0280053
:4028400002B004BC9046F0BDFFFF000070B504000B7E134A1218157D023BDBB2012B04D82800FFF777FF050002E0002000F05CFF0B4B1B191D7563091F2214401E3AA2408B
:40288000002D06D1064904339B0058589043585005E0034904339B00585802435A5070BD142B002010B50A4C64220021200002F0DBFA084B23808C231B016380042323768D
:4028C00020001A301022044902F0C5FA10BDC046142B0020CCB9FFFFA0DE0100002811D1C20012189300094AD31828331B78023BDBB2012B08D8C30018188300D3185B695A
:40290000D88902E0024800E001487047A0DE0100FFFF00000023024A9380024A13607047142B0020DC18002001230BE0CA0052189300064AD318DB8A00E013005A1E002B36
:40294000FBD10B00591E002BF0D17047B0DE0100FF231940062902D08318002119715300195AC31859808218002313727047C04670B50D4DC3001C18A200AA1894688A003C
:4029800051184A00A41818188300EB181E7E012305E02A0031002000FFF7DAFF2B005D1E002BF6D170BDC046B0DE010070B50500C20012189300064AD318DB8A04E021005B
:4029C0002800FFF7D5FF23005C1E002BF7D170BDB0DE010010B5012303E02000FFF7E6FF23005C1E002BF8D110BDC0469840504380235B009A1A51434018000A7047C0469E
:402A0000F0B5474680B482B007000E00019201233EE06300985BF3185988884205D3431A321900251572012201E00B1A0022002A11D17D79AB420ED933191B7A3A7A934251
:402A400005D3220001993000FFF782FF1FE03219013313721BE03D79AB4204D97D79AB4215D2002A13D1FF23019A1340062B0ED00902331998461B79194308230122FFF73D
:402A8000B5FF020A6300F3185A804346187123005C1E002BBDD1002002B004BC9046F0BD054803680F2293431900044B1B7813400B4303607047C04600FF284062F2FF0F4D
:402AC00010B5FFF7EDFF10BD024B9B68802018407047C046142B002010B50F4B9B68DB030ED400280ED1430902339B000A4AD3185B681F220240D340DB0705D4012404E09D
:402B0000112402E0012400E00024002C01D100F0A1FA200010BDC046142B002010B5054B9B68DB0303D400F00FFA002000E0112010BDC046142B002010B50C4B9B681B0611
:402B400012D40024012040420BE02000FFF7C4FF002805D10022064B1A70FFF7DFFF04E00134002CF1D000E0112010BD142B0020E018002030B500200D4B16E019680A6874
:402B80001C69A2430A605C6822689D7E0721A9408A4311000622AA400A43226099680A685C69A2430A601C3301300428E6D930BDD4DE01007047C046074A084B1A60013862
:402BC0000002074B1860054B1B68002BFBDB054A024B1A607047C04640000040000001400003014040FF0080074A084B1A6001380002074B1860054B1B68002BFBDB054A58
:402C0000024B1A607047C04641000040000001400403014041FF008010B5031E01D1002000E00120002803D15521180000F0E4FA10BDC04670B50024002504E02000FFF7DA
:402C4000EBFF05430134002CF8D0280070BDC04670B5002516E0EB005B199A000B4BD658002406E0E3001B1B9800301800F0C0F90134EA0052199300044AD3189B7D9C42E9
:402C8000F0D30135002DE6D070BDC046B0DE0100C30018188300024AD3185B6858897047B0DE010010B50A4B1C7E0203121A01238B40013B63439A4205D30202101A834282
:402CC00003D9402002E0C02000E00020C0B210BD142B002010B50C00FFF7DAFF2188FFF7E1FF207310BDC04610B5002409E0E20012199300044AD31859682000FFF7EAFF48
:402D00000134002CF3D010BDB0DE010010B5FFF7D7FEFFF7E9FFFFF72DFF00F041F8002010BDC046054A13689B0A9B0213601368802189000B4313607047C0460800284055
:402D400070B50E001500038801249C40013CA3001B195800642101F0A3FB013083199C4200D22300B04201D8301A00E00020A84203D8AB4203D2062002E0062000E0002095
:402D800070BDC04610B5054AC02314689C43204310600800FFF728FF10BDC046F413002010B5FFF755FFFFF7BDFF07490B680F229343093A13430B60044B1B68044A134397
:402DC000044A136010BDC04600040240F41300202008E8810400284010B50930040001F088F8064A1368FF218B4305490978615C0B43136001F081F810BDC04608002840AF
:402E000060DF010010B5074B1B78DBB2DA00D3189A00054B9A1853685989187BFFF7B2FF10BDC046E2180020B0DE0100028801239340013B1B04014A53607047F4130020AF
:402E400070B501F056F804001E4B1B681E4A13431E4A13601E4B187EFFF7AEFE1D4A1E4B1A601D4B1B68002BFBDB1C4A1A4B1A601B4E3568272001F033F81A4B2B401A4AAC
:402E800013433360F0235B0000E0013B174A1268120701D4002BF8D1114B1D60094D144B2A681343094A1360102000F033FC6F2001F016F86A680F4B1A60200001F01DF8FD
:402EC00070BDC046F41300202008E88104002840142B0020410000400000014041FF00800800284000E8FFBFF0060040100028402018E8810C00284010B5044A044B916866
:402F00000B439360FFF79CFF10BDC046142B00208000010070B50400857E067E00F0E9FF23681B680F22B24093431A000423B3401343666832680721A9408A433260226891
:402F4000136000F0DAFF70BD70B5194E3378DBB2184DDA00D3189A00AA185068164C002323703378DBB2DA00D3189A00AA1891682378DBB29A00D3185A008A180F4B1A60FF
:402F8000FFF72AFF3378DBB2DA00D3189A0050592278D2B2D3009A1A9300C018084B1860FFF7B8FF074800F091FBFFF7A5FF70BDE2180020B0DE0100E1180020782B002013
:402FC0007C2B0020593F000010B5C30018188300054A9858CB00591A8B00C018034B1860FFF798FF10BDC046B0DE01007C2B002070B50400007EA57E21680B680F22824022
:4030000093430B6000F075FF61680B680722AA4093431A000623AB4013430B6000F06DFFA1680B68607E0122824093430B6070BD10B5064B1B78012B06D1054B1868FFF75C
:40304000D7FF0022014B1A7010BDC046E31800207C2B002070B50400104EC20012189300F3185D68FFF7E4FFE4B20D490C700B78DBB2DA00D3189A0092590A4B1A600A4A39
:403080007F23906898430300906009780B4393602800FFF7CBFEFFF7B5FE70BDB0DE0100E21800207C2B0020142B002070B5C20012189300134AD3185D68C9B2124C21703F
:4030C00099682378DBB29A00D3185A008A180F4B1A60FFF7BFFF2800FFF77EFE2378DBB20B49DA00D31A98000B689C4660440860FFF710FF0122074B1A70074800F0E6FAA5
:4031000070BDC046B0DE0100E1180020782B00207C2B0020E3180020013F0000F0B5474680B482B007000E0090462B490B78DBB2DA00D3189A00294B9A1853680193802351
:4031400033700878C0B2264B1978C9B2FFF7AEFF8025FFF7D1FE234A00E0013A224B1B7A5BB2002B01DA002AF7D1204B1B681C88BC4202D23378AB4333706D0833782B4373
:4031800033700198FFF728FE002DE2D1124B1B78DBB2DA00D3189A00104BD058104B1A78D2B2D3009A1A9300C018114B1860FFF71FFF00220F4B1A70220039000198FFF73D
:4031C000BFFD43461A7833789A4201D24246137002B004BC9046F0BDE2180020B0DE0100E1180020CCCC0000142B0020782B00207C2B0020E3180020F0B585B00600C4009C
:403200002418A2001D4B9A185568012303AA13702A889340013B59430800642101F040F90190F2B2164B1A70164800F04FFA2C0009340022144B1A7000270AE003AA210067
:403240000198FFF76BFF07430F4A13780133DBB21370F20092199300084AD3185A7E0A4B1B78DBB29A42E9D803AB1B786B720022054B1A70380005B0F0BDC046B0DE010043
:40328000E2180020013F0000E1180020F0B50024324B1C700400002600230BE0E588954206D9AE4204D22D4E3371012737702E000A3401338B42F1D3284B1B78002B45D142
:4032C00049E0264FBB181B799E00F61874000519ED88AC465600B61875007D1966466E81002B12D18D006D186C000A3C0419E6885500AD186C003C19268101339D00EB18A7
:403300005D004519EB88A3811EE04D1EAB420BD10A3C0419E5885400A41863000F4CE3181D81C4889C810FE00A3C0419E6885500AD186C00094D2C19268101339D00EB180D
:403340005D004519EB88A381013200E00022034B1B789A42B5D3014B1878F0BDE4180020F0B5474680B482B080460F00019200262CE01A4B9B191C79002C07D172009219DB
:403380005300164AD31800221A810AE0019B013B9C4206D1720092195300104AD31800229A817500AA1953000C4AD3189A891989501A5B89C9185118784301F0FBF87C43C2
:4033C00000197F30000A434658530136034B18788642CED302B004BC9046F0BDE4180020024B1868C00901231840704704020440034B1868C0B27F2290431860C009704779
:40340000100204407047C046014B58647047C0460000002010B5040000F06BFD044A1168044B0B40A4031C43146000F066FD10BD00E400E0FF3FFFFF0222014B1A607047D7
:4034400000E100E00222014B1A60704780E100E010B5FFF7F7FF0448FFF7D6FF0220FFF7D9FFFFF7E9FF10BD0534000010B50400FFF7E8FF2000FFF7C7FF0220FFF7CAFFAA
:40348000FFF7DAFF10BDC0460222014B1A60704780E200E010B500F02CFD0B4A117820230B43DBB2137009490A7810231A43D2B20A70074A11780B43DBB2137000F01DFD86
:4034C000FF2000F011F910BD90000F4092000F4091000F40014B1878C0B2704762000F40014B1878C0B2704761000F40034B1B785B07FBD5024B18807047C04662000F4075
:4035000080100F4010B501E00E4B1B880E4B1B789B06F9D400F0EDFC0C490A78012401231A43D2B20A700A78A2430A70084A11780B43DBB213701378A343137000F0DDFC85
:4035400010BDC046A0100F4061000F4090000F4091000F4010B51F22064B1A70FFF7D2FFFFF7B8FFFFF7BCFF0023034A1370034A137010BD80000F4082000F4081000F4004
:4035800010B5064B1B78002B04D1FFF7E3FF0122024B1A70FFF77EFF10BDC046F2180020044A1368DBB20F218B430840184310607047C04600000440024B1B680F20184061
:4035C0007047C04604000440024B1868400807231840704704030440034A10680E231840106040087047C04610030440034A117880235B420B43DBB21370704773000F4026
:40360000014B18707047C04603000F40014B18707047C04643000F40014B18707047C04623000F4010B50C490B783F22934309221343DBB20B70094A117801230B43DBB249
:403640001370FF20FFF7DCFFFF20FFF7DFFFFF20FFF7E2FF10BDC04673000F4093000F4010B5064B1B78002B04D1FFF7DBFF0122024B1A70FFF7BAFF10BDC046F318002057
:403680008023014AD05070470000002010B5040000F02FFC044A1368C0218B43A4011C43146000F02AFC10BD10E400E080225202014B1A607047C04600E100E0802252026A
:4036C000014B1A607047C04680E100E010B50400FFF7F4FF2000FFF7D3FF0220FFF7D6FFFFF7E4FF10BDC046044B1B68002BFBDB0002034B1843014B186070470000014099
:4037000042000080024B1B68012018407047C0460C002E401F2318401E3B8340014A13607047C04600E100E001BE704770B504000D001F2802D90020FFF7F6FF1034A40094
:4037400080239B059C4664442068256070BDC04670B504000E00032902D90020FFF7E4FF1F2C02D90020FFF7DFFF03252540ED00063500F0BEFBA408A400074B9C46644461
:4037800021680323AB4099430B003100A9401943216000F0B2FB70BD00E400E010B5040006E0084B586800F09BFB074B9C46644480231B029C42F4D8024B9868604300F095
:4037C0008FFB10BDFC1300200080FFFF10B5034B1B7B584300F084FB10BDC046FC130020F0B557464E46C0B483B0040000F081FB0190E71E2D2F74D83F4B1B78DBB29C425D
:4038000008D83E4B1B78DBB29A463D4B1B78DBB2994631E03B4B1B78DBB29C4208D83A4B1B78DBB29A46394B1B78DBB2994623E0374B1B78DBB29C4208D8364B1B78DBB217
:403840009A46354B1B78DBB2994615E0334B1B78DBB29C4208D8324B1B78DBB29A46314B1B78DBB2994607E02F4B1B78DBB29A462E4B1B78DBB299462D4BDE5D2F2E09D9D5
:403880002A2C07D919222B4B1A60052000F028FB192503E0274B1D683F231D40B54206D9234BDA5D234B1A60052000F019FB1F4B9C4664442378DBB21F4A13601F4B524612
:4038C0001A601F4B4A461A600520FFF77FFFB5420AD2174BDA5D174B1A60052000F000FB02E00020FFF720FF019800F006FB03B00CBC91469A46F0BD40F3FF0F41F3FF0FE6
:4039000042F3FF0F43F3FF0F44F3FF0F45F3FF0F46F3FF0F47F3FF0F48F3FF0F49F3FF0F4AF3FF0F4BF3FF0F4CF3FF0F4DF3FF0F64DF01002CFF0B4028FF0B401CFF0B408F
:4039400020FF0B4010B504000F4A116801230B4313600E4A0E4B1A600E4A1368802109020B431360002809D100200CE00120FFF72DFFFFF7C7FE002804D1013C002CF5D1BA
:40398000102000E0002010BD60F02E400220000078002E4010002E4010B500F0AAFA044A136804218B43136030BF00F0A6FA10BD10ED00E010B500F09CFA1F4A13689B004B
:4039C0009B0813601D4A13689B009B0813601C4A13689B009B0813601A4A13689B009B081360194A13689B009B081360174A13689B009B081360164A13689B009B08136054
:403A0000144A1368802109060B431360124B1B889BB2124A1360124A116804230B43136010490B68FF2293430E3A13430B6030BF00F063FA10BDC0460800044008010440EF
:403A4000080204400803044008040440080504400806044000000B4050F2FF0F0C000B4010ED00E02C000B40034B1868C0231B02184000D00120704700010B4010B50D4B39
:403A80001A6801218A431A601A68022082431A60094A10683024A043203C204310601068093CA043014311601A68802109060A431A6010BD00F02E4000FF2E4070B51D4B94
:403AC0001B6801241C40002802D0012816D02BE0184B19680122914319601968022081431960154B19682E3081432038014319601968093881430A431A6018E00D4B1A6843
:403B000002218A431A600C4A10680725A84301431160116830208143103801431160196801220A431A6002E00020FFF7FDFD200070BDC04600F02E4000FF2E4010B500F0C7
:403B4000D8F9044A1368C02109020B43136000F0D4F910BD00010B4010B500F0CAF908490A68084B1A408024E40122430A600A6813408022120213430B6000F0BEF910BD38
:403B800000010B40FF3FFFFF70B5050000F0B1F90400FFF769FF002803D0FFF7DDFF012100E0002108482840084A1568084B2B40184310601368012901D1FFF7BFFF20000C
:403BC00000F09BF970BDC0460404040010020B40FBFBFBFF10B5022805D88000044B1B189869996103E00020FFF79EFD002010BDF418002010B502280BD88000074BC15882
:403C0000074B5A6A8A435A62064A53680B43536002E00020FFF788FD10BDC04694DF0100F41800201014002010B5244B1B685B0715D5234B5B685B070ED5224B596A0420D8
:403C400001401F4C62688A4362605A6A82435A629B69002B00D098470420FFF795FF174B1B685B0518D5164B5B685B0510D5154B596A8022D2001140114842688A43426079
:403C8000596A114A0A405A62DB69002B00D098478020C000FFF778FF084B1B685B030CD5074B5B685B0304D5064B1B6A002B00D098478020C002FFF767FF10BD10020B40FC
:403CC00010140020F4180020FFFBFFFF10B503210F20FFF73DFD26490F20FFF727FD0122244B1A60244B1B68002B01DA234900E02349244A13680B431360234A234B1A60A1
:403D0000234A244B1A600023234A1360234A24490A6024490A6024490A688020400202430A60224A1360224A13600122214B1A60214A1168214B0B40802189050B4313604D
:403D400002221F4B1A6000230EE09A001D495118802080000860580000241B494452C22040001A4950500133002BEED010BDC046613E000020003A4080033A4070021051A5
:403D80007002005100003A408C00008004003A400000FF0718003A401C003A400400040010003A4014003A4000033A4028023A4038023A4018023A4030003A40FEFFFFDF00
:403DC000040F3A4080003A40842B0020802B002010B5094B1B68002B0CDB084B1B68002BFBDB054A1368802109060B4313600A20FFF7ECFC10BDC04600003A4008023A4009
:403E000010B5064B1B78002B04D1FFF75FFF0122024B1A70FFF7DCFF10BDC0461C190020034A1368802149020B4313607047C04604003A4010B5041E02D00020FFF774FCA3
:403E4000002C07D1A400054B9C46644420680004000C00E0002000B210BDC04680013A40014B1A681A60704710023A40014B98647047C0460000002010B5040000F039F80E
:403E8000044A1168044B0B40A4051C43146000F034F810BD00E400E0FFFF3FFF0422014B1A60704700E100E00422014B1A60704780E100E010B50400FFF7F6FF2000FFF72A
:403EC000D5FF0320FFF7D8FFFFF7E8FF10BDC04680221202014B1A607047C04600E100E00230800803D00138FDD1C046C046C0467047EFF3108072B6704780F310887047E4
:403F000001220C4B1A600C4B1A680C4B1B780C4909685B00D1520B4B1B680B4A13430B4A13600B4BDA880132DA800A4A99680A409A60704714002840782B002060DF010026
:403F40000C002840F41300202008E88104002840142B00207FFFFEFF70B5324E3378DBB2314CDA00D3189A001159304D2B78DBB2DA00D31A9800081801222D4B1A602D4BF3
:403F80001A682D4B1B782D4909685B00D1522C4B1B682C4A13432C4A1360FFF729F83378DBB2DA00D3189A00A218927D013A2B78DBB29A421ED91D4A13780133DBB2137075
:403FC00018480378DBB2D900CB189900164B59188C681378DBB29900CB1859006118154B19600078C0B21178C9B2FEF7EDFFFEF727FF15E000220D4B1A70144A144B916866
:404000000B409360134A1278012A02D1FEF7D2FD06E00E4A80218B439360D3880133D38070BDC046E2180020B0DE0100E118002014002840782B002060DF01000C0028402F
:40404000F41300202008E88104002840142B0020FFFFFEFFE0180020F0B557464E464546E0B4C0B080460E0017008A18204B9A422FD80B0A99461C0200239C46002522E02C
:40408000B4420CD3BD420AD24246515D6A46D1542278D2B28A4200D00120013502E022786946CA540134013301E000200023FF2BE6D9002804D06946484600F059F9844630
:4040C00001239A46D144BD4205D26346002BECD001E001239C466346012B02D901235B429C46604640B01CBC90469946A246F0BDFFFF03000160704701607047324B1A780F
:404100001202324B1B781A43314B1B781B02314909780B4330498B4201D1072A06D0D42109018B4206D1042A04D102E02B4B042200E02A4B2A490B602A4B1A602A4B1B781C
:404140001B022A4A1278134380229201934202D0002B02D002E0264B00E0254B254A1360254B1B781B02254A12781343244A934205D0244A934204D0052B05D103E0224B7C
:4041800002E0214B00E0204B204A1360204B1B681B09204A1268AA2A15D1012B13D9164B1B780E2B0FD11C4B1B781B021B4A127813431B4A13601B4B1B781B021A4A12787C
:4041C00013431A4A1360704759F1FF0F58F1FF0F5FF1FF0F5EF1FF0F580B0000580D00006C002E4074002E405BF1FF0F5AF1FF0F0220000078002E405DF1FF0F5CF1FF0F7B
:404200000F0F000005050000050F000080002E40EC0F00F0E00F00F06DF2FF0F6CF2FF0F84002E406FF2FF0F6EF2FF0F94002E4010B5FFF7CBFA10BD10B5FFF7AFFA10BD62
:4042400010B500F073F810BD10B500F077F810BD10B500F073F8034800F052F8022000F055F810BD9944000010B5024800F06EF810BDC0469944000000487047020200009A
:4042800010B516F0A5FD10BD10B516F0ADFD10BD10B516F095FD10BD10B516F08DFD10BD10B516F091FD10BD10B516F099FD10BD10B516F07DFD10BD10B516F08DFD10BDAE
:4042C00010B516F099FD002010BDC04610B516F09FFD002010BDC04610B516F095FD10BD10B516F08DFD10BD10B513F002FC10BD10B516F07DFD10BD10B505F0EFFA10BDAF
:40430000014B18677047C0460000002010B50400FFF7EFFD044A1368C0218B43A4011C431460FFF7EAFD10BD0CE400E080225201014B1A607047C04600E100E08022520192
:40434000014B1A607047C04680E100E010B50400FFF7F4FF2000FFF7D3FF0220FFF7D6FFFFF7E4FF10BDC046002070470020704730B5C5B004000023439342933D4B98420A
:4043800072D8002970D08022520002A800F063FD394B9C4201D9394B00E0394B0093FF230193384B6A461A603749384A1160C0461B681B0F1B07F0221206934204D1314BAA
:4043C0001B68FF2213400DE02E4B1B681B0F1B07A0221206934204D02A4B1B68FF22134000E000234393439B002B3FD1FFF781FD0500FFF7B9FF4290439B002B25D1244A4A
:404400000092009A2404144300941E4A6946116020481E490860C0461268120F1207F02109068A4204D1174B1B68FF2213400BE0144A1268120F1207A02109068A4203D03E
:40444000104B1B68FF2213404393429B002B07D1FFF78CFF4290429B002B01D0429B43932800FFF74AFD01E004234393439845B030BDC046FF030000FF010000B6D70001BF
:40448000B6D70000080010400400008004001040B6D800000500008010B518F03FF810BD002243088B4274D303098B425FD3030A8B4244D3030B8B4228D3030C8B420DD34C
:4044C000FF22090212BA030C8B4202D31212090265D0030B8B4219D300E0090AC30B8B4201D3CB03C01A5241830B8B4201D38B03C01A5241430B8B4201D34B03C01A524177
:40450000030B8B4201D30B03C01A5241C30A8B4201D3CB02C01A5241830A8B4201D38B02C01A5241430A8B4201D34B02C01A5241030A8B4201D30B02C01A5241CDD2C30946
:404540008B4201D3CB01C01A524183098B4201D38B01C01A524143098B4201D34B01C01A524103098B4201D30B01C01A5241C3088B4201D3CB00C01A524183088B4201D39F
:404580008B00C01A524143088B4201D34B00C01A5241411A00D20146524110467047FFE701B5002000F0F0F802BDC0460029F7D076E7704703460B437FD4002243088B42CA
:4045C00074D303098B425FD3030A8B4244D3030B8B4228D3030C8B420DD3FF22090212BA030C8B4202D31212090265D0030B8B4219D300E0090AC30B8B4201D3CB03C01A08
:404600005241830B8B4201D38B03C01A5241430B8B4201D34B03C01A5241030B8B4201D30B03C01A5241C30A8B4201D3CB02C01A5241830A8B4201D38B02C01A5241430ACC
:404640008B4201D34B02C01A5241030A8B4201D30B02C01A5241CDD2C3098B4201D3CB01C01A524183098B4201D38B01C01A524143098B4201D34B01C01A524103098B42CD
:4046800001D30B01C01A5241C3088B4201D3CB00C01A524183088B4201D38B00C01A524143088B4201D34B00C01A5241411A00D201465241104670475DE0CA0F00D04942BC
:4046C000031000D34042534000229C4603098B422DD3030A8B4212D3FC22890112BA030A8B420CD3890192118B4208D3890192118B4204D389013AD0921100E08909C309DB
:404700008B4201D3CB01C01A524183098B4201D38B01C01A524143098B4201D34B01C01A524103098B4201D30B01C01A5241C3088B4201D3CB00C01A524183088B4201D3DD
:404740008B00C01A5241D9D243088B4201D34B00C01A5241411A00D20146634652415B10104601D34042002B00D54942704763465B1000D3404201B5002000F005F802BDFE
:404780000029F8D016E770477047C04670B5041E28D000F007FB9E231B1A962B0ADC9622D21A94406202520AD8B25202520AC005104370BD992B18DC9922D21A9440114A84
:4047C0002240610704D00F210C40042C00D00432510103D50B4B1A409F231B1A9201520AD8B2E2E700200022DFE705222500121AB921D5402200C91A8A40541EA2412C0097
:404800001443DCE7FFFFFFFBF0B55F4656464D464446F0B40D0399464E002B0B87B00700924680469B46760DCC0F002E69D06D4B9E4235D05B468022DD001204430F13434F
:404840002B439B46C3009846674B00279C460023664401934A4615035000D20F53462D0B400D914600D176E05E4A90426CD080225B0F120413435C4AED0094461D435346A3
:404880000022DB00604449463618701C6140029017430F2F00D9AFE05448BF00C759BF465B461F4300D088E000239B469846023308270193CEE74946022A6AD0032A00D17E
:4048C00009E2012A00D0BBE111400022002300259046CCB200212D030A0D12052D0B1543434A1B0515401D436D00E4076D0825434046290007B03CBC90469946A246AB4695
:40490000F0BD034352D05B46002B00D18AE1584600F048FA03000B3B1C2B00DD7BE11D22D31A3A0001005D46DA4008398D4013008F402B439B46B8462E4B00279C460023BB
:4049400060444642019385E752462A432CD100250023022297E752462A4321D0002D00D154E1280000F01EFA03000B3B1C2B00DD46E11D21CB1A51460200D9405346083A82
:40498000954093400D431B4A944660444042002279E7012400220C40124B0025904699E70025002301226EE703226CE700239B4698460133042701934CE703230C27019380
:4049C00048E700238025984600242D03054B81E75D464346019A6FE75D4643462100019A6AE7C046FF07000001FCFFFFA0DF0100FFFF0F80F30300004246120C91461A0CD3
:404A00009446424617044A461B041B0C5A43604690464A4642431000039262461C003F0C7A437C4342440192220C9246019A5244904506D98246802040028046C2445046B5
:404A40000390100C049048462404240C1204121905922A0C2D042D0C68432C00824648467C4350438146200C8046574357444744BA4503D9802040028046C144380C3F048E
:404A8000B84648442404240C01900498A044404404905846000C814658460404200C8246070048465F434C464343604660436446834650464443380C8446E4186444A34221
:404AC00003D980235B029C46E34448463F04230C3F0C2404E419574668436F4384464D46504655434243380C814662444A445B44944503D9802040028446654403983F0491
:404B0000834604983F0C8446E344C345804140428246100484460198674484466744A344BC46A345A4419946D44464428742BF41D4458041E144A04699459B417F4240422C
:404B4000C8440743120CBA18A045A4415F423B0064422343D71843467D19DB0D6D021D435B465A02059B1A43531E9A415B46DB0D1A4343465B021343EA0107D501225C08C2
:404B800013402343EA07029E13436D08574AB218002A4BDD580709D00F201840042805D0181D98429B415B42ED180300E80104D54F4A15408022D200B2184E48824200DDAE
:404BC000E7E60124DB08680718436D02530580462D0B5B0D0C407DE6802259461203114208D0154206D115432D0398462D0B4C46414B6FE65D4615432D032D0B3E4B69E63F
:404C000003005546283B9D400023BCE6504600F0C9F82030A8E60300283B9F400023BB46984689E600F0BEF8203073E60124A61A382E07DD00220C4000230025904649E6BD
:404C4000029EA3E71F2E20DC20222C001800921BF040944093400443581E83411C43F540630709D00F232340042B05D023001C1D9C4292415242AD182B021FD501240022F8
:404C80000C4001230025904624E61F202C004042821AD440202E1CD04022961BB5402B43581E83410720234318400025002809D00F2200251A401C00042AD8D123006807B8
:404CC0006D022D0B0124DB08034398460C40002300E60025E3E780220124120315432D0398462D0B0C40044BF4E5C046FF030000FFFFFFFEFE070000FF0700004200120E3F
:404D0000511C4302C9B270B55D0AC40F012915DDE02189008C466D071B0B6244002128000D0D2D052B431C4D52052B40520813435B00E4075B082343190070BD002A15D1EC
:404D4000002D1FD0280000F02DF80A281DDC0B232A001B1ADA4013000200153295400F4A1B03121A52051B0B520DD7E7002D06D080221B0B120313436D07094ACEE7084A96
:404D80000023CBE700220023C8E703000B3B9D402B000025E3E7C046FFFF0F8089030000FF0700001C2101231B04984201D3000C10391B0A984201D3000A08391B09984226
:404DC00001D30009043902A2105C40187047C04604030202010101010000000000000000014B18687047C046301800200E4B70B500251E000D4CE41AA410A54204D0AB0042
:404E0000F35898470135F8E719F0F0F9084B00251E00084CE41AA410A54204D0AB00F35898470135F8E770BDF8E10100F8E10100F8E1010000E2010030B50024A24208D09D
:404E4000035D651C0C5DA34201D0181B02E02C00F4E7002030BD002310B59A4203D0CC5CC4540133F9E710BD03008218934202D019700133FAE77047F0B58BB014001D1E89
:404E8000129906DA802424061B191D0014002D2300E000230B702023149E03229E43462E07D03300453B59424B411099013ACB18109309AB049308AB0393139B0092029373
:404EC000109B220001932B0000F042FE0700472E02D1119BDB072DD5109BFB180793462E14D13B78302B0CD1002200232000290002F004FC002804D10123109A9B1A139ACE
:404F00001360139B079A1B68D3180793002200232000290002F0F2FB3022002802D0079B099307E0099B0799994203D9591C09911A70F7E73800099B159ADB1B13600BB0A8
:404F4000F0BDF7B52B2307000C000270861C002901DA2D234C427B70092C1CDD6B46DD1D20000A21FFF70CFC013D3031297020000A21FFF71FFB04000928F1DC013D30343D
:404F80002C706B4607333000AB4209D92B78013533700136F5E73023E4183370B01C7470C01BFEBDF0B595B00C000A920B931A9D099001F01BFD036818000D9300F06CFCA0
:404FC0000023129323680E900C930C99277E2B680722C90501D59B1800E0073393431A0008322A601A685B68A264E3640122E56CA66C6B005B080F935242C04B30000F99F7
:4050000003F04EFE002819D10122BC4B524230000F9902F083FB002810D1002200233000290002F071FB002803D023002D2243331A70B34D472F0ED8B24D0CE032002B0003
:405040003000290003F02CFE002800D19AE1AE4D472F00D8AD4D03230C9A236101339A432260002642E0672F00D193E1472F00D190E10C9A0021134312AA059211AA039285
:40508000232223600691019308A9636852180292009332002B0004970998FFF7EDFE20233A0005009A43472A00D18EE11199652F00D996E1200001393A0050301191FFF72C
:4050C00040FF129A060083182361012A00DD85E12268D20700D581E1232308AA9B181B78002B03D023002D2243331A700B9B13AA009321000A9B099800F0A4F9431C02D1CE
:40510000012040429BE12268530501D4236964E0652F00D8CCE0A06CE16C0022002302F0EDFA00282CD00123794A0A9909980B9DA847431CE4D0119B129A934208DB2368A6
:40514000DB0705D4236800259B0700D50FE113E10B9D0E9B0D9A0A990998A8470025431CCED0129B013B9D42ECDA220001231A320A9909980B9EB047431CC1D00135F0E71B
:40518000119B002B2BDC0123614A0A9909980B9EB047431CB4D0119B002B05D1129B002B02D12368DB07CDD50B9E0E9B0D9A0A990998B0470026431CA2D0119B5B429E42C0
:4051C0000ADA220001231A320A9909980B9FB847431C95D00136F0E7129B2A00ACE0A36D129E9E4200DD1E00002E05DC00230C93F343DB170F9315E033002A000A9909984B
:405200000B9FB847431CF1D17AE7220001231A320A9909980B9FB847431C00D170E70C9B01330C930F9BA26D0C993340D31A9942EBDBAE18119B129A93420DDB2368DB071C
:405240000AD4129B119AED18AD1B9B1A9D4200DD1D00002D09DC11E00E9B0D9A0A9909980B9FB847431CECD14AE72B0032000A9909980B9EB047431C00D141E7EF43FB1733
:4052800000260C930AE0220001231A320A9909980B9FB847431C00D132E70136119A129B0C999B1A2A000A409B1A9E42EBDB49E7129B012B02DC01231A4245D001232A00F5
:4052C0000A9909980B9FB847431C00D118E70E9B0D9A0A9909980B9FB847431C00D10FE7A06CE16C0022002302F008FA002801D000251AE0129B6A1C013B26E0FFFFEF7FA4
:40530000ECDF0100E8DF0100F4DF0100F0DF0100F8DF0100220001231A320A9909980B9FB847431C00D1EBE60135129B013B9D42F0DB2200330050320A9909980B9DA84762
:40534000431C00D0FEE6DBE62A000A9909980B9DA847431CEDD1D3E62200012319320A9909980B9EB047431C00D1C9E60135E368139A9B1A9D42EFDB139BE06898425EDA96
:4053800018005CE080236268DB00511C00D06AE6073202E0002A02D10122626069E60C9908A80B430021069112A9059111A90391232109182360019300922B000497029117
:4053C00032000998FFF758FD0500119BDA1C02DB626893421CDD023FFFB267E6013323617AE6662F15D16368002909DD2161002B02D12268D2071ED50133591821611AE0D0
:40540000002B03D101222168114213D09A1C11E06727119B129A934206DB22682361D20709D50133236106E00121002B01DC4918C91A8A182261119B0026A3654CE615B081
:40544000F0BDC046F7B5170001938A680B6900900C00934200DA130022003B6043321278002A01D001333B6023689B0602D53B6802333B60062523681D401ED023004333C8
:405480001B785A1E9341226892061CD53020E1184331087021005A1C45310978A2184332023311700FE022000123193201990098089EB047431C0ED00135E3683A689B1AEE
:4054C0009D42F0DBDAE72200019943320098089DA847431C02D10120404220E006232068E1683A6803400025042B03D18D1AEB43DB171D40A3682269934201DD9B1AED18E1
:405500000027BD420AD0220001231A3201990098089EB047431CDED00137F2E70020FEBDF0B58BB006920A0043320793059004920A7E0C00109B6E2A00D1ABE011D8632AAC
:4055400022D009D8002A00D1B5E0582A00D0C5E045310A70814A4FE0642A1DD0692A1BD0BCE0732A00D1AAE009D86F2A29D0702A00D0B3E0202209680A43226037E0752AB2
:405580001FD0782A33D0A9E00E001A684236111D196013683370A4E021681A68080606D4490604D5111D19600023D55E02E0111D19601568002D3BDA2D23049A6D421370FD
:4055C00036E021681A68080606D4490604D51568111D1960ADB202E0111D196015685F4B227E039308276F2A1DD00A271BE022007821453211705A4A19680392081D226814
:4056000018600D68100602D4500600D5ADB2D30702D520231A4322601027002D03D1202322689A4322602300002243331A7002E00A274A4B03936368A360002B09DB04224A
:40564000216891432160002D05D1049E002B11D07BE0002D79D0049E28003900FEF7A6FF039B013E5B5C280033703900FEF718FF051EF1D1082F09D12368DB0706D5636880
:405680002269934202DC3023013E3370049B9B1B23612BE009681A68080607D4490605D5111D19601368A28A1A8004E0111D1960136862691A600023049E236116E01A689A
:4056C000111D1960166800216268300001F000FA002801D0801B6060636803E0260042363270012323610023049A1370079B09AA00932100069B0598FFF7A4FE431C02D140
:405700000120404227E02369320006990598079DA847431CF4D0236800259B070FD4099BE068984217DA180015E022000123193206990598079EB047431CE1D00135E3681C
:40574000099A9B1A9D42F0DBE9E72600039B42361B7833708EE70BB0F0BDC046FADF01000BE001000FB40B4B13B51C68002C05D0A369002B02D1200001F0A4F805AB049AD1
:40578000A1682000019301F07BFD16BC08BC04B01847C04630180020084B70B51C680500002C05D0A369002B02D1200001F08AF82900A268200001F07FFE70BD30180020B7
:4057C00070B505000E00002804D08369002B01D101F078F8AB69AC68002B02D1280001F071F8254B9C4201D16C6808E0234B9C4201D1AC6803E0224B9C4200D1EC68A389F6
:405800001B0702D52369002B11D12100280000F0A3F800280BD0012040422BE0013B0136A360002B08DB23685A1C226019703178A3680029F2D10BE0A269934201DB0A2947
:40584000F1D12200280000F02FF8431CEFD1E2E7013BA360002B08DA22000A31280000F023F8431CD7D00A2004E00A2023685A1C2260187070BDC0462CE001004CE001008B
:405880006CE0010010B5034B01001868FFF798FF10BDC046301800200023C25C0133002AFBD1581E70470000F8B505000F001400002804D08369002B01D101F003F8234B93
:4058C0009C4201D16C6808E0214B9C4201D1AC6803E0204B9C4200D1EC68A369A360A3891B070AD52369002B07D023682269FEB2981A636998420FDB08E02100280000F0C8
:405900002BF80028F1D0012040421DE02100280000F06AFF0028F6D1A3680130013BA36023685A1C22601F706369984205D0A3893000DB0708D50A2E06D12100280000F0BF
:4059400053FF0028DFD13000F8BDC0462CE001004CE001006CE00100364B70B51D6806000C00002D05D0AB69002B02D1280000F0A9FF314B9C4201D16C6808E02F4B9C423A
:4059800001D1AC6803E02E4B9C4200D1EC680C22A35E9AB2110723D4D10607D409220120326037321343A381404242E0530713D5616B002908D023004433994202D030007B
:4059C00001F08AFB002363632422A3899343A38100236360236923600822A3891343A3812369002B0BD1A0238022A1899B0092000B40934203D02100300001F021F8012356
:405A0000A289134005D00023A36063695B42A36103E0920700D46369A36000202369834207D10C22A35E1A0603D540221343A381013870BD301800202CE001004CE001000D
:405A40006CE00100F0B503690C6989B00700059100269C4279DC0B00013C1433A50003935B1904930300143302935D19049B28681B68591C0193FEF713FD0190B04233D0B4
:405A8000039B02989C460696634604CB9C46019B91B25943120C5A4389190B0CD3180793069A1E0C038889B29B1802685B1A110C6A46928B8A1A1914521811149BB2120493
:405AC000134308C0049B06916345DDD22B68002B0AD1029B043DAB4201D33C6104E02B68002BFAD1013CF4E70599380001F00CFA002829DB0020019B02990133039A0193EC
:405B000040CA0B881818B3B2C31A0868360C000C801B1D14451928149BB22D042B4308C1049B9342ECD2029AA300D3181A68002A0AD1029A043B9A4201D33C6104E01A680C
:405B4000002AFAD1013CF4E7019E300009B0F0BDF0B516001F00446A9DB00490259D06960797002C08D1102000F0A8FF049B5862446084600460C460049B5B6A196800293B
:405B80000BD05A68012393404A608B60049800F0E2FF0022049B5B6A1A60079B002B05DA01232B607B005B08079301E000232B60079CC84B220019931A409A4219D1C64B38
:405BC000249A1360069AC54B002A02D1240300D1C34B269A1800002A01D100F07DFDD978DA1C002900D00532269918000A6000F073FD069E079F002200233000390001F082
:405C00007DFD051E0ED00123249A1360B54B269A1800002A01D100F05FFDB34A26990A6000F05AFD1AAB01931BAB009332003B00049801F0EFF9630005905B0D09D03A03FD
:405C4000AA4C120B1443AA4A300021009E1817951AE01A9B1B9A9E18A64BF318202B08DDA54A0698B218D0404022D31A9C40204303E020220698D31A984003F0A9F8012398
:405C80009E4C013E0919179300229D4B02F0B4FC9C4A9D4BFEF7B8FD9C4A9D4B01F05CFD040030000D0003F051F89A4A9A4BFEF7ABFD02000B002000290001F04DFD04003B
:405CC0000D0003F00DF80022039000232000290001F01AFD00280DD0039803F037F802000B002000290001F009FD43424341039AD31A039301231693039B162B11D88749D9
:405D0000DB00C91808684968069A079B01F010FD002805D0039B013B03930023169300E016901A9B9E1B00230B93013E0C9604D50C9B5B420B9300230C93039B002B08DB4E
:405D4000039A0C9B944663440C9300231192089307E00B9B039A9B1A0B935342089300231193229B0125092B25D8052B02DD0025043B2293229B981E032824D801F0A4FC83
:405D8000060E0204012302E0012308E000231093239B002B20DD1F000A9321E00023239A1093039B9F187B1C0A930123FA18002A16DD130014E0012700237F422293109582
:405DC0000A97123305E0012701237F4210930A9711330022239203E001273B000A972397049A546A00226260043211001431994204D86168520001316160F6E761680498F8
:405E000000F071FE049B20605B6A1B680D930A9B0E2B00D981E1002D00D17EE1069B079C14931594039B002B31DD0F223B491340DB00CB185C681B680E930F94039B022406
:405E40001D11EB060AD514981599354B15401A6A5B6A01F0ADFF069007910134304E002D0ED001231D4208D00E980F99E41832687368FEF7C9FC0E900F916D100836EEE781
:405E80000E9A0F9B0698079901F092FF4CE0039B02245D42002D49D0149815990F231F4A2B40DB00D3181A685B68FEF7ADFC0023069007911A4E2D11002D33D00122154251
:405EC00005D0A41832687368FEF79EFC01236D100836F1E70000F07F0F27000025E001001CE00100F8DF0100F9DF01000000F03F01FCFFFF3204000012040000000010FE79
:405F00000000F83F61436F63A787D23FB3C8608B288AC63FFB799F501344D33F98E0010070E10100002B01D006900791169B002B1DD0069D079E0022C74B2800310001F008
:405F4000E3FB002813D00A9B002B10D0002F00DCDFE0039B3100013B0E930022BF4B2800FEF752FC0134069007913E0002E0039B0A9E0E93200002F0E9FE069A079BFEF7E1
:405F800043FC0022B64B01F0E7FBB64A12901391129C139D9446139B634418931D00002E1CD1069807990022AF4B02F025FB2200189B0690079101F0BBFB002800D054E2B2
:405FC000AA481399844661440B0006980799220001F09AFB002800D03DE29AE0109A731EA349DB00002A49D0CB181A685B680020A04901F0DDFE2B00220002F0FDFA1290F8
:4060000013910D9D0698079902F06AFE040002F09DFE02000B000698079902F0EDFA01356B1E30341C70129A139B0690079101F06BFB002800D02EE3069A079B00208649FD
:4060400002F0DAFA129A139B01F05EFB002800D0C7E00D9BEB1AB3425BDA1298139900227E4BFEF7D1FB002212901391069807997A4BFEF7C9FB06900791C3E7C91822003F
:40608000086849682B00FEF7BFFB0D9C12901391A5190698079902F023FE060002F056FE02000B000698079902F0A6FA303626700134069007910022A54222D16D4B129801
:4060C000139901F049FB02000B000698079901F02FFB002800D084E0129A139B0020654902F08AFA02000B000698079901F00CFB00280ED06B1E1A78302A00D0CBE21D0007
:40610000F8E706980799554BFEF77EFB06900791BFE7149B159C069307941B9B002B00DA81E0039A0E2A00DD7DE0D300504AD3185C681B6808930994239B002B15DA0A9B4D
:40614000002B12DC00D088E1089809990022464BFEF75AFB069A079B01F0F4FA0A9B08931E00002800D07BE182E10D9D069E079F089A099B3000390001F01AFE02F0B0FD0D
:40618000040002F0E3FD089A099BFEF73DFB02000B003000390002F02FFA220001356B1E30321A700D9B0A9AEB1A9A422ED102000B0001F0D1FA06000F0002000B00089881
:4061C000099901F0A1FA00280FD10898099932003B0001F093FA002800D15EE2E30704D45BE20E9B039300E01D006B1E1A78392A08D10D9A9A42F7D1039A0D99013203921B
:4062000030220A701A7801321A7046E20022134BFEF7FAFA0022002306000F0001F06EFA0028A5D039E2109A002A44D0229A012A0BDC179A002A02D00F4A9B1802E036239D
:406240001A9A9B1A089D0B9C29E00A9B5D1E089BAB4213DB5D1B18E00000F03F0000244000001C400000C0FC000014400000C07C98E001000000E03F33040000089B089508
:40628000EA1A0025119B9B1811930A9B002B04DA0B9B0A9A9C1A002301E00B9C0A9B0B9A0121D2180B920C9A0498D3180C9300F0F2FC060002E0089D0B9C109E002C0ED0D0
:4062C0000C9B002B0BDD0C9A2300944200DD13000B9AE41AD21A0B920C9AD31A0C93089B002B20DD109B002B17D0002D11D031002A00049800F062FD059A010006000498D9
:4063000000F0D2FC05990E90049800F024FC0E9B0593089B5A1B06D000E0089A0599049800F04CFD05900121049800F0B4FC119B0890002B00D1C0E11A000100049800F018
:406340003DFD229B0890012B17DC0025069BAB420ED1079B1B03AB420AD1199B079A134206D00B9B013501330B930C9B01330C93119B0120002B0DD000E00025089B089A8E
:406380001B690E9303339B00D318586800F039FC2023181A0C9BC0181F23184009D001331B1A042B02DD1C23181A03E0042B08D018001C300B9B24181B180B930C9B1B18ED
:4063C0000C930B9B002B05DD1A000599049800F049FD05900C9B002B05DD1A000899049800F040FD0890169B002B1DD00899059800F08AFD002817DA039B0A22013B039329
:4064000005990023049800F0BFFB109B0590002B00D159E1310000230A22049800F0B4FB0600002F37DC33E00A9B0A9F002B2ADC229B022B27DD002F12D108993B00052247
:40644000049800F0A1FB08900100059800F05CFD00280DDC04E0089602E000231E000893239B0D9DDB4303930AE00E9B089603930D9B0D9A5D1C31231370039B013303933A
:406480000A960026F3E0109B002B04D10D9DB5E0229B022BCFDC002C05DD31002200049800F0E0FC06000A96002D12D07168049800F019FB3100040033690C319A1C920077
:4064C0000C30FEF7C8FC01222100049800F0CAFC0A900D9B7D1E0B935B190E9308990598FFF7B0FA310010900400059800F00CFD0A9A05000899049800F021FD01230C9381
:40650000C36830340700002B04D10100059800F0FBFC0C903900049800F01DFB0C9B229A134308D1069A0133134204D1392C2AD0002D1CDC1DE0002D06DB229B1D431BD19F
:406540000123069A134217D10C9B002B11DD05990122049800F086FC0899059000F0D4FC002802DC05D1E30703D5392C0BD0109C31340B9B5D1C0FE00B9B5F1C0C9B002BA5
:406580000CDD392C05D10B9B0B9A5D1C3923137057E03D000B9B01341C7068E00B9B0E9A3D001C7093423CD000230A220599049800F0EAFA0A9B05909E4208D13100002355
:4065C0000A22049800F0E0FA06000A900DE0310000230A22049800F0D7FA002306000A220A99049800F0D0FA0A900B9776E700230A220599049800F0C7FA059008990598AB
:40660000FFF720FA0D9B3030287001350400EB1ABB42ECDB3D1E00DC01250A9600260D9B5D1905990122049800F01CFC0899059000F06AFC002804DC13D1E30701D410E0DA
:406640001D006B1E1A78392A08D10D9A9A42F7D1039B013303933123137008E001321A7005E06B1E1A78302A01D11D00F9E70899049800F070FA0A9B002B0ED0002E05D006
:406680009E4203D03100049800F065FA0A99049800F061FA01E00E9B03930498059900F05AFA00232B70039B249A01331360269B0D98002B10D01D600EE0229B012B00DC81
:4066C00043E6119D012065E6002F00DDDEE6229B022B00DCDAE6AEE61DB0F0BDF7B58A8905000C0013075AD44B68002B02DC0B6C002B19DDE76A002F16D000232E682B60DD
:4067000080235B011A4001D0606D14E00123216A2800B847431C0ED12B68002B0BD01D2B01D0162B02D12E6000205AE04022A3891343A38155E0A3895B0706D56368C01A61
:40674000636B002B01D0236CC01A00230200216A2800E76AB847A389421C06D129681D293AD8204ACA40D20736D50022626022692260DB0405D5431C02D12B68002B00D1B1
:406780006065616B2E600029CED023004433994202D0280000F0A0FC0020606321E00F69002FC1D00B680F60DB1B01930023920700D14B69A36003E0019B3F181B1A01938D
:4067C000019B002BB0DD019B3A00216A2800A66AB0470028F0DCA389402201201343A3814042FEBD010040200B6970B505000C00002B01D100201CE0002804D08369002B24
:4068000001D100F05FF80B4B9C4201D16C6808E0094B9C4201D1AC6803E0084B9C4200D1EC680C22A35E002BE4D021002800FFF755FF70BD2CE001004CE001006CE00100D7
:4068400010B5024900F0B0F810BDC046E9670000002310B5040003604360836081814366C281036143618361190008225C30FEF7FBFA054B24626362044BA362044BE36262
:40688000044B236310BDC0464975000071750000A9750000D575000070B568254B1E5D430E002900743100F063FC041E08D000212A00016046600C30A0606832FEF7D4FA59
:4068C000200070BD836913B50400002B28D18364C3640365134B144A1B6882620193984201D101238361200000F020F86060200000F01CF8A060200000F018F80022E06000
:4069000004216068FFF7A4FF01220921A068FFF79FFF02221221E068FFF79AFF0123A36113BDC046E4DF010041680000F8B51D4B06001D68AB69002B02D12800FFF7C2FFBE
:406940004835AC686B68013B05D40C22A75E002F10D06834F7E72B68002B01D02D68F0E704213000FFF798FF28600028F6D10C23336016E0012320005B42E3810233A38138
:4069800067662760A760676027616761A7615C3008223900FEF768FA20006763A763A764E764F8BDE4DF0100F7B504000700002601914834002C16D06368A5680093009B51
:4069C000013B00930DD4AB89012B08D90E22AB5E013304D029003800019B984706436835EDE72468E6E73000FEBD0000004870473418002070B50E001D000E23C95E90B038
:406A00001400002906DA00232B60B3891B060FD540230FE001AA00F009FE0028F3DBF023029A1B021340054A9B185A4253412B608023DB000020236010B070BD00E0FFFF98
:406A4000F7B502268B8905000C00334210D101AB6A46FFF7CFFF00990700280000F088FB00280CD10C22A35E9A0523D43343A3812300473323602361012363611AE08022E0
:406A80000D4BAB62A38920601343A381009B20616361019B002B0AD00E23E15E280000F0D7FD002803D00122A3891343A381A3891F43A781F7BDC0464168000010B5034B7E
:406AC0000100186800F054FB10BDC04630180020C9B28218904204D003788B4202D00130F8E70020704770B5466A04000D00002E07D11020FFF7E2FF606246608660066038
:406B0000C660666AF368002B09D0636AAA00DB689B18186800280ED002681A6017E021220421200000F0CAFA636AF060DB68002BEBD100200EE001210E00AE40721D920062
:406B4000200000F0BBFA0028F3D04560866000230361C36070BD70B5456A06000C00002D07D11020FFF7AAFF7062456085600560C560002C07D0726A6368D2689B00D318F9
:406B80001A6822601C6070BDF7B5070008000C000D691E00002101921430019A0388013153439B190668360C56431A0C9446B4446246160C120494469BB2634408C08D42AD
:406BC000EBDC002E1BD0A3689D4212DB63683800591CFFF788FF2100236901909A1C92000C310C30FEF737F921003800FFF7B3FF019C2B1D9B00E31801355E6025612000AF
:406C0000FEBD00220300010C914201D103041032190E01D108321B02190F01D104321B01990F01D102329B001000002B03DB20205B0000D5501C70470722036810B501008E
:406C40001A400CD001240020234223D10222134203D0E34020000B601CE09B0818E098B2002801D110221B0CD8B2002801D108321B0A180701D104321B09980701D102323F
:406C80009B08D80704D45B082020002B02D0013210000B6010BD10B50C000121FFF723FF01234461036110BDF0B50B691400126989B00D00934201DA25000C002F69266964
:406CC000AA68BB1969680193934200DD0131FFF70AFF0200BB1914329B00D3189C46002113000290634501D202C3FBE71435BF00EB191434B6000593A31903950793079BC8
:406D00009C4251D2208800281ED015000026039F08CF069504936B461B8A434319002B88CB1804999B19090C41432E68360C89191E0C89190E0C9BB209040B4308C5059BC4
:406D4000BB42E5D8069B5E6023681D0C1FD0002110001368039F04913E8801686E43090C7118049E9BB289190E043343036008CF86881B0C6B43090C9B195B18190C0491CA
:406D8000059906900430B942E6D806994B6004340432B4E704235B429C4463461B68002B05D1019B013B0193019B002BF2DC029B019A18001A6109B0F0BD00000323F7B58A
:406DC000134005000E001400002B08D02349013B9A00525800233100FFF7D6FE0600A310019338D06C6A002C07D11020FFF766FE6862446084600460C4606F6ABC68002C50
:406E000010D117492800FFF746FF0023B8600400036007E0019B5B1001931CD02068002810D004000122019B1342F3D0310022002800FFF739FF070031002800FFF78BFEAB
:406E40003E00E7E7220021002800FFF72DFF002320600360E5E73000FEBDC04660E1010071020000F0B50C0017002369551185B0EB180193013300934968A3680290009ACC
:406E8000934202DA01315B00F9E70298FFF72BFE00230200060019001432AB4203DA980011500133F9E7EB43DB171D402300AD0055192269143392009A1894461F22174057
:406EC00014D00132D21B0392002219682800B9400A4304C504CB0399CA409C45F5D84260002A07D0019B0233009303E004CB04C59C45FBD8009B0298013B33612100FFF7AA
:406F00002AFE300005B0F0BD03690A6910B59B1A0400181E12D1930014341431E218C918043A043913680868834204D083429B410120184302E09442F2D3002010BDF0B5FB
:406F40000C0085B00700110020001500FFF7DCFF061E07D101003800FFF7C5FD01234661036155E000230193984204DA23002C001D000123019361683800FFF7B4FD019B8A
:406F800026692F00C3601434B300E318020002932B69002514379B00FB180393143208CC69469C4608CF0432009363468B808B885D19009B9BB2EB1A65460193009B2D0C93
:406FC000190C019B691A1D14131F9C466B4649199B880D1409040B4361460B60039BBB42DDD8029913008C420BD202CC8BB25B191D14090C49190D149BB209040B4308C2E1
:40700000EFE7043B1A68002A01D1013EF9E7066105B0F0BDF7B51D000121089F1400FFF762FD2B036D0006001B0B6D0D02D08022520313430193002C18D068460094FFF79A
:40704000FBFD009C002809D0019B20211A00091A8A40C34022437261019300E07461019CB461631E9C410134346107E001A8FFF7E3FD0124019B346173612030002D06D056
:407080000B4BED1835232D183D60181A0BE0094BC018094B3860E3189B00F3185869FFF7B0FD6401201A099B18603000FEBDC046CDFBFFFFCEFBFFFFFFFFFF3F4A4370B5DA
:4070C0001100140000F054F8051E03D022000021FDF7CAFE280070BD70B50500002944D00C1F2368002B00DAE418280000F0D6FA1E4A13681100002B02D16360146031E0A5
:40710000A3420DD92268A018834203D118685B688218226063600C6024E0A24203D813005A68002AF9D11E689819A0420BD12168711858181960824214D11068526841186B
:4071400019605A600EE0A04202D90C232B6009E021686018824203D1106852684118216062605C60280000F09AFA70BDD42A0020032370B5CD1C9D43083506000C2D01D211
:407180000C2501E0002D01DBA94202D90C23336048E0300000F082FA234B1C681A002100002913D00B685B1B0DD40B2B02D90B60CC181EE08C4202D1636813601AE04B687B
:4071C00063600C0016E00C004968E9E7174C2368002B03D1300000F0A5F920602900300000F0A0F9431C18D00323C41C9C43A0420DD12560300000F052FA200007220B30CF
:40720000231D9043C31A0ED05A42E2500BE0211A300000F087F9431CEBD10C233000336000F03DFA002070BDD42A0020D02A0020936810B5013B9360002B05DA9469A34258
:4072400008DBCBB20A2B05D01368581C10601970C8B201E0FEF728FB10BDF8B506000F001400D518AC4208D021783A003000FFF7DFFF0134431CF5D100E00020F8BD00000D
:40728000F0B59FB006000F0002920593002804D08369002B01D1FFF715FB7F4B9F4201D1776808E07D4B9F4201D1B76803E07C4B9F4200D1F768BB891B070AD53B69002B01
:4072C00007D0002306AD6B6120336B761033AB763DE039003000FEF73FFB0028F1D001204042D6E0059A111D12680591002A00DA7FE00992013423782E2B00D18DE02178AB
:4073000003226848FFF7E4FB002807D0654B2A68C01A4023834013432B6001342178631C0622614802932976FFF7D2FB002800D19DE05E4B002B00D090E00722059B0733DF
:407340009343083305936B69039A9B186B61029C2378002B04D1029BE31A049312D003E0252BF8D00134F3E7049B029A39003000FFF773FF431C00D186E06A69049B944630
:4073800063446B612378002B7ED00122002352426A6002A95432521801342B60EB60AB601370AB65217805224148FFF791FB002808D03F4B2A68C01A0123834013432B60D5
:4073C0000134EFE72B68DA0604D55322202102A8121811701A0704D553222B2102A81218117022782A2A00D17CE7099B00200A2105E05242EA60022213432B607AE7227847
:40740000303A092A04D84B4301349B180120F6E7002800D16FE709936DE763782A2B0AD1059B02341A1D1B680592002B01DA01235B42079363E700230A201A0001346B60DC
:4074400021783039092904D84243013452180123F6E7002B00D152E7079250E705AB00933A00144B29003000FDF79CFD07E005AB00933A000F4B29003000FEF751F8039028
:40748000039B013300D05EE7BB895B0600D526E70B981FB0F0BDC0462CE001004CE001006CE001009EE10100A2E10100A54F000098E101005B72000070B506000D00140027
:4074C000002804D08369002B01D1FFF7FBF9124B9C4201D1746808E0104B9C4201D1B46803E00F4B9C4200D1F468A368013BA360002B05DAA269934208DBEBB20A2B05D0BF
:407500002368E8B25A1C22601D7004E0220029003000FEF7C9F970BD2CE001004CE001006CE00100002370B5064C050008002360FAF7ACF8431C03D12368002B00D02B60D4
:4075400070BDC046882B002070B50C000E25495F00F0A6F8002803DB636D1B18636503E0A289024B1340A38170BDC046FFEFFFFFF8B51F008B8905000C001600DB0505D5E8
:407580000E23C95E0022022300F074F8A289054B28001340A38132000E23E15E3B0000F01FF8F8BDFFEFFFFF70B50C000E25495F00F060F8A389421C03D1054A1340A381B9
:4075C00004E0802252011343A381606570BDC046FFEFFFFF10B50E23C95E00F015F810BD70B50500080011000022064C22601A00F9F71EFF431C03D12368002B00D02B60C9
:4076000070BDC046882B0020002370B5064C05000800236001F014FC431C03D12368002B00D02B6070BDC046882B0020002370B5064C050008001100236001F009FC431C3F
:4076400003D12368002B00D02B6070BD882B0020002370B5064C05000800236001F000FC431C03D12368002B00D02B6070BDC046882B002070B50500080011000022064C0D
:4076800022601A0001F0F4FB431C03D12368002B00D02B6070BDC046882B00207047704770B50500080011000022064C22601A0001F0E6FB431C03D12368002B00D02B602D
:4076C00070BDC046882B002002B4714649084900095C49008E4402BC7047C0468446101C62468C46191C634600E0C0461FB500F019FF002801D40021C8421FBD10B500F0B9
:407700006DFE4042013010BD10B500F00BFF002801DB002010BD012010BDC04610B500F001FF002801DD002010BD012010BDC04610B500F093FE002801DC002010BD0120C5
:4077400010BDC04610B500F089FE002801DA002010BD012010BDC046F8B556465F464D464446F0B40F00FD0FAA4609037C002E005F00450F490A7F0D2943C5001803BC46C6
:40778000400A570F640DDB0F3843D2009A4500D1AAE06646A61B002E00DCFFE06346002B39D10300134300D0D9E06B0709D00F232B40042B05D02B1DAB42AD416D42491901
:4077C0001D000B0200D482E0CA4B01349C4200D1FEE00A005646C84BED081A405007640552020543120B640D002112030B0D1B056405120B1A436308C04CF60714401C43E8
:40780000640064083443280021003CBC90469946A246AB46F8BDB74B9C42C6D080231B041843382E00DDEBE01F2E00DD1EE120239B1B9C4603006746BB40984613004746AF
:40784000F3403B436746BA40571EBA4113430200F240EB1A9D42B6411D008A1A7642911B0B0231D54A02560A002E00D1B4E03000FDF798FA0300083B1F2B00DDB5E020226A
:407880002900D21AD1409E400A009D4032439C4200DDB1E01C1B631C1F2B00DDD5E0202114002800C91A8C40D8408D400443DA40681E854111002543002476E741463143D7
:4078C00000D134E2310045466B0700D06FE756464807ED08C9080543864B9C4235D00A036405120B640D7FE76346E31A9B46002B00DC8BE06746002F3CD07E4FBC4200D1B9
:4079000053E780273F0438435B46382B00DCF7E00243501E82410020D2B253194218AB4289411D00494289180B02CDD5714B01349C4200D13DE101206F4A6B080A402840A5
:407940001843D507054351082FE72B000B4300D1CBE180231B030B431A03120B44E7013E002E6DD1AE1AB5429B41091A5B42C91A350075E70700174300D116E701235B4245
:407980009C46E3445B46002B00D0E0E0AA18AA429B4109185B4259181500C5E7002E75D1661C7605760D012E00DCF3E0AE1AB0464545BF410E1A7F42F61B370200D48FE058
:4079C000551BAA42B641411A76428E1B9A464BE756460022002507E72800FDF7E3F920300300083B1F2B00DC49E72A002838824000259C4200DC4DE73F49E41A1140D4E6C1
:407A00000243501E8241D3B2002222E7002B00D0F3E0631C9C465B055B0D012B00DC9FE0344B9C4500D1C3E0AA180918AA42804140424118CD075208154349086446B4E648
:407A40002C4B9C4200D0ECE6AFE611001F3CE1400C00202B00D17FE04021CB1A9A4015436A1E95410021254300242DE733000700203BDF403B00202E70D04027BE1BB04022
:407A80000243501E824113430022E2E6002C4FD0184CA44500D1ABE08024240476422143382E00DDDFE01F2E00DD43E12027BC1BA1460C004F46BC40A0462C004746F4406F
:407AC0003C434F46BD406F1EBD41F1402C43151BAA429241411A5242891A64469A46BFE641464546314300D0BEE6002600240025F2E6C046FF070000FFFF7FFFFFFF0F8044
:407B00001F2B59DC2027FF1ABC46070063469F405B46B9461700DF40B8464F4643461F4363469A40531E9A415B463A43D840F4E60C002C435CD0F643002E55D1551BAA4212
:407B4000A441411A6442091B9A46644688E6964FBC4200D0D8E628E6002280E700208FE70B002B43002C00D0C2E0002B00D101E10300134300D118E6AB18AB42B641091880
:407B8000764271180A0200D409E1884A1D00114064460AE6002C5BD10E002E4300D08AE00100114300D1C2E0010015009A46FCE56446002100258FE620235B429C46DC44E9
:407BC00063460700DF405B46BC46202B00D1ACE040235F46DB1B98400243501E8241634613431A00002098E66F4CA44500D057E70100150064469A46D7E5002C39D10C0018
:407C00002C436ED0DB43002B1AD0674CA44568D0382B00DDA4E01F2B00DDAEE020240F00E41AA740B9462F00DF40B846A3464F46444627435C46A5406C1EA541D9403D4392
:407C4000AD1895429B4109185B42591864466BE60C002C4315D1010011437BD0010015009A46514CA1E50D43691E8D410021ECB22DE74D4CA44534D0802424045B4221437D
:407C8000C6E7040014434ED0ED084C072C438025C9082D03294208D0C6082E4205D1D208410711430C009A463100620FC900E50011433D4C79E50600164300D175E5AE1AAB
:407CC000B0464545BF410E1A7F42F61B370200D4F4E5551BAA42B641411A7642891B9A4663E50100150064465FE5002200257BE5002B3BD00300134315D0ED084B072B431E
:407D00008025C9082D03294207D0C4082C4204D141070B002100D2081343C9005A0F1143DD00214C41E5204C3FE5002054E700260025D1E534000F00203CE7403C00202E76
:407D40002BD04027BE1BB1400D43691E8D4100212C43BCE6802100260903134C0025BBE50D43691E8D410021EDB269E7010015000D4C1AE50100150017E51C000F00203C4D
:407D8000E7403C00202B0CD04027FB1A99400D43691E8D410021254352E70021D4E71D0092E50021F3E7C046FF070000FFFF7FFFF0B556464D4644465F46F0B41D000E03B5
:407DC0004C00CB0F87B0070092468146360B640D98466AD06D4B9C4235D08022430F12041343F6001E43C3009946694B00279C460023644402932B0368001B0BED0F514656
:407E00009B46400D009500D178E0604B98426CD05B46DA004B0F802109040B4313439B465346D9005A4B9C46002360444246201A6A40924601901F430F2F00D9B0E0554852
:407E4000BF00C0598746374300D088E0002399460233082700260293CDE74346B34649460093029B009A9246022B00D0BFE1002153460122002689461A40444B0021360371
:407E80000C0D2405360B2643434C1B0526401E437600D207760816434846310007B03CBC90469946A246AB46F0BD330003434FD0002E00D1BCE13000FCF774FF03000B3B7E
:407EC0001C2B00DDADE11D220100D31A08393A008F408E40DA40B9461643304B00279C46002360444442029385E753465A4613432CD1002300219B46023397E70B4320D0A5
:407F00005B46002B00D19EE15846FCF74BFF03000B3B1C2B00DD8FE102005946083A91408B461D21CB1A5146D9400B0059460B4351469B469140194B9C4660444042002345
:407F400074E7002300219B4601336FE703236DE70023994601330427002602934BE703230C27029347E70122D51A382D00DCB0E153461A4000210023002689467EE700237B
:407F80008026994600223603004B77E7FF07000001FCFFFFACE10100FFFF0F80F30300005E4500D972E100D16DE1019B4D46013B01930023340002935B461E020B0E1E4312
:407FC0000B020393330C994633041B0C494620000093FCF765FA009B370043430600494620009846FCF7E2FA2C0C09040C43A04509D9E419731EA74200D95CE1A04500D86F
:4080000059E1023EE4194346E41A49462000FCF747FA0300009A80465343494620009B46FCF7C4FA2A040904120C0A4393450DD94346D219013B974200D93AE1934500D894
:4080400037E102235B429C46D219E0445B46D21A4346360433439B460399180C0B0C1D00059309045B46090C0C001B041B0C4443049159436B4368431B190D0CEB189C42AE
:4080800003D980246402A44660441C0C09041B04090C20185D18824200D2DEE000D1D7E0161A029B9C465D1BAC459B415B42F61AB74200D106E149463000FCF7F1F9009BD1
:4080C00004004343494630009846FCF76FFA2E0C09040E43B04509D9F619631EB74200D9F3E0B04500D8F0E0023CF6194346F31A494618000293FCF7D3F9009B06004343B7
:40810000494602989846FCF751FA2D0409042D0C0D43A84509D9ED19731EAF4200D9D6E0A84500D8D3E0023EED192404210043463143049E059A3000ED1A0B040C0C1B0C83
:4081400058436643534354439A19030C9B189E4203D980225202944664441A0C00041B04000C14191B18A54250D34DD001231943964A019B94466344002B00DCF3E64A075B
:4081800009D00F220A40042A05D00A1D8A42894149428B4411005A46D20108D55A468C4B1A4093468022D2009446019B6344894A934200DD5BE65A46C90850070843560284
:4081C000514601225B058146360B5B0D0A4055E680231B031E4211D05A461A420ED15E461E433603360B2A0089467B4B46E6032B00D1E1E0012BBBD11A40BBE61E4336031C
:40820000360B4246744B39E6002BB1D07D194A1EAF4252D91100A542A8D1039A9A42A5D1A6E703003E00283B9E400023994654E6FCF7B8FD203041E603005246283B9A402F
:408240000021934677E65046FCF7ACFD20305EE6029B0026AB4200D323E7039E0299B44661448846B045B6415B467642F619B218013B0291974213D290424FD800D18EE0C8
:40828000161A9B460DE7894500D28EE674084B46F60735005B081D434B46DB0702938BE69742EDD10399029CA142E5D93E1A9B46F7E69846CAE61E00A5E6AC423ED874D023
:4082C000110053E70121494252E71C000EE71E002BE71F2D3CDC20230A0058465B1B9840EA4099400243481E81415E461143EE404B0709D00F230B40042B05D00B00191DEC
:4083000099429B415B42F61833023CD55346012200211A40002601238946AFE502235B429C46039CE344A446029B63449846A045B6417642F6190293B218B1E603988A1E5F
:4083400041008142B6417642F619AD19039161E71F225242D31A5A46DA401300202D29D040225846551BA8400143481E814107200B4318400026002809D00F2200261A405B
:408380001900042ABBD10B0070077602360BDB0803439946012253461A4000236EE502998D42BBD89B4600267BE603989842C5D3110032E70020D7E780265B4636031E43C0
:4083C0003603360B009A8946034B57E5FF030000FFFFFFFEFE070000FF070000F0B55F4656464D464446F0B41F035C00DB0F9A46194B0E034D00C90F8046360B6D0D8B462D
:4084000091463F0B640D9D4219D0134B9C421BD00123A54206D018003CBC90469946A246AB46F0BDBE42F6D1C845F4D1D34510D0002DF0D1304303005A1E9341EBE731004B
:4084400001230143E7D1E0E73A430123002AE2D1DEE70023DFE7C046FF070000F0B55F46444656464D46F0B41F033C0B2C4F0E034D00A3465C008446360B6D0DC90F90467C
:40848000640DDB0FBD422BD0254FBC422ED0002D0ED130430700814678427841002C17D15F463A4314D14B460020002B0AD006E0002C02D15846024301D099421AD00123E4
:4084C000484218433CBC90469946A246AB46F0BD0028F2D058425841012240421043F1E737000743D0D002204042EBE75F461743CDD0F8E7A542E2DC05DB5E45DFD808D0AE
:4085000000205E45DED248424841012340421843D8E7C445D3D80020C445F4D3D2E7C046FF070000F0B55F464D4644465646F0B41C03240BA4462F4C0F034D005E00C90F9D
:4085400080463F0B6D0D8B469146760DDB0FA54220D0284CA64222D0002D12D1384344424441002E20D0002C0DD05C42634101245B421C4320003CBC90469946A246AB4671
:40858000F0BD002E17D05B4519D05B465C4201231C43EFE7390002240143EBD1D9E7614602241143E6D1D7E761460A43DBD100240028DFD0E9E761460A43E4D1E5E7B5424C
:4085C00003DD01225C421443D4E7B542CDDB6745DBD809D000246745CCD259464C426141012449420C43C5E7C845CED80024C845F3D3BFE7FF070000F0B557464E46454652
:40860000E0B40E001100F20F9246C500420F180337037400400A4E0F7F0A3043CF4E17435A00640D520DDB0FC900B24200D1E5E001267340A61AB446534500D1AFE0002E94
:4086400000DC0DE1002A3AD103000B4300D0E4E06B0709D00F232B40042B05D02B1DAB42AD416D427F191D003B0200D488E0BB4B01349C4200D110E13A00B94B51461A4020
:4086800001235007ED08520264050543120B640D0B400021280012030D0D120B64052D0515436208AF4CDB072C401443640064081C4321001CBC90469946A246F0BDA74B76
:4086C0009C42C5D080231B0418436346382B00DDFDE01F2B00DD30E1624620239B1A02009A40664690460A009940F24046464B1E99413243114363460200DA40691A8D422A
:408700009B410D00BA1A5B42D71A3B0235D57A02530A98464346002B00D1C4E04046FCF741FB0300083B1F2B00DDC5E020222900D21A4746D1409F400A009D403A439C42EA
:4087400000DDC0E01C1B631C1F2B00DDE4E0202114002800C91AD8408C408D400443DA40681E854117002543002471E7424663461A4300D14CE2674645466B0700D069E7CB
:40878000012351467807ED08FA080B40054373498C4238D012036405120B640D79E7002E00DC9AE0002A47D06C4A944200D14FE78022120410436246382A00DC08E1014381
:4087C000481E81410022C9B24919D219A942BF410D007F42BF183A0200D442E15F4A0134944200D14EE101205D4A69083A4028400843D507054357089A4629E706000E43C0
:4088000000D017E714E72900114300D1F9E1802109030A431203120B3BE701235B429846C4446346002B72D1691A8D429B413F1A5B42FF1A0D0068E702000A4300D107E794
:40884000012252429046C4446246002A00D0E6E06918A942B6413F187642F7190D00BAE7002E00D080E0621C5205520D012A00DCF9E06A1A91464D45B6413A1A7642921BBC
:408880009046120200D499E04D1BA9428941C71B49427A1A90469A463CE752460123002513400022F5E62800FCF77CFA20300300083B1F2B00DC39E72A002838824000257B
:4088C0009C4200DC3EE7264FE41A1740C0E60143481E81410022C9B210E7002E00D0F1E0621C94465205520D012A00DCA0E01B4A944500D1C5E06918A94292413F185242E7
:40890000D2194908D5070D4357086446A0E6134B9C4200D0D9E69BE611001F3CE1400C00202B00D180E04021CB1A9A4015436A1E95410027254300241FE763460200203B4A
:40894000DA406346202B71D0402366469B1B98400143481E814111430022CFE6FF070000FFFF7FFFFFFF0F80002C48D0CA4CA24200D1A2E07442A1468024240427434C466F
:40898000382C00DDDBE01F2C00DD44E14E462024A41B3E00A640A246B0464C462E00E640B4464646644626435446A5406C1EA54134002C434D46EF400D1B28E04A464346B9
:4089C0004D461A4300D0A5E6002300240025DEE61F2A5ADC66462022921B060096409146B04662460E00D640424616434A4691404A1E9141020060463143C240E4E63C00CD
:408A00002C435AD0F443A146002C52D14D1BA9428941C71B49427F1A14009A4675E69E4A944200D0C7E613E600227FE700208FE7002C00D0C8E03B002B4300D10FE103005B
:408A40000B4300D104E66918A9429B413F185B42DF193B0200D41AE1904B0D001F406446F6E59A4689E63A002A43002C5CD1002A75D102000A4300D1CAE007000D009A4664
:408A8000E6E564460022002581E662460600203AD6406246B046202A00D1B7E040226646921B904001434246481E8141114300228AE6794CA24200D061E707000D001400D7
:408AC0009A46C5E5002C41D13C002C4378D0F443A146002C20D0704CA24271D04C46382C00DDB2E01F2C00DDBCE02026341BA2463C005646B4404E46A0462C00F440A4466A
:408B0000444666463443A4465446A54064466E1EB54125434C46E7406D188D4289413F184942CF19140056E6002A2FD102000A4300D184E007000D009A46574C88E53D4368
:408B40006F1EBD41ECB200270D1B60E7524CA24236D0744280263604A1463743BEE702000A4300D174E56A1A90464545B6413A1A7642921B9446120200D4F7E54D1BA94214
:408B80008941C71B49427F1A9A4661E502000A433AD0ED087C072C438025FA082D032A4208D0C7082F4205D145072C003A009A46C9080C43670FD200E5001743364C47E567
:408BC00007000D00140043E53A002A4343D002000A4319D0ED087C072C438025FA082D032A4207D0C6082E4204D147073C003200C9080C43D700620FE50017439A46264C6A
:408C000026E50022002544E5234C21E5002049E700230025BBE54C463E00203CE6404C46B446202C31D040244E46A61BB7403D436C1EA54164462C4300270D1BE7E680226A
:408C400000231203144C0025A1E53D436F1EBD410027EDB260E707000D000F4CF8E407000D00F5E44E463C00203EF440A0464C46202C0ED040244E46A41BA7403D436F1EB2
:408C8000BD4144460027254346E70027CFE70D0073E50027F2E7C046FF070000FFFF7FFF70B50E4E0C031D0349005B00240B490D2D0B5B0DB14204D0084900208B4208D050
:408CC00070BD04430120002CFAD1044900208B42F6D115432800451EA841F1E7FF0700000B0330B5134D1A0B4B005B0DC90F0024AB4211DD104CA34210DC8024640322439E
:408D00000E4CE41A1F2C0CDD0D48C31ADA4013005C42002900D11C00200030BD094BCC18FAE7E040084CA44663449A4013000343EEE7C046FE0300001D0400003304000002
:408D400013040000FFFFFF7FEDFBFFFF70B5002830D0C317C4185C40C50F2000FCF722F8174B184A1B1AD21A1F2A18DD164AD21A9440002224035B05240B5B0D0021100026
:408D800024030A0D1205240B1443104A1B0514401C436400ED0764082C43210070BD210091400A000B21081AC4405B052403240B5B0DE3E70025002300240022DEE7C0469B
:408DC0001E0400003304000013040000FFFF0F8070B5051E28D0FBF7E5FF154B154A1B1AD21A1F2A16DD2C00134A0025D21A94405A052403240B520D002124030B0D240B33
:408E00001B0523430D4C1205234013435B002800590870BD0B212C00081AC440954024035A05240B520DE7E700220024E4E7C0461E0400003304000013040000FFFF0F8029
:408E400058220120014B40421A607047882B002058220120014B40421A607047882B00205822024B00201A607047C046882B002058220120014B40421A607047882B0020BA
:408E800058220120014B40421A607047882B0020134A1088810703D08107890F401A001D11791030484381B25088820703D08207920F801A001D800040180A494030098994
:408EC00080B2CA0701D0503080B2890706D504495422091F09785143081880B2704700001E1400202C19002010B501F06BFF10BD10B501F06FFF10BD0121002808D0FF21A1
:408F00004731C1800321018004214180002181800846704710B500F05BFA10BD10B50749044609780220002907D1204601F09AFF002802D120460AF0DBFA10BDBC1500200E
:408F400070B504460120002C12D02368002B0FD0616800290CD0074D06222889208118462968FBF778FF6968606809780170002070BD00002C190020FFB585B000276846CF
:408F80000E9D07734F481C460078002802D0082009B0F0BD10990F9801900095029105A807C800F007F90028F2D16946264603AB84460873002C19D0002115E08A00B75A5F
:408FC000082F09D990198078002805D0083FB7521878401C187005E0002914D00027B75290198770491CC9B2A942E7D360460028CED10F98002809D0109901F093FA00284B
:4090000004D00120C4E701208446EFE701F0DAFE2D480021416081600599016021888180022D07D3A1798171A17AC171A1890181218A418100211EE0481C19E082008B0041
:40904000A75AE65ABE46BE4211D26F463E80B4461E190296B678BE7001967646E6521719029EBB78B3706646A652019EBE70401CA842E3D3491CA942DED3134822460C3012
:4090800000906846037B0799069800F01BF90028B8D168460B4C007B60700B480C3001F0C1FE0028AED1084907480C3107F008FA0028A7D107F022FA0028A3D101212170F3
:4090C00066E700001814002020190020F8B5054636480F460078002802D002242046F8BD002F60D000243249002D16D02A89D0070DD02868002808D003881B3BE12B04D235
:409100004088FB2801D81B2801D2012409E0900707D56868002804D1F7E70020088108604860002CDAD122482E8906811F481B21801D01804180042101711C490020891CAE
:409140000870F00705D019480622801D2968FBF782FE1749B00703D56A68144812788270124D0E46AD1D281F0D60486001F0A0FE284601F08FFE30890EF076F830890DF0BA
:40918000C1F928880DF0C4F930890EF0D7F903461033FFF77DFE1F21C018890140183880A91F88809AE7012498E70000181400202C190020FFB58446384F1C460020BB88E5
:4091C0003F78054602460646002F11D100290ED0029999420BD36146002908D0002C06D00A99002906D02E4B0B99994202D2012004B0F0BD002144E0AB001F19BF78002F45
:409200003BD0E35A002B38D07B43591889B22B0000F04AF8050410161C253100A7782388BC46FF27233BEB37BB4222D26346032B1FD322E0A388002B1FD0302B19D31CE095
:409240002389002B19D0282B13D316E0A289002A13D01346134F233BBB420AD20DE0268A002A0AD033460F4F233BBB4201D2964203D901200EE0002001E000280AD16D1CDF
:40928000EDB2099B9D42B7D31C2463435B1802998B42ACD89642AAD8AAE700001814002079020000BAFF000030B47446641E2578641CAB4200D21D46635D5B00E31830BCF1
:4092C00018470000FFB583B0002469460C801F4606468C80002806D00598002803D004983043800701D0012466E0002FFBD03449049809888842F6D3FAF7B6FFFAF7A4FF33
:4093000000F016FC002855D100F07EFD002851D12C49084601F03AF905042D0C4AD12A480499066081800021C18007810C98007AC00704D0684601F05EFD040007D10C9851
:40934000007A800703D501A801F05EFD0446BF1DFEB2002C20D13146059800F05DF804001AD10EF0F9F8040016D16A461088928808368518144AF1B29088D288AEB293194E
:40938000984207D3401B801A80B201F0EFFB050007D000E0FF25012400F05EFA002D04D008E0F8B200F01CF9F6E700F081FA07490120087000F0CEFB204607B0F0BD00005E
:4093C0001C14002005950000381900202414002010B503480078012801D101F069FA10BD2414002070B5084B0446DA889E8800205518B54206D81D68AA182260DA8851187E
:40940000D98070BD032070BD38190020014800897047000038190020F0B587B007460D4600208900009006916846FFF7DBFF844600285DD1304800990160002117E02E4BFE
:4094400088001A680629115406D22C4C0419667882185670628805E0C419203CA67A8218567022891B68C018491C4280C9B2A942E5D300242DE0601CC2B2059025E01E4FA8
:40948000A30039689600581840887118039604904E88B04217D938466F46FE80B6464F786E4677710297049F4F800168039F5E18767879184E700168764659184E80006887
:4094C000029F18184770521CD2B2AA42D7D30598C4B2AC42CFD36046002809D168460699FFF780FF8446002802D1054900980860604607B0F0BD00002814002020E20100D3
:409500002C1400207047000010B5002809D005494A68002A05D0011F08788000105801F0D3FA10BD2814002010B50446FFF76EFFC0B2801DA0420CD307484068002808D0A7
:40954000A100405801F032FA002801D00470001D10BD002010BD000028140020F8B516460D460446FFF752FFC0B2801DA04203D20020C0430090F8BDB2B2E9B2684601F03C
:409580003BFA0099481C03D0024AA000526811500098F8BD28140020F8B50746FFF736FF801DC6B20A49002005460C680DE06178002907D06188B94202D32078FFF7B4FFCA
:4095C000002804D1241D6D1CEDB2B542EFD3F8BD2814002010B5002801D0FFF795FF10BD70B506460948002504680BE06178002905D062882078121D0023FFF7AFFF241D58
:409600006D1CEDB2B542F1D370BD000028140020FFB581B00A9F16000C4620D000F0F2F8054604281BD0002F0CD03846FFF7B4FF20492A0151184860002810D03A460499A0
:40964000FBF709FC1B4928010E504618778101980570200406D47D20C000444304E0FF2005B0F0BD6404640C00F0BAF80746042807D000F053FAA0420BD800F04FFA201A1E
:4096800003E0204600F0AEFA0020F06035720020E6E700F043FA009000F0BAFA00980121001B009000F0ECF802493A0151180098C860E6E744190020F8B5060116483418D4
:4096C000217A042903D0E068002802D017E00020F8BD00F023FA054600F09AFA00F0A0F804280CD001010C480F18F8680021451900F0C6F80020F860284600F073FA606840
:40970000054D002801D0FFF765FF042020720020A8516081E060DAE744190020FEB500266A46304601232549050169180D7A042D02D0C96800291BD000211154401CC0B21B
:409740000428F0D300246846005D002830D01B48210108184189476805680291002101604160042241810272C160002E02D015E01354E3E700F054F804280ED001010F4820
:4097800008180190C6680021304600F079F801980021C160304600F025FA0126002D07D038460299A847002F02D03846FFF712FF641CE4B2042CC6D3FEBD000044190020A2
:4097C0000EB5002005216A460090118150810348694600680FF091FE0EBD000030140020074A0020010189180B7A042B02D0C968002903D0401CC0B20428F3D37047000060
:40980000441900200549002002015218127A042A03D0401CC0B20428F6D370474419002030B50A4B04200A4C00210A011219157A042D06D0D268002A03D09A4201D8084671
:409840001346491CC9B20429EFD330BDFFFF0000441900207047000030B50020074C05460423020111190B72A5504D60401C4D81C0B2CD600428F4D330BD00004419002065
:4098800030B5094C00231A011219157A042D04D0D568002906D02D18D5605B1CDBB2042BF1D330BD2D1AF7E744190020002070471CB5002469460C70142001902346054AC1
:4098C00005480FF01FFE04480068401C00D1FF2420461CBD359900003014002010B50FF0B5FA10BD3EB5124A0146FF2000230124126800290DD0012914D0042908D1042095
:409900006946009308814B8110460FF0F6FD80B23EBD6846009304814381694610460FF0E7FDF4E768460093048143816946EBE73014002070B545890468416800890300CB
:40994000FFF7B2FC08280509091E22282628002005F072FC1EE0022908D0C8B22A4621460CF01CFD2046FFF735FE13E002202A4621460CF013FD2946204600F00DF809E022
:4099800000200EF0D7FB05E02046FFF7C7FE01E0FAF7B2FC002070BD014B0022DB6818473414002070B5448905680089022803D0032809D0FF2070BD2246094C0023A4684B
:4099C00029460120A04708E0FFF78EFA241DA2B200232946022006F026FC002070BD000034140020704700000248002141600180418070473414002070B50C46002186B082
:409A000016460391012802D0022859D116E003A9012006F05DFC01281BD1039D324621462846FBF718FA0095287801900220694608814E816846FFF7B5FF41E0214D002BCE
:409A4000686809D0049004A9022006F041FC01281DD0022006B070BD002812D0298840182146FBF7F8F928880024801980B228806988091D884206D12C801348FFF792FFA2
:409A800003E00320E6E788421AD96C6018E004986860E278A378110219430B4A698000231060E3565360032313815181A1788170E178C170617841702178017004202880CD
:409AC0000020C7E734140020841900203EB515460C46022803D004280CD000203EBD0091019002206946088107484A8100680FF004FD07E00CF052FC044B0022DB68294661
:409B00002046984701203EBD3014002034140020014AD1609060704734140020034801688068081A0A214843000970479019002010B5FAF78DFB482204490548FBF78BF9B8
:409B400003490120C870002010BD00003CE20100941D002010B5FAF773FB10BD70B5134C2368002B08D0207B1149C20705D04008400020738868A08070BD88680B4AA18807
:409B800080B29268814203D90A4D691A091802E0814202D2411A5118A160A080A0689842EAD30FF0C7FC00F013F870BD90190020C0102E40FFFF000010B508461946FFF78B
:409BC000A7FF10BD704710B5FFF780FF10BD000003480021016041608160C1607047000090190020024610B5FF20002A0CD0FFF7EFFF064C0321207B0843207310010A2103
:409C0000FAF7D4FC2060002010BD00009019002000B504480A21806848430209FFF7D8FF104600BD901900200248007B8007C00F704700009019002010B54B49086800284E
:409C400002DA4A4B01221A70022290430860484800694549C00B4031096A0246C907C90F0A4259D0012000F097FA3F480E216C30FAF742FA3E4820218430FAF73DFA3C4884
:409C800014219C30FAF738FA3948FF21C131A430FAF732FA3648FF212F31B030FAF72CFA33483449BC30FAF727FA31483249AC30FAF722FA30492E48491CB430FAF71CFAF5
:409CC0002B482E49B830FAF717FA29482C49CC30FAF712FA26482B490830FAF70DFA24482949A830FAF708FA214828498830FAF703FA1F4826498C30FAF7FEF91C4819215E
:409D0000C9029030FAF7F8F9FAF7F8F9FAF7B4FAC0B2022812D01FE000290BD0002101420AD0114801216030FAF7E6F90120FAF783FA97E70121F2E7FF2010BD15491648EB
:409D4000FAF7DAF914481549001DFAF7D5F9124800210830FAF7D0F954200449C043891C0870002010BD000000F02E404414002000002E40320300002F3F00003102000034
:409D800010520000EC160000FA12000031D000003AE300009956000080012E40F80F000070B50646581C80B245086D00002408E0304600F0C1F81055000A1119A41C487023
:409DC000A4B2AC42F4D3D80705D0D0182038D15CC47FD454C17770BD30B50A4C002100195B1E07E0541864782502545C2C430480891C89B29942F5DB994201D1515C01801A
:409E000030BD000000102E4010B5FF2000F0C4F90F49FF2048700E481021801D41800121417001700A490020C91C4870FFF704FF04000AD100F010F907210648FAF75AF933
:409E4000044807211830FAF755F9204610BD000044140020CC112E4070B5002405465B1E0AE0284600F068F8010A161971702D1D1055A41CADB2A4B29C42F2DB9C4203D1A0
:409E8000284600F059F8105570BD000070B500210A4D5B1E0AE0541864782602545C344346193480001D891C80B289B29942F2DB994202D1515C4019018070BD00102E4000
:409EC000F0B50599091FCFB200217E1E0BE0541864782502545C2C43164D45192C80001D891C80B289B2B142F1DBFC0712D01C78515C24020F4A0C4381180C809C785D78E3
:409F0000001D210280B2294384182180001D80B2D9780CE059781A7809021143054A84182180001DD9789B78090280B2194380180180F0BD00102E400149401800887047ED
:409F400000102E4010B50B490020487000F084F8002000F047F9002000F034F907210648FAF7C8F8044807211830FAF7C3F8002010BD000047140020CC112E4010B50B4621
:409F8000062812D006DC01280CD0032801D1FFF7D9FF10BD0A28FCD00B28FAD105480078107010BDFFF730FF10BD1146184600F035F910BD4A140020F8B5244DAC6A012798
:409FC000A007234E002816DA307806280ED1286A384328621F480069F903084381B21D481030FAF789F8042000F0D6F8174802212830FAF77FF8E00718D000F073FF012806
:40A000000FD1002000F0D2FF062000F0C5F81049FF20C91E48707078002802D1686B384368630A4801212830FAF764F8E0050BD53078042802D1052000F0AEF80348FF21CE
:40A0400001312830FAF756F8F8BD000040F02E404714002000002E4010B503212348FAF74BF80120FAF7E4F820483038406A204C80076178800F890001431C480C38FAF72A
:40A080003BF86078002808D0401E022181401820FAF776FBC000083800E0B82081B21548FAF72AF81348032109021438FAF724F810481149B830FAF71FF8612189010F4876
:40A0C000FAF71AF80D480321001FFAF715F80C490C48FAF711F80B480B496038FAF70CF8084801218838FAF707F810BD70F02E404A140020D8102E4090890000041E2E40B6
:40A10000FF0F000058122E40209000000849087806280BD148780749002803D1486B400840004863C86A01221043C862704700004714002040F02E400148007870470000A2
:40A140004714002000B50300FFF7AEF8080D050D0B070507090D012000BD032000BD042000BD022000BDFF2000BD0000074A9168D26889B2064B92B2994204D105498A423D
:40A1800001D1012100E000210170704780002E4033D000003FE3000010B50446FAF754F8072C01D9FF2C01D102480470FAF748F810BD000047140020014948707047000029
:40A1C0004414002010B5064A012805D01921C9021046F9F791FF10BD1D21C902F8E7000090002E4010B50A4A141D012808D009491046F9F781FF08492046F9F77DFF10BDF3
:40A2000004491046891CF9F777FF0349491DF3E788002E4031D000003AE3000070B50C460546FAF729F8C0B202280E49287804D0FF2810D04C280CD810E0FF2809D10A4AF1
:40A24000D0680004800F032801D0087807E09069000A553803E00878207070BD4F382070087070BD4614002000002E40F0B50122002834D0002932D00424420600D00524D4
:40A28000792342065B06D21800D0641C034600221EE00C2516466E43124D00277519AF72104F002ABB51696007D0661EB24209D10D4E86197606760E05E05E06760E80274E
:40A2C000BE1B00E080269B198919521C2E81D2B2A242DED303480549006B002288611046F0BD00001C1C0020790200005014002018B50020694608700A48006900280ED035
:40A30000132149014018047E684604704F21C900054800F0A7F8A04201D0012018BD002018BD000050140020A0190020F1B582B000206A4610700299002903D100F080FE65
:40A3400000283AD11E4F00240C2126464E43F519A97A01291DD11B49B859896988420BD14F21C900786800F07DF869460870132279685201891808762A89B9596868F9F7E7
:40A380006BFE00280CD028200299002905D0282803D0641CE4B2062CD6D3641CE1B20AE00021A972F0E70C224A43D219927A012A04D0491CC9B20629F5D3FEBD2820FEBDE5
:40A3C0001C1C002050140020074900200C2242435218927A012A05D0401CC0B20628F5D300207047012070471C1C0020F8B50E000446154609D0194F19497868A04202D97D
:40A400004018A04201D38D4201D90120F8BD31462046FAF711FD00281ED02A4631462046FAF719FDE8B200210C224A43D21913895568EE18A6420BD90126641B1B1B9672D9
:40A44000834209DA1469C01A044AC0B220329676491CC9B20629E7D30020F8BD1C1C002079020000034610B50020024604E09C5C2018521CC0B292B28A42F8D310BD00003C
:40A4800070B500F05FF8084C064A216907480D46FAF7E1FC05492846FFF7E8FEFFF728FF207070BD7902000050140020A0190020002070470020054A002902D0012902D00B
:40A4C00002E0906000E0D060002070475014002070B5084C154608460549E26889182A46FAF7B9FCE0684019E06028B270BD0000A0190020501400203EB50A226946FFF7A5
:40A50000E7FF044606480A2200686946FAF794FC002802D00020C0433EBD20463EBD000054140020002802D0044A914201D2FF20704703494A610861002070477902000062
:40A5400050140020024800218160C160704700005014002070B5074C15460548A26880182A46FFF743FFA0684019A06028B270BDA01900205014002010B503490A220968D2
:40A58000FFF7E8FF10BD00005414002010B50F4A002313600E4A13600E4B18600E4801600E49012008600E490860000290600E490C4808600D4914300860FF381538506088
:40A5C00000F0BCF800F0CAF9002010BD841400206C140020981400209C1400208814002078140020641D00207C14002090140020014610B50020002910D0094B1A689C6897
:40A600005118A14209D25868196080188A0704D08A07920F891A091D196010BD002010BD6C140020F8B50024164E671E321F3D463168136806E01422624310328A58521CFA
:40A640001BD0641C9C42F6D36A1C14D02C461422544322460C3288500C214843FFF7C8FF3168002808510AD031680020103408517068401C70602846F8BD2546E4E7384607
:40A68000F8BD00007C140020F3B50026F64381B000281BDB1E490968884217D80299002914D01B4F142204463F1D54432546396810354859401C09D0F9F7C6FD38682F1F01
:40A6C0004159C359994203DBF9F7BAFD3046FEBD214608310091465801590C20704308180C220299FAF7B7FB0948761C001D0068C159B14200D100260549009A091D86502F
:40A7000008684159491C4151F9F79AFD0020FEBD78140020002803DB07490968884202D90020C043704704491422091D09685043103008587047000078140020F0B500204F
:40A740000D4A451E0346171F50600FE014260146714314680E1DA3510C461668083433511668083435511468401C635039688842ECD30020F0BD00007C140020F3B5002661
:40A78000F64381B0002841DB2349096888423DD8029900293AD0204F142204463F1D54432546396810354859401C2FD0F9F74CFD3868415900292BD0211D009146580C2101
:40A7C000005971430F46C1190C220298FAF743FB11480021001D0068761C00590C34C0190160416081600C48001D00680159B14200D100260849009A091D86500868415932
:40A80000491E4151F9F71CFD0020FEBD3046FEBDF9F716FDFAE7000078140020FEB504460D4600201E49089E0860471E009001900290002C11D0486885420ED2002A0CD013
:40A84000002E0AD0642E08D808460C3001681C2068430C18207A002801D03846FEBD0120226020721846FFF7DDFE6060401C13D06681A6810A4827610C3067610179A942E0
:40A8800000D205710021684601810A462846029B00F040F82846FEBD00202072DDE700008414002038B50124009400F039F838BDFEB50027164EFF433D4600240EE01C2018
:40A8C000316860430818017A002906D04068FFF721FF002801D0254603E0641C3079A042EDDA681C12D01C2130684D434419F9F7ABFC69466068FFF741FF0546F9F7A0FC68
:40A90000002DD9D1216868468847D5E7FEBD00009014002038B50024009400F001F838BD1FB500220C49541E0A60002811DB496888420ED808491C220C31096850430818F0
:40A94000406801A9FFF7A0FE401C02D0002004B010BD2046FBE7000084140020F0B50021114A4D1E174611710C3F0B46BD6016E008461C2460431668041D355114680646EA
:40A98000235014680836A3551468361DA353044616680A34335318301468491C255078688142E5D30020F0BD9014002038B500210091002811DB0F49097888420DDA0D4D00
:40A9C00004010C3529680859002807D0201D0818694600F06FF9002801D0002038BDF9F733FC28680F34015D491E0155F9F728FC009838BDA0140020F7B582B0002502988F
:40AA00006E1E06602E48D21C024017462D4A2C4610460C380178106805E02301C358002B0FD0641CE4B28C42F7D3711C28D03401211D40180191039900F02AF900281FD128
:40AA400001E02646F1E71F48016820460C300F521C480399026820460E30115419480399026820460F3011540398784300F0A0F8144900280968085102D00024009011E056
:40AA800001251AE00F48016801980818009900F02CF9002801D0012502E00098C0190090641CE4B203988442ECD3002D05D10298066004480179491C0171284605B0F0BDA7
:40AAC000FCFF0000AC140020F8B50D4600216A468C461180002839DB23490978884235DA214B04010C3319680A59002A2ED020460C300B5A801C0E5C1846704380189542FC
:40AB000024D3854222D2002006E007465F43BF18AF4206D0401CC0B2B042F6D36046002814D0114E271DC8190C366A46294600F006F900280AD168460088012808D03068EF
:40AB40002946C01900F0D1F8002803D00120F8BD0020F8BDF9F778FB30680F34015D491C0155F9F76DFBF3E7A0140020F8B50F46002400F031F8002817D10C4900220B46BA
:40AB80000C334A600EE021011D680E466A501D680C36AA53B61C1D680F31AA551D68641C6A54E4B2BC42EED31A71F8BDA014002000280BD0C01C074A8108506889005388AE
:40ABC0004118994203D89368516018187047002070470000A0140020F8B5064600200F4D009029700C0121466846FEF7FBFB00280CD129460C3100980860301B001F84B20C
:40AC000021466846FEF7EEFB002801D0FF20F8BD6C800098A8600020F8BD0000A0140020F8B5002827DB19490978884223DA174C05010C342168485900281CD028460C300D
:40AC4000085A009028460E300E5C401C0E5420682F1DC01900F064F800280CD12068002445590EE0094829460C300068C01900F03CF8002801D00120F8BD00982D18641C4B
:40AC8000E4B2B442EED30020F8BD0000A014002030B50D4604000BD0A800FFF789FF6060002805D000202570C0436080002030BD012030BD70B50D46040005D0002D03D0A0
:40ACC0000220205E002801DA012070BDF9F7BCFA0221615E60688900405828606088401E6080F9F7ADFA002070BD70B50D46040007D0002D05D002212078615E401E814270
:40AD000001DB012070BDF9F79FFA6088401C00B26080616880000D50F9F792FA002070BD10B5040009D0227800216068FAF79CF80020C0436080002010BD012010BDF0B5EE
:40AD400000231D46002802D00224045F0AE00120F0BD46689F00F6598E4201D1012503E05B1CDBB29C42F4DA15700020F0BD00000148007870470000B41400207CB50546ED
:40AD80000024FEF7B1F8A8796946087000A8062229460130FAF75FF80021684604F012FD0C2806D0072806D01F2806D0122806D006E0022404E0042402E0272400E0012479
:40ADC00020467CBD10B500F095F9FFF7B5F9FFF7B9F910BD70B504460025FEF785F8002C06D0A079012803D8214602F0ABFC00E00125284670BD01460120002902D05020BF
:40AE0000088000207047000001460120002905D003485422007850430880002070470000B614002010B502460D49FE204870032410460EF085FE002810D10EF029FE0028AB
:40AE40000CD105F0A1FA002808D100F049FB002804D104F05DFF002800D10024204610BDB414002070B50025044600280ED0A07901280BD8FEF738F8A0790028204602D04E
:40AE800002F0EEFF03E002F0C3FF00E00125284670BD0000014610B50120002904D006220248F9F7D8FF002010BD0000C014002001460120002903D0087802490870002070
:40AEC00070470000B614002070B505460124FEF70BF8002D04D0082128460EF02FFB0024204670BD0148007A704700009C1E002038B504460120002C20D0617801291DD8ED
:40AF000000290BD0FF25E535FDF7EEFF0C4828180088C0B22070072803D00EE0FF25CD35F2E70020694608706846FFF71FF969460878012801D108202070002038BD0000E7
:40AF400000102E4010B507480024807B002806D00448203002F028F8012800D1FE24204610BD0000DC1D0020014A002192681047B414002008B500226B461A7026280CD023
:40AF8000094A342852680BD0352805D1900703D50021352005F0D4FA08BD19462620F9E7D007F9D03420F5E7B414002001490872704700009C1E0020F8B504460120002CD7
:40AFC00026D06178012902D92278092A20D8002905D0FF25E5352078092803D004E0FF25CD35F8E708202070FDF77EFF2078114F114E08280DD00020FFF7F4F87078012857
:40B00000207810D00D4969180880FE2070700020F8BD0120FFF7E6F80720B8810549203188800120F2E7B8810248217820308180EBE70000C0112E40B414002000102E408C
:40B0400010B509480024807B00280BD0FFF774F8062801D0032800D12824FFF773FFFE2800D12824204610BDDC1D002070B50E46050001D0002400E00C4C002C11D0E28AD4
:40B08000500609D5D107C90F022002F07DFFE08A40218843E08204E0D107C90F012002F073FF3146284602F05BFC70BDFC1D0020F8B50546002004460D4E009013E02246CF
:40B0C0006946284600F0C2FF0098002801D00EF019FDA878214602F09DFAA878214602F08BFA641CE4B2308AA042E8D8F8BD0000C81E002038B51E4CFFF71EF8042813D030
:40B10000052811D0062812D003282AD007280AD100206946087002460120FEF72FFFFFF70BF80128FBD138BD00F077FB38BD02F0C7FA00F072FB02F027FB8007800F022851
:40B14000F4D10C4841880029F0D05B21095D0029ECD101210170A07D0140022002F014FF38BD02F0B1FA0120FFF716F838BD0000FC1D0020DA140020F8B50646002402F022
:40B1800071FF0546304602F087FF03460A480021068A0DE001228A401046174628401F40002803D0002F01D1224394B2491CC9B28E42EFD82046F8BDC81E00201CB5002016
:40B1C000694648706846FFF793FE01AA69460A20FEF7D4FE6946042008561CBD70B50D4601F01AFB04000BD02079002808D0FDF77BFEE178A0782A4602F038FC002070BDA7
:40B20000022070BD0148007870470000D41D00204030C07E002800D00120704700B500F001F800BD902148430749084A40186030417F491CC9B24177D289914201D300211C
:40B240004177C8B270470000DC1D0020C81E002013B501F0E1FA04000BD001F07EFE002807D0214601AA0A310620FEF787FE00201CBD02201CBD000010B50C4601F0CCFA38
:40B2800000280AD001F069FE002806D0224604490A20FEF773FE002010BD022010BD0000BD1D0020F3B581B0074601460026029802F0D0FE0446002F01D0002500E0154D7D
:40B2C000002D21D0284601F0DDFA032C04D13946029802F01BFF06463846029902F08CF9032C06D0002C10D00121384601F0D0FB03E03146384603F00FF9284602F070F8ED
:40B300000221284602F086F8FEBD3846029902F073F9FEBDFC1D002010B5044600F066FA002804D103F0C2FD002801D00C2010BD2078611C02F09CFCFF2801D01F2010BD43
:40B3400002F0E2FCFF280AD02178621C02F0E2F8044821780068026B601C904710BD072010BD00000015002010B503F09FFD002801D00C2010BD02F05DFC03480068C06AA8
:40B380008047002010BD00000015002070B50D46044610210EF0F6FA1021601806460EF0F1FA334610221946204603F0ADFD102130460EF0E7FA02202870204604F0DEFB65
:40B3C00070BD0000F8B504464078217802028006870FE0781143A67809050002090D0643084601F019FA00210546F2B2002812D0002C10D0022F0ED0032F0CD0002A0AD0E6
:40B400000279092A07D0002A05D0134A5A23527E1B5C9A4207D82889002104F0E4FA20460EF070FBFF21002914D10C48224600682946436930469847C0B2FF280AD1284695
:40B440004030817EF2B2491C8176FF232146284600F0E3F8F8BD0000941D00201C1500200020704710B5044603F020FD002801D00C2010BD2078611C02F0FAFBFF2808D0E1
:40B4800002F032FB044821780068426B601C904710BD1F2010BD00000015002010B500F06BF904F035FC002010BD10B5044600786178E2780843A178114308432179084345
:40B4C0006179084305D003F0E3FC002803D00C2010BD122010BD204602F0C2FC002010BD10B5F8F7C9FE02F0DFFD044803F04AFD02F004FB012000F003F810BDA41D002010
:40B50000F1B586B003A8009005A8019028489F22817A114081726846FDF712FD002845D169460989C90705D0224806990068C2686846904769460989890706D5002835D177
:40B540001D480068816A0698884700282ED11B4E0025757075737571F575357675767575B570F570B5713746F5730120D03738731F20F880FF2130467972A03001764576B2
:40B5800000F0BCFA00242046069901F091FC002803D1641C2406240EF5D0FD720749BD72B573C0310D704D704D600D7207B0F0BD941D00201C15002000150020DC1D002060
:40B5C00070B505460E46084602F04CFD0446304602F062FD0121A9400A46224001400A4301D0012070BD002070BD10B50446084602F052FD0121A140014201D0012010BD93
:40B60000002010BD10B5FEF797FD032804D102F05BF80120FEF7C0FD10BDFEB51C4616460F46054601F0DCFEA878FFF7F7FD02460190334639460094284600F00DF8002814
:40B6400008D1A8780199FFF711FDFF2C02D138460EF058FAFEBD0000FFB585B005460E980C46FF2810D02B49C00009680A5840180179C0795278814201D9012601E0900662
:40B68000860F6846038108E06078A1788006860FE0780002014368460181284601F068FC070007D021462846079A00F063FC384609B0F0BD304600F011FD04AE03460390B5
:40B6C00002AA29460096204600F09DFB3C20405D002818D0284601F04BFC012813D0684600890096C0B20190A878231DFF22079902F0EAF868460089039BC2B2A878079922
:40B7000002F02AFCD3E7684600890021C0B20091E9E7000018150020F8B5002600253046FFF72AFD07001DD090201149704340186030447F12E0601CF8F738FFCCB2384648
:40B74000E040C007C00F07D02146304601F04CFF21463046FFF7A6FD6D1CEDB20548018AA942E8D8761C3606360ED7D0F8BD0000DC1D0020C81E002010B502F0BFF90020E6
:40B78000FFF7BEFE0EF054FA002010BDF8B5002400F0B2F80123012800D10124104F00203E4620360425082203E0002801D0002100E031460979002907D001290BD002293E
:40B7C0000BD0114681402143CCB2401C0006000EEBD07C70F8BD1C43F7E72C43F5E70000DC1D002010B5FFF7D1FF10BD10B5044604F0E0FB002802D1601C00F001F810BDA4
:40B800001CB500240094062269460194F9F714FB002800D1122420461CBD10B5F8F769FB0446FEF789FC012809D0FEF785FC022805D0F8F7B1F82046F8F75FFBEEE72046D1
:40B84000F8F75BFB10BD10B50B4681791943817103D08078114602F04DFB10BD10B582798A43827102D1807802F058FB10BD000030B50C4C0220A28A0B4B9978002901D0E6
:40B88000022906D11D785B78EB18282B01D9032002E0032900D101205105490DC0020143A18230BDC0112E40D014002000B500F029F8002807D0012805D0032801D00428DB
:40B8C00001D0002000BD012000BD014600B50020C90701D000F010F800BD014600B50020C90701D000F008F800BD00000148006870470000C814002001480088000A7047EA
:40B9000020102E400448008B410501D5042070474007800F7047000000102E400148406870470000C814002038B50446000610D5FFF7E8FF01280CD1684601F0CBFE6846D1
:40B94000007800F01BFB012001F0B2FD0220FFF749FF600708D507480179012904D1002101712620FFF706FB0348006801692046884738BDD41400200015002010B50146BC
:40B980000A4A007800241070FFF7B6FF0128084603D002F0D1F9204610BD00F0E7F80400F9D1034801210170F5E70000D01400209C1E002070B50446FFF79EFF002801D003
:40B9C0000C2070BDA27B01211F48002A827801D00A4301E05208520082706279012A14D0C17849084900C170184D2868016820468847207901280CD06188208803F008F8E4
:40BA00002080207904280FD015E0C2780A43C270EAE72868C168E01D8847E01D02F00CFA0B48808C208006E02868C168E01D8847E01D02F001FA074920798870204602F03C
:40BA400089F9002070BD0000DC1D002000150020941D0020D014002008B50178FFF74CFF814201D10C2008BD002914D0072069460870FFF71BFF012807D10121684600F0AB
:40BA8000D5F8012801D0092008BDFFF7F1FE02F095F9012011E0FFF709FF012806D1684601F018FE6846007800F09CFA02F07CF9FFF722FF0028FBD10220FFF793FE0020C0
:40BAC00008BD000010B501460A4A007800245070FFF712FF0128084603D002F0EBF9204610BD00F05DF80400F9D1034801214170F5E70000D01400209C1E002038B56846E5
:40BB00000DF096FF002801D01F2038BD01210098C90201804180002505714571857107214173857302F016F9009C202200212046F9F79AF925702A460021601CF9F794F95C
:40BB4000204602F0F9F8204602F0B4F900980DF0D9FF062200210448F9F786F902480C388560002038BD0000D4140020F8B504460025684600950DF05BFF002801D007259B
:40BB80000AE0064E009830602278611C401CF9F762F93168207808702846F8BDC8140020F8B504460025684600950DF041FF002801D007250AE0064E009870602278611C1B
:40BBC000401CF9F748F97168207808702846F8BDC81400200346084800B5834209D8184600F01AFE002804D00089984201D1012000BD002000BD0000FF0E0000074A917902
:40BC0000491C8906890E917138220A4092014907090E11430843024908407047DC1D0020FF0E0000C006C00E70470000F8B507460E4600240D4803E0002C01D0002500E0D3
:40BC400005462979002905D0641C2406240EF3D00020F8BD0021204601F02AF92E712046FFF7CCFF28813C700120F8BDFC1D002010B503F07DF90222002100F003F801F051
:40BC8000E9FE10BD10B5094B40074907000F090F185A595A40185043C0086421F8F786FC002800D1012080B210BD000084E20100F7B53D20405C88B015460C46002802D027
:40BCC0002878042802D200200BB0F0BD6946087200262046FFF79CFA012800D00126204603A938300191009023460327A17E34333246206A03F060F902A8089900900B468C
:40BD0000019120463A4603A9243003F0DDF802466846007A2870204601F0B6F81046D3E7FFB587B00C4605461078694608723D20005D1746002826D000262046FFF768FA54
:40BD4000012800D00126204603A93830019100902346A17E34333246206A03F02DF902A80090291D019120462B1D03A924300A9A03F0AAF802006846007A388002D12046E9
:40BD800001F082F810460BB0F0BDF0B505463C20405C89B016460C4600280CD0307869460873002806D000272046FFF731FA012803D003E01F2009B0F0BD012703200890A2
:40BDC000204604A93830019100902346E17E34333A46E06903F0F0F86846007B03A928180290009120462B46019504A92430089A03F09EF802466846007B3070204601F09A
:40BE00004DF81046D7E7FFB505463C20405C89B016460C46002810D0084601F0A9F801280BD0308869468883002809D000272046FFF7EEF9012805D005E000200DB0F0BD95
:40BE40000220FBE70127204603A93830019100902346E17E34333A46E06903F0ADF8291D2B1D07A8129A6D4607C5204603A924300C9A03F05DF802466846808B3080204697
:40BE800001F00CF81046D9E770B50D460446FFF7BFF901280AD0E87AA97A00020143A07801F0D4FC012808D0002070BD00222421204602F0FFFC242070BD28214C200155DC
:40BEC000204600F0B1FB282070BD0000002801D0002000E003484030C07F012800D0002070470000FC1D00200146002049070ED50021084B03E0002901D0002200E01A4682
:40BF00001279022A04D0491C0906090EF3D0704701207047FC1D00200146002049070ED50021084B03E0002901D0002200E01A461279022A04D0491C0906090EF3D0704783
:40BF400001207047FC1D002010B5044680346068002803D00DF0EAFD0020606010BD4030417070474030817070474030017070470171704792001018C166704770B53C25CA
:40BF800001F0AEF9040004D020460021433001F011FCFF222946204600F0E8FB002C02D0A07801F01FF970BD10B5002801D0002000E00348002802D0008903F05BFD10BD60
:40BFC000FC1D002010B5002801D0002000E00448002804D00179072901D100F047F810BDFC1D002010B501F07BF9002802D0807801F0F8F810BD00207047000070B5054640
:40C00000008A00281ED01049F122897A1140C90618D5294640314A8A098A521C4A4392B2D10800D10121540801E0621A94B2A042FBD9FEF79DFE012804D1298AA878224614
:40C0400001F0CAFC70BD0000941D002010B50023054C0B60248A944204D992001018C26E0A60C36610BD0000C81E002038B5044600200090A079002814D14020015D0529BD
:40C0800001D00E290ED168460DF0E2FC002809D12046009902F0ECFB03481021C28A2046FFF7D1FB38BD0000941D002010B50B4604460146184602F05DF8002802D02046D4
:40C0C0000DF02AFD10BD13B5044601AA11460620FDF754FF6846818861811CBD002800D10220704770470000F8B504462346401D543300909A1EA078911E01F007FB254622
:40C100004035A88A298A8000F8F750FA401E81B2688A884203D96982A07801F06FFF698A8C20015120460021433001F043FB27480088E88102F01CFFE989891C8AB26179AD
:40C14000FFF7A0FD01F086FC02F012FF2A8A6179FFF798FD074601F071FC688A002806D01B49088A032212021043088202E0002001F038FF1648803801886E8A002E0CD02B
:40C18000304648431349F8F7FBFA0004000C01D0401C80B21049488002E00F4800214180288A704381B2A07801F092FEFF2228374932B9B21346204602F02EFCE98AA07896
:40C1C00001F006FEA07801F037FAF8BD80102E40E0112E4071020000DA1400207FB504468034616805460E46183108226846F8F732FE31462031082202A8F8F72CFE1021BD
:40C2000068460DF0BFFB6068102108300DF0BAFB60682B46083024331022694602F074FE7FBD10B504460821FFF718FB10212046FFF714FB207905281FD006281DD0082890
:40C240001AD12189002003F08DFB072020712046FEF7DEFF014620464030012913D00E21017000210176204600F0CEFF2046FFF76BFE2046FFF7C2FE10BD2089012200217E
:40C2800003F054FBE1E70521EAE70000FFB581B01F4604460821FFF7E1FA10212046FFF7DDFA2079082803D0092804D0042203E00422012501E009220025204600F044FECC
:40C2C000264600204036307022712046FFF73CFE0398002D02D0012808D00BE001280AD120890022029903F021FB04E02189029803F038FB012700203076012F04D02046CE
:40C3000000F082FF05B0F0BD02983073204602F0FDFA054605480121C28A2046FFF793FA002DEFD109202071ECE70000941D002070B50C460546FEF76BFF012809D1082117
:40C340002846FFF78BFA0023012221462846FFF79DFF70BD10B5044600F0F6FD2046FFF7F3FD00214034217010BD70B505461A24FEF74EFF012809D108212846FFF76EFAE1
:40C380000023012221462846FFF780FF70BD0000F8B50446002000900E4668460DF058FB002801D00D20F8BD8420005908212030009D00F02CFA20460421383000F027FABF
:40C3C000002E02D1204600F00DFE2946204602F0DEF90E480821C28A2046FFF734FA204600F083FF25464035002808D0204600F023F8002801D0092028700020F8BD082008
:40C400002870204600F0ECFFF7E70000941D0020014610B540310A460978082906D0092907D00A2901D100F091F810BD0B20107010BD00F001F810BD70B50446007925464A
:40C440004035052805D0062803D008280FD00C2070BD03220621204602F02CFA0D480821C28A2046FFF7EFF91120287010E006202873204602F04AFA0646AA8A0A204243BF
:40C4800001212046FFF7DFF9002E01D109202071002070BD941D002038B504460020009068460DF0D5FA002801D00D2038BD2046009D00F0C3F908202071204600F092FD85
:40C4C0002946204602F096F900213D2001550F2040210855204600F083FF002038BD00B5024600F031FD10214032117000BD10B50446FEF78DFE012809D04020005D1128B5
:40C5000005D100231A4606212046FFF7BFFE10BD10B5FFF786FE10BD38B504460021684600910DF095FA00280CD12046009902F0E2F905480821C28A2046FFF784F90D20CD
:40C540004034207038BD0000941D002038B504460021684600910DF07BFA002801D00D2038BD2046009902F0BBF905480821C28A2046FFF768F90C2040342070002038BD64
:40C58000941D002000787047F8B5002569460D70002801D0002400E01F4C002C18D0204600F0DBFC002813D0207903280BD005280CD026464036B18AA07801F093FCB07844
:40C5C000012806D01DE0042020711DE006202071F8BD0021204601F0EAFD274680373868002802D00DF0A2FA3D600020B0702079072802D12046FFF701FD0221204600F020
:40C6000009FF20790428E3D1207A694608703420FEF7B0FCF8BD0000FC1D002010B54C22115400F052F810BD10B50446FF21FFF715F909202071A07801F07AFC10BD0000FD
:40C6400038B5FF216A461180002801D0002400E00B4C002C12D011460620FDF78FFC684601882046FFF72FFD204600F087FC002804D104480068C1692046884738BD000071
:40C68000FC1D00201C15002010B504468079002809D022214C200155FF212046FFF7DEF8204600F012F810BD10B5037902464032002B03D01173092B02D003E0002100E0FC
:40C6C0002221117300F001F810BDFEB504460089002700902781207926464036002817D0012815D002280AD112E002AA01A9204601F02EFD002807D101980DF00DFA20466E
:40C7000001F04EFD0028F0D02046FEF7D1FCB776254680352868002802D00DF007FA2F606868002802D00DF001FA6F60317B002919D0009800F064F8A078002100F098FF56
:40C740002046FFF795FAA07801F06AF8A07800F049FDFF212046FFF781F80B20FFF742F800F07AFCFEBD1F213173E2E7F8B517460E46054602F0F8FB04003CD020460C30B7
:40C7800001F008F82046062200211830F8F76CFB2046062200211230F8F766FB1648224600683946436A28469847074626702846FEF72EFD012148406070002D10D02889AA
:40C7C000608028464030C1782171002E0FD169796171018AE180418A2181808A608106E00648008BC005C00F2071002060803946204603F03AF8F8BD0015002000102E4054
:40C800000A4610B50146002003F04CF910BD10B50CF094FE10BD000000B50146FFF702FA002801D0002000E00348002802D002898A4200D0002000BDFC1D002038B50446B7
:40C8400080346068002806D168460DF011F9002801D100986060606838BD000010B5014600F086FB0128887802D0FEF7DBFC10BD90214843024940186030007F10BD0000AD
:40C88000DC1D002070B5054604464035A87F012811D1A1789020084A484380186030067F3046FEF78DFE002805D10220A877A078314601F05FF870BDDC1D002010B50C4C3C
:40C8C000A07A002813D0FEF727FF0A48027F417F408B00F0C9FB012809D10020A07200F00FFF05498989090B01D000F03BFA10BDAC1E0020DC1D0020A0102E4070477047ED
:40C90000490510B5490F0B00FCF7CEFC060704080C0C0F073E21FFF781FE10BD0821FFF7C3FE10BDFFF7D1FE10BDFFF7ADFE10BDF8B507460025002D01D0002600E0204E9E
:40C9400000F0ACFE3046403044890021418100F0AFFE304600F001FB01282BD1A00702D52846FFF711FEE00602D52846FFF768FEA00601D5FEF7D0FE600601D500F026FB5F
:40C98000200602D5284600F01DF8600702D5284600F02CFA380402D52846FFF713FB780402D52846FFF700FBE00703D021463046FFF7A6FF6D1C2D062D0EBCD0F8BD0000A4
:40C9C000FC1D0020F8B5002801D0002400E0284C002C4BD025464035A878012846D1FF278820493700593E46002805D02149897A890601D5878AC68A2046FEF709FC012875
:40CA000034D002F0B5FA2A8A6179FFF73BF9009001F014F800983346283081B23A46204601F0FAFFE98AA07801F0D2F912480188688A124E002810D048431149F7F7A0FEAB
:40CA40000004000C01D0401C80B27080A07DC107C90F002001F098FA01E000207080288A698A484381B2A07801F032FAF8BD0000FC1D0020941D002060112E40DA140020C2
:40CA80007102000001490968096808471C15002070B50D460026194A0146002801D0002401E014462034002C26D0204600F060FA01280AD19020484380186030007FFEF796
:40CAC0007FFD002801D101F0A1FE0D48006881692046884700280CD020464030817EA94202D3491B817600E086762089294602F07AFF204600F074FC70BD0000DC1D0020F5
:40CB00001C15002070B503460088FFF785FE040013D000F022FA00280FD02079092819D02546997840352973204601F0EFFE0646A878012803D0AA8A02E0022070BDEA8878
:40CB40000A20424301212046FEF77DFE002E01D109202071002070BD0EB5002217216B460292198100905A810120029B00990DF07DF80EBDF8B518480024807A002822D1C6
:40CB8000164E0025B089000B22E0204600F022FE1249A039401807882A462146384600F063FA012810D00E480122478305770A4944778A72002D01D0002000E0203000282B
:40CBC00001D000F00DFCF8BDB089000B641CE4B20028DAD1F8BD0000AC1E0020A0102E40DC1D002010B50088FFF716FE002809D0014640310C460978082905D00B2903D0C3
:40CC00000C2010BD022010BDFFF716FC002801D009202070002010BD70B503460088FFF7FBFD040008D0254640352878082805D00B2803D00C2070BD022070BD8420005975
:40CC400010220830991CF8F706F92046FFF7C6FA2878082804D02046FFF778FC002801D00A202870204600F0BBFB002070BD000010B50C46002121700088FFF7CDFD0300EF
:40CC80000BD000F06AF9002807D00948F121807A0840C00603D4112010BD022010BD022020701A8A1889002102F018FF002010BD941D0020F8B50F46002100910088FFF707
:40CCC000ABFD040012D000F048F900280ED0E079410641D4617E02264A07002A08DB8907402500291ADA2843E07135E00220F8BD02F03AF90021017021894180A18981804E
:40CD0000217E4170E189C1803E7005460178134802F0BEFB284602F085FE1DE0204600F02DF9012806D068460CF092FE002803D00720F8BD2A20F8BDE07900992843E07167
:40CD4000204601F00DFE607E0421304360760448C28A2046FEF777FD0020F8BD1D040000941D00203EB500220F236C460292238100910190628169460EC900200CF076FF8A
:40CD80003EBD0000F8B50F46054600F0A9FA040025D003202071254600264035EE76E6702046FFF7A1F900F0FFFF0920FEF71AFDA07800F023FD0121204600F02BFB2E70AE
:40CDC0006E70AE703A4600212046FFF7CFFC0649887B401C8873A078FFF754FEF8BD284601F0A6F8F8BD0000DC1D002010B5002801D0002000E0094800280DD0014640311A
:40CE00000A464978022901D100215170807DC107C90F002001F0B8F810BD0000FC1D002070B503460D460088FFF7F6FC04000BD000F093F8002807D01248F121807A084066
:40CE4000C00603D4112070BD022070BD20464030418A008A491C41430804C10C5888884201D2122070BD20822079072802D12046FFF7C4F8022028702089002102F056FE80
:40CE8000002070BD941D0020016A491C016204D1817E491C4906490E81767047C169491CC16104D1C17E491C4906490EC1767047F0B5074687B003A8009005A800260D464C
:40CEC0000190002F01D0002400E01B4C002C05D06846FCF735F8002803D00BE0022007B0F0BD68460089C00704D1902200212046F7F7BAFF114829460068826820469047F1
:40CF0000050016D1A77066762746267140373E70204600F019F8204601F03EF9084820820848BE77807AF121084000D001202075E682E8B2D3E70000FC1D00201C1500205D
:40CF4000B80B0000941D0020002101628176C161C17620300177417770470079002805D0012803D0022801D001207047002070474030807F002800D00120704740300078CF
:40CF8000002807D0012805D0052803D00E2801D0012070470020704710B5807801F07CF8002800D0012010BD074A0146927B0020002A07D040314A78022A02D08978012994
:40CFC00000D1012070470000DC1D002010B500F097FB03498989090B01D0FFF7C3FE10BDA0102E4070B5054604464035A87F002825D1FF206075A0789021154A4843801890
:40D000006030417F9023491CC9B24177A0785843104B8018DB896030994201D300214177A0789021484380186030467F0677A1783046FEF7C5FA002802D00120A87770BDCB
:40D040000220A877A078314600F094FC70BD0000DC1D0020C81E00200020401C0006000EFBD0002070470000F0B515468207920F85B0000A02926A469080002D01D0002403
:40D0800000E0564C002C28D0084600F0A3FB07466846808800280BD00298012843D0022841D003280BD03D20005D012879D08FE04B48381801882046FFF705F888E00020E9
:40D0C000029002A80CF0A4FC002807D03D20005D012802D12046FFF7D7FE7CE06846029E8388324600213846FCF75AFE3C48381801882046FEF7E7FF284600F0A9FA01AA11
:40D1000021463046FEF7D4FD002806D030460CF0EFFC3D204C21085531E0F5773146204601F0A2F957E0002000902089039068460CF05EFC002802D0002005B0F0BD684693
:40D14000009E8388321D00213846FCF729FE2448381801882046FEF7B6FF284600F078FA2046FFF7FAFE002805D025464035287E002810D107E030460CF0B0FC2BE0204683
:40D18000FFF752FA27E001AA21463046029BFEF7C7FD002806D030460CF0A0FC3D202873EDE712E00298FEF79DFF0399317003990001090A0143717068468088B070000A61
:40D1C000F0703046FFF7C8FC05E02046FFF75CFE284600F03DFA0120AFE70000FC1D002000102E4010B5074A917B002901D0491E91730021FFF75CFE002801D0002010BD23
:40D20000012010BDDC1D0020F8B5074606464037B87F00282DD0B078902100904843234945186035287F0099FEF7DFF901281ED0287F401CC4B21E48C089A04200D8002452
:40D240000020B877FF276F772F77A87702460146009800F0FBFC717DFF2903D0304600F05CFF777501F0D2FA0025114F19E00320B877F8BD00200090224669463046FEF776
:40D28000E5FE0099002904D0FF231A463046FEF7C4F9641CF889E4B2A04200D800246D1CEDB2F889A842E5D8F8BD0000DC1D0020C81E002010B502460021084B03E0002925
:40D2C00001D0002000E018460479944204D0491C0906090EF3D0002010BD0000FC1D002000B50120FFF7E6FF00BD10B5044601F03BFE218901808034616841606168283152
:40D30000816002F049FB10BDF7B50646087982B00C46092807D0A078F0770846FFF728FE012806D010E030460CF0F6FB022005B0F0BDA1789020294A484380186030007FD7
:40D34000FEF73EF9012810D0A078FEF7BFFD01280BD037780121304601F004FA25462035062F38D00B2F0FD107E06846027C21463046FEF79BFE0D20D9E72046FDF748FF52
:40D38000012801D1002028772046FFF767FA054604AA21463046FEF7F8FC01205F2108556946097C002001910090A07833463A46294600F089FA69460A7CA07803232946EE
:40D3C00000F0CAFDA0782946FDF750FE30460CF0A3FB0020ABE70120D5E70000DC1D002010B502464032937F0021002B03D1927E002A00D00121064A927A002A00D00021A1
:40D400000279092A00D10121807800F0DDFD10BDAC1E002070B50C460546FDF7F9FE00280BD1012C06D92879092806D02846FFF7B3FD0446002C02D004E0012402E0A87D01
:40D44000C007FAD1A87DC107C90F204600F09CFD70BD0000012807D0082804D104480282034808300180704701488038FAE70000A0102E40014908817047000000102E40A1
:40D4800010B50446FF20F130012C01D1FF20D530002200F0CBFD044A108A044980B2A0430880108210BD000000102E40DE140020034B198A034A89B281431180198270473F
:40D4C00000102E40DE14002010B50446012802D0082C07D102E0FF20D53001E0FF20F13000F09CFD0348018A034A89B221431180018210BD00102E40DE140020034B198AB2
:40D50000034A89B2014311801982704700102E40DE140020F8B505460120A84086B214460F46012231467C2000F080FD3A463146782000F07BFD6078267800020643E07811
:40D54000A2780002024360792379000203430C2045430D2080010549281844182680001D44182280001D40180380F8BD00102E40CB065B0E0343480901021943D001084309
:40D580000121C902084301490881704780142E404278037812021343084A1382C37880781B021843908248780B78000203431383C8788978000201439183704700142E406F
:40D5C000024A1080000C90801181704700142E40044A002180180288491C89B21029FAD37047000000102E40024A10820148803081817047A0102E4010B5054A108208465A
:40D6000000F038FD024A0021A03A8018018010BDA0102E4010B50B46044600F005F819462046FFF7E1FF10BD024A10820148803001817047A0102E4010B504490882FF20DC
:40D64000002220211D3000F0F1FC10BDA0102E40000202494D3008807047000000102E400249888A0422904388827047C0112E4010B5084B074C0202A03B0029208202D06E
:40D6800075321A8010BD04490020088088807632F7E70000A0102E40201A2E4000B5034908884880FFF704FF00BD0000DE14002000B502484088FFF721FF00BDDE14002046
:40D6C00010B5FCF723FD10BD014952200880704700102E4000210170704700000748808806492039098B884201D8081A03E00022D243101A401880B27047000020112E4047
:40D700000148008AC0B27047A0102E4070B5084C049D2082074804890548603006880E8001891180808818806007400F287070BDA0102E40E0112E40014800897047000002
:40D74000C0102E4000280FD00D4A108B0870000A4870908B8870000AC8700948203000880871000A48717047064A10880870000A487090888870000AC8701089F0E70000E3
:40D7800040102E40C0112E400148008A70470000001A2E40064B1A8999891B8A0270120A42708170090AC1700371190A4171704760102E40012904D00549098BC90B017027
:40D7C00070470349403109898907C90FF7E7000000102E400148408970470000C81E0020044A10820448028980894843101880B270470000A0102E40C81E00209021074B0D
:40D80000414300B5C918FF2260314A770A7700228A77114600F01AFA00BD0000DC1D002090225043074A10B58018FF21603041770177002181770448418EFF201D3000F023
:40D84000EDFB10BDDC1D0020941D002000B5044A1082034880308088022200F003F800BDA0102E4010B50023884201D8081A03E00024E443201A4018044980B2884201D8F8
:40D88000824200D90123184610BD0000FF7F000070B55478157824022543D47888232602947834435679127936023243002900D09823044908820348A038181805808480E2
:40D8C000028170BDA0102E40FFB581B014460D4607460A9E0B9BFFF783FF002E0AD0009333460021049AFCF7EBFA05484019C45505B0F0BD0021049AFCF7C8FAF5E7000099
:40D90000E214002070B502460448054D808808242C800B460021FCF7B9FA70BDC81E0020A0142E4010B5212402466401044953200880102300212046FCF7A8FA10BD00005E
:40D9400000102E40417802780902044B0A431A83C1788078090208439883704760142E40034A1082802001430148803001817047A0102E40054A1082044A6032908B00097F
:40D98000000108439115084390837047A0102E4030B500210F4B0A46012809D0032802D005280AD107E04021198102210A2204E004210C2201E004210D221882054C2034AF
:40D9C0002088C0B205460D42FAD022800021198230BD000080142E4010B5044607480482074801808280032189030820FFF76CFD200202497530A039088010BDA0102E4011
:40DA0000201A2E40054A1082044A60321183000202494B30A039088070470000A0102E40054A491E1082044A60321183000202494C30A03908807047A0102E40034988421A
:40DA400000D908460249088070470000FF0F000060112E400349884200D908460249888070470000FF0F000060112E408823002900D09823084908820748A03819180888B2
:40DA80001070000A507088889070000AD07008891071000A50717047A0102E4010B51446024606480B46C0880021FCF7D5F9012C02D103495420088010BD0000C81E0020C5
:40DAC00000102E40064A11880170090A417091888170090AC1700349542008807047000080142E4000102E400121814010B589B200227C2000F09AFA10BD0000FEB5FF21F8
:40DB00000120FFF7BDFCFF210820FFF7B9FC3020FFF7CEFC3F48802101803F483F4D00784007400F02286FD001286BD100202880002211460320FCF721FA394E3949B08DC2
:40DB40008882384F002420373248A0300482308F38822046FFF764FE641C2406240EF3D0B08F38832E48103000F052F9716930690191009069464879C0210843694648716F
:40DB8000684600F06DF900F055F82548214C40304188A03421838188A1831E49C088C0318880708E38802048002606823920FFF7A5FC184F532038801C49072008835420EB
:40DBC0003880E020FFF704FDE820FFF701FDF020FFF7FEFC0020FEF74BF813488682282101838015A0810F48403086815B203880094800784007400F022807D0012801D1E0
:40DC00000B482880FEBDFFE7032090E70848C01CF7E7000000102E40C81E0020001F2E40941D0020C0112E40001A2E4080142E40E023000004480021818301830249742022
:40DC4000603908807047000060102E40074B1882064B6033988B00090001084399158843002A01D11021484098837047A0102E40F3B50D2284B0920100924A780B781202FF
:40DC800013430393CA788B78120213434A790979FF20120211431A4A8C46918B9E460291118B01911649742260390A80154900220F7821E00121124B9140009C603BE31864
:40DCC0001D8889B21C881B88039E6E407546654064462E435C4026430CD1029B194209D00199D140CB070499DB0F8B4202D1104606B0F0BD521CD2B29742DBD8F8E70000C6
:40DD000060102E40D41D002030B50949FF208C8B084A00210125137805E02A468A40224204D0491CC9B28B42F7D830BD084630BD60102E40D41D002010B50446E020FFF774
:40DD400047FC20782246401CC3B20021E020FCF743F810BD42790021012A02D901214171090342790A430179042914D049001143827B032A01D8D2001143427B52010A43FB
:40DD8000817909021143012252031143054A118300889083704711460122920211430222E5E7000000102E4000B50120FFF780FB01494120088000BD00102E4000B50120AE
:40DDC000FFF79CFB01494020088000BD00102E40024A10820148603081817047A0102E4010B5044C208204488180028183815143018210BDA0102E40A0132E40034B188205
:40DE0000024820388180028070470000A0102E404178027809020A4306490A80C2788378120213438B804279007912021043088170470000C0112E404178027809020A4335
:40DE400006490A81C2788378120213438B81427900791202104308827047000060102E40417802780902084B0A431A83C178827809020A439A83417900790902084302496C
:40DE8000203108807047000040102E404178027809020A4306498A80C2788378120213430B814279007912021043888170470000001F2E4010B50446E820FFF789FB2078F4
:40DEC0002246401CC3B20021E820FBF785FF10BD024A10820248818370470000A0102E40001A2E40024A10820148603081807047A0102E4010B5044688000521F6F756FB6C
:40DF000004490C8204498880200202497230A039088010BDA0102E40001A2E4003490882000202497330A03908807047A0102E4003490882000202497030A03908807047F7
:40DF4000A0102E4003490882000202497130A03908807047A0102E40F8B505461C4617460E46084600F086F8054AB90021431582034AA03A80180180024880194455F8BD4E
:40DF8000A0102E40E714002030B50E4C238A01251A46012804D0022804D000290BD00CE02A430AE0002908D12A4322825008400020821A4601E05A0852009A4200D02282E2
:40DFC00030BD0000001A2E40054A1082044A6032908B4023984389010143918370470000A0102E40044A118A0223002801D0194300E0994311827047001A2E4000B5064AE5
:40E000001082054860300181002901D0012000E00020FFF7E7FF00BDA0102E40024A801802880A430280704700102E4070B5084BC5182C880023080003D104E040085B1C00
:40E040009BB2C607FAD08C439A4022432A8070BD00102E40024A1018405C8007800F7047E7140020024908820148803080897047A0102E408000FF3041307047044B024647
:40E080001B8AFF208B4202D902484018805C7047C81E0020E2140020024908820148803000897047A0102E40174902460B680020002B08D10A605207520F012A04D0022AE9
:40E0C00010D0086012207047112292018A80CA80032252020A810122D2024A8140228A8105220DE0092252028A80CA80012252030A810322D2024A81012252028A8104224C
:40E10000CA810A8270470000C81E00200A4600B501461046FFF7B2FF00BD38B50C4605460021684600910BF093FC002804D1009928464C7000F006FC38BD10B50446807823
:40E140000021FFF745FE01212046FFF763F910BD436E002B0CD00B60014660318B781370826E4266CA788A700021816608467047FF20704710B50346446E6033002C04D013
:40E18000846E002C04D0FF2010BD41669A7001E08166DA70002010BD0021416681667047406E002801D000207047FF20704770B50446C0790D46810610D5DF210840E07117
:40E1C00000F0D2FE0570218941804034218A8180618AC180A18A018101F01AFB70BD000010B50446FEF7C4FE01280AD1A1789020054A484380186030007FFDF7E1F9012848
:40E2000001D000F003FB10BDDC1D0020F8B50E460446FCF7FDFF01282BD02079042801D0072825D1F079B77900020743A0783946FFF70CFB25464035012820D03A46711CA1
:40E24000204600F090FA02212046FDF788FEA07DC107C90F0220FFF797FE688A002807D0E87E002804D1032109020820FFF72CF9F8BD01222421204600F01CFBF8BD282004
:40E2800028732046FEF7D0F9F8BD70B50D460646FDF7FAFD002852D120213046FDF7DEFA3446687840346073E87820220002E081A9780843E0816879010228790843218A7F
:40E2C000814203D0F1791143F1712082E8790102A8790843618A814203D0F1791143F1716082687A0102287A0843A18AE180814203D0F1791143F171A082A08A218A8000E8
:40E30000F6F754F9401E618A80B2814200D9608201213046FDF726FEE87AA97A000201430022304600F036FB608A002807D0E07E002804D1032109020820FFF7C5F870BDFB
:40E34000F8B50C4605460027FCF762FF012847D0284EB07AC00709D02846403000900078002806D0102803D01F212CE01A212AE001272846FEF762FA002823D02E468036AC
:40E380000822611C7068F6F766FD7068617A20300172A17A417270682146183008220B31F6F759FD21462846042213313430F6F752FD39462846FDF7EBFF002810D1002F38
:40E3C0000FD012E007210322284600F073FAF28A08212846FDF737FA11212846FDF7C5FDF8BD06212846FDF7C3FD009801210176F8BD0000941D002010B5FEF709F810BD69
:40E4000038B504460020009020790D46032803D0042801D007281BD12046FCF7F9FE012817D068460BF014FB002811D10C486A78807A00991040F12210402075607E0822B8
:40E4400010436076204600F0BDF92046FDF7D3FD38BD08222421204600F02CFA38BD0000941D002070470000F3B581B004460298FEF788F806462046FEF76FFD00282FD074
:40E48000162E04D32046029900F0FFF828E025464035287800270300FAF706FF0E1B1B1B08081B1B1B0808080808081B0298194A01780020135C8B4201D1012702E0401C9C
:40E4C0000728F7D3E87E002801D1072901D0002F0AD01049B00008310A5820460299904702980BF005FBFEBDA078FFF721FD002301223D212046FDF7C9FE3D20287320469E
:40E50000FFF71BFE02980BF0F3FA2046FEF7DDF8FEBD000094E2010070B50D460021002801D0002400E00C4C002C14D020464030C177807F032802D12046FEF765FE2046BB
:40E54000FFF74EFE162D04D20449A800095820468847FEF781FD70BDFC1D0020F4E2010010B5014640310C4609780E2903D1FDF793FF0120207610BD10B54021095C0F29DD
:40E5800001D1FDF7ACFF10BD4021095C0F2902D1002120304177704738B5044600220E4800920D46807AF1210840C0060ED52046FEF7E4FC012809D068460BF049FA00288A
:40E5C00003D12046009900F05FF938BD2946204600F05BF838BD0000941D002010B51021FDF73CF910BD10B54978FDF7A1FE10BD10B5FDF77CFF10BD012120304177704779
:40E6000010B54021095C0C2901D1FDF785FF10BD10B54021095C0D2901D1FDF779FF10BD70B5044600790D46052803D0062801D0082802D12046FDF78DFE68784C2108556B
:40E6400009212046FDF794FC2046FFF776FD2046FCF7DEFD0128A07805D0FFF769FC2046FEF7BEFE70BDFFF76DFCF8E710B50446FF21FDF7F3F816214C200155A078FFF77B
:40E6800057FC2046FEF7ACFE10BD70B50C460546FEF76EFC002802D02078687570BD21782846FFF73AFD70BD70B5054648780C46032802D12846FDF758FE6078122803D1F9
:40E6C00010212846FDF7CAF803482146006842682846904770BD00001C150020704738B5044600200D46009004212046FDF7B6F868782076E8780002A081A9780843A0819A
:40E7000068790002E08129790843E081607E04210843607680070CD468460BF099F900281ED12046009900F01BF9607E022108436076E079410613D5BF210840E07100F054
:40E7400013FC00210090017021894180A1898180217E4170E189C18001F064F9FEF77CFC38BD7047704770B50446C07815460A4600280AD00020E070C1B2A078FFF788F8F4
:40E78000A0782946FFF73EF970BD0120F3E770B50546042008700C468420415908222031601CF6F758FB29462046042238310930F6F751FB0D2229462046FEF7A5FD002019
:40E7C00070BD000070B5054609200C46087008220021601CF6F748FB287D607004480922C07AA07029462046FEF78EFD002070BD941D00200B4610B501460B2018700122B6
:40E800001846FEF781FD002010BD0000FEB50024164F03E0002C01D0002500E03D462846FFF7BEFC00281BD15F20405D002817D16A4601A92846FFF78BFC002810D1019831
:40E8400069460A7806782946FEF75EFD022E07D1A8780121FFF7B8FB09212846FDF788FB641C2406240ED5D0FEBD0000FC1D002010B50B46122119708178D977014601222E
:40E880001846FEF741FD10BD10B50B46132119708178D97706490989C90603D1C18A40221143C182014601221846FEF72DFD10BD20112E4038B50546002000900C466846DB
:40E8C0000BF0C6F8002801D0072038BD00980D210170447002222946FEF716FD002038BD0B4610B501460520187001221846FEF70BFD002010BD0B4610B50146062018702F
:40E9000001221846FEF700FD002010BD38B505460020009068460BF09BF8002801D01F2038BD009C022020704C20405D6070A878E0772846FFF701FC022229462046FEF739
:40E94000E3FC38BD10B50B46072119708178D977014602221846FEF7D7FC002010BD000010B50B460A49044608880C221A704A795A709870000AD870C8881871000A5871A7
:40E98000062221461846FEF7BFFC002010BD0000941D0020F8B50446403417460E460546E289617B8078FFF729FA002F0DD100F0DFFAE2896979FDF765F9FFF74BF8608AA5
:40E9C000002800D00120FFF70DFBE388A08A984200D90346628A218AA878FFF701FAE089E188C0080A30081881B21920C001814200D90146A878FFF775FAA8783146FFF7B1
:40EA00000FF8A87DC107C90F0220FFF7BDFAF8BD00B500F017F800BD10B504468818C018FF302D300649F5F7C1FD4034401C228A81B28A4200D211465000401AE08210BD8C
:40EA40007102000040184008704770B505461446100702D5A8B2FDF76BFFE00702D0280CFCF762FF70BD70B5044660C8FCF742FBFBF774F82089C01F0300FAF715FC0C0729
:40EA8000140C181B1E0C0C210C110D0C294630466289FFF7DAFF70BD284600F05FFC70BDFDF70CFF70BD2846FCF78CFC70BDFCF733FE70BDFDF722FF70BDFDF720FF70BDAF
:40EAC000E8B2FEF757F870BDF3B589B00021069103910491009101910291CF490D8928400590680713D5CC484030048A0598400708D50694A00803D1FBF796F8012801D12D
:40EB000001200490214600220420FEF7A3FCC34E290730462030C036089000297EDABE48A0300189BE48CA0704D0428907231B029A43428142890C460A4342810022082095
:40EB4000FEF788FC0598000768D508980790002002900394E00705D06005400F022801D1FBF72AFBAD482206203001468031403001910090002A02DA418A0198C160600650
:40EB800037D50198C068002833D00098C17E00292FD14178022902D0807801280ED1A004400F062814D0012812D00798807DC107C90F0020FFF7E8F901200290994F387819
:40EBC00000280DD00120FFF70DFA012078700AE00798807DC107C90F0220FFF7D5F9EDE70298012805D19049088A0322120290430882E0062BD500984178022902D0817842
:40EC0000012913D10199C96800290FD0C07E00280CD1FEF763FD022808D800E020E00798807DC107C90F0220FFF7AEF90220FBF7C3FA3079C00704D07C480122C1681143FD
:40EC4000C1607B480078002801D0012004901020844303D1FAF7E8FF012801D101200490E8077CD06C48203004880598C0070DD0039920040843039020460221884303D165
:40EC8000FAF7D2FF012801D101200490600712D5684F798800290ED03888401C80B23880884208D3FEF7DCFCFFF77EF800203880788001203871A0074CD50220FBF77CFA05
:40ECC000574F4037B87DC00710D0787E00280DD0387EF97D884209D2387E57498001096840181130FFF7D2F8002078763078012812D1E020FEF76CFCFCF7F8FD4B4F0246C5
:40ED00007860037800215B1CE020FBF765F878680AF0F8FE002030707078012812D1E820FEF756FCFCF7FAFD404F0246B860037800215B1CE820FBF74FF8B8680AF0E2FE9F
:40ED4000002070703079800704D538480222C1681143C160214600220120FEF77BFBE80605D50120FBF718FA1020FEF783FBA8062BD52D48E0380689808B089C8006C70FCE
:40ED8000FEF7DAFC294908800120FBF705FA2B4900200870002E15D0002F13D1214E70700120FFF71FF9E08A01060BD53178002908D1C107C90F0120FFF7E6F8E08A802130
:40EDC0008843E0822020FEF755FB680602D54020FEF750FB0720694608810698009003980190059848810498002807D069460EC90A9800280CD000200AF014FF0B4CE068CA
:40EE0000002803D0FCF7B0F80020E0600BB0F0BD00200AF02BFFF1E700102E40DC1D00203C1E0020DA140020E0112E40EC14002012150020D414002004150020C614002038
:40EE4000F0B587B0054605A81E461746019100900C9C04AB06AA02A903A800F0C8F82846FEF760FD21463046FEF74CFD6846017A0398FEF7A5FB05A904A8FEF789FB684619
:40EE8000027E21463846FEF773FB07B0F0BD000070B50548C4782046FCF717FD05462046FDF722F8284370BDDC1D002070B5054884782046FCF711FD05462046FDF72CF8FD
:40EEC000284370BDDC1D0020F8B5069E1F463478042C17D3231FDDB23B460095FFF7B0FF3819001FFEF72EFD0520FEF751FD0446012229460798FEF7D1FD3570E00701D0C6
:40EF00000020F8BD1F20F8BD70B51C4615460E46FEF708FD29463046FEF7F4FC0320FEF737FD012229462046FEF7B8FD1F2070BDF8B5069D089E2C780094FFF781FF0120EF
:40EF4000FEF726FD0746002221460798FEF7A6FD3046FEF7B7FD241D2C70F80701D00020F8BD1F20F8BD000000487047DC1E002008B56A4600210B20FBF700F868460078F5
:40EF800008BD000010B50B4C094923460833A160002142189278002A00D05A54491CC9B20429F6D3FF21A0689A314843A06010BD04030201DC1D002070B5059C049D207011
:40EFC000060A6670060CA670000EE0704806D101400E0843207104221946601DF5F73BFF2046042229460930F5F735FF70BDF8B5079C0E46E178069D09020160A77839430B
:40F000000902016067783943090201602778394301602079611D4006400E30702079C009107004221846F5F716FF2146042209312846F5F710FFF8BD10B5FEF77DFB094A05
:40F04000916848400849096848408108C3084409414063405940C30F59404008C9070843906010BDDC1D0020FC140020704700207047FF20704710B50446400606D5FF21DF
:40F080000020FDF77FFE0220FCF7ACFBE00603D500213520FBF76EFF10BD704770477047002070477047002070470020704700207047002070470020704703460020002A2A
:40F0C00005D0002B03D11B2901D3FB2901D912207047C9007031118070477047FF20704770470120704770470020704700207047014AD2681269104710150020014AD268E9
:40F1000012691047101500200348C078002801D000207047012070475C20002010B5012200F016F810BD000010B5054802780121002A017002D10120FAF7D4FB002010BD54
:40F140002015002010B5002200F002F810BD0000F8B5204D0F4629781646012904D02978022901D01120F8BD0C2148431A494418E078A178884201D31220F8BDF5F764F8FA
:40F1800062780C2361685A4351188CCF8CC1E178601C491CE1706178491CC9B20170A278914201D1002101706868401C68602878012803D0F5F744F80020F8BD0220287082
:40F1C000F5F73EF8002E03D00020FAF78BFBF3E70120FAE7201500205C20002010B51148002101704160C0220F48F5F73DFE0E4890220021C030F5F737FE182200210B48EF
:40F20000F5F732FE0948102181700C21817306494160C03101610649816006494161FAF745FB10BD201500200C1F00205C20002067EA0000CD030100F8B50025114C012608
:40F240002F462078002811D001280FD0022802D0032813D111E000F017F8F4F7F5FF6068002800D12670F4F7EBFF07E02078002806D02078012803D000E02770002DE0D005
:40F280000020F8BD20150020FEB51F4D1F4E0027FF2400200C2141438919C978002901D0044602E0401C0228F4D3FF2C2AD0F4F7CBFF0C204443A41921780C2260685143BA
:40F2C000081801460EC9029301920091076047608760E078401EE0702078401CC0B22070A178884200D127706868002802D06868401E6860F4F7A4FFA1680029C8D0684615
:40F300008847C5E7FEBD0000201500205C20002010B5830A082B02D00AF0AEFC10BD00F0D5F810BD10B50C460146207800F0F6FC0028204603D000F0FBFF002010BD00F054
:40F340004AFC1F2010BD10B5820A082A02D00AF045FD10BD00F0B4F910BD0000F8B5044640782578000205430020694608702846FFF7E9FF012827D16946A0780978884217
:40F3800022D01C498D4208D0891D8D4205D0C91C8D4202D0C91C8D4204D11221284600F077F80CE00022022805D32079E178000201430A05120D12212846FFF7A9FF2046DB
:40F3C0000AF06EFB1220F8BD0B4EA80A08282A4631460AD0E01C0AF04BFD20460AF060FB3146284600F00AF8F8BDE01C00F078F9F3E700000D20000074200020F8B50D462A
:40F4000004460020694608701D4884420FD0801D84420CD0C01C844209D0C01C844206D017481830844202D0401C844201D101200870A00A08280A462946204609D00AF061
:40F4400069FD064668460078002805D0012815D110E000F065F9F4E70022002D05D068782978000201430A05120D31462046FFF74FFF03E03146204600F00AF83046F8BD78
:40F480000D2000000148007B70470000AC1E0020F8B5054600200E4600906946082000F093FB002801D00720F8BD009C0F202070A670FFF7E7FFE0702571280A607104203A
:40F4C00060702146FF20FFF72DFFF8BDF7B582B00646002001900420694608707149724B701A0C22F51806278E422BD008DC002D1FD0012D1FD0052D20D00D2D08D11DE036
:40F50000032818D005281FD006281DD0072812D0664930460968884769460978401869460870634930460968884769460978401805E0781C03E06846027007E0052069463B
:40F54000087003E00B20FAE7684607706846007801A9001D00F038FB002802D0072005B0F0BD019C31462046039A00F0CBF80420694608704C481338301805D0052803D05B
:40F58000062801D00D2806D10499A17104996846090AE1710770039800281FD14149891F701A8E4251D007DC424F002D1ED0012D2FD0052D06D141E006284DD009285AD07E
:40F5C0000D2860D03C4B6A461B682146304698473A4B6A461B682146304698476846007860702146FF20FFF79DFEB8E769460978387E6118887069460978000A6118C870CE
:40F6000069460878801CC0B20870797E2018817017E06946087808222018801C0021F5F723FCB87AF1210840694609786118887069460978F87A6118C8702DE0FBF7BEFD6B
:40F6400005E069460878401C29E0FBF7DBFD6946097861188870F4E7684600782118891C0498FBF7BBFD002801D06071B6E769460878401D13E06946087808212018801C6F
:40F6800009F05CFF08E0694608780A492018801C08221C31F5F7DFFB69460878083008709CE7000015200000FEDFFFFF5415002044150020941D002050150020401500203C
:40F6C000064AC0B21378834206D3401E1269C0B2105C087001207047002070472815002030B4074BD2B21C78944206D39B689200D218403AD26B30BC104730BC70470000CB
:40F700002815002070B504460E2016460D462070FFF7B8FEA070E570280A2071667170BDF8B50D4D16460F46C1B22A780120914210D88C00E868314620184038C26B384661
:40F740009047002806D16868314620184038C26B38469047F8BD00002815002070B5154C0546212200212046F5F77EFB212212492046F5F770FB114AF121907A0840C30645
:40F780000F48017802D53023194301E0CF2319400170907AC007207F02D00721084301E0C008C0002077212221462846F5F753FB70BD0000DC1E002055E50100941D0020FC
:40F7C000FC1E002010B5FBF7A7FD10BD10B5FBF7CBFD10BD002070470120704710B5FBF73FFE10BD0020704710B5FBF73BFE10BD044A0178D180407800020143D1800020D0
:40F8000070470000AC1E002010B5FBF74EFE10BD38B504460020009069460E2000F0D4F9002801D0072038BD00993E200870032088702078C870A07808716088000A48712B
:40F8400020798871A088000AC871A0790872E088000A4872207A88722089000AC8720A2048700320FFF75EFD38BDF8B50546002000906946232000F0A7F9002801D00720B6
:40F88000F8BD009C3E2020700A2100F047FA01460120002946D001260A20A07007462878E070A978217169880622090A61716878A0712879E0712046294608300C31F5F79E
:40F8C000CAFA0C20002E0ED0204629460E3006221231F5F7C0FA20462946143006221831F5F7B9FA1820AA7921188A70EA88801C120ACA702A7A21188A702A89801C120A8B
:40F90000CA70AA7A21188A706A89801C120ACA70221869799170401C607021463846FFF701FDF8BD0026A0700127B8E7F8B5044600200E46009015466946082000F044F923
:40F94000002801D00020F8BD0099082008708E70CC70200A08714D7104204870FF20FFF7E1FCF8BD38B50C460021054600916946072000F029F9002801D0002038BD009997
:40F98000302008708D70CC70200A087103204870FF20FFF7C7FC38BD38B50546002000906946112000F010F9002801D0002038BD009C3E2020700520A0702878E0702888CD
:40F9C0000822000A2071601D6968F5F744FAA9680D200A7862734978A173607021460520FFF7A0FC38BD38B5054600200C4600906946092000F0E8F8002801D0002038BD8D
:40FA000000991320087001208870CD70280A08714C71200A8871052048700722042000F03BFCEBE738B504460020009069460C2000F0CAF8002801D0002038BD00990C2037
:40FA4000087020788870A078C8706088000A08716078487120798871A088000AC871A0790872E088000A487208204870FF20FFF759FC38BD38B5044600200090694606207B
:40FA800000F0A2F8002801D0072038BD0099572008708C70200AC87002204870FF20FFF741FC38BDF8B5064600200C46009015466946082000F088F8002801D00020F8BD35
:40FAC0000099052008708E70CC70200A08714D7104204870FF20FFF725FCF8BDFEB507460020009010480E46019015466946082000F06AF8002801D00720FEBD009C32460E
:40FB000020460199FFF7FEFDA771380AE0710620002E03D1290A25726172082060702146FF20FFF7FFFBFEBD7B0C0000F8B5054600200E4600900C4F6946062000F044F85C
:40FB4000002801D00720F8BD009C324639462046FFF7D8FDA571280AE071062060702146FF20FFF7DFFBF8BD7C0C000010B5FDF739F810BD10B5FDF74FF810BDF8B505464E
:40FB80000020074600900D4E6946142000F01CF8002801D00720F8BD009C3A4631462046FFF7B0FD1022A01DA918F5F754F9142060702146FF20FFF7B5FBF8BD1720000090
:40FBC00010B5FBF7E3FB10BD0A4610B5C1B2104609F0F6FE10BD10B509F06CFF10BD0000F8B50546C078AF78164C00020743A07D26468000203E8019103004222946F5F74F
:40FC00002AF9A07DB38E800082191032291D042B16D03550A07D0023400080190784A57D204610302B54A07D401CC0B2A075042800D3A375B08E401CB086104600F069FB8A
:40FC4000F8BD0000D8200020FEB5144C0025E17D204610300D54E07D26468000203E305809F03CFFE07D401CC0B2E075042800D3E575B08E401EB0860948807A00280CD0BD
:40FC80000095019511206A4602951081558129460A460020029B09F0E9FFFEBDD8200020AC1E002010B5184C207A002827D1F9F789FF164900208875C87520398886207213
:40FCC0006072A072A08210BDA07A00280DD0401EA0720D4A0006410D403A8818515C4068022907D0042907D101E00920F0E709F0E1FE01E0FFF7A8FFE07A401EE072E07AE6
:40FD00000128E1D810BD000030210020D820002010B5FFF7C7FF002010BD00001B4B10285A7A2DD00CDC0C2823D004DC05281ED0082829D124E00E2824D00F2824D121E01F
:40FD4000302818D004DC13281CD01A281CD114E03E2802D0572817D111E0500614D5491E01208840D98880B201420BD10CE0012006E0802004E0202002E0022000E0042089
:40FD8000024201D00120704700207047AC1E002010B50B460178401C197001460622581CF5F759F810BD034610B5084608221946F5F751F810BD704770477047427812025A
:40FDC0000A8003781A430A8080788870704770B50D460446014610222846F5F73CF8214610221031A818F5F736F870BD427812020A80007802430A80704710B50B464178A1
:40FE00000A021A800178801C0A431A8001461022981CF5F720F810BD427812020A80007802430A807047427812020A80007802430A8070477047427812020A8000780243AA
:40FE40000A807047427812020A8003781A430A80807888707047007808707047427812020A80007802430A80704710B50B460178401C197001460622581CF4F7ECFF10BDE9
:40FE800010B502780B460A701F2A03D8411C581CF4F7E1FF10BD00780870704770B5054640780C46000208802978062208432080E87800026080A97808436080287920718C
:40FEC00068796071A879A071E91DE01DF4F7C3FF687B6073A87BA07370BD0022835C0B70521C491CD2B2082AF8D370477047034610B5084606221946F4F7ADFF10BD704719
:40FF0000704710B502780B460A701F2A03D8411C581CF4F7A0FF10BD70B5054640780C46000208802978082208432080A91C201DF4F791FFE87A102200026080A97A084399
:40FF40006080294620460C310C30F4F784FF70BD02780A7042784A70807888707047427812020A8003781A430A80C27812024A80807802434A80704710B504460088FBF790
:40FF800029FE00280AD0A078152811D008DC05280ED013280CD0142808D109E0022010BD1A2805D0292803D03B2801D0122010BD002010BD0078012801D912207047002010
:40FFC000704700207047002070470020704710B50088FBF7FFFD002801D0002010BD022010BD10B50088FBF7F5FD002801D0002010BD022010BD10B50088FBF7EBFD002860
:020000040001F9
:4000000001D0002010BD022010BD002070470078272801D912207047002070470078012801D9122070470020704710B501790388428804291BD801290ED0934217D80124FB
:40004000A403A24213D8202B11D3817B03290ED8012901D0042902D18179032907D84179032904D8407B410701D0C00800D0122010BD00781F2801D9122070470020704747
:400080004178CA088178D2001143C2780A430179114342790A438179C0791143084300D01220704700207047002070470020704700207047002070470178272902D88078E0
:4000C000072801D9122070470020704710B50088FBF780FD002801D0002010BD022010BD10B50088FBF776FD002801D0002010BD022010BD10B504460088FBF76BFD002806
:4001000004D0A078012803D9122010BD022010BD002010BD0020704710B504460088FBF759FD002804D06088002803D0002010BD022010BD122010BD7047002070470020D5
:4001400070477047014A1268126A10474C15002010B50B48017A01290ED0C17A00290CD001210172407A064BC000403BC1184A884968185CF9F727FD10BD0021017210BD30
:400180003021002070B503461448C47A092C0BD3022B05D0042B02D10846FFF71CFD70BD0846FFF751FD70BD847AE5000B4C403C6355837ADB001B195960817AC90009194D
:4001C0004A80C17A491CC172817A491CC9B281720929E8D30021817270BD00003021002010B50F4CE17A002918D0617A2246C900403A515C022904D0042904D1FFF7EBFC58
:4002000001E0FFF721FDE07A401EE072607A401CC0B26072092801D30020607210BD0000302100207047FEB5002406460D462046009401940294012E05D0022E1AD1084651
:40024000FBF7C0F815E012206946088100954A81002B69460EC90ED0002009F0E3FC040007D000F02FF8002803D02946304600F043F8E0B2FEBD002009F0F8FCEFE7000061
:4002800010B5FFF7ADFF034800210172FFF760FF10BD00003021002010B5FFF773FFFFF757FF10BDF8B5154607465C1B2046069EF4F7D1FDA81982B221463846FFF7ECFFD5
:4002C000F8BD00000148007B704700009C1E002010B5012802D002280AD103E0084609F05FFB02E0084609F0A3FB0006000E01D0002010BD012010BD10B5012805D0022837
:4003000002D1084609F0FEFB10BD084609F0C8FB10BD08B50B46C17882780902891889B20091014604220220FFF7BCFF002008BD3EB54178002216236C46029223810090A7
:40034000891C61810120029B009909F08FFC00203EBD10B500210846FFF79AF810BD0EB500210191029118216B461981009001205881002A69460EC902D009F053FC0EBDCB
:40038000012009F073FC0EBD10B50B4B0B4A0C490C48F9F711FC0C480021017241728172C172017402468182403A116641828173C173084610BD00005F03010025020100D0
:4003C00027020100530301003021002010B50189162907D017290BD0182902D10068FFF74FFF10BD428901680420FFF755FF10BD0068FFF7F5FB10BD70B58AB0284801F0B4
:4004000065FE00280FD1274801F05AFB00280AD1264925480860084600F0E6F8002802D1234806F069FB054602A802F019FE002402AE07E0E000001B8019401CFAF79EFC45
:40044000641CE4B26846007AA042F3D8002D24D10020694688716846FAF7BCFC062269461448F4F7F8FC684602F01CFF0120694688716846FAF7AEFC062269460E48F4F759
:40048000EAFC0021012000F05BF80C480078012803D10021FD2000F053F828460AB070BDD11401002D170100813901005C150020A53701006C160020781600205014002012
:4004C00070B504000ED0206800280BD00A4DA8600420687000F094FD204601F02DF8002802D006E0012070BD02F0C6FE204603F00BFE0021297070BD5815002010B500246F
:4005000022460A490A4800F03BFD0A49884200D108240949884205D00849884202D0491C884200D10324204610BD0000F9030100193701001110000005200000111100007E
:40054000002804D0024A9268002A00D0104770475815002070B50546012016460C46002D11D0002C0FD0002B03D1FAF769FD002809D1B2B221462846F3F76EFD002802D06C
:40058000012800D02C2070BD10B5F9F7CFFE10BD30B5054608480C000CD0002D0AD0284600F00EF8002805D16978044A09018918C988218030BD0000112F0000542100201B
:4005C00001464A780648002A09D1064A137ADB439B0704D409781278914200D100207047132F0000542100200849002809D00068002806D006490A68002A04D00348C01C30
:40060000704708467047086000207047112F000064150020F7B586B0069815460E4600280AD0152E05D01E2E09D9D22E07D0522E05D0FC4809B0F0BDFA48401EFAE70020F8
:4006400000900698694640780490FF2008730698FFF7B6FF07002DD11B2E0CD01D2E0AD0F0070BD0012E06D004980101EE480818007BB0421CD1F00703D010E01E2EF3D031
:40068000F9E71E2E17D004980101E7480818407B002804D0522E0ED0D22E09D10BE01D2E09D104980101E0480818407B002802D0DC4FBF1CCEE0012E1CD004980101DA4811
:4006C0000818C088001DF8F767FF040014D0D5490120091D0F2E70D011DCD44A3300F8F7E3FD0F292BF745F653F56FF47CF38FF283F129000920E6E7CA4F0D3FAAE0182E51
:4007000071D009DC3246103A1300F8F7CDFD08DEB2F92C1313E2E2131E2E24D006DC192E21D01B2E01D01D2E04D1E9E0522EFCD0D22E7DD0BB4F8AE0E87804280BD00498DE
:40074000A9780201B8481018007B401E814202D0B44FBF1C7BE0A87860712888A071000AE071E878F7E06946488154E028881738904201D30F466AE0032069464881288807
:400780006071000AA07146E02879012816D0102702206B46588128796071EA885889BF1C231D7A43C0182968F4F755FB6B46E88859897843081858812DE04FE00227E7E769
:4007C00069464881A88829688200601DF4F743FB69464889A9888900F3E002206B465881A888801C5CE08EE12968002902D0A988002905D1012100916946488100200190D0
:40080000012221462846049B00F042FB070023D0009800281BD0267100206A4690735673304600F00DFA6A46107306990B7800E035E113724978517201945189091D5181F4
:40084000014601AA002002F0D7FA070002D02046F8F7C0FE3846EDE6E88817E169464881AA88601D2968F4F7F6FA69464889A988A7E0E888002800D17CE7A8880028FBD044
:40088000049A1301684A9A18D288521E9042F3DA28680028F0D002206B465881A888001DA8806071AA88E8885B894243201D18182968F4F7D0FAA888E9886B4648435989D2
:4008C000401878E7D9E0BEE0B5E0E1E046E034E021E02A89002ACFD06B4658812989221D81545B89090A671DD9556B465889801C81B25981A88988545989000AC85552E061
:40090000012221462846049B00F09EFA07009ED1E888C01C27E7288817389042ACD203206946488128886071000AA0710498298802013D48101841806DE7288800289BD0ED
:400940006A88002A98D0904296D86071000AA0716888E071000A2072052004E72A89002A8AD06B89002B87D09A4285D86B4658812A89211D4254100A5B89621D98546B46C9
:400980005F896889A31DF8546B465B89000AE71DD8556B465889001D87B25F81A88978545989000A885458892146801C82B25A812846049B00F06CFA0700A8D1694648899F
:4009C000E9884018CFE69A42BED86B4658812A88211D4254100A5B89621D98546B465F896888A31DF8546B465B89000AE71DD8556B465889001D87B25F81287D012805D0BE
:400A000078181022291DF4F726FA04E0A88878545989000A885468464189287D012807D0102006E0122F000054210020F90100000220081897E62888002891D06071000A25
:400A4000A07103208FE62A88002A89D06A46508128886071000AA0715089801C81B251816888221D88546A46010A5289601D11546A465089801C5081CDE621462846049A62
:400A800000F0BEF9070098D1E8884000401C6AE62A88002AD1D06B88002B94D16AE62989002900D1D3E6694648812989271DC1550A0A69464989601D0A5469464889801CFE
:400AC00048810498010117480818C0880F3880B2E880A988884200D9E9806B465889EA88C0192968F4F7B7F96B465889E9880C22401880B25881C019A918F4F7ACF96B4632
:400B000058890C3057E62A78002A01D0012AC5D1694648812978221D815469464889401C22E600005421002010B50A4800210160094804224270012282601722C280428053
:400B4000828001734173054A1721042001F0FEFA10BD00006415002054210020610C0100704700004079034A00018018806808600020704754210020F8B5074640790E4635
:400B8000010120480C18A568304609301FD0042805D00C210D280CD0112831D122E06078042803D0F8F788FD042060700020607316E06078042806D10091601C3B46124A93
:400BC0001E21F8F725FD787A401C607317E06078042803D0F8F770FD042060700020207335400DE06078042806D10091601C3B46054A1E21F8F70CFD787A401C2073354309
:400C0000A560F8BD54210020D50E010070B502010A481418A16001290FD160780425042802D0F8F749FD65700120A0601720E0806080A08000202073607370BD54210020C7
:400C4000032809D9C10704D01B2804D01D2802D003E01E2801D0F1207047F22070470000F0B585B0054603294AD803D1002A47D0002B45D0444801248446FF206E4630715B
:400C80007071B4722E78414827463F01103FC75D641EBE4209D127013F18BF68012F04D06E4674712878307107E0002CECD16646002E02D0012923D124E0012920D002291B
:400CC00045D01078142801D9162805D31E2850D9D2284ED052284CD0FF206946087248720092CB806846017A6A46002002F084F82549491E884203D10121062007F034FCE6
:400D000005B0F0BD0A461201103A12189268491E012A02D00029F5D1E4E7CAB26B465A712C781C712B780901435402211046FFF76DFF81206B461872587203A9284600F06A
:400D4000D1FA03A8009007206B46D880CAE7E0B20121FFF75BFF822069460872487203A9284600F0BFFA03A8009007206946C880B8E769464872FFF763FF6946521C0872F0
:400D80005B1E0092ADE70000132F000054210020F8B50546447A807A0E46012821D1287A81281ED082281CD0002E0ED11E2C0CD0E00702D01D2C06D009E0522C05D0D22C8A
:400DC00003D01B2C01D0082108E0E00702D01B2C02D106E01E2C04D10421C9432846FFF7CBFE06480768002F06D0E888009032462146281D2B68B847F8BD000064150020FB
:400E0000F0B5868801240568330016D00C4F1201D21994466246D288A71CBA4209D32A880C192271120A5B1EAD1C6271BCB2002BF0D1F11AC1800020F0BD0248F0BD00007F
:400E400054210020162F0000F8B505899C468E46002D16D08188961C8F1919010B4B0A4CCB18DB889F420AD8714689180D712A0A4A71B2B26346714600F00AF80446204637
:400E8000F8BD01480A38F8BD202F000054210020F8B50D4684880168002C01D0002909D01F010A4BA618FB18DB889E4204D99B1AC38002E00648F8BDC480C388A818001D36
:400EC0001A46F3F7C8FF0020F8BD000054210020112F000070B504464079002501010D480D4E08188068C0434107002901DB691F03E000070DD40821C9432046FFF73CFEC2
:400F0000607A3146401C60722560E5802046FFF73FFF70BD54210020172F000070B50446C38804C8042101F0DDF805000FD1617AC8070ED01D2912D0522908D0D22906D07C
:400F40001B2904D00821C9432046FFF715FE284670BD5229FBD0D229F9D01E29F2D00421F2E70000002804D003490978017000207047024870470000681500201310000037
:400F800070B5154D04462878012801D0134870BD02202870696007F0F9FA07F051F800F0BDF8F8F757FCF8F71DFD09F0B1F8204605F014F8040003D105F0B8FA040002D043
:400FC0000120287005E000F031FD09F0A2F807F082FB204670BD0000681500201110000010B506480178022905D1032101704068002800D08047002010BD000068150020CA
:4010000010B50D4C2078002814D1606007F078FB07F0C2FA07F068F800F0B2F9F8F7E4FC09F07DF805F016FB00F042FD09F078F80120207010BD000068150020FEB505462A
:4010400033480F0062D0002D60D0284600F0A2F9040023D02E48801C844222D0BE79022E01D0032E1DD1062239466846F3F7F3FEB61E684686716946284600F08BF9040008
:401080000CD02348801C84420BD002A9684605F06FFD002809D16846007A28701C4C641C33E01B48C01C844228D128780E22194C5043B97900198171287839465043001967
:4010C0000622F3F7C8FE14480E22817928785043001941732878104950430019C01D0622F3F7B9FE0C490024491E0878401CC0B20870052809D109F01BF806E00448801CC0
:40110000844202D1384609F011F82046FEBD0000111400006421002071150020F8B505240C4F0026641E0E206043C519062200212846F3F799FEAE71E81D06220021F3F7EE
:4011400093FE6E73002CEDDC0348067008F0F1FFF8BD0000642100207015002010B5062200210548F3F780FE034806220021801FF3F77AFE10BD0000B021002010B50C4633
:40118000014606220648F3F766FE002C05D0044806222146801FF3F75EFE002010BD0000B021002070B5040004D02078052804D3144870BD1348001F70BD0E214843124DA3
:4011C000062240190021F3F74FFE20780E2148430026401986712078062248434019C01D3146F3F741FE20780E2148434019074946730878401E0870204608F098FF00200E
:4012000070BD00001514000064210020701500200B0010B50D4906D0002804D00278052A03D3081D10BD084610BD0E214A4308495218527B9A7100780E2250434118C91DC1
:4012400006221846F3F707FE002010BD1114000064210020F0B50646002085B005460490029003901D480C46002906D0002E04D03078052803D31948001D05B0F0BD184F4E
:401280000622B91D02A8F3F7D7FD002806D00622B91D2046F3F7DFFD01201BE021463046FFF7B6FF0490A079022814D302D0032803D005E06846857102E00120694688713A
:4012C0006846F9F787FD062269462046F3F7C3FD68468079A0710498CFE7000011140000AA2100200B0010B50D4906D0002804D00278052A03D3081D10BD084610BD0E2118
:401300004A430849521892799A7100780E225043411806221846F3F79EFD002010BD000011140000642100207CB50026054612480C4600960196002906D0002D04D02878DE
:40134000052802D30C48001D7CBD06220B496846F3F772FD002807D0062208492046F3F77AFD0120A07104E021462846FFF7BAFF064630467CBD000011140000AA2100205A
:4013800010B50021024A084607F042F910BD000089140100F3B583B0064604981D4900281FD0002E1DD005248F1C3470002069460090888088710498641E81790E2022462F
:4013C000424315481518A879814206D1294606220498F3F731FD002806D03078052806D014E0084605B0F0BD0027347010E068468079A979884209D1294606226846F3F734
:401400001BFD002802D1034F3470FF1C002CD2DC3846E7E7111400006421002010B50C46002808D0014606220448F3F714FD03488471002010BD024810BD000071150020E1
:401440001114000010B50E4A002907D0002805D00278052A04D30A48001D10BD104610BD0E235A43074B8C79D218947100780E225043C0180622F3F7EEFC002010BD00003E
:40148000111400006421002070B5104D002A0FD0012A0CD100240E206043421900210E23084607F0ABF8641CE4B2052CF3D370BD00240E206043421900210E23084607F024
:4014C00001F9641CE4B2052CF3D370BD6421002008B502290DD003290AD150786B460002188011780143198069467220FFF728F808BDD0789178000201436846018069463D
:401500007120F3E710B509480068002801D0F8F761F807480068002801D0F8F75BF805480068002801D0F8F755F810BDB41500209415002090150020F8B563490746002497
:401540000C701E20C870B8790326002800D101208870F879002800D1012048703A89002A02D0121F8A8000E08C807A89002A02D0121FCA8000E0CC801C214843F8F70CF883
:401580005249002808607DD04F4D142168784843F8F702F84E490028086073D02846807824214843F7F7F8FF4A4D0028286078D0002600F091F8444B009432E024204143DE
:4015C0002868242244500099514308184460009829685043401884600098296850434018C460009829685043401804610098242148432968401844610098242148432968F8
:401600004018846100982421484329684018848300982421484329684018C4830098401C0090987800998142C8D328482146009425E01C225143026889188C6000991C22E2
:401640005143026889188C8100991C22514302688918CC8100991C225143026889180C6100991C225143026889188C8200991C22514302688918CC820099491C00915A786F
:40168000914200E00DE0D4D31D462046009405E0684600F0BDFD0098401C009069788842F6D3384600F050F8F7F776FF06490028886007D0002E03D000F00EF8FFF722FFF4
:4016C0003046F8BD0326F7E778150020B4150020941500209015002010B51048104C0068002805D062781C214A430021F3F7BCFB0C480068002805D0627814214A430021DA
:40170000F3F7B2FB08480068002805D0A27824214A430021F3F7A8FB10BD0000B415002078150020941500209015002013B5684604490078087069460520FEF701FF002036
:401740001CBD0000781500208088452800D8452070470000F3B581B06846007914210246484322494032096800240F5C41184D8900928878022806D0032806D0052804D0D2
:40178000062805D103E0012402E0082400E0042401A800F03DFD164EE0070DD0182047431448242138183268001D6943891800234F681946029AB84760070DD50E49029847
:4017C000884201D1002100E001462420326868438018C26800989047200706D52420454330682818816800988847FEBD9415002090150020B821002038230000FFB583B0D1
:401800000E46082B05D00021304601F07DFA07B0F0BD5079147900020443D0799579000205432548254F0078402C0FD3014640318C420BD214213A68614389180522120248
:40184000891A8978002901D0204640386946087203982146C2B202A800F052FD002808D16846007A14214843396840188088A84208D000230222314601950094039801F044
:4018800073FAC4E7082307222146304601F0A4FA44200B49704341188C75200AC8750D76280A4876304601F065F968460549007AFFF750FFABE70000791500209415002028
:4018C000C02200203823000070B50D46082B37D15079167900020643D079010290790843194940280A7819490B682AD311464031884226D2142141430524C9182402091BE0
:40190000897800291DD001464039CCB2A24217D014216143C9188A88B24211D1897806290ED144210A4A694389184989814207D10121284601F0E8F906492046FFF70AFF4D
:4019400070BD1146E1E700007915002094150020C022002038230000F8B50746694600F07FF9002851D101220721009800F0DEF801220821009800F0D9F8244E0024E00028
:401980003558002D04D004236A4602213846A847641C032CF3D300241D4E1E4D04E0E0B23146FFF7D7FE641C28788442F7D300240121204601F0A8F9641CF9D01648174C13
:4019C0000088002808D000981821484300194188134802888918018012491B2008800098182148430019083008F06CFF0098002201461823D243584322520019FF220271DF
:401A0000094A1720490050520020F8BDA8220020372300007915002088150020B8210020B81500208A1500208C15002010B500211C48C9430180FF2101711B4A17201080B2
:401A4000184A00201832142343439B18401C19740A28F8D314490A200839486100220A700320886107200A62C8610E488A704A70E0300260C2728280501E4862094B886267
:401A80001046F033C400401C1A510328FAD307480123827343600281042303704274CA6210BD0000B82100208C150020C0220020024800218180C18070470000841500207A
:401AC000002803D0024908620020704701487047841500201623000070B50024114A0146651E142060438018007CFF2808D0641C0A2CF6D30121084606F036FD284670BD62
:401B00002046142600237043135080188381C3814560017404490868401E086000F0B6F8204670BDD021002098150020F8B50F461F4916460C68601C38D01E4800688442EE
:401B40001CD014201C4960434018406812E01421194A41438D18297CB94209D1142363439A1869685160002E03D000F049F800E004466868411CEAD10E4804600C4A142176
:401B800010680D4B4143C9180B7CBB420ED10B4C0023E372A38049681160064A1368984200D11160002E01D000F02AF8F8BD0000A8150020AC150020D02100209822002023
:401BC00010B50C4A0C4914680C4B641C0FD00A6814246243D218506008600868142100224843D243C018426000F056FA10BD08601060F2E7A8150020AC150020D021002084
:401C000070B5054614200D4E4543AC19207C072801D0082804D17059002801D0F7F7DAFC00207051A081E081FF20207404480168491C016000F02AF870BD0000D021002050
:401C400098150020044A1288824202D1002008607047024870470000B82100201123000010B5074A074C1388A34206D000781279904202D10020086010BD034810BD0000D7
:401C8000B8210020FFFF00001123000030B411480268002A01D0012300E000230E48104C01680E4805682078A94201D800280DD00C4D2D68A9420BD3012809D10020207087
:401CC000012B05D130BC89B2C0B210470120F6E730BC7047A4150020981500209C15002084150020A0150020FEB541490020087040480568681C72D014203F4968434418F9
:401D00003E48C17A808808180004000C02D1284600F080F83949284600F0BEF800285ED1207C009001280CD1A0684421344B41430022C9184A74097C012902D1002100F01E
:401D4000E3FF2C48019501688D4201D161680160207CA6686568082834D11C20374647432848A389016879180A8BD218121F92B20A83016879188B8A9A4223D104460869A3
:401D8000F7F728FC216800207918086121681E4A7918888221687918C8822168791808831421126871438918498924225143174A30464030126880B2891800230C6A1A469C
:401DC0001946A0470198FFF71BFF681C07D00098082891D1F0B200F005FD8DE7FFE705480068401C02D10A49401E0860FEBD000085150020A8150020D02100209822002047
:401E0000C0220020B41500209415002090150020AC150020142148431B4910B54018C289036800219C18194B1C608489A21A94B29C80027C012A04D0072A0FD0082A16D1CB
:401E40000EE080684421484311494018807B002801D005210BE00020988010BD017A06E08068142148430B49096840188188D87A001DC0B2D8720019001F1873000A5873EE
:401E80009973080AD87310BDD021002098220020C022002094150020F0B50C46C97AA28885B089188EB2002103915249142309684F4A5943504BC918142358434E4B097C23
:401EC000C018012904D007290ED0082912D115E08068442148434949401847681820394641434748405A02E08068070C0CE0009090420ED10020E072A08076E08068142111
:401F00004843404909680F5C18203D497843085AEDE73D48008800282ED064E03B480088002803D038480088002825D038480588AE4200D83546701B86B23648C07A00286D
:401F40001DD0002002906A460098107100980123010A02980001014303988001014351719571280AD071042201A90220F7F744FD0298002805D010E0012005B0F0BD01206C
:401F8000E0E72146E27A00230C310220F7F734FDE07A281A85B20020E072A088002812D0A84200D8054600232A4602202168F7F723FDA088A84201D3401B00E00020A080C5
:401FC0002068401920601820394641430C4808184188491C41800D480088002803D00A480188491E0180002E98D10020C5E70000FFFF0000A8150020D0210020C0220020F6
:40200000B821002094150020B8150020881500208A15002098220020074B084A18801180002801D0002902D1002010801880044910880880704700008A15002088150020F1
:40204000B815002038B50C466946FFF7FBFD00281BD10098182148430C4940184188A14201D2002100E0091B418009480088002807D0084A1188091989B21180814200D9C8
:402080001080002C01D000F007F838BDB821002088150020B815002010B50948017800290DD108490988002909D007490968491C05D00121017000210846FFF715FE10BDBF
:4020C00085150020B8150020A8150020002803D0024908600020704701487047B015002012230000F8B51C0015460E4606D0002D04D0002802D0311F032901D31148F8BD16
:402100006946FFF7ADFD002802D00E484230F8BD0720FFF7E1FC411C10D000990A4B0A041421324341430E46C9188A609D518C810422CA81FFF744FD0020F8BD0148401C3C
:40214000F8BD000012230000D0210020002A02D0031F032B01D306487047C300054818180346203B99804038026200207047000012230000A822002038B51446002801D030
:40218000042901D0074838BD6946FFF769FD002802D00448423038BD0098034940000C52002038BD122300008C15002030B504460B480D4B01780B481A68491E14254D4340
:4021C000AD18AD78002D02D00029F6D130BD217014241B68002001226143C9188A7030BD791500202B2300009415002030B40D46C100064808184038046A002C04D028469F
:40220000A44630BC0321604730BC7047A8220020F8B5394F04463A68002A6AD0374E3168002966D02078142343439A1892880025402A1CD31C22504341188868002816D0A7
:402240008989002913D0F7F7C5F920781C21484331684018856020781C21484331684018858120781C21484331684018C58120781C214843316840180069002813D0F7F7BD
:40228000A9F920781C21484331684018056120781C21484331684018858220781C21484331684018C58221781420414338680122425421781422514308188580207839686A
:4022C00050434018C580207839685043401805812078396850434018056120781421484339684018C5602078142148433968401885700020F8BD000094150020B415002037
:40230000F0B505461048124C037810482468402917D31E464036B14213D214264E43052736193F02F61BB678002E0AD040398B4205D014234B43E35C934200D10020297047
:40234000F0BD1946F3E70000791500207023000094150020F0B587B005460E4600206946488108811446888102AF0E2B02D00223009735E06079A279010220790843E179AC
:4023800009020A43411E0692FF29F0D2617A6B460A02217A0A431A81E17A09025981A37A19436B465981172A03D3172901D3914202D90B23009713E004A900F0DBFA00285A
:4023C000D5D1607B694600028881217B08436946888101A8FFF7EAFE002808D00423009700223146284600F0DFFA07B0F0BD6A4611791420404C414320684554138A1179C4
:4024000014225143081843816A4611791422514322680698891888806A4611891079142250432268801801816A4610791422504322683249801801616A46107914225043D6
:4024400022682F4980186A46C16011791C2041432C489389026889188B806A46538911791C225143026889184B806A46938911791C225143026889188B806A4612790021A9
:402480001C235A430368D21891606A4612791C235A430368D21891816A4612791C235A4300680E231018C1816A461779152240373946304600F090FC6A461079142148430A
:4024C00021684018467010791422504322680321801881706A46118A242041430A480368C818828B1820454308485C582818001D02AB3946A04778E7941500206926010013
:40250000E1270100B415002090150020B8210020FFB587B00898442148434C490025401844890E2B7ED15079117900020143D0798E4603029079694603430B82507A0002F7
:402540004882117A0843694648828446D07A00028882917A084369468882507B167B000206433B483B4900780A68402C1ED3014640318C421AD214216143052789183F02C5
:40258000C91B8978002911D021464039C9B26F463971884257D014204143881881782D4F022950D1002E03D001252AE00146EDE7172B01D39C4501D9274EF5E705218170E3
:4025C0006B461979142359433B687046C91888806B46198A1879142358433A686B468018018118791C2148431C499A8A0B68C01882806B465A8A18791C2309685843401867
:4026000042800121089800F07FFB002D02D001A8FFF7FEFD07981821484311494018001D694600E00FE00979142251433A6804AB89184989242251430A4A126889184D6855
:4026400032462146A8470BB0F0BD0000C0220020791500209415002081230000B4150020B821002090150020FEB505780020164601902C461C20564A444310680F46211848
:40268000C88800282DD0401EC880002002905048006821188A89002A26D08868C9898B1993426CD8081832463946F2F7D4FB484800682018C189891989B2C1814448006886
:4026C00020188689B1426BD1012187680291404A0021816010682018818110682018C18133E03C480190D0E778783B4B020238781B68104314226A43D218D288824266D38D
:40270000B21E0092904202D1BF1C96B21DE0904218DD2F4A888112680021A218D181F6F73BFF0190002852D0B21EB91CF2F793FB274801990268A21891600068009920180D
:40274000C1812DE023482A380190002E13D0224914200968684340184089242148431F49334609683A464018006901998446284640306646B047029801280ED010E0144E84
:40278000F6F728FF316800206118886031686118888131686118C88102E03846F6F71AFF1420294641430C48006808184189242041430A48006808180549C28B096861181B
:4027C000C9888A4203D34269284640309047FEBDB415002071230000941500209015002070470000F1B584B000200290304B049D1C201A684543A8184188525B914200D33F
:402800001146019101690391818AC08A081A039986B2002901D0002E39D1002005B0F0BD0820FFF759F90090401CF7D001983446864200D90446201DF6F7AEFE070030D0B4
:402840001B48224600682818C18A03980918381DF2F701FB00991420164B4143C818049A82605F50211D81810421C1810098FFF7A7F90F48006828188188491E8180301B53
:4028800086B20B4800682818C18A0919C1820848006828188088002801D0002EC0D10298BCE70098FFF7ACF903480290F7E70000B4150020D021002005230000F8B58C46B1
:4028C000082B47D15079137900020343D0799279000202432148224E007800240546376809E014216143C9198988994201D1254603E0641CE4B28442F3D3A8422AD01C2084
:402900002F4647431748184B0068391888888018984201D9154C03E08880002A1BD000240121604600F0F0F92846FFF75BFF0D48316800683818828814206843401840892D
:40294000242148430A490968401883692846214640309847F8BD054C641CE1E77915002094150020B4150020FFFF0000732300009015002030B50A4A0A4B044607481278A3
:402980001B68521E24255543ED18AD8BA54202D10A80002030BD002AF3D130BD222300007A15002090150020FFB581B00298442148431249164644181F460E23152231465B
:4029C0000A9D029800F008FAA675300AE075287820762888000A6076A878A0766888000AE07628792077A888000A6077A777380AE077029800F0BEF805B0F0BDC02200200A
:402A0000FEB50646981F1D4614460F4605283FD20121384600F078F9442047431D481E4A381840891D4940281CD30B784033984218D2142317684343DB1905273F02DB1BB1
:402A40009B78002B0ED04038C0B26B461871097881420CD014214843116840188078022802D004E00878EFE701A8FFF7D1FB0C480768002F0CD0182046430A4869463018F4
:402A80000079AD1E0870A21CABB203216846B847FEBD0000C02200209415002079150020B0150020B8210020F8B52C4E0179427935780068012A01D0022A41D100283FD179
:402AC000274A284B128800249A4239D06A4600F037F9002834D100984421234F4143C919497C012908D101221146FFF71FF8009844214843C0194474009844214843C019B4
:402B0000042101704489052C1DD0402C19D330784030844215D21549142009686043401805210902401A807800280AD020464038C5B23078A84206D10021009800F0E4F831
:402B4000F8BD3078F4E70021009800F0DDF8052CF6D007492846FEF7FDFDF8BD79150020B8210020FFFF0000C0220020941500201823000070B50646442015497043441859
:402B80000120FEF7A9FF0546401C03D0607C012806D00CE00021304600F0B6F80D4870BD012211463046FEF7C1FF002161741421094A694388182346123386605350A1898F
:402BC00081812846FEF7FCFF01206074002070BDC022002013230000D0210020FEB50E4C2468002C06D018250C4E4543AD196E79002E06D0002200921346019200F0B4F843
:402C0000FEBD28796E4630729B1EA971921C9BB2012102A8A047FEBDB0150020B8210020F8B517460D4D0A4629681E46002914D0182148430A494418607901280DD101219D
:402C4000104600F061F8207969460870B61EBA1C2C68B3B202216846A047F8BDB0150020B8210020FEB59C460B460146214C08A8A1C8A67B002E01D01F48FEBD00263E604E
:402C8000A274071F27753F1267756160E6736381A0816674002A01D0D00706D06046E0742574E07CA0730020FEBD144A01231078401CC0B21070002800D113701278E274DD
:402CC000002DEDD10E486F46007820817B723A72019108210091014601AB0A4A2046F6F797FC0028DCD0A6730420207002480938FEBD0000C02200202F23000086150020BD
:402D00007B150020A92A0100F8B5442205460B4E55430027AC19012907D1617C012904D101221146FEF702FF6774A773705D042803D0F6F7C1FC04207055F8BDC02200207B
:402D400010B5074CA37CDB0708D1A37B8B4205D16168814202D10020106010BD014810BDC02200202E230000FFB581B050001E46801D0A9D144683B2012229460B9F029839
:402D800000F02AF80298442148430E4940181230210A04714171002C0ED0012C02D0022C0AD103E08671310AC17105E08571290AC1710772390A41720298FFF7DBFE05B00E
:402DC000F0BD0000C02200201CB50022009213460192FFF7C9FF1CBD10B544246043054C001982741C1F0475221242758381418110BD0000C0220020F7B50026142250431D
:402E0000234B0F46C41882B0354631468446227C12E00C20E3684843185CB8420AD108460C256843054608355D5B001D185AAEB285B203E0491C89B28A42EAD814488A4261
:402E400002D1144805B0F0BD614642586946049890470746009916E0A068F200805808420FD0F000A168001D095800290DD00498884762680746002A07D0014604989047CD
:402E800003E0761CB6B2AE42E6D93846DAE7000078E60100111300007047000008B50120694608700549002088800146044803F0A5F869460220FDF743FB08BDBC150020B6
:402EC0000A20000007B5012A0DD00023012A0CD000228221684603F0C9FD0106090E06D000F048F80EBD0423F0E701AAF1E700200EBD33B500248BB00D46002911D0A8786F
:402F0000C01F0A280DD2E8780F280AD200F032FD002802D12878132803D06878012802D015E0012420E002A800F09AF86846007A042800D3042469460BA803F037FD002845
:402F400003D168464078012801D0002C0CD1A87807F0E4F929460BA803F0B6FC0106090E05D000F007F8044620460DB030BD0024FAE700002F4B00B5FF21C21A98424FD0F4
:402F800026DC122848D00EDC07284DD006DC012846D0022842D0032849D13BE00C283FD0112844D13EE0244BC21A984238D007DC23283BD03B282FD0204A801837D12FE03A
:402FC000FF3AFF3A013A2BD0FF3A013A2FD123E01B48131A824223D011DC1A4BD01A9A421AD007DC012A19D0022A15D0164810181DD119E001280FD0052818D10EE013488D
:4030000018180300F6F750F909080A130C130C13130C13002A210AE0012108E0072106E0022104E02B2102E0032100E02D21084600BD00001314000012110000EFEEFFFF85
:40304000070C0000FF0B00000EF4FFFF09F2FFFF10B5FCF732F8002801D0FFF78BFF10BD70B5002586B004462E4603950495002810D01D220021F1F7F7FE684606702078A2
:40308000C100081A0119491C6846FEF72BF9002802D023E0012528E020780622C100081A0119491C03A8F1F7C7FE002816D02078C100081A0119491C05A8FEF76BF900280C
:4030C0000CD101A905A803F071FC002806D168464079012802D12078401C207069460878401CC0B208700428C9D9284606B070BD7CB50D46411C80788B7802020878294EEB
:4031000010436A461371284AC91CB41CD27FB04216D1002B28D124482038C17F002913D00246204602F07EFF0106090E01D0FFF721FF7CBD00F0F4F87CBD00F0C9F97CBD28
:40314000A04204D1002B0FD1002AF6D0F2E7154AD21C904202D1002BEFD005E0114A121D904215D1002B02D001A904200DE00F488188002907D00020034600900B480C4A07
:40318000801CF6F745FA01A92620FDF7D9F97CBD044A11329042FAD12D1FAAB2184605F0D6F97CBD0620000024230020BC1500209D2E0100FEB50678401C2E4D0F46044636
:4031C000012E0CD0032E3AD00A460146AB6830469847EB683A46214630469847FEBDA888002802D0A878F6F767FA2078694608723C281FD00028F1D10121297069460870C8
:40320000207B00024880E17A084369464880A07B00028880617B084369468880207C0002C880E17B08436946C880FDF797FF6946272001E002A92620FDF782F9FEBD207871
:4032400069460870207900024880E178084369464880A079000288806179084369468880207A0002C880E17908436946C8802A20E2E70000BC15002010B5084C0420A070D9
:40328000202200210648F1F7EFFD0548202200212030F1F7E9FD0020207010BDBC1500200423002010B5012100280CD08279002A06D0012A07D14279D2431206920F02D1C1
:4032C00007F014F80021084610BD000038B50024042801D9012412E00A490870684606F07BFF002805D100982B3002F039FE002801D0032403E000980021203081722046F9
:4033000038BD000068170020024610B50120002A04D000211046FCF76BFA002010BD0000074810B5C17F0246064802F07BFE0106090E02D0FFF71EFE10BD002010BD000000
:40334000242300200920000008B56A461080518000216846FCF7F6FE002801D0FFF70AFE08BD0000FFB583B00E4600206946019008721C46154602A9039806F0F7FE070073
:4033800009D16846007A012804D0002E04D0012E34D077E04A4F7BE0201DF6F7FDF8494F0028B8617ED022462946F1F754FDB969386B0855BB69010A621C9954BB69010C4B
:4033C000A21C9954010EBA69E01C11543946386B20310871020A4A71020C8A71000EC87101223949039806F0A5FE241D38461C300090A2B2344B0020B96940E020460C3839
:40340000C1B26818C27883781202134340781A0210430202685C2D4910430A6B824202D9FF2001902EE0083CA4B208630F462046F6F7B2F8B86100283DD022462946F1F70C
:403440000AFD224829191C3008220546F1F703FDB8698178090239814278C01C11433981E11FB9801849386000221031039806F061FE154B0095103322460120B96903F012
:403480006BFA074611200002874211D0002F0FD0002E12D00D4CA069002805D0F6F79AF8002000E007E0A0613846FFF763FD0190019807B0F0BD0427F6E7024CEBE700000F
:4034C000162E000098230020442300206423002010B50121054802F091FD0106090E02D0FFF748FD10BD002010BD00000A20000010B5012100280FD08279002A02D0012AAC
:4035000004D009E001460622044802E0014606220348F1F7A0FC0021084610BD6C1600207816002033B500248BB00D46002911D0A878C01F0A280DD2E8780F280AD200F050
:4035400019FA002802D12878132803D06878012802D015E0012422E002A8FFF781FD6846007A042800D3042469460BA803F01EFA002803D168464078012801D0002C0ED157
:40358000A87806F0CBFE05232A4681210BA803F06DFA0106090E05D0FFF7ECFC044620460DB030BD0024FAE7F0B50446012085B000250190002C58D06068002855D02178B8
:4035C000002904D1007901284FD003284DD8E06800280DD0C67F002E0AD0202200214A48F1F742FC4848C677E168CA7FF1F733FCA268002A53D0D37F002B50D000206946CE
:4036000008700126EC460CE0115C00290BD0401CC0B2175CB74202D16146087003E04018C0B29842F0D360460378A668F25C012A07D060680079002817D0012815D00428DD
:4036400013D02178022910D8012A10D15B1CF05CFB221040814208D1012808D1208A002803D0B42801D8012901D0012548E0002D46D12649208A88802348202200212038B3
:40368000F1F7F2FB2049F07F2039C877A1681E48CA7F2038F1F7DFFB0198012830D160686E468179857B437BC21D2EC6437902794188008803F080F80106090E05D0FFF74D
:4036C00059FC0546002D02D01AE00025FAE760684079022802D0032803D011E000210C480CE00120694688716846F7F773FB062269460848F1F7AFFB00210648FDF73EFD34
:40370000284605B0F0BD000024230020BC1500206C160020781600201CB50B46132831D0002B2FD0102827D008DC05280DD008281AD00E281BD00F2824D12AE0302821D0B2
:403740003E2821D057281DD118E0187869460870002807D112490870D8786946087101A928200DE004200BE0D91C292008E011461846FFF7BDFC05E0032001E00021FB20EE
:40378000FCF7DEFE00201CBD11461846FFF712FDF8E70878694608700028E3D1F2E70000BC150020FFB59FB00025289A19951C461A951B951C95049520A805952E461027AB
:4037C00080880B00F5F770FD10CD09363B3E5C438ECDCD9E94B3B8AEC7CD002801D021A96CE01DA91F98FDF77DFD050079D169461F9803F0DBF80500F8D16846C67069464C
:403800002420FCF79DFE684640780128EED11DA8F7F7B4FA0546F6F7D7FD002861D0002D05D020A8808800285BD1002C59D00021FA2094E0002C54D0214621208FE00021F0
:4038400022208CE0002C4CD02146232087E0002C47D018A806F0C0FC050042D1412207A81899F1F7F8FA6079102805D23A1A07A940180021F1F7F8FA412307AA84212CE0D2
:40388000002C6ED0607A227A00020243214619AB1F9806F0B3FC050063D104A91F9803F085F800280CD000231A4683211F9803F0DDF8054606206946087606A925204EE0E3
:4038C0006846807C102805D23A1A19A940180021F1F7CAFA102319AA83211F9803F0C6F805463EE0002C3CD021682C20189136E0002805D1002C03D01146204601F020F8DA
:40390000194C08E0002805D1002C03D01146204600F0E6FC154CA069002822D0F5F75AFEA6611EE0002C1CD021462D2017E0002C17D021462E2012E00D4900284E7003D154
:40394000002C01D0214604E06946087001960E7302962F2003E0002C03D021463320FCF7EFFD284623B0F0BD6423002098230020BC15002010B503F071FC0421084010BD9E
:40398000FFB599B000200090229F032008A90877002669468E821A9888750620C8751C46154601210820179604F0DEFD1A98812842D0822840D0FF283ED010A91998FCF713
:4039C000E7FD10A80088F94E401E874216DC1A98522817D0D22817D0401EC0B21E280BD2F34A4100505CFF2806D08918497801290CD0B84200D80026002E1DD01A98C00741
:403A000007D016E01320EBE71420E9E7B842F2D0F2E71A9852280CD0D2280AD01E2808D004206946C87505AA01211998FCF7F2FD064630461DB0F0BDDE48854207D100F0BC
:403A400073FB0FA90220FCF77BFD0020F2E7A11C1A981591791E1691391F10287BD00BDC0300F5F721FC10F62943617A9FA9F5F4F3F2F1F0EFEEEDF6BA1E92B21B286BD0DB
:403A800009DC11380300F5F70FFC09EBEAE9E4E4E8E7E6E5E400812815D006DC1D2879D01E2878D052280DD113E2822815D0D22872D0FF28F7D15DE2002C03D021461998E8
:403AC00000F030FCD1E2002DFCD119980121007806F0E4FB4120199905E0002DF2D100F023FB42201999FCF72BFDBEE2B148401E854207D104206946C875002088820220C6
:403B00008875ACE219986A46017811714078507160780002D08021780843A549D080891F088001A94320DEE7002CCBD019986A46017811714078507160780002D080217878
:403B400008439B49D080891F0A88904200D2088001A94420C7E7F7E02BE2002DB2D1002CB0D060786A4600021083217808431083E17809025183A27811436A46518300287E
:403B800032D0002930D088422ED806A9199800F0C3FFC9E022E236E23AE26946088B6EE1C8755CE2002C8DD01698237882B2611C199800F045FC58E2002D96D1002C94D048
:403BC00060786A4600021083217808431083E17809025183A27811436A465183002803D0002901D0884202D901201146D8E76079BF1F00021085217908431085B9B211846E
:403C00000522D202904202D0521C904235D10EAD102903D002293CD00D20A1E11022A11D11A8F1F718F909A911A800F029FA002817D011A8079010206946088402201BE0EB
:403C400020E108E1FFE0E9E0DBE0C5E072E031E028E001E28AE17BE172E151E11FE121E1B0E069460795888C08A90876000A487602206946088413E000900AAB07AA06A9DB
:403C8000199800F0F5FE06464A481238864284D0EBE10795E079A17900020843694608870120E9E7002C86D03A462146199800F063FBDAE1002DEBD1002CE9D060786B465B
:403CC00000021883227810431883E27812025A83A3781A436B465A83002803D0002A01D0904201D901204CE00420022902D0102906D046E0607921790002014399840DE046
:403D0000211D102211A8F1F7A6F809A911A800F0B7F9002802D0022311AA01E0012309AA06A9199801F066F82249064612398842ADD09AE1002CABD01698217883B2621C23
:403D4000199800F097FC90E1002DA1D1002C9FD060786B4600021883227810431883E27812025A83A3781A436B465A830028B9D0002AB7D09042B5D80420022903D0102949
:403D800007D019460CE76079217900020143998412E0211D102211A8F1F75DF809A911A800F06EF9002807D00A20D9E0FFFF0000D6150020172F000009AA06A9199800F0B6
:403DC000AFFFB1E7002CB4D01698217883B2621C199800F007FC48E1002DAAD1002CA8D06078247800020443002221461A9B199801F006F906469F4886429AD169468C82FB
:403E00003EE0002C95D019986A4601781171407850710294978101A9492064E6002D88D1002C86D06078257800020543E078A2780002024329461A9B199801F0E1F87AE07A
:403E400069468D821CE0002C04D03A462146199800F098FB09E1002D71D1002C6FD07A082146199801F052F882490646884266D1607869460002888221780843694688828C
:403E800011208DE6002C5AD019986A4601781171407850710294978101A94B2023E64D20199920E6002D4AD1002C48D01998694603780B71407848716078000208822178F1
:403EC0000843694608828A811598029001A94C2009E6002D33D1002C31D01998694603780B714078487160780002088221780843694608828A811598029001A94E20F2E50F
:403F0000002D1CD1002C1AD06078257800020543E078A678000206438AB2684602845648211D00680790F0F796FF07AB32462946199800F083FE4F490646884280D094E0DD
:403F4000002C04D03A462146199800F0C9FA8CE0002D0AD12178002904D0012902D0042069461DE6199800F01FFD7EE0199800F0F3F97AE0002C78D02078142801D91628B8
:403F800003D31E2801D8C10707D004206946C875207888750020888261E000216A46199B118090700620D07001211846FCF732FB5BE0002C59D01998694603780B714078A2
:403FC000487160780002088221780843694608828A811598029001A9522084E5002C44D01998694603780B714078487160780002088221780843694608828A8115980290E5
:4040000001A953206FE5002D2FD1542019996AE5002D2AD1002C28D0781CF5F7BDFA050023D0199915480A78027149784171D22028703A462146681CF0F70DFF0F487F1CA1
:40404000001DBBB200782A460121FFF78BF906462846F5F7BFFA08E01798002805D005AA01211998FCF7D6FA06460021082004F07BFADEE4052F000038160020D015002093
:404080007FB50D4604002BD0002D29D0FB206A461070342050709B2090705F20D07080211171002050719071D1711072102151729072D072217B1173617B51739073D07374
:4040C0000A4E102269462046F0F7B6FE002809D1607B00022880217B08432880002601E0024E0F3E304604B070BD000020C4000001460120002903D0024A002012880A809D
:4041000070470000D015002010B50446054817210180A188091F418000F060F8204600F0A5FB10BDD015002010B507491720088006490020C86108620865486500F09AF81A
:4041400000F0F0FB10BD0000D01500206423002070B5002416460D4600281BD0522D03D0D22D01D01B2D03D119490978012925D02946FCF74FFA00280ED01649884209D0ED
:40418000491E884206D0091D884203D011490D3188420FD1012418E00F49032D02D0022D06D012E030880A8890420ED208800CE03088FBE70749491C884201D1022404E020
:4041C00004490E39884200D10324204670BD000078150020132F0000D015002010B500F049F810BDF1B5214D214CE888E188012741188BB2E3802278214609890026042ABD
:4042000005D0052A03D0062A26D199420ED0994202D16770E680F8BDA988091AA980A9890918A98129680818286015E0E6806079401CC0B260712179884201D16770F8BD5F
:404240006269030198188188218106892E818089A881D0582860A98060780028EFD1034A16216846FCF7D6F9F8BD0000182400201416002070B5164D0024A878012804D1F2
:40428000AC7000215620FCF75BF9FF20287011486C70048010220021F0F7E6FD6C612C716C710C48EC802C814C300481046084800949818106480E30048041800548263092
:4042C00004804480848004750448046370BD000014160020CC230020FFFF00009823002010B50E4C0A46216B491C2163014620462830F0F7B0FDE26AA16A606A6261216104
:40430000E0602246D2210648FFF722FF2068002803D0F5F75FF90020206010BD98230020D41500207CB50C460546FFF7A3FF2878694608706878487020788870A0780002F6
:4043400088806178084369468880E07888714020FCF7F6F87CBD000008B501786A4611704078507003486946C07890705120FCF7E7F808BD14160020F0B585B015460E46A3
:4043800001786A4611704078002450701472204604E0117A491C001D1172C0B2A842F8D3107A8000F5F7F8F8019000283AD000201AE03218019F5378A1007B52019F1B028D
:4043C0007B52375C641C3B43019FE4B27B52019FD378891C7B52019F1B027B5292781343019A001D5352C0B2A842E2D369464820FCF7A6F8A0000199801E085A0E494A899B
:40440000904203D20D4A9278002A0DD0062069460873FFF72FFF03A95820FCF791F80198F5F7D8F805B0F0BD401C0881024A06216846FFF78DFEF2E70824002014160020AC
:40444000FFB585B00025059816460C460495027869460A70407848700B7301941F460E814720FCF76DF8002E19D0012F02D0022F0BD014E0002005E021184978255C0902CD
:404480000D43001DB042F7D309E0002005E021184978255C09020D431230B042F7D30F48807800280ED10D480A304188A94209D96D1C0580024604210598FCF7ABF804984C
:4044C000012808D1042069460874FFF7D3FE04A95820FCF735F809B0F0BD000014160020F0B50546487885B0040208786E4604433481C8788E78000230436E46121FB081C3
:4045000092B2B280091D00911C49002309891C4E1F468C4213D119498C89A0420FD1C88882420CD108689A4207D00099C45CC95CA14204D15B1C9BB2F5E7002F05D000200C
:40454000F070F0806946087410E0287869460870687848700098FFF745FE707801280AD100207070012069460874F07004AA18212846FFF7EDFD05B0F0BD00001824002095
:40458000141600207FB51446054600786A461070687850700191148169464A20FBF7D0FF0E480088401E84420EDB0D48807801280AD00B490E3148880A46001948800C2193
:4045C0002846FCF727F87FBD0C2069460873FFF751FE03A95820FBF7B3FF7FBDD015002014160020FFB585B0002716460D46039701786A461170407850701581089850818F
:40460000694645200196FBF79BFF18488078002820D1F01C04900024B61C29460898EFF7C5FF07E0234604996B43595C9F5D09020F43641CA042F5D80D484188B94209D9B0
:404640007F1C0780024610216846FFF781FD0398012808D1102069460873FFF70BFE03A95820FBF76DFF09B0F0BD000014160020DC230020FFB589B0164601786A46117043
:40468000407850703948002700781C46032805D0012803D0002801D0FE2808D132460A99009800F069F831480078032847D0002520460A99EFF77AFF01902DE00A99284699
:4046C0004843711C415C375C09020F432749097802291FD184192648007D012802D002280AD017E0A079617900020143204826380088884208D00DE01D481022611D263802
:40470000F0F79AFB002805D10A9B22461946009800F032F801986D1CA842CFD8144A5088B84203D9114B997800290AD0082069460871FFF79FFD01A95820FBF701FF0DB0FF
:40474000F0BD7F1CB9B211801A78022A05D0084A08216846FFF7FCFCF1E76A4611815081012010770348908102AAF1E714160020F2230020032800001FB584B06C46208ACA
:40478000208001922181638169464620FBF7D8FE08B010BD1CB504460020694608704C700620FBF7CDFE002C02D1019800F08CF81CBD000010B50120FFF7ECFF05480021C3
:4047C0008170017001614161C18001818180417010BD00002C16002010B5002200280DD00749C968002909D0884207D3054B1B88CC18844202D3401A181A82B2104610BD47
:404800002C160020D2150020F8B5174D0446696906200091002923D02969002920D0A888A28886461018EA8890421AD82A896878824216D90201944650182246CCCACCC0CB
:404840000098624670448850A2882168F0F703FB6878401C6870A088A9884018A8800020F8BD0920F8BD00002C16002010B5002400F058F805480088F4F78EFE04490028E8
:40488000C86000D10324204610BD0000D21500202C16002013B50120002904D00A4601216846FFF755FC1CBD13B506496A46098892880120914204D301AA03216846FFF766
:4048C00047FC1CBDD215002010B500281CD0C288002A19D08188002916D00C4C8B07E18012D1228100686061401800212061A18061701201F0F7B8FAE28800216069F0F77A
:40490000B3FA0120A070207010BD00002C16002013B50120002904D00A461D216846FFF717FC1CBD04490020887008700861486102490863704700002C1600206423002071
:404940007FB5134C0A462346216B203319710D0A5D710D0C9D71090ED971014618460830F0F779FA206B6A46401C2063094801781170407850702089908120680190A08806
:40498000108169465520FBF7DBFD002020607FBD64230020D415002001B5002213216846FFF7D6FB08BD0000F3B52F480F4600248178006985B022462546002946D00599C7
:4049C0006B460E781E7049785970274E0190707818725F721A7369465020FBF7B1FD012F1DD16846007B002802D06A4651890EE031692001401881894223059A00F07CFF8E
:404A0000002808D032692101891809896A4611820125114613E07078641C8442E8D3002219210598FBF7F6FD1049884208D131692001401800896946012508821120C874A8
:404A4000FFF7B8FE012D06D007B0F0BD0E216A46D1740089108218206946887404AA01210598FBF7D7FDEFE72C160020052F0000FFB587B00D46002069460881012405A9F8
:404A80000798FBF785FD002802D021480BB0F0BD204E0127009703A928460A9B099A00F0A9FF0E281DD000281BD16946C989491C29806946F268898911551219090A51702B
:404AC0006946C9899170090AD1706946241D898AA4B28C4203D86B461A89521C1A818C42D8D369460989002905D0F06801AA401C0721019007E029886A461182062191742A
:404B0000D07404AA01210798FBF784FDBEE70000132F00002C160020F3B58FB00F460020694648840A90022401250BA90F98FBF72FFD002802D03F4811B0F0BD08A80D9094
:404B400006A80C9038887988884201D101200A900D990F9801910090002302AA38460C9901F04AF806460E284AD0002E48D16846408C002808A807D00078A84244D1012D8E
:404B800004D0022D19D02EE00578F8E72A48C0680019FFF721FE042832D36946088B2649020AC9680855081942706946097A81706946497AC170241D14E01F48C0680019E5
:404BC000FFF70AFE12281BD31B496846008BC968020A085508194270801C102202A9F0F73AF91234A4B26846808D844203D86A46518C491C51840A99012901D08442A1D35B
:404C00006846408C002808D008A805700A4807AAC068801C0521079008E0388869468884042008A98871CE7109AA01210F98FBF7F1FC81E7132F00002C160020FFB51C4664
:404C40000D4603CB8BB0089009916846334E0585B0780027002801D1FFF79CFD69460D9888830D8303CC0490059104A8FFF7CCFD04002AD10B98694602780A70407848700D
:404C800030690190707808724C724F20FBF758FC3078012801D006241BE06846447A002C13D1442308A80B9A0D9900F025FE040003D0072C01D00D2C0BD104AA17210B98C4
:404CC000FBF7A8FC0746002C24D0072C22D00D2C20D069468D8116208873CC7303AA01210B98FBF797FC0746092C0ED0706900280BD06846818AB288914206D8707800284F
:404D000006D0401E7070501AB0807078002801D1FFF750FD38460FB0F0BD00002C160020F7B58AB0002668460D46C681022408A90A98FBF72DFC002802D02C480DB0F0BD94
:404D40003746102069462A4E8882F06800970019001D049004AA07A928460C9B00F04AFE0E282BD0002829D16946C9896A460029918A2DD09289914224D16946C98B491C61
:404D800029806946F268898B1155090A121951706946C98B9170090AD170049906916946898A241D09198CB26946098C8C4203D86B46DA89521CDA818C42C6D36946C989A7
:404DC000002907D0F06802AA801C1121029009E09181D2E729886A46918010219171D07101AA01210A98FBF715FCA7E7132F00002C160020FFB506468BB000206946C881BE
:404E00000546022405A93046FBF7C2FB002802D03B480FB0F0BD08A83A4F0990F86806AB0019801C06900EA8019000960D9A09990C9800F0E1FE0E2847D0002845D1694644
:404E4000098C14230A465A432F4B1B68D218403A126BD243D20112D432786B461A7072785A705980187169465720FBF769FB41233246002106A800F03FFD002825D16946B2
:404E80008A8B898A091F8A4201D96A4691836946C9890029694624D0898BA94219D16946FA68098C1155090A121951706946898BA41C09198CB26946898A8C4203D86B4678
:404EC000DA89521CDA818C42A8D36946C989002909D068468581F86802AA801C0921029009E08D8BDBE76A46118C118208219174D07404AA01213046FBF78CFB89E70000DE
:404F0000132F00002C1600204C160020F7B58AB00F4600240125264608A90A98FBF738FB002802D033480DB0F0BD6100C81940786A4600029082795C08432F499082C9686A
:404F40004919039100F040FF002827D16946898A14228C465143294A126889184039096BC943C90110D40A996B460A781A71497859716146D980187201A95720FBF7E0FAF6
:404F80006B46187A002809D14123002103A80A9A00F0B2FC0E2824D0002811D00E216B4699706200D119497809021980BA5C11431980D8706A4601210A98FBF72BFBB2E7FD
:404FC0006946088A641C41198DB26946098C8D4202D8801986B201E0491E8EB20C988442A3D368468683044806AAC068401C0F210690E1E7132F00002C1600204C16002046
:40500000F0B589B00C4606460020694608831D461746204600F0D8FE002845D1294A14211268614389184039096BC943C9010ED4327869460A7372784A73CC81087403A972
:405040005720FBF77DFA6946087C00282CD105A93046FBF79DFA002802D01B4809B0F0BD6946888A888019484123C06800900C8132463946684600F03FFC002814D106A929
:40508000204600F04FFA00280ED10C2D06D16946888A098B884201D90B2005E06A460A2D0CD00C2D0CD0042069468D778C83C87707AA01213046FBF7ADFACFE70B21F9E790
:4050C0000D21F7E74C160020132F00002C160020F7B5002684B0059935463746039600290ED0142148433449096840184038046B0698C10740070290002904D0E00605E04E
:405100000E2007B0F0BD800F01D0E004060F2B48044204D0270FBF1D05F07AF803900698C00703D0E00708D1022543E00298800F40D0E00501D403253CE0002E3AD000201A
:40514000009001906946059801F030FCF10722D0002813D16846C07801F058FC012801D00F2527E0B00703D568460078022805D3300705D568460078032801D2052519E040
:40518000062F08D068468078B84202D30399884201D20C250EE00698C00701D0200704D40298800F06D0200504D505480078002800D108252846A4E74C1600200202000079
:4051C000441600207FB50B46050008D000226946184600F019F80400286803D00DE00E2004B070BD00280DD0AA88002A0AD06946EFF722FE002800D00E20002800D00A2404
:405200002046EDE70020F8E7F7B582B007460026684606801446380003D0474909888F4202D9012005B0F0BD00F024FB012802D00A252846F6E73B46142043433F4800684D
:405240001918084620384039096BC0890A0101D5102104E0490101D5042100E002210025002C06D0022914D0042914D0102912D02670334E821BB04226D014DC314E821BD9
:40528000B04221D00ADC304A821A1DD0012A12D11AE0012200E002222270EAE7012A13D0FE2A08D110E0012A0ED0022A0CD0032A0AD0042A08D0234A521C02290BD0042965
:4052C00011D010290FD035E00399002C0880B0D001202070ADE71949096859184039498B03990880A5E7154C206818184038468B96420AD1806A00289BD04168002998D07E
:4053000010220398EFF7A7FD93E7102912D36946384600F007F905008BD1206818184038C06B002885D04068002882D0694609884118E5E70E257CE7481600204C1600200B
:40534000012900000228000000280000F8B50E2415460F460646002930D000F08BFA01282CD11420314641431C4800680818014620390246403A126BC989130101D50222B8
:4053800001E05201D20F164B994208DA154BCC1A0BD0012C09D0022C07D0032C10D02B463946304600F04AF905E0002D05D13946304600F0C1F9044600E007242046F8BDEF
:4053C000002DFAD14068010101D5022201E04001C20F3946304600F0D3F8ECE74C1600200129000000280000FFB505460A2017461180002D03D01D4A1288954202D90120DC
:4054000004B0F0BD14220E465643194A05241268E402B218203AD389A34202D0641CA342EED19489AC42EBD2928AAA42E8D30C4610E01422624351182039CA890D498A42C2
:4054400006D121462846039A00F080F800280BD0641CA4B2064909687218203A928AA242CED3A542E5D2CBE73C80C9E7481600204C16002003280000F0B507461420134AF3
:40548000414310680A2608182038848A85893D8014E01420214641430C48006808182038C0890B49884202D0491E884204D1204600F0E0F9012805D0641EA4B2AC42E8D836
:4054C0003046F0BD3C800026FAE700004C16002003280000F0B501230A220B80002803D00E4B1B88984201D90120F0BD0525ED020B4C6E1C142327684343DB19203BDB8927
:40550000AB4201D0B34201D108800022401E0004000C01D00A2AEDD01046F0BD481600204C16002014225043074A126880184038C06B002804D04268002A01D0008800E031
:4055400000200880002070474C16002030B5142461430A4C0346246800200C19214620398D899D4202D8898A994201D20A2030BD403C218EC906C90E117030BD4C160020D1
:40558000F8B506460E2015460C46002953D02068FFF722F900270146A780022D27D0012D25D00520884244D8304614214843224923680A68761C8218403A126B120C1A70E0
:4055C000A288521C92B2A28023689E54320AA68823689B195A70A288921C92B2A280022D07D0012D05D0002D14D00A2722E01320D8E7096840184038C06B002807D041682C
:40560000002904D0206880181022EFF724FCA08810300CE00968401820382168008B8854A2882168000A89184870A088801CA08000E00E273846F8BD4C160020FFB585B003
:4056400000266846068186810674009686800D460868FFF7C1F8074601A90598FFF762FF04004CD1AE8002A90598FFF733FF040045D10598694609890646142256438842B9
:4056800010D02048204A006830182038C089904208D004AB03AA0598FFF7A6FE04002ED101200090694689880898174B081A80B26946888013495B1C0968711840394A8B0E
:4056C0009A4206D0009A012A03D0B84205D90E2415E0B84201D968468780C86B002809D04068002806D008996A46411892882868EFF7B1FB6946A88889884018A880204642
:4057000009B0F0BD4C160020022800001423594310B5084B00241B68C9184039C96B002906D04968002903D0EFF795FB204610BD0E2010BD4C160020F8B507460E201646E1
:405740000C46002976D02068FFF746F814214F4300253949A58009687B188C4619462039CA890527FF02BA4202D07F1CBA4222D1022E05D0012E03D0002E11D00A2558E036
:40578000102855D3403BD86B002806D04168002903D010222068EFF75EFBA088103008E0022803D3088B216808703AE00E25A088801CA0803DE0214B1F4F9A4239D10B8BA7
:4057C00014221946514362468A18403A126B160101D5022201E05201D20F062828D320680370180AA68823689B195870A088801C83B2A3803868266808182038808AF0548E
:40580000A6882368000A9B195870A088801C83B2A380002A0DD13868081820382168008BC854A2882168000A89184870BFE701E00E252846F8BD00004C160020022800001E
:4058400070B50D4601461420454309480024006828184038C06B002808D04068002805D080181A46EFF7F7FA204670BD0E2070BD4C160020FEB50546C0081E4F6A0701263E
:40588000385C520F31469140084209D00024002C2BD069462846FFF71DFE002802D024E00124F4E7684601888D421ED0C8084A07385C520F3346934018420AD00024002C37
:4058C00013D002AB01AA2846FFF78EFD002802D00BE00124F3E768468088C1084007795C400F8640314202D000242046FEBD0124FBE7000028240020F0B585B00E46044675
:4059000000206946088020891D461346002803D0364F3988884202D9012005B0F0BD690605D52A461946FFF7D3FB01005CD1208901A9FFF7CFFD010001D00A2154E06A4642
:40594000928820899446604510D0142302465A437B68D218203AD289254B9A4206D003AB02AA6146FFF740FD01003DD1E80711D020896946FFF7D6FD010035D168460088D4
:40598000864201D900282CD1208932462146FFF7DDFC22E0A80701D4680725D5208914227B684243D318203B114FDA897F1CBA421AD0FF1EBA4217D07F1CBA4214D0A28864
:4059C0001B8B97199F420AD8AB070DD524681346014632462046FFF733FF014604E0B34201D8072100E00D21084696E74816002002280000FFB587B004460020694608809A
:405A00000A980A250088A9021646884204D0491C884201D01025EAE02788DFE069463846FFF758FD054668460088FFF723FF002D7DD169460988B9427AD10128F8D11420C3
:405A400041436C48406805900818014640390A6BD24312010AD4C86B00280ED0416800290BD0102201A8EFF7F6F906E02038017E6A461171008B000A50711098012802D0D8
:405A8000002808D080E0B28801A93068EFF7D4F900280AD078E00A98018814204743059838182038C08981426ED1684600881421504F484379684018203881890898018033
:405AC0006846018805A8FFF7D7FC6846808A14214843796840182038818A089841806846008814214843796840184038006BC043010101D540011CD41098012804D0306829
:405B0000FEF76AFE10283DD36846008814214843796840184038C06B002806D04168002903D010223068EFF796F910201EE036E033E01098012804D03068FEF74DFE02280E
:405B400020D36946098814207A684143891820393268097E1170694609884143786808182038008B3168000A48700220B0806846008814214843796840182038808A401C7B
:405B8000208034E00E2532E0684600881421484318490A25496840180AE0012803D028430BD00A2523E0142041431248406808182038808A401C20800FE06846008814216D
:405BC00048430C494A6880182038808A401C80B220800988884200D90A2587B26188B8B2884204D203490988884200D816E728460BB0F0BD48160020FFB587B00546002234
:405C000068460F46027329880A26002970D068880028FBD081426BD80A9800280AD01198007802280998009006D00220694688802C8850E00092FBE71020F7E704A9204671
:405C4000FFF748FC06466846008AFFF713FE002E35D16946098AA1422FD101282FD1584914204968604340182038C089694688820098002806D0022205A9EFF7DDF80028B7
:405C800000D00E2000284CD13C800A98002807D0142044434A48406820182038808A5BE014204443464869884068201820388089401C814279D3288077E0012819D03C80C7
:405CC000142044433E480A26406820182038808A401C84B22C806988A0B2884203D8384909888842AAD90A9800285CD0002E35D063E01420224642433148324B4068101819
:405D00000246203AD2899A420CD0288803AB06AAFFF76AFB06466846008BFFF7ABFD002E09D032E04038008E6946C006C00E08732046FFF79FFD0A99002924D0012824D16F
:405D400021466846FFF73EFA06001ED16846007BC00715D03C802888401C28803888694608810A984123006800900A988088888000216846109AFFF7BFFD00280ED01BE0D2
:405D800002263C8019E0012803D03C800A2628889EE73C802888401C2880A4E7684681880A98818009E0002E07D13888119A0999FFF72AFA002800D0064630460BB0F0BD5C
:405DC0004816002002280000002803D003490988884201D901207047002070474816002010B500240346002801D0002900D101240548436001804280402200210348EFF721
:405E000033F8204610BD00004816002028240020F8B515460F46040003D0002F03D1680601D50E20F8BD0020694608802689002E03D013480088864201D90120F8BD3046E4
:405E4000FFF770FB6A46A1881288914201D8002902D1002800D1A280690608D50028EDD101202A46024339463046FFF731F90028E4D1A28831462068FFF748FCF8BD000079
:405E80004816002070B5002803D0002A03D1002B01D00E2070BD0489002C03D0054D2D88AC4201D9012070BD02242343FFF724FD70BD00004816002010B51446114A002955
:405EC0000DD000280BD0002C09D000210E4A21705179002913D09178012902D00FE0104610BD1188018021780A2359430918121D891C1046FBF7F6F92078401C207000207A
:405F000010BD0000132000007216002038B50C461149002817D0002C15D010494979002905D001466846FBF735FA00280DD00020002802D08178012909D00020C0432080F3
:405F40000548001D38BD084638BD0448F0E700882080002038BD0000132000007216002010B5002805D006220349EEF774FF002010BD024810BD00006C16002013200000DD
:405F80001FB504000FD003AA01216846FFF794FF002806D16946097B002902D003490978217004B010BD0248FBE700007E1600201320000010B50022491EC9B28A420CD292
:405FC000835C445C63408354445C63404354845C5C408454521CD2B2EEE710BD01460020002905D0034A1368002B00D11160704701487047681600201320000013B501AA51
:40600000012100F055F81CBD10B51346002904D00A46194600F04CF810BD014810BD00001320000070B588B013000C46054604D01F2C05D90D4808B070BD0C48401CFAE73F
:4060400068460470224619466E46401CEEF703FF1F20021B3019401C0021EEF705FF6A462021284600F024F8E5E7000012200000064A08B5914201D9054808BD6A461170CF
:40608000090A5170022100F013F808BDFF0E00001220000008B56A461070000A507091700321024800F004F808BD000006040000F8B5064617460D46C81CF3F76DFA040027
:4060C00018D02670300A6070E01CA570002F03D02A463946EEF7BFFEED1CABB222460649012001F0BBFF050002D02046F3F772FA2846F8BD0148F8BD7DAA0100052000008A
:4061000010B500221146FFF7D3FF10BD10B50179C27809020A438178104601F015F910BDF8B5044680783A490128087002D90120087001E0002801D004F0D8FC2079E57881
:406140000002054362D03348854203D10622A11D314851E0314885420FD1E079A6790002277A064339463046FBF756FF002E01D0002F43D10C20607140E028491631481EC0
:406180008D4201D085420ED1854206D124490878A070FF2805D0401C0870204601F0B6F82CE00020F8E71F48854212D100F0A2F9012823D100F098F906001FD001466A46F8
:4061C0000020FCF745FF684601883046FDF7BCF814E06079002811D11048001D854204D1114812490078087008E00C48C01C854204D106220E490F48EEF72DFE0E480078FF
:40620000002803D16179284600F0CCF9F8BD000054160020091000006C160020022000005A160020030C000086160020851600207F160020781600205816002070B50446D3
:40624000C07813490128087002D90120087001E0002801D004F04AFCA578607924790002044313D00B48201805D1002D03D02946204604F051FC08480078002806D1074815
:40628000844203D12946204600F08CF970BD000054160020F3DFFFFF58160020630C00007CB501A8FAF75EFE00281ED16846007903281AD10D4D0024687900280AD02888EA
:4062C0000B49884206D0284600F0ECFA281D0321FBF742FB0320694608700C20487001238C7003221846F3F787FB7CBD72160020FFFF000070B50024094D0A4E09E024218D
:406300006143705C89194A78891C00F047F8641CE4B228788442F2D30020287070BD0000501600206824002070B5242A0FD8084C2378022B0BD024256B43064DE854581915
:406340004270801CEEF787FD2078401C207070BD501600206824002010B5C01C01F0BCF801490020087010BD5716002070B58578C41C0FE060782178000201430A05E078F2
:40638000A1780002120D01431046FBF75BFE6D1EEDB2241D002DEDD170BD0000F7B582B002980C46022802D004280FD10FE00498211D001F82B2204604F0E2F843498842C3
:4063C00004D12146049A0298FFF7AEFF7AE02078009004986178801E0190814272D13C4D01202870009A102A27D008DC052A0DD0082A13D00E2A16D00F2A52D118E0132A99
:406400001ED0302A0AD03E2A4BD11EE02046049904F09AFC287800283BD03FE020460499FFF774FE3AE020460499FFF779FE35E020460499FFF702FF30E0FFF731FF2DE0F2
:4064400020460499FFF792FF28E0A0780026214F012808D00A2806D01F49052809880ED0032813D01DE02046049904F095FB1A480088B84212D019482E70067009E0B9421E
:4064800006D120460499FFF767FF07E0B94208D02E702146049A0298FFF746FF2878012808D10F480368002B04D00198A11CC2B2009898470B4C2078022803D1FAF790FD65
:4064C00001202070002005B0F0BD00002C23000057160020FFFF0000641600205016002068160020581600200148408970470000541600200248007AC007C00F70470000DF
:40650000541600200149088170470000541600200021054A002803D01B2802D2012070471B205081084670475416002070B518480024046084800C300460154D8480012090
:40654000183D28706C70E87028461E3000F0AAF9AC81EC810F4AAC700020C100545089188C80401C8C710228F7D32C716C710020AC71C04328820848417E08480088FBF7E0
:406580004BFD022028710648FFF7BAFD70BD00006C160020B0240020941D002014150020030C000030B51FA30CCB87B0019300921EA30CCB039302921EA30CCB05931F4BBA
:4065C0000492C21A02241E4D984215D00DDC1D4A80181AD0022811D0622804D1082204A91948FFF711FD07B030BD042A14D0174810180ED00128F6D12C71F4E70029F2D1F2
:406600001048082269464042EBE7082202A91048E7E70A48001D01E00B48401CFFF770FDE1E70000FFFFFFFFFFFFFF2F00008000000000003F0000000000000005100000B4
:4066400054160020FFF3FFFF0120000004F0FFFF630C000001490020486170475416002010B50C46124988B000281DD0002C1BD0104B002A01D0197811701978FF2915D0EE
:40668000491C1970014610226846EEF7E4FB1022214604A8EEF7DFFB054820216A46001DFFF706FD08B010BD0846FBE70021E8E7132000005916002070B5154C90B00E4628
:4066C000050022D02024402200216846EEF7CCFB402229466846EEF7BEFB21466846FFF769FC08A82146FFF765FC202200213046EEF7BAFB32460749684602F027F8040089
:4067000003D120213046FFF755FC204610B070BD11200000C716002030B599B0002807D013490846403802F039F8040002D01BE0002419E00E48202529464038FFF73AFCF8
:406740000B4829462038FFF735FC0949402240396846EEF780FB2022054910A8EEF77BFB69463720F9F7ECFE204619B030BD0000C716002000B585B0002905D00C4A9042F1
:4067800005D90C4805B000BD0A48401CFAE76A461070000A507000A810220230EEF75BFB044812216A460830FFF782FCEAE70000FF0E000012200000F0B5044685B00F2027
:4067C00004900B980A9D002832D027461A4E203F1A48B7422AD20F46203FB74226D2042A24D8032B22D8012D20D80C9E761E072E1CD20D9E032E19D868460470240A4470B7
:406800008170090AC1700271437185710622C01D0B99EEF720FB68460C9941730D99817306486A460C380499FFF742FC05B0F0BD0248401CFAE70000E13F0000122000006E
:4068400038B50B4C6279002A08D101466846FAF7F5FB0849884203D0002801D0002038BD68460078207101206071014838BD0000721600201214000010B5094B5A79002A59
:406880000BD0002294001C5B844204D19000C0180860034810BD521CF4D00020086010BD7216002010B5FF2101710021054B02248A00835212189470491CF9D000214171A2
:4068C00010BD0000FFFF0000FEB50E46002812D00178FF290FD0002E0DD00021C94300F03FFF0546052808D0002100F0D7FE0446012805D00BE01648FEBD1548401CFEBDE0
:406900000121284600F0CAFE0446012817D0A42045431048405DC043C00602D403F078FCB0700120694688720020C872052000960881204600F054FF040003D006E0044C30
:40694000A41C03E00121092001F00EFE2046FEBD112E0000C0240020FFB5114881B01D4617460E0019D0002D17D00E4C217EFF2913D1204601F0ECFC0198002800D00120C9
:4069800060746660278125600A98E0600820207405486061034801F033FC05B0F0BD0000112E000008280020116C010070B50C4600281FD00178FF291CD0002C1AD0002138
:4069C000104DC94300F0CCFE052818D0A42148430D494518687A0107090FE170890701D4C0060AD5E87A214600F012FA287BA070002504E00348401E70BD024D2D1D2846A1
:406A000070BD0000122E0000C02400200007800F022801D00020704701207047F8B50C00054614D101466846FAF7B4FC002802D16846FAF7B7FB0A4EA42130784843094938
:406A400040180D302946FAF7FDFC0520307006480268002A02D02146284690470020F8BDED160020C0240020E8160020FFB583B015460E4600281FD00178FF291CD000218E
:406A8000C94300F06DFE05281AD0832E1BD0174C002100F003FE0746012824D0304600F01DFE694688720020C872009506980881384600F095FE15E00C48C01E07B0F0BD11
:406AC0000A48801EFAE7A4214843094940184088002D03D02946FFF74DFE03E001460548FFF7C6FA04462046E8E70000142E0000C02400201B200000002803D00249086078
:406B00000020704701487047F0160020112E000070B50C46014606221048EEF79CF91048104D0460052028700F48104E0024A421614389194A7AD20608D58A7A920605D5B8
:406B40002831064800F042F8002804D0641CE4B2052CECD370BD2C7070BD0000F4160020E8160020ED160020192E0000C0240020F3B5144E144D81B007460024A420604322
:406B80004119487AC0060ED5887A80060BD53820BA79405C824206D1393106223846EEF74BF9002805D0641CE4B2052CE6D33046FEBDA42044436019417B029800260170CE
:406BC000F5E70000122E0000C024002070B50A0007D0002805D00C4D2978FF2904D00B4870BD0A48801F70BDC11CA860104600F083FE0400F7D1032028700121092001F06F
:406C0000B3FC204670BD0000F4270020172E000008B50848417C00290AD00B21027EFF230376037C0093C368052000F02DFA08BD0A21F3E708280020F0B50146002085B0AA
:406C40002E4D074601902878FF26022802D0032843D107E028460C30082603220746EEF7FAF83AE00322A868EEF7E6F8002801D023480190FF20AF68287022480478052CC7
:406C80002AD00622394602A8EEF7E5F8012069468873019800281AD0641CE4B2052C14D2A4202146414318480918487AC006F3D5887A8006F0D528311448FFF787FF0028FE
:406CC000EAD11048047005B0F0BD052C05D102A80199FFF7A3FE00E00926FF2028700021092001F041FCFF2EEDD0062000903B4631460520019A00F0C7F9E4E7F42700207D
:406D0000FFFF0000ED160020C0240020F4160020F3B583B00021039800F0C0FC060004D100F052FA304600F0A1FC0398A4214843204900254418607A2F46030904981B01BF
:406D4000002818D19B1CF32003400833002E12D1002001900290E07A01A900F059F8207B69468871D80604D44879012801D11020034301AD05276372039800F011FD049812
:406D8000002809D1002D07D0607B002103F086FA0320039903F086FB0021092001F0E4FB2B4600970121049A039800F06DF905B0F0BD0000C024002070B506463446A42142
:406DC000114D00204C43C043611948804860285DF32210402855487A0009000148720021304600F05BFC012803D008493046FFF78FFF285D8007800F022803D10121304656
:406E000000F07CFC70BD0000C0240020182E000000220A718207920F012A00D000224A70020701D5032204E0420701D5022200E001220A70020709D5420701D501220A7189
:406E4000C00603D50879022210430871704730B54278012A00D000220378FB241D072D0F0423022D03D02240032D02D010E01A43FAE70C2500792A43C50701D01A4300E0EA
:406E80002240800702D51020024301E0EF2002400A7030BD042807D8042905D88A008918024A8918085C704700207047B4E6010010B5084B04461B780020072B09D98C4253
:406EC00000D22146994204D20349104600F0FAF8024810BD6A17002006040000FFFF0000024610B500200B46120704D40249184600F0E8F8014810BD03040000FFFF000061
:406F00007CB50B46A42148430F4900264418657AA807800F022801D0E80612D5A07A0009C00702D1E07A00070BD5E07A6946FFF76FFF207B694688701946684600F07CF999
:406F4000657230467CBD0000C024002070B50646124800240578002D1DD0002A01D1012E05D008070BD5480707D508200CE0080701D5202008E0102006E0042004E0480759
:406F800001D5022000E00120054204D10449184600F098F8034C204670BD00006917002003040000FFFF000010B50078002807D104484168FF2903D000780349FFF7A8FE7D
:406FC00010BD000048280020152E000070B50C4C2278012A12D1014620460F3003220546EDF739FF607C40214006400E084360742946606800F080FC0220207070BD0000E2
:40700000F4270020042807D8042905D88A008918024A8918085C704700207047CDE60100FFB50646581D85B281B01F462846F2F7B3FA040016D0029820713A46601D03994E
:40704000EDF709FFA4200E49704340180D302B4622460621FBF746F8050006D02046F2F7B9FA0AE0074805B0F0BD0021304600F015FB002801D100F08DF82846F3E70000CB
:40708000C0240020052E0000FEB50B4C089D2468002C0ED0FF266F463E71052805D2A4267043064E8019407B387101A80095A047FEBD0348FEBD0000F0160020C0240020E9
:4070C000112E000038B5054601200C4680028143009101236A4605212846FFF7A1FF21462846FFF715FE002038BD0000F7B50646087882B00D460090491C0498FFF7A7FEB5
:4071000004982C4680782872E87B019011342F7C012E09D1FF2007460190E41F04990098FFF7EEFE002831D1221D2146601C03F059F804984078002800D120700098A421E1
:407140004843134940180D30A11C03F033F9207841074006490F400F022E08D10A4601461046AA7B23799A4200D31A462A7226706A78E270019A384011406171A07106234E
:40718000621C31460098FFF74BFF002005B0F0BDC024002001B582B06846007A00F014F8012000906846007A90214843044902AB40185830034A1E21F2F72AFA0EBD00001D
:4071C00048280020A96F01009021484310B5054944184034207E042803D0F2F76DFA0420207610BD4828002010B5827804794379012905D1D2066407D20E640F5B075B0F69
:407200000178042911D8417801290ED851090CD19107890F012908D8C078102805D8072803D3072C01D8072B01D9024810BD002010BD0000FFFF000002780B7812071B07E1
:40724000120F1B0F9A4203D380788978884201D20148704700207047FFFF00000148408870470000EC1600200149488070470000EC160020F8B50424194E1A4F00252046A1
:40728000A42148433554801900214780C9434160014603460E3180331961103159610A3199611031D961C91D1962083088220021EDF7DAFD641EE2D5002000F0D7F90A4C92
:4072C0000A4A412106206560FAF740FF0849FF200870143108762146087005206070F8BDC0240020FFFF0000EC160020BD740100F427002010B5044A0021012001F088F931
:4073000003F076F810BD00004F7F010070B5027941781302C27800251A430A4B4479D21808D0012A05D1091F8AB2811D204600F08FFB70BD091F8BB2821D2146284600F079
:4073400047FB70BDE9DFFFFF13B5144984B00024A422624352185288824203D0641CE4B2052CF5D3052C11D00021204600F096F901280DD007216A4691720121D17205AAF9
:4073800000926A461181694600F02AFA06B010BD6846017D2046FFF7BBFCF7E7C0240020FEB50F4604466946F9F79CFF204600F0CBF90646052821D0A42011497043441855
:4073C00025782807800F012818D03868606002A8FEF7D6FDEF2005406846007A002800D010200543F32005402D1D2570A11C6846FEF78CFD3146022003F054F8FEBD0000B0
:40740000C0240020F7B584B00E460699022941D3002E3FD00021C94300F0A2F90390052838D03778012F02D00025294608E00125002100F033F9044601280ED101210398DA
:4074400000F02CF90446012802D0012D05D008E0012D1FD18121C9001FE00121092001F083F8384600F03AF969468872FF2813D02046FFF78FFE6846807A092800D001277A
:407480006946CF720698761C0096401E0881204600F0A6F907B0F0BD02490398FFF712FEF8E700000704000010B50968002000F057F9052801D0FFF77FFC10BD30B41546EF
:4074C000044A890089184039CC6B2946A44630BC1A466047E8E601007FB5054640782A780002024314480024A421614309184988914203D0641CE4B2052CF5D3052C11D087
:407500000021204600F0CAF80A2101280BD008226B469A730122DA73AD1C0195998101A900F05EF97FBD0091AB1C002205212046FFF7AAFD7FBD0000C0240020014610B5F6
:407540000020490707D501F059F90446F43400F0D4FA001980B210BD3EB50024FFF77EFEFFF7ECFF002829D00020009001900290F4216846F1F736FF04001FD1104C00980E
:40758000F12200216060EDF76FFC0E496068C86501F034F9014601A8F1F724FF04000DD1019801F02FF900F0A8FA014602A8F1F719FF040002D1029800F0A2FA20463EBDAE
:4075C000FC160020482800200148007870470000FC16002010B50F228B5C845C63408B54521EF9D510BD0000F8B500250746052069461D4E08702C46A4216143705C8007D1
:40760000800F02D0022802D00BE025460DE088194068401C05D168460078052801D168460470641CE4B2052CE6D3052C12D168460078052807D10021684602F0EDFE68464F
:40764000007805280FD068460178012002F02AFF68460578284600F0A3F8A42068433978801941732846F8BDC0240020F8B505469020094F4543EC19204690220021E66D52
:40768000EDF7F2FBFF20E66578557F2160600855042040342076F8BD4828002070B5012909D001460B4C002522788A4210D12070FF2902D00AE0FF21F4E7FFF7CFFD4007E8
:4076C00002D505484068E06501206060284670BD012070BD48280020FC160020064A10214B00D35C834203D14800801840787047491EF5D5FF207047F4E6010070B50528D6
:407700001FD20A46A4210F4D41434C190E46012A09D10146012002F0C5FE20460D30F9F741FDFF2060730020A855401E608060602046083088220021EDF796FB002000F0BC
:4077400093FF70BDC024002010B500210446C94300F006F8052802D12046FFF745FF10BD30B505460D4C0020A4224243A35C9B070ED04B1C03D013195B688B420CD0002D3D
:4077800006D02B78FF2B03D01219527B9A4203D0401CC0B20528E7D330BD0000C024002010B5A421074C48430119497A235C0222C90600D5012299088900114321548807D5
:4077C000800F10BDC02400204068902200785043024A80184068086000207047482800200EB56A461070C3B2902253430A4A9B18029390235843105C6A465070A42250439A
:40780000064A8018019068464860887A0A4601460120FBF7F1FA0EBD48280020C02400200EB50949CA7F062A0DD1FF23CB770C216B4699720022DA72202119810090694642
:407840001046FFF7CDFF0EBDA8280020F0B5264F264E38783446234D603485B0022811D0E07F05280CD1FF21E1770B216A4691730020D0734021918101A90195FFF7B0FFBD
:4078800005B0F0BD7068FF2809D00020387003460090174A0D21FF20FFF7F6FBF0E740222946F06DEDF7D7FAF06D402240302946EDF7D1FA0D482830054602F03FFD032008
:4078C00038700C49F06D086040308D604860002008730F200549E0771831064800F01CF9CEE7000087160020BD15002048280020FFFF00004029002010B588B00024009486
:407900000194029403940A786B461A704A785A708978997004AA6946FEF7A2FE002801D101490C7008B010BDEC160020F0B515460A46044610468DB00D3004A90646F9F786
:40794000F3FC06A93046F9F785FC6946887D04AFC007C00F0870887F06AEC007C00F4870012D31D025462835214600A807220A310230EDF770FA214602A80722113101306D
:40798000EDF769FA204680300021016041608160C16006223146EDF75EFA2046062239468630EDF758FA69462846FFF713FE204608AA69464830FEF753FE002802D10121AB
:4079C0006034E1770DB0F0BD25463835CCE7000070B51D4CFF21E07F88B0FF2815D025460026603D01281CD002282BD003280AD106206D46A872EE7200922B81E177304688
:407A00006946FFF7EDFE08B070BD104B1878FF28F9D00028F7D1197003211046FFF70CF9F1E7294680310E461046FFF7D3FD284603AA31464830FEF713FE0028E3D1022092
:407A4000E077E0E70420D4E7A8280020EC1600203EB5174D08462B7816490024012B03D14968FF290BD02C7012496031CB7F042B0FD0072B0DD01146FFF7A8FA3EBD02F0AD
:407A800001FD02202870ECF721FC0028F6D02C703EBDFF22CA7703216A469172D47200901020108169462046FFF79AFE3EBD0000BD1500204828002070B51346054688B098
:407AC0000E4604464835082219466846EDF7C3F90822314602A8EDF7BEF904AA69462846FEF7BEFD002802D103216034E17708B070BD10B500F076F910BDFF200930704743
:407B0000044988604130C86035300861413048617047000004170020F8B50E460168134D044610311022A868EDF795F9A868102221681030EDF78FF96168A86810311022D1
:407B40002030EDF788F9A868102261683030EDF782F9A968227B40204254009641220020A36800F019F90020F8BD000004170020FEB50446084680300D46603516460F4618
:407B80000190002A05D03A48012E18D0022E1AD05FE00920E8772168364D10311022E868EDF759F9E868102221681030EDF753F901982B46183300902022E96853E00A2165
:407BC000E977002102E00B21E97701210170294927480422891C401C00F0ACF924481022401D616800F0A6F9214810221530A16800F0A0F91E4807222530E16800F09AF9F1
:407C00001B4807222C30216900F094F9184802221849333000F08EF910211548FEF7CAF9134810211030FEF7C5F9114810212030FEF7C0F90E4805213030FEF7BBF90D4C6B
:407C400035220B49E068EDF706F9012E03D0022E05D00020FEBDF86DA030009000E00095019BE1683522002000F096F8FEBD0000D828002004170020F0B50D4693B004469D
:407C80004168102201A800F055F905A8A1681022009000F04FF909A810220746E16800F049F90DA803220646216900F043F90DA807220330616900F03DF90FA807220230B8
:407CC000A16900F037F9102101A8FEF773F910210098FEF76FF910213846FEF76BF910213046FEF767F9012111A8FEF763F9074E412201A93069EDF7AEF8009541222368C1
:407D00000020316900F048F813B0F0BD0417002070B596B004460168202201A800F00AF909A820220546616800F004F911A810220646E16800F0FEF8102101A8FEF73AF956
:407D4000102105A8FEF736F910212846FEF732F910210DA8FEF72EF910213046FEF72AF90B4D502201A96869EDF775F8094900228A64CA640A6508464A6548300090502275
:407D8000A3680020696900F007F816B070BD00000417002048280020FFB50F4881B01D4617460E0016D0002D14D00C4C217EFF2910D1204600F0CCFA019860746660278121
:407DC00025600A98E0601020207405486061204600F016FA05B0F0BD112E000008280020E9420000F0B54F490120C97F0027FF264D4A89B008290ED009290CD00A290AD0DC
:407E00000B2908D00C2906D00D2904D00E2902D00F291FD000E0002016769021414A41438C46603A89180A463F4C6032D37FE568247C082B21D0092B22D00A2B24D00B2B43
:407E400029D00C2B62D00D2B60D00E2B13D1D67703215DE03348694638380590103806900F74102008771676009004AB00220D21FF20FFF709F909B0F0BDD677042147E0FD
:407E80000A20D077012202E00B20D07702222748FFF76EFEEFE70C20D077012248689205904201D1400005E005229205904202D10320C0054860C86D1C4A0346A033143279
:407EC00013600B4628335360103393606346CB5CA4246343164CE35CDB0605D40B460B3313610346C03304E00B46123313610346B033D3600B4670337731536191610146CC
:407F00000A48D0311430FFF7B7FEB4E7D6770D216A469173D7730195948101A9FFF760FCA9E70000A82800200828002010290020C024002030B50023541EE4B2934205D25B
:407F40000D5DC5545B1CDBB2641EF6E730BD10B5002A04D0012A01D100F004F810BD00F039F810BDF8B5002069460870012301466A46184600F042FB69460878002824D0E2
:407F80000024124F1DE0A42026464643F5192A46083288230021012000F030FB0C4A287A1178884200D91070B85DF32180088000401CB855687A084080088000641C6872FC
:407FC000E4B2684600788442DDD3F8BDC02400206D17002038B500206946184D0870A4214143695C8907890F012903D16A461178491C1170401CC0B20528F0D301236A4674
:408000000021184600F05EFB68460078002813D000242046A4214843295C8907890F012906D14219083288230021012000F04AFB641CE4B2052CECD338BD0000C024002009
:4080400010B50548012102780170002A02D10420F1F748FC002010BD2C170020F8B51F4E9C463378012B03D0022B01D01C48F8BDC3001C481B18581C9F785D785C680C23DA
:408080005D436359002B06D00121042000F06CFA1348401CF8BD615103780C256B431B1961461981002A04D001780C23594309194A600178491CC9B20170B94201D1002114
:4080C00001707068401C70603078012804D1022030700420F1F706FC0020F8BD2C17002011110000A829002010B51048002404704460242221460E48ECF7B6FE0C482422BD
:4081000000212430ECF7B0FE0948032184640465483081708172064941602431C1600470047244704472002010BD00002C17002060290020F8B500250C4C01262F46207806
:40814000002810D001280ED0022802D0032808D106E000F00DF86068002802D1267000E02770002DEBD00020F8BD00002C170020F8B500262048F1000C18A0786568009060
:4081800021780C2041436A58002A31D04B19002019890746002901D001275868904717480078032827D0012F0CD120780C21484340194068F1F70EFA21780C22002051439B
:4081C0004919486020780C2250430021401901812078504329502078401CC0B22070009A904200D1217005484168491E4160C7E7761C022EBED3F8BDA82900202C170020B0
:40820000F0B5044685B01F4801214460657C01706A461D49206800F09EF9112636020746B04204D1207E14210843207605E0002F03D16946204600F099F8380001D0B042C6
:408240001AD1002D02D0012D03D006E0217E202201E0217E40221143217600280CD1204600F008F9002807D1002D07D0012D03D1217EBF221140217605B0F0BD217EDF22B3
:40828000F8E7000034170020DCE8010030B5C37B0E215B00C373425C4318D4095D78520025435D704254491EF5D530BD7FB527480D460178012913D14468FB21207EC2063B
:4082C000002A0EDAEF2210402076420701D5084020762946204600F049F8204600F0CAF87FBD8207FCD54207FAD508402076628BA18B531E994204D12946204600F05EF879
:408300007FBD914209D1FD21084020762946204600F0EEF8606980477FBD6068090140186A46294600F00AF92A466946206800F012F9112109028842EED1A08B0421401C91
:40834000A083207E084320767FBD000034170020002101604160C160416101810174418381834174012101760020704770B5044605461E340E462E3510222046ECF76BFD44
:408380002046FFF783FFF07B000604D522461146094800F0D3F8102221462846ECF75BFD2846FFF773FFE07B000604D52A461146014800F0C3F870BDECE8010030B50D4683
:4083C000418B89B00446002907D0207A0207120F39D00020012838D002E001206083227A002000900190029003901020811A68460818014680232039CB776168002905D043
:40840000638B1B01103BC918ECF725FD21466A462E31104600F092F804AA2946684600F08DF86A4604A9206800F095F8054611200002854215D1A08B0421401CA083207E81
:408440000843207613E00120C4E7080162681038111810226846ECF7FEFC21466A461E31D7E7002D03D16946204600F041F8284609B030BD30B50446008989B001090007E2
:408480006183000F01D0491C618300210091019102910391217E0222114314482176002517E060682901401804AA694600F046F86A4604A9206800F04EF8002807D0A18B03
:4084C0000422491CA183217E1143217605E06D1CADB2618B491EA942E3DC217E490703D469462046FFF76AFF09B030BDFFFF000070B5002606760446027C1020801A4518E5
:40850000607C002802D0012805D011E02946E068ECF7A1FC0CE02846E168ECF78DFC002806D0227C2946E068ECF795FCFF2020760148067070BD00003417002030B50F2346
:40854000C45CCD5C6C40D4545B1EF9D530BD10B5FFF7ACFE10BD08B56A46FEF781F8002801D11120000208BD012909D80C2807D20122054B82401868012902D09043186097
:4085800070471043FBE700003C17002001490020086070473C170020704700007CB5054601AA694600F09EF8134C00280CD101212846F1F77FFF002806D12846F1F79CFF03
:4085C000401C01D000240CE020467CBD0099A0000B58002B03D001222946FF209847641CE4B2684600798442F0D301212846F1F75FFF00207CBD000012A1000010B51446AE
:4086000008461A462146F1F763FF80B210BD0000FEB5140008460DD001AA694600F062F80100104808D169460B79FF2202AE0021009D0AE00B48401EFEBDFF2A03D18F0070
:40864000EF59002F0CD0491CC9B29942F5D38B42F2D06846007A009980000C500020FEBD3170F4E712A100007CB5054601AA694600F038F8124C002805D100212846F1F725
:4086800019FF002801D020467CBD2846F1F774FF00240AE00099A0000B58002B03D000222946FF209847641CE4B2684600798442F0D300212846F1F7FBFE00207CBD00007B
:4086C00012A1000010B5144608461A462146F1F741FF80B210BD10B5F1F7D2FE0020FFF75DFF10BD002801D00348704704201070024808600020704711A10000B8290020D5
:408700000020044902468300401CC0B2CA500428F9D37047B829002070B588B00E46044615461146684600F0EEF921466A46084600F0DDF969462A46084600F0D8F9314667
:408740006A46084600F0D3F908B070BD70B5124C064620681546EC3000F090FD20683146AC3000F08BFD206831462031CC3000F085FD20680122A8210A52FF214D310D5033
:408780000821EC3000F02BFD2168801E8031086200F084FE002070BD40170020F0B599B00F460646002411ADA0004019F2F78CFBA41CE4B2082CF7D3082111A800F00FFDD8
:4087C0000090002311AA0C4901A800F0B3FA01A800F0A0FA0028EFD111A9384600F0E9FC01A9304600F0E5FC304609A9203000F0E0FC002019B0F0BD40E90100FF205130B3
:4088000070470000014908607047000040170020F0B589B00C46064600F009FD0025029501950095E06A0390206B0490606B0590A06B0690E06B6A4611460790084600F024
:408840007DFC074631466A46084600F077FCC719206B0390606B0490A06B0590E06B6A46114606900795084600F068FCC71931466A46084600F062FCC719206A0090606AD0
:408880000190A06A0595049503950290A06B0690E06B314607906A46084600F04FFCC719606A0090A06A0190E06A0290606B0390A06B0490E06B0590606B0690206A31469D
:4088C00007906A46084600F039FCC719E06A0090206B0190606B0595049503950290206A0690A06A314607906A46084600F0A8FC3F1A206B0090606B0190A06B0290E06B3E
:40890000059504950390606A0690E06A314607906A46084600F094FC3F1A606B0090A06B0190E06B0290206A0390606A0490A06A06950590206B314607906A46084600F0D2
:408940007FFC3F1AA06B0090E06B02950190606A0390A06A0490E06A06950590606B314607906A46084600F06BFC3C1A0ED531460B4A084600F0E2FB0419F8D409B0F0BD03
:408980003146074A084600F05BFC241A002CF7D13146034800F0EFFB0128F1D1EEE7000000E9010070B51C46054600F0C7FB002805D12146284600F0DEFB002804DB29464C
:4089C0002246084600F03CFC70BDF0B50746A1B016460C46084600F0E0FB002804D0384600F0C1FB21B0F0BD214610A800F01FFC314618A800F01BFC684600F0B4FB0120E8
:408A0000009008A800F0AFFB0125ED0764E010990024C9072ED01899C9072FD0002838DD10A918AA084600F00BFC10A800F0F0FB08A9684600F09FFB002804DA694632463D
:408A4000084600F07BFB694608AA084600F0F8FB0098C00705D069463246084600F06EFB0446684600F0D4FB002C35D007982843079031E010A800F0CBFBE9E718A800F026
:408A8000C7FB1EE008A93246084600F057FB04461AE018A910AA084600F0D2FB18A800F0B7FB694608A800F066FB002804DA08A93246084600F042FB08A96A46084600F018
:408AC000BFFB0898C007DDD108A800F0A1FB002C02D00F9828430F9018A910A800F04BFB002894D16946384600F0A1FB7AE710B590B00446684600F037F869462046FFF73F
:408B000087FE10B010BD10B590B00446684600F0C3FA69462046FFF77BFE10B010BD70B51C46054600F08CFB002804D029462246084600F003FB70BDF8B51D46174600F086
:408B4000BFFC3B682A681C184A41069B16461B68201A8E4101D2012000E000201918069801602A603C60F8BDF7B5002084B015460E46019002900746039000240BE003A852
:408B80000090381B80002958A000305802AB01AAFFF7D2FF641CBC42F1D9BA00049801998150029801900398029000207F1C0390082FE2D30827FC1F0BE003A80090381B2C
:408BC00080002958A000305802AB01AAFFF7B4FF641C082CF1D3BA00049801998150029801900398029000207F1C03900F2FE2D304980199C16307B0F0BD0000F0B50446CC
:408C000091B00E461546104600F0C7FA00287CD131466846FFF777FF6A46214608A8FFF766FF69460846FFF76EFF31462A460846FFF75DFF29460846FFF765FF2146344B31
:408C40002A460846FFF7AEFE2A461146304B0846FFF7A8FE2A462E4B21461046FFF75FFF21462A460846FFF742FF2246284B11462846FFF797FE2146254B2A460846FFF75C
:408C800091FE0021204600F0F0FA00280DD021461F4A084600F052FA0746204600F0B8FAE069F9070843E06102E0204600F0B0FA21462846FFF727FF2946154B08AA084699
:408CC000FFF72DFF2946124B08AA0846FFF727FF08A90F4B2A460846FFF721FF214608AA0846FFF704FF6A46094B21461046FFF716FF2946204600F09AFA3146284600F031
:408D000096FA6946304600F092FA11B0F0BD000000E9010010B5044600F03FFA002807D02046203000F039FA002801D0012010BD002010BDFFB5ABB00BA81D46349C2C990C
:408D4000019000F074FA2C9923A820310646029100F06DFA1BAB03AA31460095019800F073FBA41E1DE021462D9800F07EFA002865D0002042011BA956180125281A03AF18
:408D800040014118D219C01933460D460746009200F0E4FA2B463A463146009800F08AFA641E002CDFDC00212D9800F05EFA002847D0002041011BAC03AD0F194E19012108
:408DC000081A4001041945193B4632462146284600F0C4FA1C4B03AA13A80199FFF79FFE13A922460846FFF782FE13A908462C9AFFF77DFE13A9144A0846FFF7E6FD13A9F7
:408E00000846029AFFF773FE13A92A460846FFF76EFE2A4639463046234600F04BFA13AA1BA903A8FFF778FC03A92B9800F0FFF92B981BA9203000F0FAF92FB0F0BD0120AE
:408E400098E70120B6E7000000E90100F0B5904C89B020680125A03001890B00F0F724FA07F1055A6687C0F2F100002601AFB000C019F2F729F8B61CF6B2082EF7D32168A6
:408E80000846AC31203000F0D2F921680846CC31603000F0CCF90097226813461146104640336031203000F0CFFA20680221A03001812BE0EC3000F0D8F9002824D000210D
:408EC0002068A42211504A011218691A49010818134601464033403100F040FA2068A42109586A1A5201121849010818134601464033403100F0DEF920688030016A491E45
:408F00000162C80706D101E00121D9E7F6F7FCF801287DD12068A02109580029CADC0321A0300181F6F7F0F8012871D120680021EC3000F09AF9002817D000202168A42218
:408F4000505042015218281A40014018134601464033403100F002FA20680421A0300181F6F7D2F8012867D101E00120E6E72268484B1146104620318030FFF7D0FD21685C
:408F800008468030426AAA1A5201521840320146FFF7ADFD226811468031AC320846FFF7A6FD21683B4A80310846FFF70EFD226811468031CC320846FFF799FD2168084687
:408FC0008030426AAA1A520152180146FFF78FFD20680521A0300181F6F796F801282BD12068A42109586A1A5201121849010818134601464033403100F05CF92068024679
:40900000014680324031FFF787FB2168084600E012E0FF300D3000F00AF921680846FF3040312D3000F003F920680621A0300181F6F76AF8012805D000F030FA09B0F0BDB8
:4090400000E022E021680020A8225052FF204D304058FF310D3100F0ACF82068FF300D30FFF758FE0004000C03D00020EBF728F9E4E720682021FF304130C068FCF79AFF95
:409080002068FF304130C068F0E700210181D5E74017002000E90100F3B5002085B00E460190029005460390082D01D200242EE0EC1F2CE0A1421FD9A000890030587158D1
:4090C00000F0FEF9029A039B9446CA0F9B1807460198FF1949416246C0194A419446C71B03938A4101D2012100E000215918039161460291019009E003A80090880031583D
:40910000A000305802AB01AAFFF716FD641CAC4202D8291BA142CDD2AA00059801998150029801900398029000206D1C03900F2DBAD305980199C16307B0F0BDF0B50646D9
:40914000002003469D004C595759E7193F18BC4204D0BC4201D9012000E000205B1C7751082BEFD3F0BD00210A468B00491CC2500829FAD3704710B507229300C458CB58A9
:409180009C4201D9012010BD9C4202D20020C04310BD521EF1D5002010BD00218A008258002A01D000207047491C0829F6D30120704770B5002207259400AB1A0E599B00E8
:4091C0001B18360E1E700E59521C360C5E700E5B360A9E700C5DDC70082AEDD370BD0246491E03D48B00D358002BF9D0491C05D08A0010184038C06B002203E0002070475F
:409200004008521C0028FBD1480120388018704710B503460022203004E001684C081443CA0704600146001F9942F6D810BD10B500229300CC58521CC450082AF9D310BD20
:40924000F0B50646002003469D004C595759E71B3F1ABC4204D0BC4201D2012000E000205B1C7751082BEFD3F0BD4A1192008058CA06D20E0121914008407047F0B5002373
:409280000727FA1A920056183578F4782A46757824062D022A43B5782D042A43224312BA120AF478120222439C005B1C0251082BE7D3F0BDF0B5174689B01E460C460546F7
:4092C0000246254B39466846FFF729FC69460846FFF719FC29466A460846FFF708FC39466A460846FFF703FC31461B4B22460846FFF715FC31466846FFF705FC6946164BC7
:409300002A460846FFF70BFC6946134B3A460846FFF705FC3946104B2A460846FFF7FFFB21463A460846FFF7E2FB0B4B6A4629463846FFF7F4FB31463A460846FFF7D7FB2B
:409340003146054B22460846FFF7E9FB69463846FFF76DFF09B0F0BD00E90100F0B5144699B01F460D4606460246364B214608A8FFF7D5FB08A90846FFF7C5FB314608AAE7
:409380000846FFF7B4FB214608AA0846FFF7AFFB2C4B2A46394608A8FFF704FB3946294B2A460846FFF7BBFB264B324621466846FFF7B5FB29466A460846FFF798FB214B45
:4093C000224631466846FFF7EDFA39462046FFF79AFB21461B4B6A460846FFF7A0FB194B2246314610A8FFF79AFB394610AA0846FFF77DFB3946134B2A460846FFF78FFBA1
:4094000008A910A8FFF77FFB10A90E4B6A460846FFF785FB0B4B324610A96846FFF77FFB694608AA0846FFF762FB2A46054B69461046FFF774FB10A93046FFF7F8FE19B018
:40944000F0BD000000E90100FFB589B0074601461D4616461046129CFFF7E9FE28460A99FFF7E5FE6846FFF77EFE01200090002C03D021466846FFF7DAFE6A4638460A99C6
:40948000FFF74AF96A4638460A99FFF7B7FB6A4629463046FFF740F90DB0F0BD0EB5012100200191009007216A461181508103486946006800F021F80EBD000030140020D0
:4094C000F8B5040C8BB2264682B25E430D0C1046370C5843360480190021794116466E43370C36048019794126466E438919F8BD10B50EC9F1F7D6F910BD10B50EC9F1F741
:4095000009FA10BD38B50024E443054600290AD0052000904B68097804A0F1F77FF92860401C00D00024204638BD00007461736B0000000010B5F0F743F910BDF8B50E464C
:409540000546F5F779FD002300906C46AB20E15C002900D1E0545B1CDBB2042BF7D32A463146204600F002F8F8BD0000F7B58AB03A480890001D054606900898019038480B
:409580000F4601680698009102910390012600241835042233A10898EBF75DFC0099069880310A7902704979417006980422801C0A99EBF750FC8E206946087530460899B9
:4095C000303048702819049001A800F04FF8002021186A5C002A01D130226A54401CC0B21428F5D31434761CF6B2E4B2032EE5D9281D029000200390019568460475174EEE
:409600000024082F1DD908273019049001A800F02DF8002030222118735C002B00D17254401CC0B21428F6D36946097D3120685469461434087DE4B2401CC0B20875002140
:409640002954BC42E0D3002004E00C99325C0A54401CC0B2B842F8D30DB0F0BDC8290020441700203030303000000000F0B5BD4E07463446C56885B04034BB482060BB480B
:409680006060B948C043A060B848C043E060B8482061387C362801D8402104E0762801D8802100E0C021019104280AD23968042208180021EBF7D8FB3A7C396880208854EF
:4096C0001CE088280DD2796804220818001F0021EBF7CAFB3A7C796880208918203908770CE0B9680422081888380021EBF7BCFB3A7CB96880208918A03908760020009035
:40970000387C694640098870387CC000C8700198800903900020D2E00020844602988001864660467146800009183A7CC9B28A421AD3042901D23A6806E0882902D2091F64
:409740007A6801E0BA68883951180A78120232504B781A43120232508B781A4312023250C9780A43325016E0019A083A8A4201DB00210FE06A461178090231505278114398
:40978000090231506A4692781143090231506A46D278114331506046401CC0B284461028BFD32068286060686860A068A860E068E86020692861002084460007000F86468E
:4097C0006046102817D37046C01E0007800E3158704608300007800E305841407046801C0007800E32587046800033585A4051401F22D14131506046142809D26968AA6892
:4098000008461040EA688A431043E06159481EE0282807D2A96868684840E9684840E061554814E03C280BD2A868EA680346696810430840194611400843E0614F4806E0EA
:40984000A96868684840E9684840E0614C48A061E0692969A269411828681B23D8411018091870468000305808186061E8682861A868E86068680221C841A8602868686035
:40988000606928606046401CC0B28446502894D320682968401820606068696840186060A068A9684018A060E068E9684018E06020692969401820610298401CC0B20399FE
:4098C0000290884200D227E7F9682078C8702088F968000A88702068F968000C48702068F968000E0870F9682079C871A088F968000A88716068F968000C48716068F968FE
:40990000000E0871F968207AC8722089F968000A8872A068F968000C4872A068F968000E0872F968207BC873A089F968000A8873E068F968000C4873E068F968000E0873D5
:40994000F968207CC874208AF968000A88742069F968000C48742069F968000E087405B0F0BD0000242A00200123456789ABCDEFF0E1D2C39979825AA1EBD96EDCBC1B8F7E
:40998000D6C162CA30B500224B1E4C0805E0815CC55C8554C154521C5B1E9442F7DC30BD10B5044605480069F1F700F82060002801D0002010BDFF2010BD0000481700205C
:4099C00070B50A4D0446302905D8A869F0F7EEFF2060002805D16869F0F7E8FF2060002801D0002070BDFF2070BD00004817002010B5044605484068F0F7D8FF206000286E
:409A000001D0002010BDFF2010BD00004817002010B504460548C068F0F7C8FF2060002801D0002010BDFF2010BD00004817002010B5044605480068F0F7B8FF20600028F0
:409A400001D0002010BDFF2010BD00004817002010B5044605488068F0F7A8FF2060002801D0002010BDFF2010BD00004817002010B504460548C069F0F798FF206000286F
:409A800001D0002010BDFF2010BD00004817002010B5F5F7A3FBF5F747FB002010BD0000014610B502480069F1F70EF810BD00004817002070B5084C05460146A069F1F71E
:409AC00003F8002806D029466069F0F7FDFF002800D0FF2070BD000048170020014610B502484068F0F7F0FF10BD000048170020014610B50248C068F0F7E6FF10BD000058
:409B000048170020014610B502480068F0F7DCFF10BD000048170020014610B502488068F0F7D2FF10BD000048170020014610B50248C069F0F7C8FF10BD0000481700201F
:409B400070B5040068D02068344D0078287620688078E876206800796876EAF78DFBC0B2022806D1687E042803D120680079401E6876287E81070BD08107890F401A0C30EA
:409B800082B2697E2648F0F737FF002844D101E00830F5E7E87E81070CD08107890F401A0C3082B21E480421001DF0F725FF002832D101E00830F4E7194820220421083047
:409BC000F0F71AFF002827D11548202203210C30F0F712FF00281FD11148502201211030F0F70AFF002817D10D48482201211430F0F702FF00280FD10948302204211830E4
:409C0000F0F7FAFE002807D10548402202211C30F0F7F2FE002800D0FF2070BD941D0020481700201FB501A9F5F778FA04B010BD10B50D4C6069F0F7F3FFA069F0F7F0FFC0
:409C40002069F0F7EDFF2068F0F7EAFF6068F0F7E7FFA068F0F7E4FFE068F0F7E1FFE069F0F7DEFF002010BD481700201FB501A9F5F768FA04B010BDF7B5054682B00020AB
:409C80005249534A00900427681AAE188D421BD00ADC002E1AD04E2E1AD04F2E18D0F5208000301A15D10DE001280BD0032807D0072803D0474940180BD107E00A2708E068
:409CC0000B2706E00C2704E0442702E0072700E006276946381DF5F777FF002802D0072005B0F0BD009C294667702046039AF5F709FD0398002864D1344B2A465B1CE81A8D
:409D0000049F049D34493F0AEDB29A4238D008DC002E23D0F5208000301A3CD0012850D14CE002280BD0062804D02A49491C401847D11BE0A11D0020F3F704FD41E0087E76
:409D4000A071000AE071087E2072487E6072000AA072487E21460931E0722CE0214608310498F1F789FA06E060712AE0214608310498F1F76DFAA571E771002821D0F3E792
:409D8000251DA01D08220021EBF76EF8A87960210843A87115E00879A0710889E071000A2072487960720888A072000AE072C88821460A312073000AC87002E0A01DF5F723
:409DC000CDFC2146FF20F5F7ADFA89E702100000D3F3FFFFFDFBFFFF941D002030B51E4B0224C21A984235D015DC1C4B0325C21A984225D008DC1A4A801826D0172826D00F
:409E0000184A80181AD11DE02A2A1ED0602A19D0782A13D11BE0144BD01A9A4210D007DC124810180CD001280AD0022806D107E0042805D001229202801A08D0002030BDA2
:409E4000002000E00820087002E00D7000E00C70012030BD0420F6E77C0C0000030C0000FAFBFFFF05F8FFFF890300007BFCFFFF10B5224C131BA2423CD016DC204C131B15
:409E8000A24228D008DC1F4BD2182DD0172A2ED01D4BD21808D121E02A2B22D0602B1DD0782B01D1F5F7B8FF10BD184C1A1BA34211D007DC164A9A180DD0012A0BD0022A1F
:409EC000F2D108E0042A06D001239B02D21AEBD1F5F7B1FF10BDF5F770FF10BDF5F763FF10BDF5F7AFFF10BDF5F768FF10BDF5F7B5FF10BDF6F733F810BD00007C0C00003D
:409F0000030C0000FAFBFFFF05F8FFFF890300007BFCFFFF70B50C460146304E01208B1B0546B1424ED01DDC2D4E8B1BB14238D00CDC2C4BC91839D017293DD02A4BC918C3
:409F400003D11146204600F055F870BD2A2B23D0602B3DD0782BF8D115701146204600F091F870BD214D591BAB4213D007DC204959180FD001290DD00229F2D10AE0042958
:409F800008D001239B02C91AEBD11146204600F088F870BD002070BD1146204600F085F870BD1146204600F088F870BD15701146204600F05BF870BD15701146204600F02D
:409FC00078F870BD15701146204600F082F870BD1146204600F036F870BD00007C0C0000030C0000FAFBFFFF05F8FFFF890300007BFCFFFF10B5104B0422597A302411409F
:40A0000059720E4A0168114001600D4A416811404160026850080843810A2140C00D422420400143587A120989242240104301435972002010BD0000AC1E002090880002D1
:40A0400000800020084AFB23517A1940517201230168DB0519400160507A490D042319400843507200207047AC1E002070B50C460546F5F781FF002803D121462846F2F76C
:40A0800041FD70BD70B50C460021217005462146F6F71CF8002803D121462846F2F7E8FD70BD10B5F6F71CF810BD10B5F6F722F810BD10B5F2F7FEFD10BD70B50C46054629
:40A0C000F6F728F8002803D121462846F1F7E6F970BD70B50C460021217005462146F6F71BF8002803D121462846F2F799FE70BD10B5F1F743FC10BD10B5F1F7ADFC10BD59
:40A1000010B5F1F757FC10BD10B5F1F7DBFC10BD704710B5FDF7AEF8F6F706FD10BD704710B5FDF7E7F8F6F71BFD10BD704770477047704737B50C4600211546C9436846BD
:40A14000FDF70EFB0849012D08D0A422504341183F3110222046EAF77EFE3EBDA422504341188031F5E70000C024002073B500250C46002915D068460078FF2811D000203B
:40A180002070411E6846FDF7EBFA05280ED0A421484308494018407A0007800F022802D006E005487CBD0120207001E0024D6D1C28467CBDC0240020112E000004494A681A
:40A1C00002600878002801D0002070470148704770170020FFFF000001490160002070478817002010B5044B1C780470D878087018791070002010BD6817002010B5184623
:40A2000010220249EAF727FE002010BD88170020014800797047000068170020FFB581B00A9C17460E46002808D0002E06D0002F04D0174DE979012903D00CE0154805B0D3
:40A24000F0BD8179AA79914205D129460622EAF7F3FD002801D01048F1E7287A3070012805D12946093110223846EAF7F4FD049800280BD0002C09D02278322A00D93222A7
:40A280002270294619310498EAF7E5FD0020D6E7842A0020112E0000FFFF000010B5114B0022A4245443E418647B844214D1A4204243985C8007800F012807D1012906D090
:40A2C000D0184F3041220849EAF7C5FD10BDD1184F3141220448F7E7521CD2B2052AE0D310BD0000C02400208817002010B5054982798A720146034806220B30EAF7ABFDF1
:40A3000010BD0000A817002010B5014610220248EAF7A1FD002010BD88170020014908710020704768170020400701D5002A01D00020704700487047FFFF000010B50028AC
:40A3400005D010220349EAF786FD002010BD024810BD000078170020112E00007CB50C0009D06946F6F7BEFF002805D10E4DE879012802D00DE00D487CBD68468079A979CC
:40A38000884206D1294606226846EAF755FD002801D007487CBD2946093110222046EAF75AFD00207CBD0000842A0020112E0000FFFF00007CB50C46002121706946F6F755
:40A3C00091FF002811D1094DE87901280DD168468079A979884208D1294606226846EAF72BFD002801D1287A20707CBD842A002010B5002406484B222146EAF735FD0548AD
:40A40000072144708170102101710830047010BD842A002068170020F8B50525074600206B46154E1D7004462246A4235A43B35C9B079B0F012B0BD1921953685B1C07D1B3
:40A44000137A834204D91846527B6B4625461A70641CE4B2052CE7D3052D08D0002902D06846F6F73FFF01212846FDF747F9684600783870F8BD0000C024002010B5FCF7FA
:40A4800047FB10BD10B5002806D0014610220348EAF7E1FC002010BD014810BD78170020112E0000F8B5254D254FA4224A436C79D219012807D0022801D003283DD1107AE3
:40A4C00000281BD01DE0167A002E36D00020107288420CD0A4224243BB5C9B079B0F012B05D1D3191A7AB24201D9521E1A72401CC0B20528ECD3641E6C711BE0641C6C71D5
:40A500001472137A012B15D001201072002088420CD0A4224243BC5CA407A40F012C05D1D219147A9C4201D2641C1472401CC0B20528ECD30020FEF797F8F8BD68170020E8
:40A54000C024002010B50446407B217B00020143E07B0202A07B10432268002A01D0206810BD042806D0062804D00846EFF714F8206010BD01480068FAE7000080150020AC
:40A58000F7B5A5498AB0164609786A461173A34A002815D00B99002912D0417803780C0223438C06A50FC47880781B0524021B0D89092043864203D1002901D1022D02D9E7
:40A5C00010460DB0F0BD05A91846F7F73BFB002801D09348F5E7059818214843914944180834E07A002802D0022D0BD001E0012D0BD0A07A0790E5880020069008900190A3
:40A6000002906EE0204600F05DF976E0B54201D9374600E02F46E81B85B2E07A042809D3617B227B09020A430292E17BA27B09020A4301920799012902D0022949D118E057
:40A6400021460C3140183A460B99EAF704FCE07AC019E072002D3CD1607B257B000205430295E07BA17B000201430220019107902FE0A088002815D103A800903B4621464E
:40A680000B9A059800F0D4F80028BBD10298B04202D8E07A042812D02046FFF753FF20600028AFD0A18820683A4640180B99EAF7D2FBA088C019A080002D08D009E00B98B8
:40A6C00020600298A08001200690089001E0012006900B98C0190B90F01B86B2069801280DD0002E92D10698012808D00798A072E58001210A20FDF737FF002061E701987E
:40A7000005281FD004287AD0062878D005980199C2B203A8F7F7F4FD3F4801786846007B814209D0142358433F4BA2881B682168C018036903A8984708980128A5D1002058
:40A7400020605FE7A08825684DE02F7868780690E878AE78000206430C98001F8642EBDC06980028E8D0781E152841D8F80704AA1CD006990598F8F7E3FA002822D00121AA
:40A7800004A8002700970191029001220021069B0598F8F767FA00281FD1009700231A46019704990598F8F7DFFA16E0012100206B4607C302460146069B0598F8F752FAB2
:40A7C00000280AD1301D83B21849B80040184038C76B2A4604990598B8470C98AD192D1D801B001F80B20C900028AED1A4E706E0012004A90027009702910190C5E70598C3
:40A80000182148430749A38841182268091D0198F7F7ECFC90E7000079150020FFFF00002C230000B82100209415002020E6010070B50346487B0D7B00020543C87B0024BC
:40A840000202887B049E1043621E0A812246402810D2CC80052805D0042805D0062806D0124A21E017241BE05800114917E01148848A15E00146DAB23046F7F741FD0200BD
:40A8800012D10D4B307814211B684143C91809690A4B994204D11C214843094909680C5AA54201D9014A493A104670BD702300008C150020A8220020941500206926010087
:40A8C000B415002070B50446E17A0020042903D3E07B0102A07B08430025E572A5802168002907D0042804D0062802D00846EEF771FE25600120A0720420E08000210A206B
:40A90000FDF732FE70BD0000F3B54F4983B00020087091E04D484E490088C0004518A87901287DD1A88804902C68002660782778000207434748391A87421BD011DC46488F
:40A94000391A874233D006DC444838182FD04449401852D12BE04348081845D001284CD148E0891F0B00EEF79FFC08223C22223C3C22223CE17B012906D03B48F6F74EFDCE
:40A98000E079002802D038E03848F7E72146062209316846EAF75FFA207A694688716846FBF74EFF002836D00621817025E020790102E078084302A9FBF75EFF002803D06F
:40A9C00002988078012801D0224E0A3623484042874206D11F480A3086420ED0029907208870002E09D016E00622E11C2048EAF732FA02E01F49207A0870012321461846B1
:40AA0000049AEEF7F9FF14484738874203D01A480178491E01702046EEF7DCFD002100E00FE0A9712960094AA9801088401C80B21080022800D111800F480078002800D035
:40AA400068E705B0F0BD00005616002060160020B02400200D2000007C0C0000FAFBFFFF8BF7FFFF77ECFFFF6C160020781600207F1600208616002054160020F8B50D463B
:40AA800000280ED0002D0CD0164E074630881649C0004418A079002804D001210220FDF763FDF8BD2846EEF777FD20600028F8D02A463946EAF7CFF900F018F80027002823
:40AAC00004D02068EEF786FD2760F8BDA5800120A0713088401C80B230800228F5D13780F8BD000062160020B024002010B5084C00202178002909D100231A46054918461D
:40AB0000FDF7ACFA002801D10121217010BD00005616002009A901000F4910B540181AD10E4806224079002815D00C4800218B001B189B78934206D18A0002231418A3703E
:40AB4000DB1E835201E0491CF1D0012903D0002901D1FBF7A7FE10BDF3DFFFFF721600201CB5014606226846EAF775F90120694688716846FBF764FE064C002803D11321A2
:40AB80002088FBF787FA0020C0432080FBF7B2FB1CBD000064160020F0B589B00546C7788679C079694688712946062208316846EAF751F95C484079002805D0694607A8FC
:40ABC000F6F7E8FB002803D00024002C02D076E0554CFAE768468479022C01D0032C27D10146062202A8EAF736F9A41E68468473002E0DD104A902A8FBF7BAFF002807D121
:40AC000002A904A8F6F71EFC6846017C4648017145484079002805D002A904A8F6F7BAFB002803D00024002C02D048E03E4CFAE7002F33D1012E06D13C48017801290BD064
:40AC40003B48F6F7EBFB68468079012806D0002826D0012807D02DE03648F2E7684640798009012806D068464079C0430006800F16D01FE0694607A8F6F78CFB002819D0A0
:40AC80002D496846FFF7FAFB002813D168792A7900022A4902432A480A80067009B0F0BD07A96846FBF764FF002803D1694607A8F6F7C8FB6846FBF7C3FD040010D0002F33
:40ACC00016D00021C94321800221A17005A9201DFBF76CFE1B4988421ED0002818D01EE068790102287908431321FBF7D3F9D5E768793246000220802979084320800121D3
:40AD00000F48A17006702188201D01F0CFFBC5E76846407D002802D1201DF6F743FA2046FBF7C0FDBAE7000072160020851600206C1600207816002061AB0100641600200B
:40AD40007E160020122E00007CB5044681780079E57800020543002916D169462846FBF78BFD002810D001796A46117100998A78022A09D00B4A0C4B12889A4205D0954282
:40AD800003D10A49002008707CBD02228A700B804179012901D1FBF785FD617901A8F6F7DBFD7CBD64160020FFFF00005716002010B500F021FD10BD10B500F06FFD10BD94
:40ADC00010B500F007FE10BD10B500F0ABFE10BD10B500F0CBFE10BD10B500F063FC10BD10B500F0E9FE10BD10B501F097F810BD10B501F0C7F810BD10B5FCF711FD10BD25
:40AE000010B5FBF759FC10BD10B5FBF785FC10BD10B5FCF71BFD10BD10B50446E9F73CFA2B2804D1606802494078FCF74BF910BD0704000010B50446E9F72AFA2B2804D135
:40AE4000606802494078FCF73DF910BD0704000010B50446E9F724FA2B2804D1606802494078FCF72FF910BD0704000010B50446E9F706FA2B2804D1606802494078FCF73E
:40AE800021F910BD0704000010B50446E9F7FCF92B2804D1606802494078FCF713F910BD0704000000487047112E0000FEB5416802460E7848788C684B681168A27D6778AC
:40AEC0001207150EE27D09782A433D0703D5EF252A405208520000290AD1550702D001256D0306E055066D0F02D00125AD0300E00125DF72277A1F739A72627290225643A1
:40AF00000E4AB218556001225203954210D1997A6A464907490F1172197B5172002101910821009101AB00220621FCF7ADF803E0012D01D1FBF7ECFE0020FEBD48280020A1
:40AF400038B5044600200090032020816846FFF735F900280BD12168009808702268010A51702268010C91702168000EC8702146012001F0A1F838BDFEB541680E784A784F
:40AF800000924A6801928F6804687D7AE8070CD01023224606210098FCF742F822460A23103207210098FCF73BF8A8070DD5224610231A3208210098FCF732F82246072369
:40AFC0002A3209210098FCF72BF8680706D52246102331320A210098FCF722F86806400F02D00120800300E0012090214E43074971184860012806D101987978C172002130
:40B000000098FBF785FE0020FEBD000048280020F8B501464068012284680578467860685205904203D003221205904203D10846E9F742F9F8BD0868214610221831E9F7BC
:40B04000FBFE002805D00E493046FCF73BF80D48F8BD224628321023174604213046FBF7DFFF2246394638322046FCF725FD902255430121044A4902AA185160F8BD000027
:40B0800004040000FFFF00004828002010B54068416848880E31FBF76DFB10BDF8B504464068067845783046FCF78EF83046FCF7DDFA208900900022052128462368FBF739
:40B0C000E3FF0020F8BD000070B5416801228B680D784E7859689204914201D00A0302D5E9F7E6F870BDC27A002A02D001F0DEF870BD4024802902D020290ED000E010245A
:40B100000389026803213046FBF78AFF90204543054828184460002070BD0289016818461830E9F798FEF1E74828002000487047162E000010B5416800684A78017810462C
:40B14000FBF7E6FD002010BDFEB5064640680025017842780292426801928468012260685204904206D0D200904203D005225204904203D13046E9F797F8FEBDF27A324848
:40B18000002A09D02746FF22902338370132594308184260012039E090235943202208184260207BE17C274628370840012816D06078400729D50298A42148432349085CCC
:40B1C000C006C017401C0090A17CE07AFBF762FE00280BD003282ED002280CD00EE00198214648310D30FFF7B9F80EE06078FB210840607009E0009800281CD01448FAF7A4
:40B200007FFF04217F20134D015500200090328938463168E9F71FFE002D0ED00E48854207D1002003460246009003210298FBF72BFF0020FEBD084DE7E72046009A0199E4
:40B24000FCF774FBF5E7000048280020C024002018200000172E0000FFFF0000F0B5064687B00020019002907068017800914178039144688768607A04900020356805908C
:40B280000098FBF787FFF17A00290DD03C460A342846FBF7A9FF002817D024490398FBF711FF234807B0F0BD2846791CFBF7CFFD01237A1C0B210398FBF7B2FE0498800855
:40B2C0008000401C60720598ECE7FCF77DF9002804D0A8780399FBF703FE05E0A97868780022039BFBF732FE0028DBD10120207032892946601CE9F7AEFD2079694688715D
:40B300000098902250430B4A022180184160E07801A9FBF77DFD0520009001AB002202210398FBF7B1FE0020BCE700000A040000FFFF000048280020F0B50746406889B0FD
:40B3400006784178079141680091F97A84683D68002906D02846FBF747FF002827D096497FE0E978002903D00798FBF7ABFE21E1A17BA878079AFBF79BFD002875D12A46E0
:40B3800021460220FBF7B2FE00286ED1607B61780422024011438207920F0823121D03401A431023184002430A40627060E0FCF70BF9002804D0A8780799FBF791FD05E023
:40B3C000A97868780022079BFBF7C0FD00284CD10220607420463A8929461230E9F73BFDE07BA27DC043C1B2207CC043C0B20A42B5D1E17D0142B2D1207BE17C02460A402B
:40B40000012A14D0227D637B1A40120701D508430DD1A17CE07AFBF73DFD0246A9786078FEF782FF002802D06349C91F19E0207D61780422024011438207920F0823121D77
:40B4400003401A431023184002430A406270A07BE978884200D30846217A814207D95649091F0798FBF72EFE544809B0F0BD2072534F100728D45348FAF742FE90214E43C0
:40B480000820F1194860204604216030C177227B002A06D0E27C012A03D18177607808436070002005900690607805A9FBF7B0FC207A694688750520009005AB01220F210D
:40B4C0000798FBF7E1FD75E0009803A90D300546F5F72AFF01A92846F5F7BCFE2046062203A97730E9F7B7FC2046062201A97030E9F7B1FC6846807C2546C007C00F6035D0
:40B5000068776846807AC007C00FA875207BE17C084301280AD06078400712D5A17CE07AFBF770FDA877002806D00CE00420A87761780143617006E06078FB210840607083
:40B5400001E00020A877002005900690607805A9FBF75EFC207A69468875052405AB01220F2100940798FBF78FFD0798A42148431549085CC00606D501209021C0034E43F3
:40B58000F119486016E0902101204E430004F1194860EC770020E8F79FFE8124E400002803D1E8F793FE002804D021460798FBF789FD5AE7002058E70A040000FFFF0000B0
:40B5C0004828002018200000C024002070B5416802890D784C6889680E7A016820460E30E9F739FC1020821BA0190E300021E9F73BFC90214D4301200249C00269184860BE
:40B60000002070BD48280020F0B5416885B00F784A780392C57A8E684C6802890168A8000019806FE9F717FC707A072D04D0092D04D00A2D04D005E0EF2102E0DF2100E08E
:40B64000BF21084070724006410F144801D0054600E0012590214F43114979184D60854211D0A07A69464006400F0872207B487220460E3001900820009001AB0022072119
:40B680000398FBF701FD012D05D17078E07200210398FBF73DFB002005B0F0BD0040000048280020FEB50021019141680D784A7800928C680068214610221831E9F7BCFBCC
:40B6C000002805D046490098FBF7FCFC4548FEBD26466036B07F444F00280BD005281DD0012831D002282FD003282DD004285AD00198FEBD902101204D438005E91948605D
:40B70000E16D3A4880310160214628314160103181603831C160C91D01613EE0902101204D438006E91948603149E06D086040304860204638342830CC6088600E20F07708
:40B740000846FCF7E5FA35E0E06D2246E030017C2832491C01741023042101920098FBF75FFCE06DE030007C142802D00520400424E021461D483831416001998160214642
:40B780007731C160C91F01619022052155438905EA195160E16D80310160002221461348FCF7E6F906E001216068490588436060C00201D50020FEBD0120400490214D43EC
:40B7C000E91948600720F0770A48FAF799FC0028F1D08121C9000098FBF774FCFEBD000004040000FFFF000048280020102900205029002018200000F8B504464068264F5C
:40B8000006784178009185687E20405D01280FD002280DD003280BD0012069688004814234D12846228918302168E9F714FB21E0E07A2289216800280CD028461830E9F7C3
:40B840000AFB01216868C904884221D110232A46483211E028464830E9F7FDFA032168688904884202D10120C0040BE00121890488420BD12389226803210098FBF7D0FB8B
:40B880000120000590214E43F11948600020F8BD88436860FAE7000048280020F0B5416885B00D784A7803928C68C17A01277F06444E002927D002890168E06DE030E9F777
:40B8C000CAFA6068791088426DD190204543A81947600D207F210855E16D3B480A46A0320260224638324260103AC0318260C16021460B3101616C314161C91F81612839EB
:40B90000FCF7BAF95CE001226168D205914206D102890168E06DD030E9F79DFAD5E70322D20591420CD102890168E06DD030E9F792FA0120902100064D43A91948603FE0FA
:40B94000B94235D1E16D0068E0311022E9F774FA002806D01D490398FBF7B4FB1C4805B0F0BDE26D1023D0320D210398FBF758FB90200121684349028019416006206946B0
:40B9800088720020C8720F4860300646FEF7BCFC1020694600960881FF206034E0772846FBF71EFF0CE017239B0502469A4305D08121C9000398FBF785FBD0E78843606054
:40B9C0000020CCE748280020242900200B040000FFFF0000F0B585B000276A4617710146177240680578427803928468012260681204904202D0501E05B0F0BDE06D0A89AC
:40BA000009688030E9F727FA40230C21E26D0398FBF706FB26466036B07F012819D0022818D0032816D0042826D090204543012138484904281841600720F0773648FAF7EA
:40BA40005FFB002816D08121C9000398FBF73AFBD2E70127902045432E48304928184160012FE9D0002003460246009003210398FBF70AFB0020BFE7E06DC030FEF75EFC16
:40BA80000028E0D1E06D1022B0300021E9F7ECF910206946087202A80090E26D23462046B032183301A97730FEF7B8FB03273F05002808D168460079012804D190201549EF
:40BAC000684340184760207B002805D1E06D1022C0300021E9F7C8F96068B84211D1E06D0F49024640300860B0328A604860002008730820F077214648310948FCF70CF8A3
:40BB00007AE79020454301210248090528184160B0E700004828002018200000000008084029002038B54168C27A4D7800248968002A09D004210091036800220C2128468C
:40BB4000FBF7A2FA204638BD4A78D20609D54968090106D5038902680E212846FBF760FAF0E7014CEEE70000162E000070B541684D788C68C17A00291CD1012261681204D8
:40BB8000914201D0501E70BD02890168E06DE9F762F906217F200155E06D014680314030E8F79EFB002805D08121C9002846FBF789FA70BD002070BDF8B50646406805789E
:40BBC000417800918468F07A00283AD00846A4214843C949085C6168C006C8487ED4814205D12046328938303168E9F734F921466031887F042872D090225543C04A0120C4
:40BC00004005AA185060E06DBE4B024640321A602246586038329A608A7F002A73D0052AFCD0E030007CB84AC508525D4007400FC240D007C00F8022104318730820C8779F
:40BC400009E127466037B87F002801D005280BD1E06D1022B0300021E9F706F9E06D1022C0300021E9F700F920463289283031680646E9F7F0F80098A42148439E49085C7C
:40BC8000A249C00640D460684A1090422FD1B87F012810D002280ED003280CD01023324604210098FBF7BCF990214D4394499348691848600EE1902045439148281841606A
:40BCC000E06D9049024640320B4645C3E030007C8D4AC3084007D25C400F01E07BE05EE0C240D007C00F80221043087322E0052149048842DED19020454301218048C904AA
:40BD000028184160E6E064E0B87F012817D0022815D0032813D004282BD090204543784828184160774900200873E06D086040308E60486008202146F87718318DE00122C7
:40BD400060685204904308436060E06DF021095C6D4ACB08D25C4907490FCA40D2076949D20F80231A430A73086040308E6048606FE01023324604210098FBF751F990219F
:40BD80004D435F490520800569184860E16D604880310160214638318660416071E09020454357480121890528184160E16D58488031016021462831416010318160383174
:40BDC000C160C91D0161002221465148FBF7D0FE80E0002031E7814212D12046328938303168E9F738F87E20005D002801D005280DD122461023283204210098FBF710F9DC
:40BE000022466032907F00282BD005283ED027466037B87F042851D090214D4338490120400569184860E06D3649024640320A60224648603832E0308A60007C324AC3089B
:40BE4000D25C4007400FC240D007C00F8022104308730820F877214648312A48FBF75CFEF8BD90214D4326490520800569184860E16D2748803101602146383141601039F0
:40BE8000816021467731C160C91F9BE7902045431B480521090628184160E06D1D49034640330B604860204628343830CC6088600E20D0770846FBF72BFF0BE020463289AB
:40BEC00038303168E8F7C7FF0C49606888436060800201D50020F8BD0120400460600720F8770D48FAF70CF90028F4D08121C9000098FBF7E7F8F8BDC02400200000100038
:40BF00004828002040290020C91700200000040010290020502900201820000070B54168164B0D784E788C68C17A012924D101226168D20391421FD102890168E06D4030BD
:40BF4000E8F789FF90214D430D49012000046918486005206034E0770020E8F7BDF98124E400002803D1E8F7B1F9002803D021463046FBF7A7F870BD184670BDFFFF000083
:40BF800048280020F8B50C46416808784A7889684B685D012CD5A4256A431E4D1E4EAA5C1E4DD243D7061E4A24D43701BB4204D1902358434019466008E005263606B34259
:40BFC00004D190269B10704340194360C86D80301060084638305060103890604F30D060C01F106100220E48FBF7C2FD012020700020F8BD9023584340194660C86D803089
:40C000001060084628305060103090603830D060C01DE6E7C02400200000400048280020102900203EB54168044648788D682168002922D0687800070AD50020694608724D
:40C0400002A92046E8F754F96946097A012920D068686A4600010028206800681ADA1070010A5170000C9070042269461048E8F7F2FE68462060042014E069780A070D49C8
:40C0800005D56035AA7F052A01D10A490B31FBF719F83EBD1071010A5171000C907101A82060032020812146002000F005F83EBDC917002001040000F0B50746486887B0C5
:40C0C00006784578426805928468042002906078000701D5042008810A892046096848300490E8F7B8FE384601277F04012876D160786749000733D520464030C27A13025E
:40C10000827A1A431302427A007A1A4312021043E8F74CFA01916068BA02904202D05D4A904237D15C4A0B0A117053709C46080C90700B0ED370E26DC0321170E26D61462E
:40C14000C0325170E16D1022C0318870E06DC030C370E06D0146C031B030E8F77CFE19E020464030827A1207120F8272437A120213431A02037A134301938B4201D21946D3
:40C1800003E0434949425918019101720A0A4272090C8172204660300390807F052801D10E2002900420009001AB002228460299FAF76AFF009001216068C906884202D02E
:40C1C000344A90421BD1A422344B6A439A5CD20606D49020324970434018476003E01DE0884338436060E16D0020E031087403980721C1772B48F9F783FF00283BD16078BF
:40C20000000700983CD42849884207D12146019840310872020A4A72000C88726068010130D5A4211D4A6943515CC90605D4902046431B483018476004E00121C90688435C
:40C2400038436060E06D1022C0300499E8F703FEE06D10220146C031B030E8F7FCFDE16D0020E031087407206034E0770D48F9F747FF002804D08121C9002846FAF722FFA9
:40C2800007B0F0BD002220460599FBF74FFBF7E740420F0000000808C9170020C02400204828002018200000A02E0000F8B5416805468C680F7848786168102640290DD07E
:40C2C000802620462A8918302968E8F7C4FD902047430648381846600020F8BD2246102318320321FAF79CFEEBE700004828002010B50449827A0C46012A01D1F4F748FD30
:40C30000204610BD182F000070B50446807A0025012805D02046F4F701FE0546284670BD61790B4A090120688918497B0078491E814204D10421C9432046F4F71DFC206801
:40C340000321C078090241182046F4F721FDE5E75421002010B5817A0024012904D0F4F7DDFD0446204610BD02685178127809020A43172A01D2054C04E04179044B090198
:40C38000C9188A802146F4F703FDEBE7162F000054210020F8B505464679A97A0068002907D04178047809020C43172C0AD2174F1AE08179447909020C4315483101081884
:40C3C000808803E01248310108184088844200D9044622460421281DF5F7CEFE070003D10B4831010818C480A87A012802D0002F05D008E039462846F4F7CAFC03E02846AF
:40C40000F4F78CFD07463846F8BD0000162F00005421002010B5817A0024012904D0F4F77DFD0446204610BD4179084A09018918097B002906D0417A522903D0D22901D05B
:40C440001B29EFD10021F4F7A3FCEBE75421002010B5817A0024012904D0F4F75FFD0446204610BD417ACA0701D11E2906D14179054A09018918497B002903D00021F4F704
:40C4800087FCEDE7014CEBE754210020FFFF000010B5817A0024012902D0034C204610BD0021F4F775FCF9E7122F0000F8B50023154E00933488154DAC4211D1318072712B
:40C4C000B360F374B3810121B1740421F1810078307117200E497380088000240D4F01E00D48F8BDE0003D58002D08D00098182148438019001D04236A460121A847641C2F
:40C50000032CEFD30020F8BDB8210020FFFF00008C150020A82200202B23000010B50748806A002802D0EDF747FD10BDEFF76AF80348008A0121F2F7C7FA10BD40F02E4004
:40C5400000102E4000000000039F250D9949411F010900000802010441636365707465640000000052656A6563746564000000004556545F535441434B5F4F4E200D0000E2
:40C580004556545F535441434B5F425553595F535441545553200D004359424C455F4556545F54494D454F55543A20004359424C455F4741505F4144565F4D4F44455F54F1
:40C5C0004F0000004359424C455F4741505F5343414E5F544F0000004359424C455F474154545F5253505F544F0000004359424C455F47454E455249435F544F000000009F
:40C60000257800004556545F48415244574152455F4552524F52200D000000004556545F4843495F535441545553200D000000004359424C455F4556545F474150505F4135
:40C6400044564552544953454D454E545F53544152545F53544F500D0000000048696265726E6174652E2E2E0D0000004359424C455F4556545F4741505F44455649434555
:40C680005F434F4E4E45435445443A20636F6E6E496E7476203D20252E3266206D732E0D0A000000204379426C655F4761704175746852657120415049204572726F723AB4
:40C6C000200000004359424C455F4556545F4C324341505F434F4E4E5F504152414D5F5550444154455F5253503A2025730D0A004359424C455F4556545F4741505F4445F4
:40C70000564943455F444953434F4E4E45435445440D000044657669636520646973636F6E6E65637465642E200D00004556545F415554485F5245513A2073656375726989
:40C7400074793D25782C20626F6E64696E673D25782C20656B657953697A653D25782C206572723D2578200D0A000000456E7465722074686520706173736B65792073685C
:40C780006F776E20696E207468652070656572206465766963653A200D000000436F6D70617265207468697320706173736B6579207769746820646973706C617965642070
:40C7C000696E20796F757220706565722064657669636520616E6420707265737320277927206F7220276E273A2025362E366C64200D0A004359424C455F4556545F4741EF
:40C80000505F534D505F4E45474F5449415445445F415554485F494E464F3A2073656375726974793A25782C20626F6E64696E673A25782C20656B657953697A653A2578E1
:40C840002C2061757468457272202578200D0A00456E746572207468697320706173736B657920696E20796F75722070656572206465766963653A2025362E366C64200D4F
:40C880000A0000004359424C455F4556545F4741505F4B4559494E464F5F455843484E47455F434D504C54200D000000415554485F434F4D504C4554453A20736563757233
:40C8C0006974793A25782C20626F6E64696E673A25782C20656B657953697A653A25782C2061757468457272202578200D0A00004359424C455F4556545F50454E44494EA6
:40C90000475F464C4153485F57524954450D00004556545F4741505F415554485F4641494C45442C20726561736F6E3A20000000434F4E4649524D5F56414C55455F4E4F1D
:40C94000545F4D415443480D00000000494E53554646494349454E545F454E4352595054494F4E5F4B45595F53495A450D000000554E5350454349464945445F52454153F1
:40C980004F4E0D0041555448454E5449434154494F4E5F54494D454F55540D003078257820200D0A00000000454E43525950545F4348414E47453A202578200D0A00000026
:40C9C0004556545F47415454435F4552524F525F5253503A206F70636F64653A2000000046494E445F494E464F5F524551000000524541445F42595F545950455F5245511A
:40CA000000000000524541445F42595F47524F55505F5245510000002C202068616E646C653A2025782C2020000000006572726F72636F64653A20004154545249425554E4
:40CA4000455F4E4F545F464F554E44004556545F474154545F434F4E4E4543545F494E443A2061747449642025782C20626448616E646C65202578200D0A00004556545F78
:40CA8000474154545F444953434F4E4E4543545F494E44200D0000004359424C455F4556545F47415454535F57524954455F524551200D004359424C455F4556545F4741F5
:40CAC0005454535F57524954455F434D445F524551200D004359424C455F4556545F47415454535F48414E444C455F56414C55455F434E46200D00004359424C455F455658
:40CB0000545F47415454535F524541445F434841525F56414C5F4143434553535F5245512C20617474722068616E646C653A20307825342E3478200D0A0000004359424C04
:40CB4000455F4556545F47415454535F494E4449434154494F4E5F454E41424C45440D004359424C455F4556545F47415454535F494E4449434154494F4E5F444953414206
:40CB80004C45440D000000004359424C455F4556545F47415454535F494E4449434154494F4E0D004359424C455F4556545F47415454535F58434E48475F4D54555F5245E5
:40CBC000512C2066696E616C206D7475203D202564200D0A000000004556545F4C324341505F434F4E4E5F504152414D5F5550444154455F524551200D0000004F54484518
:40CC000052206576656E743A203078256C78200D0A00000041444320496E6469636174696F6E2073656E743A2025640D0A0000004552524F523A2041444320496E646963AD
:40CC40006174696F6E206661696C65642025780D0A0000004144432076616C7565206F7574206F662072616E67650000414443203D2025640D0A00002534642028307825EA
:40CC800030325829200000004379426C655F41696F7373536574436861726163746572697374696356616C756520415049204572726F72202D202578200D0A004379426CA3
:40CCC000655F41696F7373476574436861726163746572697374696356616C756520415049204572726F72202D2025780D0A000050574D2076616C7565206368616E6765AF
:40CD0000642E204E657720706572696F6474202D202564200D0A00004C454420442564204F46460D0A0000004C454420442564204F4E0D0A000000000A0D427574746F6ED6
:40CD40002053256420697320707265737365642E204469676974616C20696E707574203D20302E0D0A0000000A0D427574746F6E205325642069732072656C656173656467
:40CD80002E204469676974616C20696E707574203D20312E0D0A00004449474954414C20256420636861726163746572697374696320496E6469636174696F6E2E20000024
:40CDC00056616C7565202D2025642E200000000053656E6420496E6469636174696F6E206973206661696C65643A2000496E6469636174696F6E207761732073656E742004
:40CE00007375636365737366756C6C792E0D000041636365707420646973706C6179656420706173736B6579200D00004379426C655F47617041757468506173734B65797E
:40CE40005265706C7920415049204572726F72203A20000052656A65637420646973706C6179656420706173736B6579200D000057726F6E67206B657920656E7465726566
:40CE8000642E20507265737320277927206F7220276E270D0000000057726F6E67206B657920656E74657265642E200D000000004379426C655F476170417574685061730E
:40CEC000734B65795265706C7920415049204572726F723A20000000444953504C4159203D2025640D0A00000D0A0A4175746F6D6174696F6E20494F205365727665722028
:40CF00004578616D706C652050726F6A656374200D0000004379426C655F537461727420415049204572726F723A200053746F726520626F6E64696E6720646174612C2033
:40CF40007374617475733A202578200D0A000000521100005A110000621100006A110000721100007A11000082110000C4110000E0110000FC11000018120000341200003F
:40CF8000501200009E1200004449474954414C00414E414C4F4700004147475245474154450000004343434400000000434841525F50524553454E544154494F4E5F464F0E
:40CFC000524D415400000000434841525F555345525F4445534352495054494F4E5F444553435200434841525F455854454E4445445F50524F504552544945530000000094
:40D0000056414C55455F545249474745525F53455454494E4753000054494D455F545249474745525F53455454494E4753000000565244004359424C455F4556545F41492C
:40D040004F53535F4E4F54494649434154494F4E5F454E41424C45443A2000002063686172616374657269737469632C20696E7374616E63653A202564000000206E6F7453
:40D08000696669636174696F6E20697320456E61626C6564200D00004359424C455F4556545F41494F53535F4E4F54494649434154494F4E5F44495341424C45443A200054
:40D0C000206E6F74696669636174696F6E2069732044697361626C6564200D004359424C455F4556545F41494F53535F494E4449434154494F4E5F454E41424C45443A2028
:40D100000000000020696E6469636174696F6E20697320456E61626C6564200D000000004359424C455F4556545F41494F53535F494E4449434154494F4E5F44495341421B
:40D140004C45443A2000000020696E6469636174696F6E2069732044697361626C6564200D0000004359424C455F4556545F41494F53535F494E4449434154494F4E5F435F
:40D180004F4E4649524D45443A20000020696E6469636174696F6E20697320436F6E6669726D6564200D00004359424C455F4556545F41494F53535F434841525F57524936
:40D1C00054452063686172496E646578202D20002C2063686172496E7374616E6365202D2025642C2000000076616C7565202D2025642028307825322E32582920206C65C6
:40D200006E202D2025640D0A000000004359424C455F4556545F41494F53535F44455343525F57524954452063686172496E646578202D20000000002C2063686172496E5A
:40D240007374616E6365202D202025642C000000206465736372496E646578202D2000002C20000076616C7565202D2025642028307825322E3258292020000076616C75D9
:40D2800065202D200000000025322E325820000020280000292020006C656E202D2025640D0A0000756E6B6E6F776E2041494F53206576656E743A203078256C78200D0A90
:40D2C0000000000053746172744164766572746973656D656E7420415049204572726F723A2000005374617274204164766572746973656D656E7420776974682061646499
:40D30000723A200025322E3278000000A4140000AC140000B4140000C4140000BC1400004379426C655F476574537461636B4C69627261727956657273696F6E2041504911
:40D34000204572726F72202D2025782000000000537461636B2056657273696F6E3A2025642E25642E25642E2564200D0A00000073746F707065640D00000000696E69745E
:40D3800069616C697A696E670D000000636F6E6E65637465640D0000646973636F6E6E65637465640D0000006164766572746973696E670D00000000756E6B6E6F776E0D7F
:40D3C00000000000307825322E327820000000006F6B0D00696E76616C696420706172616D657465720D0000696E76616C6964206F7065726174696F6E0D00006E6F206434
:40D40000657669636520656E746974790D0000006E6F74696669636174696F6E2069732064697361626C65640D000000696E6469636174696F6E2069732064697361626C01
:40D4400065640D006368617261637465726973746963206973206E6F7420646973636F76657265640D000000696E76616C69642073746174653A2000696E76616C696420C2
:40D480006174747269627574652068616E646C650D000000666C617368207772697465206E6F74207065726D69747465640D00006F746865722061706920726573756C74FF
:40D4C0000D00000080300F40800300400F40000400300F402CD7010080000000801F8004821A84C4862888808C848E10901A92019A019C1BA01BA41BA81BAC22AE44B01E42
:40D50000B401B6E0B902BA82BE10BF01C021C104C260C50DC6FDC7ECC83DC9FFCAFFCBFFCC22CEF0CF48D004D440D804D904DA04DB04DC01DD11DF01E2C0E440E502E6103C
:40D54000E712E8C0E902EB12EC40ED02EE40EF02009201080541060807200A010B900E410F0810281281134015821718181419821B101DC11F50214422802372244028205B
:40D5800029402A093020328033013880391A400441404580472249084B904F28565A620266506720686969126A406B19704072018040C0FFC2DDC4FFCA0BCC0DCE0FD0BC12
:40D5C000D22CD8710501061011021501180E19021C041D021E3928052A3A2C232E043230340F35013702382039203F505409580459045B045C015D105F01860189058B0A19
:40D600008D038F0C91029202930D9D099F06A601B10FB201B402BB02C020C106C501C702C811C9FFCAFFCBFFCDA0CF04D018D280D804D904DA04DB04DC13DD33DF01E040C7
:40D64000E2C0E440E540E6C0E8C0EAC0ECC0EEC00004050409020D800E0A10201580176018041B041D041E08220226202701318032023601376439803B103E044004468059
:40D680004701482850085C205D8A668071028304850886068A208D048E048F0491809310982099829A029B20A180A602B410C024C2C8C4C4CCF9CE4CD004D204D6F0D81006
:40D6C000E270E414EA105B028202D640E620138017202E103A023C803E105004578068406E8087808A408C048FA09A02B702C4C0CA20CE40D460DA80DC20E04067028301E2
:40D70000D601100A1101000001000F4039300F403A310F4046320F403B330F4004400F4017410F4003430F4002600F40089A0100C02100D802020098099A0000AC9812022D
:40D740001400200000980002091300640E3870C0090200000100080008FC000301E0FE0F010010130800000A0000510065012000000B000001FFFFFF030070480400000007
:40D780000000022C04040404111100010000C00040021012C002001240024002000000000000000000000000000000002400030030000100280002002400010024000100C0
:40D7C0000100002801000000090000000018000000000000020003280100020003000000002A0000000000000300002A01000201030000000D000000A80F0020040003283A
:40D800000100020005000000012A0000000000000500012A010002010500000002000000B00F0020060003280100020007000000042A0000000000000700042A01000201F9
:40D840000700000008000000B80F0020080003280100020009000000A62A0000000000000900A62A010002010900000001000000C00F00200A000028010000000D0000008D
:40D8800001180000000000000B000328010020000D000000052A0000000000000C00052A000020010D00000004000000C80F00200D00022901010A010D0000000200000004
:40D8C000D00F00200E000028010000005600000015180000000000000F00032801000E0013000000562A0000000000001000562A13130E011300000001000000D80F0020B3
:40D9000011000429130002011100000007000000E00F002012000129130002011200000016000000E80F002013000929130002011300000001000000F00F0020140003280E
:40D9400001000E0018000000562A0000000000001500562A13130E011800000001000000F80F0020160004290100020116000000070000000010002017000129010002011D
:40D9800017000000160000000810002018000929010002011800000001000000101000201900032801000E001D000000562A0000000000001A00562A13130E011D0000007F
:40D9C00001000000181000201B000429010002011B00000007000000201000201C000129010002011C00000016000000281000201D000929010002011D00000001000000DB
:40DA0000301000201E00032801000E0022000000562A0000000000001F00562A13130E01220000000100000038100020200004290100020120000000070000004010002045
:40DA400021000129010002012100000016000000481000202200092901000201220000000100000050100020230003280100220028000000562A0000000000002400562AF0
:40DA8000130022012800000001000000581000202500022901130A0125000000020000006010002026000429130002012600000007000000681000202700012907070201C9
:40DAC000270000001000000070100020280009291300020128000000010000007810002029000328010022002E000000562A0000000000002A00562A130022012E000000DB
:40DB000001000000801000202B00022901130A012B00000002000000881000202C000429010002012C00000007000000901000202D000129010002012D00000010000000F2
:40DB4000981000202E000929010002012E00000001000000A01000202F0003280100220034000000562A0000000000003000562A130022013400000001000000A810002056
:40DB80003100022901130A013100000002000000B010002032000429010002013200000007000000B810002033000129010002013300000010000000C01000203400092959
:40DBC000010002013400000001000000C810002035000328010002003B000000582A0000000000003600582A130002013B00000002000000D010002037000429130002014F
:40DC00003700000007000000D81000203800012913130201380000000F000000E010002039000A2913130A013900000005000000E81000203A000E2913130A013A000000ED
:40DC400004000000F01000203B000629130002013B00000004000000F81000203C00032801000E0042000000582A0000000000003D00582A13130E01420000000200000027
:40DC8000001100203E000429130002013E00000007000000081100203F000129130002013F0000000D0000001011002040000A2913130A01400000000500000018110020F6
:40DCC00041000E2913130A0141000000040000002011002042000629130002014200000004000000281100204300032801002200450000005A2A00000000000044005A2A9D
:40DD000013002201450000000A000000301100204500022913130A0145000000020000003811002046000328010022004D000000582A0000000000004700582A130022014A
:40DD40004D00000002000000401100204800022901130A0148000000020000004811002049000429010002014900000007000000501100204A000129010002014A00000081
:40DD800003000000581100204B000A2901130A014B00000005000000601100204C000E2901130A014C00000004000000681100204D000629010002014D00000004000000FD
:40DDC000701100204E00032801000A0056000000582A0000000000004F00582A13130A015600000002000000781100205000022901130A0150000000020000008011002086
:40DE000051000429010002015100000007000000881100205200012901000201520000000700000090110020530000290100020153000000020000009811002054000A2990
:40DE400001130A015400000005000000A011002055000E2901130A015500000004000000A811002056000629010002015600000004000000B01100200A000C000D00000095
:40DE8000BF0100000100030005000700090000000E00000044130020B4130020341300200C0028000A0A03011E2008000000FFFFD4DE01002E2B00203E2B00200000000071
:40DEC000D8180020110005000205640000190000D418002000020240080204400002044004020440F00000000200000004010300000202400802044000020440040204402E
:40DF0000000F000004000000080206000002024008020440000204400402044000F00000080000000C0309000002024008020440000204400402044000000F00100000004B
:40DF400010040C00000202400802044000020440040204400000F0002000000014050F0000000000030405060708090A0B0C0E0F101112131415161718191B1C1D1E1F2041
:40DF800021222325262728292A2B2E2F3031323334350000040000000004000000000400F8490000B8480000B8480000B6480000D0490000D0490000C2490000B6480000D1
:40DFC000D0490000C2490000D0490000B6480000D8490000D8490000D8490000D84B000043000000D0170020494E4600696E66004E414E006E616E00300030313233343583
:40E0000036373839414243444546003031323334353637383961626364656600496E66696E697479004E614E000000000000000000000000000000000000000000000000C4
:40E0400000000000000000000000000000000000000000000000000000000000000000000000000000000000000000000000000000000000000000000000000000000000A0
:40E08000000000000000000000000000504F534958002E0000000000000000000000F03F000000000000244000000000000059400000000000408F40000000000088C340D9
:40E0C00000000000006AF8400000000080842E4100000000D01263410000000084D797410000000065CDCD41000000205FA00242000000E876483742000000A2941A6D4291
:40E10000000040E59C30A2420000901EC4BCD64200003426F56B0C430080E03779C3414300A0D8855734764300C84E676DC1AB43003D9160E458E143408CB5781DAF1544DE
:40E1400050EFE2D6E41A4B4492D54D06CFF08044F64AE1C7022DB544B49DD9794378EA4405000000190000007D000000000000000080E03779C34143176E05B5B5B89346CB
:40E18000F5F93FE9034F384D321D30F94877825A3CBF737FDD4F1575232D302B2000686C4C0065666745464700000000A07F00006E7E0000747F0000647E0000747F0000FA
:40E1C0007E7F0000747F0000647E00006E7E00006E7E00007E7F0000647E00005A7E00005A7E00005A7E0000D0810000F8B5C046F8BC08BC9E467047C10300000917000013
:40E20000F8B5C046F8BC08BC9E46704799030000C8ED0100380F002038090000201300000004040001040800020414000304200004042C00050448007C0100003101000061
:40E2400007080012FF00F10000C20100809519294980409C1B04041BFFFFFFFF000000000008080007070400F216FBE0FBE01F60427EF56DF70096BE209000000850260496
:40E28000060037D7F401FA00960064004B0032001E00140003040506020D11008BE200000DE2000021E6000041E300008BE600008BE6000001E60000A9E6000001E40000BC
:40E2C000A9E6000061E5000079E50000DFE60000E7E500008BE600008BE600008BE600008BE6000099E50000DDE50000F1F00000FDF00000DDE60000DDE600006DE60000AF
:40E30000DDE60000F9E30000F9E5000011E60000DDE60000DDE6000065E40000DDE6000089E5000063E70000F1E50000DDE60000DDE60000DDE60000DDE60000DDE600007A
:40E34000DDE60000DDE60000DDE60000A7F00000AFF00000ABF00000A5F0000077F000009FF000009DF000006FF0000073F00000B3F00000A1F000009BF00000B7F0000043
:40E38000B7F000006DF00000DBF00000E7F00000E9F00000EDF000008BE60000DDF00000E3F00000E1F00000F1F70000D5F70000D5F70000D5F7000009F8000001A101002F
:40E3C000D5F70000F1A0010009A10100F9A00100D9F70000D9F70000D9F70000D9F70000E5F70000CDF70000C5F70000E9F70000D9F70000D9F70000DDF70000D9F70000BA
:40E40000C1FB0000D5F70000D9F7000075FB00006DFB0000D5F70000D9F70000D9F70000D9F70000D9F70000D9F70000DBFE0000BBFD0000BBFD0000BBFD0000EFFE0000E2
:40E440009DFE0000BBFD000081FE000003FF000097FE000001FF0000FFFE0000B9FD0000BBFD0000BBFD0000BBFD000091FD00006BFE0000B7FD0000EDFE000027FE00009D
:40E4800035FE0000CFFD0000BBFD000019FF0000FBFD0000EDFD0000BBFD000057FE000051FF0000BBFD0000BBFD0000BBFD000081000100C7FF0000C7FF0000C7FF000052
:40E4C000A90001002B000100C7FF000073000100730001001D000100B1000100AD000100C7FF0000C7FF00000B000100C3FF0000B5FF0000B5FF0000C7FF0000A5000100EC
:40E50000F7FF0000C7FF0000CBFF0000C7FF0000C7FF0000E3FF0000CFFF0000C7FF00000F000100B9000100B5000100C7FF0000C7FF000008000000060F002020010702E0
:40E540001900000007070E05020220001C1202000103000E032000800000C00000000004000000A822000000000000040000F7FFFF7F000000300000BBFD0000C7FF0000A4
:40E58000D9F70000BBFD0000C7FF0000D9F70000BBFD0000C7FF0000D9F70000BBFD0000C7FF0000D9F70000BBFD0000C7FF0000D9F70000BBFD0000C7FF0000D9F7000005
:40E5C000BBFD0000C7FF0000D9F70000BBFD0000C7FF0000D9F70000BBFD0000C7FF0000D9F70000BBFD0000C7FF0000D9F70000BBFD0000C7FF0000D9F70000BBFD0000DD
:40E60000C7FF0000D9F70000BBFD0000C7FF0000D9F70000BBFD0000C7FF0000D9F70000012A0100C92D0100C92D0100C92D0100C92D0100FD170100C9180100C92D0100B2
:40E64000C92D0100C92D0100C92D0100C92D0100C92D0100C92D0100C92D0100C92D0100C92D0100DD2B0100212C01005523010011250100BD280100650B0100000000008D
:40E68000E0E9010080E9010008000000C977010000000000CCE7010018E701000F000000000000000000000000000000000000000000000000000100010000010001020212
:40E6C00003000200000000000202010002000001000100050100050202030002000000000002050100050000A1730100A97401000574010001010B0102028102820503041B
:40E700000403840906090709080909090A09050A0C0B0D0D0E0E00000100000001000000000000000200000004000000020000000300000007000000050000000400000077
:40E740000A00000008000000050000000C0000000B000000060000000E0000000D00000007000000100000000F0000000800000013000000110000000900000016000000D9
:40E78000140000000A0000001700000017000000FF00000018000000180000000B0000001B000000190000000C0000001D0000001C0000000D0000001F0000001E00000010
:40E7C0000E0000002100000020000000010000005DB20100FEFFFFFF2DB10100010000005DB201000600000039B30100F8FFFFFF2DB101001800120049B10100A000000C36
:40E8000041AF010047FFEDFB2DB10100E0000C00C9B001000001200011B001001FFED3FF2DB10100A000000C25C001005FFFFFFB2DB1010000020000CDB50100FFFDFFFF7B
:40E840002DB10100000C0000ADAE0100FFF3FFFF2DB10100000800008DB00100010000009DB00100FEF7FFFF2DB101000020000079AF01000040000009B60100FF9FFFFF36
:40E880002DB10100FFFFFFFF35B10100FFFFFFFFA5AE01000080000089AE0100000001006DAE0100FF7FFEFF2DB101000080010035AE0100FF7FFEFF2DB1010000008003D5
:40E8C00019AE0100FFFF7FFC2DB1010000801F0A51AE0100FF7FE0F52DB1010000000000000000000000000000000000870000000000000000000000000000000300000093
:40E90000FFFFFFFFFFFFFFFFFFFFFFFF00000000000000000000000001000000FFFFFFFF4B60D2273E3CCE3BF6B053CCB0061D65BC86987655BDEBB3E7933AAAD835C65A37
:40E9400096C298D84539A1F4A033EB2D817D0377F240A463E5E6BCF847422CE1F2D1176BF551BF376840B6CBCE5E316B5733CE2B169E0F7C4AEBE78E9B7F1AFEE242E34FA5
:40E98000810000000000000000000000820000000100000001000000010000000200000002000000020000000400000003000000030000000600000005000000F100000045
:40E9C0000700000007000000F20000000900000008000000FF0000000A0000000A0000000200000015C401000100000015C401000E00000009C301000200000055C3010046
:40EA00000C000000F1C201000200000095C301000C000000F1C201000E00000015C401000C00000051C4010002000000F1C201000E00000091C401005369676E617475728A
:40EA40006500303030314238303030313032303330343035303630373038303930413042304330443045304631303131313231333134313531363137313831393141314278
:40EA800031433144314531463230323132323233323432353236323732383239324132423243324432453246333033313332333333343335333633373338333933413342CA
:40EAC000334333443345414200000000000000000000000000000000000000000000000000000000000000000000000000000000000000000000000000000000000000002E
:40EB000000000000000000000000000000000000000000000000000000000000000000000000000000000000000000000000000000000000000000000000000000000000D5
:40EB40000000000000000000000000000000000000000000000000000000000000000000000000000000000000000000000000000000000000000000000000000000000095
:40EB80000000000000000000000000000000000000000000000000000000000000000000000000000000000000000000000000000000000000000000000000000000000055
:40EBC0000000000000000000000000000000000000000000000000000000000000000000000000000000000000000000000000000000000000000000000000000000000015
:40EC000000000000000000000000000000000000000000000000000000000000000000000000000000000000000000000000000000000000000000000000000000000000D4
:40EC40000000000000000000000000000000000000000000000000000000000000000000000000000000000000000000000000000000000000000000000000000000000094
:40EC80000000000000000000000000000000000000000000000000000000000000000000000000000000000000000000000000000000000000000000000000000000000054
:40ECC0000000000000000000000000000000000000000000000000000000000000000000000000000000000000000000000000000000000000000000000000000000000014
:40ED000000000000000000000000000000000000000000000000000000000000000000000000000000000000000000000000000000000000000000000000000000000000D3
:40ED40000000000000000000000000000000000000000000000000000000000000000000000000000000000000000000000000000000000000000000000000000000000093
:40ED80000000000000000000000000000000000000000000000000000000000000000000000000000000000000000000000000000000000000000000000000000000000E45
:40EDC000050000000000000000000000FF10FF20FF40FF80FFFF0100FFFF0000030303030F00FFFF902B00200201060E094175746F6D6174696F6E20494F03031518000005
:40EE0000000000000000001602000000980F0020580F0020A0180020B400000000F4FF0F1F000050A0000000200030000000001F000050A0000700000D000000B811002073
:40EE400002000000C511002008000000C711002001000000CF11002004000000D011002002000000FC2A002001000000D411002007000000D511002016000000DC11002016
:40EE800001000000F211002001000000F311002007000000F411002016000000FB110020010000001112002001000000121200200700000013120020160000001A12002064
:40EEC0000100000030120020010000003112002007000000321200201600000039120020010000004F120020010000005012002002000000FE2A0020070000005112002086
:40EF000010000000581200200100000068120020010000006912002002000000002B0020070000006A120020100000007112002001000000811200200100000082120020F4
:40EF400002000000022B00200700000083120020100000008A120020010000009A120020020000009B120020070000009D1200200F000000A412002005000000B312002079
:40EF800004000000B812002004000000BC12002002000000C012002007000000C21200200D000000C912002001000000D612002001000000DB12002004000000DF1200204E
:40EFC0000A000000E312002002000000042B002002000000ED12002002000000062B002007000000EF12002003000000F612002001000000F912002001000000FE1200207D
:40F000000400000002130020020000000613002002000000082B00200700000008130020070000000F13002002000000161300200100000018130020010000001D13002094
:40F0400004000000211300204175746F6D6174696F6E20494F0000060028000000E8030000000000001B0000000101004469676974616C204F75747075742E204C45442077
:40F08000443101001B0000000102004469676974616C204F75747075742E204C454420443201001B0000000103004469676974616C204F75747075742E204C45442044334B
:40F0C00001001B0000000104004469676974616C204F75747075742E204C454420443401001B0000000105004469646974616C20496E70757420533101001B0000000106F1
:40F10000004469646974616C20496E70757420533201001B0000000107004469646974616C20496E70757420533301000006000000010100536C6964657220506F736974EF
:40F14000696F6E05E8030000010300000000640000000400332701020050574D204C45442056616C7565000000000000000000000064000000000000000000000000000620
:40F180000033270103004144430000000000000000000000FFFF000006003327010400444953504C4159000000000000000000000000000F27000000130110000100000055
:40F1C000070401004400450000000000000000000000000010000000110012000000000000001300150000001600170000000000000018001A0000001B001C000000000089
:40F2000000001D001F000000200021000000000000002200240025002600270000000000000028002A002B002C002D000000000000002E00300031003200330000000000CF
:40F24000000034003600000037003800000039003A003B003D0000003E003F0000004000410042004700480049004A0000004B004C004D004F00500051005200530054009B
:40F28000550056000008C0010000FF0F010000000000E02EC05D00001800000000366E01F00000000404040000000000FFFF000000000000000000000000000000000000E9
:40F2C00000000000000000000000000000000000000000000000000000000000000000000000000038EA0100000000000000000000000000000000000000000000000000EB
:40F3000000000000000000000000000000000000000000000000000000000000000000000000000000000000000000000000000000000000000000000000000000000000CD
:40F340000000000000FE000000000000000000000000000000000000000000000000000000000000000000000000000000000000000000000000000000000000000000008F
:40F38000000000000000000000000000000000004CE30100000000000000000000000000000000001B0000000000000088E30100000000000000000021000000A8E30100E9
:40F3C0002CE40100B0E4010034E5010078E50100390101003B010100E4E50100F0E50100430101003F01010000000000000000000000000000000000000000000000000051
:40F4000000000000000000000000000000000000000000000000000000000000000000000000000000000000000000000000000000000000000000000000000000000000CC
:40F440000000000000000000000000000000000000000000992E0100992E0100000000000000000000000401020102010401050006000400060003000201000004010000CC
:40F4800004000000060005000200000102000E000400040001010001FF000200FF00020000010000FF0000000000000000000000000000000000000000000000000000001D
:40F4C000000000000000000000000000000000000000000000000000000000000000000000000000000000000000000000000000000000000000000000000000000000000C
:40F500000000000000000000000000000000000000000000000000E69D350E480103CCDBFDF4AC1191F4EFB9A5F9E9A7832C5E2CBE97F2D203B0208BD28915D08E1C7424D7
:40F5400030ED8FC24563765C15525ABF9A32636DEB2A65499C80DC3F49F6D4A3C55F3874C9B3E3D2103F504AFF607BEB40B7995899B8A6CD3C1ABD00000000000000000069
:40F5800000000000000000000000000000000000000000000001656C7462000000000000000000000000000000000000BE83605ADB0B376038A5F5AA9183886C00000000A7
:40F5C000000000000000000000000000000000000000000042EA0100000000000000000000000000000000000000000000000000000000000000000004000777100000004C
:40F60000000000000000000000BDA5A00BDA5A00BDA5A00BDA5A00BDD693E8A4235548991D7761E6632B108E991F261EF609972EAD7E0A2DF465E3BD7B491EB4C095951388
:40F6400046730000C0FFEEDEDA90D5069592ED91D7A89E2CDC4A935BF900000000000000000000002CE001004CE001006CE00100000000000000000000000000000000007F
:40F68000E0DF01000000000000000000000000000000000000000000000000000000000000000000000000000000000000000000000000000000000000000000000000008A
:40F6C000D017002092E001009DE101009DE101009DE101009DE101009DE101009DE101009DE101009DE101009DE10100FFFFFFFFFFFFFFFFFFFFFFFFFFFF00000000000027
:40F7000000000000000000000000000000000000000000000000000000000000000000000000000000000000000000000000000000000000000000000000000000000000C9
:40F740000000000000000000000000000000000000000000000000000000000000000000000000000000000000000000000000000000000000000000000000000000000089
:40F780000000000000000000000000000000000000000000000000000000000000000000000000000000000000000000000000000000000000000000000000000000000049
:40F7C0000000000000000000000000000000000000000000000000000000000000000000000000000000000000000000000000000000000000000000000000000000000009
:40F8000000000000000000000000000000000000000000000000000000000000000000000000000000000000000000000000000000000000000000000000000000000000C8
:40F840000000000000000000000000000000000000000000000000000000000000000000000000000000000000000000000000000000000000000000000000000000000088
:40F880000000000000000000000000000000000000000000000000000000000000000000000000000000000000000000000000000000000000000000000000000000000048
:40F8C0000000000000000000000000000000000000000000000000000000000000000000000000000000000000000000000000000000000000000000000000000000000008
:40F9000000000000000000000000000000000000000000000000000000000000000000000000000000000000000000000000000000000000000000000000000000000000C7
:40F940000000000000000000000000000000000000000000000000000000000000000000000000000000000000000000000000000000000000000000000000000000000087
:40F980000000000000000000000000000000000000000000000000000000000000000000000000000000000000000000000000000000000000000000000000000000000047
:40F9C0000000000000000000000000000000000000000000000000000000000000000000000000000000000000000000000000000000000000000000000000000000000007
:40FA000000000000000000000000000000000000000000000000000000000000000000000000000000000000000000000000000000000000000000000000000000000000C6
:40FA40000000000000000000000000000000000000000000000000000000000000000000000000000000000000000000000000000000000000000000000000000000000086
:40FA80000000000000000000000000000000000000000000000000000000000000000000000000000000000000000000000000000000000000000000000000000000000046
:40FAC0000000000000000000000000000000000000000000000000000000000000000000000000000000000000000000000000000000000000000000000000000000000006
:40FB000000000000000000000000000000000000000000000000000000000000000000000000000000000000000000000000000000000000000000000000000000000000C5
:40FB40000000000000000000000000000000000000000000000000000000000000000000000000000000000000000000000000000000000000000000000000000000000085
:40FB80000000000000000000000000000000000000000000000000000000000000000000000000000000000000000000000000000000000000000000000000000000000045
:40FBC0000000000000000000000000000000000000000000000000000000000000000000000000000000000000000000000000000000000000000000000000000000000005
:40FC000000000000000000000000000000000000000000000000000000000000000000000000000000000000000000000000000000000000000000000000000000000000C4
:40FC40000000000000000000000000000000000000000000000000000000000000000000000000000000000000000000000000000000000000000000000000000000000084
:40FC80000000000000000000000000000000000000000000000000000000000000000000000000000000000000000000000000000000000000000000000000000000000044
:40FCC0000000000000000000000000000000000000000000000000000000000000000000000000000000000000000000000000000000000000000000000000000000000004
:40FD000000000000000000000000000000000000000000000000000000000000000000000000000000000000000000000000000000000000000000000000000000000000C3
:40FD40000000000000000000000000000000000000000000000000000000000000000000000000000000000000000000000000000000000000000000000000000000000083
:40FD80000000000000000000000000000000000000000000000000000000000000000000000000000000000000000000000000000000000000000000000000000000000043
:40FDC0000000000000000000000000000000000000000000000000000000000000000000000000000000000000000000000000000000000000000000000000000000000003
:40FE000000000000000000000000000000000000000000000000000000000000000000000000000000000000000000000000000000000000000000000000000000000000C2
:40FE40000000000000000000000000000000000000000000000000000000000000000000000000000000000000000000000000000000000000000000000000000000000082
:40FE80000000000000000000000000000000000000000000000000000000000000000000000000000000000000000000000000000000000000000000000000000000000042
:40FEC0000000000000000000000000000000000000000000000000000000000000000000000000000000000000000000000000000000000000000000000000000000000002
:40FF000000000000000000000000000000000000000000000000000000000000000000000000000000000000000000000000000000000000000000000000000000000000C1
:40FF40000000000000000000000000000000000000000000000000000000000000000000000000000000000000000000000000000000000000000000000000000000000081
:40FF80000000000000000000000000000000000000000000000000000000000000000000000000000000000000000000000000000000000000000000000000000000000041
:40FFC0000000000000000000000000000000000000000000000000000000000000000000000000000000000000000000000000000000000000000000000000000000000001
:020000040002F8
:4000000000000000000000000000000000000000000000000000000000000000000000000000000000000000000000000000000000000000000000000000000000000000C0
:400040000000000000000000000000000000000000000000000000000000000000000000000000000000000000000000000000000000000000000000000000000000000080
:400080000000000000000000000000000000000000000000000000000000000000000000000000000000000000000000000000000000000000000000000000000000000040
:4000C0000000000000000000000000000000000000000000000000000000000000000000000000000000000000000000000000000000000000000000000000000000000000
:4001000000000000000000000000000000000000000000000000000000000000000000000000000000000000000000000000000000000000000000000000000000000000BF
:40014000000000000000000000000000000000000000000000000000000000000000000000000000000000000000000000000000000000000000000000000000000000007F
:40018000000000000000000000000000000000000000000000000000000000000000000000000000000000000000000000000000000000000000000000000000000000003F
:4001C00000000000000000000000000000000000000000000000000000000000000000000000000000000000000000000000000000000000000000000000000000000000FF
:4002000000000000000000000000000000000000000000000000000000000000000000000000000000000000000000000000000000000000000000000000000000000000BE
:40024000000000000000000000000000000000000000000000000000000000000000000000000000000000000000000000000000000000000000000000000000000000007E
:40028000000000000000000000000000000000000000000000000000000000000000000000000000000000000000000000000000000000000000000000000000000000003E
:4002C00000000000000000000000000000000000000000000000000000000000000000000000000000000000000000000000000000000000000000000000000000000000FE
:4003000000000000000000000000000000000000000000000000000000000000000000000000000000000000000000000000000000000000000000000000000000000000BD
:40034000000000000000000000000000000000000000000000000000000000000000000000000000000000000000000000000000000000000000000000000000000000007D
:40038000000000000000000000000000000000000000000000000000000000000000000000000000000000000000000000000000000000000000000000000000000000003D
:4003C00000000000000000000000000000000000000000000000000000000000000000000000000000000000000000000000000000000000000000000000000000000000FD
:4004000000000000000000000000000000000000000000000000000000000000000000000000000000000000000000000000000000000000000000000000000000000000BC
:40044000000000000000000000000000000000000000000000000000000000000000000000000000000000000000000000000000000000000000000000000000000000007C
:40048000000000000000000000000000000000000000000000000000000000000000000000000000000000000000000000000000000000000000000000000000000000003C
:4004C00000000000000000000000000000000000000000000000000000000000000000000000000000000000000000000000000000000000000000000000000000000000FC
:4005000000000000000000000000000000000000000000000000000000000000000000000000000000000000000000000000000000000000000000000000000000000000BB
:40054000000000000000000000000000000000000000000000000000000000000000000000000000000000000000000000000000000000000000000000000000000000007B
:40058000000000000000000000000000000000000000000000000000000000000000000000000000000000000000000000000000000000000000000000000000000000003B
:4005C00000000000000000000000000000000000000000000000000000000000000000000000000000000000000000000000000000000000000000000000000000000000FB
:4006000000000000000000000000000000000000000000000000000000000000000000000000000000000000000000000000000000000000000000000000000000000000BA
:40064000000000000000000000000000000000000000000000000000000000000000000000000000000000000000000000000000000000000000000000000000000000007A
:40068000000000000000000000000000000000000000000000000000000000000000000000000000000000000000000000000000000000000000000000000000000000003A
:4006C00000000000000000000000000000000000000000000000000000000000000000000000000000000000000000000000000000000000000000000000000000000000FA
:4007000000000000000000000000000000000000000000000000000000000000000000000000000000000000000000000000000000000000000000000000000000000000B9
:400740000000000000000000000000000000000000000000000000000000000000000000000000000000000000000000000000000000000000000000000000000000000079
:400780000000000000000000000000000000000000000000000000000000000000000000000000000000000000000000000000000000000000000000000000000000000039
:4007C00000000000000000000000000000000000000000000000000000000000000000000000000000000000000000000000000000000000000000000000000000000000F9
:4008000000000000000000000000000000000000000000000000000000000000000000000000000000000000000000000000000000000000000000000000000000000000B8
:400840000000000000000000000000000000000000000000000000000000000000000000000000000000000000000000000000000000000000000000000000000000000078
:400880000000000000000000000000000000000000000000000000000000000000000000000000000000000000000000000000000000000000000000000000000000000038
:4008C00000000000000000000000000000000000000000000000000000000000000000000000000000000000000000000000000000000000000000000000000000000000F8
:4009000000000000000000000000000000000000000000000000000000000000000000000000000000000000000000000000000000000000000000000000000000000000B7
:400940000000000000000000000000000000000000000000000000000000000000000000000000000000000000000000000000000000000000000000000000000000000077
:400980000000000000000000000000000000000000000000000000000000000000000000000000000000000000000000000000000000000000000000000000000000000037
:4009C00000000000000000000000000000000000000000000000000000000000000000000000000000000000000000000000000000000000000000000000000000000000F7
:400A000000000000000000000000000000000000000000000000000000000000000000000000000000000000000000000000000000000000000000000000000000000000B6
:400A40000000000000000000000000000000000000000000000000000000000000000000000000000000000000000000000000000000000000000000000000000000000076
:400A80000000000000000000000000000000000000000000000000000000000000000000000000000000000000000000000000000000000000000000000000000000000036
:400AC00000000000000000000000000000000000000000000000000000000000000000000000000000000000000000000000000000000000000000000000000000000000F6
:400B000000000000000000000000000000000000000000000000000000000000000000000000000000000000000000000000000000000000000000000000000000000000B5
:400B40000000000000000000000000000000000000000000000000000000000000000000000000000000000000000000000000000000000000000000000000000000000075
:400B80000000000000000000000000000000000000000000000000000000000000000000000000000000000000000000000000000000000000000000000000000000000035
:400BC00000000000000000000000000000000000000000000000000000000000000000000000000000000000000000000000000000000000000000000000000000000000F5
:400C000000000000000000000000000000000000000000000000000000000000000000000000000000000000000000000000000000000000000000000000000000000000B4
:400C40000000000000000000000000000000000000000000000000000000000000000000000000000000000000000000000000000000000000000000000000000000000074
:400C80000000000000000000000000000000000000000000000000000000000000000000000000000000000000000000000000000000000000000000000000000000000034
:400CC00000000000000000000000000000000000000000000000000000000000000000000000000000000000000000000000000000000000000000000000000000000000F4
:400D000000000000000000000000000000000000000000000000000000000000000000000000000000000000000000000000000000000000000000000000000000000000B3
:400D40000000000000000000000000000000000000000000000000000000000000000000000000000000000000000000000000000000000000000000000000000000000073
:400D80000000000000000000000000000000000000000000000000000000000000000000000000000000000000000000000000000000000000000000000000000000000033
:400DC00000000000000000000000000000000000000000000000000000000000000000000000000000000000000000000000000000000000000000000000000000000000F3
:400E000000000000000000000000000000000000000000000000000000000000000000000000000000000000000000000000000000000000000000000000000000000000B2
:400E40000000000000000000000000000000000000000000000000000000000000000000000000000000000000000000000000000000000000000000000000000000000072
:400E80000000000000000000000000000000000000000000000000000000000000000000000000000000000000000000000000000000000000000000000000000000000032
:400EC00000000000000000000000000000000000000000000000000000000000000000000000000000000000000000000000000000000000000000000000000000000000F2
:400F000000000000000000000000000000000000000000000000000000000000000000000000000000000000000000000000000000000000000000000000000000000000B1
:400F40000000000000000000000000000000000000000000000000000000000000000000000000000000000000000000000000000000000000000000000000000000000071
:400F80000000000000000000000000000000000000000000000000000000000000000000000000000000000000000000000000000000000000000000000000000000000031
:400FC00000000000000000000000000000000000000000000000000000000000000000000000000000000000000000000000000000000000000000000000000000000000F1
:4010000000000000000000000000000000000000000000000000000000000000000000000000000000000000000000000000000000000000000000000000000000000000B0
:401040000000000000000000000000000000000000000000000000000000000000000000000000000000000000000000000000000000000000000000000000000000000070
:401080000000000000000000000000000000000000000000000000000000000000000000000000000000000000000000000000000000000000000000000000000000000030
:4010C00000000000000000000000000000000000000000000000000000000000000000000000000000000000000000000000000000000000000000000000000000000000F0
:4011000000000000000000000000000000000000000000000000000000000000000000000000000000000000000000000000000000000000000000000000000000000000AF
:40114000000000000000000000000000000000000000000000000000000000000000000000000000000000000000000000000000000000000000000000000000000000006F
:40118000000000000000000000000000000000000000000000000000000000000000000000000000000000000000000000000000000000000000000000000000000000002F
:4011C00000000000000000000000000000000000000000000000000000000000000000000000000000000000000000000000000000000000000000000000000000000000EF
:4012000000000000000000000000000000000000000000000000000000000000000000000000000000000000000000000000000000000000000000000000000000000000AE
:40124000000000000000000000000000000000000000000000000000000000000000000000000000000000000000000000000000000000000000000000000000000000006E
:40128000000000000000000000000000000000000000000000000000000000000000000000000000000000000000000000000000000000000000000000000000000000002E
:4012C00000000000000000000000000000000000000000000000000000000000000000000000000000000000000000000000000000000000000000000000000000000000EE
:4013000000000000000000000000000000000000000000000000000000000000000000000000000000000000000000000000000000000000000000000000000000000000AD
:40134000000000000000000000000000000000000000000000000000000000000000000000000000000000000000000000000000000000000000000000000000000000006D
:40138000000000000000000000000000000000000000000000000000000000000000000000000000000000000000000000000000000000000000000000000000000000002D
:4013C00000000000000000000000000000000000000000000000000000000000000000000000000000000000000000000000000000000000000000000000000000000000ED
:4014000000000000000000000000000000000000000000000000000000000000000000000000000000000000000000000000000000000000000000000000000000000000AC
:40144000000000000000000000000000000000000000000000000000000000000000000000000000000000000000000000000000000000000000000000000000000000006C
:40148000000000000000000000000000000000000000000000000000000000000000000000000000000000000000000000000000000000000000000000000000000000002C
:4014C00000000000000000000000000000000000000000000000000000000000000000000000000000000000000000000000000000000000000000000000000000000000EC
:4015000000000000000000000000000000000000000000000000000000000000000000000000000000000000000000000000000000000000000000000000000000000000AB
:40154000000000000000000000000000000000000000000000000000000000000000000000000000000000000000000000000000000000000000000000000000000000006B
:40158000000000000000000000000000000000000000000000000000000000000000000000000000000000000000000000000000000000000000000000000000000000002B
:4015C00000000000000000000000000000000000000000000000000000000000000000000000000000000000000000000000000000000000000000000000000000000000EB
:4016000000000000000000000000000000000000000000000000000000000000000000000000000000000000000000000000000000000000000000000000000000000000AA
:40164000000000000000000000000000000000000000000000000000000000000000000000000000000000000000000000000000000000000000000000000000000000006A
:40168000000000000000000000000000000000000000000000000000000000000000000000000000000000000000000000000000000000000000000000000000000000002A
:4016C00000000000000000000000000000000000000000000000000000000000000000000000000000000000000000000000000000000000000000000000000000000000EA
:4017000000000000000000000000000000000000000000000000000000000000000000000000000000000000000000000000000000000000000000000000000000000000A9
:401740000000000000000000000000000000000000000000000000000000000000000000000000000000000000000000000000000000000000000000000000000000000069
:401780000000000000000000000000000000000000000000000000000000000000000000000000000000000000000000000000000000000000000000000000000000000029
:4017C00000000000000000000000000000000000000000000000000000000000000000000000000000000000000000000000000000000000000000000000000000000000E9
:4018000000000000000000000000000000000000000000000000000000000000000000000000000000000000000000000000000000000000000000000000000000000000A8
:401840000000000000000000000000000000000000000000000000000000000000000000000000000000000000000000000000000000000000000000000000000000000068
:401880000000000000000000000000000000000000000000000000000000000000000000000000000000000000000000000000000000000000000000000000000000000028
:4018C00000000000000000000000000000000000000000000000000000000000000000000000000000000000000000000000000000000000000000000000000000000000E8
:4019000000000000000000000000000000000000000000000000000000000000000000000000000000000000000000000000000000000000000000000000000000000000A7
:401940000000000000000000000000000000000000000000000000000000000000000000000000000000000000000000000000000000000000000000000000000000000067
:401980000000000000000000000000000000000000000000000000000000000000000000000000000000000000000000000000000000000000000000000000000000000027
:4019C00000000000000000000000000000000000000000000000000000000000000000000000000000000000000000000000000000000000000000000000000000000000E7
:401A000000000000000000000000000000000000000000000000000000000000000000000000000000000000000000000000000000000000000000000000000000000000A6
:401A40000000000000000000000000000000000000000000000000000000000000000000000000000000000000000000000000000000000000000000000000000000000066
:401A80000000000000000000000000000000000000000000000000000000000000000000000000000000000000000000000000000000000000000000000000000000000026
:401AC00000000000000000000000000000000000000000000000000000000000000000000000000000000000000000000000000000000000000000000000000000000000E6
:401B000000000000000000000000000000000000000000000000000000000000000000000000000000000000000000000000000000000000000000000000000000000000A5
:401B40000000000000000000000000000000000000000000000000000000000000000000000000000000000000000000000000000000000000000000000000000000000065
:401B80000000000000000000000000000000000000000000000000000000000000000000000000000000000000000000000000000000000000000000000000000000000025
:401BC00000000000000000000000000000000000000000000000000000000000000000000000000000000000000000000000000000000000000000000000000000000000E5
:401C000000000000000000000000000000000000000000000000000000000000000000000000000000000000000000000000000000000000000000000000000000000000A4
:401C40000000000000000000000000000000000000000000000000000000000000000000000000000000000000000000000000000000000000000000000000000000000064
:401C80000000000000000000000000000000000000000000000000000000000000000000000000000000000000000000000000000000000000000000000000000000000024
:401CC00000000000000000000000000000000000000000000000000000000000000000000000000000000000000000000000000000000000000000000000000000000000E4
:401D000000000000000000000000000000000000000000000000000000000000000000000000000000000000000000000000000000000000000000000000000000000000A3
:401D40000000000000000000000000000000000000000000000000000000000000000000000000000000000000000000000000000000000000000000000000000000000063
:401D80000000000000000000000000000000000000000000000000000000000000000000000000000000000000000000000000000000000000000000000000000000000023
:401DC00000000000000000000000000000000000000000000000000000000000000000000000000000000000000000000000000000000000000000000000000000000000E3
:401E000000000000000000000000000000000000000000000000000000000000000000000000000000000000000000000000000000000000000000000000000000000000A2
:401E40000000000000000000000000000000000000000000000000000000000000000000000000000000000000000000000000000000000000000000000000000000000062
:401E80000000000000000000000000000000000000000000000000000000000000000000000000000000000000000000000000000000000000000000000000000000000022
:401EC00000000000000000000000000000000000000000000000000000000000000000000000000000000000000000000000000000000000000000000000000000000000E2
:401F000000000000000000000000000000000000000000000000000000000000000000000000000000000000000000000000000000000000000000000000000000000000A1
:401F40000000000000000000000000000000000000000000000000000000000000000000000000000000000000000000000000000000000000000000000000000000000061
:401F80000000000000000000000000000000000000000000000000000000000000000000000000000000000000000000000000000000000000000000000000000000000021
:401FC00000000000000000000000000000000000000000000000000000000000000000000000000000000000000000000000000000000000000000000000000000000000E1
:4020000000000000000000000000000000000000000000000000000000000000000000000000000000000000000000000000000000000000000000000000000000000000A0
:402040000000000000000000000000000000000000000000000000000000000000000000000000000000000000000000000000000000000000000000000000000000000060
:402080000000000000000000000000000000000000000000000000000000000000000000000000000000000000000000000000000000000000000000000000000000000020
:4020C00000000000000000000000000000000000000000000000000000000000000000000000000000000000000000000000000000000000000000000000000000000000E0
:40210000000000000000000000000000000000000000000000000000000000000000000000000000000000000000000000000000000000000000000000000000000000009F
:40214000000000000000000000000000000000000000000000000000000000000000000000000000000000000000000000000000000000000000000000000000000000005F
:40218000000000000000000000000000000000000000000000000000000000000000000000000000000000000000000000000000000000000000000000000000000000001F
:4021C00000000000000000000000000000000000000000000000000000000000000000000000000000000000000000000000000000000000000000000000000000000000DF
:40220000000000000000000000000000000000000000000000000000000000000000000000000000000000000000000000000000000000000000000000000000000000009E
:40224000000000000000000000000000000000000000000000000000000000000000000000000000000000000000000000000000000000000000000000000000000000005E
:40228000000000000000000000000000000000000000000000000000000000000000000000000000000000000000000000000000000000000000000000000000000000001E
:4022C00000000000000000000000000000000000000000000000000000000000000000000000000000000000000000000000000000000000000000000000000000000000DE
:40230000000000000000000000000000000000000000000000000000000000000000000000000000000000000000000000000000000000000000000000000000000000009D
:40234000000000000000000000000000000000000000000000000000000000000000000000000000000000000000000000000000000000000000000000000000000000005D
:40238000000000000000000000000000000000000000000000000000000000000000000000000000000000000000000000000000000000000000000000000000000000001D
:4023C00000000000000000000000000000000000000000000000000000000000000000000000000000000000000000000000000000000000000000000000000000000000DD
:40240000000000000000000000000000000000000000000000000000000000000000000000000000000000000000000000000000000000000000000000000000000000009C
:40244000000000000000000000000000000000000000000000000000000000000000000000000000000000000000000000000000000000000000000000000000000000005C
:40248000000000000000000000000000000000000000000000000000000000000000000000000000000000000000000000000000000000000000000000000000000000001C
:4024C00000000000000000000000000000000000000000000000000000000000000000000000000000000000000000000000000000000000000000000000000000000000DC
:40250000000000000000000000000000000000000000000000000000000000000000000000000000000000000000000000000000000000000000000000000000000000009B
:40254000000000000000000000000000000000000000000000000000000000000000000000000000000000000000000000000000000000000000000000000000000000005B
:40258000000000000000000000000000000000000000000000000000000000000000000000000000000000000000000000000000000000000000000000000000000000001B
:4025C00000000000000000000000000000000000000000000000000000000000000000000000000000000000000000000000000000000000000000000000000000000000DB
:40260000000000000000000000000000000000000000000000000000000000000000000000000000000000000000000000000000000000000000000000000000000000009A
:40264000000000000000000000000000000000000000000000000000000000000000000000000000000000000000000000000000000000000000000000000000000000005A
:40268000000000000000000000000000000000000000000000000000000000000000000000000000000000000000000000000000000000000000000000000000000000001A
:4026C00000000000000000000000000000000000000000000000000000000000000000000000000000000000000000000000000000000000000000000000000000000000DA
:402700000000000000000000000000000000000000000000000000000000000000000000000000000000000000000000000000000000000000000000000000000000000099
:402740000000000000000000000000000000000000000000000000000000000000000000000000000000000000000000000000000000000000000000000000000000000059
:402780000000000000000000000000000000000000000000000000000000000000000000000000000000000000000000000000000000000000000000000000000000000019
:4027C00000000000000000000000000000000000000000000000000000000000000000000000000000000000000000000000000000000000000000000000000000000000D9
:402800000000000000000000000000000000000000000000000000000000000000000000000000000000000000000000000000000000000000000000000000000000000098
:402840000000000000000000000000000000000000000000000000000000000000000000000000000000000000000000000000000000000000000000000000000000000058
:402880000000000000000000000000000000000000000000000000000000000000000000000000000000000000000000000000000000000000000000000000000000000018
:4028C00000000000000000000000000000000000000000000000000000000000000000000000000000000000000000000000000000000000000000000000000000000000D8
:402900000000000000000000000000000000000000000000000000000000000000000000000000000000000000000000000000000000000000000000000000000000000097
:402940000000000000000000000000000000000000000000000000000000000000000000000000000000000000000000000000000000000000000000000000000000000057
:402980000000000000000000000000000000000000000000000000000000000000000000000000000000000000000000000000000000000000000000000000000000000017
:4029C00000000000000000000000000000000000000000000000000000000000000000000000000000000000000000000000000000000000000000000000000000000000D7
:402A00000000000000000000000000000000000000000000000000000000000000000000000000000000000000000000000000000000000000000000000000000000000096
:402A40000000000000000000000000000000000000000000000000000000000000000000000000000000000000000000000000000000000000000000000000000000000056
:402A80000000000000000000000000000000000000000000000000000000000000000000000000000000000000000000000000000000000000000000000000000000000016
:402AC00000000000000000000000000000000000000000000000000000000000000000000000000000000000000000000000000000000000000000000000000000000000D6
:402B00000000000000000000000000000000000000000000000000000000000000000000000000000000000000000000000000000000000000000000000000000000000095
:402B40000000000000000000000000000000000000000000000000000000000000000000000000000000000000000000000000000000000000000000000000000000000055
:402B80000000000000000000000000000000000000000000000000000000000000000000000000000000000000000000000000000000000000000000000000000000000015
:402BC00000000000000000000000000000000000000000000000000000000000000000000000000000000000000000000000000000000000000000000000000000000000D5
:402C00000000000000000000000000000000000000000000000000000000000000000000000000000000000000000000000000000000000000000000000000000000000094
:402C40000000000000000000000000000000000000000000000000000000000000000000000000000000000000000000000000000000000000000000000000000000000054
:402C80000000000000000000000000000000000000000000000000000000000000000000000000000000000000000000000000000000000000000000000000000000000014
:402CC00000000000000000000000000000000000000000000000000000000000000000000000000000000000000000000000000000000000000000000000000000000000D4
:402D00000000000000000000000000000000000000000000000000000000000000000000000000000000000000000000000000000000000000000000000000000000000093
:402D40000000000000000000000000000000000000000000000000000000000000000000000000000000000000000000000000000000000000000000000000000000000053
:402D80000000000000000000000000000000000000000000000000000000000000000000000000000000000000000000000000000000000000000000000000000000000013
:402DC00000000000000000000000000000000000000000000000000000000000000000000000000000000000000000000000000000000000000000000000000000000000D3
:402E00000000000000000000000000000000000000000000000000000000000000000000000000000000000000000000000000000000000000000000000000000000000092
:402E40000000000000000000000000000000000000000000000000000000000000000000000000000000000000000000000000000000000000000000000000000000000052
:402E80000000000000000000000000000000000000000000000000000000000000000000000000000000000000000000000000000000000000000000000000000000000012
:402EC00000000000000000000000000000000000000000000000000000000000000000000000000000000000000000000000000000000000000000000000000000000000D2
:402F00000000000000000000000000000000000000000000000000000000000000000000000000000000000000000000000000000000000000000000000000000000000091
:402F40000000000000000000000000000000000000000000000000000000000000000000000000000000000000000000000000000000000000000000000000000000000051
:402F80000000000000000000000000000000000000000000000000000000000000000000000000000000000000000000000000000000000000000000000000000000000011
:402FC00000000000000000000000000000000000000000000000000000000000000000000000000000000000000000000000000000000000000000000000000000000000D1
:403000000000000000000000000000000000000000000000000000000000000000000000000000000000000000000000000000000000000000000000000000000000000090
:403040000000000000000000000000000000000000000000000000000000000000000000000000000000000000000000000000000000000000000000000000000000000050
:403080000000000000000000000000000000000000000000000000000000000000000000000000000000000000000000000000000000000000000000000000000000000010
:4030C00000000000000000000000000000000000000000000000000000000000000000000000000000000000000000000000000000000000000000000000000000000000D0
:40310000000000000000000000000000000000000000000000000000000000000000000000000000000000000000000000000000000000000000000000000000000000008F
:40314000000000000000000000000000000000000000000000000000000000000000000000000000000000000000000000000000000000000000000000000000000000004F
:40318000000000000000000000000000000000000000000000000000000000000000000000000000000000000000000000000000000000000000000000000000000000000F
:4031C00000000000000000000000000000000000000000000000000000000000000000000000000000000000000000000000000000000000000000000000000000000000CF
:40320000000000000000000000000000000000000000000000000000000000000000000000000000000000000000000000000000000000000000000000000000000000008E
:40324000000000000000000000000000000000000000000000000000000000000000000000000000000000000000000000000000000000000000000000000000000000004E
:40328000000000000000000000000000000000000000000000000000000000000000000000000000000000000000000000000000000000000000000000000000000000000E
:4032C00000000000000000000000000000000000000000000000000000000000000000000000000000000000000000000000000000000000000000000000000000000000CE
:40330000000000000000000000000000000000000000000000000000000000000000000000000000000000000000000000000000000000000000000000000000000000008D
:40334000000000000000000000000000000000000000000000000000000000000000000000000000000000000000000000000000000000000000000000000000000000004D
:40338000000000000000000000000000000000000000000000000000000000000000000000000000000000000000000000000000000000000000000000000000000000000D
:4033C00000000000000000000000000000000000000000000000000000000000000000000000000000000000000000000000000000000000000000000000000000000000CD
:40340000000000000000000000000000000000000000000000000000000000000000000000000000000000000000000000000000000000000000000000000000000000008C
:40344000000000000000000000000000000000000000000000000000000000000000000000000000000000000000000000000000000000000000000000000000000000004C
:40348000000000000000000000000000000000000000000000000000000000000000000000000000000000000000000000000000000000000000000000000000000000000C
:4034C00000000000000000000000000000000000000000000000000000000000000000000000000000000000000000000000000000000000000000000000000000000000CC
:40350000000000000000000000000000000000000000000000000000000000000000000000000000000000000000000000000000000000000000000000000000000000008B
:40354000000000000000000000000000000000000000000000000000000000000000000000000000000000000000000000000000000000000000000000000000000000004B
:40358000000000000000000000000000000000000000000000000000000000000000000000000000000000000000000000000000000000000000000000000000000000000B
:4035C00000000000000000000000000000000000000000000000000000000000000000000000000000000000000000000000000000000000000000000000000000000000CB
:40360000000000000000000000000000000000000000000000000000000000000000000000000000000000000000000000000000000000000000000000000000000000008A
:40364000000000000000000000000000000000000000000000000000000000000000000000000000000000000000000000000000000000000000000000000000000000004A
:40368000000000000000000000000000000000000000000000000000000000000000000000000000000000000000000000000000000000000000000000000000000000000A
:4036C00000000000000000000000000000000000000000000000000000000000000000000000000000000000000000000000000000000000000000000000000000000000CA
:403700000000000000000000000000000000000000000000000000000000000000000000000000000000000000000000000000000000000000000000000000000000000089
:403740000000000000000000000000000000000000000000000000000000000000000000000000000000000000000000000000000000000000000000000000000000000049
:403780000000000000000000000000000000000000000000000000000000000000000000000000000000000000000000000000000000000000000000000000000000000009
:4037C00000000000000000000000000000000000000000000000000000000000000000000000000000000000000000000000000000000000000000000000000000000000C9
:403800000000000000000000000000000000000000000000000000000000000000000000000000000000000000000000000000000000000000000000000000000000000088
:403840000000000000000000000000000000000000000000000000000000000000000000000000000000000000000000000000000000000000000000000000000000000048
:403880000000000000000000000000000000000000000000000000000000000000000000000000000000000000000000000000000000000000000000000000000000000008
:4038C00000000000000000000000000000000000000000000000000000000000000000000000000000000000000000000000000000000000000000000000000000000000C8
:403900000000000000000000000000000000000000000000000000000000000000000000000000000000000000000000000000000000000000000000000000000000000087
:403940000000000000000000000000000000000000000000000000000000000000000000000000000000000000000000000000000000000000000000000000000000000047
:403980000000000000000000000000000000000000000000000000000000000000000000000000000000000000000000000000000000000000000000000000000000000007
:4039C00000000000000000000000000000000000000000000000000000000000000000000000000000000000000000000000000000000000000000000000000000000000C7
:403A00000000000000000000000000000000000000000000000000000000000000000000000000000000000000000000000000000000000000000000000000000000000086
:403A40000000000000000000000000000000000000000000000000000000000000000000000000000000000000000000000000000000000000000000000000000000000046
:403A80000000000000000000000000000000000000000000000000000000000000000000000000000000000000000000000000000000000000000000000000000000000006
:403AC00000000000000000000000000000000000000000000000000000000000000000000000000000000000000000000000000000000000000000000000000000000000C6
:403B00000000000000000000000000000000000000000000000000000000000000000000000000000000000000000000000000000000000000000000000000000000000085
:403B40000000000000000000000000000000000000000000000000000000000000000000000000000000000000000000000000000000000000000000000000000000000045
:403B80000000000000000000000000000000000000000000000000000000000000000000000000000000000000000000000000000000000000000000000000000000000005
:403BC00000000000000000000000000000000000000000000000000000000000000000000000000000000000000000000000000000000000000000000000000000000000C5
:403C00000000000000000000000000000000000000000000000000000000000000000000000000000000000000000000000000000000000000000000000000000000000084
:403C40000000000000000000000000000000000000000000000000000000000000000000000000000000000000000000000000000000000000000000000000000000000044
:403C80000000000000000000000000000000000000000000000000000000000000000000000000000000000000000000000000000000000000000000000000000000000004
:403CC00000000000000000000000000000000000000000000000000000000000000000000000000000000000000000000000000000000000000000000000000000000000C4
:403D00000000000000000000000000000000000000000000000000000000000000000000000000000000000000000000000000000000000000000000000000000000000083
:403D40000000000000000000000000000000000000000000000000000000000000000000000000000000000000000000000000000000000000000000000000000000000043
:403D80000000000000000000000000000000000000000000000000000000000000000000000000000000000000000000000000000000000000000000000000000000000003
:403DC00000000000000000000000000000000000000000000000000000000000000000000000000000000000000000000000000000000000000000000000000000000000C3
:403E00000000000000000000000000000000000000000000000000000000000000000000000000000000000000000000000000000000000000000000000000000000000082
:403E40000000000000000000000000000000000000000000000000000000000000000000000000000000000000000000000000000000000000000000000000000000000042
:403E80000000000000000000000000000000000000000000000000000000000000000000000000000000000000000000000000000000000000000000000000000000000002
:403EC00000000000000000000000000000000000000000000000000000000000000000000000000000000000000000000000000000000000000000000000000000000000C2
:403F00000000000000000000000000000000000000000000000000000000000000000000000000000000000000000000000000000000000000000000000000000000000081
:403F40000000000000000000000000000000000000000000000000000000000000000000000000000000000000000000000000000000000000000000000000000000000041
:403F80000000000000000000000000000000000000000000000000000000000000000000000000000000000000000000000000000000000000000000000000000000000001
:403FC00000000000000000000000000000000000000000000000000000000000000000000000000000000000000000000000000000000000000000000000000000000000C1
:404000000000000000000000000000000000000000000000000000000000000000000000000000000000000000000000000000000000000000000000000000000000000080
:404040000000000000000000000000000000000000000000000000000000000000000000000000000000000000000000000000000000000000000000000000000000000040
:404080000000000000000000000000000000000000000000000000000000000000000000000000000000000000000000000000000000000000000000000000000000000000
:4040C00000000000000000000000000000000000000000000000000000000000000000000000000000000000000000000000000000000000000000000000000000000000C0
:40410000000000000000000000000000000000000000000000000000000000000000000000000000000000000000000000000000000000000000000000000000000000007F
:40414000000000000000000000000000000000000000000000000000000000000000000000000000000000000000000000000000000000000000000000000000000000003F
:4041800000000000000000000000000000000000000000000000000000000000000000000000000000000000000000000000000000000000000000000000000000000000FF
:4041C00000000000000000000000000000000000000000000000000000000000000000000000000000000000000000000000000000000000000000000000000000000000BF
:40420000000000000000000000000000000000000000000000000000000000000000000000000000000000000000000000000000000000000000000000000000000000007E
:40424000000000000000000000000000000000000000000000000000000000000000000000000000000000000000000000000000000000000000000000000000000000003E
:4042800000000000000000000000000000000000000000000000000000000000000000000000000000000000000000000000000000000000000000000000000000000000FE
:4042C00000000000000000000000000000000000000000000000000000000000000000000000000000000000000000000000000000000000000000000000000000000000BE
:40430000000000000000000000000000000000000000000000000000000000000000000000000000000000000000000000000000000000000000000000000000000000007D
:40434000000000000000000000000000000000000000000000000000000000000000000000000000000000000000000000000000000000000000000000000000000000003D
:4043800000000000000000000000000000000000000000000000000000000000000000000000000000000000000000000000000000000000000000000000000000000000FD
:4043C00000000000000000000000000000000000000000000000000000000000000000000000000000000000000000000000000000000000000000000000000000000000BD
:40440000000000000000000000000000000000000000000000000000000000000000000000000000000000000000000000000000000000000000000000000000000000007C
:40444000000000000000000000000000000000000000000000000000000000000000000000000000000000000000000000000000000000000000000000000000000000003C
:4044800000000000000000000000000000000000000000000000000000000000000000000000000000000000000000000000000000000000000000000000000000000000FC
:4044C00000000000000000000000000000000000000000000000000000000000000000000000000000000000000000000000000000000000000000000000000000000000BC
:40450000000000000000000000000000000000000000000000000000000000000000000000000000000000000000000000000000000000000000000000000000000000007B
:40454000000000000000000000000000000000000000000000000000000000000000000000000000000000000000000000000000000000000000000000000000000000003B
:4045800000000000000000000000000000000000000000000000000000000000000000000000000000000000000000000000000000000000000000000000000000000000FB
:4045C00000000000000000000000000000000000000000000000000000000000000000000000000000000000000000000000000000000000000000000000000000000000BB
:40460000000000000000000000000000000000000000000000000000000000000000000000000000000000000000000000000000000000000000000000000000000000007A
:40464000000000000000000000000000000000000000000000000000000000000000000000000000000000000000000000000000000000000000000000000000000000003A
:4046800000000000000000000000000000000000000000000000000000000000000000000000000000000000000000000000000000000000000000000000000000000000FA
:4046C00000000000000000000000000000000000000000000000000000000000000000000000000000000000000000000000000000000000000000000000000000000000BA
:404700000000000000000000000000000000000000000000000000000000000000000000000000000000000000000000000000000000000000000000000000000000000079
:404740000000000000000000000000000000000000000000000000000000000000000000000000000000000000000000000000000000000000000000000000000000000039
:4047800000000000000000000000000000000000000000000000000000000000000000000000000000000000000000000000000000000000000000000000000000000000F9
:4047C00000000000000000000000000000000000000000000000000000000000000000000000000000000000000000000000000000000000000000000000000000000000B9
:404800000000000000000000000000000000000000000000000000000000000000000000000000000000000000000000000000000000000000000000000000000000000078
:404840000000000000000000000000000000000000000000000000000000000000000000000000000000000000000000000000000000000000000000000000000000000038
:4048800000000000000000000000000000000000000000000000000000000000000000000000000000000000000000000000000000000000000000000000000000000000F8
:4048C00000000000000000000000000000000000000000000000000000000000000000000000000000000000000000000000000000000000000000000000000000000000B8
:404900000000000000000000000000000000000000000000000000000000000000000000000000000000000000000000000000000000000000000000000000000000000077
:404940000000000000000000000000000000000000000000000000000000000000000000000000000000000000000000000000000000000000000000000000000000000037
:4049800000000000000000000000000000000000000000000000000000000000000000000000000000000000000000000000000000000000000000000000000000000000F7
:4049C00000000000000000000000000000000000000000000000000000000000000000000000000000000000000000000000000000000000000000000000000000000000B7
:404A00000000000000000000000000000000000000000000000000000000000000000000000000000000000000000000000000000000000000000000000000000000000076
:404A40000000000000000000000000000000000000000000000000000000000000000000000000000000000000000000000000000000000000000000000000000000000036
:404A800000000000000000000000000000000000000000000000000000000000000000000000000000000000000000000000000000000000000000000000000000000000F6
:404AC00000000000000000000000000000000000000000000000000000000000000000000000000000000000000000000000000000000000000000000000000000000000B6
:404B00000000000000000000000000000000000000000000000000000000000000000000000000000000000000000000000000000000000000000000000000000000000075
:404B40000000000000000000000000000000000000000000000000000000000000000000000000000000000000000000000000000000000000000000000000000000000035
:404B800000000000000000000000000000000000000000000000000000000000000000000000000000000000000000000000000000000000000000000000000000000000F5
:404BC00000000000000000000000000000000000000000000000000000000000000000000000000000000000000000000000000000000000000000000000000000000000B5
:404C00000000000000000000000000000000000000000000000000000000000000000000000000000000000000000000000000000000000000000000000000000000000074
:404C40000000000000000000000000000000000000000000000000000000000000000000000000000000000000000000000000000000000000000000000000000000000034
:404C800000000000000000000000000000000000000000000000000000000000000000000000000000000000000000000000000000000000000000000000000000000000F4
:404CC00000000000000000000000000000000000000000000000000000000000000000000000000000000000000000000000000000000000000000000000000000000000B4
:404D00000000000000000000000000000000000000000000000000000000000000000000000000000000000000000000000000000000000000000000000000000000000073
:404D40000000000000000000000000000000000000000000000000000000000000000000000000000000000000000000000000000000000000000000000000000000000033
:404D800000000000000000000000000000000000000000000000000000000000000000000000000000000000000000000000000000000000000000000000000000000000F3
:404DC00000000000000000000000000000000000000000000000000000000000000000000000000000000000000000000000000000000000000000000000000000000000B3
:404E00000000000000000000000000000000000000000000000000000000000000000000000000000000000000000000000000000000000000000000000000000000000072
:404E40000000000000000000000000000000000000000000000000000000000000000000000000000000000000000000000000000000000000000000000000000000000032
:404E800000000000000000000000000000000000000000000000000000000000000000000000000000000000000000000000000000000000000000000000000000000000F2
:404EC00000000000000000000000000000000000000000000000000000000000000000000000000000000000000000000000000000000000000000000000000000000000B2
:404F00000000000000000000000000000000000000000000000000000000000000000000000000000000000000000000000000000000000000000000000000000000000071
:404F40000000000000000000000000000000000000000000000000000000000000000000000000000000000000000000000000000000000000000000000000000000000031
:404F800000000000000000000000000000000000000000000000000000000000000000000000000000000000000000000000000000000000000000000000000000000000F1
:404FC00000000000000000000000000000000000000000000000000000000000000000000000000000000000000000000000000000000000000000000000000000000000B1
:405000000000000000000000000000000000000000000000000000000000000000000000000000000000000000000000000000000000000000000000000000000000000070
:405040000000000000000000000000000000000000000000000000000000000000000000000000000000000000000000000000000000000000000000000000000000000030
:4050800000000000000000000000000000000000000000000000000000000000000000000000000000000000000000000000000000000000000000000000000000000000F0
:4050C00000000000000000000000000000000000000000000000000000000000000000000000000000000000000000000000000000000000000000000000000000000000B0
:40510000000000000000000000000000000000000000000000000000000000000000000000000000000000000000000000000000000000000000000000000000000000006F
:40514000000000000000000000000000000000000000000000000000000000000000000000000000000000000000000000000000000000000000000000000000000000002F
:4051800000000000000000000000000000000000000000000000000000000000000000000000000000000000000000000000000000000000000000000000000000000000EF
:4051C00000000000000000000000000000000000000000000000000000000000000000000000000000000000000000000000000000000000000000000000000000000000AF
:40520000000000000000000000000000000000000000000000000000000000000000000000000000000000000000000000000000000000000000000000000000000000006E
:40524000000000000000000000000000000000000000000000000000000000000000000000000000000000000000000000000000000000000000000000000000000000002E
:4052800000000000000000000000000000000000000000000000000000000000000000000000000000000000000000000000000000000000000000000000000000000000EE
:4052C00000000000000000000000000000000000000000000000000000000000000000000000000000000000000000000000000000000000000000000000000000000000AE
:40530000000000000000000000000000000000000000000000000000000000000000000000000000000000000000000000000000000000000000000000000000000000006D
:40534000000000000000000000000000000000000000000000000000000000000000000000000000000000000000000000000000000000000000000000000000000000002D
:4053800000000000000000000000000000000000000000000000000000000000000000000000000000000000000000000000000000000000000000000000000000000000ED
:4053C00000000000000000000000000000000000000000000000000000000000000000000000000000000000000000000000000000000000000000000000000000000000AD
:40540000000000000000000000000000000000000000000000000000000000000000000000000000000000000000000000000000000000000000000000000000000000006C
:40544000000000000000000000000000000000000000000000000000000000000000000000000000000000000000000000000000000000000000000000000000000000002C
:4054800000000000000000000000000000000000000000000000000000000000000000000000000000000000000000000000000000000000000000000000000000000000EC
:4054C00000000000000000000000000000000000000000000000000000000000000000000000000000000000000000000000000000000000000000000000000000000000AC
:40550000000000000000000000000000000000000000000000000000000000000000000000000000000000000000000000000000000000000000000000000000000000006B
:40554000000000000000000000000000000000000000000000000000000000000000000000000000000000000000000000000000000000000000000000000000000000002B
:4055800000000000000000000000000000000000000000000000000000000000000000000000000000000000000000000000000000000000000000000000000000000000EB
:4055C00000000000000000000000000000000000000000000000000000000000000000000000000000000000000000000000000000000000000000000000000000000000AB
:40560000000000000000000000000000000000000000000000000000000000000000000000000000000000000000000000000000000000000000000000000000000000006A
:40564000000000000000000000000000000000000000000000000000000000000000000000000000000000000000000000000000000000000000000000000000000000002A
:4056800000000000000000000000000000000000000000000000000000000000000000000000000000000000000000000000000000000000000000000000000000000000EA
:4056C00000000000000000000000000000000000000000000000000000000000000000000000000000000000000000000000000000000000000000000000000000000000AA
:405700000000000000000000000000000000000000000000000000000000000000000000000000000000000000000000000000000000000000000000000000000000000069
:405740000000000000000000000000000000000000000000000000000000000000000000000000000000000000000000000000000000000000000000000000000000000029
:4057800000000000000000000000000000000000000000000000000000000000000000000000000000000000000000000000000000000000000000000000000000000000E9
:4057C00000000000000000000000000000000000000000000000000000000000000000000000000000000000000000000000000000000000000000000000000000000000A9
:405800000000000000000000000000000000000000000000000000000000000000000000000000000000000000000000000000000000000000000000000000000000000068
:405840000000000000000000000000000000000000000000000000000000000000000000000000000000000000000000000000000000000000000000000000000000000028
:4058800000000000000000000000000000000000000000000000000000000000000000000000000000000000000000000000000000000000000000000000000000000000E8
:4058C00000000000000000000000000000000000000000000000000000000000000000000000000000000000000000000000000000000000000000000000000000000000A8
:405900000000000000000000000000000000000000000000000000000000000000000000000000000000000000000000000000000000000000000000000000000000000067
:405940000000000000000000000000000000000000000000000000000000000000000000000000000000000000000000000000000000000000000000000000000000000027
:4059800000000000000000000000000000000000000000000000000000000000000000000000000000000000000000000000000000000000000000000000000000000000E7
:4059C00000000000000000000000000000000000000000000000000000000000000000000000000000000000000000000000000000000000000000000000000000000000A7
:405A00000000000000000000000000000000000000000000000000000000000000000000000000000000000000000000000000000000000000000000000000000000000066
:405A40000000000000000000000000000000000000000000000000000000000000000000000000000000000000000000000000000000000000000000000000000000000026
:405A800000000000000000000000000000000000000000000000000000000000000000000000000000000000000000000000000000000000000000000000000000000000E6
:405AC00000000000000000000000000000000000000000000000000000000000000000000000000000000000000000000000000000000000000000000000000000000000A6
:405B00000000000000000000000000000000000000000000000000000000000000000000000000000000000000000000000000000000000000000000000000000000000065
:405B40000000000000000000000000000000000000000000000000000000000000000000000000000000000000000000000000000000000000000000000000000000000025
:405B800000000000000000000000000000000000000000000000000000000000000000000000000000000000000000000000000000000000000000000000000000000000E5
:405BC00000000000000000000000000000000000000000000000000000000000000000000000000000000000000000000000000000000000000000000000000000000000A5
:405C00000000000000000000000000000000000000000000000000000000000000000000000000000000000000000000000000000000000000000000000000000000000064
:405C40000000000000000000000000000000000000000000000000000000000000000000000000000000000000000000000000000000000000000000000000000000000024
:405C800000000000000000000000000000000000000000000000000000000000000000000000000000000000000000000000000000000000000000000000000000000000E4
:405CC00000000000000000000000000000000000000000000000000000000000000000000000000000000000000000000000000000000000000000000000000000000000A4
:405D00000000000000000000000000000000000000000000000000000000000000000000000000000000000000000000000000000000000000000000000000000000000063
:405D40000000000000000000000000000000000000000000000000000000000000000000000000000000000000000000000000000000000000000000000000000000000023
:405D800000000000000000000000000000000000000000000000000000000000000000000000000000000000000000000000000000000000000000000000000000000000E3
:405DC00000000000000000000000000000000000000000000000000000000000000000000000000000000000000000000000000000000000000000000000000000000000A3
:405E00000000000000000000000000000000000000000000000000000000000000000000000000000000000000000000000000000000000000000000000000000000000062
:405E40000000000000000000000000000000000000000000000000000000000000000000000000000000000000000000000000000000000000000000000000000000000022
:405E800000000000000000000000000000000000000000000000000000000000000000000000000000000000000000000000000000000000000000000000000000000000E2
:405EC00000000000000000000000000000000000000000000000000000000000000000000000000000000000000000000000000000000000000000000000000000000000A2
:405F00000000000000000000000000000000000000000000000000000000000000000000000000000000000000000000000000000000000000000000000000000000000061
:405F40000000000000000000000000000000000000000000000000000000000000000000000000000000000000000000000000000000000000000000000000000000000021
:405F800000000000000000000000000000000000000000000000000000000000000000000000000000000000000000000000000000000000000000000000000000000000E1
:405FC00000000000000000000000000000000000000000000000000000000000000000000000000000000000000000000000000000000000000000000000000000000000A1
:406000000000000000000000000000000000000000000000000000000000000000000000000000000000000000000000000000000000000000000000000000000000000060
:406040000000000000000000000000000000000000000000000000000000000000000000000000000000000000000000000000000000000000000000000000000000000020
:4060800000000000000000000000000000000000000000000000000000000000000000000000000000000000000000000000000000000000000000000000000000000000E0
:4060C00000000000000000000000000000000000000000000000000000000000000000000000000000000000000000000000000000000000000000000000000000000000A0
:40610000000000000000000000000000000000000000000000000000000000000000000000000000000000000000000000000000000000000000000000000000000000005F
:40614000000000000000000000000000000000000000000000000000000000000000000000000000000000000000000000000000000000000000000000000000000000001F
:4061800000000000000000000000000000000000000000000000000000000000000000000000000000000000000000000000000000000000000000000000000000000000DF
:4061C000000000000000000000000000000000000000000000000000000000000000000000000000000000000000000000000000000000000000000000000000000000009F
:40620000000000000000000000000000000000000000000000000000000000000000000000000000000000000000000000000000000000000000000000000000000000005E
:40624000000000000000000000000000000000000000000000000000000000000000000000000000000000000000000000000000000000000000000000000000000000001E
:4062800000000000000000000000000000000000000000000000000000000000000000000000000000000000000000000000000000000000000000000000000000000000DE
:4062C000000000000000000000000000000000000000000000000000000000000000000000000000000000000000000000000000000000000000000000000000000000009E
:40630000000000000000000000000000000000000000000000000000000000000000000000000000000000000000000000000000000000000000000000000000000000005D
:40634000000000000000000000000000000000000000000000000000000000000000000000000000000000000000000000000000000000000000000000000000000000001D
:4063800000000000000000000000000000000000000000000000000000000000000000000000000000000000000000000000000000000000000000000000000000000000DD
:4063C000000000000000000000000000000000000000000000000000000000000000000000000000000000000000000000000000000000000000000000000000000000009D
:40640000000000000000000000000000000000000000000000000000000000000000000000000000000000000000000000000000000000000000000000000000000000005C
:40644000000000000000000000000000000000000000000000000000000000000000000000000000000000000000000000000000000000000000000000000000000000001C
:4064800000000000000000000000000000000000000000000000000000000000000000000000000000000000000000000000000000000000000000000000000000000000DC
:4064C000000000000000000000000000000000000000000000000000000000000000000000000000000000000000000000000000000000000000000000000000000000009C
:40650000000000000000000000000000000000000000000000000000000000000000000000000000000000000000000000000000000000000000000000000000000000005B
:40654000000000000000000000000000000000000000000000000000000000000000000000000000000000000000000000000000000000000000000000000000000000001B
:4065800000000000000000000000000000000000000000000000000000000000000000000000000000000000000000000000000000000000000000000000000000000000DB
:4065C000000000000000000000000000000000000000000000000000000000000000000000000000000000000000000000000000000000000000000000000000000000009B
:40660000000000000000000000000000000000000000000000000000000000000000000000000000000000000000000000000000000000000000000000000000000000005A
:40664000000000000000000000000000000000000000000000000000000000000000000000000000000000000000000000000000000000000000000000000000000000001A
:4066800000000000000000000000000000000000000000000000000000000000000000000000000000000000000000000000000000000000000000000000000000000000DA
:4066C000000000000000000000000000000000000000000000000000000000000000000000000000000000000000000000000000000000000000000000000000000000009A
:406700000000000000000000000000000000000000000000000000000000000000000000000000000000000000000000000000000000000000000000000000000000000059
:406740000000000000000000000000000000000000000000000000000000000000000000000000000000000000000000000000000000000000000000000000000000000019
:4067800000000000000000000000000000000000000000000000000000000000000000000000000000000000000000000000000000000000000000000000000000000000D9
:4067C0000000000000000000000000000000000000000000000000000000000000000000000000000000000000000000000000000000000000000000000000000000000099
:406800000000000000000000000000000000000000000000000000000000000000000000000000000000000000000000000000000000000000000000000000000000000058
:406840000000000000000000000000000000000000000000000000000000000000000000000000000000000000000000000000000000000000000000000000000000000018
:4068800000000000000000000000000000000000000000000000000000000000000000000000000000000000000000000000000000000000000000000000000000000000D8
:4068C0000000000000000000000000000000000000000000000000000000000000000000000000000000000000000000000000000000000000000000000000000000000098
:406900000000000000000000000000000000000000000000000000000000000000000000000000000000000000000000000000000000000000000000000000000000000057
:406940000000000000000000000000000000000000000000000000000000000000000000000000000000000000000000000000000000000000000000000000000000000017
:4069800000000000000000000000000000000000000000000000000000000000000000000000000000000000000000000000000000000000000000000000000000000000D7
:4069C0000000000000000000000000000000000000000000000000000000000000000000000000000000000000000000000000000000000000000000000000000000000097
:406A00000000000000000000000000000000000000000000000000000000000000000000000000000000000000000000000000000000000000000000000000000000000056
:406A40000000000000000000000000000000000000000000000000000000000000000000000000000000000000000000000000000000000000000000000000000000000016
:406A800000000000000000000000000000000000000000000000000000000000000000000000000000000000000000000000000000000000000000000000000000000000D6
:406AC0000000000000000000000000000000000000000000000000000000000000000000000000000000000000000000000000000000000000000000000000000000000096
:406B00000000000000000000000000000000000000000000000000000000000000000000000000000000000000000000000000000000000000000000000000000000000055
:406B40000000000000000000000000000000000000000000000000000000000000000000000000000000000000000000000000000000000000000000000000000000000015
:406B800000000000000000000000000000000000000000000000000000000000000000000000000000000000000000000000000000000000000000000000000000000000D5
:406BC0000000000000000000000000000000000000000000000000000000000000000000000000000000000000000000000000000000000000000000000000000000000095
:406C00000000000000000000000000000000000000000000000000000000000000000000000000000000000000000000000000000000000000000000000000000000000054
:406C40000000000000000000000000000000000000000000000000000000000000000000000000000000000000000000000000000000000000000000000000000000000014
:406C800000000000000000000000000000000000000000000000000000000000000000000000000000000000000000000000000000000000000000000000000000000000D4
:406CC0000000000000000000000000000000000000000000000000000000000000000000000000000000000000000000000000000000000000000000000000000000000094
:406D00000000000000000000000000000000000000000000000000000000000000000000000000000000000000000000000000000000000000000000000000000000000053
:406D40000000000000000000000000000000000000000000000000000000000000000000000000000000000000000000000000000000000000000000000000000000000013
:406D800000000000000000000000000000000000000000000000000000000000000000000000000000000000000000000000000000000000000000000000000000000000D3
:406DC0000000000000000000000000000000000000000000000000000000000000000000000000000000000000000000000000000000000000000000000000000000000093
:406E00000000000000000000000000000000000000000000000000000000000000000000000000000000000000000000000000000000000000000000000000000000000052
:406E40000000000000000000000000000000000000000000000000000000000000000000000000000000000000000000000000000000000000000000000000000000000012
:406E800000000000000000000000000000000000000000000000000000000000000000000000000000000000000000000000000000000000000000000000000000000000D2
:406EC0000000000000000000000000000000000000000000000000000000000000000000000000000000000000000000000000000000000000000000000000000000000092
:406F00000000000000000000000000000000000000000000000000000000000000000000000000000000000000000000000000000000000000000000000000000000000051
:406F40000000000000000000000000000000000000000000000000000000000000000000000000000000000000000000000000000000000000000000000000000000000011
:406F800000000000000000000000000000000000000000000000000000000000000000000000000000000000000000000000000000000000000000000000000000000000D1
:406FC0000000000000000000000000000000000000000000000000000000000000000000000000000000000000000000000000000000000000000000000000000000000091
:407000000000000000000000000000000000000000000000000000000000000000000000000000000000000000000000000000000000000000000000000000000000000050
:407040000000000000000000000000000000000000000000000000000000000000000000000000000000000000000000000000000000000000000000000000000000000010
:4070800000000000000000000000000000000000000000000000000000000000000000000000000000000000000000000000000000000000000000000000000000000000D0
:4070C0000000000000000000000000000000000000000000000000000000000000000000000000000000000000000000000000000000000000000000000000000000000090
:40710000000000000000000000000000000000000000000000000000000000000000000000000000000000000000000000000000000000000000000000000000000000004F
:40714000000000000000000000000000000000000000000000000000000000000000000000000000000000000000000000000000000000000000000000000000000000000F
:4071800000000000000000000000000000000000000000000000000000000000000000000000000000000000000000000000000000000000000000000000000000000000CF
:4071C000000000000000000000000000000000000000000000000000000000000000000000000000000000000000000000000000000000000000000000000000000000008F
:40720000000000000000000000000000000000000000000000000000000000000000000000000000000000000000000000000000000000000000000000000000000000004E
:40724000000000000000000000000000000000000000000000000000000000000000000000000000000000000000000000000000000000000000000000000000000000000E
:4072800000000000000000000000000000000000000000000000000000000000000000000000000000000000000000000000000000000000000000000000000000000000CE
:4072C000000000000000000000000000000000000000000000000000000000000000000000000000000000000000000000000000000000000000000000000000000000008E
:40730000000000000000000000000000000000000000000000000000000000000000000000000000000000000000000000000000000000000000000000000000000000004D
:40734000000000000000000000000000000000000000000000000000000000000000000000000000000000000000000000000000000000000000000000000000000000000D
:4073800000000000000000000000000000000000000000000000000000000000000000000000000000000000000000000000000000000000000000000000000000000000CD
:4073C000000000000000000000000000000000000000000000000000000000000000000000000000000000000000000000000000000000000000000000000000000000008D
:40740000000000000000000000000000000000000000000000000000000000000000000000000000000000000000000000000000000000000000000000000000000000004C
:40744000000000000000000000000000000000000000000000000000000000000000000000000000000000000000000000000000000000000000000000000000000000000C
:4074800000000000000000000000000000000000000000000000000000000000000000000000000000000000000000000000000000000000000000000000000000000000CC
:4074C000000000000000000000000000000000000000000000000000000000000000000000000000000000000000000000000000000000000000000000000000000000008C
:40750000000000000000000000000000000000000000000000000000000000000000000000000000000000000000000000000000000000000000000000000000000000004B
:40754000000000000000000000000000000000000000000000000000000000000000000000000000000000000000000000000000000000000000000000000000000000000B
:4075800000000000000000000000000000000000000000000000000000000000000000000000000000000000000000000000000000000000000000000000000000000000CB
:4075C000000000000000000000000000000000000000000000000000000000000000000000000000000000000000000000000000000000000000000000000000000000008B
:40760000000000000000000000000000000000000000000000000000000000000000000000000000000000000000000000000000000000000000000000000000000000004A
:40764000000000000000000000000000000000000000000000000000000000000000000000000000000000000000000000000000000000000000000000000000000000000A
:4076800000000000000000000000000000000000000000000000000000000000000000000000000000000000000000000000000000000000000000000000000000000000CA
:4076C000000000000000000000000000000000000000000000000000000000000000000000000000000000000000000000000000000000000000000000000000000000008A
:407700000000000000000000000000000000000000000000000000000000000000000000000000000000000000000000000000000000000000000000000000000000000049
:407740000000000000000000000000000000000000000000000000000000000000000000000000000000000000000000000000000000000000000000000000000000000009
:4077800000000000000000000000000000000000000000000000000000000000000000000000000000000000000000000000000000000000000000000000000000000000C9
:4077C0000000000000000000000000000000000000000000000000000000000000000000000000000000000000000000000000000000000000000000000000000000000089
:407800000000000000000000000000000000000000000000000000000000000000000000000000000000000000000000000000000000000000000000000000000000000048
:407840000000000000000000000000000000000000000000000000000000000000000000000000000000000000000000000000000000000000000000000000000000000008
:4078800000000000000000000000000000000000000000000000000000000000000000000000000000000000000000000000000000000000000000000000000000000000C8
:4078C0000000000000000000000000000000000000000000000000000000000000000000000000000000000000000000000000000000000000000000000000000000000088
:407900000000000000000000000000000000000000000000000000000000000000000000000000000000000000000000000000000000000000000000000000000000000047
:407940000000000000000000000000000000000000000000000000000000000000000000000000000000000000000000000000000000000000000000000000000000000007
:4079800000000000000000000000000000000000000000000000000000000000000000000000000000000000000000000000000000000000000000000000000000000000C7
:4079C0000000000000000000000000000000000000000000000000000000000000000000000000000000000000000000000000000000000000000000000000000000000087
:407A00000000000000000000000000000000000000000000000000000000000000000000000000000000000000000000000000000000000000000000000000000000000046
:407A40000000000000000000000000000000000000000000000000000000000000000000000000000000000000000000000000000000000000000000000000000000000006
:407A800000000000000000000000000000000000000000000000000000000000000000000000000000000000000000000000000000000000000000000000000000000000C6
:407AC0000000000000000000000000000000000000000000000000000000000000000000000000000000000000000000000000000000000000000000000000000000000086
:407B00000000000000000000000000000000000000000000000000000000000000000000000000000000000000000000000000000000000000000000000000000000000045
:407B40000000000000000000000000000000000000000000000000000000000000000000000000000000000000000000000000000000000000000000000000000000000005
:407B800000000000000000000000000000000000000000000000000000000000000000000000000000000000000000000000000000000000000000000000000000000000C5
:407BC0000000000000000000000000000000000000000000000000000000000000000000000000000000000000000000000000000000000000000000000000000000000085
:407C00000000000000000000000000000000000000000000000000000000000000000000000000000000000000000000000000000000000000000000000000000000000044
:407C40000000000000000000000000000000000000000000000000000000000000000000000000000000000000000000000000000000000000000000000000000000000004
:407C800000000000000000000000000000000000000000000000000000000000000000000000000000000000000000000000000000000000000000000000000000000000C4
:407CC0000000000000000000000000000000000000000000000000000000000000000000000000000000000000000000000000000000000000000000000000000000000084
:407D00000000000000000000000000000000000000000000000000000000000000000000000000000000000000000000000000000000000000000000000000000000000043
:407D40000000000000000000000000000000000000000000000000000000000000000000000000000000000000000000000000000000000000000000000000000000000003
:407D800000000000000000000000000000000000000000000000000000000000000000000000000000000000000000000000000000000000000000000000000000000000C3
:407DC0000000000000000000000000000000000000000000000000000000000000000000000000000000000000000000000000000000000000000000000000000000000083
:407E00000000000000000000000000000000000000000000000000000000000000000000000000000000000000000000000000000000000000000000000000000000000042
:407E40000000000000000000000000000000000000000000000000000000000000000000000000000000000000000000000000000000000000000000000000000000000002
:407E800000000000000000000000000000000000000000000000000000000000000000000000000000000000000000000000000000000000000000000000000000000000C2
:407EC0000000000000000000000000000000000000000000000000000000000000000000000000000000000000000000000000000000000000000000000000000000000082
:407F00000000000000000000000000000000000000000000000000000000000000000000000000000000000000000000000000000000000000000000000000000000000041
:407F40000000000000000000000000000000000000000000000000000000000000000000000000000000000000000000000000000000000000000000000000000000000001
:407F800000000000000000000000000000000000000000000000000000000000000000000000000000000000000000000000000000000000000000000000000000000000C1
:407FC0000000000000000000000000000000000000000000000000000000000000000000000000000000000000000000000000000000000000000000000000000000000081
:408000000000000000000000000000000000000000000000000000000000000000000000000000000000000000000000000000000000000000000000000000000000000040
:408040000000000000000000000000000000000000000000000000000000000000000000000000000000000000000000000000000000000000000000000000000000000000
:4080800000000000000000000000000000000000000000000000000000000000000000000000000000000000000000000000000000000000000000000000000000000000C0
:4080C0000000000000000000000000000000000000000000000000000000000000000000000000000000000000000000000000000000000000000000000000000000000080
:40810000000000000000000000000000000000000000000000000000000000000000000000000000000000000000000000000000000000000000000000000000000000003F
:4081400000000000000000000000000000000000000000000000000000000000000000000000000000000000000000000000000000000000000000000000000000000000FF
:4081800000000000000000000000000000000000000000000000000000000000000000000000000000000000000000000000000000000000000000000000000000000000BF
:4081C000000000000000000000000000000000000000000000000000000000000000000000000000000000000000000000000000000000000000000000000000000000007F
:40820000000000000000000000000000000000000000000000000000000000000000000000000000000000000000000000000000000000000000000000000000000000003E
:4082400000000000000000000000000000000000000000000000000000000000000000000000000000000000000000000000000000000000000000000000000000000000FE
:4082800000000000000000000000000000000000000000000000000000000000000000000000000000000000000000000000000000000000000000000000000000000000BE
:4082C000000000000000000000000000000000000000000000000000000000000000000000000000000000000000000000000000000000000000000000000000000000007E
:40830000000000000000000000000000000000000000000000000000000000000000000000000000000000000000000000000000000000000000000000000000000000003D
:4083400000000000000000000000000000000000000000000000000000000000000000000000000000000000000000000000000000000000000000000000000000000000FD
:4083800000000000000000000000000000000000000000000000000000000000000000000000000000000000000000000000000000000000000000000000000000000000BD
:4083C000000000000000000000000000000000000000000000000000000000000000000000000000000000000000000000000000000000000000000000000000000000007D
:40840000000000000000000000000000000000000000000000000000000000000000000000000000000000000000000000000000000000000000000000000000000000003C
:4084400000000000000000000000000000000000000000000000000000000000000000000000000000000000000000000000000000000000000000000000000000000000FC
:4084800000000000000000000000000000000000000000000000000000000000000000000000000000000000000000000000000000000000000000000000000000000000BC
:4084C000000000000000000000000000000000000000000000000000000000000000000000000000000000000000000000000000000000000000000000000000000000007C
:40850000000000000000000000000000000000000000000000000000000000000000000000000000000000000000000000000000000000000000000000000000000000003B
:4085400000000000000000000000000000000000000000000000000000000000000000000000000000000000000000000000000000000000000000000000000000000000FB
:4085800000000000000000000000000000000000000000000000000000000000000000000000000000000000000000000000000000000000000000000000000000000000BB
:4085C000000000000000000000000000000000000000000000000000000000000000000000000000000000000000000000000000000000000000000000000000000000007B
:40860000000000000000000000000000000000000000000000000000000000000000000000000000000000000000000000000000000000000000000000000000000000003A
:4086400000000000000000000000000000000000000000000000000000000000000000000000000000000000000000000000000000000000000000000000000000000000FA
:4086800000000000000000000000000000000000000000000000000000000000000000000000000000000000000000000000000000000000000000000000000000000000BA
:4086C000000000000000000000000000000000000000000000000000000000000000000000000000000000000000000000000000000000000000000000000000000000007A
:408700000000000000000000000000000000000000000000000000000000000000000000000000000000000000000000000000000000000000000000000000000000000039
:4087400000000000000000000000000000000000000000000000000000000000000000000000000000000000000000000000000000000000000000000000000000000000F9
:4087800000000000000000000000000000000000000000000000000000000000000000000000000000000000000000000000000000000000000000000000000000000000B9
:4087C0000000000000000000000000000000000000000000000000000000000000000000000000000000000000000000000000000000000000000000000000000000000079
:408800000000000000000000000000000000000000000000000000000000000000000000000000000000000000000000000000000000000000000000000000000000000038
:4088400000000000000000000000000000000000000000000000000000000000000000000000000000000000000000000000000000000000000000000000000000000000F8
:4088800000000000000000000000000000000000000000000000000000000000000000000000000000000000000000000000000000000000000000000000000000000000B8
:4088C0000000000000000000000000000000000000000000000000000000000000000000000000000000000000000000000000000000000000000000000000000000000078
:408900000000000000000000000000000000000000000000000000000000000000000000000000000000000000000000000000000000000000000000000000000000000037
:4089400000000000000000000000000000000000000000000000000000000000000000000000000000000000000000000000000000000000000000000000000000000000F7
:4089800000000000000000000000000000000000000000000000000000000000000000000000000000000000000000000000000000000000000000000000000000000000B7
:4089C0000000000000000000000000000000000000000000000000000000000000000000000000000000000000000000000000000000000000000000000000000000000077
:408A00000000000000000000000000000000000000000000000000000000000000000000000000000000000000000000000000000000000000000000000000000000000036
:408A400000000000000000000000000000000000000000000000000000000000000000000000000000000000000000000000000000000000000000000000000000000000F6
:408A800000000000000000000000000000000000000000000000000000000000000000000000000000000000000000000000000000000000000000000000000000000000B6
:408AC0000000000000000000000000000000000000000000000000000000000000000000000000000000000000000000000000000000000000000000000000000000000076
:408B00000000000000000000000000000000000000000000000000000000000000000000000000000000000000000000000000000000000000000000000000000000000035
:408B400000000000000000000000000000000000000000000000000000000000000000000000000000000000000000000000000000000000000000000000000000000000F5
:408B800000000000000000000000000000000000000000000000000000000000000000000000000000000000000000000000000000000000000000000000000000000000B5
:408BC0000000000000000000000000000000000000000000000000000000000000000000000000000000000000000000000000000000000000000000000000000000000075
:408C00000000000000000000000000000000000000000000000000000000000000000000000000000000000000000000000000000000000000000000000000000000000034
:408C400000000000000000000000000000000000000000000000000000000000000000000000000000000000000000000000000000000000000000000000000000000000F4
:408C800000000000000000000000000000000000000000000000000000000000000000000000000000000000000000000000000000000000000000000000000000000000B4
:408CC0000000000000000000000000000000000000000000000000000000000000000000000000000000000000000000000000000000000000000000000000000000000074
:408D00000000000000000000000000000000000000000000000000000000000000000000000000000000000000000000000000000000000000000000000000000000000033
:408D400000000000000000000000000000000000000000000000000000000000000000000000000000000000000000000000000000000000000000000000000000000000F3
:408D800000000000000000000000000000000000000000000000000000000000000000000000000000000000000000000000000000000000000000000000000000000000B3
:408DC0000000000000000000000000000000000000000000000000000000000000000000000000000000000000000000000000000000000000000000000000000000000073
:408E00000000000000000000000000000000000000000000000000000000000000000000000000000000000000000000000000000000000000000000000000000000000032
:408E400000000000000000000000000000000000000000000000000000000000000000000000000000000000000000000000000000000000000000000000000000000000F2
:408E800000000000000000000000000000000000000000000000000000000000000000000000000000000000000000000000000000000000000000000000000000000000B2
:408EC0000000000000000000000000000000000000000000000000000000000000000000000000000000000000000000000000000000000000000000000000000000000072
:408F00000000000000000000000000000000000000000000000000000000000000000000000000000000000000000000000000000000000000000000000000000000000031
:408F400000000000000000000000000000000000000000000000000000000000000000000000000000000000000000000000000000000000000000000000000000000000F1
:408F800000000000000000000000000000000000000000000000000000000000000000000000000000000000000000000000000000000000000000000000000000000000B1
:408FC0000000000000000000000000000000000000000000000000000000000000000000000000000000000000000000000000000000000000000000000000000000000071
:409000000000000000000000000000000000000000000000000000000000000000000000000000000000000000000000000000000000000000000000000000000000000030
:4090400000000000000000000000000000000000000000000000000000000000000000000000000000000000000000000000000000000000000000000000000000000000F0
:4090800000000000000000000000000000000000000000000000000000000000000000000000000000000000000000000000000000000000000000000000000000000000B0
:4090C0000000000000000000000000000000000000000000000000000000000000000000000000000000000000000000000000000000000000000000000000000000000070
:40910000000000000000000000000000000000000000000000000000000000000000000000000000000000000000000000000000000000000000000000000000000000002F
:4091400000000000000000000000000000000000000000000000000000000000000000000000000000000000000000000000000000000000000000000000000000000000EF
:4091800000000000000000000000000000000000000000000000000000000000000000000000000000000000000000000000000000000000000000000000000000000000AF
:4091C000000000000000000000000000000000000000000000000000000000000000000000000000000000000000000000000000000000000000000000000000000000006F
:40920000000000000000000000000000000000000000000000000000000000000000000000000000000000000000000000000000000000000000000000000000000000002E
:4092400000000000000000000000000000000000000000000000000000000000000000000000000000000000000000000000000000000000000000000000000000000000EE
:4092800000000000000000000000000000000000000000000000000000000000000000000000000000000000000000000000000000000000000000000000000000000000AE
:4092C000000000000000000000000000000000000000000000000000000000000000000000000000000000000000000000000000000000000000000000000000000000006E
:40930000000000000000000000000000000000000000000000000000000000000000000000000000000000000000000000000000000000000000000000000000000000002D
:4093400000000000000000000000000000000000000000000000000000000000000000000000000000000000000000000000000000000000000000000000000000000000ED
:4093800000000000000000000000000000000000000000000000000000000000000000000000000000000000000000000000000000000000000000000000000000000000AD
:4093C000000000000000000000000000000000000000000000000000000000000000000000000000000000000000000000000000000000000000000000000000000000006D
:40940000000000000000000000000000000000000000000000000000000000000000000000000000000000000000000000000000000000000000000000000000000000002C
:4094400000000000000000000000000000000000000000000000000000000000000000000000000000000000000000000000000000000000000000000000000000000000EC
:4094800000000000000000000000000000000000000000000000000000000000000000000000000000000000000000000000000000000000000000000000000000000000AC
:4094C000000000000000000000000000000000000000000000000000000000000000000000000000000000000000000000000000000000000000000000000000000000006C
:40950000000000000000000000000000000000000000000000000000000000000000000000000000000000000000000000000000000000000000000000000000000000002B
:4095400000000000000000000000000000000000000000000000000000000000000000000000000000000000000000000000000000000000000000000000000000000000EB
:4095800000000000000000000000000000000000000000000000000000000000000000000000000000000000000000000000000000000000000000000000000000000000AB
:4095C000000000000000000000000000000000000000000000000000000000000000000000000000000000000000000000000000000000000000000000000000000000006B
:40960000000000000000000000000000000000000000000000000000000000000000000000000000000000000000000000000000000000000000000000000000000000002A
:4096400000000000000000000000000000000000000000000000000000000000000000000000000000000000000000000000000000000000000000000000000000000000EA
:4096800000000000000000000000000000000000000000000000000000000000000000000000000000000000000000000000000000000000000000000000000000000000AA
:4096C000000000000000000000000000000000000000000000000000000000000000000000000000000000000000000000000000000000000000000000000000000000006A
:409700000000000000000000000000000000000000000000000000000000000000000000000000000000000000000000000000000000000000000000000000000000000029
:4097400000000000000000000000000000000000000000000000000000000000000000000000000000000000000000000000000000000000000000000000000000000000E9
:4097800000000000000000000000000000000000000000000000000000000000000000000000000000000000000000000000000000000000000000000000000000000000A9
:4097C0000000000000000000000000000000000000000000000000000000000000000000000000000000000000000000000000000000000000000000000000000000000069
:409800000000000000000000000000000000000000000000000000000000000000000000000000000000000000000000000000000000000000000000000000000000000028
:4098400000000000000000000000000000000000000000000000000000000000000000000000000000000000000000000000000000000000000000000000000000000000E8
:4098800000000000000000000000000000000000000000000000000000000000000000000000000000000000000000000000000000000000000000000000000000000000A8
:4098C0000000000000000000000000000000000000000000000000000000000000000000000000000000000000000000000000000000000000000000000000000000000068
:409900000000000000000000000000000000000000000000000000000000000000000000000000000000000000000000000000000000000000000000000000000000000027
:4099400000000000000000000000000000000000000000000000000000000000000000000000000000000000000000000000000000000000000000000000000000000000E7
:4099800000000000000000000000000000000000000000000000000000000000000000000000000000000000000000000000000000000000000000000000000000000000A7
:4099C0000000000000000000000000000000000000000000000000000000000000000000000000000000000000000000000000000000000000000000000000000000000067
:409A00000000000000000000000000000000000000000000000000000000000000000000000000000000000000000000000000000000000000000000000000000000000026
:409A400000000000000000000000000000000000000000000000000000000000000000000000000000000000000000000000000000000000000000000000000000000000E6
:409A800000000000000000000000000000000000000000000000000000000000000000000000000000000000000000000000000000000000000000000000000000000000A6
:409AC0000000000000000000000000000000000000000000000000000000000000000000000000000000000000000000000000000000000000000000000000000000000066
:409B00000000000000000000000000000000000000000000000000000000000000000000000000000000000000000000000000000000000000000000000000000000000025
:409B400000000000000000000000000000000000000000000000000000000000000000000000000000000000000000000000000000000000000000000000000000000000E5
:409B800000000000000000000000000000000000000000000000000000000000000000000000000000000000000000000000000000000000000000000000000000000000A5
:409BC0000000000000000000000000000000000000000000000000000000000000000000000000000000000000000000000000000000000000000000000000000000000065
:409C00000000000000000000000000000000000000000000000000000000000000000000000000000000000000000000000000000000000000000000000000000000000024
:409C400000000000000000000000000000000000000000000000000000000000000000000000000000000000000000000000000000000000000000000000000000000000E4
:409C800000000000000000000000000000000000000000000000000000000000000000000000000000000000000000000000000000000000000000000000000000000000A4
:409CC0000000000000000000000000000000000000000000000000000000000000000000000000000000000000000000000000000000000000000000000000000000000064
:409D00000000000000000000000000000000000000000000000000000000000000000000000000000000000000000000000000000000000000000000000000000000000023
:409D400000000000000000000000000000000000000000000000000000000000000000000000000000000000000000000000000000000000000000000000000000000000E3
:409D800000000000000000000000000000000000000000000000000000000000000000000000000000000000000000000000000000000000000000000000000000000000A3
:409DC0000000000000000000000000000000000000000000000000000000000000000000000000000000000000000000000000000000000000000000000000000000000063
:409E00000000000000000000000000000000000000000000000000000000000000000000000000000000000000000000000000000000000000000000000000000000000022
:409E400000000000000000000000000000000000000000000000000000000000000000000000000000000000000000000000000000000000000000000000000000000000E2
:409E800000000000000000000000000000000000000000000000000000000000000000000000000000000000000000000000000000000000000000000000000000000000A2
:409EC0000000000000000000000000000000000000000000000000000000000000000000000000000000000000000000000000000000000000000000000000000000000062
:409F00000000000000000000000000000000000000000000000000000000000000000000000000000000000000000000000000000000000000000000000000000000000021
:409F400000000000000000000000000000000000000000000000000000000000000000000000000000000000000000000000000000000000000000000000000000000000E1
:409F800000000000000000000000000000000000000000000000000000000000000000000000000000000000000000000000000000000000000000000000000000000000A1
:409FC0000000000000000000000000000000000000000000000000000000000000000000000000000000000000000000000000000000000000000000000000000000000061
:40A000000000000000000000000000000000000000000000000000000000000000000000000000000000000000000000000000000000000000000000000000000000000020
:40A0400000000000000000000000000000000000000000000000000000000000000000000000000000000000000000000000000000000000000000000000000000000000E0
:40A0800000000000000000000000000000000000000000000000000000000000000000000000000000000000000000000000000000000000000000000000000000000000A0
:40A0C0000000000000000000000000000000000000000000000000000000000000000000000000000000000000000000000000000000000000000000000000000000000060
:40A10000000000000000000000000000000000000000000000000000000000000000000000000000000000000000000000000000000000000000000000000000000000001F
:40A1400000000000000000000000000000000000000000000000000000000000000000000000000000000000000000000000000000000000000000000000000000000000DF
:40A18000000000000000000000000000000000000000000000000000000000000000000000000000000000000000000000000000000000000000000000000000000000009F
:40A1C000000000000000000000000000000000000000000000000000000000000000000000000000000000000000000000000000000000000000000000000000000000005F
:40A20000000000000000000000000000000000000000000000000000000000000000000000000000000000000000000000000000000000000000000000000000000000001E
:40A2400000000000000000000000000000000000000000000000000000000000000000000000000000000000000000000000000000000000000000000000000000000000DE
:40A28000000000000000000000000000000000000000000000000000000000000000000000000000000000000000000000000000000000000000000000000000000000009E
:40A2C000000000000000000000000000000000000000000000000000000000000000000000000000000000000000000000000000000000000000000000000000000000005E
:40A30000000000000000000000000000000000000000000000000000000000000000000000000000000000000000000000000000000000000000000000000000000000001D
:40A3400000000000000000000000000000000000000000000000000000000000000000000000000000000000000000000000000000000000000000000000000000000000DD
:40A38000000000000000000000000000000000000000000000000000000000000000000000000000000000000000000000000000000000000000000000000000000000009D
:40A3C000000000000000000000000000000000000000000000000000000000000000000000000000000000000000000000000000000000000000000000000000000000005D
:40A40000000000000000000000000000000000000000000000000000000000000000000000000000000000000000000000000000000000000000000000000000000000001C
:40A4400000000000000000000000000000000000000000000000000000000000000000000000000000000000000000000000000000000000000000000000000000000000DC
:40A48000000000000000000000000000000000000000000000000000000000000000000000000000000000000000000000000000000000000000000000000000000000009C
:40A4C000000000000000000000000000000000000000000000000000000000000000000000000000000000000000000000000000000000000000000000000000000000005C
:40A50000000000000000000000000000000000000000000000000000000000000000000000000000000000000000000000000000000000000000000000000000000000001B
:40A5400000000000000000000000000000000000000000000000000000000000000000000000000000000000000000000000000000000000000000000000000000000000DB
:40A58000000000000000000000000000000000000000000000000000000000000000000000000000000000000000000000000000000000000000000000000000000000009B
:40A5C000000000000000000000000000000000000000000000000000000000000000000000000000000000000000000000000000000000000000000000000000000000005B
:40A60000000000000000000000000000000000000000000000000000000000000000000000000000000000000000000000000000000000000000000000000000000000001A
:40A6400000000000000000000000000000000000000000000000000000000000000000000000000000000000000000000000000000000000000000000000000000000000DA
:40A68000000000000000000000000000000000000000000000000000000000000000000000000000000000000000000000000000000000000000000000000000000000009A
:40A6C000000000000000000000000000000000000000000000000000000000000000000000000000000000000000000000000000000000000000000000000000000000005A
:40A700000000000000000000000000000000000000000000000000000000000000000000000000000000000000000000000000000000000000000000000000000000000019
:40A7400000000000000000000000000000000000000000000000000000000000000000000000000000000000000000000000000000000000000000000000000000000000D9
:40A780000000000000000000000000000000000000000000000000000000000000000000000000000000000000000000000000000000000000000000000000000000000099
:40A7C0000000000000000000000000000000000000000000000000000000000000000000000000000000000000000000000000000000000000000000000000000000000059
:40A800000000000000000000000000000000000000000000000000000000000000000000000000000000000000000000000000000000000000000000000000000000000018
:40A8400000000000000000000000000000000000000000000000000000000000000000000000000000000000000000000000000000000000000000000000000000000000D8
:40A880000000000000000000000000000000000000000000000000000000000000000000000000000000000000000000000000000000000000000000000000000000000098
:40A8C0000000000000000000000000000000000000000000000000000000000000000000000000000000000000000000000000000000000000000000000000000000000058
:40A900000000000000000000000000000000000000000000000000000000000000000000000000000000000000000000000000000000000000000000000000000000000017
:40A9400000000000000000000000000000000000000000000000000000000000000000000000000000000000000000000000000000000000000000000000000000000000D7
:40A980000000000000000000000000000000000000000000000000000000000000000000000000000000000000000000000000000000000000000000000000000000000097
:40A9C0000000000000000000000000000000000000000000000000000000000000000000000000000000000000000000000000000000000000000000000000000000000057
:40AA00000000000000000000000000000000000000000000000000000000000000000000000000000000000000000000000000000000000000000000000000000000000016
:40AA400000000000000000000000000000000000000000000000000000000000000000000000000000000000000000000000000000000000000000000000000000000000D6
:40AA80000000000000000000000000000000000000000000000000000000000000000000000000000000000000000000000000000000000000000000000000000000000096
:40AAC0000000000000000000000000000000000000000000000000000000000000000000000000000000000000000000000000000000000000000000000000000000000056
:40AB00000000000000000000000000000000000000000000000000000000000000000000000000000000000000000000000000000000000000000000000000000000000015
:40AB400000000000000000000000000000000000000000000000000000000000000000000000000000000000000000000000000000000000000000000000000000000000D5
:40AB80000000000000000000000000000000000000000000000000000000000000000000000000000000000000000000000000000000000000000000000000000000000095
:40ABC0000000000000000000000000000000000000000000000000000000000000000000000000000000000000000000000000000000000000000000000000000000000055
:40AC00000000000000000000000000000000000000000000000000000000000000000000000000000000000000000000000000000000000000000000000000000000000014
:40AC400000000000000000000000000000000000000000000000000000000000000000000000000000000000000000000000000000000000000000000000000000000000D4
:40AC80000000000000000000000000000000000000000000000000000000000000000000000000000000000000000000000000000000000000000000000000000000000094
:40ACC0000000000000000000000000000000000000000000000000000000000000000000000000000000000000000000000000000000000000000000000000000000000054
:40AD00000000000000000000000000000000000000000000000000000000000000000000000000000000000000000000000000000000000000000000000000000000000013
:40AD400000000000000000000000000000000000000000000000000000000000000000000000000000000000000000000000000000000000000000000000000000000000D3
:40AD80000000000000000000000000000000000000000000000000000000000000000000000000000000000000000000000000000000000000000000000000000000000093
:40ADC0000000000000000000000000000000000000000000000000000000000000000000000000000000000000000000000000000000000000000000000000000000000053
:40AE00000000000000000000000000000000000000000000000000000000000000000000000000000000000000000000000000000000000000000000000000000000000012
:40AE400000000000000000000000000000000000000000000000000000000000000000000000000000000000000000000000000000000000000000000000000000000000D2
:40AE80000000000000000000000000000000000000000000000000000000000000000000000000000000000000000000000000000000000000000000000000000000000092
:40AEC0000000000000000000000000000000000000000000000000000000000000000000000000000000000000000000000000000000000000000000000000000000000052
:40AF00000000000000000000000000000000000000000000000000000000000000000000000000000000000000000000000000000000000000000000000000000000000011
:40AF400000000000000000000000000000000000000000000000000000000000000000000000000000000000000000000000000000000000000000000000000000000000D1
:40AF80000000000000000000000000000000000000000000000000000000000000000000000000000000000000000000000000000000000000000000000000000000000091
:40AFC0000000000000000000000000000000000000000000000000000000000000000000000000000000000000000000000000000000000000000000000000000000000051
:40B000000000000000000000000000000000000000000000000000000000000000000000000000000000000000000000000000000000000000000000000000000000000010
:40B0400000000000000000000000000000000000000000000000000000000000000000000000000000000000000000000000000000000000000000000000000000000000D0
:40B080000000000000000000000000000000000000000000000000000000000000000000000000000000000000000000000000000000000000000000000000000000000090
:40B0C0000000000000000000000000000000000000000000000000000000000000000000000000000000000000000000000000000000000000000000000000000000000050
:40B10000000000000000000000000000000000000000000000000000000000000000000000000000000000000000000000000000000000000000000000000000000000000F
:40B1400000000000000000000000000000000000000000000000000000000000000000000000000000000000000000000000000000000000000000000000000000000000CF
:40B18000000000000000000000000000000000000000000000000000000000000000000000000000000000000000000000000000000000000000000000000000000000008F
:40B1C000000000000000000000000000000000000000000000000000000000000000000000000000000000000000000000000000000000000000000000000000000000004F
:40B20000000000000000000000000000000000000000000000000000000000000000000000000000000000000000000000000000000000000000000000000000000000000E
:40B2400000000000000000000000000000000000000000000000000000000000000000000000000000000000000000000000000000000000000000000000000000000000CE
:40B28000000000000000000000000000000000000000000000000000000000000000000000000000000000000000000000000000000000000000000000000000000000008E
:40B2C000000000000000000000000000000000000000000000000000000000000000000000000000000000000000000000000000000000000000000000000000000000004E
:40B30000000000000000000000000000000000000000000000000000000000000000000000000000000000000000000000000000000000000000000000000000000000000D
:40B3400000000000000000000000000000000000000000000000000000000000000000000000000000000000000000000000000000000000000000000000000000000000CD
:40B38000000000000000000000000000000000000000000000000000000000000000000000000000000000000000000000000000000000000000000000000000000000008D
:40B3C000000000000000000000000000000000000000000000000000000000000000000000000000000000000000000000000000000000000000000000000000000000004D
:40B40000000000000000000000000000000000000000000000000000000000000000000000000000000000000000000000000000000000000000000000000000000000000C
:40B4400000000000000000000000000000000000000000000000000000000000000000000000000000000000000000000000000000000000000000000000000000000000CC
:40B48000000000000000000000000000000000000000000000000000000000000000000000000000000000000000000000000000000000000000000000000000000000008C
:40B4C000000000000000000000000000000000000000000000000000000000000000000000000000000000000000000000000000000000000000000000000000000000004C
:40B50000000000000000000000000000000000000000000000000000000000000000000000000000000000000000000000000000000000000000000000000000000000000B
:40B5400000000000000000000000000000000000000000000000000000000000000000000000000000000000000000000000000000000000000000000000000000000000CB
:40B58000000000000000000000000000000000000000000000000000000000000000000000000000000000000000000000000000000000000000000000000000000000008B
:40B5C000000000000000000000000000000000000000000000000000000000000000000000000000000000000000000000000000000000000000000000000000000000004B
:40B60000000000000000000000000000000000000000000000000000000000000000000000000000000000000000000000000000000000000000000000000000000000000A
:40B6400000000000000000000000000000000000000000000000000000000000000000000000000000000000000000000000000000000000000000000000000000000000CA
:40B68000000000000000000000000000000000000000000000000000000000000000000000000000000000000000000000000000000000000000000000000000000000008A
:40B6C000000000000000000000000000000000000000000000000000000000000000000000000000000000000000000000000000000000000000000000000000000000004A
:40B700000000000000000000000000000000000000000000000000000000000000000000000000000000000000000000000000000000000000000000000000000000000009
:40B7400000000000000000000000000000000000000000000000000000000000000000000000000000000000000000000000000000000000000000000000000000000000C9
:40B780000000000000000000000000000000000000000000000000000000000000000000000000000000000000000000000000000000000000000000000000000000000089
:40B7C0000000000000000000000000000000000000000000000000000000000000000000000000000000000000000000000000000000000000000000000000000000000049
:40B800000000000000000000000000000000000000000000000000000000000000000000000000000000000000000000000000000000000000000000000000000000000008
:40B8400000000000000000000000000000000000000000000000000000000000000000000000000000000000000000000000000000000000000000000000000000000000C8
:40B880000000000000000000000000000000000000000000000000000000000000000000000000000000000000000000000000000000000000000000000000000000000088
:40B8C0000000000000000000000000000000000000000000000000000000000000000000000000000000000000000000000000000000000000000000000000000000000048
:40B900000000000000000000000000000000000000000000000000000000000000000000000000000000000000000000000000000000000000000000000000000000000007
:40B9400000000000000000000000000000000000000000000000000000000000000000000000000000000000000000000000000000000000000000000000000000000000C7
:40B980000000000000000000000000000000000000000000000000000000000000000000000000000000000000000000000000000000000000000000000000000000000087
:40B9C0000000000000000000000000000000000000000000000000000000000000000000000000000000000000000000000000000000000000000000000000000000000047
:40BA00000000000000000000000000000000000000000000000000000000000000000000000000000000000000000000000000000000000000000000000000000000000006
:40BA400000000000000000000000000000000000000000000000000000000000000000000000000000000000000000000000000000000000000000000000000000000000C6
:40BA80000000000000000000000000000000000000000000000000000000000000000000000000000000000000000000000000000000000000000000000000000000000086
:40BAC0000000000000000000000000000000000000000000000000000000000000000000000000000000000000000000000000000000000000000000000000000000000046
:40BB00000000000000000000000000000000000000000000000000000000000000000000000000000000000000000000000000000000000000000000000000000000000005
:40BB400000000000000000000000000000000000000000000000000000000000000000000000000000000000000000000000000000000000000000000000000000000000C5
:40BB80000000000000000000000000000000000000000000000000000000000000000000000000000000000000000000000000000000000000000000000000000000000085
:40BBC0000000000000000000000000000000000000000000000000000000000000000000000000000000000000000000000000000000000000000000000000000000000045
:40BC00000000000000000000000000000000000000000000000000000000000000000000000000000000000000000000000000000000000000000000000000000000000004
:40BC400000000000000000000000000000000000000000000000000000000000000000000000000000000000000000000000000000000000000000000000000000000000C4
:40BC80000000000000000000000000000000000000000000000000000000000000000000000000000000000000000000000000000000000000000000000000000000000084
:40BCC0000000000000000000000000000000000000000000000000000000000000000000000000000000000000000000000000000000000000000000000000000000000044
:40BD00000000000000000000000000000000000000000000000000000000000000000000000000000000000000000000000000000000000000000000000000000000000003
:40BD400000000000000000000000000000000000000000000000000000000000000000000000000000000000000000000000000000000000000000000000000000000000C3
:40BD80000000000000000000000000000000000000000000000000000000000000000000000000000000000000000000000000000000000000000000000000000000000083
:40BDC0000000000000000000000000000000000000000000000000000000000000000000000000000000000000000000000000000000000000000000000000000000000043
:40BE00000000000000000000000000000000000000000000000000000000000000000000000000000000000000000000000000000000000000000000000000000000000002
:40BE400000000000000000000000000000000000000000000000000000000000000000000000000000000000000000000000000000000000000000000000000000000000C2
:40BE80000000000000000000000000000000000000000000000000000000000000000000000000000000000000000000000000000000000000000000000000000000000082
:40BEC0000000000000000000000000000000000000000000000000000000000000000000000000000000000000000000000000000000000000000000000000000000000042
:40BF00000000000000000000000000000000000000000000000000000000000000000000000000000000000000000000000000000000000000000000000000000000000001
:40BF400000000000000000000000000000000000000000000000000000000000000000000000000000000000000000000000000000000000000000000000000000000000C1
:40BF80000000000000000000000000000000000000000000000000000000000000000000000000000000000000000000000000000000000000000000000000000000000081
:40BFC0000000000000000000000000000000000000000000000000000000000000000000000000000000000000000000000000000000000000000000000000000000000041
:40C000000000000000000000000000000000000000000000000000000000000000000000000000000000000000000000000000000000000000000000000000000000000000
:40C0400000000000000000000000000000000000000000000000000000000000000000000000000000000000000000000000000000000000000000000000000000000000C0
:40C080000000000000000000000000000000000000000000000000000000000000000000000000000000000000000000000000000000000000000000000000000000000080
:40C0C0000000000000000000000000000000000000000000000000000000000000000000000000000000000000000000000000000000000000000000000000000000000040
:40C1000000000000000000000000000000000000000000000000000000000000000000000000000000000000000000000000000000000000000000000000000000000000FF
:40C1400000000000000000000000000000000000000000000000000000000000000000000000000000000000000000000000000000000000000000000000000000000000BF
:40C18000000000000000000000000000000000000000000000000000000000000000000000000000000000000000000000000000000000000000000000000000000000007F
:40C1C000000000000000000000000000000000000000000000000000000000000000000000000000000000000000000000000000000000000000000000000000000000003F
:40C2000000000000000000000000000000000000000000000000000000000000000000000000000000000000000000000000000000000000000000000000000000000000FE
:40C2400000000000000000000000000000000000000000000000000000000000000000000000000000000000000000000000000000000000000000000000000000000000BE
:40C28000000000000000000000000000000000000000000000000000000000000000000000000000000000000000000000000000000000000000000000000000000000007E
:40C2C000000000000000000000000000000000000000000000000000000000000000000000000000000000000000000000000000000000000000000000000000000000003E
:40C3000000000000000000000000000000000000000000000000000000000000000000000000000000000000000000000000000000000000000000000000000000000000FD
:40C3400000000000000000000000000000000000000000000000000000000000000000000000000000000000000000000000000000000000000000000000000000000000BD
:40C38000000000000000000000000000000000000000000000000000000000000000000000000000000000000000000000000000000000000000000000000000000000007D
:40C3C000000000000000000000000000000000000000000000000000000000000000000000000000000000000000000000000000000000000000000000000000000000003D
:40C4000000000000000000000000000000000000000000000000000000000000000000000000000000000000000000000000000000000000000000000000000000000000FC
:40C4400000000000000000000000000000000000000000000000000000000000000000000000000000000000000000000000000000000000000000000000000000000000BC
:40C48000000000000000000000000000000000000000000000000000000000000000000000000000000000000000000000000000000000000000000000000000000000007C
:40C4C000000000000000000000000000000000000000000000000000000000000000000000000000000000000000000000000000000000000000000000000000000000003C
:40C5000000000000000000000000000000000000000000000000000000000000000000000000000000000000000000000000000000000000000000000000000000000000FB
:40C5400000000000000000000000000000000000000000000000000000000000000000000000000000000000000000000000000000000000000000000000000000000000BB
:40C58000000000000000000000000000000000000000000000000000000000000000000000000000000000000000000000000000000000000000000000000000000000007B
:40C5C000000000000000000000000000000000000000000000000000000000000000000000000000000000000000000000000000000000000000000000000000000000003B
:40C6000000000000000000000000000000000000000000000000000000000000000000000000000000000000000000000000000000000000000000000000000000000000FA
:40C6400000000000000000000000000000000000000000000000000000000000000000000000000000000000000000000000000000000000000000000000000000000000BA
:40C68000000000000000000000000000000000000000000000000000000000000000000000000000000000000000000000000000000000000000000000000000000000007A
:40C6C000000000000000000000000000000000000000000000000000000000000000000000000000000000000000000000000000000000000000000000000000000000003A
:40C7000000000000000000000000000000000000000000000000000000000000000000000000000000000000000000000000000000000000000000000000000000000000F9
:40C7400000000000000000000000000000000000000000000000000000000000000000000000000000000000000000000000000000000000000000000000000000000000B9
:40C780000000000000000000000000000000000000000000000000000000000000000000000000000000000000000000000000000000000000000000000000000000000079
:40C7C0000000000000000000000000000000000000000000000000000000000000000000000000000000000000000000000000000000000000000000000000000000000039
:40C8000000000000000000000000000000000000000000000000000000000000000000000000000000000000000000000000000000000000000000000000000000000000F8
:40C8400000000000000000000000000000000000000000000000000000000000000000000000000000000000000000000000000000000000000000000000000000000000B8
:40C880000000000000000000000000000000000000000000000000000000000000000000000000000000000000000000000000000000000000000000000000000000000078
:40C8C0000000000000000000000000000000000000000000000000000000000000000000000000000000000000000000000000000000000000000000000000000000000038
:40C9000000000000000000000000000000000000000000000000000000000000000000000000000000000000000000000000000000000000000000000000000000000000F7
:40C9400000000000000000000000000000000000000000000000000000000000000000000000000000000000000000000000000000000000000000000000000000000000B7
:40C980000000000000000000000000000000000000000000000000000000000000000000000000000000000000000000000000000000000000000000000000000000000077
:40C9C0000000000000000000000000000000000000000000000000000000000000000000000000000000000000000000000000000000000000000000000000000000000037
:40CA000000000000000000000000000000000000000000000000000000000000000000000000000000000000000000000000000000000000000000000000000000000000F6
:40CA400000000000000000000000000000000000000000000000000000000000000000000000000000000000000000000000000000000000000000000000000000000000B6
:40CA80000000000000000000000000000000000000000000000000000000000000000000000000000000000000000000000000000000000000000000000000000000000076
:40CAC0000000000000000000000000000000000000000000000000000000000000000000000000000000000000000000000000000000000000000000000000000000000036
:40CB000000000000000000000000000000000000000000000000000000000000000000000000000000000000000000000000000000000000000000000000000000000000F5
:40CB400000000000000000000000000000000000000000000000000000000000000000000000000000000000000000000000000000000000000000000000000000000000B5
:40CB80000000000000000000000000000000000000000000000000000000000000000000000000000000000000000000000000000000000000000000000000000000000075
:40CBC0000000000000000000000000000000000000000000000000000000000000000000000000000000000000000000000000000000000000000000000000000000000035
:40CC000000000000000000000000000000000000000000000000000000000000000000000000000000000000000000000000000000000000000000000000000000000000F4
:40CC400000000000000000000000000000000000000000000000000000000000000000000000000000000000000000000000000000000000000000000000000000000000B4
:40CC80000000000000000000000000000000000000000000000000000000000000000000000000000000000000000000000000000000000000000000000000000000000074
:40CCC0000000000000000000000000000000000000000000000000000000000000000000000000000000000000000000000000000000000000000000000000000000000034
:40CD000000000000000000000000000000000000000000000000000000000000000000000000000000000000000000000000000000000000000000000000000000000000F3
:40CD400000000000000000000000000000000000000000000000000000000000000000000000000000000000000000000000000000000000000000000000000000000000B3
:40CD80000000000000000000000000000000000000000000000000000000000000000000000000000000000000000000000000000000000000000000000000000000000073
:40CDC0000000000000000000000000000000000000000000000000000000000000000000000000000000000000000000000000000000000000000000000000000000000033
:40CE000000000000000000000000000000000000000000000000000000000000000000000000000000000000000000000000000000000000000000000000000000000000F2
:40CE400000000000000000000000000000000000000000000000000000000000000000000000000000000000000000000000000000000000000000000000000000000000B2
:40CE80000000000000000000000000000000000000000000000000000000000000000000000000000000000000000000000000000000000000000000000000000000000072
:40CEC0000000000000000000000000000000000000000000000000000000000000000000000000000000000000000000000000000000000000000000000000000000000032
:40CF000000000000000000000000000000000000000000000000000000000000000000000000000000000000000000000000000000000000000000000000000000000000F1
:40CF400000000000000000000000000000000000000000000000000000000000000000000000000000000000000000000000000000000000000000000000000000000000B1
:40CF80000000000000000000000000000000000000000000000000000000000000000000000000000000000000000000000000000000000000000000000000000000000071
:40CFC0000000000000000000000000000000000000000000000000000000000000000000000000000000000000000000000000000000000000000000000000000000000031
:40D0000000000000000000000000000000000000000000000000000000000000000000000000000000000000000000000000000000000000000000000000000000000000F0
:40D0400000000000000000000000000000000000000000000000000000000000000000000000000000000000000000000000000000000000000000000000000000000000B0
:40D080000000000000000000000000000000000000000000000000000000000000000000000000000000000000000000000000000000000000000000000000000000000070
:40D0C0000000000000000000000000000000000000000000000000000000000000000000000000000000000000000000000000000000000000000000000000000000000030
:40D1000000000000000000000000000000000000000000000000000000000000000000000000000000000000000000000000000000000000000000000000000000000000EF
:40D1400000000000000000000000000000000000000000000000000000000000000000000000000000000000000000000000000000000000000000000000000000000000AF
:40D18000000000000000000000000000000000000000000000000000000000000000000000000000000000000000000000000000000000000000000000000000000000006F
:40D1C000000000000000000000000000000000000000000000000000000000000000000000000000000000000000000000000000000000000000000000000000000000002F
:40D2000000000000000000000000000000000000000000000000000000000000000000000000000000000000000000000000000000000000000000000000000000000000EE
:40D2400000000000000000000000000000000000000000000000000000000000000000000000000000000000000000000000000000000000000000000000000000000000AE
:40D28000000000000000000000000000000000000000000000000000000000000000000000000000000000000000000000000000000000000000000000000000000000006E
:40D2C000000000000000000000000000000000000000000000000000000000000000000000000000000000000000000000000000000000000000000000000000000000002E
:40D3000000000000000000000000000000000000000000000000000000000000000000000000000000000000000000000000000000000000000000000000000000000000ED
:40D3400000000000000000000000000000000000000000000000000000000000000000000000000000000000000000000000000000000000000000000000000000000000AD
:40D38000000000000000000000000000000000000000000000000000000000000000000000000000000000000000000000000000000000000000000000000000000000006D
:40D3C000000000000000000000000000000000000000000000000000000000000000000000000000000000000000000000000000000000000000000000000000000000002D
:40D4000000000000000000000000000000000000000000000000000000000000000000000000000000000000000000000000000000000000000000000000000000000000EC
:40D4400000000000000000000000000000000000000000000000000000000000000000000000000000000000000000000000000000000000000000000000000000000000AC
:40D48000000000000000000000000000000000000000000000000000000000000000000000000000000000000000000000000000000000000000000000000000000000006C
:40D4C000000000000000000000000000000000000000000000000000000000000000000000000000000000000000000000000000000000000000000000000000000000002C
:40D5000000000000000000000000000000000000000000000000000000000000000000000000000000000000000000000000000000000000000000000000000000000000EB
:40D5400000000000000000000000000000000000000000000000000000000000000000000000000000000000000000000000000000000000000000000000000000000000AB
:40D58000000000000000000000000000000000000000000000000000000000000000000000000000000000000000000000000000000000000000000000000000000000006B
:40D5C000000000000000000000000000000000000000000000000000000000000000000000000000000000000000000000000000000000000000000000000000000000002B
:40D6000000000000000000000000000000000000000000000000000000000000000000000000000000000000000000000000000000000000000000000000000000000000EA
:40D6400000000000000000000000000000000000000000000000000000000000000000000000000000000000000000000000000000000000000000000000000000000000AA
:40D68000000000000000000000000000000000000000000000000000000000000000000000000000000000000000000000000000000000000000000000000000000000006A
:40D6C000000000000000000000000000000000000000000000000000000000000000000000000000000000000000000000000000000000000000000000000000000000002A
:40D7000000000000000000000000000000000000000000000000000000000000000000000000000000000000000000000000000000000000000000000000000000000000E9
:40D7400000000000000000000000000000000000000000000000000000000000000000000000000000000000000000000000000000000000000000000000000000000000A9
:40D780000000000000000000000000000000000000000000000000000000000000000000000000000000000000000000000000000000000000000000000000000000000069
:40D7C0000000000000000000000000000000000000000000000000000000000000000000000000000000000000000000000000000000000000000000000000000000000029
:40D8000000000000000000000000000000000000000000000000000000000000000000000000000000000000000000000000000000000000000000000000000000000000E8
:40D8400000000000000000000000000000000000000000000000000000000000000000000000000000000000000000000000000000000000000000000000000000000000A8
:40D880000000000000000000000000000000000000000000000000000000000000000000000000000000000000000000000000000000000000000000000000000000000068
:40D8C0000000000000000000000000000000000000000000000000000000000000000000000000000000000000000000000000000000000000000000000000000000000028
:40D9000000000000000000000000000000000000000000000000000000000000000000000000000000000000000000000000000000000000000000000000000000000000E7
:40D9400000000000000000000000000000000000000000000000000000000000000000000000000000000000000000000000000000000000000000000000000000000000A7
:40D980000000000000000000000000000000000000000000000000000000000000000000000000000000000000000000000000000000000000000000000000000000000067
:40D9C0000000000000000000000000000000000000000000000000000000000000000000000000000000000000000000000000000000000000000000000000000000000027
:40DA000000000000000000000000000000000000000000000000000000000000000000000000000000000000000000000000000000000000000000000000000000000000E6
:40DA400000000000000000000000000000000000000000000000000000000000000000000000000000000000000000000000000000000000000000000000000000000000A6
:40DA80000000000000000000000000000000000000000000000000000000000000000000000000000000000000000000000000000000000000000000000000000000000066
:40DAC0000000000000000000000000000000000000000000000000000000000000000000000000000000000000000000000000000000000000000000000000000000000026
:40DB000000000000000000000000000000000000000000000000000000000000000000000000000000000000000000000000000000000000000000000000000000000000E5
:40DB400000000000000000000000000000000000000000000000000000000000000000000000000000000000000000000000000000000000000000000000000000000000A5
:40DB80000000000000000000000000000000000000000000000000000000000000000000000000000000000000000000000000000000000000000000000000000000000065
:40DBC0000000000000000000000000000000000000000000000000000000000000000000000000000000000000000000000000000000000000000000000000000000000025
:40DC000000000000000000000000000000000000000000000000000000000000000000000000000000000000000000000000000000000000000000000000000000000000E4
:40DC400000000000000000000000000000000000000000000000000000000000000000000000000000000000000000000000000000000000000000000000000000000000A4
:40DC80000000000000000000000000000000000000000000000000000000000000000000000000000000000000000000000000000000000000000000000000000000000064
:40DCC0000000000000000000000000000000000000000000000000000000000000000000000000000000000000000000000000000000000000000000000000000000000024
:40DD000000000000000000000000000000000000000000000000000000000000000000000000000000000000000000000000000000000000000000000000000000000000E3
:40DD400000000000000000000000000000000000000000000000000000000000000000000000000000000000000000000000000000000000000000000000000000000000A3
:40DD80000000000000000000000000000000000000000000000000000000000000000000000000000000000000000000000000000000000000000000000000000000000063
:40DDC0000000000000000000000000000000000000000000000000000000000000000000000000000000000000000000000000000000000000000000000000000000000023
:40DE000000000000000000000000000000000000000000000000000000000000000000000000000000000000000000000000000000000000000000000000000000000000E2
:40DE400000000000000000000000000000000000000000000000000000000000000000000000000000000000000000000000000000000000000000000000000000000000A2
:40DE80000000000000000000000000000000000000000000000000000000000000000000000000000000000000000000000000000000000000000000000000000000000062
:40DEC0000000000000000000000000000000000000000000000000000000000000000000000000000000000000000000000000000000000000000000000000000000000022
:40DF000000000000000000000000000000000000000000000000000000000000000000000000000000000000000000000000000000000000000000000000000000000000E1
:40DF400000000000000000000000000000000000000000000000000000000000000000000000000000000000000000000000000000000000000000000000000000000000A1
:40DF80000000000000000000000000000000000000000000000000000000000000000000000000000000000000000000000000000000000000000000000000000000000061
:40DFC0000000000000000000000000000000000000000000000000000000000000000000000000000000000000000000000000000000000000000000000000000000000021
:40E0000000000000000000000000000000000000000000000000000000000000000000000000000000000000000000000000000000000000000000000000000000000000E0
:40E0400000000000000000000000000000000000000000000000000000000000000000000000000000000000000000000000000000000000000000000000000000000000A0
:40E080000000000000000000000000000000000000000000000000000000000000000000000000000000000000000000000000000000000000000000000000000000000060
:40E0C0000000000000000000000000000000000000000000000000000000000000000000000000000000000000000000000000000000000000000000000000000000000020
:40E1000000000000000000000000000000000000000000000000000000000000000000000000000000000000000000000000000000000000000000000000000000000000DF
:40E14000000000000000000000000000000000000000000000000000000000000000000000000000000000000000000000000000000000000000000000000000000000009F
:40E18000000000000000000000000000000000000000000000000000000000000000000000000000000000000000000000000000000000000000000000000000000000005F
:40E1C000000000000000000000000000000000000000000000000000000000000000000000000000000000000000000000000000000000000000000000000000000000001F
:40E2000000000000000000000000000000000000000000000000000000000000000000000000000000000000000000000000000000000000000000000000000000000000DE
:40E24000000000000000000000000000000000000000000000000000000000000000000000000000000000000000000000000000000000000000000000000000000000009E
:40E28000000000000000000000000000000000000000000000000000000000000000000000000000000000000000000000000000000000000000000000000000000000005E
:40E2C000000000000000000000000000000000000000000000000000000000000000000000000000000000000000000000000000000000000000000000000000000000001E
:40E3000000000000000000000000000000000000000000000000000000000000000000000000000000000000000000000000000000000000000000000000000000000000DD
:40E34000000000000000000000000000000000000000000000000000000000000000000000000000000000000000000000000000000000000000000000000000000000009D
:40E38000000000000000000000000000000000000000000000000000000000000000000000000000000000000000000000000000000000000000000000000000000000005D
:40E3C000000000000000000000000000000000000000000000000000000000000000000000000000000000000000000000000000000000000000000000000000000000001D
:40E4000000000000000000000000000000000000000000000000000000000000000000000000000000000000000000000000000000000000000000000000000000000000DC
:40E44000000000000000000000000000000000000000000000000000000000000000000000000000000000000000000000000000000000000000000000000000000000009C
:40E48000000000000000000000000000000000000000000000000000000000000000000000000000000000000000000000000000000000000000000000000000000000005C
:40E4C000000000000000000000000000000000000000000000000000000000000000000000000000000000000000000000000000000000000000000000000000000000001C
:40E5000000000000000000000000000000000000000000000000000000000000000000000000000000000000000000000000000000000000000000000000000000000000DB
:40E54000000000000000000000000000000000000000000000000000000000000000000000000000000000000000000000000000000000000000000000000000000000009B
:40E58000000000000000000000000000000000000000000000000000000000000000000000000000000000000000000000000000000000000000000000000000000000005B
:40E5C000000000000000000000000000000000000000000000000000000000000000000000000000000000000000000000000000000000000000000000000000000000001B
:40E6000000000000000000000000000000000000000000000000000000000000000000000000000000000000000000000000000000000000000000000000000000000000DA
:40E64000000000000000000000000000000000000000000000000000000000000000000000000000000000000000000000000000000000000000000000000000000000009A
:40E68000000000000000000000000000000000000000000000000000000000000000000000000000000000000000000000000000000000000000000000000000000000005A
:40E6C000000000000000000000000000000000000000000000000000000000000000000000000000000000000000000000000000000000000000000000000000000000001A
:40E7000000000000000000000000000000000000000000000000000000000000000000000000000000000000000000000000000000000000000000000000000000000000D9
:40E740000000000000000000000000000000000000000000000000000000000000000000000000000000000000000000000000000000000000000000000000000000000099
:40E780000000000000000000000000000000000000000000000000000000000000000000000000000000000000000000000000000000000000000000000000000000000059
:40E7C0000000000000000000000000000000000000000000000000000000000000000000000000000000000000000000000000000000000000000000000000000000000019
:40E8000000000000000000000000000000000000000000000000000000000000000000000000000000000000000000000000000000000000000000000000000000000000D8
:40E840000000000000000000000000000000000000000000000000000000000000000000000000000000000000000000000000000000000000000000000000000000000098
:40E880000000000000000000000000000000000000000000000000000000000000000000000000000000000000000000000000000000000000000000000000000000000058
:40E8C0000000000000000000000000000000000000000000000000000000000000000000000000000000000000000000000000000000000000000000000000000000000018
:40E9000000000000000000000000000000000000000000000000000000000000000000000000000000000000000000000000000000000000000000000000000000000000D7
:40E940000000000000000000000000000000000000000000000000000000000000000000000000000000000000000000000000000000000000000000000000000000000097
:40E980000000000000000000000000000000000000000000000000000000000000000000000000000000000000000000000000000000000000000000000000000000000057
:40E9C0000000000000000000000000000000000000000000000000000000000000000000000000000000000000000000000000000000000000000000000000000000000017
:40EA000000000000000000000000000000000000000000000000000000000000000000000000000000000000000000000000000000000000000000000000000000000000D6
:40EA40000000000000000000000000000000000000000000000000000000000000000000000000000000000000000000000000000000000000000000000000000000000096
:40EA80000000000000000000000000000000000000000000000000000000000000000000000000000000000000000000000000000000000000000000000000000000000056
:40EAC0000000000000000000000000000000000000000000000000000000000000000000000000000000000000000000000000000000000000000000000000000000000016
:40EB000000000000000000000000000000000000000000000000000000000000000000000000000000000000000000000000000000000000000000000000000000000000D5
:40EB40000000000000000000000000000000000000000000000000000000000000000000000000000000000000000000000000000000000000000000000000000000000095
:40EB80000000000000000000000000000000000000000000000000000000000000000000000000000000000000000000000000000000000000000000000000000000000055
:40EBC0000000000000000000000000000000000000000000000000000000000000000000000000000000000000000000000000000000000000000000000000000000000015
:40EC000000000000000000000000000000000000000000000000000000000000000000000000000000000000000000000000000000000000000000000000000000000000D4
:40EC40000000000000000000000000000000000000000000000000000000000000000000000000000000000000000000000000000000000000000000000000000000000094
:40EC80000000000000000000000000000000000000000000000000000000000000000000000000000000000000000000000000000000000000000000000000000000000054
:40ECC0000000000000000000000000000000000000000000000000000000000000000000000000000000000000000000000000000000000000000000000000000000000014
:40ED000000000000000000000000000000000000000000000000000000000000000000000000000000000000000000000000000000000000000000000000000000000000D3
:40ED40000000000000000000000000000000000000000000000000000000000000000000000000000000000000000000000000000000000000000000000000000000000093
:40ED80000000000000000000000000000000000000000000000000000000000000000000000000000000000000000000000000000000000000000000000000000000000053
:40EDC0000000000000000000000000000000000000000000000000000000000000000000000000000000000000000000000000000000000000000000000000000000000013
:40EE000000000000000000000000000000000000000000000000000000000000000000000000000000000000000000000000000000000000000000000000000000000000D2
:40EE40000000000000000000000000000000000000000000000000000000000000000000000000000000000000000000000000000000000000000000000000000000000092
:40EE80000000000000000000000000000000000000000000000000000000000000000000000000000000000000000000000000000000000000000000000000000000000052
:40EEC0000000000000000000000000000000000000000000000000000000000000000000000000000000000000000000000000000000000000000000000000000000000012
:40EF000000000000000000000000000000000000000000000000000000000000000000000000000000000000000000000000000000000000000000000000000000000000D1
:40EF40000000000000000000000000000000000000000000000000000000000000000000000000000000000000000000000000000000000000000000000000000000000091
:40EF80000000000000000000000000000000000000000000000000000000000000000000000000000000000000000000000000000000000000000000000000000000000051
:40EFC0000000000000000000000000000000000000000000000000000000000000000000000000000000000000000000000000000000000000000000000000000000000011
:40F0000000000000000000000000000000000000000000000000000000000000000000000000000000000000000000000000000000000000000000000000000000000000D0
:40F040000000000000000000000000000000000000000000000000000000000000000000000000000000000000000000000000000000000000000000000000000000000090
:40F080000000000000000000000000000000000000000000000000000000000000000000000000000000000000000000000000000000000000000000000000000000000050
:40F0C0000000000000000000000000000000000000000000000000000000000000000000000000000000000000000000000000000000000000000000000000000000000010
:40F1000000000000000000000000000000000000000000000000000000000000000000000000000000000000000000000000000000000000000000000000000000000000CF
:40F14000000000000000000000000000000000000000000000000000000000000000000000000000000000000000000000000000000000000000000000000000000000008F
:40F18000000000000000000000000000000000000000000000000000000000000000000000000000000000000000000000000000000000000000000000000000000000004F
:40F1C000000000000000000000000000000000000000000000000000000000000000000000000000000000000000000000000000000000000000000000000000000000000F
:40F2000000000000000000000000000000000000000000000000000000000000000000000000000000000000000000000000000000000000000000000000000000000000CE
:40F24000000000000000000000000000000000000000000000000000000000000000000000000000000000000000000000000000000000000000000000000000000000008E
:40F28000000000000000000000000000000000000000000000000000000000000000000000000000000000000000000000000000000000000000000000000000000000004E
:40F2C000000000000000000000000000000000000000000000000000000000000000000000000000000000000000000000000000000000000000000000000000000000000E
:40F3000000000000000000000000000000000000000000000000000000000000000000000000000000000000000000000000000000000000000000000000000000000000CD
:40F34000000000000000000000000000000000000000000000000000000000000000000000000000000000000000000000000000000000000000000000000000000000008D
:40F38000000000000000000000000000000000000000000000000000000000000000000000000000000000000000000000000000000000000000000000000000000000004D
:40F3C000000000000000000000000000000000000000000000000000000000000000000000000000000000000000000000000000000000000000000000000000000000000D
:40F4000000000000000000000000000000000000000000000000000000000000000000000000000000000000000000000000000000000000000000000000000000000000CC
:40F44000000000000000000000000000000000000000000000000000000000000000000000000000000000000000000000000000000000000000000000000000000000008C
:40F48000000000000000000000000000000000000000000000000000000000000000000000000000000000000000000000000000000000000000000000000000000000004C
:40F4C000000000000000000000000000000000000000000000000000000000000000000000000000000000000000000000000000000000000000000000000000000000000C
:40F5000000000000000000000000000000000000000000000000000000000000000000000000000000000000000000000000000000000000000000000000000000000000CB
:40F54000000000000000000000000000000000000000000000000000000000000000000000000000000000000000000000000000000000000000000000000000000000008B
:40F58000000000000000000000000000000000000000000000000000000000000000000000000000000000000000000000000000000000000000000000000000000000004B
:40F5C000000000000000000000000000000000000000000000000000000000000000000000000000000000000000000000000000000000000000000000000000000000000B
:40F6000000000000000000000000000000000000000000000000000000000000000000000000000000000000000000000000000000000000000000000000000000000000CA
:40F64000000000000000000000000000000000000000000000000000000000000000000000000000000000000000000000000000000000000000000000000000000000008A
:40F68000000000000000000000000000000000000000000000000000000000000000000000000000000000000000000000000000000000000000000000000000000000004A
:40F6C000000000000000000000000000000000000000000000000000000000000000000000000000000000000000000000000000000000000000000000000000000000000A
:40F7000000000000000000000000000000000000000000000000000000000000000000000000000000000000000000000000000000000000000000000000000000000000C9
:40F740000000000000000000000000000000000000000000000000000000000000000000000000000000000000000000000000000000000000000000000000000000000089
:40F780000000000000000000000000000000000000000000000000000000000000000000000000000000000000000000000000000000000000000000000000000000000049
:40F7C0000000000000000000000000000000000000000000000000000000000000000000000000000000000000000000000000000000000000000000000000000000000009
:40F8000000000000000000000000000000000000000000000000000000000000000000000000000000000000000000000000000000000000000000000000000000000000C8
:40F840000000000000000000000000000000000000000000000000000000000000000000000000000000000000000000000000000000000000000000000000000000000088
:40F880000000000000000000000000000000000000000000000000000000000000000000000000000000000000000000000000000000000000000000000000000000000048
:40F8C0000000000000000000000000000000000000000000000000000000000000000000000000000000000000000000000000000000000000000000000000000000000008
:40F9000000000000000000000000000000000000000000000000000000000000000000000000000000000000000000000000000000000000000000000000000000000000C7
:40F940000000000000000000000000000000000000000000000000000000000000000000000000000000000000000000000000000000000000000000000000000000000087
:40F980000000000000000000000000000000000000000000000000000000000000000000000000000000000000000000000000000000000000000000000000000000000047
:40F9C0000000000000000000000000000000000000000000000000000000000000000000000000000000000000000000000000000000000000000000000000000000000007
:40FA000000000000000000000000000000000000000000000000000000000000000000000000000000000000000000000000000000000000000000000000000000000000C6
:40FA40000000000000000000000000000000000000000000000000000000000000000000000000000000000000000000000000000000000000000000000000000000000086
:40FA80000000000000000000000000000000000000000000000000000000000000000000000000000000000000000000000000000000000000000000000000000000000046
:40FAC0000000000000000000000000000000000000000000000000000000000000000000000000000000000000000000000000000000000000000000000000000000000006
:40FB000000000000000000000000000000000000000000000000000000000000000000000000000000000000000000000000000000000000000000000000000000000000C5
:40FB40000000000000000000000000000000000000000000000000000000000000000000000000000000000000000000000000000000000000000000000000000000000085
:40FB80000000000000000000000000000000000000000000000000000000000000000000000000000000000000000000000000000000000000000000000000000000000045
:40FBC0000000000000000000000000000000000000000000000000000000000000000000000000000000000000000000000000000000000000000000000000000000000005
:40FC000000000000000000000000000000000000000000000000000000000000000000000000000000000000000000000000000000000000000000000000000000000000C4
:40FC40000000000000000000000000000000000000000000000000000000000000000000000000000000000000000000000000000000000000000000000000000000000084
:40FC80000000000000000000000000000000000000000000000000000000000000000000000000000000000000000000000000000000000000000000000000000000000044
:40FCC0000000000000000000000000000000000000000000000000000000000000000000000000000000000000000000000000000000000000000000000000000000000004
:40FD000000000000000000000000000000000000000000000000000000000000000000000000000000000000000000000000000000000000000000000000000000000000C3
:40FD40000000000000000000000000000000000000000000000000000000000000000000000000000000000000000000000000000000000000000000000000000000000083
:40FD80000000000000000000000000000000000000000000000000000000000000000000000000000000000000000000000000000000000000000000000000000000000043
:40FDC0000000000000000000000000000000000000000000000000000000000000000000000000000000000000000000000000000000000000000000000000000000000003
:40FE000000000000000000000000000000000000000000000000000000000000000000000000000000000000000000000000000000000000000000000000000000000000C2
:40FE40000000000000000000000000000000000000000000000000000000000000000000000000000000000000000000000000000000000000000000000000000000000082
:40FE80000000000000000000000000000000000000000000000000000000000000000000000000000000000000000000000000000000000000000000000000000000000042
:40FEC0000000000000000000000000000000000000000000000000000000000000000000000000000000000000000000000000000000000000000000000000000000000002
:40FF000000000000000000000000000000000000000000000000000000000000000000000000000000000000000000000000000000000000000000000000000000000000C1
:40FF40000000000000000000000000000000000000000000000000000000000000000000000000000000000000000000000000000000000000000000000000000000000081
:40FF80000000000000000000000000000000000000000000000000000000000000000000000000000000000000000000000000000000000000000000000000000000000041
:40FFC0000000000000000000000000000000000000000000000000000000000000000000000000000000000000000000000000000000000000000000000000000000000001
:020000040003F7
:4000000000000000000000000000000000000000000000000000000000000000000000000000000000000000000000000000000000000000000000000000000000000000C0
:400040000000000000000000000000000000000000000000000000000000000000000000000000000000000000000000000000000000000000000000000000000000000080
:400080000000000000000000000000000000000000000000000000000000000000000000000000000000000000000000000000000000000000000000000000000000000040
:4000C0000000000000000000000000000000000000000000000000000000000000000000000000000000000000000000000000000000000000000000000000000000000000
:4001000000000000000000000000000000000000000000000000000000000000000000000000000000000000000000000000000000000000000000000000000000000000BF
:40014000000000000000000000000000000000000000000000000000000000000000000000000000000000000000000000000000000000000000000000000000000000007F
:40018000000000000000000000000000000000000000000000000000000000000000000000000000000000000000000000000000000000000000000000000000000000003F
:4001C00000000000000000000000000000000000000000000000000000000000000000000000000000000000000000000000000000000000000000000000000000000000FF
:4002000000000000000000000000000000000000000000000000000000000000000000000000000000000000000000000000000000000000000000000000000000000000BE
:40024000000000000000000000000000000000000000000000000000000000000000000000000000000000000000000000000000000000000000000000000000000000007E
:40028000000000000000000000000000000000000000000000000000000000000000000000000000000000000000000000000000000000000000000000000000000000003E
:4002C00000000000000000000000000000000000000000000000000000000000000000000000000000000000000000000000000000000000000000000000000000000000FE
:4003000000000000000000000000000000000000000000000000000000000000000000000000000000000000000000000000000000000000000000000000000000000000BD
:40034000000000000000000000000000000000000000000000000000000000000000000000000000000000000000000000000000000000000000000000000000000000007D
:40038000000000000000000000000000000000000000000000000000000000000000000000000000000000000000000000000000000000000000000000000000000000003D
:4003C00000000000000000000000000000000000000000000000000000000000000000000000000000000000000000000000000000000000000000000000000000000000FD
:4004000000000000000000000000000000000000000000000000000000000000000000000000000000000000000000000000000000000000000000000000000000000000BC
:40044000000000000000000000000000000000000000000000000000000000000000000000000000000000000000000000000000000000000000000000000000000000007C
:40048000000000000000000000000000000000000000000000000000000000000000000000000000000000000000000000000000000000000000000000000000000000003C
:4004C00000000000000000000000000000000000000000000000000000000000000000000000000000000000000000000000000000000000000000000000000000000000FC
:4005000000000000000000000000000000000000000000000000000000000000000000000000000000000000000000000000000000000000000000000000000000000000BB
:40054000000000000000000000000000000000000000000000000000000000000000000000000000000000000000000000000000000000000000000000000000000000007B
:40058000000000000000000000000000000000000000000000000000000000000000000000000000000000000000000000000000000000000000000000000000000000003B
:4005C00000000000000000000000000000000000000000000000000000000000000000000000000000000000000000000000000000000000000000000000000000000000FB
:4006000000000000000000000000000000000000000000000000000000000000000000000000000000000000000000000000000000000000000000000000000000000000BA
:40064000000000000000000000000000000000000000000000000000000000000000000000000000000000000000000000000000000000000000000000000000000000007A
:40068000000000000000000000000000000000000000000000000000000000000000000000000000000000000000000000000000000000000000000000000000000000003A
:4006C00000000000000000000000000000000000000000000000000000000000000000000000000000000000000000000000000000000000000000000000000000000000FA
:4007000000000000000000000000000000000000000000000000000000000000000000000000000000000000000000000000000000000000000000000000000000000000B9
:400740000000000000000000000000000000000000000000000000000000000000000000000000000000000000000000000000000000000000000000000000000000000079
:400780000000000000000000000000000000000000000000000000000000000000000000000000000000000000000000000000000000000000000000000000000000000039
:4007C00000000000000000000000000000000000000000000000000000000000000000000000000000000000000000000000000000000000000000000000000000000000F9
:4008000000000000000000000000000000000000000000000000000000000000000000000000000000000000000000000000000000000000000000000000000000000000B8
:400840000000000000000000000000000000000000000000000000000000000000000000000000000000000000000000000000000000000000000000000000000000000078
:400880000000000000000000000000000000000000000000000000000000000000000000000000000000000000000000000000000000000000000000000000000000000038
:4008C00000000000000000000000000000000000000000000000000000000000000000000000000000000000000000000000000000000000000000000000000000000000F8
:4009000000000000000000000000000000000000000000000000000000000000000000000000000000000000000000000000000000000000000000000000000000000000B7
:400940000000000000000000000000000000000000000000000000000000000000000000000000000000000000000000000000000000000000000000000000000000000077
:400980000000000000000000000000000000000000000000000000000000000000000000000000000000000000000000000000000000000000000000000000000000000037
:4009C00000000000000000000000000000000000000000000000000000000000000000000000000000000000000000000000000000000000000000000000000000000000F7
:400A000000000000000000000000000000000000000000000000000000000000000000000000000000000000000000000000000000000000000000000000000000000000B6
:400A40000000000000000000000000000000000000000000000000000000000000000000000000000000000000000000000000000000000000000000000000000000000076
:400A80000000000000000000000000000000000000000000000000000000000000000000000000000000000000000000000000000000000000000000000000000000000036
:400AC00000000000000000000000000000000000000000000000000000000000000000000000000000000000000000000000000000000000000000000000000000000000F6
:400B000000000000000000000000000000000000000000000000000000000000000000000000000000000000000000000000000000000000000000000000000000000000B5
:400B40000000000000000000000000000000000000000000000000000000000000000000000000000000000000000000000000000000000000000000000000000000000075
:400B80000000000000000000000000000000000000000000000000000000000000000000000000000000000000000000000000000000000000000000000000000000000035
:400BC00000000000000000000000000000000000000000000000000000000000000000000000000000000000000000000000000000000000000000000000000000000000F5
:400C000000000000000000000000000000000000000000000000000000000000000000000000000000000000000000000000000000000000000000000000000000000000B4
:400C40000000000000000000000000000000000000000000000000000000000000000000000000000000000000000000000000000000000000000000000000000000000074
:400C80000000000000000000000000000000000000000000000000000000000000000000000000000000000000000000000000000000000000000000000000000000000034
:400CC00000000000000000000000000000000000000000000000000000000000000000000000000000000000000000000000000000000000000000000000000000000000F4
:400D000000000000000000000000000000000000000000000000000000000000000000000000000000000000000000000000000000000000000000000000000000000000B3
:400D40000000000000000000000000000000000000000000000000000000000000000000000000000000000000000000000000000000000000000000000000000000000073
:400D80000000000000000000000000000000000000000000000000000000000000000000000000000000000000000000000000000000000000000000000000000000000033
:400DC00000000000000000000000000000000000000000000000000000000000000000000000000000000000000000000000000000000000000000000000000000000000F3
:400E000000000000000000000000000000000000000000000000000000000000000000000000000000000000000000000000000000000000000000000000000000000000B2
:400E40000000000000000000000000000000000000000000000000000000000000000000000000000000000000000000000000000000000000000000000000000000000072
:400E80000000000000000000000000000000000000000000000000000000000000000000000000000000000000000000000000000000000000000000000000000000000032
:400EC00000000000000000000000000000000000000000000000000000000000000000000000000000000000000000000000000000000000000000000000000000000000F2
:400F000000000000000000000000000000000000000000000000000000000000000000000000000000000000000000000000000000000000000000000000000000000000B1
:400F40000000000000000000000000000000000000000000000000000000000000000000000000000000000000000000000000000000000000000000000000000000000071
:400F80000000000000000000000000000000000000000000000000000000000000000000000000000000000000000000000000000000000000000000000000000000000031
:400FC00000000000000000000000000000000000000000000000000000000000000000000000000000000000000000000000000000000000000000000000000000000000F1
:4010000000000000000000000000000000000000000000000000000000000000000000000000000000000000000000000000000000000000000000000000000000000000B0
:401040000000000000000000000000000000000000000000000000000000000000000000000000000000000000000000000000000000000000000000000000000000000070
:401080000000000000000000000000000000000000000000000000000000000000000000000000000000000000000000000000000000000000000000000000000000000030
:4010C00000000000000000000000000000000000000000000000000000000000000000000000000000000000000000000000000000000000000000000000000000000000F0
:4011000000000000000000000000000000000000000000000000000000000000000000000000000000000000000000000000000000000000000000000000000000000000AF
:40114000000000000000000000000000000000000000000000000000000000000000000000000000000000000000000000000000000000000000000000000000000000006F
:40118000000000000000000000000000000000000000000000000000000000000000000000000000000000000000000000000000000000000000000000000000000000002F
:4011C00000000000000000000000000000000000000000000000000000000000000000000000000000000000000000000000000000000000000000000000000000000000EF
:4012000000000000000000000000000000000000000000000000000000000000000000000000000000000000000000000000000000000000000000000000000000000000AE
:40124000000000000000000000000000000000000000000000000000000000000000000000000000000000000000000000000000000000000000000000000000000000006E
:40128000000000000000000000000000000000000000000000000000000000000000000000000000000000000000000000000000000000000000000000000000000000002E
:4012C00000000000000000000000000000000000000000000000000000000000000000000000000000000000000000000000000000000000000000000000000000000000EE
:4013000000000000000000000000000000000000000000000000000000000000000000000000000000000000000000000000000000000000000000000000000000000000AD
:40134000000000000000000000000000000000000000000000000000000000000000000000000000000000000000000000000000000000000000000000000000000000006D
:40138000000000000000000000000000000000000000000000000000000000000000000000000000000000000000000000000000000000000000000000000000000000002D
:4013C00000000000000000000000000000000000000000000000000000000000000000000000000000000000000000000000000000000000000000000000000000000000ED
:4014000000000000000000000000000000000000000000000000000000000000000000000000000000000000000000000000000000000000000000000000000000000000AC
:40144000000000000000000000000000000000000000000000000000000000000000000000000000000000000000000000000000000000000000000000000000000000006C
:40148000000000000000000000000000000000000000000000000000000000000000000000000000000000000000000000000000000000000000000000000000000000002C
:4014C00000000000000000000000000000000000000000000000000000000000000000000000000000000000000000000000000000000000000000000000000000000000EC
:4015000000000000000000000000000000000000000000000000000000000000000000000000000000000000000000000000000000000000000000000000000000000000AB
:40154000000000000000000000000000000000000000000000000000000000000000000000000000000000000000000000000000000000000000000000000000000000006B
:40158000000000000000000000000000000000000000000000000000000000000000000000000000000000000000000000000000000000000000000000000000000000002B
:4015C00000000000000000000000000000000000000000000000000000000000000000000000000000000000000000000000000000000000000000000000000000000000EB
:4016000000000000000000000000000000000000000000000000000000000000000000000000000000000000000000000000000000000000000000000000000000000000AA
:40164000000000000000000000000000000000000000000000000000000000000000000000000000000000000000000000000000000000000000000000000000000000006A
:40168000000000000000000000000000000000000000000000000000000000000000000000000000000000000000000000000000000000000000000000000000000000002A
:4016C00000000000000000000000000000000000000000000000000000000000000000000000000000000000000000000000000000000000000000000000000000000000EA
:4017000000000000000000000000000000000000000000000000000000000000000000000000000000000000000000000000000000000000000000000000000000000000A9
:401740000000000000000000000000000000000000000000000000000000000000000000000000000000000000000000000000000000000000000000000000000000000069
:401780000000000000000000000000000000000000000000000000000000000000000000000000000000000000000000000000000000000000000000000000000000000029
:4017C00000000000000000000000000000000000000000000000000000000000000000000000000000000000000000000000000000000000000000000000000000000000E9
:4018000000000000000000000000000000000000000000000000000000000000000000000000000000000000000000000000000000000000000000000000000000000000A8
:401840000000000000000000000000000000000000000000000000000000000000000000000000000000000000000000000000000000000000000000000000000000000068
:401880000000000000000000000000000000000000000000000000000000000000000000000000000000000000000000000000000000000000000000000000000000000028
:4018C00000000000000000000000000000000000000000000000000000000000000000000000000000000000000000000000000000000000000000000000000000000000E8
:4019000000000000000000000000000000000000000000000000000000000000000000000000000000000000000000000000000000000000000000000000000000000000A7
:401940000000000000000000000000000000000000000000000000000000000000000000000000000000000000000000000000000000000000000000000000000000000067
:401980000000000000000000000000000000000000000000000000000000000000000000000000000000000000000000000000000000000000000000000000000000000027
:4019C00000000000000000000000000000000000000000000000000000000000000000000000000000000000000000000000000000000000000000000000000000000000E7
:401A000000000000000000000000000000000000000000000000000000000000000000000000000000000000000000000000000000000000000000000000000000000000A6
:401A40000000000000000000000000000000000000000000000000000000000000000000000000000000000000000000000000000000000000000000000000000000000066
:401A80000000000000000000000000000000000000000000000000000000000000000000000000000000000000000000000000000000000000000000000000000000000026
:401AC00000000000000000000000000000000000000000000000000000000000000000000000000000000000000000000000000000000000000000000000000000000000E6
:401B000000000000000000000000000000000000000000000000000000000000000000000000000000000000000000000000000000000000000000000000000000000000A5
:401B40000000000000000000000000000000000000000000000000000000000000000000000000000000000000000000000000000000000000000000000000000000000065
:401B80000000000000000000000000000000000000000000000000000000000000000000000000000000000000000000000000000000000000000000000000000000000025
:401BC00000000000000000000000000000000000000000000000000000000000000000000000000000000000000000000000000000000000000000000000000000000000E5
:401C000000000000000000000000000000000000000000000000000000000000000000000000000000000000000000000000000000000000000000000000000000000000A4
:401C40000000000000000000000000000000000000000000000000000000000000000000000000000000000000000000000000000000000000000000000000000000000064
:401C80000000000000000000000000000000000000000000000000000000000000000000000000000000000000000000000000000000000000000000000000000000000024
:401CC00000000000000000000000000000000000000000000000000000000000000000000000000000000000000000000000000000000000000000000000000000000000E4
:401D000000000000000000000000000000000000000000000000000000000000000000000000000000000000000000000000000000000000000000000000000000000000A3
:401D40000000000000000000000000000000000000000000000000000000000000000000000000000000000000000000000000000000000000000000000000000000000063
:401D80000000000000000000000000000000000000000000000000000000000000000000000000000000000000000000000000000000000000000000000000000000000023
:401DC00000000000000000000000000000000000000000000000000000000000000000000000000000000000000000000000000000000000000000000000000000000000E3
:401E000000000000000000000000000000000000000000000000000000000000000000000000000000000000000000000000000000000000000000000000000000000000A2
:401E40000000000000000000000000000000000000000000000000000000000000000000000000000000000000000000000000000000000000000000000000000000000062
:401E80000000000000000000000000000000000000000000000000000000000000000000000000000000000000000000000000000000000000000000000000000000000022
:401EC00000000000000000000000000000000000000000000000000000000000000000000000000000000000000000000000000000000000000000000000000000000000E2
:401F000000000000000000000000000000000000000000000000000000000000000000000000000000000000000000000000000000000000000000000000000000000000A1
:401F40000000000000000000000000000000000000000000000000000000000000000000000000000000000000000000000000000000000000000000000000000000000061
:401F80000000000000000000000000000000000000000000000000000000000000000000000000000000000000000000000000000000000000000000000000000000000021
:401FC00000000000000000000000000000000000000000000000000000000000000000000000000000000000000000000000000000000000000000000000000000000000E1
:4020000000000000000000000000000000000000000000000000000000000000000000000000000000000000000000000000000000000000000000000000000000000000A0
:402040000000000000000000000000000000000000000000000000000000000000000000000000000000000000000000000000000000000000000000000000000000000060
:402080000000000000000000000000000000000000000000000000000000000000000000000000000000000000000000000000000000000000000000000000000000000020
:4020C00000000000000000000000000000000000000000000000000000000000000000000000000000000000000000000000000000000000000000000000000000000000E0
:40210000000000000000000000000000000000000000000000000000000000000000000000000000000000000000000000000000000000000000000000000000000000009F
:40214000000000000000000000000000000000000000000000000000000000000000000000000000000000000000000000000000000000000000000000000000000000005F
:40218000000000000000000000000000000000000000000000000000000000000000000000000000000000000000000000000000000000000000000000000000000000001F
:4021C00000000000000000000000000000000000000000000000000000000000000000000000000000000000000000000000000000000000000000000000000000000000DF
:40220000000000000000000000000000000000000000000000000000000000000000000000000000000000000000000000000000000000000000000000000000000000009E
:40224000000000000000000000000000000000000000000000000000000000000000000000000000000000000000000000000000000000000000000000000000000000005E
:40228000000000000000000000000000000000000000000000000000000000000000000000000000000000000000000000000000000000000000000000000000000000001E
:4022C00000000000000000000000000000000000000000000000000000000000000000000000000000000000000000000000000000000000000000000000000000000000DE
:40230000000000000000000000000000000000000000000000000000000000000000000000000000000000000000000000000000000000000000000000000000000000009D
:40234000000000000000000000000000000000000000000000000000000000000000000000000000000000000000000000000000000000000000000000000000000000005D
:40238000000000000000000000000000000000000000000000000000000000000000000000000000000000000000000000000000000000000000000000000000000000001D
:4023C00000000000000000000000000000000000000000000000000000000000000000000000000000000000000000000000000000000000000000000000000000000000DD
:40240000000000000000000000000000000000000000000000000000000000000000000000000000000000000000000000000000000000000000000000000000000000009C
:40244000000000000000000000000000000000000000000000000000000000000000000000000000000000000000000000000000000000000000000000000000000000005C
:40248000000000000000000000000000000000000000000000000000000000000000000000000000000000000000000000000000000000000000000000000000000000001C
:4024C00000000000000000000000000000000000000000000000000000000000000000000000000000000000000000000000000000000000000000000000000000000000DC
:40250000000000000000000000000000000000000000000000000000000000000000000000000000000000000000000000000000000000000000000000000000000000009B
:40254000000000000000000000000000000000000000000000000000000000000000000000000000000000000000000000000000000000000000000000000000000000005B
:40258000000000000000000000000000000000000000000000000000000000000000000000000000000000000000000000000000000000000000000000000000000000001B
:4025C00000000000000000000000000000000000000000000000000000000000000000000000000000000000000000000000000000000000000000000000000000000000DB
:40260000000000000000000000000000000000000000000000000000000000000000000000000000000000000000000000000000000000000000000000000000000000009A
:40264000000000000000000000000000000000000000000000000000000000000000000000000000000000000000000000000000000000000000000000000000000000005A
:40268000000000000000000000000000000000000000000000000000000000000000000000000000000000000000000000000000000000000000000000000000000000001A
:4026C00000000000000000000000000000000000000000000000000000000000000000000000000000000000000000000000000000000000000000000000000000000000DA
:402700000000000000000000000000000000000000000000000000000000000000000000000000000000000000000000000000000000000000000000000000000000000099
:402740000000000000000000000000000000000000000000000000000000000000000000000000000000000000000000000000000000000000000000000000000000000059
:402780000000000000000000000000000000000000000000000000000000000000000000000000000000000000000000000000000000000000000000000000000000000019
:4027C00000000000000000000000000000000000000000000000000000000000000000000000000000000000000000000000000000000000000000000000000000000000D9
:402800000000000000000000000000000000000000000000000000000000000000000000000000000000000000000000000000000000000000000000000000000000000098
:402840000000000000000000000000000000000000000000000000000000000000000000000000000000000000000000000000000000000000000000000000000000000058
:402880000000000000000000000000000000000000000000000000000000000000000000000000000000000000000000000000000000000000000000000000000000000018
:4028C00000000000000000000000000000000000000000000000000000000000000000000000000000000000000000000000000000000000000000000000000000000000D8
:402900000000000000000000000000000000000000000000000000000000000000000000000000000000000000000000000000000000000000000000000000000000000097
:402940000000000000000000000000000000000000000000000000000000000000000000000000000000000000000000000000000000000000000000000000000000000057
:402980000000000000000000000000000000000000000000000000000000000000000000000000000000000000000000000000000000000000000000000000000000000017
:4029C00000000000000000000000000000000000000000000000000000000000000000000000000000000000000000000000000000000000000000000000000000000000D7
:402A00000000000000000000000000000000000000000000000000000000000000000000000000000000000000000000000000000000000000000000000000000000000096
:402A40000000000000000000000000000000000000000000000000000000000000000000000000000000000000000000000000000000000000000000000000000000000056
:402A80000000000000000000000000000000000000000000000000000000000000000000000000000000000000000000000000000000000000000000000000000000000016
:402AC00000000000000000000000000000000000000000000000000000000000000000000000000000000000000000000000000000000000000000000000000000000000D6
:402B00000000000000000000000000000000000000000000000000000000000000000000000000000000000000000000000000000000000000000000000000000000000095
:402B40000000000000000000000000000000000000000000000000000000000000000000000000000000000000000000000000000000000000000000000000000000000055
:402B80000000000000000000000000000000000000000000000000000000000000000000000000000000000000000000000000000000000000000000000000000000000015
:402BC00000000000000000000000000000000000000000000000000000000000000000000000000000000000000000000000000000000000000000000000000000000000D5
:402C00000000000000000000000000000000000000000000000000000000000000000000000000000000000000000000000000000000000000000000000000000000000094
:402C40000000000000000000000000000000000000000000000000000000000000000000000000000000000000000000000000000000000000000000000000000000000054
:402C80000000000000000000000000000000000000000000000000000000000000000000000000000000000000000000000000000000000000000000000000000000000014
:402CC00000000000000000000000000000000000000000000000000000000000000000000000000000000000000000000000000000000000000000000000000000000000D4
:402D00000000000000000000000000000000000000000000000000000000000000000000000000000000000000000000000000000000000000000000000000000000000093
:402D40000000000000000000000000000000000000000000000000000000000000000000000000000000000000000000000000000000000000000000000000000000000053
:402D80000000000000000000000000000000000000000000000000000000000000000000000000000000000000000000000000000000000000000000000000000000000013
:402DC00000000000000000000000000000000000000000000000000000000000000000000000000000000000000000000000000000000000000000000000000000000000D3
:402E00000000000000000000000000000000000000000000000000000000000000000000000000000000000000000000000000000000000000000000000000000000000092
:402E40000000000000000000000000000000000000000000000000000000000000000000000000000000000000000000000000000000000000000000000000000000000052
:402E80000000000000000000000000000000000000000000000000000000000000000000000000000000000000000000000000000000000000000000000000000000000012
:402EC00000000000000000000000000000000000000000000000000000000000000000000000000000000000000000000000000000000000000000000000000000000000D2
:402F00000000000000000000000000000000000000000000000000000000000000000000000000000000000000000000000000000000000000000000000000000000000091
:402F40000000000000000000000000000000000000000000000000000000000000000000000000000000000000000000000000000000000000000000000000000000000051
:402F80000000000000000000000000000000000000000000000000000000000000000000000000000000000000000000000000000000000000000000000000000000000011
:402FC00000000000000000000000000000000000000000000000000000000000000000000000000000000000000000000000000000000000000000000000000000000000D1
:403000000000000000000000000000000000000000000000000000000000000000000000000000000000000000000000000000000000000000000000000000000000000090
:403040000000000000000000000000000000000000000000000000000000000000000000000000000000000000000000000000000000000000000000000000000000000050
:403080000000000000000000000000000000000000000000000000000000000000000000000000000000000000000000000000000000000000000000000000000000000010
:4030C00000000000000000000000000000000000000000000000000000000000000000000000000000000000000000000000000000000000000000000000000000000000D0
:40310000000000000000000000000000000000000000000000000000000000000000000000000000000000000000000000000000000000000000000000000000000000008F
:40314000000000000000000000000000000000000000000000000000000000000000000000000000000000000000000000000000000000000000000000000000000000004F
:40318000000000000000000000000000000000000000000000000000000000000000000000000000000000000000000000000000000000000000000000000000000000000F
:4031C00000000000000000000000000000000000000000000000000000000000000000000000000000000000000000000000000000000000000000000000000000000000CF
:40320000000000000000000000000000000000000000000000000000000000000000000000000000000000000000000000000000000000000000000000000000000000008E
:40324000000000000000000000000000000000000000000000000000000000000000000000000000000000000000000000000000000000000000000000000000000000004E
:40328000000000000000000000000000000000000000000000000000000000000000000000000000000000000000000000000000000000000000000000000000000000000E
:4032C00000000000000000000000000000000000000000000000000000000000000000000000000000000000000000000000000000000000000000000000000000000000CE
:40330000000000000000000000000000000000000000000000000000000000000000000000000000000000000000000000000000000000000000000000000000000000008D
:40334000000000000000000000000000000000000000000000000000000000000000000000000000000000000000000000000000000000000000000000000000000000004D
:40338000000000000000000000000000000000000000000000000000000000000000000000000000000000000000000000000000000000000000000000000000000000000D
:4033C00000000000000000000000000000000000000000000000000000000000000000000000000000000000000000000000000000000000000000000000000000000000CD
:40340000000000000000000000000000000000000000000000000000000000000000000000000000000000000000000000000000000000000000000000000000000000008C
:40344000000000000000000000000000000000000000000000000000000000000000000000000000000000000000000000000000000000000000000000000000000000004C
:40348000000000000000000000000000000000000000000000000000000000000000000000000000000000000000000000000000000000000000000000000000000000000C
:4034C00000000000000000000000000000000000000000000000000000000000000000000000000000000000000000000000000000000000000000000000000000000000CC
:40350000000000000000000000000000000000000000000000000000000000000000000000000000000000000000000000000000000000000000000000000000000000008B
:40354000000000000000000000000000000000000000000000000000000000000000000000000000000000000000000000000000000000000000000000000000000000004B
:40358000000000000000000000000000000000000000000000000000000000000000000000000000000000000000000000000000000000000000000000000000000000000B
:4035C00000000000000000000000000000000000000000000000000000000000000000000000000000000000000000000000000000000000000000000000000000000000CB
:40360000000000000000000000000000000000000000000000000000000000000000000000000000000000000000000000000000000000000000000000000000000000008A
:40364000000000000000000000000000000000000000000000000000000000000000000000000000000000000000000000000000000000000000000000000000000000004A
:40368000000000000000000000000000000000000000000000000000000000000000000000000000000000000000000000000000000000000000000000000000000000000A
:4036C00000000000000000000000000000000000000000000000000000000000000000000000000000000000000000000000000000000000000000000000000000000000CA
:403700000000000000000000000000000000000000000000000000000000000000000000000000000000000000000000000000000000000000000000000000000000000089
:403740000000000000000000000000000000000000000000000000000000000000000000000000000000000000000000000000000000000000000000000000000000000049
:403780000000000000000000000000000000000000000000000000000000000000000000000000000000000000000000000000000000000000000000000000000000000009
:4037C00000000000000000000000000000000000000000000000000000000000000000000000000000000000000000000000000000000000000000000000000000000000C9
:403800000000000000000000000000000000000000000000000000000000000000000000000000000000000000000000000000000000000000000000000000000000000088
:403840000000000000000000000000000000000000000000000000000000000000000000000000000000000000000000000000000000000000000000000000000000000048
:403880000000000000000000000000000000000000000000000000000000000000000000000000000000000000000000000000000000000000000000000000000000000008
:4038C00000000000000000000000000000000000000000000000000000000000000000000000000000000000000000000000000000000000000000000000000000000000C8
:403900000000000000000000000000000000000000000000000000000000000000000000000000000000000000000000000000000000000000000000000000000000000087
:403940000000000000000000000000000000000000000000000000000000000000000000000000000000000000000000000000000000000000000000000000000000000047
:403980000000000000000000000000000000000000000000000000000000000000000000000000000000000000000000000000000000000000000000000000000000000007
:4039C00000000000000000000000000000000000000000000000000000000000000000000000000000000000000000000000000000000000000000000000000000000000C7
:403A00000000000000000000000000000000000000000000000000000000000000000000000000000000000000000000000000000000000000000000000000000000000086
:403A40000000000000000000000000000000000000000000000000000000000000000000000000000000000000000000000000000000000000000000000000000000000046
:403A80000000000000000000000000000000000000000000000000000000000000000000000000000000000000000000000000000000000000000000000000000000000006
:403AC00000000000000000000000000000000000000000000000000000000000000000000000000000000000000000000000000000000000000000000000000000000000C6
:403B00000000000000000000000000000000000000000000000000000000000000000000000000000000000000000000000000000000000000000000000000000000000085
:403B40000000000000000000000000000000000000000000000000000000000000000000000000000000000000000000000000000000000000000000000000000000000045
:403B80000000000000000000000000000000000000000000000000000000000000000000000000000000000000000000000000000000000000000000000000000000000005
:403BC00000000000000000000000000000000000000000000000000000000000000000000000000000000000000000000000000000000000000000000000000000000000C5
:403C00000000000000000000000000000000000000000000000000000000000000000000000000000000000000000000000000000000000000000000000000000000000084
:403C40000000000000000000000000000000000000000000000000000000000000000000000000000000000000000000000000000000000000000000000000000000000044
:403C80000000000000000000000000000000000000000000000000000000000000000000000000000000000000000000000000000000000000000000000000000000000004
:403CC00000000000000000000000000000000000000000000000000000000000000000000000000000000000000000000000000000000000000000000000000000000000C4
:403D00000000000000000000000000000000000000000000000000000000000000000000000000000000000000000000000000000000000000000000000000000000000083
:403D40000000000000000000000000000000000000000000000000000000000000000000000000000000000000000000000000000000000000000000000000000000000043
:403D80000000000000000000000000000000000000000000000000000000000000000000000000000000000000000000000000000000000000000000000000000000000003
:403DC00000000000000000000000000000000000000000000000000000000000000000000000000000000000000000000000000000000000000000000000000000000000C3
:403E00000000000000000000000000000000000000000000000000000000000000000000000000000000000000000000000000000000000000000000000000000000000082
:403E40000000000000000000000000000000000000000000000000000000000000000000000000000000000000000000000000000000000000000000000000000000000042
:403E80000000000000000000000000000000000000000000000000000000000000000000000000000000000000000000000000000000000000000000000000000000000002
:403EC00000000000000000000000000000000000000000000000000000000000000000000000000000000000000000000000000000000000000000000000000000000000C2
:403F00000000000000000000000000000000000000000000000000000000000000000000000000000000000000000000000000000000000000000000000000000000000081
:403F40000000000000000000000000000000000000000000000000000000000000000000000000000000000000000000000000000000000000000000000000000000000041
:403F80000000000000000000000000000000000000000000000000000000000000000000000000000000000000000000000000000000000000000000000000000000000001
:403FC00000000000000000000000000000000000000000000000000000000000000000000000000000000000000000000000000000000000000000000000000000000000C1
:404000000000000000000000000000000000000000000000000000000000000000000000000000000000000000000000000000000000000000000000000000000000000080
:404040000000000000000000000000000000000000000000000000000000000000000000000000000000000000000000000000000000000000000000000000000000000040
:404080000000000000000000000000000000000000000000000000000000000000000000000000000000000000000000000000000000000000000000000000000000000000
:4040C00000000000000000000000000000000000000000000000000000000000000000000000000000000000000000000000000000000000000000000000000000000000C0
:40410000000000000000000000000000000000000000000000000000000000000000000000000000000000000000000000000000000000000000000000000000000000007F
:40414000000000000000000000000000000000000000000000000000000000000000000000000000000000000000000000000000000000000000000000000000000000003F
:4041800000000000000000000000000000000000000000000000000000000000000000000000000000000000000000000000000000000000000000000000000000000000FF
:4041C00000000000000000000000000000000000000000000000000000000000000000000000000000000000000000000000000000000000000000000000000000000000BF
:40420000000000000000000000000000000000000000000000000000000000000000000000000000000000000000000000000000000000000000000000000000000000007E
:40424000000000000000000000000000000000000000000000000000000000000000000000000000000000000000000000000000000000000000000000000000000000003E
:4042800000000000000000000000000000000000000000000000000000000000000000000000000000000000000000000000000000000000000000000000000000000000FE
:4042C00000000000000000000000000000000000000000000000000000000000000000000000000000000000000000000000000000000000000000000000000000000000BE
:40430000000000000000000000000000000000000000000000000000000000000000000000000000000000000000000000000000000000000000000000000000000000007D
:40434000000000000000000000000000000000000000000000000000000000000000000000000000000000000000000000000000000000000000000000000000000000003D
:4043800000000000000000000000000000000000000000000000000000000000000000000000000000000000000000000000000000000000000000000000000000000000FD
:4043C00000000000000000000000000000000000000000000000000000000000000000000000000000000000000000000000000000000000000000000000000000000000BD
:40440000000000000000000000000000000000000000000000000000000000000000000000000000000000000000000000000000000000000000000000000000000000007C
:40444000000000000000000000000000000000000000000000000000000000000000000000000000000000000000000000000000000000000000000000000000000000003C
:4044800000000000000000000000000000000000000000000000000000000000000000000000000000000000000000000000000000000000000000000000000000000000FC
:4044C00000000000000000000000000000000000000000000000000000000000000000000000000000000000000000000000000000000000000000000000000000000000BC
:40450000000000000000000000000000000000000000000000000000000000000000000000000000000000000000000000000000000000000000000000000000000000007B
:40454000000000000000000000000000000000000000000000000000000000000000000000000000000000000000000000000000000000000000000000000000000000003B
:4045800000000000000000000000000000000000000000000000000000000000000000000000000000000000000000000000000000000000000000000000000000000000FB
:4045C00000000000000000000000000000000000000000000000000000000000000000000000000000000000000000000000000000000000000000000000000000000000BB
:40460000000000000000000000000000000000000000000000000000000000000000000000000000000000000000000000000000000000000000000000000000000000007A
:40464000000000000000000000000000000000000000000000000000000000000000000000000000000000000000000000000000000000000000000000000000000000003A
:4046800000000000000000000000000000000000000000000000000000000000000000000000000000000000000000000000000000000000000000000000000000000000FA
:4046C00000000000000000000000000000000000000000000000000000000000000000000000000000000000000000000000000000000000000000000000000000000000BA
:404700000000000000000000000000000000000000000000000000000000000000000000000000000000000000000000000000000000000000000000000000000000000079
:404740000000000000000000000000000000000000000000000000000000000000000000000000000000000000000000000000000000000000000000000000000000000039
:4047800000000000000000000000000000000000000000000000000000000000000000000000000000000000000000000000000000000000000000000000000000000000F9
:4047C00000000000000000000000000000000000000000000000000000000000000000000000000000000000000000000000000000000000000000000000000000000000B9
:404800000000000000000000000000000000000000000000000000000000000000000000000000000000000000000000000000000000000000000000000000000000000078
:404840000000000000000000000000000000000000000000000000000000000000000000000000000000000000000000000000000000000000000000000000000000000038
:4048800000000000000000000000000000000000000000000000000000000000000000000000000000000000000000000000000000000000000000000000000000000000F8
:4048C00000000000000000000000000000000000000000000000000000000000000000000000000000000000000000000000000000000000000000000000000000000000B8
:404900000000000000000000000000000000000000000000000000000000000000000000000000000000000000000000000000000000000000000000000000000000000077
:404940000000000000000000000000000000000000000000000000000000000000000000000000000000000000000000000000000000000000000000000000000000000037
:4049800000000000000000000000000000000000000000000000000000000000000000000000000000000000000000000000000000000000000000000000000000000000F7
:4049C00000000000000000000000000000000000000000000000000000000000000000000000000000000000000000000000000000000000000000000000000000000000B7
:404A00000000000000000000000000000000000000000000000000000000000000000000000000000000000000000000000000000000000000000000000000000000000076
:404A40000000000000000000000000000000000000000000000000000000000000000000000000000000000000000000000000000000000000000000000000000000000036
:404A800000000000000000000000000000000000000000000000000000000000000000000000000000000000000000000000000000000000000000000000000000000000F6
:404AC00000000000000000000000000000000000000000000000000000000000000000000000000000000000000000000000000000000000000000000000000000000000B6
:404B00000000000000000000000000000000000000000000000000000000000000000000000000000000000000000000000000000000000000000000000000000000000075
:404B40000000000000000000000000000000000000000000000000000000000000000000000000000000000000000000000000000000000000000000000000000000000035
:404B800000000000000000000000000000000000000000000000000000000000000000000000000000000000000000000000000000000000000000000000000000000000F5
:404BC00000000000000000000000000000000000000000000000000000000000000000000000000000000000000000000000000000000000000000000000000000000000B5
:404C00000000000000000000000000000000000000000000000000000000000000000000000000000000000000000000000000000000000000000000000000000000000074
:404C40000000000000000000000000000000000000000000000000000000000000000000000000000000000000000000000000000000000000000000000000000000000034
:404C800000000000000000000000000000000000000000000000000000000000000000000000000000000000000000000000000000000000000000000000000000000000F4
:404CC00000000000000000000000000000000000000000000000000000000000000000000000000000000000000000000000000000000000000000000000000000000000B4
:404D00000000000000000000000000000000000000000000000000000000000000000000000000000000000000000000000000000000000000000000000000000000000073
:404D40000000000000000000000000000000000000000000000000000000000000000000000000000000000000000000000000000000000000000000000000000000000033
:404D800000000000000000000000000000000000000000000000000000000000000000000000000000000000000000000000000000000000000000000000000000000000F3
:404DC00000000000000000000000000000000000000000000000000000000000000000000000000000000000000000000000000000000000000000000000000000000000B3
:404E00000000000000000000000000000000000000000000000000000000000000000000000000000000000000000000000000000000000000000000000000000000000072
:404E40000000000000000000000000000000000000000000000000000000000000000000000000000000000000000000000000000000000000000000000000000000000032
:404E800000000000000000000000000000000000000000000000000000000000000000000000000000000000000000000000000000000000000000000000000000000000F2
:404EC00000000000000000000000000000000000000000000000000000000000000000000000000000000000000000000000000000000000000000000000000000000000B2
:404F00000000000000000000000000000000000000000000000000000000000000000000000000000000000000000000000000000000000000000000000000000000000071
:404F40000000000000000000000000000000000000000000000000000000000000000000000000000000000000000000000000000000000000000000000000000000000031
:404F800000000000000000000000000000000000000000000000000000000000000000000000000000000000000000000000000000000000000000000000000000000000F1
:404FC00000000000000000000000000000000000000000000000000000000000000000000000000000000000000000000000000000000000000000000000000000000000B1
:405000000000000000000000000000000000000000000000000000000000000000000000000000000000000000000000000000000000000000000000000000000000000070
:405040000000000000000000000000000000000000000000000000000000000000000000000000000000000000000000000000000000000000000000000000000000000030
:4050800000000000000000000000000000000000000000000000000000000000000000000000000000000000000000000000000000000000000000000000000000000000F0
:4050C00000000000000000000000000000000000000000000000000000000000000000000000000000000000000000000000000000000000000000000000000000000000B0
:40510000000000000000000000000000000000000000000000000000000000000000000000000000000000000000000000000000000000000000000000000000000000006F
:40514000000000000000000000000000000000000000000000000000000000000000000000000000000000000000000000000000000000000000000000000000000000002F
:4051800000000000000000000000000000000000000000000000000000000000000000000000000000000000000000000000000000000000000000000000000000000000EF
:4051C00000000000000000000000000000000000000000000000000000000000000000000000000000000000000000000000000000000000000000000000000000000000AF
:40520000000000000000000000000000000000000000000000000000000000000000000000000000000000000000000000000000000000000000000000000000000000006E
:40524000000000000000000000000000000000000000000000000000000000000000000000000000000000000000000000000000000000000000000000000000000000002E
:4052800000000000000000000000000000000000000000000000000000000000000000000000000000000000000000000000000000000000000000000000000000000000EE
:4052C00000000000000000000000000000000000000000000000000000000000000000000000000000000000000000000000000000000000000000000000000000000000AE
:40530000000000000000000000000000000000000000000000000000000000000000000000000000000000000000000000000000000000000000000000000000000000006D
:40534000000000000000000000000000000000000000000000000000000000000000000000000000000000000000000000000000000000000000000000000000000000002D
:4053800000000000000000000000000000000000000000000000000000000000000000000000000000000000000000000000000000000000000000000000000000000000ED
:4053C00000000000000000000000000000000000000000000000000000000000000000000000000000000000000000000000000000000000000000000000000000000000AD
:40540000000000000000000000000000000000000000000000000000000000000000000000000000000000000000000000000000000000000000000000000000000000006C
:40544000000000000000000000000000000000000000000000000000000000000000000000000000000000000000000000000000000000000000000000000000000000002C
:4054800000000000000000000000000000000000000000000000000000000000000000000000000000000000000000000000000000000000000000000000000000000000EC
:4054C00000000000000000000000000000000000000000000000000000000000000000000000000000000000000000000000000000000000000000000000000000000000AC
:40550000000000000000000000000000000000000000000000000000000000000000000000000000000000000000000000000000000000000000000000000000000000006B
:40554000000000000000000000000000000000000000000000000000000000000000000000000000000000000000000000000000000000000000000000000000000000002B
:4055800000000000000000000000000000000000000000000000000000000000000000000000000000000000000000000000000000000000000000000000000000000000EB
:4055C00000000000000000000000000000000000000000000000000000000000000000000000000000000000000000000000000000000000000000000000000000000000AB
:40560000000000000000000000000000000000000000000000000000000000000000000000000000000000000000000000000000000000000000000000000000000000006A
:40564000000000000000000000000000000000000000000000000000000000000000000000000000000000000000000000000000000000000000000000000000000000002A
:4056800000000000000000000000000000000000000000000000000000000000000000000000000000000000000000000000000000000000000000000000000000000000EA
:4056C00000000000000000000000000000000000000000000000000000000000000000000000000000000000000000000000000000000000000000000000000000000000AA
:405700000000000000000000000000000000000000000000000000000000000000000000000000000000000000000000000000000000000000000000000000000000000069
:405740000000000000000000000000000000000000000000000000000000000000000000000000000000000000000000000000000000000000000000000000000000000029
:4057800000000000000000000000000000000000000000000000000000000000000000000000000000000000000000000000000000000000000000000000000000000000E9
:4057C00000000000000000000000000000000000000000000000000000000000000000000000000000000000000000000000000000000000000000000000000000000000A9
:405800000000000000000000000000000000000000000000000000000000000000000000000000000000000000000000000000000000000000000000000000000000000068
:405840000000000000000000000000000000000000000000000000000000000000000000000000000000000000000000000000000000000000000000000000000000000028
:4058800000000000000000000000000000000000000000000000000000000000000000000000000000000000000000000000000000000000000000000000000000000000E8
:4058C00000000000000000000000000000000000000000000000000000000000000000000000000000000000000000000000000000000000000000000000000000000000A8
:405900000000000000000000000000000000000000000000000000000000000000000000000000000000000000000000000000000000000000000000000000000000000067
:405940000000000000000000000000000000000000000000000000000000000000000000000000000000000000000000000000000000000000000000000000000000000027
:4059800000000000000000000000000000000000000000000000000000000000000000000000000000000000000000000000000000000000000000000000000000000000E7
:4059C00000000000000000000000000000000000000000000000000000000000000000000000000000000000000000000000000000000000000000000000000000000000A7
:405A00000000000000000000000000000000000000000000000000000000000000000000000000000000000000000000000000000000000000000000000000000000000066
:405A40000000000000000000000000000000000000000000000000000000000000000000000000000000000000000000000000000000000000000000000000000000000026
:405A800000000000000000000000000000000000000000000000000000000000000000000000000000000000000000000000000000000000000000000000000000000000E6
:405AC00000000000000000000000000000000000000000000000000000000000000000000000000000000000000000000000000000000000000000000000000000000000A6
:405B00000000000000000000000000000000000000000000000000000000000000000000000000000000000000000000000000000000000000000000000000000000000065
:405B40000000000000000000000000000000000000000000000000000000000000000000000000000000000000000000000000000000000000000000000000000000000025
:405B800000000000000000000000000000000000000000000000000000000000000000000000000000000000000000000000000000000000000000000000000000000000E5
:405BC00000000000000000000000000000000000000000000000000000000000000000000000000000000000000000000000000000000000000000000000000000000000A5
:405C00000000000000000000000000000000000000000000000000000000000000000000000000000000000000000000000000000000000000000000000000000000000064
:405C40000000000000000000000000000000000000000000000000000000000000000000000000000000000000000000000000000000000000000000000000000000000024
:405C800000000000000000000000000000000000000000000000000000000000000000000000000000000000000000000000000000000000000000000000000000000000E4
:405CC00000000000000000000000000000000000000000000000000000000000000000000000000000000000000000000000000000000000000000000000000000000000A4
:405D00000000000000000000000000000000000000000000000000000000000000000000000000000000000000000000000000000000000000000000000000000000000063
:405D40000000000000000000000000000000000000000000000000000000000000000000000000000000000000000000000000000000000000000000000000000000000023
:405D800000000000000000000000000000000000000000000000000000000000000000000000000000000000000000000000000000000000000000000000000000000000E3
:405DC00000000000000000000000000000000000000000000000000000000000000000000000000000000000000000000000000000000000000000000000000000000000A3
:405E00000000000000000000000000000000000000000000000000000000000000000000000000000000000000000000000000000000000000000000000000000000000062
:405E40000000000000000000000000000000000000000000000000000000000000000000000000000000000000000000000000000000000000000000000000000000000022
:405E800000000000000000000000000000000000000000000000000000000000000000000000000000000000000000000000000000000000000000000000000000000000E2
:405EC00000000000000000000000000000000000000000000000000000000000000000000000000000000000000000000000000000000000000000000000000000000000A2
:405F00000000000000000000000000000000000000000000000000000000000000000000000000000000000000000000000000000000000000000000000000000000000061
:405F40000000000000000000000000000000000000000000000000000000000000000000000000000000000000000000000000000000000000000000000000000000000021
:405F800000000000000000000000000000000000000000000000000000000000000000000000000000000000000000000000000000000000000000000000000000000000E1
:405FC00000000000000000000000000000000000000000000000000000000000000000000000000000000000000000000000000000000000000000000000000000000000A1
:406000000000000000000000000000000000000000000000000000000000000000000000000000000000000000000000000000000000000000000000000000000000000060
:406040000000000000000000000000000000000000000000000000000000000000000000000000000000000000000000000000000000000000000000000000000000000020
:4060800000000000000000000000000000000000000000000000000000000000000000000000000000000000000000000000000000000000000000000000000000000000E0
:4060C00000000000000000000000000000000000000000000000000000000000000000000000000000000000000000000000000000000000000000000000000000000000A0
:40610000000000000000000000000000000000000000000000000000000000000000000000000000000000000000000000000000000000000000000000000000000000005F
:40614000000000000000000000000000000000000000000000000000000000000000000000000000000000000000000000000000000000000000000000000000000000001F
:4061800000000000000000000000000000000000000000000000000000000000000000000000000000000000000000000000000000000000000000000000000000000000DF
:4061C000000000000000000000000000000000000000000000000000000000000000000000000000000000000000000000000000000000000000000000000000000000009F
:40620000000000000000000000000000000000000000000000000000000000000000000000000000000000000000000000000000000000000000000000000000000000005E
:40624000000000000000000000000000000000000000000000000000000000000000000000000000000000000000000000000000000000000000000000000000000000001E
:4062800000000000000000000000000000000000000000000000000000000000000000000000000000000000000000000000000000000000000000000000000000000000DE
:4062C000000000000000000000000000000000000000000000000000000000000000000000000000000000000000000000000000000000000000000000000000000000009E
:40630000000000000000000000000000000000000000000000000000000000000000000000000000000000000000000000000000000000000000000000000000000000005D
:40634000000000000000000000000000000000000000000000000000000000000000000000000000000000000000000000000000000000000000000000000000000000001D
:4063800000000000000000000000000000000000000000000000000000000000000000000000000000000000000000000000000000000000000000000000000000000000DD
:4063C000000000000000000000000000000000000000000000000000000000000000000000000000000000000000000000000000000000000000000000000000000000009D
:40640000000000000000000000000000000000000000000000000000000000000000000000000000000000000000000000000000000000000000000000000000000000005C
:40644000000000000000000000000000000000000000000000000000000000000000000000000000000000000000000000000000000000000000000000000000000000001C
:4064800000000000000000000000000000000000000000000000000000000000000000000000000000000000000000000000000000000000000000000000000000000000DC
:4064C000000000000000000000000000000000000000000000000000000000000000000000000000000000000000000000000000000000000000000000000000000000009C
:40650000000000000000000000000000000000000000000000000000000000000000000000000000000000000000000000000000000000000000000000000000000000005B
:40654000000000000000000000000000000000000000000000000000000000000000000000000000000000000000000000000000000000000000000000000000000000001B
:4065800000000000000000000000000000000000000000000000000000000000000000000000000000000000000000000000000000000000000000000000000000000000DB
:4065C000000000000000000000000000000000000000000000000000000000000000000000000000000000000000000000000000000000000000000000000000000000009B
:40660000000000000000000000000000000000000000000000000000000000000000000000000000000000000000000000000000000000000000000000000000000000005A
:40664000000000000000000000000000000000000000000000000000000000000000000000000000000000000000000000000000000000000000000000000000000000001A
:4066800000000000000000000000000000000000000000000000000000000000000000000000000000000000000000000000000000000000000000000000000000000000DA
:4066C000000000000000000000000000000000000000000000000000000000000000000000000000000000000000000000000000000000000000000000000000000000009A
:406700000000000000000000000000000000000000000000000000000000000000000000000000000000000000000000000000000000000000000000000000000000000059
:406740000000000000000000000000000000000000000000000000000000000000000000000000000000000000000000000000000000000000000000000000000000000019
:4067800000000000000000000000000000000000000000000000000000000000000000000000000000000000000000000000000000000000000000000000000000000000D9
:4067C0000000000000000000000000000000000000000000000000000000000000000000000000000000000000000000000000000000000000000000000000000000000099
:406800000000000000000000000000000000000000000000000000000000000000000000000000000000000000000000000000000000000000000000000000000000000058
:406840000000000000000000000000000000000000000000000000000000000000000000000000000000000000000000000000000000000000000000000000000000000018
:4068800000000000000000000000000000000000000000000000000000000000000000000000000000000000000000000000000000000000000000000000000000000000D8
:4068C0000000000000000000000000000000000000000000000000000000000000000000000000000000000000000000000000000000000000000000000000000000000098
:406900000000000000000000000000000000000000000000000000000000000000000000000000000000000000000000000000000000000000000000000000000000000057
:406940000000000000000000000000000000000000000000000000000000000000000000000000000000000000000000000000000000000000000000000000000000000017
:4069800000000000000000000000000000000000000000000000000000000000000000000000000000000000000000000000000000000000000000000000000000000000D7
:4069C0000000000000000000000000000000000000000000000000000000000000000000000000000000000000000000000000000000000000000000000000000000000097
:406A00000000000000000000000000000000000000000000000000000000000000000000000000000000000000000000000000000000000000000000000000000000000056
:406A40000000000000000000000000000000000000000000000000000000000000000000000000000000000000000000000000000000000000000000000000000000000016
:406A800000000000000000000000000000000000000000000000000000000000000000000000000000000000000000000000000000000000000000000000000000000000D6
:406AC0000000000000000000000000000000000000000000000000000000000000000000000000000000000000000000000000000000000000000000000000000000000096
:406B00000000000000000000000000000000000000000000000000000000000000000000000000000000000000000000000000000000000000000000000000000000000055
:406B40000000000000000000000000000000000000000000000000000000000000000000000000000000000000000000000000000000000000000000000000000000000015
:406B800000000000000000000000000000000000000000000000000000000000000000000000000000000000000000000000000000000000000000000000000000000000D5
:406BC0000000000000000000000000000000000000000000000000000000000000000000000000000000000000000000000000000000000000000000000000000000000095
:406C00000000000000000000000000000000000000000000000000000000000000000000000000000000000000000000000000000000000000000000000000000000000054
:406C40000000000000000000000000000000000000000000000000000000000000000000000000000000000000000000000000000000000000000000000000000000000014
:406C800000000000000000000000000000000000000000000000000000000000000000000000000000000000000000000000000000000000000000000000000000000000D4
:406CC0000000000000000000000000000000000000000000000000000000000000000000000000000000000000000000000000000000000000000000000000000000000094
:406D00000000000000000000000000000000000000000000000000000000000000000000000000000000000000000000000000000000000000000000000000000000000053
:406D40000000000000000000000000000000000000000000000000000000000000000000000000000000000000000000000000000000000000000000000000000000000013
:406D800000000000000000000000000000000000000000000000000000000000000000000000000000000000000000000000000000000000000000000000000000000000D3
:406DC0000000000000000000000000000000000000000000000000000000000000000000000000000000000000000000000000000000000000000000000000000000000093
:406E00000000000000000000000000000000000000000000000000000000000000000000000000000000000000000000000000000000000000000000000000000000000052
:406E40000000000000000000000000000000000000000000000000000000000000000000000000000000000000000000000000000000000000000000000000000000000012
:406E800000000000000000000000000000000000000000000000000000000000000000000000000000000000000000000000000000000000000000000000000000000000D2
:406EC0000000000000000000000000000000000000000000000000000000000000000000000000000000000000000000000000000000000000000000000000000000000092
:406F00000000000000000000000000000000000000000000000000000000000000000000000000000000000000000000000000000000000000000000000000000000000051
:406F40000000000000000000000000000000000000000000000000000000000000000000000000000000000000000000000000000000000000000000000000000000000011
:406F800000000000000000000000000000000000000000000000000000000000000000000000000000000000000000000000000000000000000000000000000000000000D1
:406FC0000000000000000000000000000000000000000000000000000000000000000000000000000000000000000000000000000000000000000000000000000000000091
:407000000000000000000000000000000000000000000000000000000000000000000000000000000000000000000000000000000000000000000000000000000000000050
:407040000000000000000000000000000000000000000000000000000000000000000000000000000000000000000000000000000000000000000000000000000000000010
:4070800000000000000000000000000000000000000000000000000000000000000000000000000000000000000000000000000000000000000000000000000000000000D0
:4070C0000000000000000000000000000000000000000000000000000000000000000000000000000000000000000000000000000000000000000000000000000000000090
:40710000000000000000000000000000000000000000000000000000000000000000000000000000000000000000000000000000000000000000000000000000000000004F
:40714000000000000000000000000000000000000000000000000000000000000000000000000000000000000000000000000000000000000000000000000000000000000F
:4071800000000000000000000000000000000000000000000000000000000000000000000000000000000000000000000000000000000000000000000000000000000000CF
:4071C000000000000000000000000000000000000000000000000000000000000000000000000000000000000000000000000000000000000000000000000000000000008F
:40720000000000000000000000000000000000000000000000000000000000000000000000000000000000000000000000000000000000000000000000000000000000004E
:40724000000000000000000000000000000000000000000000000000000000000000000000000000000000000000000000000000000000000000000000000000000000000E
:4072800000000000000000000000000000000000000000000000000000000000000000000000000000000000000000000000000000000000000000000000000000000000CE
:4072C000000000000000000000000000000000000000000000000000000000000000000000000000000000000000000000000000000000000000000000000000000000008E
:40730000000000000000000000000000000000000000000000000000000000000000000000000000000000000000000000000000000000000000000000000000000000004D
:40734000000000000000000000000000000000000000000000000000000000000000000000000000000000000000000000000000000000000000000000000000000000000D
:4073800000000000000000000000000000000000000000000000000000000000000000000000000000000000000000000000000000000000000000000000000000000000CD
:4073C000000000000000000000000000000000000000000000000000000000000000000000000000000000000000000000000000000000000000000000000000000000008D
:40740000000000000000000000000000000000000000000000000000000000000000000000000000000000000000000000000000000000000000000000000000000000004C
:40744000000000000000000000000000000000000000000000000000000000000000000000000000000000000000000000000000000000000000000000000000000000000C
:4074800000000000000000000000000000000000000000000000000000000000000000000000000000000000000000000000000000000000000000000000000000000000CC
:4074C000000000000000000000000000000000000000000000000000000000000000000000000000000000000000000000000000000000000000000000000000000000008C
:40750000000000000000000000000000000000000000000000000000000000000000000000000000000000000000000000000000000000000000000000000000000000004B
:40754000000000000000000000000000000000000000000000000000000000000000000000000000000000000000000000000000000000000000000000000000000000000B
:4075800000000000000000000000000000000000000000000000000000000000000000000000000000000000000000000000000000000000000000000000000000000000CB
:4075C000000000000000000000000000000000000000000000000000000000000000000000000000000000000000000000000000000000000000000000000000000000008B
:40760000000000000000000000000000000000000000000000000000000000000000000000000000000000000000000000000000000000000000000000000000000000004A
:40764000000000000000000000000000000000000000000000000000000000000000000000000000000000000000000000000000000000000000000000000000000000000A
:4076800000000000000000000000000000000000000000000000000000000000000000000000000000000000000000000000000000000000000000000000000000000000CA
:4076C000000000000000000000000000000000000000000000000000000000000000000000000000000000000000000000000000000000000000000000000000000000008A
:407700000000000000000000000000000000000000000000000000000000000000000000000000000000000000000000000000000000000000000000000000000000000049
:407740000000000000000000000000000000000000000000000000000000000000000000000000000000000000000000000000000000000000000000000000000000000009
:4077800000000000000000000000000000000000000000000000000000000000000000000000000000000000000000000000000000000000000000000000000000000000C9
:4077C0000000000000000000000000000000000000000000000000000000000000000000000000000000000000000000000000000000000000000000000000000000000089
:407800000000000000000000000000000000000000000000000000000000000000000000000000000000000000000000000000000000000000000000000000000000000048
:407840000000000000000000000000000000000000000000000000000000000000000000000000000000000000000000000000000000000000000000000000000000000008
:4078800000000000000000000000000000000000000000000000000000000000000000000000000000000000000000000000000000000000000000000000000000000000C8
:4078C0000000000000000000000000000000000000000000000000000000000000000000000000000000000000000000000000000000000000000000000000000000000088
:407900000000000000000000000000000000000000000000000000000000000000000000000000000000000000000000000000000000000000000000000000000000000047
:407940000000000000000000000000000000000000000000000000000000000000000000000000000000000000000000000000000000000000000000000000000000000007
:4079800000000000000000000000000000000000000000000000000000000000000000000000000000000000000000000000000000000000000000000000000000000000C7
:4079C0000000000000000000000000000000000000000000000000000000000000000000000000000000000000000000000000000000000000000000000000000000000087
:407A00000000000000000000000000000000000000000000000000000000000000000000000000000000000000000000000000000000000000000000000000000000000046
:407A40000000000000000000000000000000000000000000000000000000000000000000000000000000000000000000000000000000000000000000000000000000000006
:407A800000000000000000000000000000000000000000000000000000000000000000000000000000000000000000000000000000000000000000000000000000000000C6
:407AC0000000000000000000000000000000000000000000000000000000000000000000000000000000000000000000000000000000000000000000000000000000000086
:407B00000000000000000000000000000000000000000000000000000000000000000000000000000000000000000000000000000000000000000000000000000000000045
:407B40000000000000000000000000000000000000000000000000000000000000000000000000000000000000000000000000000000000000000000000000000000000005
:407B800000000000000000000000000000000000000000000000000000000000000000000000000000000000000000000000000000000000000000000000000000000000C5
:407BC0000000000000000000000000000000000000000000000000000000000000000000000000000000000000000000000000000000000000000000000000000000000085
:407C00000000000000000000000000000000000000000000000000000000000000000000000000000000000000000000000000000000000000000000000000000000000044
:407C40000000000000000000000000000000000000000000000000000000000000000000000000000000000000000000000000000000000000000000000000000000000004
:407C800000000000000000000000000000000000000000000000000000000000000000000000000000000000000000000000000000000000000000000000000000000000C4
:407CC0000000000000000000000000000000000000000000000000000000000000000000000000000000000000000000000000000000000000000000000000000000000084
:407D00000000000000000000000000000000000000000000000000000000000000000000000000000000000000000000000000000000000000000000000000000000000043
:407D40000000000000000000000000000000000000000000000000000000000000000000000000000000000000000000000000000000000000000000000000000000000003
:407D800000000000000000000000000000000000000000000000000000000000000000000000000000000000000000000000000000000000000000000000000000000000C3
:407DC0000000000000000000000000000000000000000000000000000000000000000000000000000000000000000000000000000000000000000000000000000000000083
:407E00000000000000000000000000000000000000000000000000000000000000000000000000000000000000000000000000000000000000000000000000000000000042
:407E40000000000000000000000000000000000000000000000000000000000000000000000000000000000000000000000000000000000000000000000000000000000002
:407E800000000000000000000000000000000000000000000000000000000000000000000000000000000000000000000000000000000000000000000000000000000000C2
:407EC0000000000000000000000000000000000000000000000000000000000000000000000000000000000000000000000000000000000000000000000000000000000082
:407F00000000000000000000000000000000000000000000000000000000000000000000000000000000000000000000000000000000000000000000000000000000000041
:407F40000000000000000000000000000000000000000000000000000000000000000000000000000000000000000000000000000000000000000000000000000000000001
:407F800000000000000000000000000000000000000000000000000000000000000000000000000000000000000000000000000000000000000000000000000000000000C1
:407FC0000000000000000000000000000000000000000000000000000000000000000000000000000000000000000000000000000000000000000000000000000000000081
:408000000000000000000000000000000000000000000000000000000000000000000000000000000000000000000000000000000000000000000000000000000000000040
:408040000000000000000000000000000000000000000000000000000000000000000000000000000000000000000000000000000000000000000000000000000000000000
:4080800000000000000000000000000000000000000000000000000000000000000000000000000000000000000000000000000000000000000000000000000000000000C0
:4080C0000000000000000000000000000000000000000000000000000000000000000000000000000000000000000000000000000000000000000000000000000000000080
:40810000000000000000000000000000000000000000000000000000000000000000000000000000000000000000000000000000000000000000000000000000000000003F
:4081400000000000000000000000000000000000000000000000000000000000000000000000000000000000000000000000000000000000000000000000000000000000FF
:4081800000000000000000000000000000000000000000000000000000000000000000000000000000000000000000000000000000000000000000000000000000000000BF
:4081C000000000000000000000000000000000000000000000000000000000000000000000000000000000000000000000000000000000000000000000000000000000007F
:40820000000000000000000000000000000000000000000000000000000000000000000000000000000000000000000000000000000000000000000000000000000000003E
:4082400000000000000000000000000000000000000000000000000000000000000000000000000000000000000000000000000000000000000000000000000000000000FE
:4082800000000000000000000000000000000000000000000000000000000000000000000000000000000000000000000000000000000000000000000000000000000000BE
:4082C000000000000000000000000000000000000000000000000000000000000000000000000000000000000000000000000000000000000000000000000000000000007E
:40830000000000000000000000000000000000000000000000000000000000000000000000000000000000000000000000000000000000000000000000000000000000003D
:4083400000000000000000000000000000000000000000000000000000000000000000000000000000000000000000000000000000000000000000000000000000000000FD
:4083800000000000000000000000000000000000000000000000000000000000000000000000000000000000000000000000000000000000000000000000000000000000BD
:4083C000000000000000000000000000000000000000000000000000000000000000000000000000000000000000000000000000000000000000000000000000000000007D
:40840000000000000000000000000000000000000000000000000000000000000000000000000000000000000000000000000000000000000000000000000000000000003C
:4084400000000000000000000000000000000000000000000000000000000000000000000000000000000000000000000000000000000000000000000000000000000000FC
:4084800000000000000000000000000000000000000000000000000000000000000000000000000000000000000000000000000000000000000000000000000000000000BC
:4084C000000000000000000000000000000000000000000000000000000000000000000000000000000000000000000000000000000000000000000000000000000000007C
:40850000000000000000000000000000000000000000000000000000000000000000000000000000000000000000000000000000000000000000000000000000000000003B
:4085400000000000000000000000000000000000000000000000000000000000000000000000000000000000000000000000000000000000000000000000000000000000FB
:4085800000000000000000000000000000000000000000000000000000000000000000000000000000000000000000000000000000000000000000000000000000000000BB
:4085C000000000000000000000000000000000000000000000000000000000000000000000000000000000000000000000000000000000000000000000000000000000007B
:40860000000000000000000000000000000000000000000000000000000000000000000000000000000000000000000000000000000000000000000000000000000000003A
:4086400000000000000000000000000000000000000000000000000000000000000000000000000000000000000000000000000000000000000000000000000000000000FA
:4086800000000000000000000000000000000000000000000000000000000000000000000000000000000000000000000000000000000000000000000000000000000000BA
:4086C000000000000000000000000000000000000000000000000000000000000000000000000000000000000000000000000000000000000000000000000000000000007A
:408700000000000000000000000000000000000000000000000000000000000000000000000000000000000000000000000000000000000000000000000000000000000039
:4087400000000000000000000000000000000000000000000000000000000000000000000000000000000000000000000000000000000000000000000000000000000000F9
:4087800000000000000000000000000000000000000000000000000000000000000000000000000000000000000000000000000000000000000000000000000000000000B9
:4087C0000000000000000000000000000000000000000000000000000000000000000000000000000000000000000000000000000000000000000000000000000000000079
:408800000000000000000000000000000000000000000000000000000000000000000000000000000000000000000000000000000000000000000000000000000000000038
:4088400000000000000000000000000000000000000000000000000000000000000000000000000000000000000000000000000000000000000000000000000000000000F8
:4088800000000000000000000000000000000000000000000000000000000000000000000000000000000000000000000000000000000000000000000000000000000000B8
:4088C0000000000000000000000000000000000000000000000000000000000000000000000000000000000000000000000000000000000000000000000000000000000078
:408900000000000000000000000000000000000000000000000000000000000000000000000000000000000000000000000000000000000000000000000000000000000037
:4089400000000000000000000000000000000000000000000000000000000000000000000000000000000000000000000000000000000000000000000000000000000000F7
:4089800000000000000000000000000000000000000000000000000000000000000000000000000000000000000000000000000000000000000000000000000000000000B7
:4089C0000000000000000000000000000000000000000000000000000000000000000000000000000000000000000000000000000000000000000000000000000000000077
:408A00000000000000000000000000000000000000000000000000000000000000000000000000000000000000000000000000000000000000000000000000000000000036
:408A400000000000000000000000000000000000000000000000000000000000000000000000000000000000000000000000000000000000000000000000000000000000F6
:408A800000000000000000000000000000000000000000000000000000000000000000000000000000000000000000000000000000000000000000000000000000000000B6
:408AC0000000000000000000000000000000000000000000000000000000000000000000000000000000000000000000000000000000000000000000000000000000000076
:408B00000000000000000000000000000000000000000000000000000000000000000000000000000000000000000000000000000000000000000000000000000000000035
:408B400000000000000000000000000000000000000000000000000000000000000000000000000000000000000000000000000000000000000000000000000000000000F5
:408B800000000000000000000000000000000000000000000000000000000000000000000000000000000000000000000000000000000000000000000000000000000000B5
:408BC0000000000000000000000000000000000000000000000000000000000000000000000000000000000000000000000000000000000000000000000000000000000075
:408C00000000000000000000000000000000000000000000000000000000000000000000000000000000000000000000000000000000000000000000000000000000000034
:408C400000000000000000000000000000000000000000000000000000000000000000000000000000000000000000000000000000000000000000000000000000000000F4
:408C800000000000000000000000000000000000000000000000000000000000000000000000000000000000000000000000000000000000000000000000000000000000B4
:408CC0000000000000000000000000000000000000000000000000000000000000000000000000000000000000000000000000000000000000000000000000000000000074
:408D00000000000000000000000000000000000000000000000000000000000000000000000000000000000000000000000000000000000000000000000000000000000033
:408D400000000000000000000000000000000000000000000000000000000000000000000000000000000000000000000000000000000000000000000000000000000000F3
:408D800000000000000000000000000000000000000000000000000000000000000000000000000000000000000000000000000000000000000000000000000000000000B3
:408DC0000000000000000000000000000000000000000000000000000000000000000000000000000000000000000000000000000000000000000000000000000000000073
:408E00000000000000000000000000000000000000000000000000000000000000000000000000000000000000000000000000000000000000000000000000000000000032
:408E400000000000000000000000000000000000000000000000000000000000000000000000000000000000000000000000000000000000000000000000000000000000F2
:408E800000000000000000000000000000000000000000000000000000000000000000000000000000000000000000000000000000000000000000000000000000000000B2
:408EC0000000000000000000000000000000000000000000000000000000000000000000000000000000000000000000000000000000000000000000000000000000000072
:408F00000000000000000000000000000000000000000000000000000000000000000000000000000000000000000000000000000000000000000000000000000000000031
:408F400000000000000000000000000000000000000000000000000000000000000000000000000000000000000000000000000000000000000000000000000000000000F1
:408F800000000000000000000000000000000000000000000000000000000000000000000000000000000000000000000000000000000000000000000000000000000000B1
:408FC0000000000000000000000000000000000000000000000000000000000000000000000000000000000000000000000000000000000000000000000000000000000071
:409000000000000000000000000000000000000000000000000000000000000000000000000000000000000000000000000000000000000000000000000000000000000030
:4090400000000000000000000000000000000000000000000000000000000000000000000000000000000000000000000000000000000000000000000000000000000000F0
:4090800000000000000000000000000000000000000000000000000000000000000000000000000000000000000000000000000000000000000000000000000000000000B0
:4090C0000000000000000000000000000000000000000000000000000000000000000000000000000000000000000000000000000000000000000000000000000000000070
:40910000000000000000000000000000000000000000000000000000000000000000000000000000000000000000000000000000000000000000000000000000000000002F
:4091400000000000000000000000000000000000000000000000000000000000000000000000000000000000000000000000000000000000000000000000000000000000EF
:4091800000000000000000000000000000000000000000000000000000000000000000000000000000000000000000000000000000000000000000000000000000000000AF
:4091C000000000000000000000000000000000000000000000000000000000000000000000000000000000000000000000000000000000000000000000000000000000006F
:40920000000000000000000000000000000000000000000000000000000000000000000000000000000000000000000000000000000000000000000000000000000000002E
:4092400000000000000000000000000000000000000000000000000000000000000000000000000000000000000000000000000000000000000000000000000000000000EE
:4092800000000000000000000000000000000000000000000000000000000000000000000000000000000000000000000000000000000000000000000000000000000000AE
:4092C000000000000000000000000000000000000000000000000000000000000000000000000000000000000000000000000000000000000000000000000000000000006E
:40930000000000000000000000000000000000000000000000000000000000000000000000000000000000000000000000000000000000000000000000000000000000002D
:4093400000000000000000000000000000000000000000000000000000000000000000000000000000000000000000000000000000000000000000000000000000000000ED
:4093800000000000000000000000000000000000000000000000000000000000000000000000000000000000000000000000000000000000000000000000000000000000AD
:4093C000000000000000000000000000000000000000000000000000000000000000000000000000000000000000000000000000000000000000000000000000000000006D
:40940000000000000000000000000000000000000000000000000000000000000000000000000000000000000000000000000000000000000000000000000000000000002C
:4094400000000000000000000000000000000000000000000000000000000000000000000000000000000000000000000000000000000000000000000000000000000000EC
:4094800000000000000000000000000000000000000000000000000000000000000000000000000000000000000000000000000000000000000000000000000000000000AC
:4094C000000000000000000000000000000000000000000000000000000000000000000000000000000000000000000000000000000000000000000000000000000000006C
:40950000000000000000000000000000000000000000000000000000000000000000000000000000000000000000000000000000000000000000000000000000000000002B
:4095400000000000000000000000000000000000000000000000000000000000000000000000000000000000000000000000000000000000000000000000000000000000EB
:4095800000000000000000000000000000000000000000000000000000000000000000000000000000000000000000000000000000000000000000000000000000000000AB
:4095C000000000000000000000000000000000000000000000000000000000000000000000000000000000000000000000000000000000000000000000000000000000006B
:40960000000000000000000000000000000000000000000000000000000000000000000000000000000000000000000000000000000000000000000000000000000000002A
:4096400000000000000000000000000000000000000000000000000000000000000000000000000000000000000000000000000000000000000000000000000000000000EA
:4096800000000000000000000000000000000000000000000000000000000000000000000000000000000000000000000000000000000000000000000000000000000000AA
:4096C000000000000000000000000000000000000000000000000000000000000000000000000000000000000000000000000000000000000000000000000000000000006A
:409700000000000000000000000000000000000000000000000000000000000000000000000000000000000000000000000000000000000000000000000000000000000029
:4097400000000000000000000000000000000000000000000000000000000000000000000000000000000000000000000000000000000000000000000000000000000000E9
:4097800000000000000000000000000000000000000000000000000000000000000000000000000000000000000000000000000000000000000000000000000000000000A9
:4097C0000000000000000000000000000000000000000000000000000000000000000000000000000000000000000000000000000000000000000000000000000000000069
:409800000000000000000000000000000000000000000000000000000000000000000000000000000000000000000000000000000000000000000000000000000000000028
:4098400000000000000000000000000000000000000000000000000000000000000000000000000000000000000000000000000000000000000000000000000000000000E8
:4098800000000000000000000000000000000000000000000000000000000000000000000000000000000000000000000000000000000000000000000000000000000000A8
:4098C0000000000000000000000000000000000000000000000000000000000000000000000000000000000000000000000000000000000000000000000000000000000068
:409900000000000000000000000000000000000000000000000000000000000000000000000000000000000000000000000000000000000000000000000000000000000027
:4099400000000000000000000000000000000000000000000000000000000000000000000000000000000000000000000000000000000000000000000000000000000000E7
:4099800000000000000000000000000000000000000000000000000000000000000000000000000000000000000000000000000000000000000000000000000000000000A7
:4099C0000000000000000000000000000000000000000000000000000000000000000000000000000000000000000000000000000000000000000000000000000000000067
:409A00000000000000000000000000000000000000000000000000000000000000000000000000000000000000000000000000000000000000000000000000000000000026
:409A400000000000000000000000000000000000000000000000000000000000000000000000000000000000000000000000000000000000000000000000000000000000E6
:409A800000000000000000000000000000000000000000000000000000000000000000000000000000000000000000000000000000000000000000000000000000000000A6
:409AC0000000000000000000000000000000000000000000000000000000000000000000000000000000000000000000000000000000000000000000000000000000000066
:409B00000000000000000000000000000000000000000000000000000000000000000000000000000000000000000000000000000000000000000000000000000000000025
:409B400000000000000000000000000000000000000000000000000000000000000000000000000000000000000000000000000000000000000000000000000000000000E5
:409B800000000000000000000000000000000000000000000000000000000000000000000000000000000000000000000000000000000000000000000000000000000000A5
:409BC0000000000000000000000000000000000000000000000000000000000000000000000000000000000000000000000000000000000000000000000000000000000065
:409C00000000000000000000000000000000000000000000000000000000000000000000000000000000000000000000000000000000000000000000000000000000000024
:409C400000000000000000000000000000000000000000000000000000000000000000000000000000000000000000000000000000000000000000000000000000000000E4
:409C800000000000000000000000000000000000000000000000000000000000000000000000000000000000000000000000000000000000000000000000000000000000A4
:409CC0000000000000000000000000000000000000000000000000000000000000000000000000000000000000000000000000000000000000000000000000000000000064
:409D00000000000000000000000000000000000000000000000000000000000000000000000000000000000000000000000000000000000000000000000000000000000023
:409D400000000000000000000000000000000000000000000000000000000000000000000000000000000000000000000000000000000000000000000000000000000000E3
:409D800000000000000000000000000000000000000000000000000000000000000000000000000000000000000000000000000000000000000000000000000000000000A3
:409DC0000000000000000000000000000000000000000000000000000000000000000000000000000000000000000000000000000000000000000000000000000000000063
:409E00000000000000000000000000000000000000000000000000000000000000000000000000000000000000000000000000000000000000000000000000000000000022
:409E400000000000000000000000000000000000000000000000000000000000000000000000000000000000000000000000000000000000000000000000000000000000E2
:409E800000000000000000000000000000000000000000000000000000000000000000000000000000000000000000000000000000000000000000000000000000000000A2
:409EC0000000000000000000000000000000000000000000000000000000000000000000000000000000000000000000000000000000000000000000000000000000000062
:409F00000000000000000000000000000000000000000000000000000000000000000000000000000000000000000000000000000000000000000000000000000000000021
:409F400000000000000000000000000000000000000000000000000000000000000000000000000000000000000000000000000000000000000000000000000000000000E1
:409F800000000000000000000000000000000000000000000000000000000000000000000000000000000000000000000000000000000000000000000000000000000000A1
:409FC0000000000000000000000000000000000000000000000000000000000000000000000000000000000000000000000000000000000000000000000000000000000061
:40A000000000000000000000000000000000000000000000000000000000000000000000000000000000000000000000000000000000000000000000000000000000000020
:40A0400000000000000000000000000000000000000000000000000000000000000000000000000000000000000000000000000000000000000000000000000000000000E0
:40A0800000000000000000000000000000000000000000000000000000000000000000000000000000000000000000000000000000000000000000000000000000000000A0
:40A0C0000000000000000000000000000000000000000000000000000000000000000000000000000000000000000000000000000000000000000000000000000000000060
:40A10000000000000000000000000000000000000000000000000000000000000000000000000000000000000000000000000000000000000000000000000000000000001F
:40A1400000000000000000000000000000000000000000000000000000000000000000000000000000000000000000000000000000000000000000000000000000000000DF
:40A18000000000000000000000000000000000000000000000000000000000000000000000000000000000000000000000000000000000000000000000000000000000009F
:40A1C000000000000000000000000000000000000000000000000000000000000000000000000000000000000000000000000000000000000000000000000000000000005F
:40A20000000000000000000000000000000000000000000000000000000000000000000000000000000000000000000000000000000000000000000000000000000000001E
:40A2400000000000000000000000000000000000000000000000000000000000000000000000000000000000000000000000000000000000000000000000000000000000DE
:40A28000000000000000000000000000000000000000000000000000000000000000000000000000000000000000000000000000000000000000000000000000000000009E
:40A2C000000000000000000000000000000000000000000000000000000000000000000000000000000000000000000000000000000000000000000000000000000000005E
:40A30000000000000000000000000000000000000000000000000000000000000000000000000000000000000000000000000000000000000000000000000000000000001D
:40A3400000000000000000000000000000000000000000000000000000000000000000000000000000000000000000000000000000000000000000000000000000000000DD
:40A38000000000000000000000000000000000000000000000000000000000000000000000000000000000000000000000000000000000000000000000000000000000009D
:40A3C000000000000000000000000000000000000000000000000000000000000000000000000000000000000000000000000000000000000000000000000000000000005D
:40A40000000000000000000000000000000000000000000000000000000000000000000000000000000000000000000000000000000000000000000000000000000000001C
:40A4400000000000000000000000000000000000000000000000000000000000000000000000000000000000000000000000000000000000000000000000000000000000DC
:40A48000000000000000000000000000000000000000000000000000000000000000000000000000000000000000000000000000000000000000000000000000000000009C
:40A4C000000000000000000000000000000000000000000000000000000000000000000000000000000000000000000000000000000000000000000000000000000000005C
:40A50000000000000000000000000000000000000000000000000000000000000000000000000000000000000000000000000000000000000000000000000000000000001B
:40A5400000000000000000000000000000000000000000000000000000000000000000000000000000000000000000000000000000000000000000000000000000000000DB
:40A58000000000000000000000000000000000000000000000000000000000000000000000000000000000000000000000000000000000000000000000000000000000009B
:40A5C000000000000000000000000000000000000000000000000000000000000000000000000000000000000000000000000000000000000000000000000000000000005B
:40A60000000000000000000000000000000000000000000000000000000000000000000000000000000000000000000000000000000000000000000000000000000000001A
:40A6400000000000000000000000000000000000000000000000000000000000000000000000000000000000000000000000000000000000000000000000000000000000DA
:40A68000000000000000000000000000000000000000000000000000000000000000000000000000000000000000000000000000000000000000000000000000000000009A
:40A6C000000000000000000000000000000000000000000000000000000000000000000000000000000000000000000000000000000000000000000000000000000000005A
:40A700000000000000000000000000000000000000000000000000000000000000000000000000000000000000000000000000000000000000000000000000000000000019
:40A7400000000000000000000000000000000000000000000000000000000000000000000000000000000000000000000000000000000000000000000000000000000000D9
:40A780000000000000000000000000000000000000000000000000000000000000000000000000000000000000000000000000000000000000000000000000000000000099
:40A7C0000000000000000000000000000000000000000000000000000000000000000000000000000000000000000000000000000000000000000000000000000000000059
:40A800000000000000000000000000000000000000000000000000000000000000000000000000000000000000000000000000000000000000000000000000000000000018
:40A8400000000000000000000000000000000000000000000000000000000000000000000000000000000000000000000000000000000000000000000000000000000000D8
:40A880000000000000000000000000000000000000000000000000000000000000000000000000000000000000000000000000000000000000000000000000000000000098
:40A8C0000000000000000000000000000000000000000000000000000000000000000000000000000000000000000000000000000000000000000000000000000000000058
:40A900000000000000000000000000000000000000000000000000000000000000000000000000000000000000000000000000000000000000000000000000000000000017
:40A9400000000000000000000000000000000000000000000000000000000000000000000000000000000000000000000000000000000000000000000000000000000000D7
:40A980000000000000000000000000000000000000000000000000000000000000000000000000000000000000000000000000000000000000000000000000000000000097
:40A9C0000000000000000000000000000000000000000000000000000000000000000000000000000000000000000000000000000000000000000000000000000000000057
:40AA00000000000000000000000000000000000000000000000000000000000000000000000000000000000000000000000000000000000000000000000000000000000016
:40AA400000000000000000000000000000000000000000000000000000000000000000000000000000000000000000000000000000000000000000000000000000000000D6
:40AA80000000000000000000000000000000000000000000000000000000000000000000000000000000000000000000000000000000000000000000000000000000000096
:40AAC0000000000000000000000000000000000000000000000000000000000000000000000000000000000000000000000000000000000000000000000000000000000056
:40AB00000000000000000000000000000000000000000000000000000000000000000000000000000000000000000000000000000000000000000000000000000000000015
:40AB400000000000000000000000000000000000000000000000000000000000000000000000000000000000000000000000000000000000000000000000000000000000D5
:40AB80000000000000000000000000000000000000000000000000000000000000000000000000000000000000000000000000000000000000000000000000000000000095
:40ABC0000000000000000000000000000000000000000000000000000000000000000000000000000000000000000000000000000000000000000000000000000000000055
:40AC00000000000000000000000000000000000000000000000000000000000000000000000000000000000000000000000000000000000000000000000000000000000014
:40AC400000000000000000000000000000000000000000000000000000000000000000000000000000000000000000000000000000000000000000000000000000000000D4
:40AC80000000000000000000000000000000000000000000000000000000000000000000000000000000000000000000000000000000000000000000000000000000000094
:40ACC0000000000000000000000000000000000000000000000000000000000000000000000000000000000000000000000000000000000000000000000000000000000054
:40AD00000000000000000000000000000000000000000000000000000000000000000000000000000000000000000000000000000000000000000000000000000000000013
:40AD400000000000000000000000000000000000000000000000000000000000000000000000000000000000000000000000000000000000000000000000000000000000D3
:40AD80000000000000000000000000000000000000000000000000000000000000000000000000000000000000000000000000000000000000000000000000000000000093
:40ADC0000000000000000000000000000000000000000000000000000000000000000000000000000000000000000000000000000000000000000000000000000000000053
:40AE00000000000000000000000000000000000000000000000000000000000000000000000000000000000000000000000000000000000000000000000000000000000012
:40AE400000000000000000000000000000000000000000000000000000000000000000000000000000000000000000000000000000000000000000000000000000000000D2
:40AE80000000000000000000000000000000000000000000000000000000000000000000000000000000000000000000000000000000000000000000000000000000000092
:40AEC0000000000000000000000000000000000000000000000000000000000000000000000000000000000000000000000000000000000000000000000000000000000052
:40AF00000000000000000000000000000000000000000000000000000000000000000000000000000000000000000000000000000000000000000000000000000000000011
:40AF400000000000000000000000000000000000000000000000000000000000000000000000000000000000000000000000000000000000000000000000000000000000D1
:40AF80000000000000000000000000000000000000000000000000000000000000000000000000000000000000000000000000000000000000000000000000000000000091
:40AFC0000000000000000000000000000000000000000000000000000000000000000000000000000000000000000000000000000000000000000000000000000000000051
:40B000000000000000000000000000000000000000000000000000000000000000000000000000000000000000000000000000000000000000000000000000000000000010
:40B0400000000000000000000000000000000000000000000000000000000000000000000000000000000000000000000000000000000000000000000000000000000000D0
:40B080000000000000000000000000000000000000000000000000000000000000000000000000000000000000000000000000000000000000000000000000000000000090
:40B0C0000000000000000000000000000000000000000000000000000000000000000000000000000000000000000000000000000000000000000000000000000000000050
:40B10000000000000000000000000000000000000000000000000000000000000000000000000000000000000000000000000000000000000000000000000000000000000F
:40B1400000000000000000000000000000000000000000000000000000000000000000000000000000000000000000000000000000000000000000000000000000000000CF
:40B18000000000000000000000000000000000000000000000000000000000000000000000000000000000000000000000000000000000000000000000000000000000008F
:40B1C000000000000000000000000000000000000000000000000000000000000000000000000000000000000000000000000000000000000000000000000000000000004F
:40B20000000000000000000000000000000000000000000000000000000000000000000000000000000000000000000000000000000000000000000000000000000000000E
:40B2400000000000000000000000000000000000000000000000000000000000000000000000000000000000000000000000000000000000000000000000000000000000CE
:40B28000000000000000000000000000000000000000000000000000000000000000000000000000000000000000000000000000000000000000000000000000000000008E
:40B2C000000000000000000000000000000000000000000000000000000000000000000000000000000000000000000000000000000000000000000000000000000000004E
:40B30000000000000000000000000000000000000000000000000000000000000000000000000000000000000000000000000000000000000000000000000000000000000D
:40B3400000000000000000000000000000000000000000000000000000000000000000000000000000000000000000000000000000000000000000000000000000000000CD
:40B38000000000000000000000000000000000000000000000000000000000000000000000000000000000000000000000000000000000000000000000000000000000008D
:40B3C000000000000000000000000000000000000000000000000000000000000000000000000000000000000000000000000000000000000000000000000000000000004D
:40B40000000000000000000000000000000000000000000000000000000000000000000000000000000000000000000000000000000000000000000000000000000000000C
:40B4400000000000000000000000000000000000000000000000000000000000000000000000000000000000000000000000000000000000000000000000000000000000CC
:40B48000000000000000000000000000000000000000000000000000000000000000000000000000000000000000000000000000000000000000000000000000000000008C
:40B4C000000000000000000000000000000000000000000000000000000000000000000000000000000000000000000000000000000000000000000000000000000000004C
:40B50000000000000000000000000000000000000000000000000000000000000000000000000000000000000000000000000000000000000000000000000000000000000B
:40B5400000000000000000000000000000000000000000000000000000000000000000000000000000000000000000000000000000000000000000000000000000000000CB
:40B58000000000000000000000000000000000000000000000000000000000000000000000000000000000000000000000000000000000000000000000000000000000008B
:40B5C000000000000000000000000000000000000000000000000000000000000000000000000000000000000000000000000000000000000000000000000000000000004B
:40B60000000000000000000000000000000000000000000000000000000000000000000000000000000000000000000000000000000000000000000000000000000000000A
:40B6400000000000000000000000000000000000000000000000000000000000000000000000000000000000000000000000000000000000000000000000000000000000CA
:40B68000000000000000000000000000000000000000000000000000000000000000000000000000000000000000000000000000000000000000000000000000000000008A
:40B6C000000000000000000000000000000000000000000000000000000000000000000000000000000000000000000000000000000000000000000000000000000000004A
:40B700000000000000000000000000000000000000000000000000000000000000000000000000000000000000000000000000000000000000000000000000000000000009
:40B7400000000000000000000000000000000000000000000000000000000000000000000000000000000000000000000000000000000000000000000000000000000000C9
:40B780000000000000000000000000000000000000000000000000000000000000000000000000000000000000000000000000000000000000000000000000000000000089
:40B7C0000000000000000000000000000000000000000000000000000000000000000000000000000000000000000000000000000000000000000000000000000000000049
:40B800000000000000000000000000000000000000000000000000000000000000000000000000000000000000000000000000000000000000000000000000000000000008
:40B8400000000000000000000000000000000000000000000000000000000000000000000000000000000000000000000000000000000000000000000000000000000000C8
:40B880000000000000000000000000000000000000000000000000000000000000000000000000000000000000000000000000000000000000000000000000000000000088
:40B8C0000000000000000000000000000000000000000000000000000000000000000000000000000000000000000000000000000000000000000000000000000000000048
:40B900000000000000000000000000000000000000000000000000000000000000000000000000000000000000000000000000000000000000000000000000000000000007
:40B9400000000000000000000000000000000000000000000000000000000000000000000000000000000000000000000000000000000000000000000000000000000000C7
:40B980000000000000000000000000000000000000000000000000000000000000000000000000000000000000000000000000000000000000000000000000000000000087
:40B9C0000000000000000000000000000000000000000000000000000000000000000000000000000000000000000000000000000000000000000000000000000000000047
:40BA00000000000000000000000000000000000000000000000000000000000000000000000000000000000000000000000000000000000000000000000000000000000006
:40BA400000000000000000000000000000000000000000000000000000000000000000000000000000000000000000000000000000000000000000000000000000000000C6
:40BA80000000000000000000000000000000000000000000000000000000000000000000000000000000000000000000000000000000000000000000000000000000000086
:40BAC0000000000000000000000000000000000000000000000000000000000000000000000000000000000000000000000000000000000000000000000000000000000046
:40BB00000000000000000000000000000000000000000000000000000000000000000000000000000000000000000000000000000000000000000000000000000000000005
:40BB400000000000000000000000000000000000000000000000000000000000000000000000000000000000000000000000000000000000000000000000000000000000C5
:40BB80000000000000000000000000000000000000000000000000000000000000000000000000000000000000000000000000000000000000000000000000000000000085
:40BBC0000000000000000000000000000000000000000000000000000000000000000000000000000000000000000000000000000000000000000000000000000000000045
:40BC00000000000000000000000000000000000000000000000000000000000000000000000000000000000000000000000000000000000000000000000000000000000004
:40BC400000000000000000000000000000000000000000000000000000000000000000000000000000000000000000000000000000000000000000000000000000000000C4
:40BC80000000000000000000000000000000000000000000000000000000000000000000000000000000000000000000000000000000000000000000000000000000000084
:40BCC0000000000000000000000000000000000000000000000000000000000000000000000000000000000000000000000000000000000000000000000000000000000044
:40BD00000000000000000000000000000000000000000000000000000000000000000000000000000000000000000000000000000000000000000000000000000000000003
:40BD400000000000000000000000000000000000000000000000000000000000000000000000000000000000000000000000000000000000000000000000000000000000C3
:40BD80000000000000000000000000000000000000000000000000000000000000000000000000000000000000000000000000000000000000000000000000000000000083
:40BDC0000000000000000000000000000000000000000000000000000000000000000000000000000000000000000000000000000000000000000000000000000000000043
:40BE00000000000000000000000000000000000000000000000000000000000000000000000000000000000000000000000000000000000000000000000000000000000002
:40BE400000000000000000000000000000000000000000000000000000000000000000000000000000000000000000000000000000000000000000000000000000000000C2
:40BE80000000000000000000000000000000000000000000000000000000000000000000000000000000000000000000000000000000000000000000000000000000000082
:40BEC0000000000000000000000000000000000000000000000000000000000000000000000000000000000000000000000000000000000000000000000000000000000042
:40BF00000000000000000000000000000000000000000000000000000000000000000000000000000000000000000000000000000000000000000000000000000000000001
:40BF400000000000000000000000000000000000000000000000000000000000000000000000000000000000000000000000000000000000000000000000000000000000C1
:40BF80000000000000000000000000000000000000000000000000000000000000000000000000000000000000000000000000000000000000000000000000000000000081
:40BFC0000000000000000000000000000000000000000000000000000000000000000000000000000000000000000000000000000000000000000000000000000000000041
:40C000000000000000000000000000000000000000000000000000000000000000000000000000000000000000000000000000000000000000000000000000000000000000
:40C0400000000000000000000000000000000000000000000000000000000000000000000000000000000000000000000000000000000000000000000000000000000000C0
:40C080000000000000000000000000000000000000000000000000000000000000000000000000000000000000000000000000000000000000000000000000000000000080
:40C0C0000000000000000000000000000000000000000000000000000000000000000000000000000000000000000000000000000000000000000000000000000000000040
:40C1000000000000000000000000000000000000000000000000000000000000000000000000000000000000000000000000000000000000000000000000000000000000FF
:40C1400000000000000000000000000000000000000000000000000000000000000000000000000000000000000000000000000000000000000000000000000000000000BF
:40C18000000000000000000000000000000000000000000000000000000000000000000000000000000000000000000000000000000000000000000000000000000000007F
:40C1C000000000000000000000000000000000000000000000000000000000000000000000000000000000000000000000000000000000000000000000000000000000003F
:40C2000000000000000000000000000000000000000000000000000000000000000000000000000000000000000000000000000000000000000000000000000000000000FE
:40C2400000000000000000000000000000000000000000000000000000000000000000000000000000000000000000000000000000000000000000000000000000000000BE
:40C28000000000000000000000000000000000000000000000000000000000000000000000000000000000000000000000000000000000000000000000000000000000007E
:40C2C000000000000000000000000000000000000000000000000000000000000000000000000000000000000000000000000000000000000000000000000000000000003E
:40C3000000000000000000000000000000000000000000000000000000000000000000000000000000000000000000000000000000000000000000000000000000000000FD
:40C3400000000000000000000000000000000000000000000000000000000000000000000000000000000000000000000000000000000000000000000000000000000000BD
:40C38000000000000000000000000000000000000000000000000000000000000000000000000000000000000000000000000000000000000000000000000000000000007D
:40C3C000000000000000000000000000000000000000000000000000000000000000000000000000000000000000000000000000000000000000000000000000000000003D
:40C4000000000000000000000000000000000000000000000000000000000000000000000000000000000000000000000000000000000000000000000000000000000000FC
:40C4400000000000000000000000000000000000000000000000000000000000000000000000000000000000000000000000000000000000000000000000000000000000BC
:40C48000000000000000000000000000000000000000000000000000000000000000000000000000000000000000000000000000000000000000000000000000000000007C
:40C4C000000000000000000000000000000000000000000000000000000000000000000000000000000000000000000000000000000000000000000000000000000000003C
:40C5000000000000000000000000000000000000000000000000000000000000000000000000000000000000000000000000000000000000000000000000000000000000FB
:40C5400000000000000000000000000000000000000000000000000000000000000000000000000000000000000000000000000000000000000000000000000000000000BB
:40C58000000000000000000000000000000000000000000000000000000000000000000000000000000000000000000000000000000000000000000000000000000000007B
:40C5C000000000000000000000000000000000000000000000000000000000000000000000000000000000000000000000000000000000000000000000000000000000003B
:40C6000000000000000000000000000000000000000000000000000000000000000000000000000000000000000000000000000000000000000000000000000000000000FA
:40C6400000000000000000000000000000000000000000000000000000000000000000000000000000000000000000000000000000000000000000000000000000000000BA
:40C68000000000000000000000000000000000000000000000000000000000000000000000000000000000000000000000000000000000000000000000000000000000007A
:40C6C000000000000000000000000000000000000000000000000000000000000000000000000000000000000000000000000000000000000000000000000000000000003A
:40C7000000000000000000000000000000000000000000000000000000000000000000000000000000000000000000000000000000000000000000000000000000000000F9
:40C7400000000000000000000000000000000000000000000000000000000000000000000000000000000000000000000000000000000000000000000000000000000000B9
:40C780000000000000000000000000000000000000000000000000000000000000000000000000000000000000000000000000000000000000000000000000000000000079
:40C7C0000000000000000000000000000000000000000000000000000000000000000000000000000000000000000000000000000000000000000000000000000000000039
:40C8000000000000000000000000000000000000000000000000000000000000000000000000000000000000000000000000000000000000000000000000000000000000F8
:40C8400000000000000000000000000000000000000000000000000000000000000000000000000000000000000000000000000000000000000000000000000000000000B8
:40C880000000000000000000000000000000000000000000000000000000000000000000000000000000000000000000000000000000000000000000000000000000000078
:40C8C0000000000000000000000000000000000000000000000000000000000000000000000000000000000000000000000000000000000000000000000000000000000038
:40C9000000000000000000000000000000000000000000000000000000000000000000000000000000000000000000000000000000000000000000000000000000000000F7
:40C9400000000000000000000000000000000000000000000000000000000000000000000000000000000000000000000000000000000000000000000000000000000000B7
:40C980000000000000000000000000000000000000000000000000000000000000000000000000000000000000000000000000000000000000000000000000000000000077
:40C9C0000000000000000000000000000000000000000000000000000000000000000000000000000000000000000000000000000000000000000000000000000000000037
:40CA000000000000000000000000000000000000000000000000000000000000000000000000000000000000000000000000000000000000000000000000000000000000F6
:40CA400000000000000000000000000000000000000000000000000000000000000000000000000000000000000000000000000000000000000000000000000000000000B6
:40CA80000000000000000000000000000000000000000000000000000000000000000000000000000000000000000000000000000000000000000000000000000000000076
:40CAC0000000000000000000000000000000000000000000000000000000000000000000000000000000000000000000000000000000000000000000000000000000000036
:40CB000000000000000000000000000000000000000000000000000000000000000000000000000000000000000000000000000000000000000000000000000000000000F5
:40CB400000000000000000000000000000000000000000000000000000000000000000000000000000000000000000000000000000000000000000000000000000000000B5
:40CB80000000000000000000000000000000000000000000000000000000000000000000000000000000000000000000000000000000000000000000000000000000000075
:40CBC0000000000000000000000000000000000000000000000000000000000000000000000000000000000000000000000000000000000000000000000000000000000035
:40CC000000000000000000000000000000000000000000000000000000000000000000000000000000000000000000000000000000000000000000000000000000000000F4
:40CC400000000000000000000000000000000000000000000000000000000000000000000000000000000000000000000000000000000000000000000000000000000000B4
:40CC80000000000000000000000000000000000000000000000000000000000000000000000000000000000000000000000000000000000000000000000000000000000074
:40CCC0000000000000000000000000000000000000000000000000000000000000000000000000000000000000000000000000000000000000000000000000000000000034
:40CD000000000000000000000000000000000000000000000000000000000000000000000000000000000000000000000000000000000000000000000000000000000000F3
:40CD400000000000000000000000000000000000000000000000000000000000000000000000000000000000000000000000000000000000000000000000000000000000B3
:40CD80000000000000000000000000000000000000000000000000000000000000000000000000000000000000000000000000000000000000000000000000000000000073
:40CDC0000000000000000000000000000000000000000000000000000000000000000000000000000000000000000000000000000000000000000000000000000000000033
:40CE000000000000000000000000000000000000000000000000000000000000000000000000000000000000000000000000000000000000000000000000000000000000F2
:40CE400000000000000000000000000000000000000000000000000000000000000000000000000000000000000000000000000000000000000000000000000000000000B2
:40CE80000000000000000000000000000000000000000000000000000000000000000000000000000000000000000000000000000000000000000000000000000000000072
:40CEC0000000000000000000000000000000000000000000000000000000000000000000000000000000000000000000000000000000000000000000000000000000000032
:40CF000000000000000000000000000000000000000000000000000000000000000000000000000000000000000000000000000000000000000000000000000000000000F1
:40CF400000000000000000000000000000000000000000000000000000000000000000000000000000000000000000000000000000000000000000000000000000000000B1
:40CF80000000000000000000000000000000000000000000000000000000000000000000000000000000000000000000000000000000000000000000000000000000000071
:40CFC0000000000000000000000000000000000000000000000000000000000000000000000000000000000000000000000000000000000000000000000000000000000031
:40D0000000000000000000000000000000000000000000000000000000000000000000000000000000000000000000000000000000000000000000000000000000000000F0
:40D0400000000000000000000000000000000000000000000000000000000000000000000000000000000000000000000000000000000000000000000000000000000000B0
:40D080000000000000000000000000000000000000000000000000000000000000000000000000000000000000000000000000000000000000000000000000000000000070
:40D0C0000000000000000000000000000000000000000000000000000000000000000000000000000000000000000000000000000000000000000000000000000000000030
:40D1000000000000000000000000000000000000000000000000000000000000000000000000000000000000000000000000000000000000000000000000000000000000EF
:40D1400000000000000000000000000000000000000000000000000000000000000000000000000000000000000000000000000000000000000000000000000000000000AF
:40D18000000000000000000000000000000000000000000000000000000000000000000000000000000000000000000000000000000000000000000000000000000000006F
:40D1C000000000000000000000000000000000000000000000000000000000000000000000000000000000000000000000000000000000000000000000000000000000002F
:40D2000000000000000000000000000000000000000000000000000000000000000000000000000000000000000000000000000000000000000000000000000000000000EE
:40D2400000000000000000000000000000000000000000000000000000000000000000000000000000000000000000000000000000000000000000000000000000000000AE
:40D28000000000000000000000000000000000000000000000000000000000000000000000000000000000000000000000000000000000000000000000000000000000006E
:40D2C000000000000000000000000000000000000000000000000000000000000000000000000000000000000000000000000000000000000000000000000000000000002E
:40D3000000000000000000000000000000000000000000000000000000000000000000000000000000000000000000000000000000000000000000000000000000000000ED
:40D3400000000000000000000000000000000000000000000000000000000000000000000000000000000000000000000000000000000000000000000000000000000000AD
:40D38000000000000000000000000000000000000000000000000000000000000000000000000000000000000000000000000000000000000000000000000000000000006D
:40D3C000000000000000000000000000000000000000000000000000000000000000000000000000000000000000000000000000000000000000000000000000000000002D
:40D4000000000000000000000000000000000000000000000000000000000000000000000000000000000000000000000000000000000000000000000000000000000000EC
:40D4400000000000000000000000000000000000000000000000000000000000000000000000000000000000000000000000000000000000000000000000000000000000AC
:40D48000000000000000000000000000000000000000000000000000000000000000000000000000000000000000000000000000000000000000000000000000000000006C
:40D4C000000000000000000000000000000000000000000000000000000000000000000000000000000000000000000000000000000000000000000000000000000000002C
:40D5000000000000000000000000000000000000000000000000000000000000000000000000000000000000000000000000000000000000000000000000000000000000EB
:40D5400000000000000000000000000000000000000000000000000000000000000000000000000000000000000000000000000000000000000000000000000000000000AB
:40D58000000000000000000000000000000000000000000000000000000000000000000000000000000000000000000000000000000000000000000000000000000000006B
:40D5C000000000000000000000000000000000000000000000000000000000000000000000000000000000000000000000000000000000000000000000000000000000002B
:40D6000000000000000000000000000000000000000000000000000000000000000000000000000000000000000000000000000000000000000000000000000000000000EA
:40D6400000000000000000000000000000000000000000000000000000000000000000000000000000000000000000000000000000000000000000000000000000000000AA
:40D68000000000000000000000000000000000000000000000000000000000000000000000000000000000000000000000000000000000000000000000000000000000006A
:40D6C000000000000000000000000000000000000000000000000000000000000000000000000000000000000000000000000000000000000000000000000000000000002A
:40D7000000000000000000000000000000000000000000000000000000000000000000000000000000000000000000000000000000000000000000000000000000000000E9
:40D7400000000000000000000000000000000000000000000000000000000000000000000000000000000000000000000000000000000000000000000000000000000000A9
:40D780000000000000000000000000000000000000000000000000000000000000000000000000000000000000000000000000000000000000000000000000000000000069
:40D7C0000000000000000000000000000000000000000000000000000000000000000000000000000000000000000000000000000000000000000000000000000000000029
:40D8000000000000000000000000000000000000000000000000000000000000000000000000000000000000000000000000000000000000000000000000000000000000E8
:40D8400000000000000000000000000000000000000000000000000000000000000000000000000000000000000000000000000000000000000000000000000000000000A8
:40D880000000000000000000000000000000000000000000000000000000000000000000000000000000000000000000000000000000000000000000000000000000000068
:40D8C0000000000000000000000000000000000000000000000000000000000000000000000000000000000000000000000000000000000000000000000000000000000028
:40D9000000000000000000000000000000000000000000000000000000000000000000000000000000000000000000000000000000000000000000000000000000000000E7
:40D9400000000000000000000000000000000000000000000000000000000000000000000000000000000000000000000000000000000000000000000000000000000000A7
:40D980000000000000000000000000000000000000000000000000000000000000000000000000000000000000000000000000000000000000000000000000000000000067
:40D9C0000000000000000000000000000000000000000000000000000000000000000000000000000000000000000000000000000000000000000000000000000000000027
:40DA000000000000000000000000000000000000000000000000000000000000000000000000000000000000000000000000000000000000000000000000000000000000E6
:40DA400000000000000000000000000000000000000000000000000000000000000000000000000000000000000000000000000000000000000000000000000000000000A6
:40DA80000000000000000000000000000000000000000000000000000000000000000000000000000000000000000000000000000000000000000000000000000000000066
:40DAC0000000000000000000000000000000000000000000000000000000000000000000000000000000000000000000000000000000000000000000000000000000000026
:40DB000000000000000000000000000000000000000000000000000000000000000000000000000000000000000000000000000000000000000000000000000000000000E5
:40DB400000000000000000000000000000000000000000000000000000000000000000000000000000000000000000000000000000000000000000000000000000000000A5
:40DB80000000000000000000000000000000000000000000000000000000000000000000000000000000000000000000000000000000000000000000000000000000000065
:40DBC0000000000000000000000000000000000000000000000000000000000000000000000000000000000000000000000000000000000000000000000000000000000025
:40DC000000000000000000000000000000000000000000000000000000000000000000000000000000000000000000000000000000000000000000000000000000000000E4
:40DC400000000000000000000000000000000000000000000000000000000000000000000000000000000000000000000000000000000000000000000000000000000000A4
:40DC80000000000000000000000000000000000000000000000000000000000000000000000000000000000000000000000000000000000000000000000000000000000064
:40DCC0000000000000000000000000000000000000000000000000000000000000000000000000000000000000000000000000000000000000000000000000000000000024
:40DD000000000000000000000000000000000000000000000000000000000000000000000000000000000000000000000000000000000000000000000000000000000000E3
:40DD400000000000000000000000000000000000000000000000000000000000000000000000000000000000000000000000000000000000000000000000000000000000A3
:40DD80000000000000000000000000000000000000000000000000000000000000000000000000000000000000000000000000000000000000000000000000000000000063
:40DDC0000000000000000000000000000000000000000000000000000000000000000000000000000000000000000000000000000000000000000000000000000000000023
:40DE000000000000000000000000000000000000000000000000000000000000000000000000000000000000000000000000000000000000000000000000000000000000E2
:40DE400000000000000000000000000000000000000000000000000000000000000000000000000000000000000000000000000000000000000000000000000000000000A2
:40DE80000000000000000000000000000000000000000000000000000000000000000000000000000000000000000000000000000000000000000000000000000000000062
:40DEC0000000000000000000000000000000000000000000000000000000000000000000000000000000000000000000000000000000000000000000000000000000000022
:40DF000000000000000000000000000000000000000000000000000000000000000000000000000000000000000000000000000000000000000000000000000000000000E1
:40DF400000000000000000000000000000000000000000000000000000000000000000000000000000000000000000000000000000000000000000000000000000000000A1
:40DF80000000000000000000000000000000000000000000000000000000000000000000000000000000000000000000000000000000000000000000000000000000000061
:40DFC0000000000000000000000000000000000000000000000000000000000000000000000000000000000000000000000000000000000000000000000000000000000021
:40E0000000000000000000000000000000000000000000000000000000000000000000000000000000000000000000000000000000000000000000000000000000000000E0
:40E0400000000000000000000000000000000000000000000000000000000000000000000000000000000000000000000000000000000000000000000000000000000000A0
:40E080000000000000000000000000000000000000000000000000000000000000000000000000000000000000000000000000000000000000000000000000000000000060
:40E0C0000000000000000000000000000000000000000000000000000000000000000000000000000000000000000000000000000000000000000000000000000000000020
:40E1000000000000000000000000000000000000000000000000000000000000000000000000000000000000000000000000000000000000000000000000000000000000DF
:40E14000000000000000000000000000000000000000000000000000000000000000000000000000000000000000000000000000000000000000000000000000000000009F
:40E18000000000000000000000000000000000000000000000000000000000000000000000000000000000000000000000000000000000000000000000000000000000005F
:40E1C000000000000000000000000000000000000000000000000000000000000000000000000000000000000000000000000000000000000000000000000000000000001F
:40E2000000000000000000000000000000000000000000000000000000000000000000000000000000000000000000000000000000000000000000000000000000000000DE
:40E24000000000000000000000000000000000000000000000000000000000000000000000000000000000000000000000000000000000000000000000000000000000009E
:40E28000000000000000000000000000000000000000000000000000000000000000000000000000000000000000000000000000000000000000000000000000000000005E
:40E2C000000000000000000000000000000000000000000000000000000000000000000000000000000000000000000000000000000000000000000000000000000000001E
:40E3000000000000000000000000000000000000000000000000000000000000000000000000000000000000000000000000000000000000000000000000000000000000DD
:40E34000000000000000000000000000000000000000000000000000000000000000000000000000000000000000000000000000000000000000000000000000000000009D
:40E38000000000000000000000000000000000000000000000000000000000000000000000000000000000000000000000000000000000000000000000000000000000005D
:40E3C000000000000000000000000000000000000000000000000000000000000000000000000000000000000000000000000000000000000000000000000000000000001D
:40E4000000000000000000000000000000000000000000000000000000000000000000000000000000000000000000000000000000000000000000000000000000000000DC
:40E44000000000000000000000000000000000000000000000000000000000000000000000000000000000000000000000000000000000000000000000000000000000009C
:40E48000000000000000000000000000000000000000000000000000000000000000000000000000000000000000000000000000000000000000000000000000000000005C
:40E4C000000000000000000000000000000000000000000000000000000000000000000000000000000000000000000000000000000000000000000000000000000000001C
:40E5000000000000000000000000000000000000000000000000000000000000000000000000000000000000000000000000000000000000000000000000000000000000DB
:40E54000000000000000000000000000000000000000000000000000000000000000000000000000000000000000000000000000000000000000000000000000000000009B
:40E58000000000000000000000000000000000000000000000000000000000000000000000000000000000000000000000000000000000000000000000000000000000005B
:40E5C000000000000000000000000000000000000000000000000000000000000000000000000000000000000000000000000000000000000000000000000000000000001B
:40E6000000000000000000000000000000000000000000000000000000000000000000000000000000000000000000000000000000000000000000000000000000000000DA
:40E64000000000000000000000000000000000000000000000000000000000000000000000000000000000000000000000000000000000000000000000000000000000009A
:40E68000000000000000000000000000000000000000000000000000000000000000000000000000000000000000000000000000000000000000000000000000000000005A
:40E6C000000000000000000000000000000000000000000000000000000000000000000000000000000000000000000000000000000000000000000000000000000000001A
:40E7000000000000000000000000000000000000000000000000000000000000000000000000000000000000000000000000000000000000000000000000000000000000D9
:40E740000000000000000000000000000000000000000000000000000000000000000000000000000000000000000000000000000000000000000000000000000000000099
:40E780000000000000000000000000000000000000000000000000000000000000000000000000000000000000000000000000000000000000000000000000000000000059
:40E7C0000000000000000000000000000000000000000000000000000000000000000000000000000000000000000000000000000000000000000000000000000000000019
:40E8000000000000000000000000000000000000000000000000000000000000000000000000000000000000000000000000000000000000000000000000000000000000D8
:40E840000000000000000000000000000000000000000000000000000000000000000000000000000000000000000000000000000000000000000000000000000000000098
:40E880000000000000000000000000000000000000000000000000000000000000000000000000000000000000000000000000000000000000000000000000000000000058
:40E8C0000000000000000000000000000000000000000000000000000000000000000000000000000000000000000000000000000000000000000000000000000000000018
:40E9000000000000000000000000000000000000000000000000000000000000000000000000000000000000000000000000000000000000000000000000000000000000D7
:40E940000000000000000000000000000000000000000000000000000000000000000000000000000000000000000000000000000000000000000000000000000000000097
:40E980000000000000000000000000000000000000000000000000000000000000000000000000000000000000000000000000000000000000000000000000000000000057
:40E9C0000000000000000000000000000000000000000000000000000000000000000000000000000000000000000000000000000000000000000000000000000000000017
:40EA000000000000000000000000000000000000000000000000000000000000000000000000000000000000000000000000000000000000000000000000000000000000D6
:40EA40000000000000000000000000000000000000000000000000000000000000000000000000000000000000000000000000000000000000000000000000000000000096
:40EA80000000000000000000000000000000000000000000000000000000000000000000000000000000000000000000000000000000000000000000000000000000000056
:40EAC0000000000000000000000000000000000000000000000000000000000000000000000000000000000000000000000000000000000000000000000000000000000016
:40EB000000000000000000000000000000000000000000000000000000000000000000000000000000000000000000000000000000000000000000000000000000000000D5
:40EB40000000000000000000000000000000000000000000000000000000000000000000000000000000000000000000000000000000000000000000000000000000000095
:40EB80000000000000000000000000000000000000000000000000000000000000000000000000000000000000000000000000000000000000000000000000000000000055
:40EBC0000000000000000000000000000000000000000000000000000000000000000000000000000000000000000000000000000000000000000000000000000000000015
:40EC000000000000000000000000000000000000000000000000000000000000000000000000000000000000000000000000000000000000000000000000000000000000D4
:40EC40000000000000000000000000000000000000000000000000000000000000000000000000000000000000000000000000000000000000000000000000000000000094
:40EC80000000000000000000000000000000000000000000000000000000000000000000000000000000000000000000000000000000000000000000000000000000000054
:40ECC0000000000000000000000000000000000000000000000000000000000000000000000000000000000000000000000000000000000000000000000000000000000014
:40ED000000000000000000000000000000000000000000000000000000000000000000000000000000000000000000000000000000000000000000000000000000000000D3
:40ED40000000000000000000000000000000000000000000000000000000000000000000000000000000000000000000000000000000000000000000000000000000000093
:40ED80000000000000000000000000000000000000000000000000000000000000000000000000000000000000000000000000000000000000000000000000000000000053
:40EDC0000000000000000000000000000000000000000000000000000000000000000000000000000000000000000000000000000000000000000000000000000000000013
:40EE000000000000000000000000000000000000000000000000000000000000000000000000000000000000000000000000000000000000000000000000000000000000D2
:40EE40000000000000000000000000000000000000000000000000000000000000000000000000000000000000000000000000000000000000000000000000000000000092
:40EE80000000000000000000000000000000000000000000000000000000000000000000000000000000000000000000000000000000000000000000000000000000000052
:40EEC0000000000000000000000000000000000000000000000000000000000000000000000000000000000000000000000000000000000000000000000000000000000012
:40EF000000000000000000000000000000000000000000000000000000000000000000000000000000000000000000000000000000000000000000000000000000000000D1
:40EF40000000000000000000000000000000000000000000000000000000000000000000000000000000000000000000000000000000000000000000000000000000000091
:40EF80000000000000000000000000000000000000000000000000000000000000000000000000000000000000000000000000000000000000000000000000000000000051
:40EFC0000000000000000000000000000000000000000000000000000000000000000000000000000000000000000000000000000000000000000000000000000000000011
:40F0000000000000000000000000000000000000000000000000000000000000000000000000000000000000000000000000000000000000000000000000000000000000D0
:40F040000000000000000000000000000000000000000000000000000000000000000000000000000000000000000000000000000000000000000000000000000000000090
:40F080000000000000000000000000000000000000000000000000000000000000000000000000000000000000000000000000000000000000000000000000000000000050
:40F0C0000000000000000000000000000000000000000000000000000000000000000000000000000000000000000000000000000000000000000000000000000000000010
:40F1000000000000000000000000000000000000000000000000000000000000000000000000000000000000000000000000000000000000000000000000000000000000CF
:40F14000000000000000000000000000000000000000000000000000000000000000000000000000000000000000000000000000000000000000000000000000000000008F
:40F18000000000000000000000000000000000000000000000000000000000000000000000000000000000000000000000000000000000000000000000000000000000004F
:40F1C000000000000000000000000000000000000000000000000000000000000000000000000000000000000000000000000000000000000000000000000000000000000F
:40F2000000000000000000000000000000000000000000000000000000000000000000000000000000000000000000000000000000000000000000000000000000000000CE
:40F24000000000000000000000000000000000000000000000000000000000000000000000000000000000000000000000000000000000000000000000000000000000008E
:40F28000000000000000000000000000000000000000000000000000000000000000000000000000000000000000000000000000000000000000000000000000000000004E
:40F2C000000000000000000000000000000000000000000000000000000000000000000000000000000000000000000000000000000000000000000000000000000000000E
:40F3000000000000000000000000000000000000000000000000000000000000000000000000000000000000000000000000000000000000000000000000000000000000CD
:40F34000000000000000000000000000000000000000000000000000000000000000000000000000000000000000000000000000000000000000000000000000000000008D
:40F38000000000000000000000000000000000000000000000000000000000000000000000000000000000000000000000000000000000000000000000000000000000004D
:40F3C000000000000000000000000000000000000000000000000000000000000000000000000000000000000000000000000000000000000000000000000000000000000D
:40F4000000000000000000000000000000000000000000000000000000000000000000000000000000000000000000000000000000000000000000000000000000000000CC
:40F44000000000000000000000000000000000000000000000000000000000000000000000000000000000000000000000000000000000000000000000000000000000008C
:40F48000000000000000000000000000000000000000000000000000000000000000000000000000000000000000000000000000000000000000000000000000000000004C
:40F4C000000000000000000000000000000000000000000000000000000000000000000000000000000000000000000000000000000000000000000000000000000000000C
:40F5000000000000000000000000000000000000000000000000000000000000000000000000000000000000000000000000000000000000000000000000000000000000CB
:40F54000000000000000000000000000000000000000000000000000000000000000000000000000000000000000000000000000000000000000000000000000000000008B
:40F58000000000000000000000000000000000000000000000000000000000000000000000000000000000000000000000000000000000000000000000000000000000004B
:40F5C000000000000000000000000000000000000000000000000000000000000000000000000000000000000000000000000000000000000000000000000000000000000B
:40F6000000000000000000000000000000000000000000000000000000000000000000000000000000000000000000000000000000000000000000000000000000000000CA
:40F64000000000000000000000000000000000000000000000000000000000000000000000000000000000000000000000000000000000000000000000000000000000008A
:40F68000000000000000000000000000000000000000000000000000000000000000000000000000000000000000000000000000000000000000000000000000000000004A
:40F6C000000000000000000000000000000000000000000000000000000000000000000000000000000000000000000000000000000000000000000000000000000000000A
:40F7000000000000000000000000000000000000000000000000000000000000000000000000000000000000000000000000000000000000000000000000000000000000C9
:40F740000000000000000000000000000000000000000000000000000000000000000000000000000000000000000000000000000000000000000000000000000000000089
:40F780000000000000000000000000000000000000000000000000000000000000000000000000000000000000000000000000000000000000000000000000000000000049
:40F7C0000000000000000000000000000000000000000000000000000000000000000000000000000000000000000000000000000000000000000000000000000000000009
:40F8000000000000000000000000000000000000000000000000000000000000000000000000000000000000000000000000000000000000000000000000000000000000C8
:40F840000000000000000000000000000000000000000000000000000000000000000000000000000000000000000000000000000000000000000000000000000000000088
:40F880000000000000000000000000000000000000000000000000000000000000000000000000000000000000000000000000000000000000000000000000000000000048
:40F8C0000000000000000000000000000000000000000000000000000000000000000000000000000000000000000000000000000000000000000000000000000000000008
:40F9000000000000000000000000000000000000000000000000000000000000000000000000000000000000000000000000000000000000000000000000000000000000C7
:40F940000000000000000000000000000000000000000000000000000000000000000000000000000000000000000000000000000000000000000000000000000000000087
:40F980000000000000000000000000000000000000000000000000000000000000000000000000000000000000000000000000000000000000000000000000000000000047
:40F9C0000000000000000000000000000000000000000000000000000000000000000000000000000000000000000000000000000000000000000000000000000000000007
:40FA000000000000000000000000000000000000000000000000000000000000000000000000000000000000000000000000000000000000000000000000000000000000C6
:40FA40000000000000000000000000000000000000000000000000000000000000000000000000000000000000000000000000000000000000000000000000000000000086
:40FA80000000000000000000000000000000000000000000000000000000000000000000000000000000000000000000000000000000000000000000000000000000000046
:40FAC0000000000000000000000000000000000000000000000000000000000000000000000000000000000000000000000000000000000000000000000000000000000006
:40FB000000000000000000000000000000000000000000000000000000000000000000000000000000000000000000000000000000000000000000000000000000000000C5
:40FB40000000000000000000000000000000000000000000000000000000000000000000000000000000000000000000000000000000000000000000000000000000000085
:40FB80000000000000000000000000000000000000000000000000000000000000000000000000000000000000000000000000000000000000000000000000000000000045
:40FBC0000000000000000000000000000000000000000000000000000000000000000000000000000000000000000000000000000000000000000000000000000000000005
:40FC000000000000000000000000000000000000000000000000000000000000000000000000000000000000000000000000000000000000000000000000000000000000C4
:40FC40000000000000000000000000000000000000000000000000000000000000000000000000000000000000000000000000000000000000000000000000000000000084
:40FC80000000000000000000000000000000000000000000000000000000000000000000000000000000000000000000000000000000000000000000000000000000000044
:40FCC0000000000000000000000000000000000000000000000000000000000000000000000000000000000000000000000000000000000000000000000000000000000004
:40FD000000000000000000000000000000000000000000000000000000000000000000000000000000000000000000000000000000000000000000000000000000000000C3
:40FD40000000000000000000000000000000000000000000000000000000000000000000000000000000000000000000000000000000000000000000000000000000000083
:40FD80000000000000000000000000000000000000000000000000000000000000000000000000000000000000000000000000000000000000000000000000000000000043
:40FDC0000000000000000000000000000000000000000000000000000000000000000000000000000000000000000000000000000000000000000000000000000000000003
:40FE000000000000000000000000000000000000000000000000000000000000000000000000000000000000000000000000000000000000000000000000000000000000C2
:40FE40000000000000000000000000000000000000000000000000000000000000000000000000000000000000000000000000000000000000000000000000000000000082
:40FE80000000000000000000000000000000000000000000000000000000000000000000000000000000000000000000000000000000000000000000000000000000000042
:40FEC0000000000000000000000000000000000000000000000000000000000000000000000000000000000000000000000000000000000000000000000000000000000002
:40FF000000000000000000000000000000000000000000000000000000000000000000000000000000000000000000000000000000000000000000000000000000000000C1
:40FF40000000000000000000000000000000000000000000000000000000000000000000000000000000000000000000000000000000000000000000000000000000000081
:40FF80000000000000000000000000000000000000000000000000000000000000000000000000000000000000000000000000000000000000000000000000000000000041
:40FFC0000000000000000000000000000000000000000000000000000000000000000000000000000000000000000000000000000000000000000000000000000000000001
:0200000490303A
:02000000837902
:0200000490402A
:4000000000000000000000000000000000000000000000000000000000000000000000000000000000000000000000000000000000000000000000000000000000000000C0
:400040000000000000000000000000000000000000000000000000000000000000000000000000000000000000000000000000000000000000000000000000000000000080
:0200000490501A
:0C00000000021A1711AA00011AC0952373
:0200000490600A
:0100000001FE
:00000001FF