ARM GAS  C:\Users\Lenovo\AppData\Local\Temp\ccTXWGea.s 			page 1


   1              		.syntax unified
   2              		.cpu cortex-m0
   3              		.fpu softvfp
   4              		.eabi_attribute 20, 1
   5              		.eabi_attribute 21, 1
   6              		.eabi_attribute 23, 3
   7              		.eabi_attribute 24, 1
   8              		.eabi_attribute 25, 1
   9              		.eabi_attribute 26, 1
  10              		.eabi_attribute 30, 1
  11              		.eabi_attribute 34, 0
  12              		.eabi_attribute 18, 4
  13              		.thumb
  14              		.syntax unified
  15              		.file	"main.c"
  16              		.text
  17              	.Ltext0:
  18              		.cfi_sections	.debug_frame
  19              		.syntax divided
  20              		.global _printf_float
  21              		.global	__aeabi_ui2f
  22              		.global	__aeabi_f2d
  23              		.global	__aeabi_dmul
  24              		.thumb
  25              		.syntax unified
  26              		.section	.text.AppCallBack,"ax",%progbits
  27              		.align	2
  28              		.global	AppCallBack
  29              		.code	16
  30              		.thumb_func
  31              		.type	AppCallBack, %function
  32              	AppCallBack:
  33              	.LFB36:
  34              		.file 1 "main.c"
   1:main.c        **** /*******************************************************************************
   2:main.c        **** * File Name: main.c
   3:main.c        **** *
   4:main.c        **** * Version 1.10
   5:main.c        **** *
   6:main.c        **** * Description:
   7:main.c        **** *  BLE example project that demonstrates how use BLE component’s
   8:main.c        **** *  Automation IO profile feature and related APIs.
   9:main.c        **** *
  10:main.c        **** * Note:
  11:main.c        **** *
  12:main.c        **** * Hardware Dependency:
  13:main.c        **** *  CY8CKIT-042 BLE
  14:main.c        **** * 
  15:main.c        **** ********************************************************************************
  16:main.c        **** * Copyright 2018, Cypress Semiconductor Corporation.  All rights reserved.
  17:main.c        **** * You may use this file only in accordance with the license, terms, conditions,
  18:main.c        **** * disclaimers, and limitations in the end user license agreement accompanying
  19:main.c        **** * the software package with which this file was provided.
  20:main.c        **** *******************************************************************************/
  21:main.c        **** 
  22:main.c        **** #include "debug.h"
  23:main.c        **** #include "aios.h"
ARM GAS  C:\Users\Lenovo\AppData\Local\Temp\ccTXWGea.s 			page 2


  24:main.c        **** #include <stdlib.h>
  25:main.c        **** 
  26:main.c        **** /*******************************************************************************
  27:main.c        **** * Global variables
  28:main.c        **** *******************************************************************************/
  29:main.c        **** AUTHENTICATION_STATE    authState = AUTHENTICATION_NOT_CONNECTED;
  30:main.c        **** CYBLE_GAP_AUTH_INFO_T   peerAuthInfo;
  31:main.c        **** CYBLE_API_RESULT_T      apiResult;
  32:main.c        **** CYBLE_CONN_HANDLE_T     connHandle;
  33:main.c        **** uint32  passkeyValue;
  34:main.c        **** uint32  passkeyPow;
  35:main.c        **** uint8   passkeyCounter;
  36:main.c        **** uint8   buttonState = BUTTON_IS_NOT_CHANGED;
  37:main.c        **** char8   command;
  38:main.c        **** uint8   customCommand = 0u;
  39:main.c        **** const   uint8 ledMask[N_OF_LEDS] = {0x08,0x02,0x01,0x04};
  40:main.c        **** 
  41:main.c        **** uint16 indyk[4]         = {0x10FF,0x20FF,0x40FF,0x80FF};
  42:main.c        **** const uint8 KOD7[10]    = {0x03,0x9F,0x25,0x0D,0x99,0x49,0x41,0x1F,0x01,0x09};
  43:main.c        **** 
  44:main.c        **** volatile uint16 adcResult = 0;
  45:main.c        **** volatile uint8 data_ready = 0;
  46:main.c        **** uint8 adcIndicationEnabled = 0;
  47:main.c        **** 
  48:main.c        **** #define ADC_VALID_RANGE_MIN     10u
  49:main.c        **** #define ADC_VALID_RANGE_MAX     0x7FF
  50:main.c        **** uint16 ADC_CHANGE_THRESHOLD = 1;
  51:main.c        **** 
  52:main.c        **** 
  53:main.c        **** /* Add an explicit reference to the floating point printf library to allow
  54:main.c        **** the usage of floating point conversion specifier */
  55:main.c        **** 
  56:main.c        **** #if defined (__GNUC__)
  57:main.c        ****     /* Add an explicit reference to the floating point printf library */
  58:main.c        ****     /* to allow the usage of floating point conversion specifiers. */
  59:main.c        ****     /* This is not linked in by default with the newlib-nano library. */
  60:main.c        ****     asm (".global _printf_float");
  61:main.c        **** #endif
  62:main.c        **** 
  63:main.c        **** /*******************************************************************************
  64:main.c        **** * Function Name: AppCallBack()
  65:main.c        **** ********************************************************************************
  66:main.c        **** *
  67:main.c        **** * Summary:
  68:main.c        **** *   This is an event callback function to receive events from the BLE Component.
  69:main.c        **** *
  70:main.c        **** * Parameters:
  71:main.c        **** *  event - the event code
  72:main.c        **** *  *eventParam - the event parameters
  73:main.c        **** *
  74:main.c        **** * Return:
  75:main.c        **** *   None
  76:main.c        **** *
  77:main.c        **** *******************************************************************************/
  78:main.c        **** void AppCallBack(uint32 event, void* eventParam)
  79:main.c        **** {
  35              		.loc 1 79 0
ARM GAS  C:\Users\Lenovo\AppData\Local\Temp\ccTXWGea.s 			page 3


  36              		.cfi_startproc
  37              		@ args = 0, pretend = 0, frame = 8
  38              		@ frame_needed = 0, uses_anonymous_args = 0
  39              	.LVL0:
  40 0000 30B5     		push	{r4, r5, lr}
  41              		.cfi_def_cfa_offset 12
  42              		.cfi_offset 4, -12
  43              		.cfi_offset 5, -8
  44              		.cfi_offset 14, -4
  45 0002 85B0     		sub	sp, sp, #20
  46              		.cfi_def_cfa_offset 32
  47 0004 0C00     		movs	r4, r1
  80:main.c        ****     CYBLE_GAP_CONN_PARAM_UPDATED_IN_CONTROLLER_T *connParameters;
  81:main.c        ****     
  82:main.c        ****     switch(event)
  48              		.loc 1 82 0
  49 0006 2D28     		cmp	r0, #45
  50 0008 00D1     		bne	.LCB15
  51 000a 31E1     		b	.L3	@long jump
  52              	.LCB15:
  53 000c 2CD8     		bhi	.L4
  54 000e 2328     		cmp	r0, #35
  55 0010 00D1     		bne	.LCB19
  56 0012 43E1     		b	.L5	@long jump
  57              	.LCB19:
  58 0014 12D8     		bhi	.L6
  59 0016 0428     		cmp	r0, #4
  60 0018 00D1     		bne	.LCB23
  61 001a 98E0     		b	.L7	@long jump
  62              	.LCB23:
  63 001c 06D8     		bhi	.L8
  64 001e 0228     		cmp	r0, #2
  65 0020 6BD0     		beq	.L9
  66 0022 00D9     		bls	.LCB29
  67 0024 8FE0     		b	.L10	@long jump
  68              	.LCB29:
  69 0026 0128     		cmp	r0, #1
  70 0028 5DD0     		beq	.L11
  71 002a 6FE2     		b	.L2
  72              	.L8:
  73 002c 2128     		cmp	r0, #33
  74 002e 00D1     		bne	.LCB37
  75 0030 01E1     		b	.L12	@long jump
  76              	.LCB37:
  77 0032 00D9     		bls	.LCB39
  78 0034 0DE1     		b	.L13	@long jump
  79              	.LCB39:
  80 0036 0528     		cmp	r0, #5
  81 0038 5BD0     		beq	.L14
  82 003a 67E2     		b	.L2
  83              	.L6:
  84 003c 2728     		cmp	r0, #39
  85 003e 00D1     		bne	.LCB47
  86 0040 AFE0     		b	.L15	@long jump
  87              	.LCB47:
  88 0042 05D8     		bhi	.L16
  89 0044 2528     		cmp	r0, #37
ARM GAS  C:\Users\Lenovo\AppData\Local\Temp\ccTXWGea.s 			page 4


  90 0046 00D1     		bne	.LCB51
  91 0048 46E1     		b	.L17	@long jump
  92              	.LCB51:
  93 004a 00D8     		bhi	.LCB53
  94 004c 2FE1     		b	.L72	@long jump
  95              	.LCB53:
  96 004e 82E0     		b	.L18
  97              	.L16:
  98 0050 2928     		cmp	r0, #41
  99 0052 00D1     		bne	.LCB59
 100 0054 66E1     		b	.L20	@long jump
 101              	.LCB59:
 102 0056 00D2     		bcs	.LCB61
 103 0058 E4E0     		b	.L21	@long jump
 104              	.LCB61:
 105 005a 2A28     		cmp	r0, #42
 106 005c 00D1     		bne	.LCB63
 107 005e C8E0     		b	.L22	@long jump
 108              	.LCB63:
 109 0060 2C28     		cmp	r0, #44
 110 0062 00D1     		bne	.LCB65
 111 0064 1FE1     		b	.L23	@long jump
 112              	.LCB65:
 113 0066 51E2     		b	.L2
 114              	.L4:
 115 0068 5428     		cmp	r0, #84
 116 006a 00D1     		bne	.LCB71
 117 006c A7E1     		b	.L24	@long jump
 118              	.LCB71:
 119 006e 16D8     		bhi	.L25
 120 0070 4228     		cmp	r0, #66
 121 0072 00D1     		bne	.LCB75
 122 0074 94E1     		b	.L26	@long jump
 123              	.LCB75:
 124 0076 08D8     		bhi	.L27
 125 0078 4028     		cmp	r0, #64
 126 007a 00D1     		bne	.LCB79
 127 007c 57E1     		b	.L28	@long jump
 128              	.LCB79:
 129 007e 00D9     		bls	.LCB81
 130 0080 83E1     		b	.L29	@long jump
 131              	.LCB81:
 132 0082 3328     		cmp	r0, #51
 133 0084 00D1     		bne	.LCB83
 134 0086 FBE0     		b	.L30	@long jump
 135              	.LCB83:
 136 0088 40E2     		b	.L2
 137              	.L27:
 138 008a 4C28     		cmp	r0, #76
 139 008c 00D1     		bne	.LCB89
 140 008e 8EE1     		b	.L31	@long jump
 141              	.LCB89:
 142 0090 4E28     		cmp	r0, #78
 143 0092 00D1     		bne	.LCB91
 144 0094 8FE1     		b	.L32	@long jump
 145              	.LCB91:
 146 0096 4328     		cmp	r0, #67
ARM GAS  C:\Users\Lenovo\AppData\Local\Temp\ccTXWGea.s 			page 5


 147 0098 00D0     		beq	.LCB93
 148 009a 37E2     		b	.L2	@long jump
 149              	.LCB93:
 150 009c A4E1     		b	.L33
 151              	.L25:
 152 009e FA28     		cmp	r0, #250
 153 00a0 00D1     		bne	.LCB99
 154 00a2 15E1     		b	.L34	@long jump
 155              	.LCB99:
 156 00a4 09D8     		bhi	.L35
 157 00a6 7028     		cmp	r0, #112
 158 00a8 00D1     		bne	.LCB103
 159 00aa A7E1     		b	.L36	@long jump
 160              	.LCB103:
 161 00ac 7128     		cmp	r0, #113
 162 00ae 00D1     		bne	.LCB105
 163 00b0 AEE0     		b	.L37	@long jump
 164              	.LCB105:
 165 00b2 5728     		cmp	r0, #87
 166 00b4 00D0     		beq	.LCB107
 167 00b6 29E2     		b	.L2	@long jump
 168              	.LCB107:
 169 00b8 85E1     		b	.L38
 170              	.L35:
 171 00ba 0623     		movs	r3, #6
 172 00bc FF33     		adds	r3, r3, #255
 173 00be 9842     		cmp	r0, r3
 174 00c0 00D1     		bne	.LCB115
 175 00c2 89E1     		b	.L39	@long jump
 176              	.LCB115:
 177 00c4 04D8     		bhi	.L40
 178 00c6 013B     		subs	r3, r3, #1
 179 00c8 9842     		cmp	r0, r3
 180 00ca 00D1     		bne	.LCB120
 181 00cc 80E1     		b	.L41	@long jump
 182              	.LCB120:
 183 00ce 1DE2     		b	.L2
 184              	.L40:
 185 00d0 8323     		movs	r3, #131
 186 00d2 5B00     		lsls	r3, r3, #1
 187 00d4 9842     		cmp	r0, r3
 188 00d6 00D1     		bne	.LCB128
 189 00d8 82E1     		b	.L42	@long jump
 190              	.LCB128:
 191 00da E023     		movs	r3, #224
 192 00dc 1B02     		lsls	r3, r3, #8
 193 00de 9842     		cmp	r0, r3
 194 00e0 00D1     		bne	.LCB132
 195 00e2 17E2     		b	.L1	@long jump
 196              	.LCB132:
 197 00e4 12E2     		b	.L2
 198              	.L11:
  83:main.c        ****     {
  84:main.c        ****     case CYBLE_EVT_STACK_ON:
  85:main.c        ****         DBG_PRINTF("EVT_STACK_ON \r\n");
 199              		.loc 1 85 0
 200 00e6 C748     		ldr	r0, .L75
ARM GAS  C:\Users\Lenovo\AppData\Local\Temp\ccTXWGea.s 			page 6


 201              	.LVL1:
 202 00e8 FFF7FEFF 		bl	puts
 203              	.LVL2:
  86:main.c        ****         StartAdvertisement();    
 204              		.loc 1 86 0
 205 00ec FFF7FEFF 		bl	StartAdvertisement
 206              	.LVL3:
  87:main.c        ****         break;
 207              		.loc 1 87 0
 208 00f0 10E2     		b	.L1
 209              	.LVL4:
 210              	.L14:
  88:main.c        ****         
  89:main.c        ****     case CYBLE_EVT_STACK_BUSY_STATUS:
  90:main.c        ****         DBG_PRINTF("EVT_STACK_BUSY_STATUS \r\n");
 211              		.loc 1 90 0
 212 00f2 C548     		ldr	r0, .L75+4
 213              	.LVL5:
 214 00f4 FFF7FEFF 		bl	puts
 215              	.LVL6:
  91:main.c        ****         break;
 216              		.loc 1 91 0
 217 00f8 0CE2     		b	.L1
 218              	.LVL7:
 219              	.L9:
  92:main.c        ****         
  93:main.c        ****     case CYBLE_EVT_TIMEOUT: 
  94:main.c        ****         DBG_PRINTF("CYBLE_EVT_TIMEOUT: ");
 220              		.loc 1 94 0
 221 00fa C448     		ldr	r0, .L75+8
 222              	.LVL8:
 223 00fc FFF7FEFF 		bl	printf
 224              	.LVL9:
  95:main.c        ****         switch(*(CYBLE_TO_REASON_CODE_T *)eventParam)
 225              		.loc 1 95 0
 226 0100 2178     		ldrb	r1, [r4]
 227 0102 0229     		cmp	r1, #2
 228 0104 0CD0     		beq	.L45
 229 0106 02D8     		bhi	.L46
 230 0108 0129     		cmp	r1, #1
 231 010a 05D0     		beq	.L47
 232 010c 14E0     		b	.L44
 233              	.L46:
 234 010e 0329     		cmp	r1, #3
 235 0110 0AD0     		beq	.L48
 236 0112 0429     		cmp	r1, #4
 237 0114 0CD0     		beq	.L49
 238 0116 0FE0     		b	.L44
 239              	.L47:
  96:main.c        ****         {
  97:main.c        ****         case CYBLE_GAP_ADV_MODE_TO:
  98:main.c        ****             DBG_PRINTF("CYBLE_GAP_ADV_MODE_TO");
 240              		.loc 1 98 0
 241 0118 BD48     		ldr	r0, .L75+12
 242 011a FFF7FEFF 		bl	printf
 243              	.LVL10:
  99:main.c        ****             break;
ARM GAS  C:\Users\Lenovo\AppData\Local\Temp\ccTXWGea.s 			page 7


 244              		.loc 1 99 0
 245 011e 0EE0     		b	.L50
 246              	.L45:
 100:main.c        ****         case CYBLE_GAP_SCAN_TO:
 101:main.c        ****             DBG_PRINTF("CYBLE_GAP_SCAN_TO");
 247              		.loc 1 101 0
 248 0120 BC48     		ldr	r0, .L75+16
 249 0122 FFF7FEFF 		bl	printf
 250              	.LVL11:
 102:main.c        ****             break;
 251              		.loc 1 102 0
 252 0126 0AE0     		b	.L50
 253              	.L48:
 103:main.c        ****         case CYBLE_GATT_RSP_TO:
 104:main.c        ****             DBG_PRINTF("CYBLE_GATT_RSP_TO");
 254              		.loc 1 104 0
 255 0128 BB48     		ldr	r0, .L75+20
 256 012a FFF7FEFF 		bl	printf
 257              	.LVL12:
 105:main.c        ****             break;
 258              		.loc 1 105 0
 259 012e 06E0     		b	.L50
 260              	.L49:
 106:main.c        ****         case CYBLE_GENERIC_TO:
 107:main.c        ****             DBG_PRINTF("CYBLE_GENERIC_TO");
 261              		.loc 1 107 0
 262 0130 BA48     		ldr	r0, .L75+24
 263 0132 FFF7FEFF 		bl	printf
 264              	.LVL13:
 108:main.c        ****             break;
 265              		.loc 1 108 0
 266 0136 02E0     		b	.L50
 267              	.L44:
 109:main.c        ****         default:    /* Not existing timeout reason */
 110:main.c        ****             DBG_PRINTF("%x", *(uint8 *)eventParam);
 268              		.loc 1 110 0
 269 0138 B948     		ldr	r0, .L75+28
 270 013a FFF7FEFF 		bl	printf
 271              	.LVL14:
 272              	.L50:
 111:main.c        ****             break;
 112:main.c        ****         }
 113:main.c        ****         DBG_PRINTF("\r\n");
 273              		.loc 1 113 0
 274 013e B948     		ldr	r0, .L75+32
 275 0140 FFF7FEFF 		bl	puts
 276              	.LVL15:
 114:main.c        ****         break;
 277              		.loc 1 114 0
 278 0144 E6E1     		b	.L1
 279              	.LVL16:
 280              	.L10:
 115:main.c        ****         
 116:main.c        **** 	case CYBLE_EVT_HARDWARE_ERROR:    /* This event indicates that some internal HW error has occurred
 117:main.c        ****         DBG_PRINTF("EVT_HARDWARE_ERROR \r\n");
 281              		.loc 1 117 0
 282 0146 B848     		ldr	r0, .L75+36
ARM GAS  C:\Users\Lenovo\AppData\Local\Temp\ccTXWGea.s 			page 8


 283              	.LVL17:
 284 0148 FFF7FEFF 		bl	puts
 285              	.LVL18:
 118:main.c        **** 		break;
 286              		.loc 1 118 0
 287 014c E2E1     		b	.L1
 288              	.LVL19:
 289              	.L7:
 119:main.c        ****         
 120:main.c        ****     case CYBLE_EVT_HCI_STATUS:
 121:main.c        ****         DBG_PRINTF("EVT_HCI_STATUS \r\n");
 290              		.loc 1 121 0
 291 014e B748     		ldr	r0, .L75+40
 292              	.LVL20:
 293 0150 FFF7FEFF 		bl	puts
 294              	.LVL21:
 122:main.c        **** 		break;
 295              		.loc 1 122 0
 296 0154 DEE1     		b	.L1
 297              	.LVL22:
 298              	.L18:
 123:main.c        ****         
 124:main.c        ****     /**********************************************************
 125:main.c        ****     *                       GAP Events
 126:main.c        ****     ***********************************************************/
 127:main.c        ****     case CYBLE_EVT_GAPP_ADVERTISEMENT_START_STOP:
 128:main.c        ****         DBG_PRINTF("CYBLE_EVT_GAPP_ADVERTISEMENT_START_STOP\r\n");
 299              		.loc 1 128 0
 300 0156 B648     		ldr	r0, .L75+44
 301              	.LVL23:
 302 0158 FFF7FEFF 		bl	puts
 303              	.LVL24:
 129:main.c        ****         if(CYBLE_STATE_DISCONNECTED == CyBle_GetState())
 304              		.loc 1 129 0
 305 015c B54B     		ldr	r3, .L75+48
 306 015e 1B78     		ldrb	r3, [r3]
 307 0160 042B     		cmp	r3, #4
 308 0162 00D0     		beq	.LCB257
 309 0164 D6E1     		b	.L1	@long jump
 310              	.LCB257:
 130:main.c        ****         {   
 131:main.c        ****             /* Fast and slow advertising period complete, go to low power  
 132:main.c        ****              * mode (Hibernate mode) and wait for an external
 133:main.c        ****              * user event to wake up the device again */
 134:main.c        ****             DBG_PRINTF("Hibernate...\r\n");
 311              		.loc 1 134 0
 312 0166 B448     		ldr	r0, .L75+52
 313 0168 FFF7FEFF 		bl	puts
 314              	.LVL25:
 135:main.c        ****             Advertising_LED_Write(LED_OFF);
 315              		.loc 1 135 0
 316 016c 0120     		movs	r0, #1
 317 016e FFF7FEFF 		bl	Advertising_LED_Write
 318              	.LVL26:
 136:main.c        ****             Digtal_Output_LED_Write(LED_OFF);
 319              		.loc 1 136 0
 320 0172 0120     		movs	r0, #1
ARM GAS  C:\Users\Lenovo\AppData\Local\Temp\ccTXWGea.s 			page 9


 321 0174 FFF7FEFF 		bl	Digtal_Output_LED_Write
 322              	.LVL27:
 137:main.c        ****             SW2_ClearInterrupt();
 323              		.loc 1 137 0
 324 0178 FFF7FEFF 		bl	SW2_ClearInterrupt
 325              	.LVL28:
 138:main.c        ****             SW2_Interrupt_ClearPending();
 326              		.loc 1 138 0
 327 017c FFF7FEFF 		bl	SW2_Interrupt_ClearPending
 328              	.LVL29:
 139:main.c        ****             SW2_Interrupt_Start();
 329              		.loc 1 139 0
 330 0180 FFF7FEFF 		bl	SW2_Interrupt_Start
 331              	.LVL30:
 332              	.L52:
 140:main.c        **** 
 141:main.c        ****             /* Wait until debug info is sent */
 142:main.c        ****             while((UART_DEB_SpiUartGetTxBufferSize() + UART_DEB_GET_TX_FIFO_SR_VALID) != 0);
 333              		.loc 1 142 0 discriminator 5
 334 0184 FFF7FEFF 		bl	UART_DEB_SpiUartGetTxBufferSize
 335              	.LVL31:
 336 0188 AC4B     		ldr	r3, .L75+56
 337 018a 1B68     		ldr	r3, [r3]
 338 018c 8022     		movs	r2, #128
 339 018e 1202     		lsls	r2, r2, #8
 340 0190 1340     		ands	r3, r2
 341 0192 00D0     		beq	.L51
 342              		.loc 1 142 0 is_stmt 0
 343 0194 0123     		movs	r3, #1
 344              	.L51:
 345              		.loc 1 142 0 discriminator 4
 346 0196 1B18     		adds	r3, r3, r0
 347 0198 002B     		cmp	r3, #0
 348 019a F3D1     		bne	.L52
 143:main.c        ****             CySysPmHibernate();
 349              		.loc 1 143 0 is_stmt 1
 350 019c FFF7FEFF 		bl	CySysPmHibernate
 351              	.LVL32:
 352 01a0 B8E1     		b	.L1
 353              	.LVL33:
 354              	.L15:
 144:main.c        ****         }
 145:main.c        ****         break;
 146:main.c        ****         
 147:main.c        ****     case CYBLE_EVT_GAP_DEVICE_CONNECTED:
 148:main.c        ****         connParameters = (CYBLE_GAP_CONN_PARAM_UPDATED_IN_CONTROLLER_T *)eventParam;
 149:main.c        ****         DBG_PRINTF("CYBLE_EVT_GAP_DEVICE_CONNECTED: connIntv = %.2f ms.\r\n",   
 355              		.loc 1 149 0
 356 01a2 4888     		ldrh	r0, [r1, #2]
 357              	.LVL34:
 358 01a4 FFF7FEFF 		bl	__aeabi_ui2f
 359              	.LVL35:
 360 01a8 FFF7FEFF 		bl	__aeabi_f2d
 361              	.LVL36:
 362 01ac 0022     		movs	r2, #0
 363 01ae A44B     		ldr	r3, .L75+60
 364 01b0 FFF7FEFF 		bl	__aeabi_dmul
ARM GAS  C:\Users\Lenovo\AppData\Local\Temp\ccTXWGea.s 			page 10


 365              	.LVL37:
 366 01b4 0200     		movs	r2, r0
 367 01b6 0B00     		movs	r3, r1
 368 01b8 A248     		ldr	r0, .L75+64
 369 01ba FFF7FEFF 		bl	printf
 370              	.LVL38:
 150:main.c        ****             (float)connParameters->connIntv * CYBLE_CONN_INTRV_TO_MS);
 151:main.c        ****     
 152:main.c        ****         /* Initiate pairing process */
 153:main.c        ****         if((cyBle_authInfo.security & CYBLE_GAP_SEC_LEVEL_MASK) > CYBLE_GAP_SEC_LEVEL_1)
 371              		.loc 1 153 0
 372 01be A24B     		ldr	r3, .L75+68
 373 01c0 1B78     		ldrb	r3, [r3]
 374 01c2 1B07     		lsls	r3, r3, #28
 375 01c4 0ED0     		beq	.L53
 154:main.c        ****         {
 155:main.c        ****             apiResult = CyBle_GapAuthReq(cyBle_connHandle.bdHandle, &cyBle_authInfo);
 376              		.loc 1 155 0
 377 01c6 A14B     		ldr	r3, .L75+72
 378 01c8 1878     		ldrb	r0, [r3]
 379 01ca 9F49     		ldr	r1, .L75+68
 380 01cc FFF7FEFF 		bl	CyBle_GapAuthReq
 381              	.LVL39:
 382 01d0 9F4B     		ldr	r3, .L75+76
 383 01d2 1880     		strh	r0, [r3]
 156:main.c        ****             if(apiResult != CYBLE_ERROR_OK)
 384              		.loc 1 156 0
 385 01d4 0028     		cmp	r0, #0
 386 01d6 08D0     		beq	.L54
 157:main.c        ****             {
 158:main.c        ****                 DBG_PRINTF(" CyBle_GapAuthReq API Error: ");
 387              		.loc 1 158 0
 388 01d8 9E48     		ldr	r0, .L75+80
 389 01da FFF7FEFF 		bl	printf
 390              	.LVL40:
 159:main.c        ****                 PrintApiResult();
 391              		.loc 1 159 0
 392 01de FFF7FEFF 		bl	PrintApiResult
 393              	.LVL41:
 394 01e2 02E0     		b	.L54
 395              	.L53:
 160:main.c        ****             }
 161:main.c        ****         }
 162:main.c        ****         else
 163:main.c        ****         {
 164:main.c        ****             authState = AUTHENTICATION_BONDING_COMPLETE;
 396              		.loc 1 164 0
 397 01e4 0522     		movs	r2, #5
 398 01e6 9C4B     		ldr	r3, .L75+84
 399 01e8 1A70     		strb	r2, [r3]
 400              	.L54:
 165:main.c        ****         }
 166:main.c        ****         Advertising_LED_Write(LED_OFF);
 401              		.loc 1 166 0
 402 01ea 0120     		movs	r0, #1
 403 01ec FFF7FEFF 		bl	Advertising_LED_Write
 404              	.LVL42:
ARM GAS  C:\Users\Lenovo\AppData\Local\Temp\ccTXWGea.s 			page 11


 167:main.c        ****         break;
 405              		.loc 1 167 0
 406 01f0 90E1     		b	.L1
 407              	.LVL43:
 408              	.L22:
 168:main.c        ****         
 169:main.c        ****     case CYBLE_EVT_GAPC_CONNECTION_UPDATE_COMPLETE:       
 170:main.c        ****         connParameters = (CYBLE_GAP_CONN_PARAM_UPDATED_IN_CONTROLLER_T *)eventParam;
 171:main.c        ****         DBG_PRINTF("CYBLE_EVT_GAP_DEVICE_CONNECTED: connIntv = %.2f ms.\r\n",   
 409              		.loc 1 171 0
 410 01f2 4888     		ldrh	r0, [r1, #2]
 411              	.LVL44:
 412 01f4 FFF7FEFF 		bl	__aeabi_ui2f
 413              	.LVL45:
 414 01f8 FFF7FEFF 		bl	__aeabi_f2d
 415              	.LVL46:
 416 01fc 0022     		movs	r2, #0
 417 01fe 904B     		ldr	r3, .L75+60
 418 0200 FFF7FEFF 		bl	__aeabi_dmul
 419              	.LVL47:
 420 0204 0200     		movs	r2, r0
 421 0206 0B00     		movs	r3, r1
 422 0208 8E48     		ldr	r0, .L75+64
 423 020a FFF7FEFF 		bl	printf
 424              	.LVL48:
 172:main.c        ****             (float)connParameters->connIntv * CYBLE_CONN_INTRV_TO_MS);
 173:main.c        ****     
 174:main.c        ****         break;
 425              		.loc 1 174 0
 426 020e 81E1     		b	.L1
 427              	.LVL49:
 428              	.L37:
 175:main.c        ****         
 176:main.c        ****     case CYBLE_EVT_L2CAP_CONN_PARAM_UPDATE_RSP:
 177:main.c        ****         DBG_PRINTF("CYBLE_EVT_L2CAP_CONN_PARAM_UPDATE_RSP: %s\r\n", 
 429              		.loc 1 177 0
 430 0210 0B88     		ldrh	r3, [r1]
 431 0212 002B     		cmp	r3, #0
 432 0214 01D1     		bne	.L71
 433 0216 9149     		ldr	r1, .L75+88
 434              	.LVL50:
 435 0218 00E0     		b	.L55
 436              	.LVL51:
 437              	.L71:
 438 021a 9149     		ldr	r1, .L75+92
 439              	.LVL52:
 440              	.L55:
 441              		.loc 1 177 0 is_stmt 0 discriminator 4
 442 021c 9148     		ldr	r0, .L75+96
 443              	.LVL53:
 444 021e FFF7FEFF 		bl	printf
 445              	.LVL54:
 178:main.c        ****             *(uint16 *)eventParam == 0u ? "Accepted" : "Rejected");
 179:main.c        ****         break;    
 446              		.loc 1 179 0 is_stmt 1 discriminator 4
 447 0222 77E1     		b	.L1
 448              	.LVL55:
ARM GAS  C:\Users\Lenovo\AppData\Local\Temp\ccTXWGea.s 			page 12


 449              	.L21:
 180:main.c        ****         
 181:main.c        ****     case CYBLE_EVT_GAP_DEVICE_DISCONNECTED:
 182:main.c        ****         DBG_PRINTF("CYBLE_EVT_GAP_DEVICE_DISCONNECTED\r\n");
 450              		.loc 1 182 0
 451 0224 9048     		ldr	r0, .L75+100
 452              	.LVL56:
 453 0226 FFF7FEFF 		bl	puts
 454              	.LVL57:
 183:main.c        ****         DBG_PRINTF("Device disconnected. \r\n");
 455              		.loc 1 183 0
 456 022a 9048     		ldr	r0, .L75+104
 457 022c FFF7FEFF 		bl	puts
 458              	.LVL58:
 184:main.c        ****         StartAdvertisement();
 459              		.loc 1 184 0
 460 0230 FFF7FEFF 		bl	StartAdvertisement
 461              	.LVL59:
 185:main.c        ****         break;
 462              		.loc 1 185 0
 463 0234 6EE1     		b	.L1
 464              	.LVL60:
 465              	.L12:
 186:main.c        ****                    
 187:main.c        ****     case CYBLE_EVT_GAP_AUTH_REQ:
 188:main.c        ****         peerAuthInfo = *(CYBLE_GAP_AUTH_INFO_T *)eventParam;
 466              		.loc 1 188 0
 467 0236 8E4D     		ldr	r5, .L75+108
 468 0238 0522     		movs	r2, #5
 469 023a 2800     		movs	r0, r5
 470              	.LVL61:
 471 023c FFF7FEFF 		bl	memcpy
 472              	.LVL62:
 189:main.c        ****         DBG_PRINTF("EVT_AUTH_REQ: security=%x, bonding=%x, ekeySize=%x, err=%x \r\n", 
 473              		.loc 1 189 0
 474 0240 2978     		ldrb	r1, [r5]
 475 0242 6A78     		ldrb	r2, [r5, #1]
 476 0244 AB78     		ldrb	r3, [r5, #2]
 477 0246 E878     		ldrb	r0, [r5, #3]
 478 0248 0090     		str	r0, [sp]
 479 024a 8A48     		ldr	r0, .L75+112
 480 024c FFF7FEFF 		bl	printf
 481              	.LVL63:
 190:main.c        ****             peerAuthInfo.security, 
 191:main.c        ****             peerAuthInfo.bonding, 
 192:main.c        ****             peerAuthInfo.ekeySize, 
 193:main.c        ****             peerAuthInfo.authErr);
 194:main.c        ****         break;
 482              		.loc 1 194 0
 483 0250 60E1     		b	.L1
 484              	.LVL64:
 485              	.L13:
 195:main.c        ****         
 196:main.c        ****     case CYBLE_EVT_GAP_PASSKEY_ENTRY_REQUEST:
 197:main.c        ****         DBG_PRINTF("Enter the passkey shown in the peer device: \r\n");
 486              		.loc 1 197 0
 487 0252 8948     		ldr	r0, .L75+116
ARM GAS  C:\Users\Lenovo\AppData\Local\Temp\ccTXWGea.s 			page 13


 488              	.LVL65:
 489 0254 FFF7FEFF 		bl	puts
 490              	.LVL66:
 198:main.c        ****         authState = AUTHENTICATION_WAITING_FOR_PASSKEY;
 491              		.loc 1 198 0
 492 0258 0122     		movs	r2, #1
 493 025a 7F4B     		ldr	r3, .L75+84
 494 025c 1A70     		strb	r2, [r3]
 199:main.c        ****         passkeyValue = 0u;
 495              		.loc 1 199 0
 496 025e 0023     		movs	r3, #0
 497 0260 864A     		ldr	r2, .L75+120
 498 0262 1360     		str	r3, [r2]
 200:main.c        ****         passkeyPow = 100000u;
 499              		.loc 1 200 0
 500 0264 8649     		ldr	r1, .L75+124
 501 0266 874A     		ldr	r2, .L75+128
 502 0268 1160     		str	r1, [r2]
 201:main.c        ****         passkeyCounter = 0u;
 503              		.loc 1 201 0
 504 026a 874A     		ldr	r2, .L75+132
 505 026c 1370     		strb	r3, [r2]
 202:main.c        ****         break;
 506              		.loc 1 202 0
 507 026e 51E1     		b	.L1
 508              	.LVL67:
 509              	.L3:
 203:main.c        ****         
 204:main.c        ****     case CYBLE_EVT_GAP_NUMERIC_COMPARISON_REQUEST:
 205:main.c        ****         DBG_PRINTF("Compare this passkey with displayed in your peer device and press 'y' or 'n': %
 510              		.loc 1 205 0
 511 0270 0968     		ldr	r1, [r1]
 512              	.LVL68:
 513 0272 8648     		ldr	r0, .L75+136
 514              	.LVL69:
 515 0274 FFF7FEFF 		bl	printf
 516              	.LVL70:
 206:main.c        ****             *(uint32 *)eventParam);
 207:main.c        ****         authState = AUTHENTICATION_PASSKEY_YES_NO;
 517              		.loc 1 207 0
 518 0278 0322     		movs	r2, #3
 519 027a 774B     		ldr	r3, .L75+84
 520 027c 1A70     		strb	r2, [r3]
 208:main.c        ****         break;
 521              		.loc 1 208 0
 522 027e 49E1     		b	.L1
 523              	.LVL71:
 524              	.L30:
 209:main.c        ****         
 210:main.c        ****     case CYBLE_EVT_GAP_SMP_NEGOTIATED_AUTH_INFO:
 211:main.c        ****         peerAuthInfo = *(CYBLE_GAP_AUTH_INFO_T *)eventParam;
 525              		.loc 1 211 0
 526 0280 7B4D     		ldr	r5, .L75+108
 527 0282 0522     		movs	r2, #5
 528 0284 2800     		movs	r0, r5
 529              	.LVL72:
 530 0286 FFF7FEFF 		bl	memcpy
ARM GAS  C:\Users\Lenovo\AppData\Local\Temp\ccTXWGea.s 			page 14


 531              	.LVL73:
 212:main.c        ****         DBG_PRINTF("CYBLE_EVT_GAP_SMP_NEGOTIATED_AUTH_INFO: security:%x, bonding:%x, ekeySize:%x, a
 532              		.loc 1 212 0
 533 028a 2978     		ldrb	r1, [r5]
 534 028c 6A78     		ldrb	r2, [r5, #1]
 535 028e AB78     		ldrb	r3, [r5, #2]
 536 0290 E878     		ldrb	r0, [r5, #3]
 537 0292 0090     		str	r0, [sp]
 538 0294 7E48     		ldr	r0, .L75+140
 539 0296 FFF7FEFF 		bl	printf
 540              	.LVL74:
 213:main.c        ****             peerAuthInfo.security, 
 214:main.c        ****             peerAuthInfo.bonding, 
 215:main.c        ****             peerAuthInfo.ekeySize, 
 216:main.c        ****             peerAuthInfo.authErr);
 217:main.c        ****         break;
 541              		.loc 1 217 0
 542 029a 3BE1     		b	.L1
 543              	.LVL75:
 544              	.L5:
 218:main.c        **** 
 219:main.c        ****     case CYBLE_EVT_GAP_PASSKEY_DISPLAY_REQUEST:
 220:main.c        ****         DBG_PRINTF("Enter this passkey in your peer device: %6.6ld \r\n", *(uint32 *)eventParam);
 545              		.loc 1 220 0
 546 029c 0968     		ldr	r1, [r1]
 547              	.LVL76:
 548 029e 7D48     		ldr	r0, .L75+144
 549              	.LVL77:
 550 02a0 FFF7FEFF 		bl	printf
 551              	.LVL78:
 221:main.c        ****         break;
 552              		.loc 1 221 0
 553 02a4 36E1     		b	.L1
 554              	.LVL79:
 555              	.L23:
 222:main.c        ****         
 223:main.c        ****     case CYBLE_EVT_GAP_KEYINFO_EXCHNGE_CMPLT:
 224:main.c        ****         DBG_PRINTF("CYBLE_EVT_GAP_KEYINFO_EXCHNGE_CMPLT \r\n");
 556              		.loc 1 224 0
 557 02a6 7C48     		ldr	r0, .L75+148
 558              	.LVL80:
 559 02a8 FFF7FEFF 		bl	puts
 560              	.LVL81:
 225:main.c        ****         break;
 561              		.loc 1 225 0
 562 02ac 32E1     		b	.L1
 563              	.LVL82:
 564              	.L72:
 226:main.c        ****         
 227:main.c        ****     case CYBLE_EVT_GAP_AUTH_COMPLETE:
 228:main.c        ****         /* Authentication complete; initiate bonding */
 229:main.c        ****         peerAuthInfo = *(CYBLE_GAP_AUTH_INFO_T *)eventParam;
 565              		.loc 1 229 0
 566 02ae 704D     		ldr	r5, .L75+108
 567 02b0 0522     		movs	r2, #5
 568 02b2 2800     		movs	r0, r5
 569              	.LVL83:
ARM GAS  C:\Users\Lenovo\AppData\Local\Temp\ccTXWGea.s 			page 15


 570 02b4 FFF7FEFF 		bl	memcpy
 571              	.LVL84:
 230:main.c        ****         DBG_PRINTF("AUTH_COMPLETE: security:%x, bonding:%x, ekeySize:%x, authErr %x \r\n", 
 572              		.loc 1 230 0
 573 02b8 2978     		ldrb	r1, [r5]
 574 02ba 6A78     		ldrb	r2, [r5, #1]
 575 02bc AB78     		ldrb	r3, [r5, #2]
 576 02be E878     		ldrb	r0, [r5, #3]
 577 02c0 0090     		str	r0, [sp]
 578 02c2 7648     		ldr	r0, .L75+152
 579 02c4 FFF7FEFF 		bl	printf
 580              	.LVL85:
 231:main.c        ****             peerAuthInfo.security, 
 232:main.c        ****             peerAuthInfo.bonding, 
 233:main.c        ****             peerAuthInfo.ekeySize, 
 234:main.c        ****             peerAuthInfo.authErr);
 235:main.c        ****         authState = AUTHENTICATION_COMPLETE_BONDING_REQD;
 581              		.loc 1 235 0
 582 02c8 0422     		movs	r2, #4
 583 02ca 634B     		ldr	r3, .L75+84
 584 02cc 1A70     		strb	r2, [r3]
 236:main.c        ****         break;
 585              		.loc 1 236 0
 586 02ce 21E1     		b	.L1
 587              	.LVL86:
 588              	.L34:
 237:main.c        ****         
 238:main.c        ****     case CYBLE_EVT_PENDING_FLASH_WRITE:
 239:main.c        ****         DBG_PRINTF("CYBLE_EVT_PENDING_FLASH_WRITE\r\n");
 589              		.loc 1 239 0
 590 02d0 7348     		ldr	r0, .L75+156
 591              	.LVL87:
 592 02d2 FFF7FEFF 		bl	puts
 593              	.LVL88:
 240:main.c        ****         break;
 594              		.loc 1 240 0
 595 02d6 1DE1     		b	.L1
 596              	.LVL89:
 597              	.L17:
 241:main.c        ****         
 242:main.c        ****     case CYBLE_EVT_GAP_AUTH_FAILED:
 243:main.c        ****         DBG_PRINTF("EVT_GAP_AUTH_FAILED, reason: ");
 598              		.loc 1 243 0
 599 02d8 7248     		ldr	r0, .L75+160
 600              	.LVL90:
 601 02da FFF7FEFF 		bl	printf
 602              	.LVL91:
 244:main.c        ****         switch(*(CYBLE_GAP_AUTH_FAILED_REASON_T *)eventParam)
 603              		.loc 1 244 0
 604 02de 2178     		ldrb	r1, [r4]
 605 02e0 0629     		cmp	r1, #6
 606 02e2 0CD0     		beq	.L57
 607 02e4 02D8     		bhi	.L58
 608 02e6 0429     		cmp	r1, #4
 609 02e8 05D0     		beq	.L59
 610 02ea 14E0     		b	.L56
 611              	.L58:
ARM GAS  C:\Users\Lenovo\AppData\Local\Temp\ccTXWGea.s 			page 16


 612 02ec 0829     		cmp	r1, #8
 613 02ee 0AD0     		beq	.L60
 614 02f0 1529     		cmp	r1, #21
 615 02f2 0CD0     		beq	.L61
 616 02f4 0FE0     		b	.L56
 617              	.L59:
 245:main.c        ****         {
 246:main.c        ****             case CYBLE_GAP_AUTH_ERROR_CONFIRM_VALUE_NOT_MATCH:
 247:main.c        ****                 DBG_PRINTF("CONFIRM_VALUE_NOT_MATCH\r\n");
 618              		.loc 1 247 0
 619 02f6 6C48     		ldr	r0, .L75+164
 620 02f8 FFF7FEFF 		bl	puts
 621              	.LVL92:
 248:main.c        ****                 break;
 622              		.loc 1 248 0
 623 02fc 0EE0     		b	.L62
 624              	.L57:
 249:main.c        ****                 
 250:main.c        ****             case CYBLE_GAP_AUTH_ERROR_INSUFFICIENT_ENCRYPTION_KEY_SIZE:
 251:main.c        ****                 DBG_PRINTF("INSUFFICIENT_ENCRYPTION_KEY_SIZE\r\n");
 625              		.loc 1 251 0
 626 02fe 6B48     		ldr	r0, .L75+168
 627 0300 FFF7FEFF 		bl	puts
 628              	.LVL93:
 252:main.c        ****                 break;
 629              		.loc 1 252 0
 630 0304 0AE0     		b	.L62
 631              	.L60:
 253:main.c        ****             
 254:main.c        ****             case CYBLE_GAP_AUTH_ERROR_UNSPECIFIED_REASON:
 255:main.c        ****                 DBG_PRINTF("UNSPECIFIED_REASON\r\n");
 632              		.loc 1 255 0
 633 0306 6A48     		ldr	r0, .L75+172
 634 0308 FFF7FEFF 		bl	puts
 635              	.LVL94:
 256:main.c        ****                 break;
 636              		.loc 1 256 0
 637 030c 06E0     		b	.L62
 638              	.L61:
 257:main.c        ****                 
 258:main.c        ****             case CYBLE_GAP_AUTH_ERROR_AUTHENTICATION_TIMEOUT:
 259:main.c        ****                 DBG_PRINTF("AUTHENTICATION_TIMEOUT\r\n");
 639              		.loc 1 259 0
 640 030e 6948     		ldr	r0, .L75+176
 641 0310 FFF7FEFF 		bl	puts
 642              	.LVL95:
 260:main.c        ****                 break;
 643              		.loc 1 260 0
 644 0314 02E0     		b	.L62
 645              	.L56:
 261:main.c        ****                 
 262:main.c        ****             default:
 263:main.c        ****                 DBG_PRINTF("0x%x  \r\n", *(CYBLE_GAP_AUTH_FAILED_REASON_T *)eventParam);
 646              		.loc 1 263 0
 647 0316 6848     		ldr	r0, .L75+180
 648 0318 FFF7FEFF 		bl	printf
 649              	.LVL96:
ARM GAS  C:\Users\Lenovo\AppData\Local\Temp\ccTXWGea.s 			page 17


 650              	.L62:
 264:main.c        ****                 break;
 265:main.c        ****         }
 266:main.c        **** 
 267:main.c        ****         /* Update authentication state so that bond information could be 
 268:main.c        ****          * removed later.
 269:main.c        ****          */
 270:main.c        ****         authState = AUTHENTICATION_BONDING_COMPLETE;
 651              		.loc 1 270 0
 652 031c 0522     		movs	r2, #5
 653 031e 4E4B     		ldr	r3, .L75+84
 654 0320 1A70     		strb	r2, [r3]
 271:main.c        ****         break;
 655              		.loc 1 271 0
 656 0322 F7E0     		b	.L1
 657              	.LVL97:
 658              	.L20:
 272:main.c        ****         
 273:main.c        ****     case CYBLE_EVT_GAP_ENCRYPT_CHANGE:
 274:main.c        ****         DBG_PRINTF("ENCRYPT_CHANGE: %x \r\n", *(uint8 *)eventParam);
 659              		.loc 1 274 0
 660 0324 0978     		ldrb	r1, [r1]
 661              	.LVL98:
 662 0326 6548     		ldr	r0, .L75+184
 663              	.LVL99:
 664 0328 FFF7FEFF 		bl	printf
 665              	.LVL100:
 275:main.c        ****         break;
 666              		.loc 1 275 0
 667 032c F2E0     		b	.L1
 668              	.LVL101:
 669              	.L28:
 276:main.c        ****          
 277:main.c        ****     /**********************************************************
 278:main.c        ****     *                       GATT Events
 279:main.c        ****     ***********************************************************/
 280:main.c        ****     case CYBLE_EVT_GATTC_ERROR_RSP:
 281:main.c        ****         DBG_PRINTF("EVT_GATTC_ERROR_RSP: opcode: ");
 670              		.loc 1 281 0
 671 032e 6448     		ldr	r0, .L75+188
 672              	.LVL102:
 673 0330 FFF7FEFF 		bl	printf
 674              	.LVL103:
 282:main.c        ****         switch(((CYBLE_GATTC_ERR_RSP_PARAM_T *)eventParam)->opCode)
 675              		.loc 1 282 0
 676 0334 A178     		ldrb	r1, [r4, #2]
 677 0336 0829     		cmp	r1, #8
 678 0338 07D0     		beq	.L64
 679 033a 1029     		cmp	r1, #16
 680 033c 09D0     		beq	.L65
 681 033e 0429     		cmp	r1, #4
 682 0340 0BD1     		bne	.L73
 283:main.c        ****         {
 284:main.c        ****             case CYBLE_GATT_FIND_INFO_REQ:
 285:main.c        ****                 DBG_PRINTF("FIND_INFO_REQ");
 683              		.loc 1 285 0
 684 0342 6048     		ldr	r0, .L75+192
ARM GAS  C:\Users\Lenovo\AppData\Local\Temp\ccTXWGea.s 			page 18


 685 0344 FFF7FEFF 		bl	printf
 686              	.LVL104:
 286:main.c        ****                 break;
 687              		.loc 1 286 0
 688 0348 0AE0     		b	.L67
 689              	.L64:
 287:main.c        ****                 
 288:main.c        ****             case CYBLE_GATT_READ_BY_TYPE_REQ:
 289:main.c        ****                 DBG_PRINTF("READ_BY_TYPE_REQ");
 690              		.loc 1 289 0
 691 034a 5F48     		ldr	r0, .L75+196
 692 034c FFF7FEFF 		bl	printf
 693              	.LVL105:
 290:main.c        ****                 break;
 694              		.loc 1 290 0
 695 0350 06E0     		b	.L67
 696              	.L65:
 291:main.c        ****                 
 292:main.c        ****             case CYBLE_GATT_READ_BY_GROUP_REQ:
 293:main.c        ****                 DBG_PRINTF("READ_BY_GROUP_REQ");
 697              		.loc 1 293 0
 698 0352 5E48     		ldr	r0, .L75+200
 699 0354 FFF7FEFF 		bl	printf
 700              	.LVL106:
 294:main.c        ****                 break;
 701              		.loc 1 294 0
 702 0358 02E0     		b	.L67
 703              	.L73:
 295:main.c        ****                 
 296:main.c        ****             default:
 297:main.c        ****                 DBG_PRINTF("%x", ((CYBLE_GATTC_ERR_RSP_PARAM_T *)eventParam)->opCode);
 704              		.loc 1 297 0
 705 035a 3148     		ldr	r0, .L75+28
 706 035c FFF7FEFF 		bl	printf
 707              	.LVL107:
 708              	.L67:
 298:main.c        ****                 break;
 299:main.c        ****         }
 300:main.c        ****         DBG_PRINTF(",  handle: %x,  ", ((CYBLE_GATTC_ERR_RSP_PARAM_T *)eventParam)->attrHandle);
 709              		.loc 1 300 0
 710 0360 A188     		ldrh	r1, [r4, #4]
 711 0362 5B48     		ldr	r0, .L75+204
 712 0364 FFF7FEFF 		bl	printf
 713              	.LVL108:
 301:main.c        ****         DBG_PRINTF("errorcode: ");
 714              		.loc 1 301 0
 715 0368 5A48     		ldr	r0, .L75+208
 716 036a FFF7FEFF 		bl	printf
 717              	.LVL109:
 302:main.c        ****         switch(((CYBLE_GATTC_ERR_RSP_PARAM_T *)eventParam)->errorCode)
 718              		.loc 1 302 0
 719 036e A179     		ldrb	r1, [r4, #6]
 720 0370 0A29     		cmp	r1, #10
 721 0372 03D1     		bne	.L74
 303:main.c        ****         {
 304:main.c        ****             case CYBLE_GATT_ERR_ATTRIBUTE_NOT_FOUND:
 305:main.c        ****                 DBG_PRINTF("ATTRIBUTE_NOT_FOUND");
ARM GAS  C:\Users\Lenovo\AppData\Local\Temp\ccTXWGea.s 			page 19


 722              		.loc 1 305 0
 723 0374 5848     		ldr	r0, .L75+212
 724 0376 FFF7FEFF 		bl	printf
 725              	.LVL110:
 306:main.c        ****                 break;
 726              		.loc 1 306 0
 727 037a 02E0     		b	.L70
 728              	.L74:
 307:main.c        ****                 
 308:main.c        ****             default:
 309:main.c        ****                 DBG_PRINTF("%x", ((CYBLE_GATTC_ERR_RSP_PARAM_T *)eventParam)->errorCode);
 729              		.loc 1 309 0
 730 037c 2848     		ldr	r0, .L75+28
 731 037e FFF7FEFF 		bl	printf
 732              	.LVL111:
 733              	.L70:
 310:main.c        ****                 break;
 311:main.c        ****         }
 312:main.c        ****         DBG_PRINTF("\r\n");
 734              		.loc 1 312 0
 735 0382 2848     		ldr	r0, .L75+32
 736 0384 FFF7FEFF 		bl	puts
 737              	.LVL112:
 313:main.c        ****         break;
 738              		.loc 1 313 0
 739 0388 C4E0     		b	.L1
 740              	.LVL113:
 741              	.L29:
 314:main.c        ****         
 315:main.c        ****     case CYBLE_EVT_GATT_CONNECT_IND:
 316:main.c        ****         connHandle = *(CYBLE_CONN_HANDLE_T *)eventParam;
 742              		.loc 1 316 0
 743 038a 544D     		ldr	r5, .L75+216
 744 038c 0222     		movs	r2, #2
 745 038e 2800     		movs	r0, r5
 746              	.LVL114:
 747 0390 FFF7FEFF 		bl	memcpy
 748              	.LVL115:
 317:main.c        ****         DBG_PRINTF("EVT_GATT_CONNECT_IND: attId %x, bdHandle %x \r\n", connHandle.attId, connHandle
 749              		.loc 1 317 0
 750 0394 6978     		ldrb	r1, [r5, #1]
 751 0396 2A78     		ldrb	r2, [r5]
 752 0398 5148     		ldr	r0, .L75+220
 753 039a FFF7FEFF 		bl	printf
 754              	.LVL116:
 318:main.c        ****         break;
 755              		.loc 1 318 0
 756 039e B9E0     		b	.L1
 757              	.LVL117:
 758              	.L26:
 319:main.c        ****         
 320:main.c        ****     case CYBLE_EVT_GATT_DISCONNECT_IND:
 321:main.c        ****         connHandle.attId = 0;
 759              		.loc 1 321 0
 760 03a0 0022     		movs	r2, #0
 761 03a2 4E4B     		ldr	r3, .L75+216
 762 03a4 5A70     		strb	r2, [r3, #1]
ARM GAS  C:\Users\Lenovo\AppData\Local\Temp\ccTXWGea.s 			page 20


 322:main.c        ****         DBG_PRINTF("EVT_GATT_DISCONNECT_IND \r\n");
 763              		.loc 1 322 0
 764 03a6 4F48     		ldr	r0, .L75+224
 765              	.LVL118:
 766 03a8 FFF7FEFF 		bl	puts
 767              	.LVL119:
 323:main.c        ****         break;
 768              		.loc 1 323 0
 769 03ac B2E0     		b	.L1
 770              	.LVL120:
 771              	.L31:
 324:main.c        ****         
 325:main.c        ****     case CYBLE_EVT_GATTS_WRITE_REQ:
 326:main.c        ****         DBG_PRINTF("CYBLE_EVT_GATTS_WRITE_REQ \r\n");
 772              		.loc 1 326 0
 773 03ae 4E48     		ldr	r0, .L75+228
 774              	.LVL121:
 775 03b0 FFF7FEFF 		bl	puts
 776              	.LVL122:
 327:main.c        ****         break;
 777              		.loc 1 327 0
 778 03b4 AEE0     		b	.L1
 779              	.LVL123:
 780              	.L32:
 328:main.c        ****         
 329:main.c        ****     case CYBLE_EVT_GATTS_WRITE_CMD_REQ:
 330:main.c        ****         DBG_PRINTF("CYBLE_EVT_GATTS_WRITE_CMD_REQ \r\n");
 781              		.loc 1 330 0
 782 03b6 4D48     		ldr	r0, .L75+232
 783              	.LVL124:
 784 03b8 FFF7FEFF 		bl	puts
 785              	.LVL125:
 331:main.c        ****         break;
 786              		.loc 1 331 0
 787 03bc AAE0     		b	.L1
 788              	.LVL126:
 789              	.L24:
 332:main.c        ****     
 333:main.c        ****     case CYBLE_EVT_GATTS_HANDLE_VALUE_CNF:
 334:main.c        ****         DBG_PRINTF("CYBLE_EVT_GATTS_HANDLE_VALUE_CNF \r\n");
 790              		.loc 1 334 0
 791 03be 4C48     		ldr	r0, .L75+236
 792              	.LVL127:
 793 03c0 FFF7FEFF 		bl	puts
 794              	.LVL128:
 335:main.c        ****         break; 
 795              		.loc 1 335 0
 796 03c4 A6E0     		b	.L1
 797              	.LVL129:
 798              	.L38:
 336:main.c        ****             
 337:main.c        ****     case CYBLE_EVT_GATTS_READ_CHAR_VAL_ACCESS_REQ:
 338:main.c        ****         DBG_PRINTF("CYBLE_EVT_GATTS_READ_CHAR_VAL_ACCESS_REQ, attr handle: 0x%4.4x \r\n",
 799              		.loc 1 338 0
 800 03c6 4988     		ldrh	r1, [r1, #2]
 801              	.LVL130:
 802 03c8 4A48     		ldr	r0, .L75+240
ARM GAS  C:\Users\Lenovo\AppData\Local\Temp\ccTXWGea.s 			page 21


 803              	.LVL131:
 804 03ca FFF7FEFF 		bl	printf
 805              	.LVL132:
 339:main.c        ****             ((CYBLE_GATTS_CHAR_VAL_READ_REQ_T *)eventParam)->attrHandle);
 340:main.c        ****         break;
 806              		.loc 1 340 0
 807 03ce A1E0     		b	.L1
 808              	.LVL133:
 809              	.L41:
 341:main.c        ****         
 342:main.c        ****      case CYBLE_EVT_GATTS_INDICATION_ENABLED:
 343:main.c        ****         DBG_PRINTF("CYBLE_EVT_GATTS_INDICATION_ENABLED\r\n");
 810              		.loc 1 343 0
 811 03d0 4948     		ldr	r0, .L75+244
 812              	.LVL134:
 813 03d2 FFF7FEFF 		bl	puts
 814              	.LVL135:
 344:main.c        ****         break;
 815              		.loc 1 344 0
 816 03d6 9DE0     		b	.L1
 817              	.LVL136:
 818              	.L39:
 345:main.c        ****     
 346:main.c        ****     case CYBLE_EVT_GATTS_INDICATION_DISABLED:
 347:main.c        ****         DBG_PRINTF("CYBLE_EVT_GATTS_INDICATION_DISABLED\r\n");
 819              		.loc 1 347 0
 820 03d8 4848     		ldr	r0, .L75+248
 821              	.LVL137:
 822 03da FFF7FEFF 		bl	puts
 823              	.LVL138:
 348:main.c        ****         break;
 824              		.loc 1 348 0
 825 03de 99E0     		b	.L1
 826              	.LVL139:
 827              	.L42:
 349:main.c        ****         
 350:main.c        ****     case CYBLE_EVT_GATTC_INDICATION:
 351:main.c        ****         DBG_PRINTF("CYBLE_EVT_GATTS_INDICATION\r\n");
 828              		.loc 1 351 0
 829 03e0 4748     		ldr	r0, .L75+252
 830              	.LVL140:
 831 03e2 FFF7FEFF 		bl	puts
 832              	.LVL141:
 352:main.c        ****         break;
 833              		.loc 1 352 0
 834 03e6 95E0     		b	.L1
 835              	.LVL142:
 836              	.L33:
 837              	.LBB2:
 353:main.c        ****         
 354:main.c        ****     case CYBLE_EVT_GATTS_XCNHG_MTU_REQ:
 355:main.c        ****         { 
 356:main.c        ****             uint16 mtu;
 357:main.c        ****             CyBle_GattGetMtuSize(&mtu);
 838              		.loc 1 357 0
 839 03e8 0E24     		movs	r4, #14
 840 03ea 6C44     		add	r4, r4, sp
ARM GAS  C:\Users\Lenovo\AppData\Local\Temp\ccTXWGea.s 			page 22


 841 03ec 2000     		movs	r0, r4
 842              	.LVL143:
 843 03ee FFF7FEFF 		bl	CyBle_GattGetMtuSize
 844              	.LVL144:
 358:main.c        ****             DBG_PRINTF("CYBLE_EVT_GATTS_XCNHG_MTU_REQ, final mtu = %d \r\n", mtu);
 845              		.loc 1 358 0
 846 03f2 2188     		ldrh	r1, [r4]
 847 03f4 4348     		ldr	r0, .L75+256
 848 03f6 FFF7FEFF 		bl	printf
 849              	.LVL145:
 850              	.LBE2:
 359:main.c        ****         }
 360:main.c        ****         break;
 851              		.loc 1 360 0
 852 03fa 8BE0     		b	.L1
 853              	.LVL146:
 854              	.L36:
 361:main.c        **** 
 362:main.c        ****     /**********************************************************
 363:main.c        ****     *                       L2CAP Events 
 364:main.c        ****     ***********************************************************/    
 365:main.c        ****         
 366:main.c        ****     case CYBLE_EVT_L2CAP_CONN_PARAM_UPDATE_REQ:
 367:main.c        ****         DBG_PRINTF("EVT_L2CAP_CONN_PARAM_UPDATE_REQ \r\n");
 855              		.loc 1 367 0
 856 03fc 4248     		ldr	r0, .L75+260
 857              	.LVL147:
 858 03fe FFF7FEFF 		bl	puts
 859              	.LVL148:
 368:main.c        ****         break;
 860              		.loc 1 368 0
 861 0402 87E0     		b	.L1
 862              	.L76:
 863              		.align	2
 864              	.L75:
 865 0404 18000000 		.word	.LC4
 866 0408 28000000 		.word	.LC6
 867 040c 40000000 		.word	.LC8
 868 0410 54000000 		.word	.LC10
 869 0414 6C000000 		.word	.LC12
 870 0418 80000000 		.word	.LC14
 871 041c 94000000 		.word	.LC16
 872 0420 A8000000 		.word	.LC18
 873 0424 AC000000 		.word	.LC20
 874 0428 B0000000 		.word	.LC22
 875 042c C8000000 		.word	.LC24
 876 0430 DC000000 		.word	.LC26
 877 0434 00000000 		.word	cyBle_state
 878 0438 08010000 		.word	.LC29
 879 043c 08022440 		.word	1076101640
 880 0440 0000F43F 		.word	1072955392
 881 0444 18010000 		.word	.LC31
 882 0448 00000000 		.word	cyBle_authInfo
 883 044c 00000000 		.word	cyBle_connHandle
 884 0450 00000000 		.word	apiResult
 885 0454 50010000 		.word	.LC36
 886 0458 00000000 		.word	.LANCHOR0
ARM GAS  C:\Users\Lenovo\AppData\Local\Temp\ccTXWGea.s 			page 23


 887 045c 00000000 		.word	.LC0
 888 0460 0C000000 		.word	.LC2
 889 0464 70010000 		.word	.LC39
 890 0468 9C010000 		.word	.LC41
 891 046c C0010000 		.word	.LC43
 892 0470 00000000 		.word	peerAuthInfo
 893 0474 D8010000 		.word	.LC46
 894 0478 18020000 		.word	.LC48
 895 047c 00000000 		.word	passkeyValue
 896 0480 A0860100 		.word	100000
 897 0484 00000000 		.word	passkeyPow
 898 0488 00000000 		.word	passkeyCounter
 899 048c 48020000 		.word	.LC53
 900 0490 A0020000 		.word	.LC55
 901 0494 FC020000 		.word	.LC57
 902 0498 30030000 		.word	.LC59
 903 049c 58030000 		.word	.LC61
 904 04a0 9C030000 		.word	.LC63
 905 04a4 BC030000 		.word	.LC65
 906 04a8 DC030000 		.word	.LC67
 907 04ac F8030000 		.word	.LC69
 908 04b0 1C040000 		.word	.LC71
 909 04b4 30040000 		.word	.LC73
 910 04b8 48040000 		.word	.LC75
 911 04bc 54040000 		.word	.LC77
 912 04c0 6C040000 		.word	.LC79
 913 04c4 8C040000 		.word	.LC81
 914 04c8 9C040000 		.word	.LC83
 915 04cc B0040000 		.word	.LC85
 916 04d0 C4040000 		.word	.LC87
 917 04d4 D8040000 		.word	.LC89
 918 04d8 E4040000 		.word	.LC91
 919 04dc 00000000 		.word	connHandle
 920 04e0 F8040000 		.word	.LC94
 921 04e4 28050000 		.word	.LC96
 922 04e8 44050000 		.word	.LC98
 923 04ec 60050000 		.word	.LC100
 924 04f0 80050000 		.word	.LC102
 925 04f4 A4050000 		.word	.LC104
 926 04f8 E8050000 		.word	.LC106
 927 04fc 0C060000 		.word	.LC108
 928 0500 34060000 		.word	.LC110
 929 0504 50060000 		.word	.LC112
 930 0508 84060000 		.word	.LC114
 931              	.LVL149:
 932              	.L2:
 369:main.c        ****         
 370:main.c        ****     /**********************************************************
 371:main.c        ****     *                       Debug Events
 372:main.c        ****     ***********************************************************/
 373:main.c        **** 
 374:main.c        ****     case CYBLE_DEBUG_EVT_BLESS_INT:
 375:main.c        ****         break;
 376:main.c        ****         
 377:main.c        ****     /**********************************************************
 378:main.c        ****     *                       Other Events
 379:main.c        ****     ***********************************************************/
ARM GAS  C:\Users\Lenovo\AppData\Local\Temp\ccTXWGea.s 			page 24


 380:main.c        **** 	default:
 381:main.c        ****         DBG_PRINTF("OTHER event: 0x%lx \r\n", event);
 933              		.loc 1 381 0
 934 050c 0100     		movs	r1, r0
 935              	.LVL150:
 936 050e 0248     		ldr	r0, .L77
 937              	.LVL151:
 938 0510 FFF7FEFF 		bl	printf
 939              	.LVL152:
 940              	.L1:
 382:main.c        **** 		break;
 383:main.c        ****     }
 384:main.c        **** }
 941              		.loc 1 384 0
 942 0514 05B0     		add	sp, sp, #20
 943              		@ sp needed
 944 0516 30BD     		pop	{r4, r5, pc}
 945              	.L78:
 946              		.align	2
 947              	.L77:
 948 0518 A8060000 		.word	.LC116
 949              		.cfi_endproc
 950              	.LFE36:
 951              		.size	AppCallBack, .-AppCallBack
 952              		.section	.text.ADC_Ready,"ax",%progbits
 953              		.align	2
 954              		.global	ADC_Ready
 955              		.code	16
 956              		.thumb_func
 957              		.type	ADC_Ready, %function
 958              	ADC_Ready:
 959              	.LFB37:
 385:main.c        **** 
 386:main.c        **** /*******************************************************************************
 387:main.c        **** * Function Name: ADC_Ready
 388:main.c        **** ********************************************************************************
 389:main.c        **** *
 390:main.c        **** * Summary:
 391:main.c        **** *   Handles ADC's end of conversion.
 392:main.c        **** *
 393:main.c        **** * Parameters:
 394:main.c        **** *   volatile variable to display on 7 seg.
 395:main.c        **** *
 396:main.c        **** * Return:
 397:main.c        **** *   None
 398:main.c        **** *
 399:main.c        **** *******************************************************************************/
 400:main.c        **** CY_ISR(ADC_Ready)
 401:main.c        **** {   
 960              		.loc 1 401 0
 961              		.cfi_startproc
 962              		@ args = 0, pretend = 0, frame = 0
 963              		@ frame_needed = 0, uses_anonymous_args = 0
 964 0000 10B5     		push	{r4, lr}
 965              		.cfi_def_cfa_offset 8
 966              		.cfi_offset 4, -8
 967              		.cfi_offset 14, -4
ARM GAS  C:\Users\Lenovo\AppData\Local\Temp\ccTXWGea.s 			page 25


 402:main.c        ****     adcResult = (uint16)ADC_SAR_GetResult16(0);
 968              		.loc 1 402 0
 969 0002 0020     		movs	r0, #0
 970 0004 FFF7FEFF 		bl	ADC_SAR_GetResult16
 971              	.LVL153:
 972 0008 80B2     		uxth	r0, r0
 973 000a 024B     		ldr	r3, .L80
 974 000c 5880     		strh	r0, [r3, #2]
 403:main.c        ****     data_ready = 1u;
 975              		.loc 1 403 0
 976 000e 0122     		movs	r2, #1
 977 0010 1A71     		strb	r2, [r3, #4]
 404:main.c        **** }
 978              		.loc 1 404 0
 979              		@ sp needed
 980 0012 10BD     		pop	{r4, pc}
 981              	.L81:
 982              		.align	2
 983              	.L80:
 984 0014 00000000 		.word	.LANCHOR0
 985              		.cfi_endproc
 986              	.LFE37:
 987              		.size	ADC_Ready, .-ADC_Ready
 988              		.section	.text.ButtonPressInt,"ax",%progbits
 989              		.align	2
 990              		.global	ButtonPressInt
 991              		.code	16
 992              		.thumb_func
 993              		.type	ButtonPressInt, %function
 994              	ButtonPressInt:
 995              	.LFB42:
 405:main.c        **** 
 406:main.c        **** void LED_D1_state_upd(void)
 407:main.c        **** {
 408:main.c        ****     uint8 ledValue = LED_D_Read();
 409:main.c        ****     
 410:main.c        ****     if(adcIndicationEnabled)
 411:main.c        ****     {
 412:main.c        ****         ledValue &= ~0x08;
 413:main.c        ****     }
 414:main.c        ****     else
 415:main.c        ****     {
 416:main.c        ****         ledValue |= 0x08;
 417:main.c        ****     }
 418:main.c        ****     
 419:main.c        ****     LED_D_Write(ledValue);
 420:main.c        **** }
 421:main.c        **** void LED_D2_blink(void)
 422:main.c        **** {
 423:main.c        ****     uint8 ledValue = LED_D_Read();
 424:main.c        ****     
 425:main.c        ****     ledValue &= ~0x02;
 426:main.c        ****     LED_D_Write(ledValue);
 427:main.c        ****     
 428:main.c        ****     CyDelay(100);
 429:main.c        **** 
 430:main.c        ****     ledValue |= 0x02;
ARM GAS  C:\Users\Lenovo\AppData\Local\Temp\ccTXWGea.s 			page 26


 431:main.c        ****     LED_D_Write(ledValue);
 432:main.c        **** }
 433:main.c        **** 
 434:main.c        **** void ADC_INDIC(uint16 value)
 435:main.c        **** {
 436:main.c        ****     if((CyBle_GetState() == CYBLE_STATE_CONNECTED) && (adcIndicationEnabled == 1))
 437:main.c        ****     {
 438:main.c        ****         apiResult = CyBle_AiossSendIndication(
 439:main.c        ****             cyBle_connHandle,
 440:main.c        ****             CYBLE_AIOS_ANALOG,
 441:main.c        ****             INSTANCE_ADC,
 442:main.c        ****             sizeof(value),
 443:main.c        ****             (uint8 *)&value
 444:main.c        ****         );
 445:main.c        ****         
 446:main.c        ****         if(apiResult == CYBLE_ERROR_OK)
 447:main.c        ****         {
 448:main.c        ****             DBG_PRINTF("ADC Indication sent: %d\r\n", value);
 449:main.c        ****         }
 450:main.c        ****         else
 451:main.c        ****         {
 452:main.c        ****             DBG_PRINTF("ERROR: ADC Indication failed %x\r\n", apiResult);
 453:main.c        ****         }
 454:main.c        ****     }
 455:main.c        **** }
 456:main.c        **** 
 457:main.c        **** void AdcHandler(void)
 458:main.c        **** {
 459:main.c        ****     static uint16 prev_ADC_val = 0xFFFF;
 460:main.c        ****     static uint8 out_range_indic = 0;
 461:main.c        ****     uint16 curr_val;
 462:main.c        ****     uint8 outOfRange = 0;
 463:main.c        **** 
 464:main.c        ****     if(data_ready == 0)
 465:main.c        ****     {
 466:main.c        ****         return;
 467:main.c        ****     }
 468:main.c        ****     
 469:main.c        ****     data_ready = 0;
 470:main.c        ****     curr_val = adcResult;
 471:main.c        **** 
 472:main.c        ****     if((curr_val < ADC_VALID_RANGE_MIN) || (curr_val > ADC_VALID_RANGE_MAX))
 473:main.c        ****     {
 474:main.c        ****         outOfRange = 1;
 475:main.c        ****         DBG_PRINTF("ADC value out of range");
 476:main.c        ****     }
 477:main.c        **** 
 478:main.c        ****     if((uint16)abs(curr_val - prev_ADC_val) >= ADC_CHANGE_THRESHOLD)
 479:main.c        ****     {
 480:main.c        ****         prev_ADC_val = curr_val;
 481:main.c        **** 
 482:main.c        ****         out7seg(curr_val);
 483:main.c        ****         
 484:main.c        ****         apiResult = CyBle_AiossSetCharacteristicValue(
 485:main.c        ****             CYBLE_AIOS_ANALOG,
 486:main.c        ****             INSTANCE_ADC,
 487:main.c        ****             sizeof(curr_val),
ARM GAS  C:\Users\Lenovo\AppData\Local\Temp\ccTXWGea.s 			page 27


 488:main.c        ****             (uint8 *)&curr_val
 489:main.c        ****         );
 490:main.c        ****         
 491:main.c        ****         if(apiResult == CYBLE_ERROR_OK)
 492:main.c        ****         {
 493:main.c        ****             DBG_PRINTF("ADC = %d\r\n", curr_val);
 494:main.c        ****         }
 495:main.c        ****     }
 496:main.c        **** 
 497:main.c        ****     if(outOfRange && !out_range_indic)
 498:main.c        ****     {
 499:main.c        ****         out_range_indic = 1;
 500:main.c        ****         ADC_INDIC(curr_val);
 501:main.c        ****     }
 502:main.c        ****     else if(!outOfRange)
 503:main.c        ****     {
 504:main.c        ****         out_range_indic = 0;
 505:main.c        ****     }
 506:main.c        **** 
 507:main.c        ****     LED_D1_state_upd();
 508:main.c        **** }
 509:main.c        **** 
 510:main.c        **** /*******************************************************************************
 511:main.c        **** * Function Name: SW_Interrupt
 512:main.c        **** ********************************************************************************
 513:main.c        **** *
 514:main.c        **** * Summary:
 515:main.c        **** *   Handles the mechanical button press.
 516:main.c        **** *
 517:main.c        **** * Parameters:
 518:main.c        **** *   None
 519:main.c        **** *
 520:main.c        **** * Return:
 521:main.c        **** *   None
 522:main.c        **** *
 523:main.c        **** *******************************************************************************/
 524:main.c        **** CY_ISR(ButtonPressInt)
 525:main.c        **** {
 996              		.loc 1 525 0
 997              		.cfi_startproc
 998              		@ args = 0, pretend = 0, frame = 0
 999              		@ frame_needed = 0, uses_anonymous_args = 0
 1000 0000 10B5     		push	{r4, lr}
 1001              		.cfi_def_cfa_offset 8
 1002              		.cfi_offset 4, -8
 1003              		.cfi_offset 14, -4
 526:main.c        ****     buttonState = BUTTON_START_DEBOUNCE;
 1004              		.loc 1 526 0
 1005 0002 6422     		movs	r2, #100
 1006 0004 034B     		ldr	r3, .L83
 1007 0006 5A71     		strb	r2, [r3, #5]
 527:main.c        ****     SW2_ClearInterrupt();
 1008              		.loc 1 527 0
 1009 0008 FFF7FEFF 		bl	SW2_ClearInterrupt
 1010              	.LVL154:
 528:main.c        ****     Pin_Buttons_ClearInterrupt();
 1011              		.loc 1 528 0
ARM GAS  C:\Users\Lenovo\AppData\Local\Temp\ccTXWGea.s 			page 28


 1012 000c FFF7FEFF 		bl	Pin_Buttons_ClearInterrupt
 1013              	.LVL155:
 529:main.c        **** }
 1014              		.loc 1 529 0
 1015              		@ sp needed
 1016 0010 10BD     		pop	{r4, pc}
 1017              	.L84:
 1018 0012 C046     		.align	2
 1019              	.L83:
 1020 0014 00000000 		.word	.LANCHOR0
 1021              		.cfi_endproc
 1022              	.LFE42:
 1023              		.size	ButtonPressInt, .-ButtonPressInt
 1024              		.section	.text.isr_100Hz,"ax",%progbits
 1025              		.align	2
 1026              		.global	isr_100Hz
 1027              		.code	16
 1028              		.thumb_func
 1029              		.type	isr_100Hz, %function
 1030              	isr_100Hz:
 1031              	.LFB43:
 530:main.c        **** 
 531:main.c        **** 
 532:main.c        **** /*******************************************************************************
 533:main.c        **** * Function Name: isr_100Hz
 534:main.c        **** ********************************************************************************
 535:main.c        **** *
 536:main.c        **** * Summary:
 537:main.c        **** *   Handles the 7-SEG display
 538:main.c        **** *
 539:main.c        **** * Parameters:
 540:main.c        **** *   None
 541:main.c        **** *
 542:main.c        **** * Return:
 543:main.c        **** *   None
 544:main.c        **** *
 545:main.c        **** *******************************************************************************/
 546:main.c        **** CY_ISR(isr_100Hz)
 547:main.c        **** {   
 1032              		.loc 1 547 0
 1033              		.cfi_startproc
 1034              		@ args = 0, pretend = 0, frame = 0
 1035              		@ frame_needed = 0, uses_anonymous_args = 0
 1036 0000 10B5     		push	{r4, lr}
 1037              		.cfi_def_cfa_offset 8
 1038              		.cfi_offset 4, -8
 1039              		.cfi_offset 14, -4
 548:main.c        ****     static uint8 N_indyk   = 0u;
 549:main.c        ****     static uint8 blinkTime = 0u;
 550:main.c        ****     
 551:main.c        ****     SPIM_WriteTxData(indyk[N_indyk]);
 1040              		.loc 1 551 0
 1041 0002 104C     		ldr	r4, .L87
 1042 0004 A379     		ldrb	r3, [r4, #6]
 1043 0006 5B00     		lsls	r3, r3, #1
 1044 0008 0F4A     		ldr	r2, .L87+4
 1045 000a 985A     		ldrh	r0, [r3, r2]
ARM GAS  C:\Users\Lenovo\AppData\Local\Temp\ccTXWGea.s 			page 29


 1046 000c FFF7FEFF 		bl	SPIM_WriteTxData
 1047              	.LVL156:
 552:main.c        ****     
 553:main.c        ****     N_indyk++;
 1048              		.loc 1 553 0
 1049 0010 A379     		ldrb	r3, [r4, #6]
 1050 0012 0133     		adds	r3, r3, #1
 554:main.c        ****     N_indyk &= 3;   
 1051              		.loc 1 554 0
 1052 0014 0322     		movs	r2, #3
 1053 0016 1340     		ands	r3, r2
 1054 0018 A371     		strb	r3, [r4, #6]
 555:main.c        ****     
 556:main.c        ****     if(CyBle_GetState() == CYBLE_STATE_ADVERTISING)
 1055              		.loc 1 556 0
 1056 001a 0C4B     		ldr	r3, .L87+8
 1057 001c 1B78     		ldrb	r3, [r3]
 1058 001e 032B     		cmp	r3, #3
 1059 0020 0FD1     		bne	.L85
 557:main.c        ****     {
 558:main.c        ****         blinkTime++;
 1060              		.loc 1 558 0
 1061 0022 084A     		ldr	r2, .L87
 1062 0024 D379     		ldrb	r3, [r2, #7]
 1063 0026 0133     		adds	r3, r3, #1
 1064 0028 DBB2     		uxtb	r3, r3
 1065 002a D371     		strb	r3, [r2, #7]
 559:main.c        ****         if(blinkTime > 100)
 1066              		.loc 1 559 0
 1067 002c 642B     		cmp	r3, #100
 1068 002e 08D9     		bls	.L85
 560:main.c        ****         {
 561:main.c        ****             Advertising_LED_Write(~Advertising_LED_Read());
 1069              		.loc 1 561 0
 1070 0030 FFF7FEFF 		bl	Advertising_LED_Read
 1071              	.LVL157:
 1072 0034 C043     		mvns	r0, r0
 1073 0036 C0B2     		uxtb	r0, r0
 1074 0038 FFF7FEFF 		bl	Advertising_LED_Write
 1075              	.LVL158:
 562:main.c        ****             blinkTime = 0;
 1076              		.loc 1 562 0
 1077 003c 0022     		movs	r2, #0
 1078 003e 014B     		ldr	r3, .L87
 1079 0040 DA71     		strb	r2, [r3, #7]
 1080              	.L85:
 563:main.c        ****         }
 564:main.c        ****     }
 565:main.c        **** }
 1081              		.loc 1 565 0
 1082              		@ sp needed
 1083 0042 10BD     		pop	{r4, pc}
 1084              	.L88:
 1085              		.align	2
 1086              	.L87:
 1087 0044 00000000 		.word	.LANCHOR0
 1088 0048 00000000 		.word	.LANCHOR1
ARM GAS  C:\Users\Lenovo\AppData\Local\Temp\ccTXWGea.s 			page 30


 1089 004c 00000000 		.word	cyBle_state
 1090              		.cfi_endproc
 1091              	.LFE43:
 1092              		.size	isr_100Hz, .-isr_100Hz
 1093              		.section	.text.LED_D1_state_upd,"ax",%progbits
 1094              		.align	2
 1095              		.global	LED_D1_state_upd
 1096              		.code	16
 1097              		.thumb_func
 1098              		.type	LED_D1_state_upd, %function
 1099              	LED_D1_state_upd:
 1100              	.LFB38:
 407:main.c        ****     uint8 ledValue = LED_D_Read();
 1101              		.loc 1 407 0
 1102              		.cfi_startproc
 1103              		@ args = 0, pretend = 0, frame = 0
 1104              		@ frame_needed = 0, uses_anonymous_args = 0
 1105 0000 10B5     		push	{r4, lr}
 1106              		.cfi_def_cfa_offset 8
 1107              		.cfi_offset 4, -8
 1108              		.cfi_offset 14, -4
 408:main.c        ****     
 1109              		.loc 1 408 0
 1110 0002 FFF7FEFF 		bl	LED_D_Read
 1111              	.LVL159:
 410:main.c        ****     {
 1112              		.loc 1 410 0
 1113 0006 074B     		ldr	r3, .L92
 1114 0008 1B7A     		ldrb	r3, [r3, #8]
 1115 000a 002B     		cmp	r3, #0
 1116 000c 03D0     		beq	.L90
 412:main.c        ****     }
 1117              		.loc 1 412 0
 1118 000e 0823     		movs	r3, #8
 1119 0010 9843     		bics	r0, r3
 1120              	.LVL160:
 1121 0012 C0B2     		uxtb	r0, r0
 1122              	.LVL161:
 1123 0014 02E0     		b	.L91
 1124              	.L90:
 416:main.c        ****     }
 1125              		.loc 1 416 0
 1126 0016 0823     		movs	r3, #8
 1127 0018 1843     		orrs	r0, r3
 1128              	.LVL162:
 1129 001a C0B2     		uxtb	r0, r0
 1130              	.LVL163:
 1131              	.L91:
 419:main.c        **** }
 1132              		.loc 1 419 0
 1133 001c FFF7FEFF 		bl	LED_D_Write
 1134              	.LVL164:
 420:main.c        **** void LED_D2_blink(void)
 1135              		.loc 1 420 0
 1136              		@ sp needed
 1137 0020 10BD     		pop	{r4, pc}
 1138              	.L93:
ARM GAS  C:\Users\Lenovo\AppData\Local\Temp\ccTXWGea.s 			page 31


 1139 0022 C046     		.align	2
 1140              	.L92:
 1141 0024 00000000 		.word	.LANCHOR0
 1142              		.cfi_endproc
 1143              	.LFE38:
 1144              		.size	LED_D1_state_upd, .-LED_D1_state_upd
 1145              		.section	.text.LED_D2_blink,"ax",%progbits
 1146              		.align	2
 1147              		.global	LED_D2_blink
 1148              		.code	16
 1149              		.thumb_func
 1150              		.type	LED_D2_blink, %function
 1151              	LED_D2_blink:
 1152              	.LFB39:
 422:main.c        ****     uint8 ledValue = LED_D_Read();
 1153              		.loc 1 422 0
 1154              		.cfi_startproc
 1155              		@ args = 0, pretend = 0, frame = 0
 1156              		@ frame_needed = 0, uses_anonymous_args = 0
 1157 0000 10B5     		push	{r4, lr}
 1158              		.cfi_def_cfa_offset 8
 1159              		.cfi_offset 4, -8
 1160              		.cfi_offset 14, -4
 423:main.c        ****     
 1161              		.loc 1 423 0
 1162 0002 FFF7FEFF 		bl	LED_D_Read
 1163              	.LVL165:
 425:main.c        ****     LED_D_Write(ledValue);
 1164              		.loc 1 425 0
 1165 0006 0223     		movs	r3, #2
 1166 0008 9843     		bics	r0, r3
 1167              	.LVL166:
 1168 000a C4B2     		uxtb	r4, r0
 1169              	.LVL167:
 426:main.c        ****     
 1170              		.loc 1 426 0
 1171 000c 2000     		movs	r0, r4
 1172 000e FFF7FEFF 		bl	LED_D_Write
 1173              	.LVL168:
 428:main.c        **** 
 1174              		.loc 1 428 0
 1175 0012 6420     		movs	r0, #100
 1176 0014 FFF7FEFF 		bl	CyDelay
 1177              	.LVL169:
 430:main.c        ****     LED_D_Write(ledValue);
 1178              		.loc 1 430 0
 1179 0018 0220     		movs	r0, #2
 1180 001a 0443     		orrs	r4, r0
 1181              	.LVL170:
 1182 001c E0B2     		uxtb	r0, r4
 1183              	.LVL171:
 431:main.c        **** }
 1184              		.loc 1 431 0
 1185 001e FFF7FEFF 		bl	LED_D_Write
 1186              	.LVL172:
 432:main.c        **** 
 1187              		.loc 1 432 0
ARM GAS  C:\Users\Lenovo\AppData\Local\Temp\ccTXWGea.s 			page 32


 1188              		@ sp needed
 1189              	.LVL173:
 1190 0022 10BD     		pop	{r4, pc}
 1191              		.cfi_endproc
 1192              	.LFE39:
 1193              		.size	LED_D2_blink, .-LED_D2_blink
 1194              		.section	.text.ADC_INDIC,"ax",%progbits
 1195              		.align	2
 1196              		.global	ADC_INDIC
 1197              		.code	16
 1198              		.thumb_func
 1199              		.type	ADC_INDIC, %function
 1200              	ADC_INDIC:
 1201              	.LFB40:
 435:main.c        ****     if((CyBle_GetState() == CYBLE_STATE_CONNECTED) && (adcIndicationEnabled == 1))
 1202              		.loc 1 435 0
 1203              		.cfi_startproc
 1204              		@ args = 0, pretend = 0, frame = 8
 1205              		@ frame_needed = 0, uses_anonymous_args = 0
 1206              	.LVL174:
 1207 0000 00B5     		push	{lr}
 1208              		.cfi_def_cfa_offset 4
 1209              		.cfi_offset 14, -4
 1210 0002 85B0     		sub	sp, sp, #20
 1211              		.cfi_def_cfa_offset 24
 1212 0004 0E23     		movs	r3, #14
 1213 0006 6B44     		add	r3, r3, sp
 1214 0008 1880     		strh	r0, [r3]
 436:main.c        ****     {
 1215              		.loc 1 436 0
 1216 000a 134B     		ldr	r3, .L98
 1217 000c 1B78     		ldrb	r3, [r3]
 1218 000e 022B     		cmp	r3, #2
 1219 0010 1FD1     		bne	.L95
 436:main.c        ****     {
 1220              		.loc 1 436 0 is_stmt 0 discriminator 1
 1221 0012 124B     		ldr	r3, .L98+4
 1222 0014 1B7A     		ldrb	r3, [r3, #8]
 1223 0016 012B     		cmp	r3, #1
 1224 0018 1BD1     		bne	.L95
 438:main.c        ****             cyBle_connHandle,
 1225              		.loc 1 438 0 is_stmt 1
 1226 001a 114A     		ldr	r2, .L98+8
 1227 001c 0D33     		adds	r3, r3, #13
 1228 001e 6B44     		add	r3, r3, sp
 1229 0020 0093     		str	r3, [sp]
 1230 0022 1378     		ldrb	r3, [r2]
 1231 0024 5078     		ldrb	r0, [r2, #1]
 1232              	.LVL175:
 1233 0026 0002     		lsls	r0, r0, #8
 1234 0028 1843     		orrs	r0, r3
 1235 002a 0223     		movs	r3, #2
 1236 002c 0222     		movs	r2, #2
 1237 002e 0121     		movs	r1, #1
 1238 0030 FFF7FEFF 		bl	CyBle_AiossSendIndication
 1239              	.LVL176:
 1240 0034 0B4B     		ldr	r3, .L98+12
ARM GAS  C:\Users\Lenovo\AppData\Local\Temp\ccTXWGea.s 			page 33


 1241 0036 1880     		strh	r0, [r3]
 446:main.c        ****         {
 1242              		.loc 1 446 0
 1243 0038 0028     		cmp	r0, #0
 1244 003a 06D1     		bne	.L97
 448:main.c        ****         }
 1245              		.loc 1 448 0
 1246 003c 0E23     		movs	r3, #14
 1247 003e 6B44     		add	r3, r3, sp
 1248 0040 1988     		ldrh	r1, [r3]
 1249 0042 0948     		ldr	r0, .L98+16
 1250 0044 FFF7FEFF 		bl	printf
 1251              	.LVL177:
 1252 0048 03E0     		b	.L95
 1253              	.L97:
 452:main.c        ****         }
 1254              		.loc 1 452 0
 1255 004a 0100     		movs	r1, r0
 1256 004c 0748     		ldr	r0, .L98+20
 1257 004e FFF7FEFF 		bl	printf
 1258              	.LVL178:
 1259              	.L95:
 455:main.c        **** 
 1260              		.loc 1 455 0
 1261 0052 05B0     		add	sp, sp, #20
 1262              		@ sp needed
 1263 0054 00BD     		pop	{pc}
 1264              	.L99:
 1265 0056 C046     		.align	2
 1266              	.L98:
 1267 0058 00000000 		.word	cyBle_state
 1268 005c 00000000 		.word	.LANCHOR0
 1269 0060 00000000 		.word	cyBle_connHandle
 1270 0064 00000000 		.word	apiResult
 1271 0068 C0060000 		.word	.LC128
 1272 006c DC060000 		.word	.LC130
 1273              		.cfi_endproc
 1274              	.LFE40:
 1275              		.size	ADC_INDIC, .-ADC_INDIC
 1276              		.global	__aeabi_uidivmod
 1277              		.global	__aeabi_uidiv
 1278              		.section	.text.out7seg,"ax",%progbits
 1279              		.align	2
 1280              		.global	out7seg
 1281              		.code	16
 1282              		.thumb_func
 1283              		.type	out7seg, %function
 1284              	out7seg:
 1285              	.LFB44:
 566:main.c        **** 
 567:main.c        **** /*******************************************************************************
 568:main.c        **** * Function Name: out7seg
 569:main.c        **** ********************************************************************************
 570:main.c        **** *
 571:main.c        **** * Summary:
 572:main.c        **** *   Outputs digit to the 7-SEG display
 573:main.c        **** *
ARM GAS  C:\Users\Lenovo\AppData\Local\Temp\ccTXWGea.s 			page 34


 574:main.c        **** * Parameters:
 575:main.c        **** *   uint16 data
 576:main.c        **** *
 577:main.c        **** * Return:
 578:main.c        **** *   None
 579:main.c        **** *
 580:main.c        **** *******************************************************************************/
 581:main.c        **** void out7seg(uint16 data)
 582:main.c        **** {
 1286              		.loc 1 582 0
 1287              		.cfi_startproc
 1288              		@ args = 0, pretend = 0, frame = 0
 1289              		@ frame_needed = 0, uses_anonymous_args = 0
 1290              	.LVL179:
 1291 0000 F0B5     		push	{r4, r5, r6, r7, lr}
 1292              		.cfi_def_cfa_offset 20
 1293              		.cfi_offset 4, -20
 1294              		.cfi_offset 5, -16
 1295              		.cfi_offset 6, -12
 1296              		.cfi_offset 7, -8
 1297              		.cfi_offset 14, -4
 1298 0002 4746     		mov	r7, r8
 1299 0004 80B4     		push	{r7}
 1300              		.cfi_def_cfa_offset 24
 1301              		.cfi_offset 8, -24
 1302 0006 0500     		movs	r5, r0
 1303              	.LVL180:
 583:main.c        ****     uint8 i;
 584:main.c        ****     
 585:main.c        ****     for (i = 0; i < 4; i++)
 1304              		.loc 1 585 0
 1305 0008 0024     		movs	r4, #0
 1306 000a 1AE0     		b	.L101
 1307              	.LVL181:
 1308              	.L103:
 586:main.c        ****     {
 587:main.c        ****         indyk[i] &= 0xFF00;
 1309              		.loc 1 587 0
 1310 000c 164F     		ldr	r7, .L106
 1311 000e 6300     		lsls	r3, r4, #1
 1312 0010 9846     		mov	r8, r3
 1313 0012 DE5B     		ldrh	r6, [r3, r7]
 1314 0014 FF23     		movs	r3, #255
 1315 0016 9E43     		bics	r6, r3
 1316 0018 4346     		mov	r3, r8
 1317 001a DE53     		strh	r6, [r3, r7]
 588:main.c        ****         indyk[i] |= (uint16)KOD7[data % 10];
 1318              		.loc 1 588 0
 1319 001c 0A21     		movs	r1, #10
 1320 001e 2800     		movs	r0, r5
 1321 0020 FFF7FEFF 		bl	__aeabi_uidivmod
 1322              	.LVL182:
 1323 0024 89B2     		uxth	r1, r1
 1324 0026 114B     		ldr	r3, .L106+4
 1325 0028 5B5C     		ldrb	r3, [r3, r1]
 1326 002a 1E43     		orrs	r6, r3
 1327 002c 4346     		mov	r3, r8
ARM GAS  C:\Users\Lenovo\AppData\Local\Temp\ccTXWGea.s 			page 35


 1328 002e DE53     		strh	r6, [r3, r7]
 589:main.c        ****         data /= 10;
 1329              		.loc 1 589 0
 1330 0030 0A21     		movs	r1, #10
 1331 0032 2800     		movs	r0, r5
 1332 0034 FFF7FEFF 		bl	__aeabi_uidiv
 1333              	.LVL183:
 1334 0038 85B2     		uxth	r5, r0
 1335              	.LVL184:
 590:main.c        ****         if (data == 0) break;
 1336              		.loc 1 590 0
 1337 003a 002D     		cmp	r5, #0
 1338 003c 03D0     		beq	.L102
 585:main.c        ****     {
 1339              		.loc 1 585 0 discriminator 2
 1340 003e 0134     		adds	r4, r4, #1
 1341              	.LVL185:
 1342 0040 E4B2     		uxtb	r4, r4
 1343              	.LVL186:
 1344              	.L101:
 585:main.c        ****     {
 1345              		.loc 1 585 0 is_stmt 0 discriminator 1
 1346 0042 032C     		cmp	r4, #3
 1347 0044 E2D9     		bls	.L103
 1348              	.L102:
 591:main.c        ****     }
 592:main.c        ****     
 593:main.c        ****     for (i++; i < 4; i++)
 1349              		.loc 1 593 0 is_stmt 1
 1350 0046 0134     		adds	r4, r4, #1
 1351              	.LVL187:
 1352 0048 E3B2     		uxtb	r3, r4
 1353              	.LVL188:
 1354 004a 07E0     		b	.L104
 1355              	.L105:
 594:main.c        ****     {
 595:main.c        ****         indyk[i] |= 0x00FF;
 1356              		.loc 1 595 0 discriminator 3
 1357 004c 0649     		ldr	r1, .L106
 1358 004e 5800     		lsls	r0, r3, #1
 1359 0050 445A     		ldrh	r4, [r0, r1]
 1360 0052 FF22     		movs	r2, #255
 1361 0054 2243     		orrs	r2, r4
 1362 0056 4252     		strh	r2, [r0, r1]
 593:main.c        ****     {
 1363              		.loc 1 593 0 discriminator 3
 1364 0058 0133     		adds	r3, r3, #1
 1365              	.LVL189:
 1366 005a DBB2     		uxtb	r3, r3
 1367              	.LVL190:
 1368              	.L104:
 593:main.c        ****     {
 1369              		.loc 1 593 0 is_stmt 0 discriminator 1
 1370 005c 032B     		cmp	r3, #3
 1371 005e F5D9     		bls	.L105
 596:main.c        ****     }
 597:main.c        **** }
ARM GAS  C:\Users\Lenovo\AppData\Local\Temp\ccTXWGea.s 			page 36


 1372              		.loc 1 597 0 is_stmt 1
 1373              		@ sp needed
 1374              	.LVL191:
 1375 0060 04BC     		pop	{r2}
 1376 0062 9046     		mov	r8, r2
 1377 0064 F0BD     		pop	{r4, r5, r6, r7, pc}
 1378              	.L107:
 1379 0066 C046     		.align	2
 1380              	.L106:
 1381 0068 00000000 		.word	.LANCHOR1
 1382 006c 00000000 		.word	.LANCHOR2
 1383              		.cfi_endproc
 1384              	.LFE44:
 1385              		.size	out7seg, .-out7seg
 1386              		.section	.text.AdcHandler,"ax",%progbits
 1387              		.align	2
 1388              		.global	AdcHandler
 1389              		.code	16
 1390              		.thumb_func
 1391              		.type	AdcHandler, %function
 1392              	AdcHandler:
 1393              	.LFB41:
 458:main.c        ****     static uint16 prev_ADC_val = 0xFFFF;
 1394              		.loc 1 458 0
 1395              		.cfi_startproc
 1396              		@ args = 0, pretend = 0, frame = 8
 1397              		@ frame_needed = 0, uses_anonymous_args = 0
 1398 0000 10B5     		push	{r4, lr}
 1399              		.cfi_def_cfa_offset 8
 1400              		.cfi_offset 4, -8
 1401              		.cfi_offset 14, -4
 1402 0002 82B0     		sub	sp, sp, #8
 1403              		.cfi_def_cfa_offset 16
 1404              	.LVL192:
 464:main.c        ****     {
 1405              		.loc 1 464 0
 1406 0004 264B     		ldr	r3, .L116
 1407 0006 1B79     		ldrb	r3, [r3, #4]
 1408 0008 002B     		cmp	r3, #0
 1409 000a 47D0     		beq	.L108
 469:main.c        ****     curr_val = adcResult;
 1410              		.loc 1 469 0
 1411 000c 244B     		ldr	r3, .L116
 1412 000e 0022     		movs	r2, #0
 1413 0010 1A71     		strb	r2, [r3, #4]
 470:main.c        **** 
 1414              		.loc 1 470 0
 1415 0012 5B88     		ldrh	r3, [r3, #2]
 1416 0014 9BB2     		uxth	r3, r3
 1417 0016 6A46     		mov	r2, sp
 1418 0018 D380     		strh	r3, [r2, #6]
 472:main.c        ****     {
 1419              		.loc 1 472 0
 1420 001a 0A3B     		subs	r3, r3, #10
 1421 001c 9BB2     		uxth	r3, r3
 1422 001e 214A     		ldr	r2, .L116+4
 1423 0020 9342     		cmp	r3, r2
ARM GAS  C:\Users\Lenovo\AppData\Local\Temp\ccTXWGea.s 			page 37


 1424 0022 04D9     		bls	.L115
 1425              	.LVL193:
 475:main.c        ****     }
 1426              		.loc 1 475 0
 1427 0024 2048     		ldr	r0, .L116+8
 1428 0026 FFF7FEFF 		bl	printf
 1429              	.LVL194:
 474:main.c        ****         DBG_PRINTF("ADC value out of range");
 1430              		.loc 1 474 0
 1431 002a 0124     		movs	r4, #1
 1432 002c 00E0     		b	.L110
 1433              	.LVL195:
 1434              	.L115:
 462:main.c        **** 
 1435              		.loc 1 462 0
 1436 002e 0024     		movs	r4, #0
 1437              	.LVL196:
 1438              	.L110:
 478:main.c        ****     {
 1439              		.loc 1 478 0
 1440 0030 6B46     		mov	r3, sp
 1441 0032 D888     		ldrh	r0, [r3, #6]
 1442 0034 1D4A     		ldr	r2, .L116+12
 1443 0036 1389     		ldrh	r3, [r2, #8]
 1444 0038 C31A     		subs	r3, r0, r3
 1445 003a D917     		asrs	r1, r3, #31
 1446 003c 5B18     		adds	r3, r3, r1
 1447 003e 4B40     		eors	r3, r1
 1448 0040 1B04     		lsls	r3, r3, #16
 1449 0042 1B0C     		lsrs	r3, r3, #16
 1450 0044 5289     		ldrh	r2, [r2, #10]
 1451 0046 9342     		cmp	r3, r2
 1452 0048 13DB     		blt	.L111
 480:main.c        **** 
 1453              		.loc 1 480 0
 1454 004a 184B     		ldr	r3, .L116+12
 1455 004c 1881     		strh	r0, [r3, #8]
 482:main.c        ****         
 1456              		.loc 1 482 0
 1457 004e FFF7FEFF 		bl	out7seg
 1458              	.LVL197:
 484:main.c        ****             CYBLE_AIOS_ANALOG,
 1459              		.loc 1 484 0
 1460 0052 6B46     		mov	r3, sp
 1461 0054 0633     		adds	r3, r3, #6
 1462 0056 0222     		movs	r2, #2
 1463 0058 0221     		movs	r1, #2
 1464 005a 0120     		movs	r0, #1
 1465 005c FFF7FEFF 		bl	CyBle_AiossSetCharacteristicValue
 1466              	.LVL198:
 1467 0060 134B     		ldr	r3, .L116+16
 1468 0062 1880     		strh	r0, [r3]
 491:main.c        ****         {
 1469              		.loc 1 491 0
 1470 0064 0028     		cmp	r0, #0
 1471 0066 04D1     		bne	.L111
 493:main.c        ****         }
ARM GAS  C:\Users\Lenovo\AppData\Local\Temp\ccTXWGea.s 			page 38


 1472              		.loc 1 493 0
 1473 0068 6B46     		mov	r3, sp
 1474 006a D988     		ldrh	r1, [r3, #6]
 1475 006c 1148     		ldr	r0, .L116+20
 1476 006e FFF7FEFF 		bl	printf
 1477              	.LVL199:
 1478              	.L111:
 497:main.c        ****     {
 1479              		.loc 1 497 0
 1480 0072 002C     		cmp	r4, #0
 1481 0074 0BD0     		beq	.L112
 497:main.c        ****     {
 1482              		.loc 1 497 0 is_stmt 0 discriminator 1
 1483 0076 0A4B     		ldr	r3, .L116
 1484 0078 5B7A     		ldrb	r3, [r3, #9]
 1485 007a 002B     		cmp	r3, #0
 1486 007c 07D1     		bne	.L112
 499:main.c        ****         ADC_INDIC(curr_val);
 1487              		.loc 1 499 0 is_stmt 1
 1488 007e 0122     		movs	r2, #1
 1489 0080 074B     		ldr	r3, .L116
 1490 0082 5A72     		strb	r2, [r3, #9]
 500:main.c        ****     }
 1491              		.loc 1 500 0
 1492 0084 6B46     		mov	r3, sp
 1493 0086 D888     		ldrh	r0, [r3, #6]
 1494 0088 FFF7FEFF 		bl	ADC_INDIC
 1495              	.LVL200:
 1496 008c 04E0     		b	.L113
 1497              	.L112:
 502:main.c        ****     {
 1498              		.loc 1 502 0
 1499 008e 002C     		cmp	r4, #0
 1500 0090 02D1     		bne	.L113
 504:main.c        ****     }
 1501              		.loc 1 504 0
 1502 0092 0022     		movs	r2, #0
 1503 0094 024B     		ldr	r3, .L116
 1504 0096 5A72     		strb	r2, [r3, #9]
 1505              	.L113:
 507:main.c        **** }
 1506              		.loc 1 507 0
 1507 0098 FFF7FEFF 		bl	LED_D1_state_upd
 1508              	.LVL201:
 1509              	.L108:
 508:main.c        **** 
 1510              		.loc 1 508 0
 1511 009c 02B0     		add	sp, sp, #8
 1512              		@ sp needed
 1513 009e 10BD     		pop	{r4, pc}
 1514              	.L117:
 1515              		.align	2
 1516              	.L116:
 1517 00a0 00000000 		.word	.LANCHOR0
 1518 00a4 F5070000 		.word	2037
 1519 00a8 00070000 		.word	.LC135
 1520 00ac 00000000 		.word	.LANCHOR1
ARM GAS  C:\Users\Lenovo\AppData\Local\Temp\ccTXWGea.s 			page 39


 1521 00b0 00000000 		.word	apiResult
 1522 00b4 18070000 		.word	.LC139
 1523              		.cfi_endproc
 1524              	.LFE41:
 1525              		.size	AdcHandler, .-AdcHandler
 1526              		.section	.text.CapSenseHandler,"ax",%progbits
 1527              		.align	2
 1528              		.global	CapSenseHandler
 1529              		.code	16
 1530              		.thumb_func
 1531              		.type	CapSenseHandler, %function
 1532              	CapSenseHandler:
 1533              	.LFB45:
 598:main.c        **** 
 599:main.c        **** /*******************************************************************************
 600:main.c        **** * Function Name: CapSenseHandler
 601:main.c        **** ********************************************************************************
 602:main.c        **** *
 603:main.c        **** * Summary:
 604:main.c        **** *   Handles the CapSense events.
 605:main.c        **** *
 606:main.c        **** * Parameters:
 607:main.c        **** *   None
 608:main.c        **** *
 609:main.c        **** * Return:
 610:main.c        **** *   None
 611:main.c        **** *
 612:main.c        **** *******************************************************************************/
 613:main.c        **** void CapSenseHandler(void)
 614:main.c        **** {
 1534              		.loc 1 614 0
 1535              		.cfi_startproc
 1536              		@ args = 0, pretend = 0, frame = 8
 1537              		@ frame_needed = 0, uses_anonymous_args = 0
 1538 0000 30B5     		push	{r4, r5, lr}
 1539              		.cfi_def_cfa_offset 12
 1540              		.cfi_offset 4, -12
 1541              		.cfi_offset 5, -8
 1542              		.cfi_offset 14, -4
 1543 0002 83B0     		sub	sp, sp, #12
 1544              		.cfi_def_cfa_offset 24
 615:main.c        ****     static uint16 sliderPrevPosition = CapSense_SLIDER_NO_TOUCH;
 616:main.c        ****     uint16 sliderPosition = 0;
 1545              		.loc 1 616 0
 1546 0004 0022     		movs	r2, #0
 1547 0006 6B46     		mov	r3, sp
 1548 0008 DA80     		strh	r2, [r3, #6]
 617:main.c        ****     uint8 i;
 618:main.c        ****     
 619:main.c        ****     /* Do this only when a scan is done */
 620:main.c        ****     if(CapSense_NOT_BUSY == CapSense_IsBusy())
 1549              		.loc 1 620 0
 1550 000a FFF7FEFF 		bl	CapSense_IsBusy
 1551              	.LVL202:
 1552 000e 0028     		cmp	r0, #0
 1553 0010 53D1     		bne	.L118
 621:main.c        ****     {
ARM GAS  C:\Users\Lenovo\AppData\Local\Temp\ccTXWGea.s 			page 40


 622:main.c        ****         /* Process all widgets */
 623:main.c        ****         CapSense_ProcessAllWidgets();
 1554              		.loc 1 623 0
 1555 0012 FFF7FEFF 		bl	CapSense_ProcessAllWidgets
 1556              	.LVL203:
 624:main.c        ****         
 625:main.c        ****         if( CapSense_GetCentroidPos(0u) != CapSense_SLIDER_NO_TOUCH)
 1557              		.loc 1 625 0
 1558 0016 0020     		movs	r0, #0
 1559 0018 FFF7FEFF 		bl	CapSense_GetCentroidPos
 1560              	.LVL204:
 1561 001c 284B     		ldr	r3, .L125
 1562 001e 9842     		cmp	r0, r3
 1563 0020 3FD0     		beq	.L120
 626:main.c        ****         {   
 627:main.c        ****             sliderPosition = CapSense_GetCentroidPos(0u);
 1564              		.loc 1 627 0
 1565 0022 0020     		movs	r0, #0
 1566 0024 FFF7FEFF 		bl	CapSense_GetCentroidPos
 1567              	.LVL205:
 1568 0028 80B2     		uxth	r0, r0
 1569 002a 6B46     		mov	r3, sp
 1570 002c D880     		strh	r0, [r3, #6]
 628:main.c        ****     
 629:main.c        ****             if ( sliderPrevPosition != sliderPosition )
 1571              		.loc 1 629 0
 1572 002e 254B     		ldr	r3, .L125+4
 1573 0030 9B89     		ldrh	r3, [r3, #12]
 1574 0032 9842     		cmp	r0, r3
 1575 0034 41D0     		beq	.L118
 630:main.c        ****             { 
 631:main.c        ****                 sliderPrevPosition = sliderPosition;
 1576              		.loc 1 631 0
 1577 0036 234B     		ldr	r3, .L125+4
 1578 0038 9881     		strh	r0, [r3, #12]
 632:main.c        ****             
 633:main.c        ****                 out7seg(sliderPosition);
 1579              		.loc 1 633 0
 1580 003a FFF7FEFF 		bl	out7seg
 1581              	.LVL206:
 634:main.c        ****                 
 635:main.c        ****                 DBG_PRINTF("%4d (0x%02X) ", sliderPosition, sliderPosition);
 1582              		.loc 1 635 0
 1583 003e 6B46     		mov	r3, sp
 1584 0040 D988     		ldrh	r1, [r3, #6]
 1585 0042 0A00     		movs	r2, r1
 1586 0044 2048     		ldr	r0, .L125+8
 1587 0046 FFF7FEFF 		bl	printf
 1588              	.LVL207:
 636:main.c        ****             
 637:main.c        ****                 for(i = 0; i < 20 ; i++)
 1589              		.loc 1 637 0
 1590 004a 0024     		movs	r4, #0
 1591 004c 11E0     		b	.L121
 1592              	.LVL208:
 1593              	.L124:
 638:main.c        ****                 {                   
ARM GAS  C:\Users\Lenovo\AppData\Local\Temp\ccTXWGea.s 			page 41


 639:main.c        ****                     if( i < (sliderPosition / 5u))
 1594              		.loc 1 639 0
 1595 004e A5B2     		uxth	r5, r4
 1596 0050 6B46     		mov	r3, sp
 1597 0052 D888     		ldrh	r0, [r3, #6]
 1598 0054 0521     		movs	r1, #5
 1599 0056 FFF7FEFF 		bl	__aeabi_uidiv
 1600              	.LVL209:
 1601 005a 80B2     		uxth	r0, r0
 1602 005c 8542     		cmp	r5, r0
 1603 005e 03D2     		bcs	.L122
 640:main.c        ****                     {
 641:main.c        ****                         DBG_PRINTF("#");
 1604              		.loc 1 641 0
 1605 0060 2320     		movs	r0, #35
 1606 0062 FFF7FEFF 		bl	putchar
 1607              	.LVL210:
 1608 0066 02E0     		b	.L123
 1609              	.L122:
 642:main.c        ****                     }
 643:main.c        ****                     else
 644:main.c        ****                     {
 645:main.c        ****                         DBG_PRINTF("-");
 1610              		.loc 1 645 0
 1611 0068 2D20     		movs	r0, #45
 1612 006a FFF7FEFF 		bl	putchar
 1613              	.LVL211:
 1614              	.L123:
 637:main.c        ****                 {                   
 1615              		.loc 1 637 0 discriminator 2
 1616 006e 0134     		adds	r4, r4, #1
 1617              	.LVL212:
 1618 0070 E4B2     		uxtb	r4, r4
 1619              	.LVL213:
 1620              	.L121:
 637:main.c        ****                 {                   
 1621              		.loc 1 637 0 is_stmt 0 discriminator 1
 1622 0072 132C     		cmp	r4, #19
 1623 0074 EBD9     		bls	.L124
 646:main.c        ****                     }
 647:main.c        ****                 }    
 648:main.c        ****                 DBG_PRINTF("\r");
 1624              		.loc 1 648 0 is_stmt 1
 1625 0076 0D20     		movs	r0, #13
 1626 0078 FFF7FEFF 		bl	putchar
 1627              	.LVL214:
 649:main.c        ****                 DBG_PRINTF("\n");
 1628              		.loc 1 649 0
 1629 007c 0A20     		movs	r0, #10
 1630 007e FFF7FEFF 		bl	putchar
 1631              	.LVL215:
 650:main.c        **** 
 651:main.c        ****                 apiResult = CyBle_AiossSetCharacteristicValue(CYBLE_AIOS_ANALOG,
 1632              		.loc 1 651 0
 1633 0082 6B46     		mov	r3, sp
 1634 0084 0633     		adds	r3, r3, #6
 1635 0086 0222     		movs	r2, #2
ARM GAS  C:\Users\Lenovo\AppData\Local\Temp\ccTXWGea.s 			page 42


 1636 0088 0021     		movs	r1, #0
 1637 008a 0120     		movs	r0, #1
 1638 008c FFF7FEFF 		bl	CyBle_AiossSetCharacteristicValue
 1639              	.LVL216:
 1640 0090 0E4B     		ldr	r3, .L125+12
 1641 0092 1880     		strh	r0, [r3]
 652:main.c        ****                     INSTANCE_SLIDER, sizeof(sliderPosition), (uint8 *)&sliderPosition );
 653:main.c        ****                 
 654:main.c        ****                 if(apiResult != CYBLE_ERROR_OK)
 1642              		.loc 1 654 0
 1643 0094 0028     		cmp	r0, #0
 1644 0096 10D0     		beq	.L118
 655:main.c        ****                 {
 656:main.c        ****                     DBG_PRINTF("CyBle_AiossSetCharacteristicValue API Error - %x \r\n", apiResult);
 1645              		.loc 1 656 0
 1646 0098 0100     		movs	r1, r0
 1647 009a 0D48     		ldr	r0, .L125+16
 1648 009c FFF7FEFF 		bl	printf
 1649              	.LVL217:
 1650 00a0 0BE0     		b	.L118
 1651              	.LVL218:
 1652              	.L120:
 657:main.c        ****                 }
 658:main.c        ****             }
 659:main.c        ****         }
 660:main.c        ****         else
 661:main.c        ****         {
 662:main.c        ****             if (sliderPrevPosition != CapSense_SLIDER_NO_TOUCH)
 1653              		.loc 1 662 0
 1654 00a2 084B     		ldr	r3, .L125+4
 1655 00a4 9A89     		ldrh	r2, [r3, #12]
 1656 00a6 064B     		ldr	r3, .L125
 1657 00a8 9A42     		cmp	r2, r3
 1658 00aa 06D0     		beq	.L118
 663:main.c        ****             {
 664:main.c        ****                 sliderPrevPosition = CapSense_SLIDER_NO_TOUCH;
 1659              		.loc 1 664 0
 1660 00ac 0122     		movs	r2, #1
 1661 00ae 5242     		rsbs	r2, r2, #0
 1662 00b0 044B     		ldr	r3, .L125+4
 1663 00b2 9A81     		strh	r2, [r3, #12]
 665:main.c        ****                 DBG_PRINTF("\r\n");
 1664              		.loc 1 665 0
 1665 00b4 0748     		ldr	r0, .L125+20
 1666 00b6 FFF7FEFF 		bl	puts
 1667              	.LVL219:
 1668              	.L118:
 666:main.c        ****             }
 667:main.c        ****         }
 668:main.c        ****     }
 669:main.c        **** }
 1669              		.loc 1 669 0
 1670 00ba 03B0     		add	sp, sp, #12
 1671              		@ sp needed
 1672 00bc 30BD     		pop	{r4, r5, pc}
 1673              	.L126:
 1674 00be C046     		.align	2
ARM GAS  C:\Users\Lenovo\AppData\Local\Temp\ccTXWGea.s 			page 43


 1675              	.L125:
 1676 00c0 FFFF0000 		.word	65535
 1677 00c4 00000000 		.word	.LANCHOR1
 1678 00c8 24070000 		.word	.LC142
 1679 00cc 00000000 		.word	apiResult
 1680 00d0 34070000 		.word	.LC145
 1681 00d4 AC000000 		.word	.LC20
 1682              		.cfi_endproc
 1683              	.LFE45:
 1684              		.size	CapSenseHandler, .-CapSenseHandler
 1685              		.section	.text.PWMHandler,"ax",%progbits
 1686              		.align	2
 1687              		.global	PWMHandler
 1688              		.code	16
 1689              		.thumb_func
 1690              		.type	PWMHandler, %function
 1691              	PWMHandler:
 1692              	.LFB46:
 670:main.c        **** 
 671:main.c        **** /*******************************************************************************
 672:main.c        **** * Function Name: IdacHandler
 673:main.c        **** ********************************************************************************
 674:main.c        **** *
 675:main.c        **** * Summary:
 676:main.c        **** *   Handles the IDAC process.
 677:main.c        **** *
 678:main.c        **** * Parameters:
 679:main.c        **** *   None
 680:main.c        **** *
 681:main.c        **** * Return:
 682:main.c        **** *   None
 683:main.c        **** *
 684:main.c        **** *******************************************************************************/
 685:main.c        **** void PWMHandler(void)
 686:main.c        **** {
 1693              		.loc 1 686 0
 1694              		.cfi_startproc
 1695              		@ args = 0, pretend = 0, frame = 8
 1696              		@ frame_needed = 0, uses_anonymous_args = 0
 1697 0000 10B5     		push	{r4, lr}
 1698              		.cfi_def_cfa_offset 8
 1699              		.cfi_offset 4, -8
 1700              		.cfi_offset 14, -4
 1701 0002 82B0     		sub	sp, sp, #8
 1702              		.cfi_def_cfa_offset 16
 687:main.c        ****     static uint16 pwmPrevValue = 0;
 688:main.c        ****     uint16 pwmValue = 0;
 1703              		.loc 1 688 0
 1704 0004 6B46     		mov	r3, sp
 1705 0006 0633     		adds	r3, r3, #6
 1706 0008 0022     		movs	r2, #0
 1707 000a 1A80     		strh	r2, [r3]
 689:main.c        ****         
 690:main.c        ****     apiResult = CyBle_AiossGetCharacteristicValue(CYBLE_AIOS_ANALOG,
 1708              		.loc 1 690 0
 1709 000c 0232     		adds	r2, r2, #2
 1710 000e 0121     		movs	r1, #1
ARM GAS  C:\Users\Lenovo\AppData\Local\Temp\ccTXWGea.s 			page 44


 1711 0010 0120     		movs	r0, #1
 1712 0012 FFF7FEFF 		bl	CyBle_AiossGetCharacteristicValue
 1713              	.LVL220:
 1714 0016 0F4B     		ldr	r3, .L130
 1715 0018 1880     		strh	r0, [r3]
 691:main.c        ****                 INSTANCE_PWM, sizeof(pwmValue), (uint8 *)&pwmValue );
 692:main.c        ****             
 693:main.c        ****     if(apiResult != CYBLE_ERROR_OK)
 1716              		.loc 1 693 0
 1717 001a 0028     		cmp	r0, #0
 1718 001c 04D0     		beq	.L128
 694:main.c        ****     {
 695:main.c        ****         DBG_PRINTF("CyBle_AiossGetCharacteristicValue API Error - %x\r\n", apiResult);
 1719              		.loc 1 695 0
 1720 001e 0100     		movs	r1, r0
 1721 0020 0D48     		ldr	r0, .L130+4
 1722 0022 FFF7FEFF 		bl	printf
 1723              	.LVL221:
 1724 0026 12E0     		b	.L127
 1725              	.L128:
 696:main.c        ****     }
 697:main.c        ****     else
 698:main.c        ****     {   
 699:main.c        ****         if (pwmPrevValue != pwmValue)
 1726              		.loc 1 699 0
 1727 0028 0C4B     		ldr	r3, .L130+8
 1728 002a 5B89     		ldrh	r3, [r3, #10]
 1729 002c 6A46     		mov	r2, sp
 1730 002e D088     		ldrh	r0, [r2, #6]
 1731 0030 8342     		cmp	r3, r0
 1732 0032 0CD0     		beq	.L127
 700:main.c        ****         {   
 701:main.c        ****             PWM_WriteCompare(255 - pwmValue);
 1733              		.loc 1 701 0
 1734 0034 C043     		mvns	r0, r0
 1735 0036 C0B2     		uxtb	r0, r0
 1736 0038 FFF7FEFF 		bl	PWM_WriteCompare
 1737              	.LVL222:
 702:main.c        ****             DBG_PRINTF("PWM value changed. New periodt - %d \r\n", pwmValue);
 1738              		.loc 1 702 0
 1739 003c 6B46     		mov	r3, sp
 1740 003e 9C1D     		adds	r4, r3, #6
 1741 0040 D988     		ldrh	r1, [r3, #6]
 1742 0042 0748     		ldr	r0, .L130+12
 1743 0044 FFF7FEFF 		bl	printf
 1744              	.LVL223:
 703:main.c        ****             pwmPrevValue = pwmValue;
 1745              		.loc 1 703 0
 1746 0048 2288     		ldrh	r2, [r4]
 1747 004a 044B     		ldr	r3, .L130+8
 1748 004c 5A81     		strh	r2, [r3, #10]
 1749              	.L127:
 704:main.c        ****         }
 705:main.c        ****     }
 706:main.c        **** }
 1750              		.loc 1 706 0
 1751 004e 02B0     		add	sp, sp, #8
ARM GAS  C:\Users\Lenovo\AppData\Local\Temp\ccTXWGea.s 			page 45


 1752              		@ sp needed
 1753 0050 10BD     		pop	{r4, pc}
 1754              	.L131:
 1755 0052 C046     		.align	2
 1756              	.L130:
 1757 0054 00000000 		.word	apiResult
 1758 0058 68070000 		.word	.LC149
 1759 005c 00000000 		.word	.LANCHOR0
 1760 0060 9C070000 		.word	.LC152
 1761              		.cfi_endproc
 1762              	.LFE46:
 1763              		.size	PWMHandler, .-PWMHandler
 1764              		.section	.text.OutputLedHandler,"ax",%progbits
 1765              		.align	2
 1766              		.global	OutputLedHandler
 1767              		.code	16
 1768              		.thumb_func
 1769              		.type	OutputLedHandler, %function
 1770              	OutputLedHandler:
 1771              	.LFB47:
 707:main.c        **** 
 708:main.c        **** /*******************************************************************************
 709:main.c        **** * Function Name: OutputLedHandler
 710:main.c        **** ********************************************************************************
 711:main.c        **** *
 712:main.c        **** * Summary:
 713:main.c        **** *   Handles the output LED.
 714:main.c        **** *
 715:main.c        **** * Parameters:
 716:main.c        **** *   None
 717:main.c        **** *
 718:main.c        **** * Return:
 719:main.c        **** *   None
 720:main.c        **** *
 721:main.c        **** *******************************************************************************/
 722:main.c        **** void OutputLedHandler(void)
 723:main.c        **** {
 1772              		.loc 1 723 0
 1773              		.cfi_startproc
 1774              		@ args = 0, pretend = 0, frame = 8
 1775              		@ frame_needed = 0, uses_anonymous_args = 0
 1776 0000 30B5     		push	{r4, r5, lr}
 1777              		.cfi_def_cfa_offset 12
 1778              		.cfi_offset 4, -12
 1779              		.cfi_offset 5, -8
 1780              		.cfi_offset 14, -4
 1781 0002 83B0     		sub	sp, sp, #12
 1782              		.cfi_def_cfa_offset 24
 724:main.c        ****     static uint8 ledPrevValue[N_OF_LEDS] = {3,3,3,3};
 725:main.c        ****     
 726:main.c        ****     uint8 ledValue = 0;
 1783              		.loc 1 726 0
 1784 0004 0022     		movs	r2, #0
 1785 0006 6B46     		mov	r3, sp
 1786 0008 DA71     		strb	r2, [r3, #7]
 1787              	.LVL224:
 727:main.c        ****     uint8 i;
ARM GAS  C:\Users\Lenovo\AppData\Local\Temp\ccTXWGea.s 			page 46


 728:main.c        ****     
 729:main.c        ****     for (i = 0; i < N_OF_LEDS; i++)
 1788              		.loc 1 729 0
 1789 000a 0024     		movs	r4, #0
 1790 000c 3DE0     		b	.L133
 1791              	.LVL225:
 1792              	.L137:
 730:main.c        ****     {
 731:main.c        ****         apiResult = CyBle_AiossGetCharacteristicValue(CYBLE_AIOS_DIGITAL,
 1793              		.loc 1 731 0
 1794 000e 6B46     		mov	r3, sp
 1795 0010 0733     		adds	r3, r3, #7
 1796 0012 0122     		movs	r2, #1
 1797 0014 2100     		movs	r1, r4
 1798 0016 0020     		movs	r0, #0
 1799 0018 FFF7FEFF 		bl	CyBle_AiossGetCharacteristicValue
 1800              	.LVL226:
 1801 001c 1D4B     		ldr	r3, .L138
 1802 001e 1880     		strh	r0, [r3]
 732:main.c        ****                     INSTANCE_DIGITAL_LED_D1 + i, sizeof(ledValue), (uint8 *)&ledValue  );
 733:main.c        ****                 
 734:main.c        ****         if(apiResult != CYBLE_ERROR_OK)
 1803              		.loc 1 734 0
 1804 0020 0028     		cmp	r0, #0
 1805 0022 04D0     		beq	.L134
 735:main.c        ****         {
 736:main.c        ****             DBG_PRINTF("CyBle_AiossGetCharacteristicValue API Error - %x\r\n", apiResult);
 1806              		.loc 1 736 0
 1807 0024 0100     		movs	r1, r0
 1808 0026 1C48     		ldr	r0, .L138+4
 1809 0028 FFF7FEFF 		bl	printf
 1810              	.LVL227:
 1811 002c 2BE0     		b	.L135
 1812              	.L134:
 737:main.c        ****         }
 738:main.c        ****         else
 739:main.c        ****         {   
 740:main.c        ****             if (ledPrevValue[i] != ledValue)
 1813              		.loc 1 740 0
 1814 002e 1B4B     		ldr	r3, .L138+8
 1815 0030 1B19     		adds	r3, r3, r4
 1816 0032 1A7C     		ldrb	r2, [r3, #16]
 1817 0034 6B46     		mov	r3, sp
 1818 0036 0733     		adds	r3, r3, #7
 1819 0038 1B78     		ldrb	r3, [r3]
 1820 003a 9A42     		cmp	r2, r3
 1821 003c 23D0     		beq	.L135
 741:main.c        ****             {
 742:main.c        ****                 ledPrevValue[i] = ledValue;
 1822              		.loc 1 742 0
 1823 003e 174A     		ldr	r2, .L138+8
 1824 0040 1219     		adds	r2, r2, r4
 1825 0042 1374     		strb	r3, [r2, #16]
 743:main.c        ****                 
 744:main.c        ****                 if ((ledValue & 0x01) == 0u)
 1826              		.loc 1 744 0
 1827 0044 DB07     		lsls	r3, r3, #31
ARM GAS  C:\Users\Lenovo\AppData\Local\Temp\ccTXWGea.s 			page 47


 1828 0046 0FD4     		bmi	.L136
 745:main.c        ****                 {
 746:main.c        ****                     ledValue = LED_D_Read();
 1829              		.loc 1 746 0
 1830 0048 FFF7FEFF 		bl	LED_D_Read
 1831              	.LVL228:
 747:main.c        ****                     ledValue |= ledMask[i];
 1832              		.loc 1 747 0
 1833 004c 144B     		ldr	r3, .L138+12
 1834 004e 1B19     		adds	r3, r3, r4
 1835 0050 1B7B     		ldrb	r3, [r3, #12]
 1836 0052 1843     		orrs	r0, r3
 1837 0054 C0B2     		uxtb	r0, r0
 1838 0056 6B46     		mov	r3, sp
 1839 0058 D871     		strb	r0, [r3, #7]
 748:main.c        ****                     LED_D_Write(ledValue);
 1840              		.loc 1 748 0
 1841 005a FFF7FEFF 		bl	LED_D_Write
 1842              	.LVL229:
 749:main.c        ****                     DBG_PRINTF("LED D%d OFF\r\n",i+1);
 1843              		.loc 1 749 0
 1844 005e 611C     		adds	r1, r4, #1
 1845 0060 1048     		ldr	r0, .L138+16
 1846 0062 FFF7FEFF 		bl	printf
 1847              	.LVL230:
 1848 0066 0EE0     		b	.L135
 1849              	.L136:
 750:main.c        ****                 }
 751:main.c        ****                 else
 752:main.c        ****                 {   ledValue = LED_D_Read();
 1850              		.loc 1 752 0
 1851 0068 FFF7FEFF 		bl	LED_D_Read
 1852              	.LVL231:
 753:main.c        ****                     ledValue &= ~ledMask[i];
 1853              		.loc 1 753 0
 1854 006c 0C4B     		ldr	r3, .L138+12
 1855 006e 1B19     		adds	r3, r3, r4
 1856 0070 1B7B     		ldrb	r3, [r3, #12]
 1857 0072 9843     		bics	r0, r3
 1858 0074 C0B2     		uxtb	r0, r0
 1859 0076 6B46     		mov	r3, sp
 1860 0078 D871     		strb	r0, [r3, #7]
 754:main.c        ****                     LED_D_Write(ledValue);
 1861              		.loc 1 754 0
 1862 007a FFF7FEFF 		bl	LED_D_Write
 1863              	.LVL232:
 755:main.c        ****                     DBG_PRINTF("LED D%d ON\r\n",i+1);
 1864              		.loc 1 755 0
 1865 007e 611C     		adds	r1, r4, #1
 1866 0080 0948     		ldr	r0, .L138+20
 1867 0082 FFF7FEFF 		bl	printf
 1868              	.LVL233:
 1869              	.L135:
 729:main.c        ****     {
 1870              		.loc 1 729 0 discriminator 2
 1871 0086 0134     		adds	r4, r4, #1
 1872              	.LVL234:
ARM GAS  C:\Users\Lenovo\AppData\Local\Temp\ccTXWGea.s 			page 48


 1873 0088 E4B2     		uxtb	r4, r4
 1874              	.LVL235:
 1875              	.L133:
 729:main.c        ****     {
 1876              		.loc 1 729 0 is_stmt 0 discriminator 1
 1877 008a 032C     		cmp	r4, #3
 1878 008c BFD9     		bls	.L137
 756:main.c        ****                 }
 757:main.c        ****             }
 758:main.c        ****         }
 759:main.c        ****     }
 760:main.c        ****    
 761:main.c        **** }        
 1879              		.loc 1 761 0 is_stmt 1
 1880 008e 03B0     		add	sp, sp, #12
 1881              		@ sp needed
 1882              	.LVL236:
 1883 0090 30BD     		pop	{r4, r5, pc}
 1884              	.L139:
 1885 0092 C046     		.align	2
 1886              	.L138:
 1887 0094 00000000 		.word	apiResult
 1888 0098 68070000 		.word	.LC149
 1889 009c 00000000 		.word	.LANCHOR1
 1890 00a0 00000000 		.word	.LANCHOR2
 1891 00a4 C4070000 		.word	.LC158
 1892 00a8 D4070000 		.word	.LC160
 1893              		.cfi_endproc
 1894              	.LFE47:
 1895              		.size	OutputLedHandler, .-OutputLedHandler
 1896              		.section	.text.ButtonHandler,"ax",%progbits
 1897              		.align	2
 1898              		.global	ButtonHandler
 1899              		.code	16
 1900              		.thumb_func
 1901              		.type	ButtonHandler, %function
 1902              	ButtonHandler:
 1903              	.LFB48:
 762:main.c        **** 
 763:main.c        **** /*******************************************************************************
 764:main.c        **** * Function Name: ButtonHandler
 765:main.c        **** ********************************************************************************
 766:main.c        **** *
 767:main.c        **** * Summary:
 768:main.c        **** *   Handles the SW2 button.
 769:main.c        **** *
 770:main.c        **** * Parameters:
 771:main.c        **** *   None
 772:main.c        **** *
 773:main.c        **** * Return:
 774:main.c        **** *   None
 775:main.c        **** *
 776:main.c        **** *******************************************************************************/
 777:main.c        **** void ButtonHandler(void)
 778:main.c        **** {
 1904              		.loc 1 778 0
 1905              		.cfi_startproc
ARM GAS  C:\Users\Lenovo\AppData\Local\Temp\ccTXWGea.s 			page 49


 1906              		@ args = 0, pretend = 0, frame = 0
 1907              		@ frame_needed = 0, uses_anonymous_args = 0
 1908 0000 30B5     		push	{r4, r5, lr}
 1909              		.cfi_def_cfa_offset 12
 1910              		.cfi_offset 4, -12
 1911              		.cfi_offset 5, -8
 1912              		.cfi_offset 14, -4
 1913 0002 83B0     		sub	sp, sp, #12
 1914              		.cfi_def_cfa_offset 24
 779:main.c        ****     static uint8 buttonsPrevState = 0x0F;
 780:main.c        ****     uint8 i;
 781:main.c        ****     
 782:main.c        ****     if (buttonState != BUTTON_IS_NOT_CHANGED)
 1915              		.loc 1 782 0
 1916 0004 3C4B     		ldr	r3, .L152
 1917 0006 5B79     		ldrb	r3, [r3, #5]
 1918 0008 002B     		cmp	r3, #0
 1919 000a 02D0     		beq	.L141
 783:main.c        ****     {   
 784:main.c        ****         buttonState--;
 1920              		.loc 1 784 0
 1921 000c 013B     		subs	r3, r3, #1
 1922 000e 3A4A     		ldr	r2, .L152
 1923 0010 5371     		strb	r3, [r2, #5]
 1924              	.L141:
 785:main.c        ****     }
 786:main.c        ****     
 787:main.c        ****     if (buttonState == BUTTON_IS_CHANGED)
 1925              		.loc 1 787 0
 1926 0012 394B     		ldr	r3, .L152
 1927 0014 5B79     		ldrb	r3, [r3, #5]
 1928 0016 012B     		cmp	r3, #1
 1929 0018 6BD1     		bne	.L140
 788:main.c        ****     {
 789:main.c        ****         buttonState = (SW2_Read() << 3) | Pin_Buttons_Read();
 1930              		.loc 1 789 0
 1931 001a FFF7FEFF 		bl	SW2_Read
 1932              	.LVL237:
 1933 001e C400     		lsls	r4, r0, #3
 1934 0020 FFF7FEFF 		bl	Pin_Buttons_Read
 1935              	.LVL238:
 1936 0024 2043     		orrs	r0, r4
 1937 0026 C0B2     		uxtb	r0, r0
 1938 0028 334B     		ldr	r3, .L152
 790:main.c        ****         
 791:main.c        ****         /* Accept displayed passkey */
 792:main.c        ****         if(authState == AUTHENTICATION_PASSKEY_YES_NO)
 1939              		.loc 1 792 0
 1940 002a 1B78     		ldrb	r3, [r3]
 1941 002c 032B     		cmp	r3, #3
 1942 002e 5AD1     		bne	.L151
 793:main.c        ****         {   
 794:main.c        ****             if(CyBle_GetState() == CYBLE_STATE_CONNECTED)
 795:main.c        ****             {   
 796:main.c        ****                 if (((buttonsPrevState ^ buttonState) & BUTTON_SW2_MASK) == BUTTON_SW2_MASK)
 797:main.c        ****                 {
 798:main.c        ****                     if ((buttonState & BUTTON_SW2_MASK) == BUTTON_IS_NOT_PRESSED)
ARM GAS  C:\Users\Lenovo\AppData\Local\Temp\ccTXWGea.s 			page 50


 799:main.c        ****                     {   
 800:main.c        ****                         customCommand = 'y';
 801:main.c        ****                     }
 802:main.c        ****                 }
 803:main.c        ****             }
 804:main.c        ****             buttonsPrevState = buttonState;
 1943              		.loc 1 804 0
 1944 0030 324B     		ldr	r3, .L152+4
 1945 0032 1875     		strb	r0, [r3, #20]
 1946 0034 5AE0     		b	.L144
 1947              	.LVL239:
 1948              	.L150:
 805:main.c        ****         }
 806:main.c        ****         else
 807:main.c        ****         {
 808:main.c        ****             for (i = 0; i < 3; i++)
 809:main.c        ****             {
 810:main.c        ****                 if (((buttonsPrevState ^ buttonState) & (1 << i)) != (1 << i))
 1949              		.loc 1 810 0
 1950 0036 314B     		ldr	r3, .L152+4
 1951 0038 1B7D     		ldrb	r3, [r3, #20]
 1952 003a 4340     		eors	r3, r0
 1953 003c 1400     		movs	r4, r2
 1954 003e 0121     		movs	r1, #1
 1955 0040 9140     		lsls	r1, r1, r2
 1956 0042 0B40     		ands	r3, r1
 1957 0044 9942     		cmp	r1, r3
 1958 0046 02D0     		beq	.L145
 808:main.c        ****             {
 1959              		.loc 1 808 0
 1960 0048 0132     		adds	r2, r2, #1
 1961              	.LVL240:
 1962 004a D2B2     		uxtb	r2, r2
 1963              	.LVL241:
 1964 004c 4CE0     		b	.L143
 1965              	.L145:
 811:main.c        ****                 {
 812:main.c        ****                     continue;
 813:main.c        ****                 }
 814:main.c        **** 
 815:main.c        ****                 buttonsPrevState = buttonState;
 1966              		.loc 1 815 0
 1967 004e 2B4B     		ldr	r3, .L152+4
 1968 0050 1875     		strb	r0, [r3, #20]
 816:main.c        ****                 
 817:main.c        ****                 buttonState >>= i;
 1969              		.loc 1 817 0
 1970 0052 1041     		asrs	r0, r0, r2
 1971 0054 284B     		ldr	r3, .L152
 818:main.c        ****                 buttonState &= 1;
 1972              		.loc 1 818 0
 1973 0056 0121     		movs	r1, #1
 1974 0058 0840     		ands	r0, r1
 1975 005a 5871     		strb	r0, [r3, #5]
 819:main.c        ****                
 820:main.c        ****                 apiResult = CyBle_AiossSetCharacteristicValue(CYBLE_AIOS_DIGITAL,
 1976              		.loc 1 820 0
ARM GAS  C:\Users\Lenovo\AppData\Local\Temp\ccTXWGea.s 			page 51


 1977 005c 0432     		adds	r2, r2, #4
 1978              	.LVL242:
 1979 005e D5B2     		uxtb	r5, r2
 1980 0060 0533     		adds	r3, r3, #5
 1981 0062 0122     		movs	r2, #1
 1982 0064 2900     		movs	r1, r5
 1983 0066 0020     		movs	r0, #0
 1984 0068 FFF7FEFF 		bl	CyBle_AiossSetCharacteristicValue
 1985              	.LVL243:
 1986 006c 244B     		ldr	r3, .L152+8
 1987 006e 1880     		strh	r0, [r3]
 821:main.c        ****                             INSTANCE_DIGITAL_INPUT + i, sizeof(buttonState), &buttonState);
 822:main.c        ****             
 823:main.c        ****                 if(apiResult != CYBLE_ERROR_OK)
 1988              		.loc 1 823 0
 1989 0070 0028     		cmp	r0, #0
 1990 0072 04D0     		beq	.L146
 824:main.c        ****                 {
 825:main.c        ****                     DBG_PRINTF("CyBle_AiossSetCharacteristicValue API Error - %x \r\n", apiResult);
 1991              		.loc 1 825 0
 1992 0074 0100     		movs	r1, r0
 1993 0076 2348     		ldr	r0, .L152+12
 1994 0078 FFF7FEFF 		bl	printf
 1995              	.LVL244:
 1996 007c 0CE0     		b	.L147
 1997              	.L146:
 826:main.c        ****                 }
 827:main.c        ****                 else
 828:main.c        ****                 {
 829:main.c        ****                     if (buttonState == BUTTON_IS_PRESSED)
 1998              		.loc 1 829 0
 1999 007e 1E4B     		ldr	r3, .L152
 2000 0080 5B79     		ldrb	r3, [r3, #5]
 2001 0082 002B     		cmp	r3, #0
 2002 0084 04D1     		bne	.L148
 830:main.c        ****                     {
 831:main.c        ****                         DBG_PRINTF("\n\rButton S%d is pressed. Digital input = 0.\r\n",i+1);
 2003              		.loc 1 831 0
 2004 0086 611C     		adds	r1, r4, #1
 2005 0088 1F48     		ldr	r0, .L152+16
 2006 008a FFF7FEFF 		bl	printf
 2007              	.LVL245:
 2008 008e 03E0     		b	.L147
 2009              	.L148:
 832:main.c        ****                     }
 833:main.c        ****                     else
 834:main.c        ****                     {
 835:main.c        ****                         DBG_PRINTF("\n\rButton S%d is released. Digital input = 1.\r\n",i+1);
 2010              		.loc 1 835 0
 2011 0090 611C     		adds	r1, r4, #1
 2012 0092 1E48     		ldr	r0, .L152+20
 2013 0094 FFF7FEFF 		bl	printf
 2014              	.LVL246:
 2015              	.L147:
 836:main.c        ****                     }
 837:main.c        ****                 }
 838:main.c        ****            
ARM GAS  C:\Users\Lenovo\AppData\Local\Temp\ccTXWGea.s 			page 52


 839:main.c        ****                 if(CyBle_GetState() == CYBLE_STATE_CONNECTED)
 2016              		.loc 1 839 0
 2017 0098 1D4B     		ldr	r3, .L152+24
 2018 009a 1B78     		ldrb	r3, [r3]
 2019 009c 022B     		cmp	r3, #2
 2020 009e 25D1     		bne	.L144
 840:main.c        ****                 {
 841:main.c        ****                     DBG_PRINTF("DIGITAL %d characteristic Indication. ",i+1);
 2021              		.loc 1 841 0
 2022 00a0 611C     		adds	r1, r4, #1
 2023 00a2 1C48     		ldr	r0, .L152+28
 2024 00a4 FFF7FEFF 		bl	printf
 2025              	.LVL247:
 842:main.c        ****                     DBG_PRINTF("Value - %d. ",buttonState);
 2026              		.loc 1 842 0
 2027 00a8 134C     		ldr	r4, .L152
 2028 00aa 6179     		ldrb	r1, [r4, #5]
 2029 00ac 1A48     		ldr	r0, .L152+32
 2030 00ae FFF7FEFF 		bl	printf
 2031              	.LVL248:
 843:main.c        ****                                        
 844:main.c        ****                     apiResult = CyBle_AiossSendIndication(cyBle_connHandle, CYBLE_AIOS_DIGITAL, INS
 2032              		.loc 1 844 0
 2033 00b2 1A4A     		ldr	r2, .L152+36
 2034 00b4 0534     		adds	r4, r4, #5
 2035 00b6 0094     		str	r4, [sp]
 2036 00b8 1378     		ldrb	r3, [r2]
 2037 00ba 5078     		ldrb	r0, [r2, #1]
 2038 00bc 0002     		lsls	r0, r0, #8
 2039 00be 1843     		orrs	r0, r3
 2040 00c0 0123     		movs	r3, #1
 2041 00c2 2A00     		movs	r2, r5
 2042 00c4 0021     		movs	r1, #0
 2043 00c6 FFF7FEFF 		bl	CyBle_AiossSendIndication
 2044              	.LVL249:
 2045 00ca 0D4B     		ldr	r3, .L152+8
 2046 00cc 1880     		strh	r0, [r3]
 845:main.c        **** 
 846:main.c        ****                     if(apiResult != CYBLE_ERROR_OK)
 2047              		.loc 1 846 0
 2048 00ce 0028     		cmp	r0, #0
 2049 00d0 05D0     		beq	.L149
 847:main.c        ****                     {
 848:main.c        ****                         DBG_PRINTF("Send Indication is failed: ");
 2050              		.loc 1 848 0
 2051 00d2 1348     		ldr	r0, .L152+40
 2052 00d4 FFF7FEFF 		bl	printf
 2053              	.LVL250:
 849:main.c        ****                         PrintApiResult();
 2054              		.loc 1 849 0
 2055 00d8 FFF7FEFF 		bl	PrintApiResult
 2056              	.LVL251:
 2057 00dc 06E0     		b	.L144
 2058              	.L149:
 850:main.c        ****                     }
 851:main.c        ****                     else
 852:main.c        ****                     {   
ARM GAS  C:\Users\Lenovo\AppData\Local\Temp\ccTXWGea.s 			page 53


 853:main.c        ****                         DBG_PRINTF("Indication was sent successfully.\r\n");
 2059              		.loc 1 853 0
 2060 00de 1148     		ldr	r0, .L152+44
 2061 00e0 FFF7FEFF 		bl	puts
 2062              	.LVL252:
 2063 00e4 02E0     		b	.L144
 2064              	.L151:
 2065 00e6 0022     		movs	r2, #0
 2066              	.L143:
 2067              	.LVL253:
 808:main.c        ****             {
 2068              		.loc 1 808 0 discriminator 1
 2069 00e8 022A     		cmp	r2, #2
 2070 00ea A4D9     		bls	.L150
 2071              	.LVL254:
 2072              	.L144:
 854:main.c        ****                     }
 855:main.c        ****                 }
 856:main.c        ****                 break;
 857:main.c        ****             }
 858:main.c        ****         }
 859:main.c        ****         buttonState = BUTTON_IS_NOT_CHANGED;
 2073              		.loc 1 859 0
 2074 00ec 0022     		movs	r2, #0
 2075 00ee 024B     		ldr	r3, .L152
 2076 00f0 5A71     		strb	r2, [r3, #5]
 2077              	.L140:
 860:main.c        ****     }
 861:main.c        **** }
 2078              		.loc 1 861 0
 2079 00f2 03B0     		add	sp, sp, #12
 2080              		@ sp needed
 2081 00f4 30BD     		pop	{r4, r5, pc}
 2082              	.L153:
 2083 00f6 C046     		.align	2
 2084              	.L152:
 2085 00f8 00000000 		.word	.LANCHOR0
 2086 00fc 00000000 		.word	.LANCHOR1
 2087 0100 00000000 		.word	apiResult
 2088 0104 34070000 		.word	.LC145
 2089 0108 E4070000 		.word	.LC166
 2090 010c 14080000 		.word	.LC168
 2091 0110 00000000 		.word	cyBle_state
 2092 0114 44080000 		.word	.LC171
 2093 0118 6C080000 		.word	.LC173
 2094 011c 00000000 		.word	cyBle_connHandle
 2095 0120 7C080000 		.word	.LC176
 2096 0124 98080000 		.word	.LC178
 2097              		.cfi_endproc
 2098              	.LFE48:
 2099              		.size	ButtonHandler, .-ButtonHandler
 2100              		.section	.text.AuthenticationHandler,"ax",%progbits
 2101              		.align	2
 2102              		.global	AuthenticationHandler
 2103              		.code	16
 2104              		.thumb_func
 2105              		.type	AuthenticationHandler, %function
ARM GAS  C:\Users\Lenovo\AppData\Local\Temp\ccTXWGea.s 			page 54


 2106              	AuthenticationHandler:
 2107              	.LFB49:
 862:main.c        **** 
 863:main.c        **** /*******************************************************************************
 864:main.c        **** * Function Name: AuthenticationHandler
 865:main.c        **** ********************************************************************************
 866:main.c        **** *
 867:main.c        **** * Summary:
 868:main.c        **** *   Handles the SW2 button.
 869:main.c        **** *
 870:main.c        **** * Parameters:
 871:main.c        **** *   None
 872:main.c        **** *
 873:main.c        **** * Return:
 874:main.c        **** *   None
 875:main.c        **** *
 876:main.c        **** *******************************************************************************/
 877:main.c        **** void AuthenticationHandler(void)
 878:main.c        **** {
 2108              		.loc 1 878 0
 2109              		.cfi_startproc
 2110              		@ args = 0, pretend = 0, frame = 0
 2111              		@ frame_needed = 0, uses_anonymous_args = 0
 2112 0000 70B5     		push	{r4, r5, r6, lr}
 2113              		.cfi_def_cfa_offset 16
 2114              		.cfi_offset 4, -16
 2115              		.cfi_offset 5, -12
 2116              		.cfi_offset 6, -8
 2117              		.cfi_offset 14, -4
 879:main.c        ****     switch(authState)
 2118              		.loc 1 879 0
 2119 0002 494B     		ldr	r3, .L167
 2120 0004 1B78     		ldrb	r3, [r3]
 2121 0006 012B     		cmp	r3, #1
 2122 0008 4ED0     		beq	.L156
 2123 000a 032B     		cmp	r3, #3
 2124 000c 00D0     		beq	.LCB2004
 2125 000e 8AE0     		b	.L154	@long jump
 2126              	.LCB2004:
 880:main.c        ****     {
 881:main.c        ****     case AUTHENTICATION_PASSKEY_YES_NO:
 882:main.c        ****         
 883:main.c        ****         if(((command = UART_DEB_GET_CHAR()) != 0u) || (customCommand != 0u))
 2127              		.loc 1 883 0
 2128 0010 FFF7FEFF 		bl	UART_DEB_UartGetChar
 2129              	.LVL255:
 2130 0014 C0B2     		uxtb	r0, r0
 2131 0016 454B     		ldr	r3, .L167+4
 2132 0018 1870     		strb	r0, [r3]
 2133 001a 0028     		cmp	r0, #0
 2134 001c 03D1     		bne	.L158
 2135              		.loc 1 883 0 is_stmt 0 discriminator 1
 2136 001e 424B     		ldr	r3, .L167
 2137 0020 1B7B     		ldrb	r3, [r3, #12]
 2138 0022 002B     		cmp	r3, #0
 2139 0024 7FD0     		beq	.L154
 2140              	.L158:
ARM GAS  C:\Users\Lenovo\AppData\Local\Temp\ccTXWGea.s 			page 55


 884:main.c        ****         {
 885:main.c        ****             if((command == 0u) && (customCommand != 0u))
 2141              		.loc 1 885 0 is_stmt 1
 2142 0026 0028     		cmp	r0, #0
 2143 0028 08D1     		bne	.L159
 2144              		.loc 1 885 0 is_stmt 0 discriminator 1
 2145 002a 3F4B     		ldr	r3, .L167
 2146 002c 1B7B     		ldrb	r3, [r3, #12]
 2147 002e 002B     		cmp	r3, #0
 2148 0030 04D0     		beq	.L159
 886:main.c        ****             {
 887:main.c        ****                 command = customCommand;
 2149              		.loc 1 887 0 is_stmt 1
 2150 0032 3E4A     		ldr	r2, .L167+4
 2151 0034 1370     		strb	r3, [r2]
 888:main.c        ****                 customCommand = 0u;
 2152              		.loc 1 888 0
 2153 0036 0022     		movs	r2, #0
 2154 0038 3B4B     		ldr	r3, .L167
 2155 003a 1A73     		strb	r2, [r3, #12]
 2156              	.L159:
 889:main.c        ****             }
 890:main.c        ****             if(command == 'y')
 2157              		.loc 1 890 0
 2158 003c 3B4B     		ldr	r3, .L167+4
 2159 003e 1B78     		ldrb	r3, [r3]
 2160 0040 792B     		cmp	r3, #121
 2161 0042 15D1     		bne	.L160
 891:main.c        ****             {
 892:main.c        ****                 DBG_PRINTF("Accept displayed passkey \r\n");
 2162              		.loc 1 892 0
 2163 0044 3A48     		ldr	r0, .L167+8
 2164 0046 FFF7FEFF 		bl	puts
 2165              	.LVL256:
 893:main.c        ****                 apiResult = CyBle_GapAuthPassKeyReply(cyBle_connHandle.bdHandle, 0u, CYBLE_GAP_ACCE
 2166              		.loc 1 893 0
 2167 004a 3A4B     		ldr	r3, .L167+12
 2168 004c 1878     		ldrb	r0, [r3]
 2169 004e 0122     		movs	r2, #1
 2170 0050 0021     		movs	r1, #0
 2171 0052 FFF7FEFF 		bl	CyBle_GapAuthPassKeyReply
 2172              	.LVL257:
 2173 0056 384B     		ldr	r3, .L167+16
 2174 0058 1880     		strh	r0, [r3]
 894:main.c        ****                 if(apiResult != CYBLE_ERROR_OK)
 2175              		.loc 1 894 0
 2176 005a 0028     		cmp	r0, #0
 2177 005c 04D0     		beq	.L161
 895:main.c        ****                 {
 896:main.c        ****                     DBG_PRINTF("CyBle_GapAuthPassKeyReply API Error : ");
 2178              		.loc 1 896 0
 2179 005e 3748     		ldr	r0, .L167+20
 2180 0060 FFF7FEFF 		bl	printf
 2181              	.LVL258:
 897:main.c        ****                     PrintApiResult();
 2182              		.loc 1 897 0
 2183 0064 FFF7FEFF 		bl	PrintApiResult
ARM GAS  C:\Users\Lenovo\AppData\Local\Temp\ccTXWGea.s 			page 56


 2184              	.LVL259:
 2185              	.L161:
 898:main.c        ****                 }
 899:main.c        ****                 authState = AUTHENTICATION_PASSKEY_ENTERED;
 2186              		.loc 1 899 0
 2187 0068 0222     		movs	r2, #2
 2188 006a 2F4B     		ldr	r3, .L167
 2189 006c 1A70     		strb	r2, [r3]
 2190 006e 5AE0     		b	.L154
 2191              	.L160:
 900:main.c        ****             }
 901:main.c        ****             else if(command == 'n')
 2192              		.loc 1 901 0
 2193 0070 6E2B     		cmp	r3, #110
 2194 0072 15D1     		bne	.L162
 902:main.c        ****             {
 903:main.c        ****                 DBG_PRINTF("Reject displayed passkey \r\n");
 2195              		.loc 1 903 0
 2196 0074 3248     		ldr	r0, .L167+24
 2197 0076 FFF7FEFF 		bl	puts
 2198              	.LVL260:
 904:main.c        ****                 apiResult = CyBle_GapAuthPassKeyReply(cyBle_connHandle.bdHandle, 0u, CYBLE_GAP_REJE
 2199              		.loc 1 904 0
 2200 007a 2E4B     		ldr	r3, .L167+12
 2201 007c 1878     		ldrb	r0, [r3]
 2202 007e 0022     		movs	r2, #0
 2203 0080 0021     		movs	r1, #0
 2204 0082 FFF7FEFF 		bl	CyBle_GapAuthPassKeyReply
 2205              	.LVL261:
 2206 0086 2C4B     		ldr	r3, .L167+16
 2207 0088 1880     		strh	r0, [r3]
 905:main.c        ****                 if(apiResult != CYBLE_ERROR_OK)
 2208              		.loc 1 905 0
 2209 008a 0028     		cmp	r0, #0
 2210 008c 04D0     		beq	.L163
 906:main.c        ****                 {
 907:main.c        ****                     DBG_PRINTF("CyBle_GapAuthPassKeyReply API Error : ");
 2211              		.loc 1 907 0
 2212 008e 2B48     		ldr	r0, .L167+20
 2213 0090 FFF7FEFF 		bl	printf
 2214              	.LVL262:
 908:main.c        ****                     PrintApiResult();
 2215              		.loc 1 908 0
 2216 0094 FFF7FEFF 		bl	PrintApiResult
 2217              	.LVL263:
 2218              	.L163:
 909:main.c        ****                 }
 910:main.c        ****                authState = AUTHENTICATION_PASSKEY_ENTERED;
 2219              		.loc 1 910 0
 2220 0098 0222     		movs	r2, #2
 2221 009a 234B     		ldr	r3, .L167
 2222 009c 1A70     		strb	r2, [r3]
 2223 009e 42E0     		b	.L154
 2224              	.L162:
 911:main.c        ****             }
 912:main.c        ****             else
 913:main.c        ****             {
ARM GAS  C:\Users\Lenovo\AppData\Local\Temp\ccTXWGea.s 			page 57


 914:main.c        ****                 DBG_PRINTF("Wrong key entered. Press 'y' or 'n'\r\n");
 2225              		.loc 1 914 0
 2226 00a0 2848     		ldr	r0, .L167+28
 2227 00a2 FFF7FEFF 		bl	puts
 2228              	.LVL264:
 2229 00a6 3EE0     		b	.L154
 2230              	.L156:
 915:main.c        ****             }
 916:main.c        ****         }
 917:main.c        ****         break;
 918:main.c        ****            
 919:main.c        ****     case AUTHENTICATION_WAITING_FOR_PASSKEY:
 920:main.c        ****      
 921:main.c        ****         /* Get 6 digit number from UART terminal */
 922:main.c        **** 
 923:main.c        ****         if((command = UART_DEB_GET_CHAR()) != 0u)
 2231              		.loc 1 923 0
 2232 00a8 FFF7FEFF 		bl	UART_DEB_UartGetChar
 2233              	.LVL265:
 2234 00ac C4B2     		uxtb	r4, r0
 2235 00ae 1F4B     		ldr	r3, .L167+4
 2236 00b0 1C70     		strb	r4, [r3]
 2237 00b2 002C     		cmp	r4, #0
 2238 00b4 37D0     		beq	.L154
 924:main.c        ****         {   
 925:main.c        ****             /* accept the digits that are in the range of '0' to '9' */
 926:main.c        ****             if((command >= '0') && (command <= '9'))  
 2239              		.loc 1 926 0
 2240 00b6 2300     		movs	r3, r4
 2241 00b8 303B     		subs	r3, r3, #48
 2242 00ba DBB2     		uxtb	r3, r3
 2243 00bc 092B     		cmp	r3, #9
 2244 00be 15D8     		bhi	.L164
 927:main.c        ****             {
 928:main.c        ****                 passkeyValue += (uint32)(command - '0') * passkeyPow;
 2245              		.loc 1 928 0
 2246 00c0 2300     		movs	r3, r4
 2247 00c2 303B     		subs	r3, r3, #48
 2248 00c4 204D     		ldr	r5, .L167+32
 2249 00c6 2868     		ldr	r0, [r5]
 2250 00c8 4343     		muls	r3, r0
 2251 00ca 204A     		ldr	r2, .L167+36
 2252 00cc 1168     		ldr	r1, [r2]
 2253 00ce 8C46     		mov	ip, r1
 2254 00d0 6344     		add	r3, r3, ip
 2255 00d2 1360     		str	r3, [r2]
 929:main.c        ****                 passkeyPow /= 10u;
 2256              		.loc 1 929 0
 2257 00d4 0A21     		movs	r1, #10
 2258 00d6 FFF7FEFF 		bl	__aeabi_uidiv
 2259              	.LVL266:
 2260 00da 2860     		str	r0, [r5]
 930:main.c        ****                 passkeyCounter++;
 2261              		.loc 1 930 0
 2262 00dc 1C4A     		ldr	r2, .L167+40
 2263 00de 1378     		ldrb	r3, [r2]
 2264 00e0 0133     		adds	r3, r3, #1
ARM GAS  C:\Users\Lenovo\AppData\Local\Temp\ccTXWGea.s 			page 58


 2265 00e2 1370     		strb	r3, [r2]
 931:main.c        ****                 UART_DEB_PUT_CHAR(command); 
 2266              		.loc 1 931 0
 2267 00e4 2000     		movs	r0, r4
 2268 00e6 FFF7FEFF 		bl	UART_DEB_SpiUartWriteTxData
 2269              	.LVL267:
 2270 00ea 02E0     		b	.L165
 2271              	.L164:
 932:main.c        ****             }
 933:main.c        ****             else  /* If entered digit is not in the range of '0' to '9' */
 934:main.c        ****             {
 935:main.c        ****                DBG_PRINTF("Wrong key entered. \r\n");
 2272              		.loc 1 935 0
 2273 00ec 1948     		ldr	r0, .L167+44
 2274 00ee FFF7FEFF 		bl	puts
 2275              	.LVL268:
 2276              	.L165:
 936:main.c        ****             }
 937:main.c        **** 
 938:main.c        ****             if(passkeyCounter == CYBLE_GAP_USER_PASSKEY_SIZE)
 2277              		.loc 1 938 0
 2278 00f2 174B     		ldr	r3, .L167+40
 2279 00f4 1B78     		ldrb	r3, [r3]
 2280 00f6 062B     		cmp	r3, #6
 2281 00f8 15D1     		bne	.L154
 939:main.c        ****             {
 940:main.c        ****                 DBG_PRINTF("\r\n");
 2282              		.loc 1 940 0
 2283 00fa 1748     		ldr	r0, .L167+48
 2284 00fc FFF7FEFF 		bl	puts
 2285              	.LVL269:
 941:main.c        ****                 /* Send Pass key Response to create an Authenticated Link */
 942:main.c        ****                 apiResult = CyBle_GapAuthPassKeyReply(cyBle_connHandle.bdHandle, passkeyValue, CYBL
 2286              		.loc 1 942 0
 2287 0100 124B     		ldr	r3, .L167+36
 2288 0102 1968     		ldr	r1, [r3]
 2289 0104 0B4B     		ldr	r3, .L167+12
 2290 0106 1878     		ldrb	r0, [r3]
 2291 0108 0122     		movs	r2, #1
 2292 010a FFF7FEFF 		bl	CyBle_GapAuthPassKeyReply
 2293              	.LVL270:
 2294 010e 0A4B     		ldr	r3, .L167+16
 2295 0110 1880     		strh	r0, [r3]
 943:main.c        ****                 if(apiResult != CYBLE_ERROR_OK)
 2296              		.loc 1 943 0
 2297 0112 0028     		cmp	r0, #0
 2298 0114 04D0     		beq	.L166
 944:main.c        ****                 {
 945:main.c        ****                     DBG_PRINTF("CyBle_GapAuthPassKeyReply API Error: ");
 2299              		.loc 1 945 0
 2300 0116 1148     		ldr	r0, .L167+52
 2301 0118 FFF7FEFF 		bl	printf
 2302              	.LVL271:
 946:main.c        ****                     PrintApiResult();
 2303              		.loc 1 946 0
 2304 011c FFF7FEFF 		bl	PrintApiResult
 2305              	.LVL272:
ARM GAS  C:\Users\Lenovo\AppData\Local\Temp\ccTXWGea.s 			page 59


 2306              	.L166:
 947:main.c        ****                 }
 948:main.c        ****                 authState = AUTHENTICATION_PASSKEY_ENTERED;
 2307              		.loc 1 948 0
 2308 0120 0222     		movs	r2, #2
 2309 0122 014B     		ldr	r3, .L167
 2310 0124 1A70     		strb	r2, [r3]
 2311              	.L154:
 949:main.c        ****             }
 950:main.c        ****         }
 951:main.c        ****         break;
 952:main.c        **** 
 953:main.c        ****     case AUTHENTICATION_BONDING_COMPLETE:
 954:main.c        ****         break;
 955:main.c        **** 
 956:main.c        ****     default:    /* Not supported state */
 957:main.c        ****         break;
 958:main.c        ****     }  
 959:main.c        **** }
 2312              		.loc 1 959 0
 2313              		@ sp needed
 2314 0126 70BD     		pop	{r4, r5, r6, pc}
 2315              	.L168:
 2316              		.align	2
 2317              	.L167:
 2318 0128 00000000 		.word	.LANCHOR0
 2319 012c 00000000 		.word	command
 2320 0130 BC080000 		.word	.LC183
 2321 0134 00000000 		.word	cyBle_connHandle
 2322 0138 00000000 		.word	apiResult
 2323 013c D8080000 		.word	.LC187
 2324 0140 00090000 		.word	.LC189
 2325 0144 1C090000 		.word	.LC191
 2326 0148 00000000 		.word	passkeyPow
 2327 014c 00000000 		.word	passkeyValue
 2328 0150 00000000 		.word	passkeyCounter
 2329 0154 44090000 		.word	.LC196
 2330 0158 AC000000 		.word	.LC20
 2331 015c 5C090000 		.word	.LC199
 2332              		.cfi_endproc
 2333              	.LFE49:
 2334              		.size	AuthenticationHandler, .-AuthenticationHandler
 2335              		.section	.text.DisplayHandler,"ax",%progbits
 2336              		.align	2
 2337              		.global	DisplayHandler
 2338              		.code	16
 2339              		.thumb_func
 2340              		.type	DisplayHandler, %function
 2341              	DisplayHandler:
 2342              	.LFB51:
 960:main.c        **** 
 961:main.c        **** /*******************************************************************************
 962:main.c        **** * Function Name: LowPowerImplementation()
 963:main.c        **** ********************************************************************************
 964:main.c        **** * Summary:
 965:main.c        **** * Implements low power in the project.
 966:main.c        **** *
ARM GAS  C:\Users\Lenovo\AppData\Local\Temp\ccTXWGea.s 			page 60


 967:main.c        **** * Theory:
 968:main.c        **** * The function tries to enter deep sleep as much as possible - whenever the 
 969:main.c        **** * BLE is idle and the UART transmission/reception is not happening. At all other
 970:main.c        **** * times, the function tries to enter CPU sleep.
 971:main.c        **** *
 972:main.c        **** *******************************************************************************/
 973:main.c        **** static void LowPowerImplementation(void)
 974:main.c        **** {
 975:main.c        ****     CYBLE_LP_MODE_T bleMode;
 976:main.c        ****     uint8 interruptStatus;
 977:main.c        ****     
 978:main.c        ****     /* For advertising and connected states, implement deep sleep 
 979:main.c        ****      * functionality to achieve low power in the system. For more details
 980:main.c        ****      * on the low power implementation, refer to the Low Power Application 
 981:main.c        ****      * Note.
 982:main.c        ****      */
 983:main.c        ****     if(((CyBle_GetState() == CYBLE_STATE_ADVERTISING) || 
 984:main.c        ****         (CyBle_GetState() == CYBLE_STATE_CONNECTED)) &&
 985:main.c        ****         (CapSense_NOT_BUSY == CapSense_IsBusy()))
 986:main.c        ****     {
 987:main.c        ****         /* Request BLE subsystem to enter into Deep-Sleep mode between connection and advertising i
 988:main.c        ****         bleMode = CyBle_EnterLPM(CYBLE_BLESS_DEEPSLEEP);
 989:main.c        ****         /* Disable global interrupts */
 990:main.c        ****         interruptStatus = CyEnterCriticalSection();
 991:main.c        ****         /* When BLE subsystem has been put into Deep-Sleep mode */
 992:main.c        ****         if(bleMode == CYBLE_BLESS_DEEPSLEEP)
 993:main.c        ****         {
 994:main.c        ****             /* And it is still there or ECO is on */
 995:main.c        ****             if((CyBle_GetBleSsState() == CYBLE_BLESS_STATE_ECO_ON) || 
 996:main.c        ****                (CyBle_GetBleSsState() == CYBLE_BLESS_STATE_DEEPSLEEP))
 997:main.c        ****             {
 998:main.c        ****                 /* Put the CPU into the Deep-Sleep mode when all debug information has been sent */
 999:main.c        ****                 if((UART_DEB_GET_TX_BUFF_SIZE() + UART_DEB_GET_TX_FIFO_SR_VALID) == 0u)
1000:main.c        ****                 {
1001:main.c        ****                     CySysPmDeepSleep();
1002:main.c        ****                 }
1003:main.c        ****                 else /* Put the CPU into Sleep mode and let SCB to continue sending debug data */
1004:main.c        ****                 {
1005:main.c        ****                     CySysPmSleep();
1006:main.c        ****                 }
1007:main.c        ****             }
1008:main.c        ****         }
1009:main.c        ****         else /* When BLE subsystem has been put into Sleep mode or is active */
1010:main.c        ****         {
1011:main.c        ****             /* And hardware doesn't finish Tx/Rx operation - put the CPU into Sleep mode */
1012:main.c        ****             if(CyBle_GetBleSsState() != CYBLE_BLESS_STATE_EVENT_CLOSE)
1013:main.c        ****             {
1014:main.c        ****                 CySysPmSleep();
1015:main.c        ****             }
1016:main.c        ****         }
1017:main.c        ****         /* Enable global interrupt */
1018:main.c        ****         CyExitCriticalSection(interruptStatus);
1019:main.c        ****     }
1020:main.c        **** }
1021:main.c        **** 
1022:main.c        **** void DisplayHandler(void)
1023:main.c        **** {
ARM GAS  C:\Users\Lenovo\AppData\Local\Temp\ccTXWGea.s 			page 61


 2343              		.loc 1 1023 0
 2344              		.cfi_startproc
 2345              		@ args = 0, pretend = 0, frame = 8
 2346              		@ frame_needed = 0, uses_anonymous_args = 0
 2347 0000 00B5     		push	{lr}
 2348              		.cfi_def_cfa_offset 4
 2349              		.cfi_offset 14, -4
 2350 0002 83B0     		sub	sp, sp, #12
 2351              		.cfi_def_cfa_offset 16
1024:main.c        ****     static uint16 prevValue = 0xFFFF;
1025:main.c        ****     uint16 value = 0;
 2352              		.loc 1 1025 0
 2353 0004 6B46     		mov	r3, sp
 2354 0006 0633     		adds	r3, r3, #6
 2355 0008 0022     		movs	r2, #0
 2356 000a 1A80     		strh	r2, [r3]
1026:main.c        **** 
1027:main.c        ****     apiResult = CyBle_AiossGetCharacteristicValue(
 2357              		.loc 1 1027 0
 2358 000c 0232     		adds	r2, r2, #2
 2359 000e 0321     		movs	r1, #3
 2360 0010 0120     		movs	r0, #1
 2361 0012 FFF7FEFF 		bl	CyBle_AiossGetCharacteristicValue
 2362              	.LVL273:
 2363 0016 0A4B     		ldr	r3, .L171
 2364 0018 1880     		strh	r0, [r3]
1028:main.c        ****         CYBLE_AIOS_ANALOG,
1029:main.c        ****         INSTANCE_DISPLAY,
1030:main.c        ****         sizeof(value),
1031:main.c        ****         (uint8 *)&value
1032:main.c        ****     );
1033:main.c        **** 
1034:main.c        ****     if(apiResult == CYBLE_ERROR_OK)
 2365              		.loc 1 1034 0
 2366 001a 0028     		cmp	r0, #0
 2367 001c 0ED1     		bne	.L169
1035:main.c        ****     {
1036:main.c        ****         if(value != prevValue)
 2368              		.loc 1 1036 0
 2369 001e 6B46     		mov	r3, sp
 2370 0020 D888     		ldrh	r0, [r3, #6]
 2371 0022 084B     		ldr	r3, .L171+4
 2372 0024 DB8A     		ldrh	r3, [r3, #22]
 2373 0026 9842     		cmp	r0, r3
 2374 0028 08D0     		beq	.L169
1037:main.c        ****         {
1038:main.c        ****             prevValue = value;
 2375              		.loc 1 1038 0
 2376 002a 064B     		ldr	r3, .L171+4
 2377 002c D882     		strh	r0, [r3, #22]
1039:main.c        ****             out7seg(value);
 2378              		.loc 1 1039 0
 2379 002e FFF7FEFF 		bl	out7seg
 2380              	.LVL274:
1040:main.c        ****             DBG_PRINTF("DISPLAY = %d\r\n", value);
 2381              		.loc 1 1040 0
 2382 0032 6B46     		mov	r3, sp
ARM GAS  C:\Users\Lenovo\AppData\Local\Temp\ccTXWGea.s 			page 62


 2383 0034 D988     		ldrh	r1, [r3, #6]
 2384 0036 0448     		ldr	r0, .L171+8
 2385 0038 FFF7FEFF 		bl	printf
 2386              	.LVL275:
 2387              	.L169:
1041:main.c        ****         }
1042:main.c        ****     }
1043:main.c        **** }
 2388              		.loc 1 1043 0
 2389 003c 03B0     		add	sp, sp, #12
 2390              		@ sp needed
 2391 003e 00BD     		pop	{pc}
 2392              	.L172:
 2393              		.align	2
 2394              	.L171:
 2395 0040 00000000 		.word	apiResult
 2396 0044 00000000 		.word	.LANCHOR1
 2397 0048 84090000 		.word	.LC203
 2398              		.cfi_endproc
 2399              	.LFE51:
 2400              		.size	DisplayHandler, .-DisplayHandler
 2401              		.section	.text.main,"ax",%progbits
 2402              		.align	2
 2403              		.global	main
 2404              		.code	16
 2405              		.thumb_func
 2406              		.type	main, %function
 2407              	main:
 2408              	.LFB52:
1044:main.c        **** 
1045:main.c        **** /*******************************************************************************
1046:main.c        **** * Function Name: main()
1047:main.c        **** ********************************************************************************
1048:main.c        **** * Summary:
1049:main.c        **** *  Main function for the project.
1050:main.c        **** *
1051:main.c        **** * Parameters:
1052:main.c        **** *  None
1053:main.c        **** *
1054:main.c        **** * Return:
1055:main.c        **** *  None
1056:main.c        **** *
1057:main.c        **** * Theory:
1058:main.c        **** *  The function starts BLE, UART, IDAC and CapSense components.
1059:main.c        **** *  This function process all BLE events and also implements the low power 
1060:main.c        **** *  functionality.
1061:main.c        **** *
1062:main.c        **** *******************************************************************************/
1063:main.c        **** int main()
1064:main.c        **** {
 2409              		.loc 1 1064 0
 2410              		.cfi_startproc
 2411              		@ Volatile: function does not return.
 2412              		@ args = 0, pretend = 0, frame = 0
 2413              		@ frame_needed = 0, uses_anonymous_args = 0
 2414 0000 10B5     		push	{r4, lr}
 2415              		.cfi_def_cfa_offset 8
ARM GAS  C:\Users\Lenovo\AppData\Local\Temp\ccTXWGea.s 			page 63


 2416              		.cfi_offset 4, -8
 2417              		.cfi_offset 14, -4
1065:main.c        ****     CyGlobalIntEnable;
 2418              		.loc 1 1065 0
 2419              		.syntax divided
 2420              	@ 1065 "main.c" 1
 2421 0002 62B6     		CPSIE   i
 2422              	@ 0 "" 2
1066:main.c        ****     
1067:main.c        ****     Digtal_Output_LED_Write(LED_OFF);
 2423              		.loc 1 1067 0
 2424              		.thumb
 2425              		.syntax unified
 2426 0004 0120     		movs	r0, #1
 2427 0006 FFF7FEFF 		bl	Digtal_Output_LED_Write
 2428              	.LVL276:
1068:main.c        ****     Advertising_LED_Write(LED_OFF);
 2429              		.loc 1 1068 0
 2430 000a 0120     		movs	r0, #1
 2431 000c FFF7FEFF 		bl	Advertising_LED_Write
 2432              	.LVL277:
1069:main.c        ****     
1070:main.c        ****     /* Start communication component */
1071:main.c        ****     UART_START();               
 2433              		.loc 1 1071 0
 2434 0010 FFF7FEFF 		bl	UART_DEB_Start
 2435              	.LVL278:
1072:main.c        ****     
1073:main.c        ****     SPIM_Start();
 2436              		.loc 1 1073 0
 2437 0014 FFF7FEFF 		bl	SPIM_Start
 2438              	.LVL279:
1074:main.c        ****     PWM_Start();
 2439              		.loc 1 1074 0
 2440 0018 FFF7FEFF 		bl	PWM_Start
 2441              	.LVL280:
1075:main.c        ****     
1076:main.c        ****     DBG_PRINTF("\r\n\nAutomation IO Server Example Project \r\n");
 2442              		.loc 1 1076 0
 2443 001c 2A48     		ldr	r0, .L179
 2444 001e FFF7FEFF 		bl	puts
 2445              	.LVL281:
1077:main.c        ****     
1078:main.c        ****     /* Start CYBLE component and register generic event handler */
1079:main.c        ****     apiResult = CyBle_Start(AppCallBack);
 2446              		.loc 1 1079 0
 2447 0022 2A48     		ldr	r0, .L179+4
 2448 0024 FFF7FEFF 		bl	CyBle_Start
 2449              	.LVL282:
 2450 0028 294B     		ldr	r3, .L179+8
 2451 002a 1880     		strh	r0, [r3]
1080:main.c        ****     if(apiResult != CYBLE_ERROR_OK)
 2452              		.loc 1 1080 0
 2453 002c 0028     		cmp	r0, #0
 2454 002e 04D0     		beq	.L174
1081:main.c        ****     {
1082:main.c        ****         DBG_PRINTF("CyBle_Start API Error: ");
ARM GAS  C:\Users\Lenovo\AppData\Local\Temp\ccTXWGea.s 			page 64


 2455              		.loc 1 1082 0
 2456 0030 2848     		ldr	r0, .L179+12
 2457 0032 FFF7FEFF 		bl	printf
 2458              	.LVL283:
1083:main.c        ****         PrintApiResult();
 2459              		.loc 1 1083 0
 2460 0036 FFF7FEFF 		bl	PrintApiResult
 2461              	.LVL284:
 2462              	.L174:
1084:main.c        ****     }
1085:main.c        **** 
1086:main.c        ****     /* Services initialization */
1087:main.c        ****     AiosInit();
 2463              		.loc 1 1087 0
 2464 003a FFF7FEFF 		bl	AiosInit
 2465              	.LVL285:
1088:main.c        ****     
1089:main.c        ****     PrintStackVersion();
 2466              		.loc 1 1089 0
 2467 003e FFF7FEFF 		bl	PrintStackVersion
 2468              	.LVL286:
1090:main.c        ****     
1091:main.c        ****     /* Start CapSense block */
1092:main.c        ****     CapSense_Start();
 2469              		.loc 1 1092 0
 2470 0042 FFF7FEFF 		bl	CapSense_Start
 2471              	.LVL287:
1093:main.c        ****     
1094:main.c        ****     /* Scan all widgets */
1095:main.c        ****     CapSense_ScanAllWidgets();
 2472              		.loc 1 1095 0
 2473 0046 FFF7FEFF 		bl	CapSense_ScanAllWidgets
 2474              	.LVL288:
1096:main.c        **** 
1097:main.c        ****     SW2_Interrupt_StartEx(&ButtonPressInt);
 2475              		.loc 1 1097 0
 2476 004a 2348     		ldr	r0, .L179+16
 2477 004c FFF7FEFF 		bl	SW2_Interrupt_StartEx
 2478              	.LVL289:
1098:main.c        ****     
1099:main.c        ****     /* SAR ADC initializing*/
1100:main.c        ****     ADC_SAR_Start();
 2479              		.loc 1 1100 0
 2480 0050 FFF7FEFF 		bl	ADC_SAR_Start
 2481              	.LVL290:
1101:main.c        ****     ADC_SAR_IRQ_Enable();
 2482              		.loc 1 1101 0
 2483 0054 FFF7FEFF 		bl	ADC_SAR_IRQ_Enable
 2484              	.LVL291:
1102:main.c        ****     ADC_SAR_StartConvert();
 2485              		.loc 1 1102 0
 2486 0058 FFF7FEFF 		bl	ADC_SAR_StartConvert
 2487              	.LVL292:
1103:main.c        ****     
1104:main.c        ****     isr_sar_adc_StartEx(ADC_Ready);
 2488              		.loc 1 1104 0
 2489 005c 1F48     		ldr	r0, .L179+20
ARM GAS  C:\Users\Lenovo\AppData\Local\Temp\ccTXWGea.s 			page 65


 2490 005e FFF7FEFF 		bl	isr_sar_adc_StartEx
 2491              	.LVL293:
1105:main.c        ****     
1106:main.c        ****     /* Register Timer_Interrupt() by the WDT COUNTER2 to generate interrupt every second */
1107:main.c        ****     CySysWdtSetInterruptCallback(CY_SYS_WDT_COUNTER2, isr_100Hz);
 2492              		.loc 1 1107 0
 2493 0062 1F49     		ldr	r1, .L179+24
 2494 0064 0220     		movs	r0, #2
 2495 0066 FFF7FEFF 		bl	CySysWdtSetInterruptCallback
 2496              	.LVL294:
1108:main.c        ****     /* Enable the COUNTER2 ISR handler. */
1109:main.c        ****     CySysWdtEnableCounterIsr(CY_SYS_WDT_COUNTER2);
 2497              		.loc 1 1109 0
 2498 006a 0220     		movs	r0, #2
 2499 006c FFF7FEFF 		bl	CySysWdtEnableCounterIsr
 2500              	.LVL295:
 2501              	.L175:
1110:main.c        ****     
1111:main.c        ****     /***************************************************************************
1112:main.c        ****     * Main polling loop
1113:main.c        ****     ***************************************************************************/
1114:main.c        ****     while(1u)
1115:main.c        ****     {   
1116:main.c        ****         /*******************************************************************
1117:main.c        ****         *  To achieve low power in the device
1118:main.c        ****         *******************************************************************/
1119:main.c        ****         if(( authState != AUTHENTICATION_PASSKEY_YES_NO)
1120:main.c        ****         && ( authState != AUTHENTICATION_WAITING_FOR_PASSKEY) )
1121:main.c        ****         {   
1122:main.c        ****            // LowPowerImplementation();
1123:main.c        ****         }
1124:main.c        ****             
1125:main.c        ****         AdcHandler();
 2502              		.loc 1 1125 0
 2503 0070 FFF7FEFF 		bl	AdcHandler
 2504              	.LVL296:
1126:main.c        ****         
1127:main.c        ****         /* Start next scan */
1128:main.c        ****         CapSense_ScanAllWidgets();
 2505              		.loc 1 1128 0
 2506 0074 FFF7FEFF 		bl	CapSense_ScanAllWidgets
 2507              	.LVL297:
1129:main.c        ****         
1130:main.c        ****         /*******************************************************************
1131:main.c        ****         *  Process IDAC handling
1132:main.c        ****         *******************************************************************/
1133:main.c        ****         PWMHandler();
 2508              		.loc 1 1133 0
 2509 0078 FFF7FEFF 		bl	PWMHandler
 2510              	.LVL298:
1134:main.c        ****         
1135:main.c        ****         /*******************************************************************
1136:main.c        ****         *  Process output LED handling
1137:main.c        ****         *******************************************************************/
1138:main.c        ****         OutputLedHandler();
 2511              		.loc 1 1138 0
 2512 007c FFF7FEFF 		bl	OutputLedHandler
ARM GAS  C:\Users\Lenovo\AppData\Local\Temp\ccTXWGea.s 			page 66


 2513              	.LVL299:
1139:main.c        **** 
1140:main.c        ****         /*******************************************************************
1141:main.c        ****         *  Process CapSense events handling
1142:main.c        ****         *******************************************************************/
1143:main.c        ****         CapSenseHandler();
 2514              		.loc 1 1143 0
 2515 0080 FFF7FEFF 		bl	CapSenseHandler
 2516              	.LVL300:
1144:main.c        ****         
1145:main.c        ****         /*******************************************************************
1146:main.c        ****         *  Process all pending BLE events in the stack
1147:main.c        ****         *******************************************************************/
1148:main.c        ****         CyBle_ProcessEvents();
 2517              		.loc 1 1148 0
 2518 0084 FFF7FEFF 		bl	CyBle_ProcessEvents
 2519              	.LVL301:
1149:main.c        ****         
1150:main.c        ****         /*******************************************************************
1151:main.c        ****         *  Process Button SW2 handling
1152:main.c        ****         *******************************************************************/
1153:main.c        ****         ButtonHandler();
 2520              		.loc 1 1153 0
 2521 0088 FFF7FEFF 		bl	ButtonHandler
 2522              	.LVL302:
1154:main.c        ****         
1155:main.c        ****          /*******************************************************************
1156:main.c        ****         *  Authentication procdure handling
1157:main.c        ****         *******************************************************************/
1158:main.c        ****         AuthenticationHandler();
 2523              		.loc 1 1158 0
 2524 008c FFF7FEFF 		bl	AuthenticationHandler
 2525              	.LVL303:
1159:main.c        ****         
1160:main.c        ****         DisplayHandler();
 2526              		.loc 1 1160 0
 2527 0090 FFF7FEFF 		bl	DisplayHandler
 2528              	.LVL304:
1161:main.c        ****         
1162:main.c        ****         /* Store bonding data to flash only when all debug information has been sent */
1163:main.c        ****         #if(CYBLE_BONDING_REQUIREMENT == CYBLE_BONDING_YES)
1164:main.c        ****         if((cyBle_pendingFlashWrite != 0u) &&
 2529              		.loc 1 1164 0
 2530 0094 134B     		ldr	r3, .L179+28
 2531 0096 1B78     		ldrb	r3, [r3]
 2532 0098 002B     		cmp	r3, #0
 2533 009a E9D0     		beq	.L175
1165:main.c        ****             ((UART_DEB_GET_TX_BUFF_SIZE() + UART_DEB_GET_TX_FIFO_SR_VALID) == 0u))
 2534              		.loc 1 1165 0
 2535 009c FFF7FEFF 		bl	UART_DEB_SpiUartGetTxBufferSize
 2536              	.LVL305:
 2537 00a0 114B     		ldr	r3, .L179+32
 2538 00a2 1B68     		ldr	r3, [r3]
 2539 00a4 8022     		movs	r2, #128
 2540 00a6 1202     		lsls	r2, r2, #8
 2541 00a8 1340     		ands	r3, r2
 2542 00aa 00D0     		beq	.L176
ARM GAS  C:\Users\Lenovo\AppData\Local\Temp\ccTXWGea.s 			page 67


 2543 00ac 0123     		movs	r3, #1
 2544              	.L176:
 2545              		.loc 1 1165 0 is_stmt 0 discriminator 4
 2546 00ae 1B18     		adds	r3, r3, r0
1164:main.c        ****             ((UART_DEB_GET_TX_BUFF_SIZE() + UART_DEB_GET_TX_FIFO_SR_VALID) == 0u))
 2547              		.loc 1 1164 0 is_stmt 1 discriminator 4
 2548 00b0 002B     		cmp	r3, #0
 2549 00b2 DDD1     		bne	.L175
1166:main.c        ****             {
1167:main.c        ****                 apiResult = CyBle_StoreBondingData(0u);
 2550              		.loc 1 1167 0
 2551 00b4 0020     		movs	r0, #0
 2552 00b6 FFF7FEFF 		bl	CyBle_StoreBondingData
 2553              	.LVL306:
 2554 00ba 0100     		movs	r1, r0
 2555 00bc 044B     		ldr	r3, .L179+8
 2556 00be 1880     		strh	r0, [r3]
1168:main.c        ****                 DBG_PRINTF("Store bonding data, status: %x \r\n", apiResult);
 2557              		.loc 1 1168 0
 2558 00c0 0A48     		ldr	r0, .L179+36
 2559 00c2 FFF7FEFF 		bl	printf
 2560              	.LVL307:
 2561 00c6 D3E7     		b	.L175
 2562              	.L180:
 2563              		.align	2
 2564              	.L179:
 2565 00c8 94090000 		.word	.LC205
 2566 00cc 00000000 		.word	AppCallBack
 2567 00d0 00000000 		.word	apiResult
 2568 00d4 C0090000 		.word	.LC209
 2569 00d8 00000000 		.word	ButtonPressInt
 2570 00dc 00000000 		.word	ADC_Ready
 2571 00e0 00000000 		.word	isr_100Hz
 2572 00e4 00000000 		.word	cyBle_pendingFlashWrite
 2573 00e8 08022440 		.word	1076101640
 2574 00ec D8090000 		.word	.LC215
 2575              		.cfi_endproc
 2576              	.LFE52:
 2577              		.size	main, .-main
 2578              		.global	ADC_CHANGE_THRESHOLD
 2579              		.global	adcIndicationEnabled
 2580              		.global	data_ready
 2581              		.global	adcResult
 2582              		.global	KOD7
 2583              		.global	indyk
 2584              		.global	ledMask
 2585              		.global	customCommand
 2586              		.comm	command,1,1
 2587              		.global	buttonState
 2588              		.comm	passkeyCounter,1,1
 2589              		.comm	passkeyPow,4,4
 2590              		.comm	passkeyValue,4,4
 2591              		.comm	connHandle,2,4
 2592              		.comm	apiResult,2,2
 2593              		.comm	peerAuthInfo,5,4
 2594              		.global	authState
 2595              		.section	.rodata
ARM GAS  C:\Users\Lenovo\AppData\Local\Temp\ccTXWGea.s 			page 68


 2596              		.align	2
 2597              		.set	.LANCHOR2,. + 0
 2598              		.type	KOD7, %object
 2599              		.size	KOD7, 10
 2600              	KOD7:
 2601 0000 03       		.byte	3
 2602 0001 9F       		.byte	-97
 2603 0002 25       		.byte	37
 2604 0003 0D       		.byte	13
 2605 0004 99       		.byte	-103
 2606 0005 49       		.byte	73
 2607 0006 41       		.byte	65
 2608 0007 1F       		.byte	31
 2609 0008 01       		.byte	1
 2610 0009 09       		.byte	9
 2611 000a 0000     		.space	2
 2612              		.type	ledMask, %object
 2613              		.size	ledMask, 4
 2614              	ledMask:
 2615 000c 08       		.byte	8
 2616 000d 02       		.byte	2
 2617 000e 01       		.byte	1
 2618 000f 04       		.byte	4
 2619              		.data
 2620              		.align	2
 2621              		.set	.LANCHOR1,. + 0
 2622              		.type	indyk, %object
 2623              		.size	indyk, 8
 2624              	indyk:
 2625 0000 FF10     		.short	4351
 2626 0002 FF20     		.short	8447
 2627 0004 FF40     		.short	16639
 2628 0006 FF80     		.short	-32513
 2629              		.type	prev_ADC_val.9607, %object
 2630              		.size	prev_ADC_val.9607, 2
 2631              	prev_ADC_val.9607:
 2632 0008 FFFF     		.short	-1
 2633              		.type	ADC_CHANGE_THRESHOLD, %object
 2634              		.size	ADC_CHANGE_THRESHOLD, 2
 2635              	ADC_CHANGE_THRESHOLD:
 2636 000a 0100     		.short	1
 2637              		.type	sliderPrevPosition.9632, %object
 2638              		.size	sliderPrevPosition.9632, 2
 2639              	sliderPrevPosition.9632:
 2640 000c FFFF     		.short	-1
 2641 000e 0000     		.space	2
 2642              		.type	ledPrevValue.9646, %object
 2643              		.size	ledPrevValue.9646, 4
 2644              	ledPrevValue.9646:
 2645 0010 03       		.byte	3
 2646 0011 03       		.byte	3
 2647 0012 03       		.byte	3
 2648 0013 03       		.byte	3
 2649              		.type	buttonsPrevState.9655, %object
 2650              		.size	buttonsPrevState.9655, 1
 2651              	buttonsPrevState.9655:
 2652 0014 0F       		.byte	15
ARM GAS  C:\Users\Lenovo\AppData\Local\Temp\ccTXWGea.s 			page 69


 2653 0015 00       		.space	1
 2654              		.type	prevValue.9677, %object
 2655              		.size	prevValue.9677, 2
 2656              	prevValue.9677:
 2657 0016 FFFF     		.short	-1
 2658              		.section	.rodata.str1.4,"aMS",%progbits,1
 2659              		.align	2
 2660              	.LC0:
 2661 0000 41636365 		.ascii	"Accepted\000"
 2661      70746564 
 2661      00
 2662 0009 000000   		.space	3
 2663              	.LC2:
 2664 000c 52656A65 		.ascii	"Rejected\000"
 2664      63746564 
 2664      00
 2665 0015 000000   		.space	3
 2666              	.LC4:
 2667 0018 4556545F 		.ascii	"EVT_STACK_ON \015\000"
 2667      53544143 
 2667      4B5F4F4E 
 2667      200D00
 2668 0027 00       		.space	1
 2669              	.LC6:
 2670 0028 4556545F 		.ascii	"EVT_STACK_BUSY_STATUS \015\000"
 2670      53544143 
 2670      4B5F4255 
 2670      53595F53 
 2670      54415455 
 2671              	.LC8:
 2672 0040 4359424C 		.ascii	"CYBLE_EVT_TIMEOUT: \000"
 2672      455F4556 
 2672      545F5449 
 2672      4D454F55 
 2672      543A2000 
 2673              	.LC10:
 2674 0054 4359424C 		.ascii	"CYBLE_GAP_ADV_MODE_TO\000"
 2674      455F4741 
 2674      505F4144 
 2674      565F4D4F 
 2674      44455F54 
 2675 006a 0000     		.space	2
 2676              	.LC12:
 2677 006c 4359424C 		.ascii	"CYBLE_GAP_SCAN_TO\000"
 2677      455F4741 
 2677      505F5343 
 2677      414E5F54 
 2677      4F00
 2678 007e 0000     		.space	2
 2679              	.LC14:
 2680 0080 4359424C 		.ascii	"CYBLE_GATT_RSP_TO\000"
 2680      455F4741 
 2680      54545F52 
 2680      53505F54 
 2680      4F00
 2681 0092 0000     		.space	2
 2682              	.LC16:
ARM GAS  C:\Users\Lenovo\AppData\Local\Temp\ccTXWGea.s 			page 70


 2683 0094 4359424C 		.ascii	"CYBLE_GENERIC_TO\000"
 2683      455F4745 
 2683      4E455249 
 2683      435F544F 
 2683      00
 2684 00a5 000000   		.space	3
 2685              	.LC18:
 2686 00a8 257800   		.ascii	"%x\000"
 2687 00ab 00       		.space	1
 2688              	.LC20:
 2689 00ac 0D00     		.ascii	"\015\000"
 2690 00ae 0000     		.space	2
 2691              	.LC22:
 2692 00b0 4556545F 		.ascii	"EVT_HARDWARE_ERROR \015\000"
 2692      48415244 
 2692      57415245 
 2692      5F455252 
 2692      4F52200D 
 2693 00c5 000000   		.space	3
 2694              	.LC24:
 2695 00c8 4556545F 		.ascii	"EVT_HCI_STATUS \015\000"
 2695      4843495F 
 2695      53544154 
 2695      5553200D 
 2695      00
 2696 00d9 000000   		.space	3
 2697              	.LC26:
 2698 00dc 4359424C 		.ascii	"CYBLE_EVT_GAPP_ADVERTISEMENT_START_STOP\015\000"
 2698      455F4556 
 2698      545F4741 
 2698      50505F41 
 2698      44564552 
 2699 0105 000000   		.space	3
 2700              	.LC29:
 2701 0108 48696265 		.ascii	"Hibernate...\015\000"
 2701      726E6174 
 2701      652E2E2E 
 2701      0D00
 2702 0116 0000     		.space	2
 2703              	.LC31:
 2704 0118 4359424C 		.ascii	"CYBLE_EVT_GAP_DEVICE_CONNECTED: connIntv = %.2f ms."
 2704      455F4556 
 2704      545F4741 
 2704      505F4445 
 2704      56494345 
 2705 014b 0D0A00   		.ascii	"\015\012\000"
 2706 014e 0000     		.space	2
 2707              	.LC36:
 2708 0150 20437942 		.ascii	" CyBle_GapAuthReq API Error: \000"
 2708      6C655F47 
 2708      61704175 
 2708      74685265 
 2708      71204150 
 2709 016e 0000     		.space	2
 2710              	.LC39:
 2711 0170 4359424C 		.ascii	"CYBLE_EVT_L2CAP_CONN_PARAM_UPDATE_RSP: %s\015\012\000"
 2711      455F4556 
ARM GAS  C:\Users\Lenovo\AppData\Local\Temp\ccTXWGea.s 			page 71


 2711      545F4C32 
 2711      4341505F 
 2711      434F4E4E 
 2712              	.LC41:
 2713 019c 4359424C 		.ascii	"CYBLE_EVT_GAP_DEVICE_DISCONNECTED\015\000"
 2713      455F4556 
 2713      545F4741 
 2713      505F4445 
 2713      56494345 
 2714 01bf 00       		.space	1
 2715              	.LC43:
 2716 01c0 44657669 		.ascii	"Device disconnected. \015\000"
 2716      63652064 
 2716      6973636F 
 2716      6E6E6563 
 2716      7465642E 
 2717 01d7 00       		.space	1
 2718              	.LC46:
 2719 01d8 4556545F 		.ascii	"EVT_AUTH_REQ: security=%x, bonding=%x, ekeySize=%x,"
 2719      41555448 
 2719      5F524551 
 2719      3A207365 
 2719      63757269 
 2720 020b 20657272 		.ascii	" err=%x \015\012\000"
 2720      3D257820 
 2720      0D0A00
 2721 0216 0000     		.space	2
 2722              	.LC48:
 2723 0218 456E7465 		.ascii	"Enter the passkey shown in the peer device: \015\000"
 2723      72207468 
 2723      65207061 
 2723      73736B65 
 2723      79207368 
 2724 0246 0000     		.space	2
 2725              	.LC53:
 2726 0248 436F6D70 		.ascii	"Compare this passkey with displayed in your peer de"
 2726      61726520 
 2726      74686973 
 2726      20706173 
 2726      736B6579 
 2727 027b 76696365 		.ascii	"vice and press 'y' or 'n': %6.6ld \015\012\000"
 2727      20616E64 
 2727      20707265 
 2727      73732027 
 2727      7927206F 
 2728              	.LC55:
 2729 02a0 4359424C 		.ascii	"CYBLE_EVT_GAP_SMP_NEGOTIATED_AUTH_INFO: security:%x"
 2729      455F4556 
 2729      545F4741 
 2729      505F534D 
 2729      505F4E45 
 2730 02d3 2C20626F 		.ascii	", bonding:%x, ekeySize:%x, authErr %x \015\012\000"
 2730      6E64696E 
 2730      673A2578 
 2730      2C20656B 
 2730      65795369 
 2731              	.LC57:
ARM GAS  C:\Users\Lenovo\AppData\Local\Temp\ccTXWGea.s 			page 72


 2732 02fc 456E7465 		.ascii	"Enter this passkey in your peer device: %6.6ld \015"
 2732      72207468 
 2732      69732070 
 2732      6173736B 
 2732      65792069 
 2733 032c 0A00     		.ascii	"\012\000"
 2734 032e 0000     		.space	2
 2735              	.LC59:
 2736 0330 4359424C 		.ascii	"CYBLE_EVT_GAP_KEYINFO_EXCHNGE_CMPLT \015\000"
 2736      455F4556 
 2736      545F4741 
 2736      505F4B45 
 2736      59494E46 
 2737 0356 0000     		.space	2
 2738              	.LC61:
 2739 0358 41555448 		.ascii	"AUTH_COMPLETE: security:%x, bonding:%x, ekeySize:%x"
 2739      5F434F4D 
 2739      504C4554 
 2739      453A2073 
 2739      65637572 
 2740 038b 2C206175 		.ascii	", authErr %x \015\012\000"
 2740      74684572 
 2740      72202578 
 2740      200D0A00 
 2741 039b 00       		.space	1
 2742              	.LC63:
 2743 039c 4359424C 		.ascii	"CYBLE_EVT_PENDING_FLASH_WRITE\015\000"
 2743      455F4556 
 2743      545F5045 
 2743      4E44494E 
 2743      475F464C 
 2744 03bb 00       		.space	1
 2745              	.LC65:
 2746 03bc 4556545F 		.ascii	"EVT_GAP_AUTH_FAILED, reason: \000"
 2746      4741505F 
 2746      41555448 
 2746      5F464149 
 2746      4C45442C 
 2747 03da 0000     		.space	2
 2748              	.LC67:
 2749 03dc 434F4E46 		.ascii	"CONFIRM_VALUE_NOT_MATCH\015\000"
 2749      49524D5F 
 2749      56414C55 
 2749      455F4E4F 
 2749      545F4D41 
 2750 03f5 000000   		.space	3
 2751              	.LC69:
 2752 03f8 494E5355 		.ascii	"INSUFFICIENT_ENCRYPTION_KEY_SIZE\015\000"
 2752      46464943 
 2752      49454E54 
 2752      5F454E43 
 2752      52595054 
 2753 041a 0000     		.space	2
 2754              	.LC71:
 2755 041c 554E5350 		.ascii	"UNSPECIFIED_REASON\015\000"
 2755      45434946 
 2755      4945445F 
ARM GAS  C:\Users\Lenovo\AppData\Local\Temp\ccTXWGea.s 			page 73


 2755      52454153 
 2755      4F4E0D00 
 2756              	.LC73:
 2757 0430 41555448 		.ascii	"AUTHENTICATION_TIMEOUT\015\000"
 2757      454E5449 
 2757      43415449 
 2757      4F4E5F54 
 2757      494D454F 
 2758              	.LC75:
 2759 0448 30782578 		.ascii	"0x%x  \015\012\000"
 2759      20200D0A 
 2759      00
 2760 0451 000000   		.space	3
 2761              	.LC77:
 2762 0454 454E4352 		.ascii	"ENCRYPT_CHANGE: %x \015\012\000"
 2762      5950545F 
 2762      4348414E 
 2762      47453A20 
 2762      2578200D 
 2763 046a 0000     		.space	2
 2764              	.LC79:
 2765 046c 4556545F 		.ascii	"EVT_GATTC_ERROR_RSP: opcode: \000"
 2765      47415454 
 2765      435F4552 
 2765      524F525F 
 2765      5253503A 
 2766 048a 0000     		.space	2
 2767              	.LC81:
 2768 048c 46494E44 		.ascii	"FIND_INFO_REQ\000"
 2768      5F494E46 
 2768      4F5F5245 
 2768      5100
 2769 049a 0000     		.space	2
 2770              	.LC83:
 2771 049c 52454144 		.ascii	"READ_BY_TYPE_REQ\000"
 2771      5F42595F 
 2771      54595045 
 2771      5F524551 
 2771      00
 2772 04ad 000000   		.space	3
 2773              	.LC85:
 2774 04b0 52454144 		.ascii	"READ_BY_GROUP_REQ\000"
 2774      5F42595F 
 2774      47524F55 
 2774      505F5245 
 2774      5100
 2775 04c2 0000     		.space	2
 2776              	.LC87:
 2777 04c4 2C202068 		.ascii	",  handle: %x,  \000"
 2777      616E646C 
 2777      653A2025 
 2777      782C2020 
 2777      00
 2778 04d5 000000   		.space	3
 2779              	.LC89:
 2780 04d8 6572726F 		.ascii	"errorcode: \000"
 2780      72636F64 
ARM GAS  C:\Users\Lenovo\AppData\Local\Temp\ccTXWGea.s 			page 74


 2780      653A2000 
 2781              	.LC91:
 2782 04e4 41545452 		.ascii	"ATTRIBUTE_NOT_FOUND\000"
 2782      49425554 
 2782      455F4E4F 
 2782      545F464F 
 2782      554E4400 
 2783              	.LC94:
 2784 04f8 4556545F 		.ascii	"EVT_GATT_CONNECT_IND: attId %x, bdHandle %x \015\012"
 2784      47415454 
 2784      5F434F4E 
 2784      4E454354 
 2784      5F494E44 
 2785 0526 00       		.ascii	"\000"
 2786 0527 00       		.space	1
 2787              	.LC96:
 2788 0528 4556545F 		.ascii	"EVT_GATT_DISCONNECT_IND \015\000"
 2788      47415454 
 2788      5F444953 
 2788      434F4E4E 
 2788      4543545F 
 2789 0542 0000     		.space	2
 2790              	.LC98:
 2791 0544 4359424C 		.ascii	"CYBLE_EVT_GATTS_WRITE_REQ \015\000"
 2791      455F4556 
 2791      545F4741 
 2791      5454535F 
 2791      57524954 
 2792              	.LC100:
 2793 0560 4359424C 		.ascii	"CYBLE_EVT_GATTS_WRITE_CMD_REQ \015\000"
 2793      455F4556 
 2793      545F4741 
 2793      5454535F 
 2793      57524954 
 2794              	.LC102:
 2795 0580 4359424C 		.ascii	"CYBLE_EVT_GATTS_HANDLE_VALUE_CNF \015\000"
 2795      455F4556 
 2795      545F4741 
 2795      5454535F 
 2795      48414E44 
 2796 05a3 00       		.space	1
 2797              	.LC104:
 2798 05a4 4359424C 		.ascii	"CYBLE_EVT_GATTS_READ_CHAR_VAL_ACCESS_REQ, attr hand"
 2798      455F4556 
 2798      545F4741 
 2798      5454535F 
 2798      52454144 
 2799 05d7 6C653A20 		.ascii	"le: 0x%4.4x \015\012\000"
 2799      30782534 
 2799      2E347820 
 2799      0D0A00
 2800 05e6 0000     		.space	2
 2801              	.LC106:
 2802 05e8 4359424C 		.ascii	"CYBLE_EVT_GATTS_INDICATION_ENABLED\015\000"
 2802      455F4556 
 2802      545F4741 
 2802      5454535F 
ARM GAS  C:\Users\Lenovo\AppData\Local\Temp\ccTXWGea.s 			page 75


 2802      494E4449 
 2803              	.LC108:
 2804 060c 4359424C 		.ascii	"CYBLE_EVT_GATTS_INDICATION_DISABLED\015\000"
 2804      455F4556 
 2804      545F4741 
 2804      5454535F 
 2804      494E4449 
 2805 0631 000000   		.space	3
 2806              	.LC110:
 2807 0634 4359424C 		.ascii	"CYBLE_EVT_GATTS_INDICATION\015\000"
 2807      455F4556 
 2807      545F4741 
 2807      5454535F 
 2807      494E4449 
 2808              	.LC112:
 2809 0650 4359424C 		.ascii	"CYBLE_EVT_GATTS_XCNHG_MTU_REQ, final mtu = %d \015\012"
 2809      455F4556 
 2809      545F4741 
 2809      5454535F 
 2809      58434E48 
 2810 0680 00       		.ascii	"\000"
 2811 0681 000000   		.space	3
 2812              	.LC114:
 2813 0684 4556545F 		.ascii	"EVT_L2CAP_CONN_PARAM_UPDATE_REQ \015\000"
 2813      4C324341 
 2813      505F434F 
 2813      4E4E5F50 
 2813      4152414D 
 2814 06a6 0000     		.space	2
 2815              	.LC116:
 2816 06a8 4F544845 		.ascii	"OTHER event: 0x%lx \015\012\000"
 2816      52206576 
 2816      656E743A 
 2816      20307825 
 2816      6C78200D 
 2817 06be 0000     		.space	2
 2818              	.LC128:
 2819 06c0 41444320 		.ascii	"ADC Indication sent: %d\015\012\000"
 2819      496E6469 
 2819      63617469 
 2819      6F6E2073 
 2819      656E743A 
 2820 06da 0000     		.space	2
 2821              	.LC130:
 2822 06dc 4552524F 		.ascii	"ERROR: ADC Indication failed %x\015\012\000"
 2822      523A2041 
 2822      44432049 
 2822      6E646963 
 2822      6174696F 
 2823 06fe 0000     		.space	2
 2824              	.LC135:
 2825 0700 41444320 		.ascii	"ADC value out of range\000"
 2825      76616C75 
 2825      65206F75 
 2825      74206F66 
 2825      2072616E 
 2826 0717 00       		.space	1
ARM GAS  C:\Users\Lenovo\AppData\Local\Temp\ccTXWGea.s 			page 76


 2827              	.LC139:
 2828 0718 41444320 		.ascii	"ADC = %d\015\012\000"
 2828      3D202564 
 2828      0D0A00
 2829 0723 00       		.space	1
 2830              	.LC142:
 2831 0724 25346420 		.ascii	"%4d (0x%02X) \000"
 2831      28307825 
 2831      30325829 
 2831      2000
 2832 0732 0000     		.space	2
 2833              	.LC145:
 2834 0734 4379426C 		.ascii	"CyBle_AiossSetCharacteristicValue API Error - %x \015"
 2834      655F4169 
 2834      6F737353 
 2834      65744368 
 2834      61726163 
 2835 0766 0A00     		.ascii	"\012\000"
 2836              	.LC149:
 2837 0768 4379426C 		.ascii	"CyBle_AiossGetCharacteristicValue API Error - %x\015"
 2837      655F4169 
 2837      6F737347 
 2837      65744368 
 2837      61726163 
 2838 0799 0A00     		.ascii	"\012\000"
 2839 079b 00       		.space	1
 2840              	.LC152:
 2841 079c 50574D20 		.ascii	"PWM value changed. New periodt - %d \015\012\000"
 2841      76616C75 
 2841      65206368 
 2841      616E6765 
 2841      642E204E 
 2842 07c3 00       		.space	1
 2843              	.LC158:
 2844 07c4 4C454420 		.ascii	"LED D%d OFF\015\012\000"
 2844      44256420 
 2844      4F46460D 
 2844      0A00
 2845 07d2 0000     		.space	2
 2846              	.LC160:
 2847 07d4 4C454420 		.ascii	"LED D%d ON\015\012\000"
 2847      44256420 
 2847      4F4E0D0A 
 2847      00
 2848 07e1 000000   		.space	3
 2849              	.LC166:
 2850 07e4 0A0D4275 		.ascii	"\012\015Button S%d is pressed. Digital input = 0.\015"
 2850      74746F6E 
 2850      20532564 
 2850      20697320 
 2850      70726573 
 2851 0810 0A00     		.ascii	"\012\000"
 2852 0812 0000     		.space	2
 2853              	.LC168:
 2854 0814 0A0D4275 		.ascii	"\012\015Button S%d is released. Digital input = 1.\015"
 2854      74746F6E 
 2854      20532564 
ARM GAS  C:\Users\Lenovo\AppData\Local\Temp\ccTXWGea.s 			page 77


 2854      20697320 
 2854      72656C65 
 2855 0841 0A00     		.ascii	"\012\000"
 2856 0843 00       		.space	1
 2857              	.LC171:
 2858 0844 44494749 		.ascii	"DIGITAL %d characteristic Indication. \000"
 2858      54414C20 
 2858      25642063 
 2858      68617261 
 2858      63746572 
 2859 086b 00       		.space	1
 2860              	.LC173:
 2861 086c 56616C75 		.ascii	"Value - %d. \000"
 2861      65202D20 
 2861      25642E20 
 2861      00
 2862 0879 000000   		.space	3
 2863              	.LC176:
 2864 087c 53656E64 		.ascii	"Send Indication is failed: \000"
 2864      20496E64 
 2864      69636174 
 2864      696F6E20 
 2864      69732066 
 2865              	.LC178:
 2866 0898 496E6469 		.ascii	"Indication was sent successfully.\015\000"
 2866      63617469 
 2866      6F6E2077 
 2866      61732073 
 2866      656E7420 
 2867 08bb 00       		.space	1
 2868              	.LC183:
 2869 08bc 41636365 		.ascii	"Accept displayed passkey \015\000"
 2869      70742064 
 2869      6973706C 
 2869      61796564 
 2869      20706173 
 2870 08d7 00       		.space	1
 2871              	.LC187:
 2872 08d8 4379426C 		.ascii	"CyBle_GapAuthPassKeyReply API Error : \000"
 2872      655F4761 
 2872      70417574 
 2872      68506173 
 2872      734B6579 
 2873 08ff 00       		.space	1
 2874              	.LC189:
 2875 0900 52656A65 		.ascii	"Reject displayed passkey \015\000"
 2875      63742064 
 2875      6973706C 
 2875      61796564 
 2875      20706173 
 2876 091b 00       		.space	1
 2877              	.LC191:
 2878 091c 57726F6E 		.ascii	"Wrong key entered. Press 'y' or 'n'\015\000"
 2878      67206B65 
 2878      7920656E 
 2878      74657265 
 2878      642E2050 
ARM GAS  C:\Users\Lenovo\AppData\Local\Temp\ccTXWGea.s 			page 78


 2879 0941 000000   		.space	3
 2880              	.LC196:
 2881 0944 57726F6E 		.ascii	"Wrong key entered. \015\000"
 2881      67206B65 
 2881      7920656E 
 2881      74657265 
 2881      642E200D 
 2882 0959 000000   		.space	3
 2883              	.LC199:
 2884 095c 4379426C 		.ascii	"CyBle_GapAuthPassKeyReply API Error: \000"
 2884      655F4761 
 2884      70417574 
 2884      68506173 
 2884      734B6579 
 2885 0982 0000     		.space	2
 2886              	.LC203:
 2887 0984 44495350 		.ascii	"DISPLAY = %d\015\012\000"
 2887      4C415920 
 2887      3D202564 
 2887      0D0A00
 2888 0993 00       		.space	1
 2889              	.LC205:
 2890 0994 0D0A0A41 		.ascii	"\015\012\012Automation IO Server Example Project \015"
 2890      75746F6D 
 2890      6174696F 
 2890      6E20494F 
 2890      20536572 
 2891 09bd 00       		.ascii	"\000"
 2892 09be 0000     		.space	2
 2893              	.LC209:
 2894 09c0 4379426C 		.ascii	"CyBle_Start API Error: \000"
 2894      655F5374 
 2894      61727420 
 2894      41504920 
 2894      4572726F 
 2895              	.LC215:
 2896 09d8 53746F72 		.ascii	"Store bonding data, status: %x \015\012\000"
 2896      6520626F 
 2896      6E64696E 
 2896      67206461 
 2896      74612C20 
 2897              		.bss
 2898              		.align	1
 2899              		.set	.LANCHOR0,. + 0
 2900              		.type	authState, %object
 2901              		.size	authState, 1
 2902              	authState:
 2903 0000 00       		.space	1
 2904 0001 00       		.space	1
 2905              		.type	adcResult, %object
 2906              		.size	adcResult, 2
 2907              	adcResult:
 2908 0002 0000     		.space	2
 2909              		.type	data_ready, %object
 2910              		.size	data_ready, 1
 2911              	data_ready:
 2912 0004 00       		.space	1
ARM GAS  C:\Users\Lenovo\AppData\Local\Temp\ccTXWGea.s 			page 79


 2913              		.type	buttonState, %object
 2914              		.size	buttonState, 1
 2915              	buttonState:
 2916 0005 00       		.space	1
 2917              		.type	N_indyk.9617, %object
 2918              		.size	N_indyk.9617, 1
 2919              	N_indyk.9617:
 2920 0006 00       		.space	1
 2921              		.type	blinkTime.9618, %object
 2922              		.size	blinkTime.9618, 1
 2923              	blinkTime.9618:
 2924 0007 00       		.space	1
 2925              		.type	adcIndicationEnabled, %object
 2926              		.size	adcIndicationEnabled, 1
 2927              	adcIndicationEnabled:
 2928 0008 00       		.space	1
 2929              		.type	out_range_indic.9608, %object
 2930              		.size	out_range_indic.9608, 1
 2931              	out_range_indic.9608:
 2932 0009 00       		.space	1
 2933              		.type	pwmPrevValue.9641, %object
 2934              		.size	pwmPrevValue.9641, 2
 2935              	pwmPrevValue.9641:
 2936 000a 0000     		.space	2
 2937              		.type	customCommand, %object
 2938              		.size	customCommand, 1
 2939              	customCommand:
 2940 000c 00       		.space	1
 2941              		.text
 2942              	.Letext0:
 2943              		.file 2 "Generated_Source\\PSoC4/cytypes.h"
 2944              		.file 3 "Generated_Source\\PSoC4/BLE_1_Stack.h"
 2945              		.file 4 "Generated_Source\\PSoC4/BLE_1_StackHostMain.h"
 2946              		.file 5 "Generated_Source\\PSoC4/BLE_1_StackGap.h"
 2947              		.file 6 "Generated_Source\\PSoC4/BLE_1_StackGatt.h"
 2948              		.file 7 "Generated_Source\\PSoC4/BLE_1_StackGattServer.h"
 2949              		.file 8 "Generated_Source\\PSoC4/BLE_1_StackGattClient.h"
 2950              		.file 9 "Generated_Source\\PSoC4/BLE_1_aios.h"
 2951              		.file 10 "Generated_Source\\PSoC4/BLE_1_eventHandler.h"
 2952              		.file 11 "aios.h"
 2953              		.file 12 "Generated_Source\\PSoC4/BLE_1.h"
 2954              		.file 13 "d:\\psoc\\psoc creator\\4.4\\psoc creator\\import\\gnu\\arm\\5.4.1\\arm-none-eabi\\inclu
 2955              		.file 14 "Generated_Source\\PSoC4/Advertising_LED.h"
 2956              		.file 15 "Generated_Source\\PSoC4/Digtal_Output_LED.h"
 2957              		.file 16 "Generated_Source\\PSoC4/SW2.h"
 2958              		.file 17 "Generated_Source\\PSoC4/SW2_Interrupt.h"
 2959              		.file 18 "Generated_Source\\PSoC4/UART_DEB_SPI_UART.h"
 2960              		.file 19 "Generated_Source\\PSoC4/cyPm.h"
 2961              		.file 20 "debug.h"
 2962              		.file 21 "Generated_Source\\PSoC4/ADC_SAR.h"
 2963              		.file 22 "Generated_Source\\PSoC4/Pin_Buttons.h"
 2964              		.file 23 "Generated_Source\\PSoC4/SPIM.h"
 2965              		.file 24 "Generated_Source\\PSoC4/LED_D.h"
 2966              		.file 25 "Generated_Source\\PSoC4/CyLib.h"
 2967              		.file 26 "Generated_Source\\PSoC4/CapSense_Sensing.h"
 2968              		.file 27 "Generated_Source\\PSoC4/CapSense_Control.h"
 2969              		.file 28 "Generated_Source\\PSoC4/CapSense_Structure.h"
ARM GAS  C:\Users\Lenovo\AppData\Local\Temp\ccTXWGea.s 			page 80


 2970              		.file 29 "<built-in>"
 2971              		.file 30 "Generated_Source\\PSoC4/PWM.h"
 2972              		.file 31 "Generated_Source\\PSoC4/UART_DEB.h"
 2973              		.file 32 "Generated_Source\\PSoC4/ADC_SAR_IRQ.h"
 2974              		.file 33 "Generated_Source\\PSoC4/isr_sar_adc.h"
 2975              		.file 34 "Generated_Source\\PSoC4/CyLFClk.h"
 2976              		.section	.debug_info,"",%progbits
 2977              	.Ldebug_info0:
 2978 0000 F6240000 		.4byte	0x24f6
 2979 0004 0400     		.2byte	0x4
 2980 0006 00000000 		.4byte	.Ldebug_abbrev0
 2981 000a 04       		.byte	0x4
 2982 000b 01       		.uleb128 0x1
 2983 000c A70B0000 		.4byte	.LASF673
 2984 0010 0C       		.byte	0xc
 2985 0011 C0460000 		.4byte	.LASF674
 2986 0015 AA3B0000 		.4byte	.LASF675
 2987 0019 00000000 		.4byte	.Ldebug_ranges0+0
 2988 001d 00000000 		.4byte	0
 2989 0021 00000000 		.4byte	.Ldebug_line0
 2990 0025 02       		.uleb128 0x2
 2991 0026 01       		.byte	0x1
 2992 0027 06       		.byte	0x6
 2993 0028 F6280000 		.4byte	.LASF0
 2994 002c 02       		.uleb128 0x2
 2995 002d 01       		.byte	0x1
 2996 002e 08       		.byte	0x8
 2997 002f 7C100000 		.4byte	.LASF1
 2998 0033 02       		.uleb128 0x2
 2999 0034 02       		.byte	0x2
 3000 0035 05       		.byte	0x5
 3001 0036 354B0000 		.4byte	.LASF2
 3002 003a 02       		.uleb128 0x2
 3003 003b 02       		.byte	0x2
 3004 003c 07       		.byte	0x7
 3005 003d C9280000 		.4byte	.LASF3
 3006 0041 02       		.uleb128 0x2
 3007 0042 04       		.byte	0x4
 3008 0043 05       		.byte	0x5
 3009 0044 2E2D0000 		.4byte	.LASF4
 3010 0048 02       		.uleb128 0x2
 3011 0049 04       		.byte	0x4
 3012 004a 07       		.byte	0x7
 3013 004b 44310000 		.4byte	.LASF5
 3014 004f 02       		.uleb128 0x2
 3015 0050 08       		.byte	0x8
 3016 0051 05       		.byte	0x5
 3017 0052 F1440000 		.4byte	.LASF6
 3018 0056 02       		.uleb128 0x2
 3019 0057 08       		.byte	0x8
 3020 0058 07       		.byte	0x7
 3021 0059 B23F0000 		.4byte	.LASF7
 3022 005d 03       		.uleb128 0x3
 3023 005e 04       		.byte	0x4
 3024 005f 05       		.byte	0x5
 3025 0060 696E7400 		.ascii	"int\000"
 3026 0064 02       		.uleb128 0x2
ARM GAS  C:\Users\Lenovo\AppData\Local\Temp\ccTXWGea.s 			page 81


 3027 0065 04       		.byte	0x4
 3028 0066 07       		.byte	0x7
 3029 0067 9E4A0000 		.4byte	.LASF8
 3030 006b 04       		.uleb128 0x4
 3031 006c F7080000 		.4byte	.LASF9
 3032 0070 02       		.byte	0x2
 3033 0071 D201     		.2byte	0x1d2
 3034 0073 2C000000 		.4byte	0x2c
 3035 0077 04       		.uleb128 0x4
 3036 0078 D5300000 		.4byte	.LASF10
 3037 007c 02       		.byte	0x2
 3038 007d D301     		.2byte	0x1d3
 3039 007f 3A000000 		.4byte	0x3a
 3040 0083 04       		.uleb128 0x4
 3041 0084 08330000 		.4byte	.LASF11
 3042 0088 02       		.byte	0x2
 3043 0089 D401     		.2byte	0x1d4
 3044 008b 48000000 		.4byte	0x48
 3045 008f 02       		.uleb128 0x2
 3046 0090 04       		.byte	0x4
 3047 0091 04       		.byte	0x4
 3048 0092 FF100000 		.4byte	.LASF12
 3049 0096 02       		.uleb128 0x2
 3050 0097 08       		.byte	0x8
 3051 0098 04       		.byte	0x4
 3052 0099 04390000 		.4byte	.LASF13
 3053 009d 04       		.uleb128 0x4
 3054 009e 70140000 		.4byte	.LASF14
 3055 00a2 02       		.byte	0x2
 3056 00a3 E301     		.2byte	0x1e3
 3057 00a5 A9000000 		.4byte	0xa9
 3058 00a9 02       		.uleb128 0x2
 3059 00aa 01       		.byte	0x1
 3060 00ab 08       		.byte	0x8
 3061 00ac 2E320000 		.4byte	.LASF15
 3062 00b0 05       		.uleb128 0x5
 3063 00b1 6B000000 		.4byte	0x6b
 3064 00b5 05       		.uleb128 0x5
 3065 00b6 77000000 		.4byte	0x77
 3066 00ba 04       		.uleb128 0x4
 3067 00bb 2C280000 		.4byte	.LASF16
 3068 00bf 02       		.byte	0x2
 3069 00c0 7E02     		.2byte	0x27e
 3070 00c2 C6000000 		.4byte	0xc6
 3071 00c6 05       		.uleb128 0x5
 3072 00c7 83000000 		.4byte	0x83
 3073 00cb 02       		.uleb128 0x2
 3074 00cc 08       		.byte	0x8
 3075 00cd 04       		.byte	0x4
 3076 00ce 73300000 		.4byte	.LASF17
 3077 00d2 02       		.uleb128 0x2
 3078 00d3 04       		.byte	0x4
 3079 00d4 07       		.byte	0x7
 3080 00d5 553B0000 		.4byte	.LASF18
 3081 00d9 06       		.uleb128 0x6
 3082 00da 04       		.byte	0x4
 3083 00db 07       		.uleb128 0x7
ARM GAS  C:\Users\Lenovo\AppData\Local\Temp\ccTXWGea.s 			page 82


 3084 00dc 01       		.byte	0x1
 3085 00dd 2C000000 		.4byte	0x2c
 3086 00e1 03       		.byte	0x3
 3087 00e2 3501     		.2byte	0x135
 3088 00e4 99020000 		.4byte	0x299
 3089 00e8 08       		.uleb128 0x8
 3090 00e9 74280000 		.4byte	.LASF19
 3091 00ed 00       		.byte	0
 3092 00ee 08       		.uleb128 0x8
 3093 00ef 95040000 		.4byte	.LASF20
 3094 00f3 01       		.byte	0x1
 3095 00f4 08       		.uleb128 0x8
 3096 00f5 01170000 		.4byte	.LASF21
 3097 00f9 02       		.byte	0x2
 3098 00fa 08       		.uleb128 0x8
 3099 00fb D10A0000 		.4byte	.LASF22
 3100 00ff 03       		.byte	0x3
 3101 0100 08       		.uleb128 0x8
 3102 0101 6F050000 		.4byte	.LASF23
 3103 0105 04       		.byte	0x4
 3104 0106 08       		.uleb128 0x8
 3105 0107 FF2E0000 		.4byte	.LASF24
 3106 010b 05       		.byte	0x5
 3107 010c 08       		.uleb128 0x8
 3108 010d 8D1E0000 		.4byte	.LASF25
 3109 0111 06       		.byte	0x6
 3110 0112 08       		.uleb128 0x8
 3111 0113 FC150000 		.4byte	.LASF26
 3112 0117 20       		.byte	0x20
 3113 0118 08       		.uleb128 0x8
 3114 0119 04130000 		.4byte	.LASF27
 3115 011d 21       		.byte	0x21
 3116 011e 08       		.uleb128 0x8
 3117 011f 9B050000 		.4byte	.LASF28
 3118 0123 22       		.byte	0x22
 3119 0124 08       		.uleb128 0x8
 3120 0125 974B0000 		.4byte	.LASF29
 3121 0129 23       		.byte	0x23
 3122 012a 08       		.uleb128 0x8
 3123 012b 16020000 		.4byte	.LASF30
 3124 012f 24       		.byte	0x24
 3125 0130 08       		.uleb128 0x8
 3126 0131 D53D0000 		.4byte	.LASF31
 3127 0135 25       		.byte	0x25
 3128 0136 08       		.uleb128 0x8
 3129 0137 8A100000 		.4byte	.LASF32
 3130 013b 26       		.byte	0x26
 3131 013c 08       		.uleb128 0x8
 3132 013d E5260000 		.4byte	.LASF33
 3133 0141 27       		.byte	0x27
 3134 0142 08       		.uleb128 0x8
 3135 0143 EB2F0000 		.4byte	.LASF34
 3136 0147 28       		.byte	0x28
 3137 0148 08       		.uleb128 0x8
 3138 0149 C8260000 		.4byte	.LASF35
 3139 014d 29       		.byte	0x29
 3140 014e 08       		.uleb128 0x8
ARM GAS  C:\Users\Lenovo\AppData\Local\Temp\ccTXWGea.s 			page 83


 3141 014f 8B410000 		.4byte	.LASF36
 3142 0153 2A       		.byte	0x2a
 3143 0154 08       		.uleb128 0x8
 3144 0155 53450000 		.4byte	.LASF37
 3145 0159 2B       		.byte	0x2b
 3146 015a 08       		.uleb128 0x8
 3147 015b D22D0000 		.4byte	.LASF38
 3148 015f 2C       		.byte	0x2c
 3149 0160 08       		.uleb128 0x8
 3150 0161 3E440000 		.4byte	.LASF39
 3151 0165 2D       		.byte	0x2d
 3152 0166 08       		.uleb128 0x8
 3153 0167 BE2B0000 		.4byte	.LASF40
 3154 016b 2E       		.byte	0x2e
 3155 016c 08       		.uleb128 0x8
 3156 016d 6F480000 		.4byte	.LASF41
 3157 0171 2F       		.byte	0x2f
 3158 0172 08       		.uleb128 0x8
 3159 0173 331C0000 		.4byte	.LASF42
 3160 0177 30       		.byte	0x30
 3161 0178 08       		.uleb128 0x8
 3162 0179 C04A0000 		.4byte	.LASF43
 3163 017d 31       		.byte	0x31
 3164 017e 08       		.uleb128 0x8
 3165 017f 86080000 		.4byte	.LASF44
 3166 0183 32       		.byte	0x32
 3167 0184 08       		.uleb128 0x8
 3168 0185 110E0000 		.4byte	.LASF45
 3169 0189 33       		.byte	0x33
 3170 018a 08       		.uleb128 0x8
 3171 018b A9390000 		.4byte	.LASF46
 3172 018f 34       		.byte	0x34
 3173 0190 08       		.uleb128 0x8
 3174 0191 2D410000 		.4byte	.LASF47
 3175 0195 35       		.byte	0x35
 3176 0196 08       		.uleb128 0x8
 3177 0197 89440000 		.4byte	.LASF48
 3178 019b 36       		.byte	0x36
 3179 019c 08       		.uleb128 0x8
 3180 019d 073A0000 		.4byte	.LASF49
 3181 01a1 37       		.byte	0x37
 3182 01a2 08       		.uleb128 0x8
 3183 01a3 AE0F0000 		.4byte	.LASF50
 3184 01a7 40       		.byte	0x40
 3185 01a8 08       		.uleb128 0x8
 3186 01a9 8E390000 		.4byte	.LASF51
 3187 01ad 41       		.byte	0x41
 3188 01ae 08       		.uleb128 0x8
 3189 01af 6E210000 		.4byte	.LASF52
 3190 01b3 42       		.byte	0x42
 3191 01b4 08       		.uleb128 0x8
 3192 01b5 7F360000 		.4byte	.LASF53
 3193 01b9 43       		.byte	0x43
 3194 01ba 08       		.uleb128 0x8
 3195 01bb 5E060000 		.4byte	.LASF54
 3196 01bf 44       		.byte	0x44
 3197 01c0 08       		.uleb128 0x8
ARM GAS  C:\Users\Lenovo\AppData\Local\Temp\ccTXWGea.s 			page 84


 3198 01c1 3F2F0000 		.4byte	.LASF55
 3199 01c5 45       		.byte	0x45
 3200 01c6 08       		.uleb128 0x8
 3201 01c7 52470000 		.4byte	.LASF56
 3202 01cb 46       		.byte	0x46
 3203 01cc 08       		.uleb128 0x8
 3204 01cd 7A110000 		.4byte	.LASF57
 3205 01d1 47       		.byte	0x47
 3206 01d2 08       		.uleb128 0x8
 3207 01d3 462C0000 		.4byte	.LASF58
 3208 01d7 48       		.byte	0x48
 3209 01d8 08       		.uleb128 0x8
 3210 01d9 23070000 		.4byte	.LASF59
 3211 01dd 49       		.byte	0x49
 3212 01de 08       		.uleb128 0x8
 3213 01df 1A1E0000 		.4byte	.LASF60
 3214 01e3 4A       		.byte	0x4a
 3215 01e4 08       		.uleb128 0x8
 3216 01e5 320F0000 		.4byte	.LASF61
 3217 01e9 4B       		.byte	0x4b
 3218 01ea 08       		.uleb128 0x8
 3219 01eb CF460000 		.4byte	.LASF62
 3220 01ef 4C       		.byte	0x4c
 3221 01f0 08       		.uleb128 0x8
 3222 01f1 BB300000 		.4byte	.LASF63
 3223 01f5 4D       		.byte	0x4d
 3224 01f6 08       		.uleb128 0x8
 3225 01f7 BD0E0000 		.4byte	.LASF64
 3226 01fb 4E       		.byte	0x4e
 3227 01fc 08       		.uleb128 0x8
 3228 01fd 72340000 		.4byte	.LASF65
 3229 0201 4F       		.byte	0x4f
 3230 0202 08       		.uleb128 0x8
 3231 0203 AF1E0000 		.4byte	.LASF66
 3232 0207 50       		.byte	0x50
 3233 0208 08       		.uleb128 0x8
 3234 0209 B6290000 		.4byte	.LASF67
 3235 020d 51       		.byte	0x51
 3236 020e 08       		.uleb128 0x8
 3237 020f 4A190000 		.4byte	.LASF68
 3238 0213 52       		.byte	0x52
 3239 0214 08       		.uleb128 0x8
 3240 0215 60380000 		.4byte	.LASF69
 3241 0219 53       		.byte	0x53
 3242 021a 08       		.uleb128 0x8
 3243 021b A8450000 		.4byte	.LASF70
 3244 021f 54       		.byte	0x54
 3245 0220 08       		.uleb128 0x8
 3246 0221 DC030000 		.4byte	.LASF71
 3247 0225 55       		.byte	0x55
 3248 0226 08       		.uleb128 0x8
 3249 0227 8C310000 		.4byte	.LASF72
 3250 022b 56       		.byte	0x56
 3251 022c 08       		.uleb128 0x8
 3252 022d F73E0000 		.4byte	.LASF73
 3253 0231 57       		.byte	0x57
 3254 0232 08       		.uleb128 0x8
ARM GAS  C:\Users\Lenovo\AppData\Local\Temp\ccTXWGea.s 			page 85


 3255 0233 0D470000 		.4byte	.LASF74
 3256 0237 58       		.byte	0x58
 3257 0238 08       		.uleb128 0x8
 3258 0239 433F0000 		.4byte	.LASF75
 3259 023d 70       		.byte	0x70
 3260 023e 08       		.uleb128 0x8
 3261 023f 03230000 		.4byte	.LASF76
 3262 0243 71       		.byte	0x71
 3263 0244 08       		.uleb128 0x8
 3264 0245 B20C0000 		.4byte	.LASF77
 3265 0249 72       		.byte	0x72
 3266 024a 08       		.uleb128 0x8
 3267 024b D2110000 		.4byte	.LASF78
 3268 024f 73       		.byte	0x73
 3269 0250 08       		.uleb128 0x8
 3270 0251 86320000 		.4byte	.LASF79
 3271 0255 74       		.byte	0x74
 3272 0256 08       		.uleb128 0x8
 3273 0257 77120000 		.4byte	.LASF80
 3274 025b 75       		.byte	0x75
 3275 025c 08       		.uleb128 0x8
 3276 025d 75330000 		.4byte	.LASF81
 3277 0261 76       		.byte	0x76
 3278 0262 08       		.uleb128 0x8
 3279 0263 9C1C0000 		.4byte	.LASF82
 3280 0267 77       		.byte	0x77
 3281 0268 08       		.uleb128 0x8
 3282 0269 90470000 		.4byte	.LASF83
 3283 026d 78       		.byte	0x78
 3284 026e 08       		.uleb128 0x8
 3285 026f 6C490000 		.4byte	.LASF84
 3286 0273 79       		.byte	0x79
 3287 0274 08       		.uleb128 0x8
 3288 0275 04190000 		.4byte	.LASF85
 3289 0279 7A       		.byte	0x7a
 3290 027a 08       		.uleb128 0x8
 3291 027b 56280000 		.4byte	.LASF86
 3292 027f FA       		.byte	0xfa
 3293 0280 08       		.uleb128 0x8
 3294 0281 76180000 		.4byte	.LASF87
 3295 0285 FB       		.byte	0xfb
 3296 0286 08       		.uleb128 0x8
 3297 0287 AC0D0000 		.4byte	.LASF88
 3298 028b FC       		.byte	0xfc
 3299 028c 08       		.uleb128 0x8
 3300 028d A9430000 		.4byte	.LASF89
 3301 0291 FD       		.byte	0xfd
 3302 0292 08       		.uleb128 0x8
 3303 0293 7A000000 		.4byte	.LASF90
 3304 0297 FF       		.byte	0xff
 3305 0298 00       		.byte	0
 3306 0299 07       		.uleb128 0x7
 3307 029a 02       		.byte	0x2
 3308 029b 3A000000 		.4byte	0x3a
 3309 029f 03       		.byte	0x3
 3310 02a0 EA03     		.2byte	0x3ea
 3311 02a2 78030000 		.4byte	0x378
ARM GAS  C:\Users\Lenovo\AppData\Local\Temp\ccTXWGea.s 			page 86


 3312 02a6 08       		.uleb128 0x8
 3313 02a7 C9020000 		.4byte	.LASF91
 3314 02ab 00       		.byte	0
 3315 02ac 08       		.uleb128 0x8
 3316 02ad 0F0B0000 		.4byte	.LASF92
 3317 02b1 01       		.byte	0x1
 3318 02b2 08       		.uleb128 0x8
 3319 02b3 EA320000 		.4byte	.LASF93
 3320 02b7 02       		.byte	0x2
 3321 02b8 08       		.uleb128 0x8
 3322 02b9 A42F0000 		.4byte	.LASF94
 3323 02bd 03       		.byte	0x3
 3324 02be 08       		.uleb128 0x8
 3325 02bf DC2E0000 		.4byte	.LASF95
 3326 02c3 04       		.byte	0x4
 3327 02c4 08       		.uleb128 0x8
 3328 02c5 273D0000 		.4byte	.LASF96
 3329 02c9 05       		.byte	0x5
 3330 02ca 08       		.uleb128 0x8
 3331 02cb A1300000 		.4byte	.LASF97
 3332 02cf 06       		.byte	0x6
 3333 02d0 08       		.uleb128 0x8
 3334 02d1 58330000 		.4byte	.LASF98
 3335 02d5 07       		.byte	0x7
 3336 02d6 08       		.uleb128 0x8
 3337 02d7 B7180000 		.4byte	.LASF99
 3338 02db 08       		.byte	0x8
 3339 02dc 08       		.uleb128 0x8
 3340 02dd 16200000 		.4byte	.LASF100
 3341 02e1 09       		.byte	0x9
 3342 02e2 08       		.uleb128 0x8
 3343 02e3 AD360000 		.4byte	.LASF101
 3344 02e7 0A       		.byte	0xa
 3345 02e8 08       		.uleb128 0x8
 3346 02e9 21030000 		.4byte	.LASF102
 3347 02ed 0B       		.byte	0xb
 3348 02ee 08       		.uleb128 0x8
 3349 02ef DC300000 		.4byte	.LASF103
 3350 02f3 0C       		.byte	0xc
 3351 02f4 08       		.uleb128 0x8
 3352 02f5 F5450000 		.4byte	.LASF104
 3353 02f9 0D       		.byte	0xd
 3354 02fa 08       		.uleb128 0x8
 3355 02fb 25000000 		.4byte	.LASF105
 3356 02ff 0E       		.byte	0xe
 3357 0300 08       		.uleb128 0x8
 3358 0301 7D2D0000 		.4byte	.LASF106
 3359 0305 0F       		.byte	0xf
 3360 0306 08       		.uleb128 0x8
 3361 0307 D21F0000 		.4byte	.LASF107
 3362 030b 10       		.byte	0x10
 3363 030c 08       		.uleb128 0x8
 3364 030d 71400000 		.4byte	.LASF108
 3365 0311 11       		.byte	0x11
 3366 0312 08       		.uleb128 0x8
 3367 0313 EA140000 		.4byte	.LASF109
 3368 0317 12       		.byte	0x12
ARM GAS  C:\Users\Lenovo\AppData\Local\Temp\ccTXWGea.s 			page 87


 3369 0318 08       		.uleb128 0x8
 3370 0319 04050000 		.4byte	.LASF110
 3371 031d 13       		.byte	0x13
 3372 031e 08       		.uleb128 0x8
 3373 031f 6B1F0000 		.4byte	.LASF111
 3374 0323 27       		.byte	0x27
 3375 0324 08       		.uleb128 0x8
 3376 0325 4A410000 		.4byte	.LASF112
 3377 0329 28       		.byte	0x28
 3378 032a 08       		.uleb128 0x8
 3379 032b BB1C0000 		.4byte	.LASF113
 3380 032f 29       		.byte	0x29
 3381 0330 08       		.uleb128 0x8
 3382 0331 73470000 		.4byte	.LASF114
 3383 0335 2A       		.byte	0x2a
 3384 0336 08       		.uleb128 0x8
 3385 0337 CB4C0000 		.4byte	.LASF115
 3386 033b 2B       		.byte	0x2b
 3387 033c 08       		.uleb128 0x8
 3388 033d 662F0000 		.4byte	.LASF116
 3389 0341 2C       		.byte	0x2c
 3390 0342 08       		.uleb128 0x8
 3391 0343 8D3E0000 		.4byte	.LASF117
 3392 0347 2D       		.byte	0x2d
 3393 0348 08       		.uleb128 0x8
 3394 0349 CD100000 		.4byte	.LASF118
 3395 034d FE       		.byte	0xfe
 3396 034e 08       		.uleb128 0x8
 3397 034f 9D360000 		.4byte	.LASF119
 3398 0353 FF       		.byte	0xff
 3399 0354 09       		.uleb128 0x9
 3400 0355 F61A0000 		.4byte	.LASF120
 3401 0359 0001     		.2byte	0x100
 3402 035b 09       		.uleb128 0x9
 3403 035c 45020000 		.4byte	.LASF121
 3404 0360 0101     		.2byte	0x101
 3405 0362 09       		.uleb128 0x9
 3406 0363 ED090000 		.4byte	.LASF122
 3407 0367 0201     		.2byte	0x102
 3408 0369 09       		.uleb128 0x9
 3409 036a 982C0000 		.4byte	.LASF123
 3410 036e 0301     		.2byte	0x103
 3411 0370 09       		.uleb128 0x9
 3412 0371 29150000 		.4byte	.LASF124
 3413 0375 0401     		.2byte	0x104
 3414 0377 00       		.byte	0
 3415 0378 04       		.uleb128 0x4
 3416 0379 591B0000 		.4byte	.LASF125
 3417 037d 03       		.byte	0x3
 3418 037e 5C04     		.2byte	0x45c
 3419 0380 99020000 		.4byte	0x299
 3420 0384 0A       		.uleb128 0xa
 3421 0385 01       		.byte	0x1
 3422 0386 2C000000 		.4byte	0x2c
 3423 038a 04       		.byte	0x4
 3424 038b 2F       		.byte	0x2f
 3425 038c A9030000 		.4byte	0x3a9
ARM GAS  C:\Users\Lenovo\AppData\Local\Temp\ccTXWGea.s 			page 88


 3426 0390 08       		.uleb128 0x8
 3427 0391 CA060000 		.4byte	.LASF126
 3428 0395 01       		.byte	0x1
 3429 0396 08       		.uleb128 0x8
 3430 0397 203F0000 		.4byte	.LASF127
 3431 039b 02       		.byte	0x2
 3432 039c 08       		.uleb128 0x8
 3433 039d 2D140000 		.4byte	.LASF128
 3434 03a1 03       		.byte	0x3
 3435 03a2 08       		.uleb128 0x8
 3436 03a3 780A0000 		.4byte	.LASF129
 3437 03a7 04       		.byte	0x4
 3438 03a8 00       		.byte	0
 3439 03a9 0B       		.uleb128 0xb
 3440 03aa 84050000 		.4byte	.LASF130
 3441 03ae 04       		.byte	0x4
 3442 03af 3C       		.byte	0x3c
 3443 03b0 84030000 		.4byte	0x384
 3444 03b4 07       		.uleb128 0x7
 3445 03b5 01       		.byte	0x1
 3446 03b6 2C000000 		.4byte	0x2c
 3447 03ba 05       		.byte	0x5
 3448 03bb 0801     		.2byte	0x108
 3449 03bd E0030000 		.4byte	0x3e0
 3450 03c1 08       		.uleb128 0x8
 3451 03c2 CB490000 		.4byte	.LASF131
 3452 03c6 00       		.byte	0
 3453 03c7 08       		.uleb128 0x8
 3454 03c8 E1490000 		.4byte	.LASF132
 3455 03cc 01       		.byte	0x1
 3456 03cd 08       		.uleb128 0x8
 3457 03ce F7490000 		.4byte	.LASF133
 3458 03d2 02       		.byte	0x2
 3459 03d3 08       		.uleb128 0x8
 3460 03d4 0D4A0000 		.4byte	.LASF134
 3461 03d8 03       		.byte	0x3
 3462 03d9 08       		.uleb128 0x8
 3463 03da B9220000 		.4byte	.LASF135
 3464 03de 0F       		.byte	0xf
 3465 03df 00       		.byte	0
 3466 03e0 07       		.uleb128 0x7
 3467 03e1 01       		.byte	0x1
 3468 03e2 2C000000 		.4byte	0x2c
 3469 03e6 05       		.byte	0x5
 3470 03e7 3D01     		.2byte	0x13d
 3471 03e9 5A040000 		.4byte	0x45a
 3472 03ed 08       		.uleb128 0x8
 3473 03ee 0F1B0000 		.4byte	.LASF136
 3474 03f2 00       		.byte	0
 3475 03f3 08       		.uleb128 0x8
 3476 03f4 B7370000 		.4byte	.LASF137
 3477 03f8 01       		.byte	0x1
 3478 03f9 08       		.uleb128 0x8
 3479 03fa 14490000 		.4byte	.LASF138
 3480 03fe 02       		.byte	0x2
 3481 03ff 08       		.uleb128 0x8
 3482 0400 3F290000 		.4byte	.LASF139
ARM GAS  C:\Users\Lenovo\AppData\Local\Temp\ccTXWGea.s 			page 89


 3483 0404 03       		.byte	0x3
 3484 0405 08       		.uleb128 0x8
 3485 0406 A42A0000 		.4byte	.LASF140
 3486 040a 04       		.byte	0x4
 3487 040b 08       		.uleb128 0x8
 3488 040c 72450000 		.4byte	.LASF141
 3489 0410 05       		.byte	0x5
 3490 0411 08       		.uleb128 0x8
 3491 0412 48460000 		.4byte	.LASF142
 3492 0416 06       		.byte	0x6
 3493 0417 08       		.uleb128 0x8
 3494 0418 2A110000 		.4byte	.LASF143
 3495 041c 07       		.byte	0x7
 3496 041d 08       		.uleb128 0x8
 3497 041e 32220000 		.4byte	.LASF144
 3498 0422 08       		.byte	0x8
 3499 0423 08       		.uleb128 0x8
 3500 0424 31330000 		.4byte	.LASF145
 3501 0428 09       		.byte	0x9
 3502 0429 08       		.uleb128 0x8
 3503 042a B8190000 		.4byte	.LASF146
 3504 042e 0A       		.byte	0xa
 3505 042f 08       		.uleb128 0x8
 3506 0430 CF3E0000 		.4byte	.LASF147
 3507 0434 0B       		.byte	0xb
 3508 0435 08       		.uleb128 0x8
 3509 0436 2D1D0000 		.4byte	.LASF148
 3510 043a 0C       		.byte	0xc
 3511 043b 08       		.uleb128 0x8
 3512 043c 3F1A0000 		.4byte	.LASF149
 3513 0440 0D       		.byte	0xd
 3514 0441 08       		.uleb128 0x8
 3515 0442 36300000 		.4byte	.LASF150
 3516 0446 0E       		.byte	0xe
 3517 0447 08       		.uleb128 0x8
 3518 0448 452A0000 		.4byte	.LASF151
 3519 044c 0F       		.byte	0xf
 3520 044d 08       		.uleb128 0x8
 3521 044e 35170000 		.4byte	.LASF152
 3522 0452 15       		.byte	0x15
 3523 0453 08       		.uleb128 0x8
 3524 0454 2B400000 		.4byte	.LASF153
 3525 0458 18       		.byte	0x18
 3526 0459 00       		.byte	0
 3527 045a 04       		.uleb128 0x4
 3528 045b CE170000 		.4byte	.LASF154
 3529 045f 05       		.byte	0x5
 3530 0460 7D01     		.2byte	0x17d
 3531 0462 E0030000 		.4byte	0x3e0
 3532 0466 0C       		.uleb128 0xc
 3533 0467 05       		.byte	0x5
 3534 0468 05       		.byte	0x5
 3535 0469 C601     		.2byte	0x1c6
 3536 046b B1040000 		.4byte	0x4b1
 3537 046f 0D       		.uleb128 0xd
 3538 0470 6C270000 		.4byte	.LASF155
 3539 0474 05       		.byte	0x5
ARM GAS  C:\Users\Lenovo\AppData\Local\Temp\ccTXWGea.s 			page 90


 3540 0475 D001     		.2byte	0x1d0
 3541 0477 6B000000 		.4byte	0x6b
 3542 047b 00       		.byte	0
 3543 047c 0D       		.uleb128 0xd
 3544 047d C7460000 		.4byte	.LASF156
 3545 0481 05       		.byte	0x5
 3546 0482 D601     		.2byte	0x1d6
 3547 0484 6B000000 		.4byte	0x6b
 3548 0488 01       		.byte	0x1
 3549 0489 0D       		.uleb128 0xd
 3550 048a A61E0000 		.4byte	.LASF157
 3551 048e 05       		.byte	0x5
 3552 048f DD01     		.2byte	0x1dd
 3553 0491 6B000000 		.4byte	0x6b
 3554 0495 02       		.byte	0x2
 3555 0496 0D       		.uleb128 0xd
 3556 0497 36440000 		.4byte	.LASF158
 3557 049b 05       		.byte	0x5
 3558 049c E101     		.2byte	0x1e1
 3559 049e 5A040000 		.4byte	0x45a
 3560 04a2 03       		.byte	0x3
 3561 04a3 0D       		.uleb128 0xd
 3562 04a4 8A260000 		.4byte	.LASF159
 3563 04a8 05       		.byte	0x5
 3564 04a9 EB01     		.2byte	0x1eb
 3565 04ab 6B000000 		.4byte	0x6b
 3566 04af 04       		.byte	0x4
 3567 04b0 00       		.byte	0
 3568 04b1 04       		.uleb128 0x4
 3569 04b2 A22D0000 		.4byte	.LASF160
 3570 04b6 05       		.byte	0x5
 3571 04b7 ED01     		.2byte	0x1ed
 3572 04b9 66040000 		.4byte	0x466
 3573 04bd 0C       		.uleb128 0xc
 3574 04be 08       		.byte	0x8
 3575 04bf 05       		.byte	0x5
 3576 04c0 7203     		.2byte	0x372
 3577 04c2 FB040000 		.4byte	0x4fb
 3578 04c6 0D       		.uleb128 0xd
 3579 04c7 D5290000 		.4byte	.LASF161
 3580 04cb 05       		.byte	0x5
 3581 04cc 7803     		.2byte	0x378
 3582 04ce 6B000000 		.4byte	0x6b
 3583 04d2 00       		.byte	0
 3584 04d3 0D       		.uleb128 0xd
 3585 04d4 98270000 		.4byte	.LASF162
 3586 04d8 05       		.byte	0x5
 3587 04d9 7E03     		.2byte	0x37e
 3588 04db 77000000 		.4byte	0x77
 3589 04df 02       		.byte	0x2
 3590 04e0 0D       		.uleb128 0xd
 3591 04e1 A2070000 		.4byte	.LASF163
 3592 04e5 05       		.byte	0x5
 3593 04e6 8303     		.2byte	0x383
 3594 04e8 77000000 		.4byte	0x77
 3595 04ec 04       		.byte	0x4
 3596 04ed 0D       		.uleb128 0xd
ARM GAS  C:\Users\Lenovo\AppData\Local\Temp\ccTXWGea.s 			page 91


 3597 04ee 28300000 		.4byte	.LASF164
 3598 04f2 05       		.byte	0x5
 3599 04f3 8903     		.2byte	0x389
 3600 04f5 77000000 		.4byte	0x77
 3601 04f9 06       		.byte	0x6
 3602 04fa 00       		.byte	0
 3603 04fb 04       		.uleb128 0x4
 3604 04fc 3B090000 		.4byte	.LASF165
 3605 0500 05       		.byte	0x5
 3606 0501 8B03     		.2byte	0x38b
 3607 0503 BD040000 		.4byte	0x4bd
 3608 0507 0A       		.uleb128 0xa
 3609 0508 01       		.byte	0x1
 3610 0509 2C000000 		.4byte	0x2c
 3611 050d 06       		.byte	0x6
 3612 050e 49       		.byte	0x49
 3613 050f C2050000 		.4byte	0x5c2
 3614 0513 08       		.uleb128 0x8
 3615 0514 181D0000 		.4byte	.LASF166
 3616 0518 01       		.byte	0x1
 3617 0519 08       		.uleb128 0x8
 3618 051a 6C1B0000 		.4byte	.LASF167
 3619 051e 02       		.byte	0x2
 3620 051f 08       		.uleb128 0x8
 3621 0520 8D090000 		.4byte	.LASF168
 3622 0524 03       		.byte	0x3
 3623 0525 08       		.uleb128 0x8
 3624 0526 45060000 		.4byte	.LASF169
 3625 052a 04       		.byte	0x4
 3626 052b 08       		.uleb128 0x8
 3627 052c CE160000 		.4byte	.LASF170
 3628 0530 05       		.byte	0x5
 3629 0531 08       		.uleb128 0x8
 3630 0532 CB090000 		.4byte	.LASF171
 3631 0536 06       		.byte	0x6
 3632 0537 08       		.uleb128 0x8
 3633 0538 7A1C0000 		.4byte	.LASF172
 3634 053c 07       		.byte	0x7
 3635 053d 08       		.uleb128 0x8
 3636 053e 9E130000 		.4byte	.LASF173
 3637 0542 08       		.byte	0x8
 3638 0543 08       		.uleb128 0x8
 3639 0544 04270000 		.4byte	.LASF174
 3640 0548 09       		.byte	0x9
 3641 0549 08       		.uleb128 0x8
 3642 054a F0180000 		.4byte	.LASF175
 3643 054e 0A       		.byte	0xa
 3644 054f 08       		.uleb128 0x8
 3645 0550 6E2A0000 		.4byte	.LASF176
 3646 0554 0B       		.byte	0xb
 3647 0555 08       		.uleb128 0x8
 3648 0556 C80F0000 		.4byte	.LASF177
 3649 055a 0C       		.byte	0xc
 3650 055b 08       		.uleb128 0x8
 3651 055c 4D230000 		.4byte	.LASF178
 3652 0560 0D       		.byte	0xd
 3653 0561 08       		.uleb128 0x8
ARM GAS  C:\Users\Lenovo\AppData\Local\Temp\ccTXWGea.s 			page 92


 3654 0562 AE310000 		.4byte	.LASF179
 3655 0566 0E       		.byte	0xe
 3656 0567 08       		.uleb128 0x8
 3657 0568 063B0000 		.4byte	.LASF180
 3658 056c 0F       		.byte	0xf
 3659 056d 08       		.uleb128 0x8
 3660 056e E30E0000 		.4byte	.LASF181
 3661 0572 10       		.byte	0x10
 3662 0573 08       		.uleb128 0x8
 3663 0574 D1210000 		.4byte	.LASF182
 3664 0578 11       		.byte	0x11
 3665 0579 08       		.uleb128 0x8
 3666 057a 862B0000 		.4byte	.LASF183
 3667 057e 12       		.byte	0x12
 3668 057f 08       		.uleb128 0x8
 3669 0580 123D0000 		.4byte	.LASF184
 3670 0584 13       		.byte	0x13
 3671 0585 08       		.uleb128 0x8
 3672 0586 BD110000 		.4byte	.LASF185
 3673 058a 52       		.byte	0x52
 3674 058b 08       		.uleb128 0x8
 3675 058c FE360000 		.4byte	.LASF186
 3676 0590 16       		.byte	0x16
 3677 0591 08       		.uleb128 0x8
 3678 0592 814A0000 		.4byte	.LASF187
 3679 0596 17       		.byte	0x17
 3680 0597 08       		.uleb128 0x8
 3681 0598 E81D0000 		.4byte	.LASF188
 3682 059c 18       		.byte	0x18
 3683 059d 08       		.uleb128 0x8
 3684 059e 252E0000 		.4byte	.LASF189
 3685 05a2 19       		.byte	0x19
 3686 05a3 08       		.uleb128 0x8
 3687 05a4 A4460000 		.4byte	.LASF190
 3688 05a8 1B       		.byte	0x1b
 3689 05a9 08       		.uleb128 0x8
 3690 05aa 6B190000 		.4byte	.LASF191
 3691 05ae 1D       		.byte	0x1d
 3692 05af 08       		.uleb128 0x8
 3693 05b0 AB380000 		.4byte	.LASF192
 3694 05b4 1E       		.byte	0x1e
 3695 05b5 08       		.uleb128 0x8
 3696 05b6 541C0000 		.4byte	.LASF193
 3697 05ba D2       		.byte	0xd2
 3698 05bb 08       		.uleb128 0x8
 3699 05bc 71310000 		.4byte	.LASF194
 3700 05c0 FF       		.byte	0xff
 3701 05c1 00       		.byte	0
 3702 05c2 0B       		.uleb128 0xb
 3703 05c3 993B0000 		.4byte	.LASF195
 3704 05c7 06       		.byte	0x6
 3705 05c8 A1       		.byte	0xa1
 3706 05c9 07050000 		.4byte	0x507
 3707 05cd 0A       		.uleb128 0xa
 3708 05ce 01       		.byte	0x1
 3709 05cf 2C000000 		.4byte	0x2c
 3710 05d3 06       		.byte	0x6
ARM GAS  C:\Users\Lenovo\AppData\Local\Temp\ccTXWGea.s 			page 93


 3711 05d4 A5       		.byte	0xa5
 3712 05d5 C4060000 		.4byte	0x6c4
 3713 05d9 08       		.uleb128 0x8
 3714 05da 55200000 		.4byte	.LASF196
 3715 05de 00       		.byte	0
 3716 05df 08       		.uleb128 0x8
 3717 05e0 B9330000 		.4byte	.LASF197
 3718 05e4 01       		.byte	0x1
 3719 05e5 08       		.uleb128 0x8
 3720 05e6 754B0000 		.4byte	.LASF198
 3721 05ea 02       		.byte	0x2
 3722 05eb 08       		.uleb128 0x8
 3723 05ec 5A2D0000 		.4byte	.LASF199
 3724 05f0 03       		.byte	0x3
 3725 05f1 08       		.uleb128 0x8
 3726 05f2 1B130000 		.4byte	.LASF200
 3727 05f6 04       		.byte	0x4
 3728 05f7 08       		.uleb128 0x8
 3729 05f8 2D390000 		.4byte	.LASF201
 3730 05fc 05       		.byte	0x5
 3731 05fd 08       		.uleb128 0x8
 3732 05fe DF120000 		.4byte	.LASF202
 3733 0602 06       		.byte	0x6
 3734 0603 08       		.uleb128 0x8
 3735 0604 7A270000 		.4byte	.LASF203
 3736 0608 07       		.byte	0x7
 3737 0609 08       		.uleb128 0x8
 3738 060a 02280000 		.4byte	.LASF204
 3739 060e 08       		.byte	0x8
 3740 060f 08       		.uleb128 0x8
 3741 0610 05140000 		.4byte	.LASF205
 3742 0614 09       		.byte	0x9
 3743 0615 08       		.uleb128 0x8
 3744 0616 20160000 		.4byte	.LASF206
 3745 061a 0A       		.byte	0xa
 3746 061b 08       		.uleb128 0x8
 3747 061c D71C0000 		.4byte	.LASF207
 3748 0620 0B       		.byte	0xb
 3749 0621 08       		.uleb128 0x8
 3750 0622 AD000000 		.4byte	.LASF208
 3751 0626 0C       		.byte	0xc
 3752 0627 08       		.uleb128 0x8
 3753 0628 CC440000 		.4byte	.LASF209
 3754 062c 0D       		.byte	0xd
 3755 062d 08       		.uleb128 0x8
 3756 062e 6F1D0000 		.4byte	.LASF210
 3757 0632 0E       		.byte	0xe
 3758 0633 08       		.uleb128 0x8
 3759 0634 0E4B0000 		.4byte	.LASF211
 3760 0638 0F       		.byte	0xf
 3761 0639 08       		.uleb128 0x8
 3762 063a 7E2F0000 		.4byte	.LASF212
 3763 063e 10       		.byte	0x10
 3764 063f 08       		.uleb128 0x8
 3765 0640 A9170000 		.4byte	.LASF213
 3766 0644 11       		.byte	0x11
 3767 0645 08       		.uleb128 0x8
ARM GAS  C:\Users\Lenovo\AppData\Local\Temp\ccTXWGea.s 			page 94


 3768 0646 DD0D0000 		.4byte	.LASF214
 3769 064a 80       		.byte	0x80
 3770 064b 08       		.uleb128 0x8
 3771 064c 97240000 		.4byte	.LASF215
 3772 0650 80       		.byte	0x80
 3773 0651 08       		.uleb128 0x8
 3774 0652 1A460000 		.4byte	.LASF216
 3775 0656 80       		.byte	0x80
 3776 0657 08       		.uleb128 0x8
 3777 0658 F0110000 		.4byte	.LASF217
 3778 065c 80       		.byte	0x80
 3779 065d 08       		.uleb128 0x8
 3780 065e D8410000 		.4byte	.LASF218
 3781 0662 80       		.byte	0x80
 3782 0663 08       		.uleb128 0x8
 3783 0664 3B3E0000 		.4byte	.LASF219
 3784 0668 80       		.byte	0x80
 3785 0669 08       		.uleb128 0x8
 3786 066a C83C0000 		.4byte	.LASF220
 3787 066e 80       		.byte	0x80
 3788 066f 08       		.uleb128 0x8
 3789 0670 F9480000 		.4byte	.LASF221
 3790 0674 80       		.byte	0x80
 3791 0675 08       		.uleb128 0x8
 3792 0676 7C060000 		.4byte	.LASF222
 3793 067a 81       		.byte	0x81
 3794 067b 08       		.uleb128 0x8
 3795 067c 7E0F0000 		.4byte	.LASF223
 3796 0680 81       		.byte	0x81
 3797 0681 08       		.uleb128 0x8
 3798 0682 B2100000 		.4byte	.LASF224
 3799 0686 81       		.byte	0x81
 3800 0687 08       		.uleb128 0x8
 3801 0688 221F0000 		.4byte	.LASF225
 3802 068c 81       		.byte	0x81
 3803 068d 08       		.uleb128 0x8
 3804 068e EF3D0000 		.4byte	.LASF226
 3805 0692 82       		.byte	0x82
 3806 0693 08       		.uleb128 0x8
 3807 0694 DB350000 		.4byte	.LASF227
 3808 0698 A0       		.byte	0xa0
 3809 0699 08       		.uleb128 0x8
 3810 069a AB270000 		.4byte	.LASF228
 3811 069e A0       		.byte	0xa0
 3812 069f 08       		.uleb128 0x8
 3813 06a0 FF290000 		.4byte	.LASF229
 3814 06a4 A1       		.byte	0xa1
 3815 06a5 08       		.uleb128 0x8
 3816 06a6 163C0000 		.4byte	.LASF230
 3817 06aa A2       		.byte	0xa2
 3818 06ab 08       		.uleb128 0x8
 3819 06ac 7C130000 		.4byte	.LASF231
 3820 06b0 A3       		.byte	0xa3
 3821 06b1 08       		.uleb128 0x8
 3822 06b2 07100000 		.4byte	.LASF232
 3823 06b6 FD       		.byte	0xfd
 3824 06b7 08       		.uleb128 0x8
ARM GAS  C:\Users\Lenovo\AppData\Local\Temp\ccTXWGea.s 			page 95


 3825 06b8 2C050000 		.4byte	.LASF233
 3826 06bc FE       		.byte	0xfe
 3827 06bd 08       		.uleb128 0x8
 3828 06be 23290000 		.4byte	.LASF234
 3829 06c2 FF       		.byte	0xff
 3830 06c3 00       		.byte	0
 3831 06c4 04       		.uleb128 0x4
 3832 06c5 FC4B0000 		.4byte	.LASF235
 3833 06c9 06       		.byte	0x6
 3834 06ca 5F01     		.2byte	0x15f
 3835 06cc CD050000 		.4byte	0x5cd
 3836 06d0 04       		.uleb128 0x4
 3837 06d1 234A0000 		.4byte	.LASF236
 3838 06d5 06       		.byte	0x6
 3839 06d6 8901     		.2byte	0x189
 3840 06d8 77000000 		.4byte	0x77
 3841 06dc 0C       		.uleb128 0xc
 3842 06dd 02       		.byte	0x2
 3843 06de 06       		.byte	0x6
 3844 06df 9301     		.2byte	0x193
 3845 06e1 00070000 		.4byte	0x700
 3846 06e5 0D       		.uleb128 0xd
 3847 06e6 09180000 		.4byte	.LASF237
 3848 06ea 06       		.byte	0x6
 3849 06eb 9A01     		.2byte	0x19a
 3850 06ed 6B000000 		.4byte	0x6b
 3851 06f1 00       		.byte	0
 3852 06f2 0D       		.uleb128 0xd
 3853 06f3 422E0000 		.4byte	.LASF238
 3854 06f7 06       		.byte	0x6
 3855 06f8 A001     		.2byte	0x1a0
 3856 06fa 6B000000 		.4byte	0x6b
 3857 06fe 01       		.byte	0x1
 3858 06ff 00       		.byte	0
 3859 0700 04       		.uleb128 0x4
 3860 0701 32380000 		.4byte	.LASF239
 3861 0705 06       		.byte	0x6
 3862 0706 A201     		.2byte	0x1a2
 3863 0708 DC060000 		.4byte	0x6dc
 3864 070c 0E       		.uleb128 0xe
 3865 070d 06       		.byte	0x6
 3866 070e 07       		.byte	0x7
 3867 070f A2       		.byte	0xa2
 3868 0710 39070000 		.4byte	0x739
 3869 0714 0F       		.uleb128 0xf
 3870 0715 CF420000 		.4byte	.LASF240
 3871 0719 07       		.byte	0x7
 3872 071a A5       		.byte	0xa5
 3873 071b 00070000 		.4byte	0x700
 3874 071f 00       		.byte	0
 3875 0720 0F       		.uleb128 0xf
 3876 0721 AC490000 		.4byte	.LASF241
 3877 0725 07       		.byte	0x7
 3878 0726 A8       		.byte	0xa8
 3879 0727 D0060000 		.4byte	0x6d0
 3880 072b 02       		.byte	0x2
 3881 072c 0F       		.uleb128 0xf
ARM GAS  C:\Users\Lenovo\AppData\Local\Temp\ccTXWGea.s 			page 96


 3882 072d 4B010000 		.4byte	.LASF242
 3883 0731 07       		.byte	0x7
 3884 0732 AE       		.byte	0xae
 3885 0733 C4060000 		.4byte	0x6c4
 3886 0737 04       		.byte	0x4
 3887 0738 00       		.byte	0
 3888 0739 0B       		.uleb128 0xb
 3889 073a 12220000 		.4byte	.LASF243
 3890 073e 07       		.byte	0x7
 3891 073f B0       		.byte	0xb0
 3892 0740 0C070000 		.4byte	0x70c
 3893 0744 0E       		.uleb128 0xe
 3894 0745 08       		.byte	0x8
 3895 0746 08       		.byte	0x8
 3896 0747 30       		.byte	0x30
 3897 0748 7D070000 		.4byte	0x77d
 3898 074c 0F       		.uleb128 0xf
 3899 074d CF420000 		.4byte	.LASF240
 3900 0751 08       		.byte	0x8
 3901 0752 33       		.byte	0x33
 3902 0753 00070000 		.4byte	0x700
 3903 0757 00       		.byte	0
 3904 0758 0F       		.uleb128 0xf
 3905 0759 BF320000 		.4byte	.LASF244
 3906 075d 08       		.byte	0x8
 3907 075e 36       		.byte	0x36
 3908 075f C2050000 		.4byte	0x5c2
 3909 0763 02       		.byte	0x2
 3910 0764 0F       		.uleb128 0xf
 3911 0765 AC490000 		.4byte	.LASF241
 3912 0769 08       		.byte	0x8
 3913 076a 39       		.byte	0x39
 3914 076b D0060000 		.4byte	0x6d0
 3915 076f 04       		.byte	0x4
 3916 0770 0F       		.uleb128 0xf
 3917 0771 20270000 		.4byte	.LASF245
 3918 0775 08       		.byte	0x8
 3919 0776 3C       		.byte	0x3c
 3920 0777 C4060000 		.4byte	0x6c4
 3921 077b 06       		.byte	0x6
 3922 077c 00       		.byte	0
 3923 077d 0B       		.uleb128 0xb
 3924 077e ED170000 		.4byte	.LASF246
 3925 0782 08       		.byte	0x8
 3926 0783 3E       		.byte	0x3e
 3927 0784 44070000 		.4byte	0x744
 3928 0788 0A       		.uleb128 0xa
 3929 0789 01       		.byte	0x1
 3930 078a 2C000000 		.4byte	0x2c
 3931 078e 09       		.byte	0x9
 3932 078f 2B       		.byte	0x2b
 3933 0790 AD070000 		.4byte	0x7ad
 3934 0794 08       		.uleb128 0x8
 3935 0795 32020000 		.4byte	.LASF247
 3936 0799 00       		.byte	0
 3937 079a 08       		.uleb128 0x8
 3938 079b F2040000 		.4byte	.LASF248
ARM GAS  C:\Users\Lenovo\AppData\Local\Temp\ccTXWGea.s 			page 97


 3939 079f 01       		.byte	0x1
 3940 07a0 08       		.uleb128 0x8
 3941 07a1 BD1F0000 		.4byte	.LASF249
 3942 07a5 02       		.byte	0x2
 3943 07a6 08       		.uleb128 0x8
 3944 07a7 3F4A0000 		.4byte	.LASF250
 3945 07ab 03       		.byte	0x3
 3946 07ac 00       		.byte	0
 3947 07ad 0A       		.uleb128 0xa
 3948 07ae 01       		.byte	0x1
 3949 07af 2C000000 		.4byte	0x2c
 3950 07b3 09       		.byte	0x9
 3951 07b4 34       		.byte	0x34
 3952 07b5 F0070000 		.4byte	0x7f0
 3953 07b9 08       		.uleb128 0x8
 3954 07ba 5E210000 		.4byte	.LASF251
 3955 07be 00       		.byte	0
 3956 07bf 08       		.uleb128 0x8
 3957 07c0 A5280000 		.4byte	.LASF252
 3958 07c4 01       		.byte	0x1
 3959 07c5 08       		.uleb128 0x8
 3960 07c6 850D0000 		.4byte	.LASF253
 3961 07ca 02       		.byte	0x2
 3962 07cb 08       		.uleb128 0x8
 3963 07cc D5480000 		.4byte	.LASF254
 3964 07d0 03       		.byte	0x3
 3965 07d1 08       		.uleb128 0x8
 3966 07d2 3C3C0000 		.4byte	.LASF255
 3967 07d6 04       		.byte	0x4
 3968 07d7 08       		.uleb128 0x8
 3969 07d8 5B100000 		.4byte	.LASF256
 3970 07dc 05       		.byte	0x5
 3971 07dd 08       		.uleb128 0x8
 3972 07de FF440000 		.4byte	.LASF257
 3973 07e2 06       		.byte	0x6
 3974 07e3 08       		.uleb128 0x8
 3975 07e4 553A0000 		.4byte	.LASF258
 3976 07e8 06       		.byte	0x6
 3977 07e9 08       		.uleb128 0x8
 3978 07ea 521E0000 		.4byte	.LASF259
 3979 07ee 07       		.byte	0x7
 3980 07ef 00       		.byte	0
 3981 07f0 0A       		.uleb128 0xa
 3982 07f1 02       		.byte	0x2
 3983 07f2 3A000000 		.4byte	0x3a
 3984 07f6 0A       		.byte	0xa
 3985 07f7 B1       		.byte	0xb1
 3986 07f8 07100000 		.4byte	0x1007
 3987 07fc 09       		.uleb128 0x9
 3988 07fd D9150000 		.4byte	.LASF260
 3989 0801 0001     		.2byte	0x100
 3990 0803 09       		.uleb128 0x9
 3991 0804 4A490000 		.4byte	.LASF261
 3992 0808 0101     		.2byte	0x101
 3993 080a 09       		.uleb128 0x9
 3994 080b AF210000 		.4byte	.LASF262
 3995 080f 0201     		.2byte	0x102
ARM GAS  C:\Users\Lenovo\AppData\Local\Temp\ccTXWGea.s 			page 98


 3996 0811 09       		.uleb128 0x9
 3997 0812 E10F0000 		.4byte	.LASF263
 3998 0816 0301     		.2byte	0x103
 3999 0818 09       		.uleb128 0x9
 4000 0819 30450000 		.4byte	.LASF264
 4001 081d 0401     		.2byte	0x104
 4002 081f 09       		.uleb128 0x9
 4003 0820 C9450000 		.4byte	.LASF265
 4004 0824 0501     		.2byte	0x105
 4005 0826 09       		.uleb128 0x9
 4006 0827 DA420000 		.4byte	.LASF266
 4007 082b 0601     		.2byte	0x106
 4008 082d 09       		.uleb128 0x9
 4009 082e 922E0000 		.4byte	.LASF267
 4010 0832 0701     		.2byte	0x107
 4011 0834 09       		.uleb128 0x9
 4012 0835 69430000 		.4byte	.LASF268
 4013 0839 0801     		.2byte	0x108
 4014 083b 09       		.uleb128 0x9
 4015 083c 35180000 		.4byte	.LASF269
 4016 0840 0901     		.2byte	0x109
 4017 0842 09       		.uleb128 0x9
 4018 0843 0C1C0000 		.4byte	.LASF270
 4019 0847 0A01     		.2byte	0x10a
 4020 0849 09       		.uleb128 0x9
 4021 084a 54250000 		.4byte	.LASF271
 4022 084e 0B01     		.2byte	0x10b
 4023 0850 09       		.uleb128 0x9
 4024 0851 9D3A0000 		.4byte	.LASF272
 4025 0855 0C01     		.2byte	0x10c
 4026 0857 09       		.uleb128 0x9
 4027 0858 1B370000 		.4byte	.LASF273
 4028 085c 0D01     		.2byte	0x10d
 4029 085e 09       		.uleb128 0x9
 4030 085f 410C0000 		.4byte	.LASF274
 4031 0863 0E01     		.2byte	0x10e
 4032 0865 09       		.uleb128 0x9
 4033 0866 E5230000 		.4byte	.LASF275
 4034 086a 0F01     		.2byte	0x10f
 4035 086c 09       		.uleb128 0x9
 4036 086d 950E0000 		.4byte	.LASF276
 4037 0871 1001     		.2byte	0x110
 4038 0873 09       		.uleb128 0x9
 4039 0874 732C0000 		.4byte	.LASF277
 4040 0878 1101     		.2byte	0x111
 4041 087a 09       		.uleb128 0x9
 4042 087b 12180000 		.4byte	.LASF278
 4043 087f 1201     		.2byte	0x112
 4044 0881 09       		.uleb128 0x9
 4045 0882 FC020000 		.4byte	.LASF279
 4046 0886 1301     		.2byte	0x113
 4047 0888 09       		.uleb128 0x9
 4048 0889 AD1A0000 		.4byte	.LASF280
 4049 088d 1401     		.2byte	0x114
 4050 088f 09       		.uleb128 0x9
 4051 0890 A53C0000 		.4byte	.LASF281
 4052 0894 1501     		.2byte	0x115
ARM GAS  C:\Users\Lenovo\AppData\Local\Temp\ccTXWGea.s 			page 99


 4053 0896 09       		.uleb128 0x9
 4054 0897 2D0B0000 		.4byte	.LASF282
 4055 089b 1601     		.2byte	0x116
 4056 089d 09       		.uleb128 0x9
 4057 089e D12A0000 		.4byte	.LASF283
 4058 08a2 1701     		.2byte	0x117
 4059 08a4 09       		.uleb128 0x9
 4060 08a5 59010000 		.4byte	.LASF284
 4061 08a9 1801     		.2byte	0x118
 4062 08ab 09       		.uleb128 0x9
 4063 08ac 6F410000 		.4byte	.LASF285
 4064 08b0 1901     		.2byte	0x119
 4065 08b2 09       		.uleb128 0x9
 4066 08b3 8F490000 		.4byte	.LASF286
 4067 08b7 1A01     		.2byte	0x11a
 4068 08b9 09       		.uleb128 0x9
 4069 08ba 5B0E0000 		.4byte	.LASF287
 4070 08be 1B01     		.2byte	0x11b
 4071 08c0 09       		.uleb128 0x9
 4072 08c1 66230000 		.4byte	.LASF288
 4073 08c5 1C01     		.2byte	0x11c
 4074 08c7 09       		.uleb128 0x9
 4075 08c8 98120000 		.4byte	.LASF289
 4076 08cc 1D01     		.2byte	0x11d
 4077 08ce 09       		.uleb128 0x9
 4078 08cf B4410000 		.4byte	.LASF290
 4079 08d3 1E01     		.2byte	0x11e
 4080 08d5 09       		.uleb128 0x9
 4081 08d6 26040000 		.4byte	.LASF291
 4082 08da 1F01     		.2byte	0x11f
 4083 08dc 09       		.uleb128 0x9
 4084 08dd 041A0000 		.4byte	.LASF292
 4085 08e1 2001     		.2byte	0x120
 4086 08e3 09       		.uleb128 0x9
 4087 08e4 461F0000 		.4byte	.LASF293
 4088 08e8 2101     		.2byte	0x121
 4089 08ea 09       		.uleb128 0x9
 4090 08eb 00040000 		.4byte	.LASF294
 4091 08ef 2201     		.2byte	0x122
 4092 08f1 09       		.uleb128 0x9
 4093 08f2 D5180000 		.4byte	.LASF295
 4094 08f6 2301     		.2byte	0x123
 4095 08f8 09       		.uleb128 0x9
 4096 08f9 E9060000 		.4byte	.LASF296
 4097 08fd 2401     		.2byte	0x124
 4098 08ff 09       		.uleb128 0x9
 4099 0900 27120000 		.4byte	.LASF297
 4100 0904 2501     		.2byte	0x125
 4101 0906 09       		.uleb128 0x9
 4102 0907 D5400000 		.4byte	.LASF298
 4103 090b 2601     		.2byte	0x126
 4104 090d 09       		.uleb128 0x9
 4105 090e 75250000 		.4byte	.LASF299
 4106 0912 2701     		.2byte	0x127
 4107 0914 09       		.uleb128 0x9
 4108 0915 58390000 		.4byte	.LASF300
 4109 0919 2801     		.2byte	0x128
ARM GAS  C:\Users\Lenovo\AppData\Local\Temp\ccTXWGea.s 			page 100


 4110 091b 09       		.uleb128 0x9
 4111 091c FE200000 		.4byte	.LASF301
 4112 0920 2901     		.2byte	0x129
 4113 0922 09       		.uleb128 0x9
 4114 0923 B03D0000 		.4byte	.LASF302
 4115 0927 2A01     		.2byte	0x12a
 4116 0929 09       		.uleb128 0x9
 4117 092a B82D0000 		.4byte	.LASF303
 4118 092e 2B01     		.2byte	0x12b
 4119 0930 09       		.uleb128 0x9
 4120 0931 C93F0000 		.4byte	.LASF304
 4121 0935 2C01     		.2byte	0x12c
 4122 0937 09       		.uleb128 0x9
 4123 0938 0C2D0000 		.4byte	.LASF305
 4124 093c 2D01     		.2byte	0x12d
 4125 093e 09       		.uleb128 0x9
 4126 093f C9080000 		.4byte	.LASF306
 4127 0943 2E01     		.2byte	0x12e
 4128 0945 09       		.uleb128 0x9
 4129 0946 41240000 		.4byte	.LASF307
 4130 094a 2F01     		.2byte	0x12f
 4131 094c 09       		.uleb128 0x9
 4132 094d 622B0000 		.4byte	.LASF308
 4133 0951 3001     		.2byte	0x130
 4134 0953 09       		.uleb128 0x9
 4135 0954 3E2B0000 		.4byte	.LASF309
 4136 0958 3101     		.2byte	0x131
 4137 095a 09       		.uleb128 0x9
 4138 095b 3C070000 		.4byte	.LASF310
 4139 095f 3201     		.2byte	0x132
 4140 0961 09       		.uleb128 0x9
 4141 0962 162C0000 		.4byte	.LASF311
 4142 0966 3301     		.2byte	0x133
 4143 0968 09       		.uleb128 0x9
 4144 0969 AA440000 		.4byte	.LASF312
 4145 096d 3401     		.2byte	0x134
 4146 096f 09       		.uleb128 0x9
 4147 0970 823C0000 		.4byte	.LASF313
 4148 0974 3501     		.2byte	0x135
 4149 0976 09       		.uleb128 0x9
 4150 0977 340A0000 		.4byte	.LASF314
 4151 097b 3601     		.2byte	0x136
 4152 097d 09       		.uleb128 0x9
 4153 097e 0F330000 		.4byte	.LASF315
 4154 0982 3701     		.2byte	0x137
 4155 0984 09       		.uleb128 0x9
 4156 0985 E53F0000 		.4byte	.LASF316
 4157 0989 3801     		.2byte	0x138
 4158 098b 09       		.uleb128 0x9
 4159 098c 6F290000 		.4byte	.LASF317
 4160 0990 3901     		.2byte	0x139
 4161 0992 09       		.uleb128 0x9
 4162 0993 6C320000 		.4byte	.LASF318
 4163 0997 3A01     		.2byte	0x13a
 4164 0999 09       		.uleb128 0x9
 4165 099a 28190000 		.4byte	.LASF319
 4166 099e 3B01     		.2byte	0x13b
ARM GAS  C:\Users\Lenovo\AppData\Local\Temp\ccTXWGea.s 			page 101


 4167 09a0 09       		.uleb128 0x9
 4168 09a1 61170000 		.4byte	.LASF320
 4169 09a5 3C01     		.2byte	0x13c
 4170 09a7 09       		.uleb128 0x9
 4171 09a8 CC2C0000 		.4byte	.LASF321
 4172 09ac 3D01     		.2byte	0x13d
 4173 09ae 09       		.uleb128 0x9
 4174 09af 36130000 		.4byte	.LASF322
 4175 09b3 3E01     		.2byte	0x13e
 4176 09b5 09       		.uleb128 0x9
 4177 09b6 FB340000 		.4byte	.LASF323
 4178 09ba 3F01     		.2byte	0x13f
 4179 09bc 09       		.uleb128 0x9
 4180 09bd B3470000 		.4byte	.LASF324
 4181 09c1 4001     		.2byte	0x140
 4182 09c3 09       		.uleb128 0x9
 4183 09c4 CE1E0000 		.4byte	.LASF325
 4184 09c8 4101     		.2byte	0x141
 4185 09ca 09       		.uleb128 0x9
 4186 09cb 590F0000 		.4byte	.LASF326
 4187 09cf 4201     		.2byte	0x142
 4188 09d1 09       		.uleb128 0x9
 4189 09d2 E0250000 		.4byte	.LASF327
 4190 09d6 4301     		.2byte	0x143
 4191 09d8 09       		.uleb128 0x9
 4192 09d9 71030000 		.4byte	.LASF328
 4193 09dd 4401     		.2byte	0x144
 4194 09df 09       		.uleb128 0x9
 4195 09e0 30470000 		.4byte	.LASF329
 4196 09e4 4501     		.2byte	0x145
 4197 09e6 09       		.uleb128 0x9
 4198 09e7 49320000 		.4byte	.LASF330
 4199 09eb 4601     		.2byte	0x146
 4200 09ed 09       		.uleb128 0x9
 4201 09ee 984C0000 		.4byte	.LASF331
 4202 09f2 4701     		.2byte	0x147
 4203 09f4 09       		.uleb128 0x9
 4204 09f5 FD080000 		.4byte	.LASF332
 4205 09f9 4801     		.2byte	0x148
 4206 09fb 09       		.uleb128 0x9
 4207 09fc C92F0000 		.4byte	.LASF333
 4208 0a00 4901     		.2byte	0x149
 4209 0a02 09       		.uleb128 0x9
 4210 0a03 E2130000 		.4byte	.LASF334
 4211 0a07 4A01     		.2byte	0x14a
 4212 0a09 09       		.uleb128 0x9
 4213 0a0a DB200000 		.4byte	.LASF335
 4214 0a0e 4B01     		.2byte	0x14b
 4215 0a10 09       		.uleb128 0x9
 4216 0a11 0F380000 		.4byte	.LASF336
 4217 0a15 4C01     		.2byte	0x14c
 4218 0a17 09       		.uleb128 0x9
 4219 0a18 D7330000 		.4byte	.LASF337
 4220 0a1c 4D01     		.2byte	0x14d
 4221 0a1e 09       		.uleb128 0x9
 4222 0a1f EA0A0000 		.4byte	.LASF338
 4223 0a23 4E01     		.2byte	0x14e
ARM GAS  C:\Users\Lenovo\AppData\Local\Temp\ccTXWGea.s 			page 102


 4224 0a25 09       		.uleb128 0x9
 4225 0a26 ED3C0000 		.4byte	.LASF339
 4226 0a2a 4F01     		.2byte	0x14f
 4227 0a2c 09       		.uleb128 0x9
 4228 0a2d 153E0000 		.4byte	.LASF340
 4229 0a31 5001     		.2byte	0x150
 4230 0a33 09       		.uleb128 0x9
 4231 0a34 EB3A0000 		.4byte	.LASF341
 4232 0a38 5101     		.2byte	0x151
 4233 0a3a 09       		.uleb128 0x9
 4234 0a3b F5420000 		.4byte	.LASF342
 4235 0a3f 5201     		.2byte	0x152
 4236 0a41 09       		.uleb128 0x9
 4237 0a42 06070000 		.4byte	.LASF343
 4238 0a46 5301     		.2byte	0x153
 4239 0a48 09       		.uleb128 0x9
 4240 0a49 C51D0000 		.4byte	.LASF344
 4241 0a4d 5401     		.2byte	0x154
 4242 0a4f 09       		.uleb128 0x9
 4243 0a50 F2010000 		.4byte	.LASF345
 4244 0a54 5501     		.2byte	0x155
 4245 0a56 09       		.uleb128 0x9
 4246 0a57 690C0000 		.4byte	.LASF346
 4247 0a5b 5601     		.2byte	0x156
 4248 0a5d 09       		.uleb128 0x9
 4249 0a5e 8D1D0000 		.4byte	.LASF347
 4250 0a62 5701     		.2byte	0x157
 4251 0a64 09       		.uleb128 0x9
 4252 0a65 890A0000 		.4byte	.LASF348
 4253 0a69 5801     		.2byte	0x158
 4254 0a6b 09       		.uleb128 0x9
 4255 0a6c C0230000 		.4byte	.LASF349
 4256 0a70 5901     		.2byte	0x159
 4257 0a72 09       		.uleb128 0x9
 4258 0a73 0E450000 		.4byte	.LASF350
 4259 0a77 5A01     		.2byte	0x15a
 4260 0a79 09       		.uleb128 0x9
 4261 0a7a 372D0000 		.4byte	.LASF351
 4262 0a7e 5B01     		.2byte	0x15b
 4263 0a80 09       		.uleb128 0x9
 4264 0a81 C6320000 		.4byte	.LASF352
 4265 0a85 5C01     		.2byte	0x15c
 4266 0a87 09       		.uleb128 0x9
 4267 0a88 02290000 		.4byte	.LASF353
 4268 0a8c 5D01     		.2byte	0x15d
 4269 0a8e 09       		.uleb128 0x9
 4270 0a8f 95370000 		.4byte	.LASF354
 4271 0a93 5E01     		.2byte	0x15e
 4272 0a95 09       		.uleb128 0x9
 4273 0a96 8F430000 		.4byte	.LASF355
 4274 0a9a 5F01     		.2byte	0x15f
 4275 0a9c 09       		.uleb128 0x9
 4276 0a9d 57420000 		.4byte	.LASF356
 4277 0aa1 6001     		.2byte	0x160
 4278 0aa3 09       		.uleb128 0x9
 4279 0aa4 52270000 		.4byte	.LASF357
 4280 0aa8 6101     		.2byte	0x161
ARM GAS  C:\Users\Lenovo\AppData\Local\Temp\ccTXWGea.s 			page 103


 4281 0aaa 09       		.uleb128 0x9
 4282 0aab 232A0000 		.4byte	.LASF358
 4283 0aaf 6201     		.2byte	0x162
 4284 0ab1 09       		.uleb128 0x9
 4285 0ab2 BC120000 		.4byte	.LASF359
 4286 0ab6 6301     		.2byte	0x163
 4287 0ab8 09       		.uleb128 0x9
 4288 0ab9 7A3A0000 		.4byte	.LASF360
 4289 0abd 6401     		.2byte	0x164
 4290 0abf 09       		.uleb128 0x9
 4291 0ac0 71370000 		.4byte	.LASF361
 4292 0ac4 6501     		.2byte	0x165
 4293 0ac6 09       		.uleb128 0x9
 4294 0ac7 5D160000 		.4byte	.LASF362
 4295 0acb 6601     		.2byte	0x166
 4296 0acd 09       		.uleb128 0x9
 4297 0ace 09320000 		.4byte	.LASF363
 4298 0ad2 6701     		.2byte	0x167
 4299 0ad4 09       		.uleb128 0x9
 4300 0ad5 4E000000 		.4byte	.LASF364
 4301 0ad9 6801     		.2byte	0x168
 4302 0adb 09       		.uleb128 0x9
 4303 0adc CF040000 		.4byte	.LASF365
 4304 0ae0 6901     		.2byte	0x169
 4305 0ae2 09       		.uleb128 0x9
 4306 0ae3 17090000 		.4byte	.LASF366
 4307 0ae7 6A01     		.2byte	0x16a
 4308 0ae9 09       		.uleb128 0x9
 4309 0aea BF010000 		.4byte	.LASF367
 4310 0aee 6B01     		.2byte	0x16b
 4311 0af0 09       		.uleb128 0x9
 4312 0af1 291B0000 		.4byte	.LASF368
 4313 0af5 6C01     		.2byte	0x16c
 4314 0af7 09       		.uleb128 0x9
 4315 0af8 15420000 		.4byte	.LASF369
 4316 0afc 6D01     		.2byte	0x16d
 4317 0afe 09       		.uleb128 0x9
 4318 0aff 5A4B0000 		.4byte	.LASF370
 4319 0b03 6E01     		.2byte	0x16e
 4320 0b05 09       		.uleb128 0x9
 4321 0b06 95350000 		.4byte	.LASF371
 4322 0b0a 6F01     		.2byte	0x16f
 4323 0b0c 09       		.uleb128 0x9
 4324 0b0d 5E020000 		.4byte	.LASF372
 4325 0b11 7001     		.2byte	0x170
 4326 0b13 09       		.uleb128 0x9
 4327 0b14 0E0D0000 		.4byte	.LASF373
 4328 0b18 7101     		.2byte	0x171
 4329 0b1a 09       		.uleb128 0x9
 4330 0b1b 05110000 		.4byte	.LASF374
 4331 0b1f 7201     		.2byte	0x172
 4332 0b21 09       		.uleb128 0x9
 4333 0b22 66260000 		.4byte	.LASF375
 4334 0b26 7301     		.2byte	0x173
 4335 0b28 09       		.uleb128 0x9
 4336 0b29 233B0000 		.4byte	.LASF376
 4337 0b2d 7401     		.2byte	0x174
ARM GAS  C:\Users\Lenovo\AppData\Local\Temp\ccTXWGea.s 			page 104


 4338 0b2f 09       		.uleb128 0x9
 4339 0b30 22060000 		.4byte	.LASF377
 4340 0b34 7501     		.2byte	0x175
 4341 0b36 09       		.uleb128 0x9
 4342 0b37 81160000 		.4byte	.LASF378
 4343 0b3b 7601     		.2byte	0x176
 4344 0b3d 09       		.uleb128 0x9
 4345 0b3e 5A4C0000 		.4byte	.LASF379
 4346 0b42 7701     		.2byte	0x177
 4347 0b44 09       		.uleb128 0x9
 4348 0b45 8C210000 		.4byte	.LASF380
 4349 0b49 7801     		.2byte	0x178
 4350 0b4b 09       		.uleb128 0x9
 4351 0b4c 1B2F0000 		.4byte	.LASF381
 4352 0b50 7901     		.2byte	0x179
 4353 0b52 09       		.uleb128 0x9
 4354 0b53 B5140000 		.4byte	.LASF382
 4355 0b57 7A01     		.2byte	0x17a
 4356 0b59 09       		.uleb128 0x9
 4357 0b5a 04360000 		.4byte	.LASF383
 4358 0b5e 7B01     		.2byte	0x17b
 4359 0b60 09       		.uleb128 0x9
 4360 0b61 41030000 		.4byte	.LASF384
 4361 0b65 7C01     		.2byte	0x17c
 4362 0b67 09       		.uleb128 0x9
 4363 0b68 CF270000 		.4byte	.LASF385
 4364 0b6c 7D01     		.2byte	0x17d
 4365 0b6e 09       		.uleb128 0x9
 4366 0b6f A7080000 		.4byte	.LASF386
 4367 0b73 7E01     		.2byte	0x17e
 4368 0b75 09       		.uleb128 0x9
 4369 0b76 A7060000 		.4byte	.LASF387
 4370 0b7a 7F01     		.2byte	0x17f
 4371 0b7c 09       		.uleb128 0x9
 4372 0b7d A8040000 		.4byte	.LASF388
 4373 0b81 8001     		.2byte	0x180
 4374 0b83 09       		.uleb128 0x9
 4375 0b84 C1430000 		.4byte	.LASF389
 4376 0b88 8101     		.2byte	0x181
 4377 0b8a 09       		.uleb128 0x9
 4378 0b8b F4370000 		.4byte	.LASF390
 4379 0b8f 8201     		.2byte	0x182
 4380 0b91 09       		.uleb128 0x9
 4381 0b92 7C4C0000 		.4byte	.LASF391
 4382 0b96 8301     		.2byte	0x183
 4383 0b98 09       		.uleb128 0x9
 4384 0b99 E3050000 		.4byte	.LASF392
 4385 0b9d 8401     		.2byte	0x184
 4386 0b9f 09       		.uleb128 0x9
 4387 0ba0 E5390000 		.4byte	.LASF393
 4388 0ba4 8501     		.2byte	0x185
 4389 0ba6 09       		.uleb128 0x9
 4390 0ba7 D94B0000 		.4byte	.LASF394
 4391 0bab 8601     		.2byte	0x186
 4392 0bad 09       		.uleb128 0x9
 4393 0bae F62A0000 		.4byte	.LASF395
 4394 0bb2 8701     		.2byte	0x187
ARM GAS  C:\Users\Lenovo\AppData\Local\Temp\ccTXWGea.s 			page 105


 4395 0bb4 09       		.uleb128 0x9
 4396 0bb5 482E0000 		.4byte	.LASF396
 4397 0bb9 8801     		.2byte	0x188
 4398 0bbb 09       		.uleb128 0x9
 4399 0bbc BA030000 		.4byte	.LASF397
 4400 0bc0 8901     		.2byte	0x189
 4401 0bc2 09       		.uleb128 0x9
 4402 0bc3 96330000 		.4byte	.LASF398
 4403 0bc7 8A01     		.2byte	0x18a
 4404 0bc9 09       		.uleb128 0x9
 4405 0bca E0190000 		.4byte	.LASF399
 4406 0bce 8B01     		.2byte	0x18b
 4407 0bd0 09       		.uleb128 0x9
 4408 0bd1 693E0000 		.4byte	.LASF400
 4409 0bd5 8C01     		.2byte	0x18c
 4410 0bd7 09       		.uleb128 0x9
 4411 0bd8 C7380000 		.4byte	.LASF401
 4412 0bdc 8D01     		.2byte	0x18d
 4413 0bde 09       		.uleb128 0x9
 4414 0bdf FF430000 		.4byte	.LASF402
 4415 0be3 8E01     		.2byte	0x18e
 4416 0be5 09       		.uleb128 0x9
 4417 0be6 DC280000 		.4byte	.LASF403
 4418 0bea 8F01     		.2byte	0x18f
 4419 0bec 09       		.uleb128 0x9
 4420 0bed B9400000 		.4byte	.LASF404
 4421 0bf1 9001     		.2byte	0x190
 4422 0bf3 09       		.uleb128 0x9
 4423 0bf4 91340000 		.4byte	.LASF405
 4424 0bf8 9101     		.2byte	0x191
 4425 0bfa 09       		.uleb128 0x9
 4426 0bfb 9B2B0000 		.4byte	.LASF406
 4427 0bff 9201     		.2byte	0x192
 4428 0c01 09       		.uleb128 0x9
 4429 0c02 3D370000 		.4byte	.LASF407
 4430 0c06 9301     		.2byte	0x193
 4431 0c08 09       		.uleb128 0x9
 4432 0c09 691E0000 		.4byte	.LASF408
 4433 0c0d 9401     		.2byte	0x194
 4434 0c0f 09       		.uleb128 0x9
 4435 0c10 7D070000 		.4byte	.LASF409
 4436 0c14 9501     		.2byte	0x195
 4437 0c16 09       		.uleb128 0x9
 4438 0c17 7E460000 		.4byte	.LASF410
 4439 0c1b 9601     		.2byte	0x196
 4440 0c1d 09       		.uleb128 0x9
 4441 0c1e D7470000 		.4byte	.LASF411
 4442 0c22 9701     		.2byte	0x197
 4443 0c24 09       		.uleb128 0x9
 4444 0c25 75240000 		.4byte	.LASF412
 4445 0c29 9801     		.2byte	0x198
 4446 0c2b 09       		.uleb128 0x9
 4447 0c2c EC380000 		.4byte	.LASF413
 4448 0c30 9901     		.2byte	0x199
 4449 0c32 09       		.uleb128 0x9
 4450 0c33 5A220000 		.4byte	.LASF414
 4451 0c37 9A01     		.2byte	0x19a
ARM GAS  C:\Users\Lenovo\AppData\Local\Temp\ccTXWGea.s 			page 106


 4452 0c39 09       		.uleb128 0x9
 4453 0c3a 822A0000 		.4byte	.LASF415
 4454 0c3e 9B01     		.2byte	0x19b
 4455 0c40 09       		.uleb128 0x9
 4456 0c41 16310000 		.4byte	.LASF416
 4457 0c45 9C01     		.2byte	0x19c
 4458 0c47 09       		.uleb128 0x9
 4459 0c48 4C480000 		.4byte	.LASF417
 4460 0c4c 9D01     		.2byte	0x19d
 4461 0c4e 09       		.uleb128 0x9
 4462 0c4f 32280000 		.4byte	.LASF418
 4463 0c53 9E01     		.2byte	0x19e
 4464 0c55 09       		.uleb128 0x9
 4465 0c56 58130000 		.4byte	.LASF419
 4466 0c5a 9F01     		.2byte	0x19f
 4467 0c5c 09       		.uleb128 0x9
 4468 0c5d 55110000 		.4byte	.LASF420
 4469 0c61 A001     		.2byte	0x1a0
 4470 0c63 09       		.uleb128 0x9
 4471 0c64 03010000 		.4byte	.LASF421
 4472 0c68 A101     		.2byte	0x1a1
 4473 0c6a 09       		.uleb128 0x9
 4474 0c6b 00000000 		.4byte	.LASF422
 4475 0c6f A201     		.2byte	0x1a2
 4476 0c71 09       		.uleb128 0x9
 4477 0c72 98480000 		.4byte	.LASF423
 4478 0c76 A301     		.2byte	0x1a3
 4479 0c78 09       		.uleb128 0x9
 4480 0c79 ED310000 		.4byte	.LASF424
 4481 0c7d A401     		.2byte	0x1a4
 4482 0c7f 09       		.uleb128 0x9
 4483 0c80 67440000 		.4byte	.LASF425
 4484 0c84 A501     		.2byte	0x1a5
 4485 0c86 09       		.uleb128 0x9
 4486 0c87 31250000 		.4byte	.LASF426
 4487 0c8b A601     		.2byte	0x1a6
 4488 0c8d 09       		.uleb128 0x9
 4489 0c8e 100A0000 		.4byte	.LASF427
 4490 0c92 A701     		.2byte	0x1a7
 4491 0c94 09       		.uleb128 0x9
 4492 0c95 8D1F0000 		.4byte	.LASF428
 4493 0c99 A801     		.2byte	0x1a8
 4494 0c9b 09       		.uleb128 0x9
 4495 0c9c F21E0000 		.4byte	.LASF429
 4496 0ca0 A901     		.2byte	0x1a9
 4497 0ca2 09       		.uleb128 0x9
 4498 0ca3 29230000 		.4byte	.LASF430
 4499 0ca7 AA01     		.2byte	0x1aa
 4500 0ca9 09       		.uleb128 0x9
 4501 0caa 5F350000 		.4byte	.LASF431
 4502 0cae AB01     		.2byte	0x1ab
 4503 0cb0 09       		.uleb128 0x9
 4504 0cb1 F02C0000 		.4byte	.LASF432
 4505 0cb5 AC01     		.2byte	0x1ac
 4506 0cb7 09       		.uleb128 0x9
 4507 0cb8 95180000 		.4byte	.LASF433
 4508 0cbc AD01     		.2byte	0x1ad
ARM GAS  C:\Users\Lenovo\AppData\Local\Temp\ccTXWGea.s 			page 107


 4509 0cbe 09       		.uleb128 0x9
 4510 0cbf 08400000 		.4byte	.LASF434
 4511 0cc3 AE01     		.2byte	0x1ae
 4512 0cc5 09       		.uleb128 0x9
 4513 0cc6 374C0000 		.4byte	.LASF435
 4514 0cca AF01     		.2byte	0x1af
 4515 0ccc 09       		.uleb128 0x9
 4516 0ccd A5020000 		.4byte	.LASF436
 4517 0cd1 B001     		.2byte	0x1b0
 4518 0cd3 09       		.uleb128 0x9
 4519 0cd4 77220000 		.4byte	.LASF437
 4520 0cd8 B101     		.2byte	0x1b1
 4521 0cda 09       		.uleb128 0x9
 4522 0cdb 124C0000 		.4byte	.LASF438
 4523 0cdf B201     		.2byte	0x1b2
 4524 0ce1 09       		.uleb128 0x9
 4525 0ce2 AE070000 		.4byte	.LASF439
 4526 0ce6 B301     		.2byte	0x1b3
 4527 0ce8 09       		.uleb128 0x9
 4528 0ce9 D2220000 		.4byte	.LASF440
 4529 0ced B401     		.2byte	0x1b4
 4530 0cef 09       		.uleb128 0x9
 4531 0cf0 2B200000 		.4byte	.LASF441
 4532 0cf4 B501     		.2byte	0x1b5
 4533 0cf6 09       		.uleb128 0x9
 4534 0cf7 04080000 		.4byte	.LASF442
 4535 0cfb B601     		.2byte	0x1b6
 4536 0cfd 09       		.uleb128 0x9
 4537 0cfe 61070000 		.4byte	.LASF443
 4538 0d02 B701     		.2byte	0x1b7
 4539 0d04 09       		.uleb128 0x9
 4540 0d05 E7160000 		.4byte	.LASF444
 4541 0d09 B801     		.2byte	0x1b8
 4542 0d0b 09       		.uleb128 0x9
 4543 0d0c 0B390000 		.4byte	.LASF445
 4544 0d10 B901     		.2byte	0x1b9
 4545 0d12 09       		.uleb128 0x9
 4546 0d13 D31A0000 		.4byte	.LASF446
 4547 0d17 BA01     		.2byte	0x1ba
 4548 0d19 09       		.uleb128 0x9
 4549 0d1a A5260000 		.4byte	.LASF447
 4550 0d1e BB01     		.2byte	0x1bb
 4551 0d20 09       		.uleb128 0x9
 4552 0d21 FA250000 		.4byte	.LASF448
 4553 0d25 BC01     		.2byte	0x1bc
 4554 0d27 09       		.uleb128 0x9
 4555 0d28 9B220000 		.4byte	.LASF449
 4556 0d2c BD01     		.2byte	0x1bd
 4557 0d2e 09       		.uleb128 0x9
 4558 0d2f 46380000 		.4byte	.LASF450
 4559 0d33 BE01     		.2byte	0x1be
 4560 0d35 09       		.uleb128 0x9
 4561 0d36 7F300000 		.4byte	.LASF451
 4562 0d3a BF01     		.2byte	0x1bf
 4563 0d3c 09       		.uleb128 0x9
 4564 0d3d 851B0000 		.4byte	.LASF452
 4565 0d41 C001     		.2byte	0x1c0
ARM GAS  C:\Users\Lenovo\AppData\Local\Temp\ccTXWGea.s 			page 108


 4566 0d43 09       		.uleb128 0x9
 4567 0d44 97030000 		.4byte	.LASF453
 4568 0d48 C101     		.2byte	0x1c1
 4569 0d4a 09       		.uleb128 0x9
 4570 0d4b 380E0000 		.4byte	.LASF454
 4571 0d4f C201     		.2byte	0x1c2
 4572 0d51 09       		.uleb128 0x9
 4573 0d52 27010000 		.4byte	.LASF455
 4574 0d56 C301     		.2byte	0x1c3
 4575 0d58 09       		.uleb128 0x9
 4576 0d59 A2230000 		.4byte	.LASF456
 4577 0d5d C401     		.2byte	0x1c4
 4578 0d5f 09       		.uleb128 0x9
 4579 0d60 69040000 		.4byte	.LASF457
 4580 0d64 C501     		.2byte	0x1c5
 4581 0d66 09       		.uleb128 0x9
 4582 0d67 4B040000 		.4byte	.LASF458
 4583 0d6b C601     		.2byte	0x1c6
 4584 0d6d 09       		.uleb128 0x9
 4585 0d6e 0F250000 		.4byte	.LASF459
 4586 0d72 C701     		.2byte	0x1c7
 4587 0d74 09       		.uleb128 0x9
 4588 0d75 B2480000 		.4byte	.LASF460
 4589 0d79 C801     		.2byte	0x1c8
 4590 0d7b 09       		.uleb128 0x9
 4591 0d7c 55120000 		.4byte	.LASF461
 4592 0d80 C901     		.2byte	0x1c9
 4593 0d82 09       		.uleb128 0x9
 4594 0d83 683D0000 		.4byte	.LASF462
 4595 0d87 CA01     		.2byte	0x1ca
 4596 0d89 09       		.uleb128 0x9
 4597 0d8a B82E0000 		.4byte	.LASF463
 4598 0d8e CB01     		.2byte	0x1cb
 4599 0d90 09       		.uleb128 0x9
 4600 0d91 AD0A0000 		.4byte	.LASF464
 4601 0d95 CC01     		.2byte	0x1cc
 4602 0d97 09       		.uleb128 0x9
 4603 0d98 192B0000 		.4byte	.LASF465
 4604 0d9c CD01     		.2byte	0x1cd
 4605 0d9e 09       		.uleb128 0x9
 4606 0d9f 8B280000 		.4byte	.LASF466
 4607 0da3 CE01     		.2byte	0x1ce
 4608 0da5 09       		.uleb128 0x9
 4609 0da6 F40C0000 		.4byte	.LASF467
 4610 0daa CF01     		.2byte	0x1cf
 4611 0dac 09       		.uleb128 0x9
 4612 0dad FA2B0000 		.4byte	.LASF468
 4613 0db1 D001     		.2byte	0x1d0
 4614 0db3 09       		.uleb128 0x9
 4615 0db4 AD420000 		.4byte	.LASF469
 4616 0db8 D101     		.2byte	0x1d1
 4617 0dba 09       		.uleb128 0x9
 4618 0dbb B8350000 		.4byte	.LASF470
 4619 0dbf D201     		.2byte	0x1d2
 4620 0dc1 09       		.uleb128 0x9
 4621 0dc2 65150000 		.4byte	.LASF471
 4622 0dc6 D301     		.2byte	0x1d3
ARM GAS  C:\Users\Lenovo\AppData\Local\Temp\ccTXWGea.s 			page 109


 4623 0dc8 09       		.uleb128 0x9
 4624 0dc9 760B0000 		.4byte	.LASF472
 4625 0dcd D401     		.2byte	0x1d4
 4626 0dcf 09       		.uleb128 0x9
 4627 0dd0 000F0000 		.4byte	.LASF473
 4628 0dd4 D501     		.2byte	0x1d5
 4629 0dd6 09       		.uleb128 0x9
 4630 0dd7 88000000 		.4byte	.LASF474
 4631 0ddb D601     		.2byte	0x1d6
 4632 0ddd 09       		.uleb128 0x9
 4633 0dde 0D240000 		.4byte	.LASF475
 4634 0de2 D701     		.2byte	0x1d7
 4635 0de4 09       		.uleb128 0x9
 4636 0de5 56310000 		.4byte	.LASF476
 4637 0de9 D801     		.2byte	0x1d8
 4638 0deb 09       		.uleb128 0x9
 4639 0dec 16340000 		.4byte	.LASF477
 4640 0df0 D901     		.2byte	0x1d9
 4641 0df2 09       		.uleb128 0x9
 4642 0df3 9C010000 		.4byte	.LASF478
 4643 0df7 DA01     		.2byte	0x1da
 4644 0df9 09       		.uleb128 0x9
 4645 0dfa B3340000 		.4byte	.LASF479
 4646 0dfe DB01     		.2byte	0x1db
 4647 0e00 09       		.uleb128 0x9
 4648 0e01 510B0000 		.4byte	.LASF480
 4649 0e05 DC01     		.2byte	0x1dc
 4650 0e07 09       		.uleb128 0x9
 4651 0e08 0D300000 		.4byte	.LASF481
 4652 0e0c DD01     		.2byte	0x1dd
 4653 0e0e 09       		.uleb128 0x9
 4654 0e0f 8D0C0000 		.4byte	.LASF482
 4655 0e13 DE01     		.2byte	0x1de
 4656 0e15 09       		.uleb128 0x9
 4657 0e16 6C2E0000 		.4byte	.LASF483
 4658 0e1a DF01     		.2byte	0x1df
 4659 0e1c 09       		.uleb128 0x9
 4660 0e1d 693F0000 		.4byte	.LASF484
 4661 0e21 E001     		.2byte	0x1e0
 4662 0e23 09       		.uleb128 0x9
 4663 0e24 EE210000 		.4byte	.LASF485
 4664 0e28 E101     		.2byte	0x1e1
 4665 0e2a 09       		.uleb128 0x9
 4666 0e2b 98110000 		.4byte	.LASF486
 4667 0e2f E201     		.2byte	0x1e2
 4668 0e31 09       		.uleb128 0x9
 4669 0e32 F8410000 		.4byte	.LASF487
 4670 0e36 E301     		.2byte	0x1e3
 4671 0e38 09       		.uleb128 0x9
 4672 0e39 9A140000 		.4byte	.LASF488
 4673 0e3d E401     		.2byte	0x1e4
 4674 0e3f 09       		.uleb128 0x9
 4675 0e40 9A250000 		.4byte	.LASF489
 4676 0e44 E501     		.2byte	0x1e5
 4677 0e46 09       		.uleb128 0x9
 4678 0e47 6F1A0000 		.4byte	.LASF490
 4679 0e4b E601     		.2byte	0x1e6
ARM GAS  C:\Users\Lenovo\AppData\Local\Temp\ccTXWGea.s 			page 110


 4680 0e4d 09       		.uleb128 0x9
 4681 0e4e 1B480000 		.4byte	.LASF491
 4682 0e52 E701     		.2byte	0x1e7
 4683 0e54 09       		.uleb128 0x9
 4684 0e55 84170000 		.4byte	.LASF492
 4685 0e59 E801     		.2byte	0x1e8
 4686 0e5b 09       		.uleb128 0x9
 4687 0e5c B6160000 		.4byte	.LASF493
 4688 0e60 E901     		.2byte	0x1e9
 4689 0e62 09       		.uleb128 0x9
 4690 0e63 4B360000 		.4byte	.LASF494
 4691 0e67 EA01     		.2byte	0x1ea
 4692 0e69 09       		.uleb128 0x9
 4693 0e6a 8C3F0000 		.4byte	.LASF495
 4694 0e6e EB01     		.2byte	0x1eb
 4695 0e70 09       		.uleb128 0x9
 4696 0e71 C83A0000 		.4byte	.LASF496
 4697 0e75 EC01     		.2byte	0x1ec
 4698 0e77 09       		.uleb128 0x9
 4699 0e78 5E3C0000 		.4byte	.LASF497
 4700 0e7c ED01     		.2byte	0x1ed
 4701 0e7e 09       		.uleb128 0x9
 4702 0e7f 2A270000 		.4byte	.LASF498
 4703 0e83 EE01     		.2byte	0x1ee
 4704 0e85 09       		.uleb128 0x9
 4705 0e86 FB330000 		.4byte	.LASF499
 4706 0e8a EF01     		.2byte	0x1ef
 4707 0e8c 09       		.uleb128 0x9
 4708 0e8d 9B190000 		.4byte	.LASF500
 4709 0e91 F001     		.2byte	0x1f0
 4710 0e93 09       		.uleb128 0x9
 4711 0e94 35430000 		.4byte	.LASF501
 4712 0e98 F101     		.2byte	0x1f1
 4713 0e9a 09       		.uleb128 0x9
 4714 0e9b 3B210000 		.4byte	.LASF502
 4715 0e9f F201     		.2byte	0x1f2
 4716 0ea1 09       		.uleb128 0x9
 4717 0ea2 D7340000 		.4byte	.LASF503
 4718 0ea6 F301     		.2byte	0x1f3
 4719 0ea8 09       		.uleb128 0x9
 4720 0ea9 76140000 		.4byte	.LASF504
 4721 0ead F401     		.2byte	0x1f4
 4722 0eaf 09       		.uleb128 0x9
 4723 0eb0 32420000 		.4byte	.LASF505
 4724 0eb4 F501     		.2byte	0x1f5
 4725 0eb6 09       		.uleb128 0x9
 4726 0eb7 760E0000 		.4byte	.LASF506
 4727 0ebb F601     		.2byte	0x1f6
 4728 0ebd 09       		.uleb128 0x9
 4729 0ebe 453D0000 		.4byte	.LASF507
 4730 0ec2 F701     		.2byte	0x1f7
 4731 0ec4 09       		.uleb128 0x9
 4732 0ec5 26360000 		.4byte	.LASF508
 4733 0ec9 F801     		.2byte	0x1f8
 4734 0ecb 09       		.uleb128 0x9
 4735 0ecc 2D350000 		.4byte	.LASF509
 4736 0ed0 F901     		.2byte	0x1f9
ARM GAS  C:\Users\Lenovo\AppData\Local\Temp\ccTXWGea.s 			page 111


 4737 0ed2 09       		.uleb128 0x9
 4738 0ed3 BA130000 		.4byte	.LASF510
 4739 0ed7 FA01     		.2byte	0x1fa
 4740 0ed9 09       		.uleb128 0x9
 4741 0eda 97150000 		.4byte	.LASF511
 4742 0ede FB01     		.2byte	0x1fb
 4743 0ee0 09       		.uleb128 0x9
 4744 0ee1 BF050000 		.4byte	.LASF512
 4745 0ee5 FC01     		.2byte	0x1fc
 4746 0ee7 09       		.uleb128 0x9
 4747 0ee8 B4150000 		.4byte	.LASF513
 4748 0eec FD01     		.2byte	0x1fd
 4749 0eee 09       		.uleb128 0x9
 4750 0eef E9460000 		.4byte	.LASF514
 4751 0ef3 FE01     		.2byte	0x1fe
 4752 0ef5 09       		.uleb128 0x9
 4753 0ef6 FD050000 		.4byte	.LASF515
 4754 0efa FF01     		.2byte	0x1ff
 4755 0efc 09       		.uleb128 0x9
 4756 0efd 33340000 		.4byte	.LASF516
 4757 0f01 0002     		.2byte	0x200
 4758 0f03 09       		.uleb128 0x9
 4759 0f04 554A0000 		.4byte	.LASF517
 4760 0f08 0102     		.2byte	0x201
 4761 0f0a 09       		.uleb128 0x9
 4762 0f0b 82020000 		.4byte	.LASF518
 4763 0f0f 0202     		.2byte	0x202
 4764 0f11 09       		.uleb128 0x9
 4765 0f12 1E080000 		.4byte	.LASF519
 4766 0f16 0302     		.2byte	0x203
 4767 0f18 09       		.uleb128 0x9
 4768 0f19 13170000 		.4byte	.LASF520
 4769 0f1d 0402     		.2byte	0x204
 4770 0f1f 09       		.uleb128 0x9
 4771 0f20 F3300000 		.4byte	.LASF521
 4772 0f24 0502     		.2byte	0x205
 4773 0f26 09       		.uleb128 0x9
 4774 0f27 B01B0000 		.4byte	.LASF522
 4775 0f2b 0602     		.2byte	0x206
 4776 0f2d 09       		.uleb128 0x9
 4777 0f2e 95400000 		.4byte	.LASF523
 4778 0f32 0702     		.2byte	0x207
 4779 0f34 09       		.uleb128 0x9
 4780 0f35 68090000 		.4byte	.LASF524
 4781 0f39 0802     		.2byte	0x208
 4782 0f3b 09       		.uleb128 0x9
 4783 0f3c 3C3A0000 		.4byte	.LASF525
 4784 0f40 0902     		.2byte	0x209
 4785 0f42 09       		.uleb128 0x9
 4786 0f43 931A0000 		.4byte	.LASF526
 4787 0f47 0A02     		.2byte	0x20a
 4788 0f49 09       		.uleb128 0x9
 4789 0f4a 43160000 		.4byte	.LASF527
 4790 0f4e 0B02     		.2byte	0x20b
 4791 0f50 09       		.uleb128 0x9
 4792 0f51 BD4B0000 		.4byte	.LASF528
 4793 0f55 0C02     		.2byte	0x20c
ARM GAS  C:\Users\Lenovo\AppData\Local\Temp\ccTXWGea.s 			page 112


 4794 0f57 09       		.uleb128 0x9
 4795 0f58 E44A0000 		.4byte	.LASF529
 4796 0f5c 0D02     		.2byte	0x20d
 4797 0f5e 09       		.uleb128 0x9
 4798 0f5f DC290000 		.4byte	.LASF530
 4799 0f63 0E02     		.2byte	0x20e
 4800 0f65 09       		.uleb128 0x9
 4801 0f66 4F340000 		.4byte	.LASF531
 4802 0f6a 0F02     		.2byte	0x20f
 4803 0f6c 09       		.uleb128 0x9
 4804 0f6d 69200000 		.4byte	.LASF532
 4805 0f71 1002     		.2byte	0x210
 4806 0f73 09       		.uleb128 0x9
 4807 0f74 33260000 		.4byte	.LASF533
 4808 0f78 1102     		.2byte	0x211
 4809 0f7a 09       		.uleb128 0x9
 4810 0f7b 40150000 		.4byte	.LASF534
 4811 0f7f 1202     		.2byte	0x212
 4812 0f81 09       		.uleb128 0x9
 4813 0f82 CE0C0000 		.4byte	.LASF535
 4814 0f86 1302     		.2byte	0x213
 4815 0f88 09       		.uleb128 0x9
 4816 0f89 BD250000 		.4byte	.LASF536
 4817 0f8d 1402     		.2byte	0x214
 4818 0f8f 09       		.uleb128 0x9
 4819 0f90 DB430000 		.4byte	.LASF537
 4820 0f94 1502     		.2byte	0x215
 4821 0f96 09       		.uleb128 0x9
 4822 0f97 8B3D0000 		.4byte	.LASF538
 4823 0f9b 1602     		.2byte	0x216
 4824 0f9d 09       		.uleb128 0x9
 4825 0f9e A4320000 		.4byte	.LASF539
 4826 0fa2 1702     		.2byte	0x217
 4827 0fa4 09       		.uleb128 0x9
 4828 0fa5 19440000 		.4byte	.LASF540
 4829 0fa9 1802     		.2byte	0x218
 4830 0fab 09       		.uleb128 0x9
 4831 0fac 5B180000 		.4byte	.LASF541
 4832 0fb0 1902     		.2byte	0x219
 4833 0fb2 09       		.uleb128 0x9
 4834 0fb3 C1390000 		.4byte	.LASF542
 4835 0fb7 1A02     		.2byte	0x21a
 4836 0fb9 09       		.uleb128 0x9
 4837 0fba 63080000 		.4byte	.LASF543
 4838 0fbe 1B02     		.2byte	0x21b
 4839 0fc0 09       		.uleb128 0x9
 4840 0fc1 F7470000 		.4byte	.LASF544
 4841 0fc5 1C02     		.2byte	0x21c
 4842 0fc7 09       		.uleb128 0x9
 4843 0fc8 10430000 		.4byte	.LASF545
 4844 0fcc 1D02     		.2byte	0x21d
 4845 0fce 09       		.uleb128 0x9
 4846 0fcf C7360000 		.4byte	.LASF546
 4847 0fd3 1E02     		.2byte	0x21e
 4848 0fd5 09       		.uleb128 0x9
 4849 0fd6 8D200000 		.4byte	.LASF547
 4850 0fda 1F02     		.2byte	0x21f
ARM GAS  C:\Users\Lenovo\AppData\Local\Temp\ccTXWGea.s 			page 113


 4851 0fdc 09       		.uleb128 0x9
 4852 0fdd D41B0000 		.4byte	.LASF548
 4853 0fe1 2002     		.2byte	0x220
 4854 0fe3 09       		.uleb128 0x9
 4855 0fe4 B22C0000 		.4byte	.LASF549
 4856 0fe8 2102     		.2byte	0x221
 4857 0fea 09       		.uleb128 0x9
 4858 0feb CB310000 		.4byte	.LASF550
 4859 0fef 2202     		.2byte	0x222
 4860 0ff1 09       		.uleb128 0x9
 4861 0ff2 CD240000 		.4byte	.LASF551
 4862 0ff6 2302     		.2byte	0x223
 4863 0ff8 09       		.uleb128 0x9
 4864 0ff9 B7200000 		.4byte	.LASF552
 4865 0ffd 2402     		.2byte	0x224
 4866 0fff 09       		.uleb128 0x9
 4867 1000 C30D0000 		.4byte	.LASF553
 4868 1004 00E0     		.2byte	0xe000
 4869 1006 00       		.byte	0
 4870 1007 07       		.uleb128 0x7
 4871 1008 01       		.byte	0x1
 4872 1009 2C000000 		.4byte	0x2c
 4873 100d 0A       		.byte	0xa
 4874 100e 5A08     		.2byte	0x85a
 4875 1010 33100000 		.4byte	0x1033
 4876 1014 08       		.uleb128 0x8
 4877 1015 F81B0000 		.4byte	.LASF554
 4878 1019 00       		.byte	0
 4879 101a 08       		.uleb128 0x8
 4880 101b 50430000 		.4byte	.LASF555
 4881 101f 01       		.byte	0x1
 4882 1020 08       		.uleb128 0x8
 4883 1021 5A140000 		.4byte	.LASF556
 4884 1025 02       		.byte	0x2
 4885 1026 08       		.uleb128 0x8
 4886 1027 E4020000 		.4byte	.LASF557
 4887 102b 03       		.byte	0x3
 4888 102c 08       		.uleb128 0x8
 4889 102d 22210000 		.4byte	.LASF558
 4890 1031 04       		.byte	0x4
 4891 1032 00       		.byte	0
 4892 1033 04       		.uleb128 0x4
 4893 1034 01250000 		.4byte	.LASF559
 4894 1038 0A       		.byte	0xa
 4895 1039 6808     		.2byte	0x868
 4896 103b 07100000 		.4byte	0x1007
 4897 103f 0A       		.uleb128 0xa
 4898 1040 01       		.byte	0x1
 4899 1041 2C000000 		.4byte	0x2c
 4900 1045 0B       		.byte	0xb
 4901 1046 1D       		.byte	0x1d
 4902 1047 70100000 		.4byte	0x1070
 4903 104b 08       		.uleb128 0x8
 4904 104c 3E0D0000 		.4byte	.LASF560
 4905 1050 00       		.byte	0
 4906 1051 08       		.uleb128 0x8
 4907 1052 93290000 		.4byte	.LASF561
ARM GAS  C:\Users\Lenovo\AppData\Local\Temp\ccTXWGea.s 			page 114


 4908 1056 01       		.byte	0x1
 4909 1057 08       		.uleb128 0x8
 4910 1058 52400000 		.4byte	.LASF562
 4911 105c 02       		.byte	0x2
 4912 105d 08       		.uleb128 0x8
 4913 105e 072E0000 		.4byte	.LASF563
 4914 1062 03       		.byte	0x3
 4915 1063 08       		.uleb128 0x8
 4916 1064 F9400000 		.4byte	.LASF564
 4917 1068 04       		.byte	0x4
 4918 1069 08       		.uleb128 0x8
 4919 106a 650D0000 		.4byte	.LASF565
 4920 106e 05       		.byte	0x5
 4921 106f 00       		.byte	0
 4922 1070 0B       		.uleb128 0xb
 4923 1071 051E0000 		.4byte	.LASF566
 4924 1075 0B       		.byte	0xb
 4925 1076 24       		.byte	0x24
 4926 1077 3F100000 		.4byte	0x103f
 4927 107b 10       		.uleb128 0x10
 4928 107c 350C0000 		.4byte	.LASF570
 4929 1080 01       		.byte	0x1
 4930 1081 4E       		.byte	0x4e
 4931 1082 00000000 		.4byte	.LFB36
 4932 1086 1C050000 		.4byte	.LFE36-.LFB36
 4933 108a 01       		.uleb128 0x1
 4934 108b 9C       		.byte	0x9c
 4935 108c E4160000 		.4byte	0x16e4
 4936 1090 11       		.uleb128 0x11
 4937 1091 74000000 		.4byte	.LASF567
 4938 1095 01       		.byte	0x1
 4939 1096 4E       		.byte	0x4e
 4940 1097 83000000 		.4byte	0x83
 4941 109b 00000000 		.4byte	.LLST0
 4942 109f 11       		.uleb128 0x11
 4943 10a0 3E320000 		.4byte	.LASF568
 4944 10a4 01       		.byte	0x1
 4945 10a5 4E       		.byte	0x4e
 4946 10a6 D9000000 		.4byte	0xd9
 4947 10aa 4C030000 		.4byte	.LLST1
 4948 10ae 12       		.uleb128 0x12
 4949 10af 1E350000 		.4byte	.LASF569
 4950 10b3 01       		.byte	0x1
 4951 10b4 50       		.byte	0x50
 4952 10b5 E4160000 		.4byte	0x16e4
 4953 10b9 51060000 		.4byte	.LLST2
 4954 10bd 13       		.uleb128 0x13
 4955 10be E8030000 		.4byte	.LBB2
 4956 10c2 12000000 		.4byte	.LBE2-.LBB2
 4957 10c6 01110000 		.4byte	0x1101
 4958 10ca 14       		.uleb128 0x14
 4959 10cb 6D747500 		.ascii	"mtu\000"
 4960 10cf 01       		.byte	0x1
 4961 10d0 6401     		.2byte	0x164
 4962 10d2 77000000 		.4byte	0x77
 4963 10d6 02       		.uleb128 0x2
 4964 10d7 91       		.byte	0x91
ARM GAS  C:\Users\Lenovo\AppData\Local\Temp\ccTXWGea.s 			page 115


 4965 10d8 6E       		.sleb128 -18
 4966 10d9 15       		.uleb128 0x15
 4967 10da F2030000 		.4byte	.LVL144
 4968 10de B8220000 		.4byte	0x22b8
 4969 10e2 ED100000 		.4byte	0x10ed
 4970 10e6 16       		.uleb128 0x16
 4971 10e7 01       		.uleb128 0x1
 4972 10e8 50       		.byte	0x50
 4973 10e9 02       		.uleb128 0x2
 4974 10ea 74       		.byte	0x74
 4975 10eb 00       		.sleb128 0
 4976 10ec 00       		.byte	0
 4977 10ed 17       		.uleb128 0x17
 4978 10ee FA030000 		.4byte	.LVL145
 4979 10f2 C4220000 		.4byte	0x22c4
 4980 10f6 16       		.uleb128 0x16
 4981 10f7 01       		.uleb128 0x1
 4982 10f8 50       		.byte	0x50
 4983 10f9 05       		.uleb128 0x5
 4984 10fa 03       		.byte	0x3
 4985 10fb 50060000 		.4byte	.LC112
 4986 10ff 00       		.byte	0
 4987 1100 00       		.byte	0
 4988 1101 15       		.uleb128 0x15
 4989 1102 EC000000 		.4byte	.LVL2
 4990 1106 CF220000 		.4byte	0x22cf
 4991 110a 18110000 		.4byte	0x1118
 4992 110e 16       		.uleb128 0x16
 4993 110f 01       		.uleb128 0x1
 4994 1110 50       		.byte	0x50
 4995 1111 05       		.uleb128 0x5
 4996 1112 03       		.byte	0x3
 4997 1113 18000000 		.4byte	.LC4
 4998 1117 00       		.byte	0
 4999 1118 18       		.uleb128 0x18
 5000 1119 F0000000 		.4byte	.LVL3
 5001 111d DE220000 		.4byte	0x22de
 5002 1121 15       		.uleb128 0x15
 5003 1122 F8000000 		.4byte	.LVL6
 5004 1126 CF220000 		.4byte	0x22cf
 5005 112a 38110000 		.4byte	0x1138
 5006 112e 16       		.uleb128 0x16
 5007 112f 01       		.uleb128 0x1
 5008 1130 50       		.byte	0x50
 5009 1131 05       		.uleb128 0x5
 5010 1132 03       		.byte	0x3
 5011 1133 28000000 		.4byte	.LC6
 5012 1137 00       		.byte	0
 5013 1138 15       		.uleb128 0x15
 5014 1139 00010000 		.4byte	.LVL9
 5015 113d C4220000 		.4byte	0x22c4
 5016 1141 4F110000 		.4byte	0x114f
 5017 1145 16       		.uleb128 0x16
 5018 1146 01       		.uleb128 0x1
 5019 1147 50       		.byte	0x50
 5020 1148 05       		.uleb128 0x5
 5021 1149 03       		.byte	0x3
ARM GAS  C:\Users\Lenovo\AppData\Local\Temp\ccTXWGea.s 			page 116


 5022 114a 40000000 		.4byte	.LC8
 5023 114e 00       		.byte	0
 5024 114f 15       		.uleb128 0x15
 5025 1150 1E010000 		.4byte	.LVL10
 5026 1154 C4220000 		.4byte	0x22c4
 5027 1158 66110000 		.4byte	0x1166
 5028 115c 16       		.uleb128 0x16
 5029 115d 01       		.uleb128 0x1
 5030 115e 50       		.byte	0x50
 5031 115f 05       		.uleb128 0x5
 5032 1160 03       		.byte	0x3
 5033 1161 54000000 		.4byte	.LC10
 5034 1165 00       		.byte	0
 5035 1166 15       		.uleb128 0x15
 5036 1167 26010000 		.4byte	.LVL11
 5037 116b C4220000 		.4byte	0x22c4
 5038 116f 7D110000 		.4byte	0x117d
 5039 1173 16       		.uleb128 0x16
 5040 1174 01       		.uleb128 0x1
 5041 1175 50       		.byte	0x50
 5042 1176 05       		.uleb128 0x5
 5043 1177 03       		.byte	0x3
 5044 1178 6C000000 		.4byte	.LC12
 5045 117c 00       		.byte	0
 5046 117d 15       		.uleb128 0x15
 5047 117e 2E010000 		.4byte	.LVL12
 5048 1182 C4220000 		.4byte	0x22c4
 5049 1186 94110000 		.4byte	0x1194
 5050 118a 16       		.uleb128 0x16
 5051 118b 01       		.uleb128 0x1
 5052 118c 50       		.byte	0x50
 5053 118d 05       		.uleb128 0x5
 5054 118e 03       		.byte	0x3
 5055 118f 80000000 		.4byte	.LC14
 5056 1193 00       		.byte	0
 5057 1194 15       		.uleb128 0x15
 5058 1195 36010000 		.4byte	.LVL13
 5059 1199 C4220000 		.4byte	0x22c4
 5060 119d AB110000 		.4byte	0x11ab
 5061 11a1 16       		.uleb128 0x16
 5062 11a2 01       		.uleb128 0x1
 5063 11a3 50       		.byte	0x50
 5064 11a4 05       		.uleb128 0x5
 5065 11a5 03       		.byte	0x3
 5066 11a6 94000000 		.4byte	.LC16
 5067 11aa 00       		.byte	0
 5068 11ab 15       		.uleb128 0x15
 5069 11ac 3E010000 		.4byte	.LVL14
 5070 11b0 C4220000 		.4byte	0x22c4
 5071 11b4 C2110000 		.4byte	0x11c2
 5072 11b8 16       		.uleb128 0x16
 5073 11b9 01       		.uleb128 0x1
 5074 11ba 50       		.byte	0x50
 5075 11bb 05       		.uleb128 0x5
 5076 11bc 03       		.byte	0x3
 5077 11bd A8000000 		.4byte	.LC18
 5078 11c1 00       		.byte	0
ARM GAS  C:\Users\Lenovo\AppData\Local\Temp\ccTXWGea.s 			page 117


 5079 11c2 15       		.uleb128 0x15
 5080 11c3 44010000 		.4byte	.LVL15
 5081 11c7 CF220000 		.4byte	0x22cf
 5082 11cb D9110000 		.4byte	0x11d9
 5083 11cf 16       		.uleb128 0x16
 5084 11d0 01       		.uleb128 0x1
 5085 11d1 50       		.byte	0x50
 5086 11d2 05       		.uleb128 0x5
 5087 11d3 03       		.byte	0x3
 5088 11d4 AC000000 		.4byte	.LC20
 5089 11d8 00       		.byte	0
 5090 11d9 15       		.uleb128 0x15
 5091 11da 4C010000 		.4byte	.LVL18
 5092 11de CF220000 		.4byte	0x22cf
 5093 11e2 F0110000 		.4byte	0x11f0
 5094 11e6 16       		.uleb128 0x16
 5095 11e7 01       		.uleb128 0x1
 5096 11e8 50       		.byte	0x50
 5097 11e9 05       		.uleb128 0x5
 5098 11ea 03       		.byte	0x3
 5099 11eb B0000000 		.4byte	.LC22
 5100 11ef 00       		.byte	0
 5101 11f0 15       		.uleb128 0x15
 5102 11f1 54010000 		.4byte	.LVL21
 5103 11f5 CF220000 		.4byte	0x22cf
 5104 11f9 07120000 		.4byte	0x1207
 5105 11fd 16       		.uleb128 0x16
 5106 11fe 01       		.uleb128 0x1
 5107 11ff 50       		.byte	0x50
 5108 1200 05       		.uleb128 0x5
 5109 1201 03       		.byte	0x3
 5110 1202 C8000000 		.4byte	.LC24
 5111 1206 00       		.byte	0
 5112 1207 15       		.uleb128 0x15
 5113 1208 5C010000 		.4byte	.LVL24
 5114 120c CF220000 		.4byte	0x22cf
 5115 1210 1E120000 		.4byte	0x121e
 5116 1214 16       		.uleb128 0x16
 5117 1215 01       		.uleb128 0x1
 5118 1216 50       		.byte	0x50
 5119 1217 05       		.uleb128 0x5
 5120 1218 03       		.byte	0x3
 5121 1219 DC000000 		.4byte	.LC26
 5122 121d 00       		.byte	0
 5123 121e 15       		.uleb128 0x15
 5124 121f 6C010000 		.4byte	.LVL25
 5125 1223 CF220000 		.4byte	0x22cf
 5126 1227 35120000 		.4byte	0x1235
 5127 122b 16       		.uleb128 0x16
 5128 122c 01       		.uleb128 0x1
 5129 122d 50       		.byte	0x50
 5130 122e 05       		.uleb128 0x5
 5131 122f 03       		.byte	0x3
 5132 1230 08010000 		.4byte	.LC29
 5133 1234 00       		.byte	0
 5134 1235 15       		.uleb128 0x15
 5135 1236 72010000 		.4byte	.LVL26
ARM GAS  C:\Users\Lenovo\AppData\Local\Temp\ccTXWGea.s 			page 118


 5136 123a E9220000 		.4byte	0x22e9
 5137 123e 48120000 		.4byte	0x1248
 5138 1242 16       		.uleb128 0x16
 5139 1243 01       		.uleb128 0x1
 5140 1244 50       		.byte	0x50
 5141 1245 01       		.uleb128 0x1
 5142 1246 31       		.byte	0x31
 5143 1247 00       		.byte	0
 5144 1248 15       		.uleb128 0x15
 5145 1249 78010000 		.4byte	.LVL27
 5146 124d F4220000 		.4byte	0x22f4
 5147 1251 5B120000 		.4byte	0x125b
 5148 1255 16       		.uleb128 0x16
 5149 1256 01       		.uleb128 0x1
 5150 1257 50       		.byte	0x50
 5151 1258 01       		.uleb128 0x1
 5152 1259 31       		.byte	0x31
 5153 125a 00       		.byte	0
 5154 125b 18       		.uleb128 0x18
 5155 125c 7C010000 		.4byte	.LVL28
 5156 1260 FF220000 		.4byte	0x22ff
 5157 1264 18       		.uleb128 0x18
 5158 1265 80010000 		.4byte	.LVL29
 5159 1269 0A230000 		.4byte	0x230a
 5160 126d 18       		.uleb128 0x18
 5161 126e 84010000 		.4byte	.LVL30
 5162 1272 15230000 		.4byte	0x2315
 5163 1276 18       		.uleb128 0x18
 5164 1277 88010000 		.4byte	.LVL31
 5165 127b 20230000 		.4byte	0x2320
 5166 127f 18       		.uleb128 0x18
 5167 1280 A0010000 		.4byte	.LVL32
 5168 1284 2C230000 		.4byte	0x232c
 5169 1288 15       		.uleb128 0x15
 5170 1289 BE010000 		.4byte	.LVL38
 5171 128d C4220000 		.4byte	0x22c4
 5172 1291 9F120000 		.4byte	0x129f
 5173 1295 16       		.uleb128 0x16
 5174 1296 01       		.uleb128 0x1
 5175 1297 50       		.byte	0x50
 5176 1298 05       		.uleb128 0x5
 5177 1299 03       		.byte	0x3
 5178 129a 18010000 		.4byte	.LC31
 5179 129e 00       		.byte	0
 5180 129f 18       		.uleb128 0x18
 5181 12a0 D0010000 		.4byte	.LVL39
 5182 12a4 37230000 		.4byte	0x2337
 5183 12a8 15       		.uleb128 0x15
 5184 12a9 DE010000 		.4byte	.LVL40
 5185 12ad C4220000 		.4byte	0x22c4
 5186 12b1 BF120000 		.4byte	0x12bf
 5187 12b5 16       		.uleb128 0x16
 5188 12b6 01       		.uleb128 0x1
 5189 12b7 50       		.byte	0x50
 5190 12b8 05       		.uleb128 0x5
 5191 12b9 03       		.byte	0x3
 5192 12ba 50010000 		.4byte	.LC36
ARM GAS  C:\Users\Lenovo\AppData\Local\Temp\ccTXWGea.s 			page 119


 5193 12be 00       		.byte	0
 5194 12bf 18       		.uleb128 0x18
 5195 12c0 E2010000 		.4byte	.LVL41
 5196 12c4 43230000 		.4byte	0x2343
 5197 12c8 15       		.uleb128 0x15
 5198 12c9 F0010000 		.4byte	.LVL42
 5199 12cd E9220000 		.4byte	0x22e9
 5200 12d1 DB120000 		.4byte	0x12db
 5201 12d5 16       		.uleb128 0x16
 5202 12d6 01       		.uleb128 0x1
 5203 12d7 50       		.byte	0x50
 5204 12d8 01       		.uleb128 0x1
 5205 12d9 31       		.byte	0x31
 5206 12da 00       		.byte	0
 5207 12db 15       		.uleb128 0x15
 5208 12dc 0E020000 		.4byte	.LVL48
 5209 12e0 C4220000 		.4byte	0x22c4
 5210 12e4 F2120000 		.4byte	0x12f2
 5211 12e8 16       		.uleb128 0x16
 5212 12e9 01       		.uleb128 0x1
 5213 12ea 50       		.byte	0x50
 5214 12eb 05       		.uleb128 0x5
 5215 12ec 03       		.byte	0x3
 5216 12ed 18010000 		.4byte	.LC31
 5217 12f1 00       		.byte	0
 5218 12f2 15       		.uleb128 0x15
 5219 12f3 22020000 		.4byte	.LVL54
 5220 12f7 C4220000 		.4byte	0x22c4
 5221 12fb 09130000 		.4byte	0x1309
 5222 12ff 16       		.uleb128 0x16
 5223 1300 01       		.uleb128 0x1
 5224 1301 50       		.byte	0x50
 5225 1302 05       		.uleb128 0x5
 5226 1303 03       		.byte	0x3
 5227 1304 70010000 		.4byte	.LC39
 5228 1308 00       		.byte	0
 5229 1309 15       		.uleb128 0x15
 5230 130a 2A020000 		.4byte	.LVL57
 5231 130e CF220000 		.4byte	0x22cf
 5232 1312 20130000 		.4byte	0x1320
 5233 1316 16       		.uleb128 0x16
 5234 1317 01       		.uleb128 0x1
 5235 1318 50       		.byte	0x50
 5236 1319 05       		.uleb128 0x5
 5237 131a 03       		.byte	0x3
 5238 131b 9C010000 		.4byte	.LC41
 5239 131f 00       		.byte	0
 5240 1320 15       		.uleb128 0x15
 5241 1321 30020000 		.4byte	.LVL58
 5242 1325 CF220000 		.4byte	0x22cf
 5243 1329 37130000 		.4byte	0x1337
 5244 132d 16       		.uleb128 0x16
 5245 132e 01       		.uleb128 0x1
 5246 132f 50       		.byte	0x50
 5247 1330 05       		.uleb128 0x5
 5248 1331 03       		.byte	0x3
 5249 1332 C0010000 		.4byte	.LC43
ARM GAS  C:\Users\Lenovo\AppData\Local\Temp\ccTXWGea.s 			page 120


 5250 1336 00       		.byte	0
 5251 1337 18       		.uleb128 0x18
 5252 1338 34020000 		.4byte	.LVL59
 5253 133c DE220000 		.4byte	0x22de
 5254 1340 15       		.uleb128 0x15
 5255 1341 40020000 		.4byte	.LVL62
 5256 1345 4E230000 		.4byte	0x234e
 5257 1349 59130000 		.4byte	0x1359
 5258 134d 16       		.uleb128 0x16
 5259 134e 01       		.uleb128 0x1
 5260 134f 50       		.byte	0x50
 5261 1350 02       		.uleb128 0x2
 5262 1351 75       		.byte	0x75
 5263 1352 00       		.sleb128 0
 5264 1353 16       		.uleb128 0x16
 5265 1354 01       		.uleb128 0x1
 5266 1355 52       		.byte	0x52
 5267 1356 01       		.uleb128 0x1
 5268 1357 35       		.byte	0x35
 5269 1358 00       		.byte	0
 5270 1359 15       		.uleb128 0x15
 5271 135a 50020000 		.4byte	.LVL63
 5272 135e C4220000 		.4byte	0x22c4
 5273 1362 70130000 		.4byte	0x1370
 5274 1366 16       		.uleb128 0x16
 5275 1367 01       		.uleb128 0x1
 5276 1368 50       		.byte	0x50
 5277 1369 05       		.uleb128 0x5
 5278 136a 03       		.byte	0x3
 5279 136b D8010000 		.4byte	.LC46
 5280 136f 00       		.byte	0
 5281 1370 15       		.uleb128 0x15
 5282 1371 58020000 		.4byte	.LVL66
 5283 1375 CF220000 		.4byte	0x22cf
 5284 1379 87130000 		.4byte	0x1387
 5285 137d 16       		.uleb128 0x16
 5286 137e 01       		.uleb128 0x1
 5287 137f 50       		.byte	0x50
 5288 1380 05       		.uleb128 0x5
 5289 1381 03       		.byte	0x3
 5290 1382 18020000 		.4byte	.LC48
 5291 1386 00       		.byte	0
 5292 1387 15       		.uleb128 0x15
 5293 1388 78020000 		.4byte	.LVL70
 5294 138c C4220000 		.4byte	0x22c4
 5295 1390 9E130000 		.4byte	0x139e
 5296 1394 16       		.uleb128 0x16
 5297 1395 01       		.uleb128 0x1
 5298 1396 50       		.byte	0x50
 5299 1397 05       		.uleb128 0x5
 5300 1398 03       		.byte	0x3
 5301 1399 48020000 		.4byte	.LC53
 5302 139d 00       		.byte	0
 5303 139e 15       		.uleb128 0x15
 5304 139f 8A020000 		.4byte	.LVL73
 5305 13a3 4E230000 		.4byte	0x234e
 5306 13a7 B7130000 		.4byte	0x13b7
ARM GAS  C:\Users\Lenovo\AppData\Local\Temp\ccTXWGea.s 			page 121


 5307 13ab 16       		.uleb128 0x16
 5308 13ac 01       		.uleb128 0x1
 5309 13ad 50       		.byte	0x50
 5310 13ae 02       		.uleb128 0x2
 5311 13af 75       		.byte	0x75
 5312 13b0 00       		.sleb128 0
 5313 13b1 16       		.uleb128 0x16
 5314 13b2 01       		.uleb128 0x1
 5315 13b3 52       		.byte	0x52
 5316 13b4 01       		.uleb128 0x1
 5317 13b5 35       		.byte	0x35
 5318 13b6 00       		.byte	0
 5319 13b7 15       		.uleb128 0x15
 5320 13b8 9A020000 		.4byte	.LVL74
 5321 13bc C4220000 		.4byte	0x22c4
 5322 13c0 CE130000 		.4byte	0x13ce
 5323 13c4 16       		.uleb128 0x16
 5324 13c5 01       		.uleb128 0x1
 5325 13c6 50       		.byte	0x50
 5326 13c7 05       		.uleb128 0x5
 5327 13c8 03       		.byte	0x3
 5328 13c9 A0020000 		.4byte	.LC55
 5329 13cd 00       		.byte	0
 5330 13ce 15       		.uleb128 0x15
 5331 13cf A4020000 		.4byte	.LVL78
 5332 13d3 C4220000 		.4byte	0x22c4
 5333 13d7 E5130000 		.4byte	0x13e5
 5334 13db 16       		.uleb128 0x16
 5335 13dc 01       		.uleb128 0x1
 5336 13dd 50       		.byte	0x50
 5337 13de 05       		.uleb128 0x5
 5338 13df 03       		.byte	0x3
 5339 13e0 FC020000 		.4byte	.LC57
 5340 13e4 00       		.byte	0
 5341 13e5 15       		.uleb128 0x15
 5342 13e6 AC020000 		.4byte	.LVL81
 5343 13ea CF220000 		.4byte	0x22cf
 5344 13ee FC130000 		.4byte	0x13fc
 5345 13f2 16       		.uleb128 0x16
 5346 13f3 01       		.uleb128 0x1
 5347 13f4 50       		.byte	0x50
 5348 13f5 05       		.uleb128 0x5
 5349 13f6 03       		.byte	0x3
 5350 13f7 30030000 		.4byte	.LC59
 5351 13fb 00       		.byte	0
 5352 13fc 15       		.uleb128 0x15
 5353 13fd B8020000 		.4byte	.LVL84
 5354 1401 4E230000 		.4byte	0x234e
 5355 1405 15140000 		.4byte	0x1415
 5356 1409 16       		.uleb128 0x16
 5357 140a 01       		.uleb128 0x1
 5358 140b 50       		.byte	0x50
 5359 140c 02       		.uleb128 0x2
 5360 140d 75       		.byte	0x75
 5361 140e 00       		.sleb128 0
 5362 140f 16       		.uleb128 0x16
 5363 1410 01       		.uleb128 0x1
ARM GAS  C:\Users\Lenovo\AppData\Local\Temp\ccTXWGea.s 			page 122


 5364 1411 52       		.byte	0x52
 5365 1412 01       		.uleb128 0x1
 5366 1413 35       		.byte	0x35
 5367 1414 00       		.byte	0
 5368 1415 15       		.uleb128 0x15
 5369 1416 C8020000 		.4byte	.LVL85
 5370 141a C4220000 		.4byte	0x22c4
 5371 141e 2C140000 		.4byte	0x142c
 5372 1422 16       		.uleb128 0x16
 5373 1423 01       		.uleb128 0x1
 5374 1424 50       		.byte	0x50
 5375 1425 05       		.uleb128 0x5
 5376 1426 03       		.byte	0x3
 5377 1427 58030000 		.4byte	.LC61
 5378 142b 00       		.byte	0
 5379 142c 15       		.uleb128 0x15
 5380 142d D6020000 		.4byte	.LVL88
 5381 1431 CF220000 		.4byte	0x22cf
 5382 1435 43140000 		.4byte	0x1443
 5383 1439 16       		.uleb128 0x16
 5384 143a 01       		.uleb128 0x1
 5385 143b 50       		.byte	0x50
 5386 143c 05       		.uleb128 0x5
 5387 143d 03       		.byte	0x3
 5388 143e 9C030000 		.4byte	.LC63
 5389 1442 00       		.byte	0
 5390 1443 15       		.uleb128 0x15
 5391 1444 DE020000 		.4byte	.LVL91
 5392 1448 C4220000 		.4byte	0x22c4
 5393 144c 5A140000 		.4byte	0x145a
 5394 1450 16       		.uleb128 0x16
 5395 1451 01       		.uleb128 0x1
 5396 1452 50       		.byte	0x50
 5397 1453 05       		.uleb128 0x5
 5398 1454 03       		.byte	0x3
 5399 1455 BC030000 		.4byte	.LC65
 5400 1459 00       		.byte	0
 5401 145a 15       		.uleb128 0x15
 5402 145b FC020000 		.4byte	.LVL92
 5403 145f CF220000 		.4byte	0x22cf
 5404 1463 71140000 		.4byte	0x1471
 5405 1467 16       		.uleb128 0x16
 5406 1468 01       		.uleb128 0x1
 5407 1469 50       		.byte	0x50
 5408 146a 05       		.uleb128 0x5
 5409 146b 03       		.byte	0x3
 5410 146c DC030000 		.4byte	.LC67
 5411 1470 00       		.byte	0
 5412 1471 15       		.uleb128 0x15
 5413 1472 04030000 		.4byte	.LVL93
 5414 1476 CF220000 		.4byte	0x22cf
 5415 147a 88140000 		.4byte	0x1488
 5416 147e 16       		.uleb128 0x16
 5417 147f 01       		.uleb128 0x1
 5418 1480 50       		.byte	0x50
 5419 1481 05       		.uleb128 0x5
 5420 1482 03       		.byte	0x3
ARM GAS  C:\Users\Lenovo\AppData\Local\Temp\ccTXWGea.s 			page 123


 5421 1483 F8030000 		.4byte	.LC69
 5422 1487 00       		.byte	0
 5423 1488 15       		.uleb128 0x15
 5424 1489 0C030000 		.4byte	.LVL94
 5425 148d CF220000 		.4byte	0x22cf
 5426 1491 9F140000 		.4byte	0x149f
 5427 1495 16       		.uleb128 0x16
 5428 1496 01       		.uleb128 0x1
 5429 1497 50       		.byte	0x50
 5430 1498 05       		.uleb128 0x5
 5431 1499 03       		.byte	0x3
 5432 149a 1C040000 		.4byte	.LC71
 5433 149e 00       		.byte	0
 5434 149f 15       		.uleb128 0x15
 5435 14a0 14030000 		.4byte	.LVL95
 5436 14a4 CF220000 		.4byte	0x22cf
 5437 14a8 B6140000 		.4byte	0x14b6
 5438 14ac 16       		.uleb128 0x16
 5439 14ad 01       		.uleb128 0x1
 5440 14ae 50       		.byte	0x50
 5441 14af 05       		.uleb128 0x5
 5442 14b0 03       		.byte	0x3
 5443 14b1 30040000 		.4byte	.LC73
 5444 14b5 00       		.byte	0
 5445 14b6 15       		.uleb128 0x15
 5446 14b7 1C030000 		.4byte	.LVL96
 5447 14bb C4220000 		.4byte	0x22c4
 5448 14bf CD140000 		.4byte	0x14cd
 5449 14c3 16       		.uleb128 0x16
 5450 14c4 01       		.uleb128 0x1
 5451 14c5 50       		.byte	0x50
 5452 14c6 05       		.uleb128 0x5
 5453 14c7 03       		.byte	0x3
 5454 14c8 48040000 		.4byte	.LC75
 5455 14cc 00       		.byte	0
 5456 14cd 15       		.uleb128 0x15
 5457 14ce 2C030000 		.4byte	.LVL100
 5458 14d2 C4220000 		.4byte	0x22c4
 5459 14d6 E4140000 		.4byte	0x14e4
 5460 14da 16       		.uleb128 0x16
 5461 14db 01       		.uleb128 0x1
 5462 14dc 50       		.byte	0x50
 5463 14dd 05       		.uleb128 0x5
 5464 14de 03       		.byte	0x3
 5465 14df 54040000 		.4byte	.LC77
 5466 14e3 00       		.byte	0
 5467 14e4 15       		.uleb128 0x15
 5468 14e5 34030000 		.4byte	.LVL103
 5469 14e9 C4220000 		.4byte	0x22c4
 5470 14ed FB140000 		.4byte	0x14fb
 5471 14f1 16       		.uleb128 0x16
 5472 14f2 01       		.uleb128 0x1
 5473 14f3 50       		.byte	0x50
 5474 14f4 05       		.uleb128 0x5
 5475 14f5 03       		.byte	0x3
 5476 14f6 6C040000 		.4byte	.LC79
 5477 14fa 00       		.byte	0
ARM GAS  C:\Users\Lenovo\AppData\Local\Temp\ccTXWGea.s 			page 124


 5478 14fb 15       		.uleb128 0x15
 5479 14fc 48030000 		.4byte	.LVL104
 5480 1500 C4220000 		.4byte	0x22c4
 5481 1504 12150000 		.4byte	0x1512
 5482 1508 16       		.uleb128 0x16
 5483 1509 01       		.uleb128 0x1
 5484 150a 50       		.byte	0x50
 5485 150b 05       		.uleb128 0x5
 5486 150c 03       		.byte	0x3
 5487 150d 8C040000 		.4byte	.LC81
 5488 1511 00       		.byte	0
 5489 1512 15       		.uleb128 0x15
 5490 1513 50030000 		.4byte	.LVL105
 5491 1517 C4220000 		.4byte	0x22c4
 5492 151b 29150000 		.4byte	0x1529
 5493 151f 16       		.uleb128 0x16
 5494 1520 01       		.uleb128 0x1
 5495 1521 50       		.byte	0x50
 5496 1522 05       		.uleb128 0x5
 5497 1523 03       		.byte	0x3
 5498 1524 9C040000 		.4byte	.LC83
 5499 1528 00       		.byte	0
 5500 1529 15       		.uleb128 0x15
 5501 152a 58030000 		.4byte	.LVL106
 5502 152e C4220000 		.4byte	0x22c4
 5503 1532 40150000 		.4byte	0x1540
 5504 1536 16       		.uleb128 0x16
 5505 1537 01       		.uleb128 0x1
 5506 1538 50       		.byte	0x50
 5507 1539 05       		.uleb128 0x5
 5508 153a 03       		.byte	0x3
 5509 153b B0040000 		.4byte	.LC85
 5510 153f 00       		.byte	0
 5511 1540 15       		.uleb128 0x15
 5512 1541 60030000 		.4byte	.LVL107
 5513 1545 C4220000 		.4byte	0x22c4
 5514 1549 57150000 		.4byte	0x1557
 5515 154d 16       		.uleb128 0x16
 5516 154e 01       		.uleb128 0x1
 5517 154f 50       		.byte	0x50
 5518 1550 05       		.uleb128 0x5
 5519 1551 03       		.byte	0x3
 5520 1552 A8000000 		.4byte	.LC18
 5521 1556 00       		.byte	0
 5522 1557 15       		.uleb128 0x15
 5523 1558 68030000 		.4byte	.LVL108
 5524 155c C4220000 		.4byte	0x22c4
 5525 1560 6E150000 		.4byte	0x156e
 5526 1564 16       		.uleb128 0x16
 5527 1565 01       		.uleb128 0x1
 5528 1566 50       		.byte	0x50
 5529 1567 05       		.uleb128 0x5
 5530 1568 03       		.byte	0x3
 5531 1569 C4040000 		.4byte	.LC87
 5532 156d 00       		.byte	0
 5533 156e 15       		.uleb128 0x15
 5534 156f 6E030000 		.4byte	.LVL109
ARM GAS  C:\Users\Lenovo\AppData\Local\Temp\ccTXWGea.s 			page 125


 5535 1573 C4220000 		.4byte	0x22c4
 5536 1577 85150000 		.4byte	0x1585
 5537 157b 16       		.uleb128 0x16
 5538 157c 01       		.uleb128 0x1
 5539 157d 50       		.byte	0x50
 5540 157e 05       		.uleb128 0x5
 5541 157f 03       		.byte	0x3
 5542 1580 D8040000 		.4byte	.LC89
 5543 1584 00       		.byte	0
 5544 1585 15       		.uleb128 0x15
 5545 1586 7A030000 		.4byte	.LVL110
 5546 158a C4220000 		.4byte	0x22c4
 5547 158e 9C150000 		.4byte	0x159c
 5548 1592 16       		.uleb128 0x16
 5549 1593 01       		.uleb128 0x1
 5550 1594 50       		.byte	0x50
 5551 1595 05       		.uleb128 0x5
 5552 1596 03       		.byte	0x3
 5553 1597 E4040000 		.4byte	.LC91
 5554 159b 00       		.byte	0
 5555 159c 15       		.uleb128 0x15
 5556 159d 82030000 		.4byte	.LVL111
 5557 15a1 C4220000 		.4byte	0x22c4
 5558 15a5 B3150000 		.4byte	0x15b3
 5559 15a9 16       		.uleb128 0x16
 5560 15aa 01       		.uleb128 0x1
 5561 15ab 50       		.byte	0x50
 5562 15ac 05       		.uleb128 0x5
 5563 15ad 03       		.byte	0x3
 5564 15ae A8000000 		.4byte	.LC18
 5565 15b2 00       		.byte	0
 5566 15b3 15       		.uleb128 0x15
 5567 15b4 88030000 		.4byte	.LVL112
 5568 15b8 CF220000 		.4byte	0x22cf
 5569 15bc CA150000 		.4byte	0x15ca
 5570 15c0 16       		.uleb128 0x16
 5571 15c1 01       		.uleb128 0x1
 5572 15c2 50       		.byte	0x50
 5573 15c3 05       		.uleb128 0x5
 5574 15c4 03       		.byte	0x3
 5575 15c5 AC000000 		.4byte	.LC20
 5576 15c9 00       		.byte	0
 5577 15ca 15       		.uleb128 0x15
 5578 15cb 94030000 		.4byte	.LVL115
 5579 15cf 4E230000 		.4byte	0x234e
 5580 15d3 E3150000 		.4byte	0x15e3
 5581 15d7 16       		.uleb128 0x16
 5582 15d8 01       		.uleb128 0x1
 5583 15d9 50       		.byte	0x50
 5584 15da 02       		.uleb128 0x2
 5585 15db 75       		.byte	0x75
 5586 15dc 00       		.sleb128 0
 5587 15dd 16       		.uleb128 0x16
 5588 15de 01       		.uleb128 0x1
 5589 15df 52       		.byte	0x52
 5590 15e0 01       		.uleb128 0x1
 5591 15e1 32       		.byte	0x32
ARM GAS  C:\Users\Lenovo\AppData\Local\Temp\ccTXWGea.s 			page 126


 5592 15e2 00       		.byte	0
 5593 15e3 15       		.uleb128 0x15
 5594 15e4 9E030000 		.4byte	.LVL116
 5595 15e8 C4220000 		.4byte	0x22c4
 5596 15ec FA150000 		.4byte	0x15fa
 5597 15f0 16       		.uleb128 0x16
 5598 15f1 01       		.uleb128 0x1
 5599 15f2 50       		.byte	0x50
 5600 15f3 05       		.uleb128 0x5
 5601 15f4 03       		.byte	0x3
 5602 15f5 F8040000 		.4byte	.LC94
 5603 15f9 00       		.byte	0
 5604 15fa 15       		.uleb128 0x15
 5605 15fb AC030000 		.4byte	.LVL119
 5606 15ff CF220000 		.4byte	0x22cf
 5607 1603 11160000 		.4byte	0x1611
 5608 1607 16       		.uleb128 0x16
 5609 1608 01       		.uleb128 0x1
 5610 1609 50       		.byte	0x50
 5611 160a 05       		.uleb128 0x5
 5612 160b 03       		.byte	0x3
 5613 160c 28050000 		.4byte	.LC96
 5614 1610 00       		.byte	0
 5615 1611 15       		.uleb128 0x15
 5616 1612 B4030000 		.4byte	.LVL122
 5617 1616 CF220000 		.4byte	0x22cf
 5618 161a 28160000 		.4byte	0x1628
 5619 161e 16       		.uleb128 0x16
 5620 161f 01       		.uleb128 0x1
 5621 1620 50       		.byte	0x50
 5622 1621 05       		.uleb128 0x5
 5623 1622 03       		.byte	0x3
 5624 1623 44050000 		.4byte	.LC98
 5625 1627 00       		.byte	0
 5626 1628 15       		.uleb128 0x15
 5627 1629 BC030000 		.4byte	.LVL125
 5628 162d CF220000 		.4byte	0x22cf
 5629 1631 3F160000 		.4byte	0x163f
 5630 1635 16       		.uleb128 0x16
 5631 1636 01       		.uleb128 0x1
 5632 1637 50       		.byte	0x50
 5633 1638 05       		.uleb128 0x5
 5634 1639 03       		.byte	0x3
 5635 163a 60050000 		.4byte	.LC100
 5636 163e 00       		.byte	0
 5637 163f 15       		.uleb128 0x15
 5638 1640 C4030000 		.4byte	.LVL128
 5639 1644 CF220000 		.4byte	0x22cf
 5640 1648 56160000 		.4byte	0x1656
 5641 164c 16       		.uleb128 0x16
 5642 164d 01       		.uleb128 0x1
 5643 164e 50       		.byte	0x50
 5644 164f 05       		.uleb128 0x5
 5645 1650 03       		.byte	0x3
 5646 1651 80050000 		.4byte	.LC102
 5647 1655 00       		.byte	0
 5648 1656 15       		.uleb128 0x15
ARM GAS  C:\Users\Lenovo\AppData\Local\Temp\ccTXWGea.s 			page 127


 5649 1657 CE030000 		.4byte	.LVL132
 5650 165b C4220000 		.4byte	0x22c4
 5651 165f 6D160000 		.4byte	0x166d
 5652 1663 16       		.uleb128 0x16
 5653 1664 01       		.uleb128 0x1
 5654 1665 50       		.byte	0x50
 5655 1666 05       		.uleb128 0x5
 5656 1667 03       		.byte	0x3
 5657 1668 A4050000 		.4byte	.LC104
 5658 166c 00       		.byte	0
 5659 166d 15       		.uleb128 0x15
 5660 166e D6030000 		.4byte	.LVL135
 5661 1672 CF220000 		.4byte	0x22cf
 5662 1676 84160000 		.4byte	0x1684
 5663 167a 16       		.uleb128 0x16
 5664 167b 01       		.uleb128 0x1
 5665 167c 50       		.byte	0x50
 5666 167d 05       		.uleb128 0x5
 5667 167e 03       		.byte	0x3
 5668 167f E8050000 		.4byte	.LC106
 5669 1683 00       		.byte	0
 5670 1684 15       		.uleb128 0x15
 5671 1685 DE030000 		.4byte	.LVL138
 5672 1689 CF220000 		.4byte	0x22cf
 5673 168d 9B160000 		.4byte	0x169b
 5674 1691 16       		.uleb128 0x16
 5675 1692 01       		.uleb128 0x1
 5676 1693 50       		.byte	0x50
 5677 1694 05       		.uleb128 0x5
 5678 1695 03       		.byte	0x3
 5679 1696 0C060000 		.4byte	.LC108
 5680 169a 00       		.byte	0
 5681 169b 15       		.uleb128 0x15
 5682 169c E6030000 		.4byte	.LVL141
 5683 16a0 CF220000 		.4byte	0x22cf
 5684 16a4 B2160000 		.4byte	0x16b2
 5685 16a8 16       		.uleb128 0x16
 5686 16a9 01       		.uleb128 0x1
 5687 16aa 50       		.byte	0x50
 5688 16ab 05       		.uleb128 0x5
 5689 16ac 03       		.byte	0x3
 5690 16ad 34060000 		.4byte	.LC110
 5691 16b1 00       		.byte	0
 5692 16b2 15       		.uleb128 0x15
 5693 16b3 02040000 		.4byte	.LVL148
 5694 16b7 CF220000 		.4byte	0x22cf
 5695 16bb C9160000 		.4byte	0x16c9
 5696 16bf 16       		.uleb128 0x16
 5697 16c0 01       		.uleb128 0x1
 5698 16c1 50       		.byte	0x50
 5699 16c2 05       		.uleb128 0x5
 5700 16c3 03       		.byte	0x3
 5701 16c4 84060000 		.4byte	.LC114
 5702 16c8 00       		.byte	0
 5703 16c9 17       		.uleb128 0x17
 5704 16ca 14050000 		.4byte	.LVL152
 5705 16ce C4220000 		.4byte	0x22c4
ARM GAS  C:\Users\Lenovo\AppData\Local\Temp\ccTXWGea.s 			page 128


 5706 16d2 16       		.uleb128 0x16
 5707 16d3 01       		.uleb128 0x1
 5708 16d4 50       		.byte	0x50
 5709 16d5 05       		.uleb128 0x5
 5710 16d6 03       		.byte	0x3
 5711 16d7 A8060000 		.4byte	.LC116
 5712 16db 16       		.uleb128 0x16
 5713 16dc 01       		.uleb128 0x1
 5714 16dd 51       		.byte	0x51
 5715 16de 03       		.uleb128 0x3
 5716 16df F3       		.byte	0xf3
 5717 16e0 01       		.uleb128 0x1
 5718 16e1 50       		.byte	0x50
 5719 16e2 00       		.byte	0
 5720 16e3 00       		.byte	0
 5721 16e4 19       		.uleb128 0x19
 5722 16e5 04       		.byte	0x4
 5723 16e6 FB040000 		.4byte	0x4fb
 5724 16ea 1A       		.uleb128 0x1a
 5725 16eb 40490000 		.4byte	.LASF571
 5726 16ef 01       		.byte	0x1
 5727 16f0 9001     		.2byte	0x190
 5728 16f2 00000000 		.4byte	.LFB37
 5729 16f6 18000000 		.4byte	.LFE37-.LFB37
 5730 16fa 01       		.uleb128 0x1
 5731 16fb 9C       		.byte	0x9c
 5732 16fc 10170000 		.4byte	0x1710
 5733 1700 17       		.uleb128 0x17
 5734 1701 08000000 		.4byte	.LVL153
 5735 1705 57230000 		.4byte	0x2357
 5736 1709 16       		.uleb128 0x16
 5737 170a 01       		.uleb128 0x1
 5738 170b 50       		.byte	0x50
 5739 170c 01       		.uleb128 0x1
 5740 170d 30       		.byte	0x30
 5741 170e 00       		.byte	0
 5742 170f 00       		.byte	0
 5743 1710 1A       		.uleb128 0x1a
 5744 1711 86040000 		.4byte	.LASF572
 5745 1715 01       		.byte	0x1
 5746 1716 0C02     		.2byte	0x20c
 5747 1718 00000000 		.4byte	.LFB42
 5748 171c 18000000 		.4byte	.LFE42-.LFB42
 5749 1720 01       		.uleb128 0x1
 5750 1721 9C       		.byte	0x9c
 5751 1722 39170000 		.4byte	0x1739
 5752 1726 18       		.uleb128 0x18
 5753 1727 0C000000 		.4byte	.LVL154
 5754 172b FF220000 		.4byte	0x22ff
 5755 172f 18       		.uleb128 0x18
 5756 1730 10000000 		.4byte	.LVL155
 5757 1734 62230000 		.4byte	0x2362
 5758 1738 00       		.byte	0
 5759 1739 1A       		.uleb128 0x1a
 5760 173a A1270000 		.4byte	.LASF573
 5761 173e 01       		.byte	0x1
 5762 173f 2202     		.2byte	0x222
ARM GAS  C:\Users\Lenovo\AppData\Local\Temp\ccTXWGea.s 			page 129


 5763 1741 00000000 		.4byte	.LFB43
 5764 1745 50000000 		.4byte	.LFE43-.LFB43
 5765 1749 01       		.uleb128 0x1
 5766 174a 9C       		.byte	0x9c
 5767 174b 8F170000 		.4byte	0x178f
 5768 174f 1B       		.uleb128 0x1b
 5769 1750 510F0000 		.4byte	.LASF574
 5770 1754 01       		.byte	0x1
 5771 1755 2402     		.2byte	0x224
 5772 1757 6B000000 		.4byte	0x6b
 5773 175b 05       		.uleb128 0x5
 5774 175c 03       		.byte	0x3
 5775 175d 06000000 		.4byte	N_indyk.9617
 5776 1761 1B       		.uleb128 0x1b
 5777 1762 4B120000 		.4byte	.LASF575
 5778 1766 01       		.byte	0x1
 5779 1767 2502     		.2byte	0x225
 5780 1769 6B000000 		.4byte	0x6b
 5781 176d 05       		.uleb128 0x5
 5782 176e 03       		.byte	0x3
 5783 176f 07000000 		.4byte	blinkTime.9618
 5784 1773 18       		.uleb128 0x18
 5785 1774 10000000 		.4byte	.LVL156
 5786 1778 6D230000 		.4byte	0x236d
 5787 177c 18       		.uleb128 0x18
 5788 177d 34000000 		.4byte	.LVL157
 5789 1781 78230000 		.4byte	0x2378
 5790 1785 18       		.uleb128 0x18
 5791 1786 3C000000 		.4byte	.LVL158
 5792 178a E9220000 		.4byte	0x22e9
 5793 178e 00       		.byte	0
 5794 178f 1A       		.uleb128 0x1a
 5795 1790 33310000 		.4byte	.LASF576
 5796 1794 01       		.byte	0x1
 5797 1795 9601     		.2byte	0x196
 5798 1797 00000000 		.4byte	.LFB38
 5799 179b 28000000 		.4byte	.LFE38-.LFB38
 5800 179f 01       		.uleb128 0x1
 5801 17a0 9C       		.byte	0x9c
 5802 17a1 C8170000 		.4byte	0x17c8
 5803 17a5 1C       		.uleb128 0x1c
 5804 17a6 20150000 		.4byte	.LASF577
 5805 17aa 01       		.byte	0x1
 5806 17ab 9801     		.2byte	0x198
 5807 17ad 6B000000 		.4byte	0x6b
 5808 17b1 85060000 		.4byte	.LLST3
 5809 17b5 18       		.uleb128 0x18
 5810 17b6 06000000 		.4byte	.LVL159
 5811 17ba 83230000 		.4byte	0x2383
 5812 17be 18       		.uleb128 0x18
 5813 17bf 20000000 		.4byte	.LVL164
 5814 17c3 8E230000 		.4byte	0x238e
 5815 17c7 00       		.byte	0
 5816 17c8 1A       		.uleb128 0x1a
 5817 17c9 81390000 		.4byte	.LASF578
 5818 17cd 01       		.byte	0x1
 5819 17ce A501     		.2byte	0x1a5
ARM GAS  C:\Users\Lenovo\AppData\Local\Temp\ccTXWGea.s 			page 130


 5820 17d0 00000000 		.4byte	.LFB39
 5821 17d4 24000000 		.4byte	.LFE39-.LFB39
 5822 17d8 01       		.uleb128 0x1
 5823 17d9 9C       		.byte	0x9c
 5824 17da 30180000 		.4byte	0x1830
 5825 17de 1C       		.uleb128 0x1c
 5826 17df 20150000 		.4byte	.LASF577
 5827 17e3 01       		.byte	0x1
 5828 17e4 A701     		.2byte	0x1a7
 5829 17e6 6B000000 		.4byte	0x6b
 5830 17ea AE060000 		.4byte	.LLST4
 5831 17ee 18       		.uleb128 0x18
 5832 17ef 06000000 		.4byte	.LVL165
 5833 17f3 83230000 		.4byte	0x2383
 5834 17f7 15       		.uleb128 0x15
 5835 17f8 12000000 		.4byte	.LVL168
 5836 17fc 8E230000 		.4byte	0x238e
 5837 1800 0B180000 		.4byte	0x180b
 5838 1804 16       		.uleb128 0x16
 5839 1805 01       		.uleb128 0x1
 5840 1806 50       		.byte	0x50
 5841 1807 02       		.uleb128 0x2
 5842 1808 74       		.byte	0x74
 5843 1809 00       		.sleb128 0
 5844 180a 00       		.byte	0
 5845 180b 15       		.uleb128 0x15
 5846 180c 18000000 		.4byte	.LVL169
 5847 1810 99230000 		.4byte	0x2399
 5848 1814 1F180000 		.4byte	0x181f
 5849 1818 16       		.uleb128 0x16
 5850 1819 01       		.uleb128 0x1
 5851 181a 50       		.byte	0x50
 5852 181b 02       		.uleb128 0x2
 5853 181c 08       		.byte	0x8
 5854 181d 64       		.byte	0x64
 5855 181e 00       		.byte	0
 5856 181f 17       		.uleb128 0x17
 5857 1820 22000000 		.4byte	.LVL172
 5858 1824 8E230000 		.4byte	0x238e
 5859 1828 16       		.uleb128 0x16
 5860 1829 01       		.uleb128 0x1
 5861 182a 50       		.byte	0x50
 5862 182b 02       		.uleb128 0x2
 5863 182c 74       		.byte	0x74
 5864 182d 00       		.sleb128 0
 5865 182e 00       		.byte	0
 5866 182f 00       		.byte	0
 5867 1830 1A       		.uleb128 0x1a
 5868 1831 77390000 		.4byte	.LASF579
 5869 1835 01       		.byte	0x1
 5870 1836 B201     		.2byte	0x1b2
 5871 1838 00000000 		.4byte	.LFB40
 5872 183c 70000000 		.4byte	.LFE40-.LFB40
 5873 1840 01       		.uleb128 0x1
 5874 1841 9C       		.byte	0x9c
 5875 1842 9E180000 		.4byte	0x189e
 5876 1846 1D       		.uleb128 0x1d
ARM GAS  C:\Users\Lenovo\AppData\Local\Temp\ccTXWGea.s 			page 131


 5877 1847 4F200000 		.4byte	.LASF580
 5878 184b 01       		.byte	0x1
 5879 184c B201     		.2byte	0x1b2
 5880 184e 77000000 		.4byte	0x77
 5881 1852 E2060000 		.4byte	.LLST5
 5882 1856 15       		.uleb128 0x15
 5883 1857 34000000 		.4byte	.LVL176
 5884 185b A4230000 		.4byte	0x23a4
 5885 185f 73180000 		.4byte	0x1873
 5886 1863 16       		.uleb128 0x16
 5887 1864 01       		.uleb128 0x1
 5888 1865 51       		.byte	0x51
 5889 1866 01       		.uleb128 0x1
 5890 1867 31       		.byte	0x31
 5891 1868 16       		.uleb128 0x16
 5892 1869 01       		.uleb128 0x1
 5893 186a 52       		.byte	0x52
 5894 186b 01       		.uleb128 0x1
 5895 186c 32       		.byte	0x32
 5896 186d 16       		.uleb128 0x16
 5897 186e 01       		.uleb128 0x1
 5898 186f 53       		.byte	0x53
 5899 1870 01       		.uleb128 0x1
 5900 1871 32       		.byte	0x32
 5901 1872 00       		.byte	0
 5902 1873 15       		.uleb128 0x15
 5903 1874 48000000 		.4byte	.LVL177
 5904 1878 C4220000 		.4byte	0x22c4
 5905 187c 8A180000 		.4byte	0x188a
 5906 1880 16       		.uleb128 0x16
 5907 1881 01       		.uleb128 0x1
 5908 1882 50       		.byte	0x50
 5909 1883 05       		.uleb128 0x5
 5910 1884 03       		.byte	0x3
 5911 1885 C0060000 		.4byte	.LC128
 5912 1889 00       		.byte	0
 5913 188a 17       		.uleb128 0x17
 5914 188b 52000000 		.4byte	.LVL178
 5915 188f C4220000 		.4byte	0x22c4
 5916 1893 16       		.uleb128 0x16
 5917 1894 01       		.uleb128 0x1
 5918 1895 50       		.byte	0x50
 5919 1896 05       		.uleb128 0x5
 5920 1897 03       		.byte	0x3
 5921 1898 DC060000 		.4byte	.LC130
 5922 189c 00       		.byte	0
 5923 189d 00       		.byte	0
 5924 189e 1E       		.uleb128 0x1e
 5925 189f ED450000 		.4byte	.LASF581
 5926 18a3 01       		.byte	0x1
 5927 18a4 4502     		.2byte	0x245
 5928 18a6 00000000 		.4byte	.LFB44
 5929 18aa 70000000 		.4byte	.LFE44-.LFB44
 5930 18ae 01       		.uleb128 0x1
 5931 18af 9C       		.byte	0x9c
 5932 18b0 D3180000 		.4byte	0x18d3
 5933 18b4 1D       		.uleb128 0x1d
ARM GAS  C:\Users\Lenovo\AppData\Local\Temp\ccTXWGea.s 			page 132


 5934 18b5 753A0000 		.4byte	.LASF582
 5935 18b9 01       		.byte	0x1
 5936 18ba 4502     		.2byte	0x245
 5937 18bc 77000000 		.4byte	0x77
 5938 18c0 03070000 		.4byte	.LLST6
 5939 18c4 1F       		.uleb128 0x1f
 5940 18c5 6900     		.ascii	"i\000"
 5941 18c7 01       		.byte	0x1
 5942 18c8 4702     		.2byte	0x247
 5943 18ca 6B000000 		.4byte	0x6b
 5944 18ce 21070000 		.4byte	.LLST7
 5945 18d2 00       		.byte	0
 5946 18d3 1A       		.uleb128 0x1a
 5947 18d4 89010000 		.4byte	.LASF583
 5948 18d8 01       		.byte	0x1
 5949 18d9 C901     		.2byte	0x1c9
 5950 18db 00000000 		.4byte	.LFB41
 5951 18df B8000000 		.4byte	.LFE41-.LFB41
 5952 18e3 01       		.uleb128 0x1
 5953 18e4 9C       		.byte	0x9c
 5954 18e5 99190000 		.4byte	0x1999
 5955 18e9 1B       		.uleb128 0x1b
 5956 18ea 483B0000 		.4byte	.LASF584
 5957 18ee 01       		.byte	0x1
 5958 18ef CB01     		.2byte	0x1cb
 5959 18f1 77000000 		.4byte	0x77
 5960 18f5 05       		.uleb128 0x5
 5961 18f6 03       		.byte	0x3
 5962 18f7 08000000 		.4byte	prev_ADC_val.9607
 5963 18fb 1B       		.uleb128 0x1b
 5964 18fc 9D160000 		.4byte	.LASF585
 5965 1900 01       		.byte	0x1
 5966 1901 CC01     		.2byte	0x1cc
 5967 1903 6B000000 		.4byte	0x6b
 5968 1907 05       		.uleb128 0x5
 5969 1908 03       		.byte	0x3
 5970 1909 09000000 		.4byte	out_range_indic.9608
 5971 190d 1B       		.uleb128 0x1b
 5972 190e 9C260000 		.4byte	.LASF586
 5973 1912 01       		.byte	0x1
 5974 1913 CD01     		.2byte	0x1cd
 5975 1915 77000000 		.4byte	0x77
 5976 1919 02       		.uleb128 0x2
 5977 191a 91       		.byte	0x91
 5978 191b 76       		.sleb128 -10
 5979 191c 1C       		.uleb128 0x1c
 5980 191d D7070000 		.4byte	.LASF587
 5981 1921 01       		.byte	0x1
 5982 1922 CE01     		.2byte	0x1ce
 5983 1924 6B000000 		.4byte	0x6b
 5984 1928 61070000 		.4byte	.LLST8
 5985 192c 15       		.uleb128 0x15
 5986 192d 2A000000 		.4byte	.LVL194
 5987 1931 C4220000 		.4byte	0x22c4
 5988 1935 43190000 		.4byte	0x1943
 5989 1939 16       		.uleb128 0x16
 5990 193a 01       		.uleb128 0x1
ARM GAS  C:\Users\Lenovo\AppData\Local\Temp\ccTXWGea.s 			page 133


 5991 193b 50       		.byte	0x50
 5992 193c 05       		.uleb128 0x5
 5993 193d 03       		.byte	0x3
 5994 193e 00070000 		.4byte	.LC135
 5995 1942 00       		.byte	0
 5996 1943 18       		.uleb128 0x18
 5997 1944 52000000 		.4byte	.LVL197
 5998 1948 9E180000 		.4byte	0x189e
 5999 194c 15       		.uleb128 0x15
 6000 194d 60000000 		.4byte	.LVL198
 6001 1951 AF230000 		.4byte	0x23af
 6002 1955 6F190000 		.4byte	0x196f
 6003 1959 16       		.uleb128 0x16
 6004 195a 01       		.uleb128 0x1
 6005 195b 50       		.byte	0x50
 6006 195c 01       		.uleb128 0x1
 6007 195d 31       		.byte	0x31
 6008 195e 16       		.uleb128 0x16
 6009 195f 01       		.uleb128 0x1
 6010 1960 51       		.byte	0x51
 6011 1961 01       		.uleb128 0x1
 6012 1962 32       		.byte	0x32
 6013 1963 16       		.uleb128 0x16
 6014 1964 01       		.uleb128 0x1
 6015 1965 52       		.byte	0x52
 6016 1966 01       		.uleb128 0x1
 6017 1967 32       		.byte	0x32
 6018 1968 16       		.uleb128 0x16
 6019 1969 01       		.uleb128 0x1
 6020 196a 53       		.byte	0x53
 6021 196b 02       		.uleb128 0x2
 6022 196c 7D       		.byte	0x7d
 6023 196d 06       		.sleb128 6
 6024 196e 00       		.byte	0
 6025 196f 15       		.uleb128 0x15
 6026 1970 72000000 		.4byte	.LVL199
 6027 1974 C4220000 		.4byte	0x22c4
 6028 1978 86190000 		.4byte	0x1986
 6029 197c 16       		.uleb128 0x16
 6030 197d 01       		.uleb128 0x1
 6031 197e 50       		.byte	0x50
 6032 197f 05       		.uleb128 0x5
 6033 1980 03       		.byte	0x3
 6034 1981 18070000 		.4byte	.LC139
 6035 1985 00       		.byte	0
 6036 1986 18       		.uleb128 0x18
 6037 1987 8C000000 		.4byte	.LVL200
 6038 198b 30180000 		.4byte	0x1830
 6039 198f 18       		.uleb128 0x18
 6040 1990 9C000000 		.4byte	.LVL201
 6041 1994 8F170000 		.4byte	0x178f
 6042 1998 00       		.byte	0
 6043 1999 1E       		.uleb128 0x1e
 6044 199a 4B100000 		.4byte	.LASF588
 6045 199e 01       		.byte	0x1
 6046 199f 6502     		.2byte	0x265
 6047 19a1 00000000 		.4byte	.LFB45
ARM GAS  C:\Users\Lenovo\AppData\Local\Temp\ccTXWGea.s 			page 134


 6048 19a5 D8000000 		.4byte	.LFE45-.LFB45
 6049 19a9 01       		.uleb128 0x1
 6050 19aa 9C       		.byte	0x9c
 6051 19ab D21A0000 		.4byte	0x1ad2
 6052 19af 1B       		.uleb128 0x1b
 6053 19b0 0D150000 		.4byte	.LASF589
 6054 19b4 01       		.byte	0x1
 6055 19b5 6702     		.2byte	0x267
 6056 19b7 77000000 		.4byte	0x77
 6057 19bb 05       		.uleb128 0x5
 6058 19bc 03       		.byte	0x3
 6059 19bd 0C000000 		.4byte	sliderPrevPosition.9632
 6060 19c1 1B       		.uleb128 0x1b
 6061 19c2 BC4C0000 		.4byte	.LASF590
 6062 19c6 01       		.byte	0x1
 6063 19c7 6802     		.2byte	0x268
 6064 19c9 77000000 		.4byte	0x77
 6065 19cd 02       		.uleb128 0x2
 6066 19ce 91       		.byte	0x91
 6067 19cf 6E       		.sleb128 -18
 6068 19d0 1F       		.uleb128 0x1f
 6069 19d1 6900     		.ascii	"i\000"
 6070 19d3 01       		.byte	0x1
 6071 19d4 6902     		.2byte	0x269
 6072 19d6 6B000000 		.4byte	0x6b
 6073 19da 98070000 		.4byte	.LLST9
 6074 19de 18       		.uleb128 0x18
 6075 19df 0E000000 		.4byte	.LVL202
 6076 19e3 BA230000 		.4byte	0x23ba
 6077 19e7 18       		.uleb128 0x18
 6078 19e8 16000000 		.4byte	.LVL203
 6079 19ec C5230000 		.4byte	0x23c5
 6080 19f0 15       		.uleb128 0x15
 6081 19f1 1C000000 		.4byte	.LVL204
 6082 19f5 D0230000 		.4byte	0x23d0
 6083 19f9 031A0000 		.4byte	0x1a03
 6084 19fd 16       		.uleb128 0x16
 6085 19fe 01       		.uleb128 0x1
 6086 19ff 50       		.byte	0x50
 6087 1a00 01       		.uleb128 0x1
 6088 1a01 30       		.byte	0x30
 6089 1a02 00       		.byte	0
 6090 1a03 15       		.uleb128 0x15
 6091 1a04 28000000 		.4byte	.LVL205
 6092 1a08 D0230000 		.4byte	0x23d0
 6093 1a0c 161A0000 		.4byte	0x1a16
 6094 1a10 16       		.uleb128 0x16
 6095 1a11 01       		.uleb128 0x1
 6096 1a12 50       		.byte	0x50
 6097 1a13 01       		.uleb128 0x1
 6098 1a14 30       		.byte	0x30
 6099 1a15 00       		.byte	0
 6100 1a16 18       		.uleb128 0x18
 6101 1a17 3E000000 		.4byte	.LVL206
 6102 1a1b 9E180000 		.4byte	0x189e
 6103 1a1f 15       		.uleb128 0x15
 6104 1a20 4A000000 		.4byte	.LVL207
ARM GAS  C:\Users\Lenovo\AppData\Local\Temp\ccTXWGea.s 			page 135


 6105 1a24 C4220000 		.4byte	0x22c4
 6106 1a28 361A0000 		.4byte	0x1a36
 6107 1a2c 16       		.uleb128 0x16
 6108 1a2d 01       		.uleb128 0x1
 6109 1a2e 50       		.byte	0x50
 6110 1a2f 05       		.uleb128 0x5
 6111 1a30 03       		.byte	0x3
 6112 1a31 24070000 		.4byte	.LC142
 6113 1a35 00       		.byte	0
 6114 1a36 15       		.uleb128 0x15
 6115 1a37 66000000 		.4byte	.LVL210
 6116 1a3b DC230000 		.4byte	0x23dc
 6117 1a3f 4A1A0000 		.4byte	0x1a4a
 6118 1a43 16       		.uleb128 0x16
 6119 1a44 01       		.uleb128 0x1
 6120 1a45 50       		.byte	0x50
 6121 1a46 02       		.uleb128 0x2
 6122 1a47 08       		.byte	0x8
 6123 1a48 23       		.byte	0x23
 6124 1a49 00       		.byte	0
 6125 1a4a 15       		.uleb128 0x15
 6126 1a4b 6E000000 		.4byte	.LVL211
 6127 1a4f DC230000 		.4byte	0x23dc
 6128 1a53 5E1A0000 		.4byte	0x1a5e
 6129 1a57 16       		.uleb128 0x16
 6130 1a58 01       		.uleb128 0x1
 6131 1a59 50       		.byte	0x50
 6132 1a5a 02       		.uleb128 0x2
 6133 1a5b 08       		.byte	0x8
 6134 1a5c 2D       		.byte	0x2d
 6135 1a5d 00       		.byte	0
 6136 1a5e 15       		.uleb128 0x15
 6137 1a5f 7C000000 		.4byte	.LVL214
 6138 1a63 DC230000 		.4byte	0x23dc
 6139 1a67 711A0000 		.4byte	0x1a71
 6140 1a6b 16       		.uleb128 0x16
 6141 1a6c 01       		.uleb128 0x1
 6142 1a6d 50       		.byte	0x50
 6143 1a6e 01       		.uleb128 0x1
 6144 1a6f 3D       		.byte	0x3d
 6145 1a70 00       		.byte	0
 6146 1a71 15       		.uleb128 0x15
 6147 1a72 82000000 		.4byte	.LVL215
 6148 1a76 DC230000 		.4byte	0x23dc
 6149 1a7a 841A0000 		.4byte	0x1a84
 6150 1a7e 16       		.uleb128 0x16
 6151 1a7f 01       		.uleb128 0x1
 6152 1a80 50       		.byte	0x50
 6153 1a81 01       		.uleb128 0x1
 6154 1a82 3A       		.byte	0x3a
 6155 1a83 00       		.byte	0
 6156 1a84 15       		.uleb128 0x15
 6157 1a85 90000000 		.4byte	.LVL216
 6158 1a89 AF230000 		.4byte	0x23af
 6159 1a8d A71A0000 		.4byte	0x1aa7
 6160 1a91 16       		.uleb128 0x16
 6161 1a92 01       		.uleb128 0x1
ARM GAS  C:\Users\Lenovo\AppData\Local\Temp\ccTXWGea.s 			page 136


 6162 1a93 50       		.byte	0x50
 6163 1a94 01       		.uleb128 0x1
 6164 1a95 31       		.byte	0x31
 6165 1a96 16       		.uleb128 0x16
 6166 1a97 01       		.uleb128 0x1
 6167 1a98 51       		.byte	0x51
 6168 1a99 01       		.uleb128 0x1
 6169 1a9a 30       		.byte	0x30
 6170 1a9b 16       		.uleb128 0x16
 6171 1a9c 01       		.uleb128 0x1
 6172 1a9d 52       		.byte	0x52
 6173 1a9e 01       		.uleb128 0x1
 6174 1a9f 32       		.byte	0x32
 6175 1aa0 16       		.uleb128 0x16
 6176 1aa1 01       		.uleb128 0x1
 6177 1aa2 53       		.byte	0x53
 6178 1aa3 02       		.uleb128 0x2
 6179 1aa4 7D       		.byte	0x7d
 6180 1aa5 06       		.sleb128 6
 6181 1aa6 00       		.byte	0
 6182 1aa7 15       		.uleb128 0x15
 6183 1aa8 A0000000 		.4byte	.LVL217
 6184 1aac C4220000 		.4byte	0x22c4
 6185 1ab0 BE1A0000 		.4byte	0x1abe
 6186 1ab4 16       		.uleb128 0x16
 6187 1ab5 01       		.uleb128 0x1
 6188 1ab6 50       		.byte	0x50
 6189 1ab7 05       		.uleb128 0x5
 6190 1ab8 03       		.byte	0x3
 6191 1ab9 34070000 		.4byte	.LC145
 6192 1abd 00       		.byte	0
 6193 1abe 17       		.uleb128 0x17
 6194 1abf BA000000 		.4byte	.LVL219
 6195 1ac3 CF220000 		.4byte	0x22cf
 6196 1ac7 16       		.uleb128 0x16
 6197 1ac8 01       		.uleb128 0x1
 6198 1ac9 50       		.byte	0x50
 6199 1aca 05       		.uleb128 0x5
 6200 1acb 03       		.byte	0x3
 6201 1acc AC000000 		.4byte	.LC20
 6202 1ad0 00       		.byte	0
 6203 1ad1 00       		.byte	0
 6204 1ad2 1A       		.uleb128 0x1a
 6205 1ad3 171F0000 		.4byte	.LASF591
 6206 1ad7 01       		.byte	0x1
 6207 1ad8 AD02     		.2byte	0x2ad
 6208 1ada 00000000 		.4byte	.LFB46
 6209 1ade 64000000 		.4byte	.LFE46-.LFB46
 6210 1ae2 01       		.uleb128 0x1
 6211 1ae3 9C       		.byte	0x9c
 6212 1ae4 601B0000 		.4byte	0x1b60
 6213 1ae8 1B       		.uleb128 0x1b
 6214 1ae9 9A0B0000 		.4byte	.LASF592
 6215 1aed 01       		.byte	0x1
 6216 1aee AF02     		.2byte	0x2af
 6217 1af0 77000000 		.4byte	0x77
 6218 1af4 05       		.uleb128 0x5
ARM GAS  C:\Users\Lenovo\AppData\Local\Temp\ccTXWGea.s 			page 137


 6219 1af5 03       		.byte	0x3
 6220 1af6 0A000000 		.4byte	pwmPrevValue.9641
 6221 1afa 1B       		.uleb128 0x1b
 6222 1afb 3C060000 		.4byte	.LASF593
 6223 1aff 01       		.byte	0x1
 6224 1b00 B002     		.2byte	0x2b0
 6225 1b02 77000000 		.4byte	0x77
 6226 1b06 02       		.uleb128 0x2
 6227 1b07 91       		.byte	0x91
 6228 1b08 76       		.sleb128 -10
 6229 1b09 15       		.uleb128 0x15
 6230 1b0a 16000000 		.4byte	.LVL220
 6231 1b0e EB230000 		.4byte	0x23eb
 6232 1b12 2C1B0000 		.4byte	0x1b2c
 6233 1b16 16       		.uleb128 0x16
 6234 1b17 01       		.uleb128 0x1
 6235 1b18 50       		.byte	0x50
 6236 1b19 01       		.uleb128 0x1
 6237 1b1a 31       		.byte	0x31
 6238 1b1b 16       		.uleb128 0x16
 6239 1b1c 01       		.uleb128 0x1
 6240 1b1d 51       		.byte	0x51
 6241 1b1e 01       		.uleb128 0x1
 6242 1b1f 31       		.byte	0x31
 6243 1b20 16       		.uleb128 0x16
 6244 1b21 01       		.uleb128 0x1
 6245 1b22 52       		.byte	0x52
 6246 1b23 01       		.uleb128 0x1
 6247 1b24 32       		.byte	0x32
 6248 1b25 16       		.uleb128 0x16
 6249 1b26 01       		.uleb128 0x1
 6250 1b27 53       		.byte	0x53
 6251 1b28 02       		.uleb128 0x2
 6252 1b29 7D       		.byte	0x7d
 6253 1b2a 06       		.sleb128 6
 6254 1b2b 00       		.byte	0
 6255 1b2c 15       		.uleb128 0x15
 6256 1b2d 26000000 		.4byte	.LVL221
 6257 1b31 C4220000 		.4byte	0x22c4
 6258 1b35 431B0000 		.4byte	0x1b43
 6259 1b39 16       		.uleb128 0x16
 6260 1b3a 01       		.uleb128 0x1
 6261 1b3b 50       		.byte	0x50
 6262 1b3c 05       		.uleb128 0x5
 6263 1b3d 03       		.byte	0x3
 6264 1b3e 68070000 		.4byte	.LC149
 6265 1b42 00       		.byte	0
 6266 1b43 18       		.uleb128 0x18
 6267 1b44 3C000000 		.4byte	.LVL222
 6268 1b48 F6230000 		.4byte	0x23f6
 6269 1b4c 17       		.uleb128 0x17
 6270 1b4d 48000000 		.4byte	.LVL223
 6271 1b51 C4220000 		.4byte	0x22c4
 6272 1b55 16       		.uleb128 0x16
 6273 1b56 01       		.uleb128 0x1
 6274 1b57 50       		.byte	0x50
 6275 1b58 05       		.uleb128 0x5
ARM GAS  C:\Users\Lenovo\AppData\Local\Temp\ccTXWGea.s 			page 138


 6276 1b59 03       		.byte	0x3
 6277 1b5a 9C070000 		.4byte	.LC152
 6278 1b5e 00       		.byte	0
 6279 1b5f 00       		.byte	0
 6280 1b60 1A       		.uleb128 0x1a
 6281 1b61 60370000 		.4byte	.LASF594
 6282 1b65 01       		.byte	0x1
 6283 1b66 D202     		.2byte	0x2d2
 6284 1b68 00000000 		.4byte	.LFB47
 6285 1b6c AC000000 		.4byte	.LFE47-.LFB47
 6286 1b70 01       		.uleb128 0x1
 6287 1b71 9C       		.byte	0x9c
 6288 1b72 3B1C0000 		.4byte	0x1c3b
 6289 1b76 1B       		.uleb128 0x1b
 6290 1b77 9E380000 		.4byte	.LASF595
 6291 1b7b 01       		.byte	0x1
 6292 1b7c D402     		.2byte	0x2d4
 6293 1b7e 3B1C0000 		.4byte	0x1c3b
 6294 1b82 05       		.uleb128 0x5
 6295 1b83 03       		.byte	0x3
 6296 1b84 10000000 		.4byte	ledPrevValue.9646
 6297 1b88 1B       		.uleb128 0x1b
 6298 1b89 20150000 		.4byte	.LASF577
 6299 1b8d 01       		.byte	0x1
 6300 1b8e D602     		.2byte	0x2d6
 6301 1b90 6B000000 		.4byte	0x6b
 6302 1b94 02       		.uleb128 0x2
 6303 1b95 91       		.byte	0x91
 6304 1b96 6F       		.sleb128 -17
 6305 1b97 1F       		.uleb128 0x1f
 6306 1b98 6900     		.ascii	"i\000"
 6307 1b9a 01       		.byte	0x1
 6308 1b9b D702     		.2byte	0x2d7
 6309 1b9d 6B000000 		.4byte	0x6b
 6310 1ba1 C2070000 		.4byte	.LLST10
 6311 1ba5 15       		.uleb128 0x15
 6312 1ba6 1C000000 		.4byte	.LVL226
 6313 1baa EB230000 		.4byte	0x23eb
 6314 1bae C91B0000 		.4byte	0x1bc9
 6315 1bb2 16       		.uleb128 0x16
 6316 1bb3 01       		.uleb128 0x1
 6317 1bb4 50       		.byte	0x50
 6318 1bb5 01       		.uleb128 0x1
 6319 1bb6 30       		.byte	0x30
 6320 1bb7 16       		.uleb128 0x16
 6321 1bb8 01       		.uleb128 0x1
 6322 1bb9 51       		.byte	0x51
 6323 1bba 02       		.uleb128 0x2
 6324 1bbb 74       		.byte	0x74
 6325 1bbc 00       		.sleb128 0
 6326 1bbd 16       		.uleb128 0x16
 6327 1bbe 01       		.uleb128 0x1
 6328 1bbf 52       		.byte	0x52
 6329 1bc0 01       		.uleb128 0x1
 6330 1bc1 31       		.byte	0x31
 6331 1bc2 16       		.uleb128 0x16
 6332 1bc3 01       		.uleb128 0x1
ARM GAS  C:\Users\Lenovo\AppData\Local\Temp\ccTXWGea.s 			page 139


 6333 1bc4 53       		.byte	0x53
 6334 1bc5 02       		.uleb128 0x2
 6335 1bc6 7D       		.byte	0x7d
 6336 1bc7 07       		.sleb128 7
 6337 1bc8 00       		.byte	0
 6338 1bc9 15       		.uleb128 0x15
 6339 1bca 2C000000 		.4byte	.LVL227
 6340 1bce C4220000 		.4byte	0x22c4
 6341 1bd2 E01B0000 		.4byte	0x1be0
 6342 1bd6 16       		.uleb128 0x16
 6343 1bd7 01       		.uleb128 0x1
 6344 1bd8 50       		.byte	0x50
 6345 1bd9 05       		.uleb128 0x5
 6346 1bda 03       		.byte	0x3
 6347 1bdb 68070000 		.4byte	.LC149
 6348 1bdf 00       		.byte	0
 6349 1be0 18       		.uleb128 0x18
 6350 1be1 4C000000 		.4byte	.LVL228
 6351 1be5 83230000 		.4byte	0x2383
 6352 1be9 18       		.uleb128 0x18
 6353 1bea 5E000000 		.4byte	.LVL229
 6354 1bee 8E230000 		.4byte	0x238e
 6355 1bf2 15       		.uleb128 0x15
 6356 1bf3 66000000 		.4byte	.LVL230
 6357 1bf7 C4220000 		.4byte	0x22c4
 6358 1bfb 0F1C0000 		.4byte	0x1c0f
 6359 1bff 16       		.uleb128 0x16
 6360 1c00 01       		.uleb128 0x1
 6361 1c01 50       		.byte	0x50
 6362 1c02 05       		.uleb128 0x5
 6363 1c03 03       		.byte	0x3
 6364 1c04 C4070000 		.4byte	.LC158
 6365 1c08 16       		.uleb128 0x16
 6366 1c09 01       		.uleb128 0x1
 6367 1c0a 51       		.byte	0x51
 6368 1c0b 02       		.uleb128 0x2
 6369 1c0c 74       		.byte	0x74
 6370 1c0d 01       		.sleb128 1
 6371 1c0e 00       		.byte	0
 6372 1c0f 18       		.uleb128 0x18
 6373 1c10 6C000000 		.4byte	.LVL231
 6374 1c14 83230000 		.4byte	0x2383
 6375 1c18 18       		.uleb128 0x18
 6376 1c19 7E000000 		.4byte	.LVL232
 6377 1c1d 8E230000 		.4byte	0x238e
 6378 1c21 17       		.uleb128 0x17
 6379 1c22 86000000 		.4byte	.LVL233
 6380 1c26 C4220000 		.4byte	0x22c4
 6381 1c2a 16       		.uleb128 0x16
 6382 1c2b 01       		.uleb128 0x1
 6383 1c2c 50       		.byte	0x50
 6384 1c2d 05       		.uleb128 0x5
 6385 1c2e 03       		.byte	0x3
 6386 1c2f D4070000 		.4byte	.LC160
 6387 1c33 16       		.uleb128 0x16
 6388 1c34 01       		.uleb128 0x1
 6389 1c35 51       		.byte	0x51
ARM GAS  C:\Users\Lenovo\AppData\Local\Temp\ccTXWGea.s 			page 140


 6390 1c36 02       		.uleb128 0x2
 6391 1c37 74       		.byte	0x74
 6392 1c38 01       		.sleb128 1
 6393 1c39 00       		.byte	0
 6394 1c3a 00       		.byte	0
 6395 1c3b 20       		.uleb128 0x20
 6396 1c3c 6B000000 		.4byte	0x6b
 6397 1c40 4B1C0000 		.4byte	0x1c4b
 6398 1c44 21       		.uleb128 0x21
 6399 1c45 D2000000 		.4byte	0xd2
 6400 1c49 03       		.byte	0x3
 6401 1c4a 00       		.byte	0
 6402 1c4b 1A       		.uleb128 0x1a
 6403 1c4c F4270000 		.4byte	.LASF596
 6404 1c50 01       		.byte	0x1
 6405 1c51 0903     		.2byte	0x309
 6406 1c53 00000000 		.4byte	.LFB48
 6407 1c57 28010000 		.4byte	.LFE48-.LFB48
 6408 1c5b 01       		.uleb128 0x1
 6409 1c5c 9C       		.byte	0x9c
 6410 1c5d 981D0000 		.4byte	0x1d98
 6411 1c61 1B       		.uleb128 0x1b
 6412 1c62 64240000 		.4byte	.LASF597
 6413 1c66 01       		.byte	0x1
 6414 1c67 0B03     		.2byte	0x30b
 6415 1c69 6B000000 		.4byte	0x6b
 6416 1c6d 05       		.uleb128 0x5
 6417 1c6e 03       		.byte	0x3
 6418 1c6f 14000000 		.4byte	buttonsPrevState.9655
 6419 1c73 1F       		.uleb128 0x1f
 6420 1c74 6900     		.ascii	"i\000"
 6421 1c76 01       		.byte	0x1
 6422 1c77 0C03     		.2byte	0x30c
 6423 1c79 6B000000 		.4byte	0x6b
 6424 1c7d EC070000 		.4byte	.LLST11
 6425 1c81 18       		.uleb128 0x18
 6426 1c82 1E000000 		.4byte	.LVL237
 6427 1c86 01240000 		.4byte	0x2401
 6428 1c8a 18       		.uleb128 0x18
 6429 1c8b 24000000 		.4byte	.LVL238
 6430 1c8f 0C240000 		.4byte	0x240c
 6431 1c93 15       		.uleb128 0x15
 6432 1c94 6C000000 		.4byte	.LVL243
 6433 1c98 AF230000 		.4byte	0x23af
 6434 1c9c BA1C0000 		.4byte	0x1cba
 6435 1ca0 16       		.uleb128 0x16
 6436 1ca1 01       		.uleb128 0x1
 6437 1ca2 50       		.byte	0x50
 6438 1ca3 01       		.uleb128 0x1
 6439 1ca4 30       		.byte	0x30
 6440 1ca5 16       		.uleb128 0x16
 6441 1ca6 01       		.uleb128 0x1
 6442 1ca7 51       		.byte	0x51
 6443 1ca8 02       		.uleb128 0x2
 6444 1ca9 75       		.byte	0x75
 6445 1caa 00       		.sleb128 0
 6446 1cab 16       		.uleb128 0x16
ARM GAS  C:\Users\Lenovo\AppData\Local\Temp\ccTXWGea.s 			page 141


 6447 1cac 01       		.uleb128 0x1
 6448 1cad 52       		.byte	0x52
 6449 1cae 01       		.uleb128 0x1
 6450 1caf 31       		.byte	0x31
 6451 1cb0 16       		.uleb128 0x16
 6452 1cb1 01       		.uleb128 0x1
 6453 1cb2 53       		.byte	0x53
 6454 1cb3 05       		.uleb128 0x5
 6455 1cb4 03       		.byte	0x3
 6456 1cb5 05000000 		.4byte	.LANCHOR0+5
 6457 1cb9 00       		.byte	0
 6458 1cba 15       		.uleb128 0x15
 6459 1cbb 7C000000 		.4byte	.LVL244
 6460 1cbf C4220000 		.4byte	0x22c4
 6461 1cc3 D11C0000 		.4byte	0x1cd1
 6462 1cc7 16       		.uleb128 0x16
 6463 1cc8 01       		.uleb128 0x1
 6464 1cc9 50       		.byte	0x50
 6465 1cca 05       		.uleb128 0x5
 6466 1ccb 03       		.byte	0x3
 6467 1ccc 34070000 		.4byte	.LC145
 6468 1cd0 00       		.byte	0
 6469 1cd1 15       		.uleb128 0x15
 6470 1cd2 8E000000 		.4byte	.LVL245
 6471 1cd6 C4220000 		.4byte	0x22c4
 6472 1cda EE1C0000 		.4byte	0x1cee
 6473 1cde 16       		.uleb128 0x16
 6474 1cdf 01       		.uleb128 0x1
 6475 1ce0 50       		.byte	0x50
 6476 1ce1 05       		.uleb128 0x5
 6477 1ce2 03       		.byte	0x3
 6478 1ce3 E4070000 		.4byte	.LC166
 6479 1ce7 16       		.uleb128 0x16
 6480 1ce8 01       		.uleb128 0x1
 6481 1ce9 51       		.byte	0x51
 6482 1cea 02       		.uleb128 0x2
 6483 1ceb 74       		.byte	0x74
 6484 1cec 01       		.sleb128 1
 6485 1ced 00       		.byte	0
 6486 1cee 15       		.uleb128 0x15
 6487 1cef 98000000 		.4byte	.LVL246
 6488 1cf3 C4220000 		.4byte	0x22c4
 6489 1cf7 0B1D0000 		.4byte	0x1d0b
 6490 1cfb 16       		.uleb128 0x16
 6491 1cfc 01       		.uleb128 0x1
 6492 1cfd 50       		.byte	0x50
 6493 1cfe 05       		.uleb128 0x5
 6494 1cff 03       		.byte	0x3
 6495 1d00 14080000 		.4byte	.LC168
 6496 1d04 16       		.uleb128 0x16
 6497 1d05 01       		.uleb128 0x1
 6498 1d06 51       		.byte	0x51
 6499 1d07 02       		.uleb128 0x2
 6500 1d08 74       		.byte	0x74
 6501 1d09 01       		.sleb128 1
 6502 1d0a 00       		.byte	0
 6503 1d0b 15       		.uleb128 0x15
ARM GAS  C:\Users\Lenovo\AppData\Local\Temp\ccTXWGea.s 			page 142


 6504 1d0c A8000000 		.4byte	.LVL247
 6505 1d10 C4220000 		.4byte	0x22c4
 6506 1d14 281D0000 		.4byte	0x1d28
 6507 1d18 16       		.uleb128 0x16
 6508 1d19 01       		.uleb128 0x1
 6509 1d1a 50       		.byte	0x50
 6510 1d1b 05       		.uleb128 0x5
 6511 1d1c 03       		.byte	0x3
 6512 1d1d 44080000 		.4byte	.LC171
 6513 1d21 16       		.uleb128 0x16
 6514 1d22 01       		.uleb128 0x1
 6515 1d23 51       		.byte	0x51
 6516 1d24 02       		.uleb128 0x2
 6517 1d25 74       		.byte	0x74
 6518 1d26 01       		.sleb128 1
 6519 1d27 00       		.byte	0
 6520 1d28 15       		.uleb128 0x15
 6521 1d29 B2000000 		.4byte	.LVL248
 6522 1d2d C4220000 		.4byte	0x22c4
 6523 1d31 3F1D0000 		.4byte	0x1d3f
 6524 1d35 16       		.uleb128 0x16
 6525 1d36 01       		.uleb128 0x1
 6526 1d37 50       		.byte	0x50
 6527 1d38 05       		.uleb128 0x5
 6528 1d39 03       		.byte	0x3
 6529 1d3a 6C080000 		.4byte	.LC173
 6530 1d3e 00       		.byte	0
 6531 1d3f 15       		.uleb128 0x15
 6532 1d40 CA000000 		.4byte	.LVL249
 6533 1d44 A4230000 		.4byte	0x23a4
 6534 1d48 641D0000 		.4byte	0x1d64
 6535 1d4c 16       		.uleb128 0x16
 6536 1d4d 01       		.uleb128 0x1
 6537 1d4e 51       		.byte	0x51
 6538 1d4f 01       		.uleb128 0x1
 6539 1d50 30       		.byte	0x30
 6540 1d51 16       		.uleb128 0x16
 6541 1d52 01       		.uleb128 0x1
 6542 1d53 52       		.byte	0x52
 6543 1d54 02       		.uleb128 0x2
 6544 1d55 75       		.byte	0x75
 6545 1d56 00       		.sleb128 0
 6546 1d57 16       		.uleb128 0x16
 6547 1d58 01       		.uleb128 0x1
 6548 1d59 53       		.byte	0x53
 6549 1d5a 01       		.uleb128 0x1
 6550 1d5b 31       		.byte	0x31
 6551 1d5c 16       		.uleb128 0x16
 6552 1d5d 02       		.uleb128 0x2
 6553 1d5e 7D       		.byte	0x7d
 6554 1d5f 00       		.sleb128 0
 6555 1d60 02       		.uleb128 0x2
 6556 1d61 74       		.byte	0x74
 6557 1d62 00       		.sleb128 0
 6558 1d63 00       		.byte	0
 6559 1d64 15       		.uleb128 0x15
 6560 1d65 D8000000 		.4byte	.LVL250
ARM GAS  C:\Users\Lenovo\AppData\Local\Temp\ccTXWGea.s 			page 143


 6561 1d69 C4220000 		.4byte	0x22c4
 6562 1d6d 7B1D0000 		.4byte	0x1d7b
 6563 1d71 16       		.uleb128 0x16
 6564 1d72 01       		.uleb128 0x1
 6565 1d73 50       		.byte	0x50
 6566 1d74 05       		.uleb128 0x5
 6567 1d75 03       		.byte	0x3
 6568 1d76 7C080000 		.4byte	.LC176
 6569 1d7a 00       		.byte	0
 6570 1d7b 18       		.uleb128 0x18
 6571 1d7c DC000000 		.4byte	.LVL251
 6572 1d80 43230000 		.4byte	0x2343
 6573 1d84 17       		.uleb128 0x17
 6574 1d85 E4000000 		.4byte	.LVL252
 6575 1d89 CF220000 		.4byte	0x22cf
 6576 1d8d 16       		.uleb128 0x16
 6577 1d8e 01       		.uleb128 0x1
 6578 1d8f 50       		.byte	0x50
 6579 1d90 05       		.uleb128 0x5
 6580 1d91 03       		.byte	0x3
 6581 1d92 98080000 		.4byte	.LC178
 6582 1d96 00       		.byte	0
 6583 1d97 00       		.byte	0
 6584 1d98 1E       		.uleb128 0x1e
 6585 1d99 E9100000 		.4byte	.LASF598
 6586 1d9d 01       		.byte	0x1
 6587 1d9e 6D03     		.2byte	0x36d
 6588 1da0 00000000 		.4byte	.LFB49
 6589 1da4 60010000 		.4byte	.LFE49-.LFB49
 6590 1da8 01       		.uleb128 0x1
 6591 1da9 9C       		.byte	0x9c
 6592 1daa EB1E0000 		.4byte	0x1eeb
 6593 1dae 18       		.uleb128 0x18
 6594 1daf 14000000 		.4byte	.LVL255
 6595 1db3 17240000 		.4byte	0x2417
 6596 1db7 15       		.uleb128 0x15
 6597 1db8 4A000000 		.4byte	.LVL256
 6598 1dbc CF220000 		.4byte	0x22cf
 6599 1dc0 CE1D0000 		.4byte	0x1dce
 6600 1dc4 16       		.uleb128 0x16
 6601 1dc5 01       		.uleb128 0x1
 6602 1dc6 50       		.byte	0x50
 6603 1dc7 05       		.uleb128 0x5
 6604 1dc8 03       		.byte	0x3
 6605 1dc9 BC080000 		.4byte	.LC183
 6606 1dcd 00       		.byte	0
 6607 1dce 15       		.uleb128 0x15
 6608 1dcf 56000000 		.4byte	.LVL257
 6609 1dd3 23240000 		.4byte	0x2423
 6610 1dd7 E61D0000 		.4byte	0x1de6
 6611 1ddb 16       		.uleb128 0x16
 6612 1ddc 01       		.uleb128 0x1
 6613 1ddd 51       		.byte	0x51
 6614 1dde 01       		.uleb128 0x1
 6615 1ddf 30       		.byte	0x30
 6616 1de0 16       		.uleb128 0x16
 6617 1de1 01       		.uleb128 0x1
ARM GAS  C:\Users\Lenovo\AppData\Local\Temp\ccTXWGea.s 			page 144


 6618 1de2 52       		.byte	0x52
 6619 1de3 01       		.uleb128 0x1
 6620 1de4 31       		.byte	0x31
 6621 1de5 00       		.byte	0
 6622 1de6 15       		.uleb128 0x15
 6623 1de7 64000000 		.4byte	.LVL258
 6624 1deb C4220000 		.4byte	0x22c4
 6625 1def FD1D0000 		.4byte	0x1dfd
 6626 1df3 16       		.uleb128 0x16
 6627 1df4 01       		.uleb128 0x1
 6628 1df5 50       		.byte	0x50
 6629 1df6 05       		.uleb128 0x5
 6630 1df7 03       		.byte	0x3
 6631 1df8 D8080000 		.4byte	.LC187
 6632 1dfc 00       		.byte	0
 6633 1dfd 18       		.uleb128 0x18
 6634 1dfe 68000000 		.4byte	.LVL259
 6635 1e02 43230000 		.4byte	0x2343
 6636 1e06 15       		.uleb128 0x15
 6637 1e07 7A000000 		.4byte	.LVL260
 6638 1e0b CF220000 		.4byte	0x22cf
 6639 1e0f 1D1E0000 		.4byte	0x1e1d
 6640 1e13 16       		.uleb128 0x16
 6641 1e14 01       		.uleb128 0x1
 6642 1e15 50       		.byte	0x50
 6643 1e16 05       		.uleb128 0x5
 6644 1e17 03       		.byte	0x3
 6645 1e18 00090000 		.4byte	.LC189
 6646 1e1c 00       		.byte	0
 6647 1e1d 15       		.uleb128 0x15
 6648 1e1e 86000000 		.4byte	.LVL261
 6649 1e22 23240000 		.4byte	0x2423
 6650 1e26 351E0000 		.4byte	0x1e35
 6651 1e2a 16       		.uleb128 0x16
 6652 1e2b 01       		.uleb128 0x1
 6653 1e2c 51       		.byte	0x51
 6654 1e2d 01       		.uleb128 0x1
 6655 1e2e 30       		.byte	0x30
 6656 1e2f 16       		.uleb128 0x16
 6657 1e30 01       		.uleb128 0x1
 6658 1e31 52       		.byte	0x52
 6659 1e32 01       		.uleb128 0x1
 6660 1e33 30       		.byte	0x30
 6661 1e34 00       		.byte	0
 6662 1e35 15       		.uleb128 0x15
 6663 1e36 94000000 		.4byte	.LVL262
 6664 1e3a C4220000 		.4byte	0x22c4
 6665 1e3e 4C1E0000 		.4byte	0x1e4c
 6666 1e42 16       		.uleb128 0x16
 6667 1e43 01       		.uleb128 0x1
 6668 1e44 50       		.byte	0x50
 6669 1e45 05       		.uleb128 0x5
 6670 1e46 03       		.byte	0x3
 6671 1e47 D8080000 		.4byte	.LC187
 6672 1e4b 00       		.byte	0
 6673 1e4c 18       		.uleb128 0x18
 6674 1e4d 98000000 		.4byte	.LVL263
ARM GAS  C:\Users\Lenovo\AppData\Local\Temp\ccTXWGea.s 			page 145


 6675 1e51 43230000 		.4byte	0x2343
 6676 1e55 15       		.uleb128 0x15
 6677 1e56 A6000000 		.4byte	.LVL264
 6678 1e5a CF220000 		.4byte	0x22cf
 6679 1e5e 6C1E0000 		.4byte	0x1e6c
 6680 1e62 16       		.uleb128 0x16
 6681 1e63 01       		.uleb128 0x1
 6682 1e64 50       		.byte	0x50
 6683 1e65 05       		.uleb128 0x5
 6684 1e66 03       		.byte	0x3
 6685 1e67 1C090000 		.4byte	.LC191
 6686 1e6b 00       		.byte	0
 6687 1e6c 18       		.uleb128 0x18
 6688 1e6d AC000000 		.4byte	.LVL265
 6689 1e71 17240000 		.4byte	0x2417
 6690 1e75 15       		.uleb128 0x15
 6691 1e76 EA000000 		.4byte	.LVL267
 6692 1e7a 2F240000 		.4byte	0x242f
 6693 1e7e 891E0000 		.4byte	0x1e89
 6694 1e82 16       		.uleb128 0x16
 6695 1e83 01       		.uleb128 0x1
 6696 1e84 50       		.byte	0x50
 6697 1e85 02       		.uleb128 0x2
 6698 1e86 74       		.byte	0x74
 6699 1e87 00       		.sleb128 0
 6700 1e88 00       		.byte	0
 6701 1e89 15       		.uleb128 0x15
 6702 1e8a F2000000 		.4byte	.LVL268
 6703 1e8e CF220000 		.4byte	0x22cf
 6704 1e92 A01E0000 		.4byte	0x1ea0
 6705 1e96 16       		.uleb128 0x16
 6706 1e97 01       		.uleb128 0x1
 6707 1e98 50       		.byte	0x50
 6708 1e99 05       		.uleb128 0x5
 6709 1e9a 03       		.byte	0x3
 6710 1e9b 44090000 		.4byte	.LC196
 6711 1e9f 00       		.byte	0
 6712 1ea0 15       		.uleb128 0x15
 6713 1ea1 00010000 		.4byte	.LVL269
 6714 1ea5 CF220000 		.4byte	0x22cf
 6715 1ea9 B71E0000 		.4byte	0x1eb7
 6716 1ead 16       		.uleb128 0x16
 6717 1eae 01       		.uleb128 0x1
 6718 1eaf 50       		.byte	0x50
 6719 1eb0 05       		.uleb128 0x5
 6720 1eb1 03       		.byte	0x3
 6721 1eb2 AC000000 		.4byte	.LC20
 6722 1eb6 00       		.byte	0
 6723 1eb7 15       		.uleb128 0x15
 6724 1eb8 0E010000 		.4byte	.LVL270
 6725 1ebc 23240000 		.4byte	0x2423
 6726 1ec0 CA1E0000 		.4byte	0x1eca
 6727 1ec4 16       		.uleb128 0x16
 6728 1ec5 01       		.uleb128 0x1
 6729 1ec6 52       		.byte	0x52
 6730 1ec7 01       		.uleb128 0x1
 6731 1ec8 31       		.byte	0x31
ARM GAS  C:\Users\Lenovo\AppData\Local\Temp\ccTXWGea.s 			page 146


 6732 1ec9 00       		.byte	0
 6733 1eca 15       		.uleb128 0x15
 6734 1ecb 1C010000 		.4byte	.LVL271
 6735 1ecf C4220000 		.4byte	0x22c4
 6736 1ed3 E11E0000 		.4byte	0x1ee1
 6737 1ed7 16       		.uleb128 0x16
 6738 1ed8 01       		.uleb128 0x1
 6739 1ed9 50       		.byte	0x50
 6740 1eda 05       		.uleb128 0x5
 6741 1edb 03       		.byte	0x3
 6742 1edc 5C090000 		.4byte	.LC199
 6743 1ee0 00       		.byte	0
 6744 1ee1 18       		.uleb128 0x18
 6745 1ee2 20010000 		.4byte	.LVL272
 6746 1ee6 43230000 		.4byte	0x2343
 6747 1eea 00       		.byte	0
 6748 1eeb 1A       		.uleb128 0x1a
 6749 1eec 8A3B0000 		.4byte	.LASF599
 6750 1ef0 01       		.byte	0x1
 6751 1ef1 FE03     		.2byte	0x3fe
 6752 1ef3 00000000 		.4byte	.LFB51
 6753 1ef7 4C000000 		.4byte	.LFE51-.LFB51
 6754 1efb 01       		.uleb128 0x1
 6755 1efc 9C       		.byte	0x9c
 6756 1efd 621F0000 		.4byte	0x1f62
 6757 1f01 1B       		.uleb128 0x1b
 6758 1f02 BE3A0000 		.4byte	.LASF600
 6759 1f06 01       		.byte	0x1
 6760 1f07 0004     		.2byte	0x400
 6761 1f09 77000000 		.4byte	0x77
 6762 1f0d 05       		.uleb128 0x5
 6763 1f0e 03       		.byte	0x3
 6764 1f0f 16000000 		.4byte	prevValue.9677
 6765 1f13 1B       		.uleb128 0x1b
 6766 1f14 4F200000 		.4byte	.LASF580
 6767 1f18 01       		.byte	0x1
 6768 1f19 0104     		.2byte	0x401
 6769 1f1b 77000000 		.4byte	0x77
 6770 1f1f 02       		.uleb128 0x2
 6771 1f20 91       		.byte	0x91
 6772 1f21 76       		.sleb128 -10
 6773 1f22 15       		.uleb128 0x15
 6774 1f23 16000000 		.4byte	.LVL273
 6775 1f27 EB230000 		.4byte	0x23eb
 6776 1f2b 451F0000 		.4byte	0x1f45
 6777 1f2f 16       		.uleb128 0x16
 6778 1f30 01       		.uleb128 0x1
 6779 1f31 50       		.byte	0x50
 6780 1f32 01       		.uleb128 0x1
 6781 1f33 31       		.byte	0x31
 6782 1f34 16       		.uleb128 0x16
 6783 1f35 01       		.uleb128 0x1
 6784 1f36 51       		.byte	0x51
 6785 1f37 01       		.uleb128 0x1
 6786 1f38 33       		.byte	0x33
 6787 1f39 16       		.uleb128 0x16
 6788 1f3a 01       		.uleb128 0x1
ARM GAS  C:\Users\Lenovo\AppData\Local\Temp\ccTXWGea.s 			page 147


 6789 1f3b 52       		.byte	0x52
 6790 1f3c 01       		.uleb128 0x1
 6791 1f3d 32       		.byte	0x32
 6792 1f3e 16       		.uleb128 0x16
 6793 1f3f 01       		.uleb128 0x1
 6794 1f40 53       		.byte	0x53
 6795 1f41 02       		.uleb128 0x2
 6796 1f42 7D       		.byte	0x7d
 6797 1f43 06       		.sleb128 6
 6798 1f44 00       		.byte	0
 6799 1f45 18       		.uleb128 0x18
 6800 1f46 32000000 		.4byte	.LVL274
 6801 1f4a 9E180000 		.4byte	0x189e
 6802 1f4e 17       		.uleb128 0x17
 6803 1f4f 3C000000 		.4byte	.LVL275
 6804 1f53 C4220000 		.4byte	0x22c4
 6805 1f57 16       		.uleb128 0x16
 6806 1f58 01       		.uleb128 0x1
 6807 1f59 50       		.byte	0x50
 6808 1f5a 05       		.uleb128 0x5
 6809 1f5b 03       		.byte	0x3
 6810 1f5c 84090000 		.4byte	.LC203
 6811 1f60 00       		.byte	0
 6812 1f61 00       		.byte	0
 6813 1f62 22       		.uleb128 0x22
 6814 1f63 C6490000 		.4byte	.LASF676
 6815 1f67 01       		.byte	0x1
 6816 1f68 2704     		.2byte	0x427
 6817 1f6a 5D000000 		.4byte	0x5d
 6818 1f6e 00000000 		.4byte	.LFB52
 6819 1f72 F0000000 		.4byte	.LFE52-.LFB52
 6820 1f76 01       		.uleb128 0x1
 6821 1f77 9C       		.byte	0x9c
 6822 1f78 28210000 		.4byte	0x2128
 6823 1f7c 15       		.uleb128 0x15
 6824 1f7d 0A000000 		.4byte	.LVL276
 6825 1f81 F4220000 		.4byte	0x22f4
 6826 1f85 8F1F0000 		.4byte	0x1f8f
 6827 1f89 16       		.uleb128 0x16
 6828 1f8a 01       		.uleb128 0x1
 6829 1f8b 50       		.byte	0x50
 6830 1f8c 01       		.uleb128 0x1
 6831 1f8d 31       		.byte	0x31
 6832 1f8e 00       		.byte	0
 6833 1f8f 15       		.uleb128 0x15
 6834 1f90 10000000 		.4byte	.LVL277
 6835 1f94 E9220000 		.4byte	0x22e9
 6836 1f98 A21F0000 		.4byte	0x1fa2
 6837 1f9c 16       		.uleb128 0x16
 6838 1f9d 01       		.uleb128 0x1
 6839 1f9e 50       		.byte	0x50
 6840 1f9f 01       		.uleb128 0x1
 6841 1fa0 31       		.byte	0x31
 6842 1fa1 00       		.byte	0
 6843 1fa2 18       		.uleb128 0x18
 6844 1fa3 14000000 		.4byte	.LVL278
 6845 1fa7 3B240000 		.4byte	0x243b
ARM GAS  C:\Users\Lenovo\AppData\Local\Temp\ccTXWGea.s 			page 148


 6846 1fab 18       		.uleb128 0x18
 6847 1fac 18000000 		.4byte	.LVL279
 6848 1fb0 46240000 		.4byte	0x2446
 6849 1fb4 18       		.uleb128 0x18
 6850 1fb5 1C000000 		.4byte	.LVL280
 6851 1fb9 51240000 		.4byte	0x2451
 6852 1fbd 15       		.uleb128 0x15
 6853 1fbe 22000000 		.4byte	.LVL281
 6854 1fc2 CF220000 		.4byte	0x22cf
 6855 1fc6 D41F0000 		.4byte	0x1fd4
 6856 1fca 16       		.uleb128 0x16
 6857 1fcb 01       		.uleb128 0x1
 6858 1fcc 50       		.byte	0x50
 6859 1fcd 05       		.uleb128 0x5
 6860 1fce 03       		.byte	0x3
 6861 1fcf 94090000 		.4byte	.LC205
 6862 1fd3 00       		.byte	0
 6863 1fd4 15       		.uleb128 0x15
 6864 1fd5 28000000 		.4byte	.LVL282
 6865 1fd9 5C240000 		.4byte	0x245c
 6866 1fdd EB1F0000 		.4byte	0x1feb
 6867 1fe1 16       		.uleb128 0x16
 6868 1fe2 01       		.uleb128 0x1
 6869 1fe3 50       		.byte	0x50
 6870 1fe4 05       		.uleb128 0x5
 6871 1fe5 03       		.byte	0x3
 6872 1fe6 00000000 		.4byte	AppCallBack
 6873 1fea 00       		.byte	0
 6874 1feb 15       		.uleb128 0x15
 6875 1fec 36000000 		.4byte	.LVL283
 6876 1ff0 C4220000 		.4byte	0x22c4
 6877 1ff4 02200000 		.4byte	0x2002
 6878 1ff8 16       		.uleb128 0x16
 6879 1ff9 01       		.uleb128 0x1
 6880 1ffa 50       		.byte	0x50
 6881 1ffb 05       		.uleb128 0x5
 6882 1ffc 03       		.byte	0x3
 6883 1ffd C0090000 		.4byte	.LC209
 6884 2001 00       		.byte	0
 6885 2002 18       		.uleb128 0x18
 6886 2003 3A000000 		.4byte	.LVL284
 6887 2007 43230000 		.4byte	0x2343
 6888 200b 18       		.uleb128 0x18
 6889 200c 3E000000 		.4byte	.LVL285
 6890 2010 68240000 		.4byte	0x2468
 6891 2014 18       		.uleb128 0x18
 6892 2015 42000000 		.4byte	.LVL286
 6893 2019 73240000 		.4byte	0x2473
 6894 201d 18       		.uleb128 0x18
 6895 201e 46000000 		.4byte	.LVL287
 6896 2022 7E240000 		.4byte	0x247e
 6897 2026 18       		.uleb128 0x18
 6898 2027 4A000000 		.4byte	.LVL288
 6899 202b 89240000 		.4byte	0x2489
 6900 202f 15       		.uleb128 0x15
 6901 2030 50000000 		.4byte	.LVL289
 6902 2034 94240000 		.4byte	0x2494
ARM GAS  C:\Users\Lenovo\AppData\Local\Temp\ccTXWGea.s 			page 149


 6903 2038 46200000 		.4byte	0x2046
 6904 203c 16       		.uleb128 0x16
 6905 203d 01       		.uleb128 0x1
 6906 203e 50       		.byte	0x50
 6907 203f 05       		.uleb128 0x5
 6908 2040 03       		.byte	0x3
 6909 2041 00000000 		.4byte	ButtonPressInt
 6910 2045 00       		.byte	0
 6911 2046 18       		.uleb128 0x18
 6912 2047 54000000 		.4byte	.LVL290
 6913 204b 9F240000 		.4byte	0x249f
 6914 204f 18       		.uleb128 0x18
 6915 2050 58000000 		.4byte	.LVL291
 6916 2054 AA240000 		.4byte	0x24aa
 6917 2058 18       		.uleb128 0x18
 6918 2059 5C000000 		.4byte	.LVL292
 6919 205d B5240000 		.4byte	0x24b5
 6920 2061 15       		.uleb128 0x15
 6921 2062 62000000 		.4byte	.LVL293
 6922 2066 C0240000 		.4byte	0x24c0
 6923 206a 78200000 		.4byte	0x2078
 6924 206e 16       		.uleb128 0x16
 6925 206f 01       		.uleb128 0x1
 6926 2070 50       		.byte	0x50
 6927 2071 05       		.uleb128 0x5
 6928 2072 03       		.byte	0x3
 6929 2073 00000000 		.4byte	ADC_Ready
 6930 2077 00       		.byte	0
 6931 2078 15       		.uleb128 0x15
 6932 2079 6A000000 		.4byte	.LVL294
 6933 207d CB240000 		.4byte	0x24cb
 6934 2081 94200000 		.4byte	0x2094
 6935 2085 16       		.uleb128 0x16
 6936 2086 01       		.uleb128 0x1
 6937 2087 50       		.byte	0x50
 6938 2088 01       		.uleb128 0x1
 6939 2089 32       		.byte	0x32
 6940 208a 16       		.uleb128 0x16
 6941 208b 01       		.uleb128 0x1
 6942 208c 51       		.byte	0x51
 6943 208d 05       		.uleb128 0x5
 6944 208e 03       		.byte	0x3
 6945 208f 00000000 		.4byte	isr_100Hz
 6946 2093 00       		.byte	0
 6947 2094 15       		.uleb128 0x15
 6948 2095 70000000 		.4byte	.LVL295
 6949 2099 D6240000 		.4byte	0x24d6
 6950 209d A7200000 		.4byte	0x20a7
 6951 20a1 16       		.uleb128 0x16
 6952 20a2 01       		.uleb128 0x1
 6953 20a3 50       		.byte	0x50
 6954 20a4 01       		.uleb128 0x1
 6955 20a5 32       		.byte	0x32
 6956 20a6 00       		.byte	0
 6957 20a7 18       		.uleb128 0x18
 6958 20a8 74000000 		.4byte	.LVL296
 6959 20ac D3180000 		.4byte	0x18d3
ARM GAS  C:\Users\Lenovo\AppData\Local\Temp\ccTXWGea.s 			page 150


 6960 20b0 18       		.uleb128 0x18
 6961 20b1 78000000 		.4byte	.LVL297
 6962 20b5 89240000 		.4byte	0x2489
 6963 20b9 18       		.uleb128 0x18
 6964 20ba 7C000000 		.4byte	.LVL298
 6965 20be D21A0000 		.4byte	0x1ad2
 6966 20c2 18       		.uleb128 0x18
 6967 20c3 80000000 		.4byte	.LVL299
 6968 20c7 601B0000 		.4byte	0x1b60
 6969 20cb 18       		.uleb128 0x18
 6970 20cc 84000000 		.4byte	.LVL300
 6971 20d0 99190000 		.4byte	0x1999
 6972 20d4 18       		.uleb128 0x18
 6973 20d5 88000000 		.4byte	.LVL301
 6974 20d9 E1240000 		.4byte	0x24e1
 6975 20dd 18       		.uleb128 0x18
 6976 20de 8C000000 		.4byte	.LVL302
 6977 20e2 4B1C0000 		.4byte	0x1c4b
 6978 20e6 18       		.uleb128 0x18
 6979 20e7 90000000 		.4byte	.LVL303
 6980 20eb 981D0000 		.4byte	0x1d98
 6981 20ef 18       		.uleb128 0x18
 6982 20f0 94000000 		.4byte	.LVL304
 6983 20f4 EB1E0000 		.4byte	0x1eeb
 6984 20f8 18       		.uleb128 0x18
 6985 20f9 A0000000 		.4byte	.LVL305
 6986 20fd 20230000 		.4byte	0x2320
 6987 2101 15       		.uleb128 0x15
 6988 2102 BA000000 		.4byte	.LVL306
 6989 2106 ED240000 		.4byte	0x24ed
 6990 210a 14210000 		.4byte	0x2114
 6991 210e 16       		.uleb128 0x16
 6992 210f 01       		.uleb128 0x1
 6993 2110 50       		.byte	0x50
 6994 2111 01       		.uleb128 0x1
 6995 2112 30       		.byte	0x30
 6996 2113 00       		.byte	0
 6997 2114 17       		.uleb128 0x17
 6998 2115 C6000000 		.4byte	.LVL307
 6999 2119 C4220000 		.4byte	0x22c4
 7000 211d 16       		.uleb128 0x16
 7001 211e 01       		.uleb128 0x1
 7002 211f 50       		.byte	0x50
 7003 2120 05       		.uleb128 0x5
 7004 2121 03       		.byte	0x3
 7005 2122 D8090000 		.4byte	.LC215
 7006 2126 00       		.byte	0
 7007 2127 00       		.byte	0
 7008 2128 23       		.uleb128 0x23
 7009 2129 1E410000 		.4byte	.LASF601
 7010 212d 0C       		.byte	0xc
 7011 212e A602     		.2byte	0x2a6
 7012 2130 B1040000 		.4byte	0x4b1
 7013 2134 23       		.uleb128 0x23
 7014 2135 73420000 		.4byte	.LASF602
 7015 2139 0C       		.byte	0xc
 7016 213a C202     		.2byte	0x2c2
ARM GAS  C:\Users\Lenovo\AppData\Local\Temp\ccTXWGea.s 			page 151


 7017 213c 6B000000 		.4byte	0x6b
 7018 2140 23       		.uleb128 0x23
 7019 2141 D8020000 		.4byte	.LASF603
 7020 2145 0A       		.byte	0xa
 7021 2146 B30A     		.2byte	0xab3
 7022 2148 33100000 		.4byte	0x1033
 7023 214c 23       		.uleb128 0x23
 7024 214d 84350000 		.4byte	.LASF604
 7025 2151 0A       		.byte	0xa
 7026 2152 B40A     		.2byte	0xab4
 7027 2154 00070000 		.4byte	0x700
 7028 2158 24       		.uleb128 0x24
 7029 2159 701C0000 		.4byte	.LASF605
 7030 215d 01       		.byte	0x1
 7031 215e 1F       		.byte	0x1f
 7032 215f 78030000 		.4byte	0x378
 7033 2163 05       		.uleb128 0x5
 7034 2164 03       		.byte	0x3
 7035 2165 00000000 		.4byte	apiResult
 7036 2169 24       		.uleb128 0x24
 7037 216a 8D030000 		.4byte	.LASF606
 7038 216e 01       		.byte	0x1
 7039 216f 1D       		.byte	0x1d
 7040 2170 70100000 		.4byte	0x1070
 7041 2174 05       		.uleb128 0x5
 7042 2175 03       		.byte	0x3
 7043 2176 00000000 		.4byte	authState
 7044 217a 24       		.uleb128 0x24
 7045 217b B01F0000 		.4byte	.LASF607
 7046 217f 01       		.byte	0x1
 7047 2180 1E       		.byte	0x1e
 7048 2181 B1040000 		.4byte	0x4b1
 7049 2185 05       		.uleb128 0x5
 7050 2186 03       		.byte	0x3
 7051 2187 00000000 		.4byte	peerAuthInfo
 7052 218b 24       		.uleb128 0x24
 7053 218c CF420000 		.4byte	.LASF240
 7054 2190 01       		.byte	0x1
 7055 2191 20       		.byte	0x20
 7056 2192 00070000 		.4byte	0x700
 7057 2196 05       		.uleb128 0x5
 7058 2197 03       		.byte	0x3
 7059 2198 00000000 		.4byte	connHandle
 7060 219c 24       		.uleb128 0x24
 7061 219d 3F480000 		.4byte	.LASF608
 7062 21a1 01       		.byte	0x1
 7063 21a2 21       		.byte	0x21
 7064 21a3 83000000 		.4byte	0x83
 7065 21a7 05       		.uleb128 0x5
 7066 21a8 03       		.byte	0x3
 7067 21a9 00000000 		.4byte	passkeyValue
 7068 21ad 24       		.uleb128 0x24
 7069 21ae E7010000 		.4byte	.LASF609
 7070 21b2 01       		.byte	0x1
 7071 21b3 22       		.byte	0x22
 7072 21b4 83000000 		.4byte	0x83
 7073 21b8 05       		.uleb128 0x5
ARM GAS  C:\Users\Lenovo\AppData\Local\Temp\ccTXWGea.s 			page 152


 7074 21b9 03       		.byte	0x3
 7075 21ba 00000000 		.4byte	passkeyPow
 7076 21be 24       		.uleb128 0x24
 7077 21bf 230F0000 		.4byte	.LASF610
 7078 21c3 01       		.byte	0x1
 7079 21c4 23       		.byte	0x23
 7080 21c5 6B000000 		.4byte	0x6b
 7081 21c9 05       		.uleb128 0x5
 7082 21ca 03       		.byte	0x3
 7083 21cb 00000000 		.4byte	passkeyCounter
 7084 21cf 24       		.uleb128 0x24
 7085 21d0 53350000 		.4byte	.LASF611
 7086 21d4 01       		.byte	0x1
 7087 21d5 24       		.byte	0x24
 7088 21d6 6B000000 		.4byte	0x6b
 7089 21da 05       		.uleb128 0x5
 7090 21db 03       		.byte	0x3
 7091 21dc 00000000 		.4byte	buttonState
 7092 21e0 24       		.uleb128 0x24
 7093 21e1 F91C0000 		.4byte	.LASF612
 7094 21e5 01       		.byte	0x1
 7095 21e6 25       		.byte	0x25
 7096 21e7 9D000000 		.4byte	0x9d
 7097 21eb 05       		.uleb128 0x5
 7098 21ec 03       		.byte	0x3
 7099 21ed 00000000 		.4byte	command
 7100 21f1 24       		.uleb128 0x24
 7101 21f2 33240000 		.4byte	.LASF613
 7102 21f6 01       		.byte	0x1
 7103 21f7 26       		.byte	0x26
 7104 21f8 6B000000 		.4byte	0x6b
 7105 21fc 05       		.uleb128 0x5
 7106 21fd 03       		.byte	0x3
 7107 21fe 00000000 		.4byte	customCommand
 7108 2202 20       		.uleb128 0x20
 7109 2203 12220000 		.4byte	0x2212
 7110 2207 12220000 		.4byte	0x2212
 7111 220b 21       		.uleb128 0x21
 7112 220c D2000000 		.4byte	0xd2
 7113 2210 03       		.byte	0x3
 7114 2211 00       		.byte	0
 7115 2212 25       		.uleb128 0x25
 7116 2213 6B000000 		.4byte	0x6b
 7117 2217 24       		.uleb128 0x24
 7118 2218 064B0000 		.4byte	.LASF614
 7119 221c 01       		.byte	0x1
 7120 221d 27       		.byte	0x27
 7121 221e 28220000 		.4byte	0x2228
 7122 2222 05       		.uleb128 0x5
 7123 2223 03       		.byte	0x3
 7124 2224 00000000 		.4byte	ledMask
 7125 2228 25       		.uleb128 0x25
 7126 2229 02220000 		.4byte	0x2202
 7127 222d 20       		.uleb128 0x20
 7128 222e 77000000 		.4byte	0x77
 7129 2232 3D220000 		.4byte	0x223d
 7130 2236 21       		.uleb128 0x21
ARM GAS  C:\Users\Lenovo\AppData\Local\Temp\ccTXWGea.s 			page 153


 7131 2237 D2000000 		.4byte	0xd2
 7132 223b 03       		.byte	0x3
 7133 223c 00       		.byte	0
 7134 223d 24       		.uleb128 0x24
 7135 223e 6D2C0000 		.4byte	.LASF615
 7136 2242 01       		.byte	0x1
 7137 2243 29       		.byte	0x29
 7138 2244 2D220000 		.4byte	0x222d
 7139 2248 05       		.uleb128 0x5
 7140 2249 03       		.byte	0x3
 7141 224a 00000000 		.4byte	indyk
 7142 224e 20       		.uleb128 0x20
 7143 224f 12220000 		.4byte	0x2212
 7144 2253 5E220000 		.4byte	0x225e
 7145 2257 21       		.uleb128 0x21
 7146 2258 D2000000 		.4byte	0xd2
 7147 225c 09       		.byte	0x9
 7148 225d 00       		.byte	0
 7149 225e 24       		.uleb128 0x24
 7150 225f BE0D0000 		.4byte	.LASF616
 7151 2263 01       		.byte	0x1
 7152 2264 2A       		.byte	0x2a
 7153 2265 6F220000 		.4byte	0x226f
 7154 2269 05       		.uleb128 0x5
 7155 226a 03       		.byte	0x3
 7156 226b 00000000 		.4byte	KOD7
 7157 226f 25       		.uleb128 0x25
 7158 2270 4E220000 		.4byte	0x224e
 7159 2274 24       		.uleb128 0x24
 7160 2275 774A0000 		.4byte	.LASF617
 7161 2279 01       		.byte	0x1
 7162 227a 2C       		.byte	0x2c
 7163 227b B5000000 		.4byte	0xb5
 7164 227f 05       		.uleb128 0x5
 7165 2280 03       		.byte	0x3
 7166 2281 00000000 		.4byte	adcResult
 7167 2285 24       		.uleb128 0x24
 7168 2286 33320000 		.4byte	.LASF618
 7169 228a 01       		.byte	0x1
 7170 228b 2D       		.byte	0x2d
 7171 228c B0000000 		.4byte	0xb0
 7172 2290 05       		.uleb128 0x5
 7173 2291 03       		.byte	0x3
 7174 2292 00000000 		.4byte	data_ready
 7175 2296 24       		.uleb128 0x24
 7176 2297 E9360000 		.4byte	.LASF619
 7177 229b 01       		.byte	0x1
 7178 229c 2E       		.byte	0x2e
 7179 229d 6B000000 		.4byte	0x6b
 7180 22a1 05       		.uleb128 0x5
 7181 22a2 03       		.byte	0x3
 7182 22a3 00000000 		.4byte	adcIndicationEnabled
 7183 22a7 24       		.uleb128 0x24
 7184 22a8 1E260000 		.4byte	.LASF620
 7185 22ac 01       		.byte	0x1
 7186 22ad 32       		.byte	0x32
 7187 22ae 77000000 		.4byte	0x77
ARM GAS  C:\Users\Lenovo\AppData\Local\Temp\ccTXWGea.s 			page 154


 7188 22b2 05       		.uleb128 0x5
 7189 22b3 03       		.byte	0x3
 7190 22b4 00000000 		.4byte	ADC_CHANGE_THRESHOLD
 7191 22b8 26       		.uleb128 0x26
 7192 22b9 441B0000 		.4byte	.LASF621
 7193 22bd 441B0000 		.4byte	.LASF621
 7194 22c1 06       		.byte	0x6
 7195 22c2 2F02     		.2byte	0x22f
 7196 22c4 27       		.uleb128 0x27
 7197 22c5 B0200000 		.4byte	.LASF622
 7198 22c9 B0200000 		.4byte	.LASF622
 7199 22cd 0D       		.byte	0xd
 7200 22ce BB       		.byte	0xbb
 7201 22cf 28       		.uleb128 0x28
 7202 22d0 75270000 		.4byte	.LASF645
 7203 22d4 88150000 		.4byte	.LASF647
 7204 22d8 1D       		.byte	0x1d
 7205 22d9 00       		.byte	0
 7206 22da 75270000 		.4byte	.LASF645
 7207 22de 27       		.uleb128 0x27
 7208 22df B21D0000 		.4byte	.LASF623
 7209 22e3 B21D0000 		.4byte	.LASF623
 7210 22e7 0B       		.byte	0xb
 7211 22e8 5D       		.byte	0x5d
 7212 22e9 27       		.uleb128 0x27
 7213 22ea 59050000 		.4byte	.LASF624
 7214 22ee 59050000 		.4byte	.LASF624
 7215 22f2 0E       		.byte	0xe
 7216 22f3 33       		.byte	0x33
 7217 22f4 27       		.uleb128 0x27
 7218 22f5 723B0000 		.4byte	.LASF625
 7219 22f9 723B0000 		.4byte	.LASF625
 7220 22fd 0F       		.byte	0xf
 7221 22fe 33       		.byte	0x33
 7222 22ff 27       		.uleb128 0x27
 7223 2300 5C1D0000 		.4byte	.LASF626
 7224 2304 5C1D0000 		.4byte	.LASF626
 7225 2308 10       		.byte	0x10
 7226 2309 39       		.byte	0x39
 7227 230a 27       		.uleb128 0x27
 7228 230b E8000000 		.4byte	.LASF627
 7229 230f E8000000 		.4byte	.LASF627
 7230 2313 11       		.byte	0x11
 7231 2314 28       		.byte	0x28
 7232 2315 27       		.uleb128 0x27
 7233 2316 322C0000 		.4byte	.LASF628
 7234 231a 322C0000 		.4byte	.LASF628
 7235 231e 11       		.byte	0x11
 7236 231f 17       		.byte	0x17
 7237 2320 26       		.uleb128 0x26
 7238 2321 580A0000 		.4byte	.LASF629
 7239 2325 580A0000 		.4byte	.LASF629
 7240 2329 12       		.byte	0x12
 7241 232a 4603     		.2byte	0x346
 7242 232c 27       		.uleb128 0x27
 7243 232d 323F0000 		.4byte	.LASF630
 7244 2331 323F0000 		.4byte	.LASF630
ARM GAS  C:\Users\Lenovo\AppData\Local\Temp\ccTXWGea.s 			page 155


 7245 2335 13       		.byte	0x13
 7246 2336 5A       		.byte	0x5a
 7247 2337 26       		.uleb128 0x26
 7248 2338 A6090000 		.4byte	.LASF631
 7249 233c A6090000 		.4byte	.LASF631
 7250 2340 05       		.byte	0x5
 7251 2341 2508     		.2byte	0x825
 7252 2343 27       		.uleb128 0x27
 7253 2344 70360000 		.4byte	.LASF632
 7254 2348 70360000 		.4byte	.LASF632
 7255 234c 14       		.byte	0x14
 7256 234d 36       		.byte	0x36
 7257 234e 29       		.uleb128 0x29
 7258 234f D0070000 		.4byte	.LASF677
 7259 2353 D0070000 		.4byte	.LASF677
 7260 2357 27       		.uleb128 0x27
 7261 2358 B7090000 		.4byte	.LASF633
 7262 235c B7090000 		.4byte	.LASF633
 7263 2360 15       		.byte	0x15
 7264 2361 A0       		.byte	0xa0
 7265 2362 27       		.uleb128 0x27
 7266 2363 3F140000 		.4byte	.LASF634
 7267 2367 3F140000 		.4byte	.LASF634
 7268 236b 16       		.byte	0x16
 7269 236c 39       		.byte	0x39
 7270 236d 27       		.uleb128 0x27
 7271 236e 52080000 		.4byte	.LASF635
 7272 2372 52080000 		.4byte	.LASF635
 7273 2376 17       		.byte	0x17
 7274 2377 5E       		.byte	0x5e
 7275 2378 27       		.uleb128 0x27
 7276 2379 74010000 		.4byte	.LASF636
 7277 237d 74010000 		.4byte	.LASF636
 7278 2381 0E       		.byte	0xe
 7279 2382 32       		.byte	0x32
 7280 2383 27       		.uleb128 0x27
 7281 2384 EC080000 		.4byte	.LASF637
 7282 2388 EC080000 		.4byte	.LASF637
 7283 238c 18       		.byte	0x18
 7284 238d 32       		.byte	0x32
 7285 238e 27       		.uleb128 0x27
 7286 238f 320D0000 		.4byte	.LASF638
 7287 2393 320D0000 		.4byte	.LASF638
 7288 2397 18       		.byte	0x18
 7289 2398 33       		.byte	0x33
 7290 2399 27       		.uleb128 0x27
 7291 239a 94010000 		.4byte	.LASF639
 7292 239e 94010000 		.4byte	.LASF639
 7293 23a2 19       		.byte	0x19
 7294 23a3 D9       		.byte	0xd9
 7295 23a4 27       		.uleb128 0x27
 7296 23a5 31100000 		.4byte	.LASF640
 7297 23a9 31100000 		.4byte	.LASF640
 7298 23ad 09       		.byte	0x9
 7299 23ae C8       		.byte	0xc8
 7300 23af 27       		.uleb128 0x27
 7301 23b0 8B420000 		.4byte	.LASF641
ARM GAS  C:\Users\Lenovo\AppData\Local\Temp\ccTXWGea.s 			page 156


 7302 23b4 8B420000 		.4byte	.LASF641
 7303 23b8 09       		.byte	0x9
 7304 23b9 BE       		.byte	0xbe
 7305 23ba 27       		.uleb128 0x27
 7306 23bb 42080000 		.4byte	.LASF642
 7307 23bf 42080000 		.4byte	.LASF642
 7308 23c3 1A       		.byte	0x1a
 7309 23c4 5D       		.byte	0x5d
 7310 23c5 27       		.uleb128 0x27
 7311 23c6 3F4B0000 		.4byte	.LASF643
 7312 23ca 3F4B0000 		.4byte	.LASF643
 7313 23ce 1B       		.byte	0x1b
 7314 23cf 3D       		.byte	0x3d
 7315 23d0 26       		.uleb128 0x26
 7316 23d1 E22B0000 		.4byte	.LASF644
 7317 23d5 E22B0000 		.4byte	.LASF644
 7318 23d9 1C       		.byte	0x1c
 7319 23da CC03     		.2byte	0x3cc
 7320 23dc 28       		.uleb128 0x28
 7321 23dd DB0E0000 		.4byte	.LASF646
 7322 23e1 D6000000 		.4byte	.LASF648
 7323 23e5 1D       		.byte	0x1d
 7324 23e6 00       		.byte	0
 7325 23e7 DB0E0000 		.4byte	.LASF646
 7326 23eb 27       		.uleb128 0x27
 7327 23ec E2070000 		.4byte	.LASF649
 7328 23f0 E2070000 		.4byte	.LASF649
 7329 23f4 09       		.byte	0x9
 7330 23f5 C0       		.byte	0xc0
 7331 23f6 27       		.uleb128 0x27
 7332 23f7 F62D0000 		.4byte	.LASF650
 7333 23fb F62D0000 		.4byte	.LASF650
 7334 23ff 1E       		.byte	0x1e
 7335 2400 C3       		.byte	0xc3
 7336 2401 27       		.uleb128 0x27
 7337 2402 AD160000 		.4byte	.LASF651
 7338 2406 AD160000 		.4byte	.LASF651
 7339 240a 10       		.byte	0x10
 7340 240b 32       		.byte	0x32
 7341 240c 27       		.uleb128 0x27
 7342 240d F0240000 		.4byte	.LASF652
 7343 2411 F0240000 		.4byte	.LASF652
 7344 2415 16       		.byte	0x16
 7345 2416 32       		.byte	0x32
 7346 2417 26       		.uleb128 0x26
 7347 2418 51260000 		.4byte	.LASF653
 7348 241c 51260000 		.4byte	.LASF653
 7349 2420 12       		.byte	0x12
 7350 2421 0F03     		.2byte	0x30f
 7351 2423 26       		.uleb128 0x26
 7352 2424 381E0000 		.4byte	.LASF654
 7353 2428 381E0000 		.4byte	.LASF654
 7354 242c 05       		.byte	0x5
 7355 242d A308     		.2byte	0x8a3
 7356 242f 26       		.uleb128 0x26
 7357 2430 231A0000 		.4byte	.LASF655
 7358 2434 231A0000 		.4byte	.LASF655
ARM GAS  C:\Users\Lenovo\AppData\Local\Temp\ccTXWGea.s 			page 157


 7359 2438 12       		.byte	0x12
 7360 2439 4403     		.2byte	0x344
 7361 243b 27       		.uleb128 0x27
 7362 243c 9F0F0000 		.4byte	.LASF656
 7363 2440 9F0F0000 		.4byte	.LASF656
 7364 2444 1F       		.byte	0x1f
 7365 2445 72       		.byte	0x72
 7366 2446 27       		.uleb128 0x27
 7367 2447 9D450000 		.4byte	.LASF657
 7368 244b 9D450000 		.4byte	.LASF657
 7369 244f 17       		.byte	0x17
 7370 2450 4D       		.byte	0x4d
 7371 2451 27       		.uleb128 0x27
 7372 2452 5B0D0000 		.4byte	.LASF658
 7373 2456 5B0D0000 		.4byte	.LASF658
 7374 245a 1E       		.byte	0x1e
 7375 245b 92       		.byte	0x92
 7376 245c 26       		.uleb128 0x26
 7377 245d 65030000 		.4byte	.LASF659
 7378 2461 65030000 		.4byte	.LASF659
 7379 2465 0C       		.byte	0xc
 7380 2466 7002     		.2byte	0x270
 7381 2468 27       		.uleb128 0x27
 7382 2469 E0060000 		.4byte	.LASF660
 7383 246d E0060000 		.4byte	.LASF660
 7384 2471 0B       		.byte	0xb
 7385 2472 59       		.byte	0x59
 7386 2473 27       		.uleb128 0x27
 7387 2474 D8140000 		.4byte	.LASF661
 7388 2478 D8140000 		.4byte	.LASF661
 7389 247c 14       		.byte	0x14
 7390 247d 34       		.byte	0x34
 7391 247e 27       		.uleb128 0x27
 7392 247f B7490000 		.4byte	.LASF662
 7393 2483 B7490000 		.4byte	.LASF662
 7394 2487 1B       		.byte	0x1b
 7395 2488 39       		.byte	0x39
 7396 2489 27       		.uleb128 0x27
 7397 248a B73E0000 		.4byte	.LASF663
 7398 248e B73E0000 		.4byte	.LASF663
 7399 2492 1A       		.byte	0x1a
 7400 2493 5C       		.byte	0x5c
 7401 2494 27       		.uleb128 0x27
 7402 2495 00200000 		.4byte	.LASF664
 7403 2499 00200000 		.4byte	.LASF664
 7404 249d 11       		.byte	0x11
 7405 249e 18       		.byte	0x18
 7406 249f 27       		.uleb128 0x27
 7407 24a0 F5220000 		.4byte	.LASF665
 7408 24a4 F5220000 		.4byte	.LASF665
 7409 24a8 15       		.byte	0x15
 7410 24a9 99       		.byte	0x99
 7411 24aa 27       		.uleb128 0x27
 7412 24ab E1370000 		.4byte	.LASF666
 7413 24af E1370000 		.4byte	.LASF666
 7414 24b3 20       		.byte	0x20
 7415 24b4 23       		.byte	0x23
ARM GAS  C:\Users\Lenovo\AppData\Local\Temp\ccTXWGea.s 			page 158


 7416 24b5 27       		.uleb128 0x27
 7417 24b6 AB4A0000 		.4byte	.LASF667
 7418 24ba AB4A0000 		.4byte	.LASF667
 7419 24be 15       		.byte	0x15
 7420 24bf 9D       		.byte	0x9d
 7421 24c0 27       		.uleb128 0x27
 7422 24c1 87190000 		.4byte	.LASF668
 7423 24c5 87190000 		.4byte	.LASF668
 7424 24c9 21       		.byte	0x21
 7425 24ca 18       		.byte	0x18
 7426 24cb 27       		.uleb128 0x27
 7427 24cc 81380000 		.4byte	.LASF669
 7428 24d0 81380000 		.4byte	.LASF669
 7429 24d4 22       		.byte	0x22
 7430 24d5 78       		.byte	0x78
 7431 24d6 27       		.uleb128 0x27
 7432 24d7 89230000 		.4byte	.LASF670
 7433 24db 89230000 		.4byte	.LASF670
 7434 24df 22       		.byte	0x22
 7435 24e0 7D       		.byte	0x7d
 7436 24e1 26       		.uleb128 0x26
 7437 24e2 5E3B0000 		.4byte	.LASF671
 7438 24e6 5E3B0000 		.4byte	.LASF671
 7439 24ea 03       		.byte	0x3
 7440 24eb CF07     		.2byte	0x7cf
 7441 24ed 26       		.uleb128 0x26
 7442 24ee 011D0000 		.4byte	.LASF672
 7443 24f2 011D0000 		.4byte	.LASF672
 7444 24f6 0C       		.byte	0xc
 7445 24f7 7402     		.2byte	0x274
 7446 24f9 00       		.byte	0
 7447              		.section	.debug_abbrev,"",%progbits
 7448              	.Ldebug_abbrev0:
 7449 0000 01       		.uleb128 0x1
 7450 0001 11       		.uleb128 0x11
 7451 0002 01       		.byte	0x1
 7452 0003 25       		.uleb128 0x25
 7453 0004 0E       		.uleb128 0xe
 7454 0005 13       		.uleb128 0x13
 7455 0006 0B       		.uleb128 0xb
 7456 0007 03       		.uleb128 0x3
 7457 0008 0E       		.uleb128 0xe
 7458 0009 1B       		.uleb128 0x1b
 7459 000a 0E       		.uleb128 0xe
 7460 000b 55       		.uleb128 0x55
 7461 000c 17       		.uleb128 0x17
 7462 000d 11       		.uleb128 0x11
 7463 000e 01       		.uleb128 0x1
 7464 000f 10       		.uleb128 0x10
 7465 0010 17       		.uleb128 0x17
 7466 0011 00       		.byte	0
 7467 0012 00       		.byte	0
 7468 0013 02       		.uleb128 0x2
 7469 0014 24       		.uleb128 0x24
 7470 0015 00       		.byte	0
 7471 0016 0B       		.uleb128 0xb
 7472 0017 0B       		.uleb128 0xb
ARM GAS  C:\Users\Lenovo\AppData\Local\Temp\ccTXWGea.s 			page 159


 7473 0018 3E       		.uleb128 0x3e
 7474 0019 0B       		.uleb128 0xb
 7475 001a 03       		.uleb128 0x3
 7476 001b 0E       		.uleb128 0xe
 7477 001c 00       		.byte	0
 7478 001d 00       		.byte	0
 7479 001e 03       		.uleb128 0x3
 7480 001f 24       		.uleb128 0x24
 7481 0020 00       		.byte	0
 7482 0021 0B       		.uleb128 0xb
 7483 0022 0B       		.uleb128 0xb
 7484 0023 3E       		.uleb128 0x3e
 7485 0024 0B       		.uleb128 0xb
 7486 0025 03       		.uleb128 0x3
 7487 0026 08       		.uleb128 0x8
 7488 0027 00       		.byte	0
 7489 0028 00       		.byte	0
 7490 0029 04       		.uleb128 0x4
 7491 002a 16       		.uleb128 0x16
 7492 002b 00       		.byte	0
 7493 002c 03       		.uleb128 0x3
 7494 002d 0E       		.uleb128 0xe
 7495 002e 3A       		.uleb128 0x3a
 7496 002f 0B       		.uleb128 0xb
 7497 0030 3B       		.uleb128 0x3b
 7498 0031 05       		.uleb128 0x5
 7499 0032 49       		.uleb128 0x49
 7500 0033 13       		.uleb128 0x13
 7501 0034 00       		.byte	0
 7502 0035 00       		.byte	0
 7503 0036 05       		.uleb128 0x5
 7504 0037 35       		.uleb128 0x35
 7505 0038 00       		.byte	0
 7506 0039 49       		.uleb128 0x49
 7507 003a 13       		.uleb128 0x13
 7508 003b 00       		.byte	0
 7509 003c 00       		.byte	0
 7510 003d 06       		.uleb128 0x6
 7511 003e 0F       		.uleb128 0xf
 7512 003f 00       		.byte	0
 7513 0040 0B       		.uleb128 0xb
 7514 0041 0B       		.uleb128 0xb
 7515 0042 00       		.byte	0
 7516 0043 00       		.byte	0
 7517 0044 07       		.uleb128 0x7
 7518 0045 04       		.uleb128 0x4
 7519 0046 01       		.byte	0x1
 7520 0047 0B       		.uleb128 0xb
 7521 0048 0B       		.uleb128 0xb
 7522 0049 49       		.uleb128 0x49
 7523 004a 13       		.uleb128 0x13
 7524 004b 3A       		.uleb128 0x3a
 7525 004c 0B       		.uleb128 0xb
 7526 004d 3B       		.uleb128 0x3b
 7527 004e 05       		.uleb128 0x5
 7528 004f 01       		.uleb128 0x1
 7529 0050 13       		.uleb128 0x13
ARM GAS  C:\Users\Lenovo\AppData\Local\Temp\ccTXWGea.s 			page 160


 7530 0051 00       		.byte	0
 7531 0052 00       		.byte	0
 7532 0053 08       		.uleb128 0x8
 7533 0054 28       		.uleb128 0x28
 7534 0055 00       		.byte	0
 7535 0056 03       		.uleb128 0x3
 7536 0057 0E       		.uleb128 0xe
 7537 0058 1C       		.uleb128 0x1c
 7538 0059 0B       		.uleb128 0xb
 7539 005a 00       		.byte	0
 7540 005b 00       		.byte	0
 7541 005c 09       		.uleb128 0x9
 7542 005d 28       		.uleb128 0x28
 7543 005e 00       		.byte	0
 7544 005f 03       		.uleb128 0x3
 7545 0060 0E       		.uleb128 0xe
 7546 0061 1C       		.uleb128 0x1c
 7547 0062 05       		.uleb128 0x5
 7548 0063 00       		.byte	0
 7549 0064 00       		.byte	0
 7550 0065 0A       		.uleb128 0xa
 7551 0066 04       		.uleb128 0x4
 7552 0067 01       		.byte	0x1
 7553 0068 0B       		.uleb128 0xb
 7554 0069 0B       		.uleb128 0xb
 7555 006a 49       		.uleb128 0x49
 7556 006b 13       		.uleb128 0x13
 7557 006c 3A       		.uleb128 0x3a
 7558 006d 0B       		.uleb128 0xb
 7559 006e 3B       		.uleb128 0x3b
 7560 006f 0B       		.uleb128 0xb
 7561 0070 01       		.uleb128 0x1
 7562 0071 13       		.uleb128 0x13
 7563 0072 00       		.byte	0
 7564 0073 00       		.byte	0
 7565 0074 0B       		.uleb128 0xb
 7566 0075 16       		.uleb128 0x16
 7567 0076 00       		.byte	0
 7568 0077 03       		.uleb128 0x3
 7569 0078 0E       		.uleb128 0xe
 7570 0079 3A       		.uleb128 0x3a
 7571 007a 0B       		.uleb128 0xb
 7572 007b 3B       		.uleb128 0x3b
 7573 007c 0B       		.uleb128 0xb
 7574 007d 49       		.uleb128 0x49
 7575 007e 13       		.uleb128 0x13
 7576 007f 00       		.byte	0
 7577 0080 00       		.byte	0
 7578 0081 0C       		.uleb128 0xc
 7579 0082 13       		.uleb128 0x13
 7580 0083 01       		.byte	0x1
 7581 0084 0B       		.uleb128 0xb
 7582 0085 0B       		.uleb128 0xb
 7583 0086 3A       		.uleb128 0x3a
 7584 0087 0B       		.uleb128 0xb
 7585 0088 3B       		.uleb128 0x3b
 7586 0089 05       		.uleb128 0x5
ARM GAS  C:\Users\Lenovo\AppData\Local\Temp\ccTXWGea.s 			page 161


 7587 008a 01       		.uleb128 0x1
 7588 008b 13       		.uleb128 0x13
 7589 008c 00       		.byte	0
 7590 008d 00       		.byte	0
 7591 008e 0D       		.uleb128 0xd
 7592 008f 0D       		.uleb128 0xd
 7593 0090 00       		.byte	0
 7594 0091 03       		.uleb128 0x3
 7595 0092 0E       		.uleb128 0xe
 7596 0093 3A       		.uleb128 0x3a
 7597 0094 0B       		.uleb128 0xb
 7598 0095 3B       		.uleb128 0x3b
 7599 0096 05       		.uleb128 0x5
 7600 0097 49       		.uleb128 0x49
 7601 0098 13       		.uleb128 0x13
 7602 0099 38       		.uleb128 0x38
 7603 009a 0B       		.uleb128 0xb
 7604 009b 00       		.byte	0
 7605 009c 00       		.byte	0
 7606 009d 0E       		.uleb128 0xe
 7607 009e 13       		.uleb128 0x13
 7608 009f 01       		.byte	0x1
 7609 00a0 0B       		.uleb128 0xb
 7610 00a1 0B       		.uleb128 0xb
 7611 00a2 3A       		.uleb128 0x3a
 7612 00a3 0B       		.uleb128 0xb
 7613 00a4 3B       		.uleb128 0x3b
 7614 00a5 0B       		.uleb128 0xb
 7615 00a6 01       		.uleb128 0x1
 7616 00a7 13       		.uleb128 0x13
 7617 00a8 00       		.byte	0
 7618 00a9 00       		.byte	0
 7619 00aa 0F       		.uleb128 0xf
 7620 00ab 0D       		.uleb128 0xd
 7621 00ac 00       		.byte	0
 7622 00ad 03       		.uleb128 0x3
 7623 00ae 0E       		.uleb128 0xe
 7624 00af 3A       		.uleb128 0x3a
 7625 00b0 0B       		.uleb128 0xb
 7626 00b1 3B       		.uleb128 0x3b
 7627 00b2 0B       		.uleb128 0xb
 7628 00b3 49       		.uleb128 0x49
 7629 00b4 13       		.uleb128 0x13
 7630 00b5 38       		.uleb128 0x38
 7631 00b6 0B       		.uleb128 0xb
 7632 00b7 00       		.byte	0
 7633 00b8 00       		.byte	0
 7634 00b9 10       		.uleb128 0x10
 7635 00ba 2E       		.uleb128 0x2e
 7636 00bb 01       		.byte	0x1
 7637 00bc 3F       		.uleb128 0x3f
 7638 00bd 19       		.uleb128 0x19
 7639 00be 03       		.uleb128 0x3
 7640 00bf 0E       		.uleb128 0xe
 7641 00c0 3A       		.uleb128 0x3a
 7642 00c1 0B       		.uleb128 0xb
 7643 00c2 3B       		.uleb128 0x3b
ARM GAS  C:\Users\Lenovo\AppData\Local\Temp\ccTXWGea.s 			page 162


 7644 00c3 0B       		.uleb128 0xb
 7645 00c4 27       		.uleb128 0x27
 7646 00c5 19       		.uleb128 0x19
 7647 00c6 11       		.uleb128 0x11
 7648 00c7 01       		.uleb128 0x1
 7649 00c8 12       		.uleb128 0x12
 7650 00c9 06       		.uleb128 0x6
 7651 00ca 40       		.uleb128 0x40
 7652 00cb 18       		.uleb128 0x18
 7653 00cc 9642     		.uleb128 0x2116
 7654 00ce 19       		.uleb128 0x19
 7655 00cf 01       		.uleb128 0x1
 7656 00d0 13       		.uleb128 0x13
 7657 00d1 00       		.byte	0
 7658 00d2 00       		.byte	0
 7659 00d3 11       		.uleb128 0x11
 7660 00d4 05       		.uleb128 0x5
 7661 00d5 00       		.byte	0
 7662 00d6 03       		.uleb128 0x3
 7663 00d7 0E       		.uleb128 0xe
 7664 00d8 3A       		.uleb128 0x3a
 7665 00d9 0B       		.uleb128 0xb
 7666 00da 3B       		.uleb128 0x3b
 7667 00db 0B       		.uleb128 0xb
 7668 00dc 49       		.uleb128 0x49
 7669 00dd 13       		.uleb128 0x13
 7670 00de 02       		.uleb128 0x2
 7671 00df 17       		.uleb128 0x17
 7672 00e0 00       		.byte	0
 7673 00e1 00       		.byte	0
 7674 00e2 12       		.uleb128 0x12
 7675 00e3 34       		.uleb128 0x34
 7676 00e4 00       		.byte	0
 7677 00e5 03       		.uleb128 0x3
 7678 00e6 0E       		.uleb128 0xe
 7679 00e7 3A       		.uleb128 0x3a
 7680 00e8 0B       		.uleb128 0xb
 7681 00e9 3B       		.uleb128 0x3b
 7682 00ea 0B       		.uleb128 0xb
 7683 00eb 49       		.uleb128 0x49
 7684 00ec 13       		.uleb128 0x13
 7685 00ed 02       		.uleb128 0x2
 7686 00ee 17       		.uleb128 0x17
 7687 00ef 00       		.byte	0
 7688 00f0 00       		.byte	0
 7689 00f1 13       		.uleb128 0x13
 7690 00f2 0B       		.uleb128 0xb
 7691 00f3 01       		.byte	0x1
 7692 00f4 11       		.uleb128 0x11
 7693 00f5 01       		.uleb128 0x1
 7694 00f6 12       		.uleb128 0x12
 7695 00f7 06       		.uleb128 0x6
 7696 00f8 01       		.uleb128 0x1
 7697 00f9 13       		.uleb128 0x13
 7698 00fa 00       		.byte	0
 7699 00fb 00       		.byte	0
 7700 00fc 14       		.uleb128 0x14
ARM GAS  C:\Users\Lenovo\AppData\Local\Temp\ccTXWGea.s 			page 163


 7701 00fd 34       		.uleb128 0x34
 7702 00fe 00       		.byte	0
 7703 00ff 03       		.uleb128 0x3
 7704 0100 08       		.uleb128 0x8
 7705 0101 3A       		.uleb128 0x3a
 7706 0102 0B       		.uleb128 0xb
 7707 0103 3B       		.uleb128 0x3b
 7708 0104 05       		.uleb128 0x5
 7709 0105 49       		.uleb128 0x49
 7710 0106 13       		.uleb128 0x13
 7711 0107 02       		.uleb128 0x2
 7712 0108 18       		.uleb128 0x18
 7713 0109 00       		.byte	0
 7714 010a 00       		.byte	0
 7715 010b 15       		.uleb128 0x15
 7716 010c 898201   		.uleb128 0x4109
 7717 010f 01       		.byte	0x1
 7718 0110 11       		.uleb128 0x11
 7719 0111 01       		.uleb128 0x1
 7720 0112 31       		.uleb128 0x31
 7721 0113 13       		.uleb128 0x13
 7722 0114 01       		.uleb128 0x1
 7723 0115 13       		.uleb128 0x13
 7724 0116 00       		.byte	0
 7725 0117 00       		.byte	0
 7726 0118 16       		.uleb128 0x16
 7727 0119 8A8201   		.uleb128 0x410a
 7728 011c 00       		.byte	0
 7729 011d 02       		.uleb128 0x2
 7730 011e 18       		.uleb128 0x18
 7731 011f 9142     		.uleb128 0x2111
 7732 0121 18       		.uleb128 0x18
 7733 0122 00       		.byte	0
 7734 0123 00       		.byte	0
 7735 0124 17       		.uleb128 0x17
 7736 0125 898201   		.uleb128 0x4109
 7737 0128 01       		.byte	0x1
 7738 0129 11       		.uleb128 0x11
 7739 012a 01       		.uleb128 0x1
 7740 012b 31       		.uleb128 0x31
 7741 012c 13       		.uleb128 0x13
 7742 012d 00       		.byte	0
 7743 012e 00       		.byte	0
 7744 012f 18       		.uleb128 0x18
 7745 0130 898201   		.uleb128 0x4109
 7746 0133 00       		.byte	0
 7747 0134 11       		.uleb128 0x11
 7748 0135 01       		.uleb128 0x1
 7749 0136 31       		.uleb128 0x31
 7750 0137 13       		.uleb128 0x13
 7751 0138 00       		.byte	0
 7752 0139 00       		.byte	0
 7753 013a 19       		.uleb128 0x19
 7754 013b 0F       		.uleb128 0xf
 7755 013c 00       		.byte	0
 7756 013d 0B       		.uleb128 0xb
 7757 013e 0B       		.uleb128 0xb
ARM GAS  C:\Users\Lenovo\AppData\Local\Temp\ccTXWGea.s 			page 164


 7758 013f 49       		.uleb128 0x49
 7759 0140 13       		.uleb128 0x13
 7760 0141 00       		.byte	0
 7761 0142 00       		.byte	0
 7762 0143 1A       		.uleb128 0x1a
 7763 0144 2E       		.uleb128 0x2e
 7764 0145 01       		.byte	0x1
 7765 0146 3F       		.uleb128 0x3f
 7766 0147 19       		.uleb128 0x19
 7767 0148 03       		.uleb128 0x3
 7768 0149 0E       		.uleb128 0xe
 7769 014a 3A       		.uleb128 0x3a
 7770 014b 0B       		.uleb128 0xb
 7771 014c 3B       		.uleb128 0x3b
 7772 014d 05       		.uleb128 0x5
 7773 014e 27       		.uleb128 0x27
 7774 014f 19       		.uleb128 0x19
 7775 0150 11       		.uleb128 0x11
 7776 0151 01       		.uleb128 0x1
 7777 0152 12       		.uleb128 0x12
 7778 0153 06       		.uleb128 0x6
 7779 0154 40       		.uleb128 0x40
 7780 0155 18       		.uleb128 0x18
 7781 0156 9742     		.uleb128 0x2117
 7782 0158 19       		.uleb128 0x19
 7783 0159 01       		.uleb128 0x1
 7784 015a 13       		.uleb128 0x13
 7785 015b 00       		.byte	0
 7786 015c 00       		.byte	0
 7787 015d 1B       		.uleb128 0x1b
 7788 015e 34       		.uleb128 0x34
 7789 015f 00       		.byte	0
 7790 0160 03       		.uleb128 0x3
 7791 0161 0E       		.uleb128 0xe
 7792 0162 3A       		.uleb128 0x3a
 7793 0163 0B       		.uleb128 0xb
 7794 0164 3B       		.uleb128 0x3b
 7795 0165 05       		.uleb128 0x5
 7796 0166 49       		.uleb128 0x49
 7797 0167 13       		.uleb128 0x13
 7798 0168 02       		.uleb128 0x2
 7799 0169 18       		.uleb128 0x18
 7800 016a 00       		.byte	0
 7801 016b 00       		.byte	0
 7802 016c 1C       		.uleb128 0x1c
 7803 016d 34       		.uleb128 0x34
 7804 016e 00       		.byte	0
 7805 016f 03       		.uleb128 0x3
 7806 0170 0E       		.uleb128 0xe
 7807 0171 3A       		.uleb128 0x3a
 7808 0172 0B       		.uleb128 0xb
 7809 0173 3B       		.uleb128 0x3b
 7810 0174 05       		.uleb128 0x5
 7811 0175 49       		.uleb128 0x49
 7812 0176 13       		.uleb128 0x13
 7813 0177 02       		.uleb128 0x2
 7814 0178 17       		.uleb128 0x17
ARM GAS  C:\Users\Lenovo\AppData\Local\Temp\ccTXWGea.s 			page 165


 7815 0179 00       		.byte	0
 7816 017a 00       		.byte	0
 7817 017b 1D       		.uleb128 0x1d
 7818 017c 05       		.uleb128 0x5
 7819 017d 00       		.byte	0
 7820 017e 03       		.uleb128 0x3
 7821 017f 0E       		.uleb128 0xe
 7822 0180 3A       		.uleb128 0x3a
 7823 0181 0B       		.uleb128 0xb
 7824 0182 3B       		.uleb128 0x3b
 7825 0183 05       		.uleb128 0x5
 7826 0184 49       		.uleb128 0x49
 7827 0185 13       		.uleb128 0x13
 7828 0186 02       		.uleb128 0x2
 7829 0187 17       		.uleb128 0x17
 7830 0188 00       		.byte	0
 7831 0189 00       		.byte	0
 7832 018a 1E       		.uleb128 0x1e
 7833 018b 2E       		.uleb128 0x2e
 7834 018c 01       		.byte	0x1
 7835 018d 3F       		.uleb128 0x3f
 7836 018e 19       		.uleb128 0x19
 7837 018f 03       		.uleb128 0x3
 7838 0190 0E       		.uleb128 0xe
 7839 0191 3A       		.uleb128 0x3a
 7840 0192 0B       		.uleb128 0xb
 7841 0193 3B       		.uleb128 0x3b
 7842 0194 05       		.uleb128 0x5
 7843 0195 27       		.uleb128 0x27
 7844 0196 19       		.uleb128 0x19
 7845 0197 11       		.uleb128 0x11
 7846 0198 01       		.uleb128 0x1
 7847 0199 12       		.uleb128 0x12
 7848 019a 06       		.uleb128 0x6
 7849 019b 40       		.uleb128 0x40
 7850 019c 18       		.uleb128 0x18
 7851 019d 9642     		.uleb128 0x2116
 7852 019f 19       		.uleb128 0x19
 7853 01a0 01       		.uleb128 0x1
 7854 01a1 13       		.uleb128 0x13
 7855 01a2 00       		.byte	0
 7856 01a3 00       		.byte	0
 7857 01a4 1F       		.uleb128 0x1f
 7858 01a5 34       		.uleb128 0x34
 7859 01a6 00       		.byte	0
 7860 01a7 03       		.uleb128 0x3
 7861 01a8 08       		.uleb128 0x8
 7862 01a9 3A       		.uleb128 0x3a
 7863 01aa 0B       		.uleb128 0xb
 7864 01ab 3B       		.uleb128 0x3b
 7865 01ac 05       		.uleb128 0x5
 7866 01ad 49       		.uleb128 0x49
 7867 01ae 13       		.uleb128 0x13
 7868 01af 02       		.uleb128 0x2
 7869 01b0 17       		.uleb128 0x17
 7870 01b1 00       		.byte	0
 7871 01b2 00       		.byte	0
ARM GAS  C:\Users\Lenovo\AppData\Local\Temp\ccTXWGea.s 			page 166


 7872 01b3 20       		.uleb128 0x20
 7873 01b4 01       		.uleb128 0x1
 7874 01b5 01       		.byte	0x1
 7875 01b6 49       		.uleb128 0x49
 7876 01b7 13       		.uleb128 0x13
 7877 01b8 01       		.uleb128 0x1
 7878 01b9 13       		.uleb128 0x13
 7879 01ba 00       		.byte	0
 7880 01bb 00       		.byte	0
 7881 01bc 21       		.uleb128 0x21
 7882 01bd 21       		.uleb128 0x21
 7883 01be 00       		.byte	0
 7884 01bf 49       		.uleb128 0x49
 7885 01c0 13       		.uleb128 0x13
 7886 01c1 2F       		.uleb128 0x2f
 7887 01c2 0B       		.uleb128 0xb
 7888 01c3 00       		.byte	0
 7889 01c4 00       		.byte	0
 7890 01c5 22       		.uleb128 0x22
 7891 01c6 2E       		.uleb128 0x2e
 7892 01c7 01       		.byte	0x1
 7893 01c8 3F       		.uleb128 0x3f
 7894 01c9 19       		.uleb128 0x19
 7895 01ca 03       		.uleb128 0x3
 7896 01cb 0E       		.uleb128 0xe
 7897 01cc 3A       		.uleb128 0x3a
 7898 01cd 0B       		.uleb128 0xb
 7899 01ce 3B       		.uleb128 0x3b
 7900 01cf 05       		.uleb128 0x5
 7901 01d0 49       		.uleb128 0x49
 7902 01d1 13       		.uleb128 0x13
 7903 01d2 8701     		.uleb128 0x87
 7904 01d4 19       		.uleb128 0x19
 7905 01d5 11       		.uleb128 0x11
 7906 01d6 01       		.uleb128 0x1
 7907 01d7 12       		.uleb128 0x12
 7908 01d8 06       		.uleb128 0x6
 7909 01d9 40       		.uleb128 0x40
 7910 01da 18       		.uleb128 0x18
 7911 01db 9742     		.uleb128 0x2117
 7912 01dd 19       		.uleb128 0x19
 7913 01de 01       		.uleb128 0x1
 7914 01df 13       		.uleb128 0x13
 7915 01e0 00       		.byte	0
 7916 01e1 00       		.byte	0
 7917 01e2 23       		.uleb128 0x23
 7918 01e3 34       		.uleb128 0x34
 7919 01e4 00       		.byte	0
 7920 01e5 03       		.uleb128 0x3
 7921 01e6 0E       		.uleb128 0xe
 7922 01e7 3A       		.uleb128 0x3a
 7923 01e8 0B       		.uleb128 0xb
 7924 01e9 3B       		.uleb128 0x3b
 7925 01ea 05       		.uleb128 0x5
 7926 01eb 49       		.uleb128 0x49
 7927 01ec 13       		.uleb128 0x13
 7928 01ed 3F       		.uleb128 0x3f
ARM GAS  C:\Users\Lenovo\AppData\Local\Temp\ccTXWGea.s 			page 167


 7929 01ee 19       		.uleb128 0x19
 7930 01ef 3C       		.uleb128 0x3c
 7931 01f0 19       		.uleb128 0x19
 7932 01f1 00       		.byte	0
 7933 01f2 00       		.byte	0
 7934 01f3 24       		.uleb128 0x24
 7935 01f4 34       		.uleb128 0x34
 7936 01f5 00       		.byte	0
 7937 01f6 03       		.uleb128 0x3
 7938 01f7 0E       		.uleb128 0xe
 7939 01f8 3A       		.uleb128 0x3a
 7940 01f9 0B       		.uleb128 0xb
 7941 01fa 3B       		.uleb128 0x3b
 7942 01fb 0B       		.uleb128 0xb
 7943 01fc 49       		.uleb128 0x49
 7944 01fd 13       		.uleb128 0x13
 7945 01fe 3F       		.uleb128 0x3f
 7946 01ff 19       		.uleb128 0x19
 7947 0200 02       		.uleb128 0x2
 7948 0201 18       		.uleb128 0x18
 7949 0202 00       		.byte	0
 7950 0203 00       		.byte	0
 7951 0204 25       		.uleb128 0x25
 7952 0205 26       		.uleb128 0x26
 7953 0206 00       		.byte	0
 7954 0207 49       		.uleb128 0x49
 7955 0208 13       		.uleb128 0x13
 7956 0209 00       		.byte	0
 7957 020a 00       		.byte	0
 7958 020b 26       		.uleb128 0x26
 7959 020c 2E       		.uleb128 0x2e
 7960 020d 00       		.byte	0
 7961 020e 3F       		.uleb128 0x3f
 7962 020f 19       		.uleb128 0x19
 7963 0210 3C       		.uleb128 0x3c
 7964 0211 19       		.uleb128 0x19
 7965 0212 6E       		.uleb128 0x6e
 7966 0213 0E       		.uleb128 0xe
 7967 0214 03       		.uleb128 0x3
 7968 0215 0E       		.uleb128 0xe
 7969 0216 3A       		.uleb128 0x3a
 7970 0217 0B       		.uleb128 0xb
 7971 0218 3B       		.uleb128 0x3b
 7972 0219 05       		.uleb128 0x5
 7973 021a 00       		.byte	0
 7974 021b 00       		.byte	0
 7975 021c 27       		.uleb128 0x27
 7976 021d 2E       		.uleb128 0x2e
 7977 021e 00       		.byte	0
 7978 021f 3F       		.uleb128 0x3f
 7979 0220 19       		.uleb128 0x19
 7980 0221 3C       		.uleb128 0x3c
 7981 0222 19       		.uleb128 0x19
 7982 0223 6E       		.uleb128 0x6e
 7983 0224 0E       		.uleb128 0xe
 7984 0225 03       		.uleb128 0x3
 7985 0226 0E       		.uleb128 0xe
ARM GAS  C:\Users\Lenovo\AppData\Local\Temp\ccTXWGea.s 			page 168


 7986 0227 3A       		.uleb128 0x3a
 7987 0228 0B       		.uleb128 0xb
 7988 0229 3B       		.uleb128 0x3b
 7989 022a 0B       		.uleb128 0xb
 7990 022b 00       		.byte	0
 7991 022c 00       		.byte	0
 7992 022d 28       		.uleb128 0x28
 7993 022e 2E       		.uleb128 0x2e
 7994 022f 00       		.byte	0
 7995 0230 3F       		.uleb128 0x3f
 7996 0231 19       		.uleb128 0x19
 7997 0232 3C       		.uleb128 0x3c
 7998 0233 19       		.uleb128 0x19
 7999 0234 6E       		.uleb128 0x6e
 8000 0235 0E       		.uleb128 0xe
 8001 0236 03       		.uleb128 0x3
 8002 0237 0E       		.uleb128 0xe
 8003 0238 3A       		.uleb128 0x3a
 8004 0239 0B       		.uleb128 0xb
 8005 023a 3B       		.uleb128 0x3b
 8006 023b 0B       		.uleb128 0xb
 8007 023c 6E       		.uleb128 0x6e
 8008 023d 0E       		.uleb128 0xe
 8009 023e 00       		.byte	0
 8010 023f 00       		.byte	0
 8011 0240 29       		.uleb128 0x29
 8012 0241 2E       		.uleb128 0x2e
 8013 0242 00       		.byte	0
 8014 0243 3F       		.uleb128 0x3f
 8015 0244 19       		.uleb128 0x19
 8016 0245 3C       		.uleb128 0x3c
 8017 0246 19       		.uleb128 0x19
 8018 0247 6E       		.uleb128 0x6e
 8019 0248 0E       		.uleb128 0xe
 8020 0249 03       		.uleb128 0x3
 8021 024a 0E       		.uleb128 0xe
 8022 024b 00       		.byte	0
 8023 024c 00       		.byte	0
 8024 024d 00       		.byte	0
 8025              		.section	.debug_loc,"",%progbits
 8026              	.Ldebug_loc0:
 8027              	.LLST0:
 8028 0000 00000000 		.4byte	.LVL0
 8029 0004 E8000000 		.4byte	.LVL1
 8030 0008 0100     		.2byte	0x1
 8031 000a 50       		.byte	0x50
 8032 000b E8000000 		.4byte	.LVL1
 8033 000f F2000000 		.4byte	.LVL4
 8034 0013 0400     		.2byte	0x4
 8035 0015 F3       		.byte	0xf3
 8036 0016 01       		.uleb128 0x1
 8037 0017 50       		.byte	0x50
 8038 0018 9F       		.byte	0x9f
 8039 0019 F2000000 		.4byte	.LVL4
 8040 001d F4000000 		.4byte	.LVL5
 8041 0021 0100     		.2byte	0x1
 8042 0023 50       		.byte	0x50
ARM GAS  C:\Users\Lenovo\AppData\Local\Temp\ccTXWGea.s 			page 169


 8043 0024 F4000000 		.4byte	.LVL5
 8044 0028 FA000000 		.4byte	.LVL7
 8045 002c 0400     		.2byte	0x4
 8046 002e F3       		.byte	0xf3
 8047 002f 01       		.uleb128 0x1
 8048 0030 50       		.byte	0x50
 8049 0031 9F       		.byte	0x9f
 8050 0032 FA000000 		.4byte	.LVL7
 8051 0036 FC000000 		.4byte	.LVL8
 8052 003a 0100     		.2byte	0x1
 8053 003c 50       		.byte	0x50
 8054 003d FC000000 		.4byte	.LVL8
 8055 0041 46010000 		.4byte	.LVL16
 8056 0045 0400     		.2byte	0x4
 8057 0047 F3       		.byte	0xf3
 8058 0048 01       		.uleb128 0x1
 8059 0049 50       		.byte	0x50
 8060 004a 9F       		.byte	0x9f
 8061 004b 46010000 		.4byte	.LVL16
 8062 004f 48010000 		.4byte	.LVL17
 8063 0053 0100     		.2byte	0x1
 8064 0055 50       		.byte	0x50
 8065 0056 48010000 		.4byte	.LVL17
 8066 005a 4E010000 		.4byte	.LVL19
 8067 005e 0400     		.2byte	0x4
 8068 0060 F3       		.byte	0xf3
 8069 0061 01       		.uleb128 0x1
 8070 0062 50       		.byte	0x50
 8071 0063 9F       		.byte	0x9f
 8072 0064 4E010000 		.4byte	.LVL19
 8073 0068 50010000 		.4byte	.LVL20
 8074 006c 0100     		.2byte	0x1
 8075 006e 50       		.byte	0x50
 8076 006f 50010000 		.4byte	.LVL20
 8077 0073 56010000 		.4byte	.LVL22
 8078 0077 0400     		.2byte	0x4
 8079 0079 F3       		.byte	0xf3
 8080 007a 01       		.uleb128 0x1
 8081 007b 50       		.byte	0x50
 8082 007c 9F       		.byte	0x9f
 8083 007d 56010000 		.4byte	.LVL22
 8084 0081 58010000 		.4byte	.LVL23
 8085 0085 0100     		.2byte	0x1
 8086 0087 50       		.byte	0x50
 8087 0088 58010000 		.4byte	.LVL23
 8088 008c A2010000 		.4byte	.LVL33
 8089 0090 0400     		.2byte	0x4
 8090 0092 F3       		.byte	0xf3
 8091 0093 01       		.uleb128 0x1
 8092 0094 50       		.byte	0x50
 8093 0095 9F       		.byte	0x9f
 8094 0096 A2010000 		.4byte	.LVL33
 8095 009a A4010000 		.4byte	.LVL34
 8096 009e 0100     		.2byte	0x1
 8097 00a0 50       		.byte	0x50
 8098 00a1 A4010000 		.4byte	.LVL34
 8099 00a5 F2010000 		.4byte	.LVL43
ARM GAS  C:\Users\Lenovo\AppData\Local\Temp\ccTXWGea.s 			page 170


 8100 00a9 0400     		.2byte	0x4
 8101 00ab F3       		.byte	0xf3
 8102 00ac 01       		.uleb128 0x1
 8103 00ad 50       		.byte	0x50
 8104 00ae 9F       		.byte	0x9f
 8105 00af F2010000 		.4byte	.LVL43
 8106 00b3 F4010000 		.4byte	.LVL44
 8107 00b7 0100     		.2byte	0x1
 8108 00b9 50       		.byte	0x50
 8109 00ba F4010000 		.4byte	.LVL44
 8110 00be 10020000 		.4byte	.LVL49
 8111 00c2 0400     		.2byte	0x4
 8112 00c4 F3       		.byte	0xf3
 8113 00c5 01       		.uleb128 0x1
 8114 00c6 50       		.byte	0x50
 8115 00c7 9F       		.byte	0x9f
 8116 00c8 10020000 		.4byte	.LVL49
 8117 00cc 1E020000 		.4byte	.LVL53
 8118 00d0 0100     		.2byte	0x1
 8119 00d2 50       		.byte	0x50
 8120 00d3 1E020000 		.4byte	.LVL53
 8121 00d7 24020000 		.4byte	.LVL55
 8122 00db 0400     		.2byte	0x4
 8123 00dd F3       		.byte	0xf3
 8124 00de 01       		.uleb128 0x1
 8125 00df 50       		.byte	0x50
 8126 00e0 9F       		.byte	0x9f
 8127 00e1 24020000 		.4byte	.LVL55
 8128 00e5 26020000 		.4byte	.LVL56
 8129 00e9 0100     		.2byte	0x1
 8130 00eb 50       		.byte	0x50
 8131 00ec 26020000 		.4byte	.LVL56
 8132 00f0 36020000 		.4byte	.LVL60
 8133 00f4 0400     		.2byte	0x4
 8134 00f6 F3       		.byte	0xf3
 8135 00f7 01       		.uleb128 0x1
 8136 00f8 50       		.byte	0x50
 8137 00f9 9F       		.byte	0x9f
 8138 00fa 36020000 		.4byte	.LVL60
 8139 00fe 3C020000 		.4byte	.LVL61
 8140 0102 0100     		.2byte	0x1
 8141 0104 50       		.byte	0x50
 8142 0105 3C020000 		.4byte	.LVL61
 8143 0109 52020000 		.4byte	.LVL64
 8144 010d 0400     		.2byte	0x4
 8145 010f F3       		.byte	0xf3
 8146 0110 01       		.uleb128 0x1
 8147 0111 50       		.byte	0x50
 8148 0112 9F       		.byte	0x9f
 8149 0113 52020000 		.4byte	.LVL64
 8150 0117 54020000 		.4byte	.LVL65
 8151 011b 0100     		.2byte	0x1
 8152 011d 50       		.byte	0x50
 8153 011e 54020000 		.4byte	.LVL65
 8154 0122 70020000 		.4byte	.LVL67
 8155 0126 0400     		.2byte	0x4
 8156 0128 F3       		.byte	0xf3
ARM GAS  C:\Users\Lenovo\AppData\Local\Temp\ccTXWGea.s 			page 171


 8157 0129 01       		.uleb128 0x1
 8158 012a 50       		.byte	0x50
 8159 012b 9F       		.byte	0x9f
 8160 012c 70020000 		.4byte	.LVL67
 8161 0130 74020000 		.4byte	.LVL69
 8162 0134 0100     		.2byte	0x1
 8163 0136 50       		.byte	0x50
 8164 0137 74020000 		.4byte	.LVL69
 8165 013b 80020000 		.4byte	.LVL71
 8166 013f 0400     		.2byte	0x4
 8167 0141 F3       		.byte	0xf3
 8168 0142 01       		.uleb128 0x1
 8169 0143 50       		.byte	0x50
 8170 0144 9F       		.byte	0x9f
 8171 0145 80020000 		.4byte	.LVL71
 8172 0149 86020000 		.4byte	.LVL72
 8173 014d 0100     		.2byte	0x1
 8174 014f 50       		.byte	0x50
 8175 0150 86020000 		.4byte	.LVL72
 8176 0154 9C020000 		.4byte	.LVL75
 8177 0158 0400     		.2byte	0x4
 8178 015a F3       		.byte	0xf3
 8179 015b 01       		.uleb128 0x1
 8180 015c 50       		.byte	0x50
 8181 015d 9F       		.byte	0x9f
 8182 015e 9C020000 		.4byte	.LVL75
 8183 0162 A0020000 		.4byte	.LVL77
 8184 0166 0100     		.2byte	0x1
 8185 0168 50       		.byte	0x50
 8186 0169 A0020000 		.4byte	.LVL77
 8187 016d A6020000 		.4byte	.LVL79
 8188 0171 0400     		.2byte	0x4
 8189 0173 F3       		.byte	0xf3
 8190 0174 01       		.uleb128 0x1
 8191 0175 50       		.byte	0x50
 8192 0176 9F       		.byte	0x9f
 8193 0177 A6020000 		.4byte	.LVL79
 8194 017b A8020000 		.4byte	.LVL80
 8195 017f 0100     		.2byte	0x1
 8196 0181 50       		.byte	0x50
 8197 0182 A8020000 		.4byte	.LVL80
 8198 0186 AE020000 		.4byte	.LVL82
 8199 018a 0400     		.2byte	0x4
 8200 018c F3       		.byte	0xf3
 8201 018d 01       		.uleb128 0x1
 8202 018e 50       		.byte	0x50
 8203 018f 9F       		.byte	0x9f
 8204 0190 AE020000 		.4byte	.LVL82
 8205 0194 B4020000 		.4byte	.LVL83
 8206 0198 0100     		.2byte	0x1
 8207 019a 50       		.byte	0x50
 8208 019b B4020000 		.4byte	.LVL83
 8209 019f D0020000 		.4byte	.LVL86
 8210 01a3 0400     		.2byte	0x4
 8211 01a5 F3       		.byte	0xf3
 8212 01a6 01       		.uleb128 0x1
 8213 01a7 50       		.byte	0x50
ARM GAS  C:\Users\Lenovo\AppData\Local\Temp\ccTXWGea.s 			page 172


 8214 01a8 9F       		.byte	0x9f
 8215 01a9 D0020000 		.4byte	.LVL86
 8216 01ad D2020000 		.4byte	.LVL87
 8217 01b1 0100     		.2byte	0x1
 8218 01b3 50       		.byte	0x50
 8219 01b4 D2020000 		.4byte	.LVL87
 8220 01b8 D8020000 		.4byte	.LVL89
 8221 01bc 0400     		.2byte	0x4
 8222 01be F3       		.byte	0xf3
 8223 01bf 01       		.uleb128 0x1
 8224 01c0 50       		.byte	0x50
 8225 01c1 9F       		.byte	0x9f
 8226 01c2 D8020000 		.4byte	.LVL89
 8227 01c6 DA020000 		.4byte	.LVL90
 8228 01ca 0100     		.2byte	0x1
 8229 01cc 50       		.byte	0x50
 8230 01cd DA020000 		.4byte	.LVL90
 8231 01d1 24030000 		.4byte	.LVL97
 8232 01d5 0400     		.2byte	0x4
 8233 01d7 F3       		.byte	0xf3
 8234 01d8 01       		.uleb128 0x1
 8235 01d9 50       		.byte	0x50
 8236 01da 9F       		.byte	0x9f
 8237 01db 24030000 		.4byte	.LVL97
 8238 01df 28030000 		.4byte	.LVL99
 8239 01e3 0100     		.2byte	0x1
 8240 01e5 50       		.byte	0x50
 8241 01e6 28030000 		.4byte	.LVL99
 8242 01ea 2E030000 		.4byte	.LVL101
 8243 01ee 0400     		.2byte	0x4
 8244 01f0 F3       		.byte	0xf3
 8245 01f1 01       		.uleb128 0x1
 8246 01f2 50       		.byte	0x50
 8247 01f3 9F       		.byte	0x9f
 8248 01f4 2E030000 		.4byte	.LVL101
 8249 01f8 30030000 		.4byte	.LVL102
 8250 01fc 0100     		.2byte	0x1
 8251 01fe 50       		.byte	0x50
 8252 01ff 30030000 		.4byte	.LVL102
 8253 0203 8A030000 		.4byte	.LVL113
 8254 0207 0400     		.2byte	0x4
 8255 0209 F3       		.byte	0xf3
 8256 020a 01       		.uleb128 0x1
 8257 020b 50       		.byte	0x50
 8258 020c 9F       		.byte	0x9f
 8259 020d 8A030000 		.4byte	.LVL113
 8260 0211 90030000 		.4byte	.LVL114
 8261 0215 0100     		.2byte	0x1
 8262 0217 50       		.byte	0x50
 8263 0218 90030000 		.4byte	.LVL114
 8264 021c A0030000 		.4byte	.LVL117
 8265 0220 0400     		.2byte	0x4
 8266 0222 F3       		.byte	0xf3
 8267 0223 01       		.uleb128 0x1
 8268 0224 50       		.byte	0x50
 8269 0225 9F       		.byte	0x9f
 8270 0226 A0030000 		.4byte	.LVL117
ARM GAS  C:\Users\Lenovo\AppData\Local\Temp\ccTXWGea.s 			page 173


 8271 022a A8030000 		.4byte	.LVL118
 8272 022e 0100     		.2byte	0x1
 8273 0230 50       		.byte	0x50
 8274 0231 A8030000 		.4byte	.LVL118
 8275 0235 AE030000 		.4byte	.LVL120
 8276 0239 0400     		.2byte	0x4
 8277 023b F3       		.byte	0xf3
 8278 023c 01       		.uleb128 0x1
 8279 023d 50       		.byte	0x50
 8280 023e 9F       		.byte	0x9f
 8281 023f AE030000 		.4byte	.LVL120
 8282 0243 B0030000 		.4byte	.LVL121
 8283 0247 0100     		.2byte	0x1
 8284 0249 50       		.byte	0x50
 8285 024a B0030000 		.4byte	.LVL121
 8286 024e B6030000 		.4byte	.LVL123
 8287 0252 0400     		.2byte	0x4
 8288 0254 F3       		.byte	0xf3
 8289 0255 01       		.uleb128 0x1
 8290 0256 50       		.byte	0x50
 8291 0257 9F       		.byte	0x9f
 8292 0258 B6030000 		.4byte	.LVL123
 8293 025c B8030000 		.4byte	.LVL124
 8294 0260 0100     		.2byte	0x1
 8295 0262 50       		.byte	0x50
 8296 0263 B8030000 		.4byte	.LVL124
 8297 0267 BE030000 		.4byte	.LVL126
 8298 026b 0400     		.2byte	0x4
 8299 026d F3       		.byte	0xf3
 8300 026e 01       		.uleb128 0x1
 8301 026f 50       		.byte	0x50
 8302 0270 9F       		.byte	0x9f
 8303 0271 BE030000 		.4byte	.LVL126
 8304 0275 C0030000 		.4byte	.LVL127
 8305 0279 0100     		.2byte	0x1
 8306 027b 50       		.byte	0x50
 8307 027c C0030000 		.4byte	.LVL127
 8308 0280 C6030000 		.4byte	.LVL129
 8309 0284 0400     		.2byte	0x4
 8310 0286 F3       		.byte	0xf3
 8311 0287 01       		.uleb128 0x1
 8312 0288 50       		.byte	0x50
 8313 0289 9F       		.byte	0x9f
 8314 028a C6030000 		.4byte	.LVL129
 8315 028e CA030000 		.4byte	.LVL131
 8316 0292 0100     		.2byte	0x1
 8317 0294 50       		.byte	0x50
 8318 0295 CA030000 		.4byte	.LVL131
 8319 0299 D0030000 		.4byte	.LVL133
 8320 029d 0400     		.2byte	0x4
 8321 029f F3       		.byte	0xf3
 8322 02a0 01       		.uleb128 0x1
 8323 02a1 50       		.byte	0x50
 8324 02a2 9F       		.byte	0x9f
 8325 02a3 D0030000 		.4byte	.LVL133
 8326 02a7 D2030000 		.4byte	.LVL134
 8327 02ab 0100     		.2byte	0x1
ARM GAS  C:\Users\Lenovo\AppData\Local\Temp\ccTXWGea.s 			page 174


 8328 02ad 50       		.byte	0x50
 8329 02ae D2030000 		.4byte	.LVL134
 8330 02b2 D8030000 		.4byte	.LVL136
 8331 02b6 0400     		.2byte	0x4
 8332 02b8 F3       		.byte	0xf3
 8333 02b9 01       		.uleb128 0x1
 8334 02ba 50       		.byte	0x50
 8335 02bb 9F       		.byte	0x9f
 8336 02bc D8030000 		.4byte	.LVL136
 8337 02c0 DA030000 		.4byte	.LVL137
 8338 02c4 0100     		.2byte	0x1
 8339 02c6 50       		.byte	0x50
 8340 02c7 DA030000 		.4byte	.LVL137
 8341 02cb E0030000 		.4byte	.LVL139
 8342 02cf 0400     		.2byte	0x4
 8343 02d1 F3       		.byte	0xf3
 8344 02d2 01       		.uleb128 0x1
 8345 02d3 50       		.byte	0x50
 8346 02d4 9F       		.byte	0x9f
 8347 02d5 E0030000 		.4byte	.LVL139
 8348 02d9 E2030000 		.4byte	.LVL140
 8349 02dd 0100     		.2byte	0x1
 8350 02df 50       		.byte	0x50
 8351 02e0 E2030000 		.4byte	.LVL140
 8352 02e4 E8030000 		.4byte	.LVL142
 8353 02e8 0400     		.2byte	0x4
 8354 02ea F3       		.byte	0xf3
 8355 02eb 01       		.uleb128 0x1
 8356 02ec 50       		.byte	0x50
 8357 02ed 9F       		.byte	0x9f
 8358 02ee E8030000 		.4byte	.LVL142
 8359 02f2 EE030000 		.4byte	.LVL143
 8360 02f6 0100     		.2byte	0x1
 8361 02f8 50       		.byte	0x50
 8362 02f9 EE030000 		.4byte	.LVL143
 8363 02fd FC030000 		.4byte	.LVL146
 8364 0301 0400     		.2byte	0x4
 8365 0303 F3       		.byte	0xf3
 8366 0304 01       		.uleb128 0x1
 8367 0305 50       		.byte	0x50
 8368 0306 9F       		.byte	0x9f
 8369 0307 FC030000 		.4byte	.LVL146
 8370 030b FE030000 		.4byte	.LVL147
 8371 030f 0100     		.2byte	0x1
 8372 0311 50       		.byte	0x50
 8373 0312 FE030000 		.4byte	.LVL147
 8374 0316 0C050000 		.4byte	.LVL149
 8375 031a 0400     		.2byte	0x4
 8376 031c F3       		.byte	0xf3
 8377 031d 01       		.uleb128 0x1
 8378 031e 50       		.byte	0x50
 8379 031f 9F       		.byte	0x9f
 8380 0320 0C050000 		.4byte	.LVL149
 8381 0324 10050000 		.4byte	.LVL151
 8382 0328 0100     		.2byte	0x1
 8383 032a 50       		.byte	0x50
 8384 032b 10050000 		.4byte	.LVL151
ARM GAS  C:\Users\Lenovo\AppData\Local\Temp\ccTXWGea.s 			page 175


 8385 032f 13050000 		.4byte	.LVL152-1
 8386 0333 0100     		.2byte	0x1
 8387 0335 51       		.byte	0x51
 8388 0336 13050000 		.4byte	.LVL152-1
 8389 033a 1C050000 		.4byte	.LFE36
 8390 033e 0400     		.2byte	0x4
 8391 0340 F3       		.byte	0xf3
 8392 0341 01       		.uleb128 0x1
 8393 0342 50       		.byte	0x50
 8394 0343 9F       		.byte	0x9f
 8395 0344 00000000 		.4byte	0
 8396 0348 00000000 		.4byte	0
 8397              	.LLST1:
 8398 034c 00000000 		.4byte	.LVL0
 8399 0350 EB000000 		.4byte	.LVL2-1
 8400 0354 0100     		.2byte	0x1
 8401 0356 51       		.byte	0x51
 8402 0357 EB000000 		.4byte	.LVL2-1
 8403 035b F2000000 		.4byte	.LVL4
 8404 035f 0100     		.2byte	0x1
 8405 0361 54       		.byte	0x54
 8406 0362 F2000000 		.4byte	.LVL4
 8407 0366 F7000000 		.4byte	.LVL6-1
 8408 036a 0100     		.2byte	0x1
 8409 036c 51       		.byte	0x51
 8410 036d F7000000 		.4byte	.LVL6-1
 8411 0371 FA000000 		.4byte	.LVL7
 8412 0375 0100     		.2byte	0x1
 8413 0377 54       		.byte	0x54
 8414 0378 FA000000 		.4byte	.LVL7
 8415 037c FF000000 		.4byte	.LVL9-1
 8416 0380 0100     		.2byte	0x1
 8417 0382 51       		.byte	0x51
 8418 0383 FF000000 		.4byte	.LVL9-1
 8419 0387 46010000 		.4byte	.LVL16
 8420 038b 0100     		.2byte	0x1
 8421 038d 54       		.byte	0x54
 8422 038e 46010000 		.4byte	.LVL16
 8423 0392 4B010000 		.4byte	.LVL18-1
 8424 0396 0100     		.2byte	0x1
 8425 0398 51       		.byte	0x51
 8426 0399 4B010000 		.4byte	.LVL18-1
 8427 039d 4E010000 		.4byte	.LVL19
 8428 03a1 0100     		.2byte	0x1
 8429 03a3 54       		.byte	0x54
 8430 03a4 4E010000 		.4byte	.LVL19
 8431 03a8 53010000 		.4byte	.LVL21-1
 8432 03ac 0100     		.2byte	0x1
 8433 03ae 51       		.byte	0x51
 8434 03af 53010000 		.4byte	.LVL21-1
 8435 03b3 56010000 		.4byte	.LVL22
 8436 03b7 0100     		.2byte	0x1
 8437 03b9 54       		.byte	0x54
 8438 03ba 56010000 		.4byte	.LVL22
 8439 03be 5B010000 		.4byte	.LVL24-1
 8440 03c2 0100     		.2byte	0x1
 8441 03c4 51       		.byte	0x51
ARM GAS  C:\Users\Lenovo\AppData\Local\Temp\ccTXWGea.s 			page 176


 8442 03c5 5B010000 		.4byte	.LVL24-1
 8443 03c9 A2010000 		.4byte	.LVL33
 8444 03cd 0100     		.2byte	0x1
 8445 03cf 54       		.byte	0x54
 8446 03d0 A2010000 		.4byte	.LVL33
 8447 03d4 A7010000 		.4byte	.LVL35-1
 8448 03d8 0100     		.2byte	0x1
 8449 03da 51       		.byte	0x51
 8450 03db A7010000 		.4byte	.LVL35-1
 8451 03df F2010000 		.4byte	.LVL43
 8452 03e3 0100     		.2byte	0x1
 8453 03e5 54       		.byte	0x54
 8454 03e6 F2010000 		.4byte	.LVL43
 8455 03ea F7010000 		.4byte	.LVL45-1
 8456 03ee 0100     		.2byte	0x1
 8457 03f0 51       		.byte	0x51
 8458 03f1 F7010000 		.4byte	.LVL45-1
 8459 03f5 10020000 		.4byte	.LVL49
 8460 03f9 0100     		.2byte	0x1
 8461 03fb 54       		.byte	0x54
 8462 03fc 10020000 		.4byte	.LVL49
 8463 0400 18020000 		.4byte	.LVL50
 8464 0404 0100     		.2byte	0x1
 8465 0406 51       		.byte	0x51
 8466 0407 18020000 		.4byte	.LVL50
 8467 040b 1A020000 		.4byte	.LVL51
 8468 040f 0100     		.2byte	0x1
 8469 0411 54       		.byte	0x54
 8470 0412 1A020000 		.4byte	.LVL51
 8471 0416 1C020000 		.4byte	.LVL52
 8472 041a 0100     		.2byte	0x1
 8473 041c 51       		.byte	0x51
 8474 041d 1C020000 		.4byte	.LVL52
 8475 0421 24020000 		.4byte	.LVL55
 8476 0425 0100     		.2byte	0x1
 8477 0427 54       		.byte	0x54
 8478 0428 24020000 		.4byte	.LVL55
 8479 042c 29020000 		.4byte	.LVL57-1
 8480 0430 0100     		.2byte	0x1
 8481 0432 51       		.byte	0x51
 8482 0433 29020000 		.4byte	.LVL57-1
 8483 0437 36020000 		.4byte	.LVL60
 8484 043b 0100     		.2byte	0x1
 8485 043d 54       		.byte	0x54
 8486 043e 36020000 		.4byte	.LVL60
 8487 0442 3F020000 		.4byte	.LVL62-1
 8488 0446 0100     		.2byte	0x1
 8489 0448 51       		.byte	0x51
 8490 0449 3F020000 		.4byte	.LVL62-1
 8491 044d 52020000 		.4byte	.LVL64
 8492 0451 0100     		.2byte	0x1
 8493 0453 54       		.byte	0x54
 8494 0454 52020000 		.4byte	.LVL64
 8495 0458 57020000 		.4byte	.LVL66-1
 8496 045c 0100     		.2byte	0x1
 8497 045e 51       		.byte	0x51
 8498 045f 57020000 		.4byte	.LVL66-1
ARM GAS  C:\Users\Lenovo\AppData\Local\Temp\ccTXWGea.s 			page 177


 8499 0463 70020000 		.4byte	.LVL67
 8500 0467 0100     		.2byte	0x1
 8501 0469 54       		.byte	0x54
 8502 046a 70020000 		.4byte	.LVL67
 8503 046e 72020000 		.4byte	.LVL68
 8504 0472 0100     		.2byte	0x1
 8505 0474 51       		.byte	0x51
 8506 0475 72020000 		.4byte	.LVL68
 8507 0479 80020000 		.4byte	.LVL71
 8508 047d 0100     		.2byte	0x1
 8509 047f 54       		.byte	0x54
 8510 0480 80020000 		.4byte	.LVL71
 8511 0484 89020000 		.4byte	.LVL73-1
 8512 0488 0100     		.2byte	0x1
 8513 048a 51       		.byte	0x51
 8514 048b 89020000 		.4byte	.LVL73-1
 8515 048f 9C020000 		.4byte	.LVL75
 8516 0493 0100     		.2byte	0x1
 8517 0495 54       		.byte	0x54
 8518 0496 9C020000 		.4byte	.LVL75
 8519 049a 9E020000 		.4byte	.LVL76
 8520 049e 0100     		.2byte	0x1
 8521 04a0 51       		.byte	0x51
 8522 04a1 9E020000 		.4byte	.LVL76
 8523 04a5 A6020000 		.4byte	.LVL79
 8524 04a9 0100     		.2byte	0x1
 8525 04ab 54       		.byte	0x54
 8526 04ac A6020000 		.4byte	.LVL79
 8527 04b0 AB020000 		.4byte	.LVL81-1
 8528 04b4 0100     		.2byte	0x1
 8529 04b6 51       		.byte	0x51
 8530 04b7 AB020000 		.4byte	.LVL81-1
 8531 04bb AE020000 		.4byte	.LVL82
 8532 04bf 0100     		.2byte	0x1
 8533 04c1 54       		.byte	0x54
 8534 04c2 AE020000 		.4byte	.LVL82
 8535 04c6 B7020000 		.4byte	.LVL84-1
 8536 04ca 0100     		.2byte	0x1
 8537 04cc 51       		.byte	0x51
 8538 04cd B7020000 		.4byte	.LVL84-1
 8539 04d1 D0020000 		.4byte	.LVL86
 8540 04d5 0100     		.2byte	0x1
 8541 04d7 54       		.byte	0x54
 8542 04d8 D0020000 		.4byte	.LVL86
 8543 04dc D5020000 		.4byte	.LVL88-1
 8544 04e0 0100     		.2byte	0x1
 8545 04e2 51       		.byte	0x51
 8546 04e3 D5020000 		.4byte	.LVL88-1
 8547 04e7 D8020000 		.4byte	.LVL89
 8548 04eb 0100     		.2byte	0x1
 8549 04ed 54       		.byte	0x54
 8550 04ee D8020000 		.4byte	.LVL89
 8551 04f2 DD020000 		.4byte	.LVL91-1
 8552 04f6 0100     		.2byte	0x1
 8553 04f8 51       		.byte	0x51
 8554 04f9 DD020000 		.4byte	.LVL91-1
 8555 04fd 24030000 		.4byte	.LVL97
ARM GAS  C:\Users\Lenovo\AppData\Local\Temp\ccTXWGea.s 			page 178


 8556 0501 0100     		.2byte	0x1
 8557 0503 54       		.byte	0x54
 8558 0504 24030000 		.4byte	.LVL97
 8559 0508 26030000 		.4byte	.LVL98
 8560 050c 0100     		.2byte	0x1
 8561 050e 51       		.byte	0x51
 8562 050f 26030000 		.4byte	.LVL98
 8563 0513 2E030000 		.4byte	.LVL101
 8564 0517 0100     		.2byte	0x1
 8565 0519 54       		.byte	0x54
 8566 051a 2E030000 		.4byte	.LVL101
 8567 051e 33030000 		.4byte	.LVL103-1
 8568 0522 0100     		.2byte	0x1
 8569 0524 51       		.byte	0x51
 8570 0525 33030000 		.4byte	.LVL103-1
 8571 0529 8A030000 		.4byte	.LVL113
 8572 052d 0100     		.2byte	0x1
 8573 052f 54       		.byte	0x54
 8574 0530 8A030000 		.4byte	.LVL113
 8575 0534 93030000 		.4byte	.LVL115-1
 8576 0538 0100     		.2byte	0x1
 8577 053a 51       		.byte	0x51
 8578 053b 93030000 		.4byte	.LVL115-1
 8579 053f A0030000 		.4byte	.LVL117
 8580 0543 0100     		.2byte	0x1
 8581 0545 54       		.byte	0x54
 8582 0546 A0030000 		.4byte	.LVL117
 8583 054a AB030000 		.4byte	.LVL119-1
 8584 054e 0100     		.2byte	0x1
 8585 0550 51       		.byte	0x51
 8586 0551 AB030000 		.4byte	.LVL119-1
 8587 0555 AE030000 		.4byte	.LVL120
 8588 0559 0100     		.2byte	0x1
 8589 055b 54       		.byte	0x54
 8590 055c AE030000 		.4byte	.LVL120
 8591 0560 B3030000 		.4byte	.LVL122-1
 8592 0564 0100     		.2byte	0x1
 8593 0566 51       		.byte	0x51
 8594 0567 B3030000 		.4byte	.LVL122-1
 8595 056b B6030000 		.4byte	.LVL123
 8596 056f 0100     		.2byte	0x1
 8597 0571 54       		.byte	0x54
 8598 0572 B6030000 		.4byte	.LVL123
 8599 0576 BB030000 		.4byte	.LVL125-1
 8600 057a 0100     		.2byte	0x1
 8601 057c 51       		.byte	0x51
 8602 057d BB030000 		.4byte	.LVL125-1
 8603 0581 BE030000 		.4byte	.LVL126
 8604 0585 0100     		.2byte	0x1
 8605 0587 54       		.byte	0x54
 8606 0588 BE030000 		.4byte	.LVL126
 8607 058c C3030000 		.4byte	.LVL128-1
 8608 0590 0100     		.2byte	0x1
 8609 0592 51       		.byte	0x51
 8610 0593 C3030000 		.4byte	.LVL128-1
 8611 0597 C6030000 		.4byte	.LVL129
 8612 059b 0100     		.2byte	0x1
ARM GAS  C:\Users\Lenovo\AppData\Local\Temp\ccTXWGea.s 			page 179


 8613 059d 54       		.byte	0x54
 8614 059e C6030000 		.4byte	.LVL129
 8615 05a2 C8030000 		.4byte	.LVL130
 8616 05a6 0100     		.2byte	0x1
 8617 05a8 51       		.byte	0x51
 8618 05a9 C8030000 		.4byte	.LVL130
 8619 05ad D0030000 		.4byte	.LVL133
 8620 05b1 0100     		.2byte	0x1
 8621 05b3 54       		.byte	0x54
 8622 05b4 D0030000 		.4byte	.LVL133
 8623 05b8 D5030000 		.4byte	.LVL135-1
 8624 05bc 0100     		.2byte	0x1
 8625 05be 51       		.byte	0x51
 8626 05bf D5030000 		.4byte	.LVL135-1
 8627 05c3 D8030000 		.4byte	.LVL136
 8628 05c7 0100     		.2byte	0x1
 8629 05c9 54       		.byte	0x54
 8630 05ca D8030000 		.4byte	.LVL136
 8631 05ce DD030000 		.4byte	.LVL138-1
 8632 05d2 0100     		.2byte	0x1
 8633 05d4 51       		.byte	0x51
 8634 05d5 DD030000 		.4byte	.LVL138-1
 8635 05d9 E0030000 		.4byte	.LVL139
 8636 05dd 0100     		.2byte	0x1
 8637 05df 54       		.byte	0x54
 8638 05e0 E0030000 		.4byte	.LVL139
 8639 05e4 E5030000 		.4byte	.LVL141-1
 8640 05e8 0100     		.2byte	0x1
 8641 05ea 51       		.byte	0x51
 8642 05eb E5030000 		.4byte	.LVL141-1
 8643 05ef E8030000 		.4byte	.LVL142
 8644 05f3 0100     		.2byte	0x1
 8645 05f5 54       		.byte	0x54
 8646 05f6 E8030000 		.4byte	.LVL142
 8647 05fa F1030000 		.4byte	.LVL144-1
 8648 05fe 0100     		.2byte	0x1
 8649 0600 51       		.byte	0x51
 8650 0601 F1030000 		.4byte	.LVL144-1
 8651 0605 FC030000 		.4byte	.LVL146
 8652 0609 0400     		.2byte	0x4
 8653 060b F3       		.byte	0xf3
 8654 060c 01       		.uleb128 0x1
 8655 060d 51       		.byte	0x51
 8656 060e 9F       		.byte	0x9f
 8657 060f FC030000 		.4byte	.LVL146
 8658 0613 01040000 		.4byte	.LVL148-1
 8659 0617 0100     		.2byte	0x1
 8660 0619 51       		.byte	0x51
 8661 061a 01040000 		.4byte	.LVL148-1
 8662 061e 0C050000 		.4byte	.LVL149
 8663 0622 0100     		.2byte	0x1
 8664 0624 54       		.byte	0x54
 8665 0625 0C050000 		.4byte	.LVL149
 8666 0629 0E050000 		.4byte	.LVL150
 8667 062d 0100     		.2byte	0x1
 8668 062f 51       		.byte	0x51
 8669 0630 0E050000 		.4byte	.LVL150
ARM GAS  C:\Users\Lenovo\AppData\Local\Temp\ccTXWGea.s 			page 180


 8670 0634 14050000 		.4byte	.LVL152
 8671 0638 0100     		.2byte	0x1
 8672 063a 54       		.byte	0x54
 8673 063b 14050000 		.4byte	.LVL152
 8674 063f 1C050000 		.4byte	.LFE36
 8675 0643 0400     		.2byte	0x4
 8676 0645 F3       		.byte	0xf3
 8677 0646 01       		.uleb128 0x1
 8678 0647 51       		.byte	0x51
 8679 0648 9F       		.byte	0x9f
 8680 0649 00000000 		.4byte	0
 8681 064d 00000000 		.4byte	0
 8682              	.LLST2:
 8683 0651 A2010000 		.4byte	.LVL33
 8684 0655 A7010000 		.4byte	.LVL35-1
 8685 0659 0100     		.2byte	0x1
 8686 065b 51       		.byte	0x51
 8687 065c A7010000 		.4byte	.LVL35-1
 8688 0660 F2010000 		.4byte	.LVL43
 8689 0664 0100     		.2byte	0x1
 8690 0666 54       		.byte	0x54
 8691 0667 F2010000 		.4byte	.LVL43
 8692 066b F7010000 		.4byte	.LVL45-1
 8693 066f 0100     		.2byte	0x1
 8694 0671 51       		.byte	0x51
 8695 0672 F7010000 		.4byte	.LVL45-1
 8696 0676 10020000 		.4byte	.LVL49
 8697 067a 0100     		.2byte	0x1
 8698 067c 54       		.byte	0x54
 8699 067d 00000000 		.4byte	0
 8700 0681 00000000 		.4byte	0
 8701              	.LLST3:
 8702 0685 06000000 		.4byte	.LVL159
 8703 0689 12000000 		.4byte	.LVL160
 8704 068d 0100     		.2byte	0x1
 8705 068f 50       		.byte	0x50
 8706 0690 14000000 		.4byte	.LVL161
 8707 0694 1A000000 		.4byte	.LVL162
 8708 0698 0100     		.2byte	0x1
 8709 069a 50       		.byte	0x50
 8710 069b 1C000000 		.4byte	.LVL163
 8711 069f 1F000000 		.4byte	.LVL164-1
 8712 06a3 0100     		.2byte	0x1
 8713 06a5 50       		.byte	0x50
 8714 06a6 00000000 		.4byte	0
 8715 06aa 00000000 		.4byte	0
 8716              	.LLST4:
 8717 06ae 06000000 		.4byte	.LVL165
 8718 06b2 0A000000 		.4byte	.LVL166
 8719 06b6 0100     		.2byte	0x1
 8720 06b8 50       		.byte	0x50
 8721 06b9 0C000000 		.4byte	.LVL167
 8722 06bd 1C000000 		.4byte	.LVL170
 8723 06c1 0100     		.2byte	0x1
 8724 06c3 54       		.byte	0x54
 8725 06c4 1E000000 		.4byte	.LVL171
 8726 06c8 21000000 		.4byte	.LVL172-1
ARM GAS  C:\Users\Lenovo\AppData\Local\Temp\ccTXWGea.s 			page 181


 8727 06cc 0100     		.2byte	0x1
 8728 06ce 50       		.byte	0x50
 8729 06cf 21000000 		.4byte	.LVL172-1
 8730 06d3 22000000 		.4byte	.LVL173
 8731 06d7 0100     		.2byte	0x1
 8732 06d9 54       		.byte	0x54
 8733 06da 00000000 		.4byte	0
 8734 06de 00000000 		.4byte	0
 8735              	.LLST5:
 8736 06e2 00000000 		.4byte	.LVL174
 8737 06e6 26000000 		.4byte	.LVL175
 8738 06ea 0100     		.2byte	0x1
 8739 06ec 50       		.byte	0x50
 8740 06ed 26000000 		.4byte	.LVL175
 8741 06f1 70000000 		.4byte	.LFE40
 8742 06f5 0400     		.2byte	0x4
 8743 06f7 F3       		.byte	0xf3
 8744 06f8 01       		.uleb128 0x1
 8745 06f9 50       		.byte	0x50
 8746 06fa 9F       		.byte	0x9f
 8747 06fb 00000000 		.4byte	0
 8748 06ff 00000000 		.4byte	0
 8749              	.LLST6:
 8750 0703 00000000 		.4byte	.LVL179
 8751 0707 0C000000 		.4byte	.LVL181
 8752 070b 0100     		.2byte	0x1
 8753 070d 50       		.byte	0x50
 8754 070e 0C000000 		.4byte	.LVL181
 8755 0712 60000000 		.4byte	.LVL191
 8756 0716 0100     		.2byte	0x1
 8757 0718 55       		.byte	0x55
 8758 0719 00000000 		.4byte	0
 8759 071d 00000000 		.4byte	0
 8760              	.LLST7:
 8761 0721 08000000 		.4byte	.LVL180
 8762 0725 0C000000 		.4byte	.LVL181
 8763 0729 0200     		.2byte	0x2
 8764 072b 30       		.byte	0x30
 8765 072c 9F       		.byte	0x9f
 8766 072d 0C000000 		.4byte	.LVL181
 8767 0731 40000000 		.4byte	.LVL185
 8768 0735 0100     		.2byte	0x1
 8769 0737 54       		.byte	0x54
 8770 0738 42000000 		.4byte	.LVL186
 8771 073c 48000000 		.4byte	.LVL187
 8772 0740 0100     		.2byte	0x1
 8773 0742 54       		.byte	0x54
 8774 0743 4A000000 		.4byte	.LVL188
 8775 0747 5A000000 		.4byte	.LVL189
 8776 074b 0100     		.2byte	0x1
 8777 074d 53       		.byte	0x53
 8778 074e 5C000000 		.4byte	.LVL190
 8779 0752 70000000 		.4byte	.LFE44
 8780 0756 0100     		.2byte	0x1
 8781 0758 53       		.byte	0x53
 8782 0759 00000000 		.4byte	0
 8783 075d 00000000 		.4byte	0
ARM GAS  C:\Users\Lenovo\AppData\Local\Temp\ccTXWGea.s 			page 182


 8784              	.LLST8:
 8785 0761 04000000 		.4byte	.LVL192
 8786 0765 24000000 		.4byte	.LVL193
 8787 0769 0200     		.2byte	0x2
 8788 076b 30       		.byte	0x30
 8789 076c 9F       		.byte	0x9f
 8790 076d 24000000 		.4byte	.LVL193
 8791 0771 2E000000 		.4byte	.LVL195
 8792 0775 0200     		.2byte	0x2
 8793 0777 31       		.byte	0x31
 8794 0778 9F       		.byte	0x9f
 8795 0779 2E000000 		.4byte	.LVL195
 8796 077d 30000000 		.4byte	.LVL196
 8797 0781 0200     		.2byte	0x2
 8798 0783 30       		.byte	0x30
 8799 0784 9F       		.byte	0x9f
 8800 0785 30000000 		.4byte	.LVL196
 8801 0789 9C000000 		.4byte	.LVL201
 8802 078d 0100     		.2byte	0x1
 8803 078f 54       		.byte	0x54
 8804 0790 00000000 		.4byte	0
 8805 0794 00000000 		.4byte	0
 8806              	.LLST9:
 8807 0798 4A000000 		.4byte	.LVL207
 8808 079c 4E000000 		.4byte	.LVL208
 8809 07a0 0200     		.2byte	0x2
 8810 07a2 30       		.byte	0x30
 8811 07a3 9F       		.byte	0x9f
 8812 07a4 4E000000 		.4byte	.LVL208
 8813 07a8 70000000 		.4byte	.LVL212
 8814 07ac 0100     		.2byte	0x1
 8815 07ae 54       		.byte	0x54
 8816 07af 72000000 		.4byte	.LVL213
 8817 07b3 A2000000 		.4byte	.LVL218
 8818 07b7 0100     		.2byte	0x1
 8819 07b9 54       		.byte	0x54
 8820 07ba 00000000 		.4byte	0
 8821 07be 00000000 		.4byte	0
 8822              	.LLST10:
 8823 07c2 0A000000 		.4byte	.LVL224
 8824 07c6 0E000000 		.4byte	.LVL225
 8825 07ca 0200     		.2byte	0x2
 8826 07cc 30       		.byte	0x30
 8827 07cd 9F       		.byte	0x9f
 8828 07ce 0E000000 		.4byte	.LVL225
 8829 07d2 88000000 		.4byte	.LVL234
 8830 07d6 0100     		.2byte	0x1
 8831 07d8 54       		.byte	0x54
 8832 07d9 8A000000 		.4byte	.LVL235
 8833 07dd 90000000 		.4byte	.LVL236
 8834 07e1 0100     		.2byte	0x1
 8835 07e3 54       		.byte	0x54
 8836 07e4 00000000 		.4byte	0
 8837 07e8 00000000 		.4byte	0
 8838              	.LLST11:
 8839 07ec 36000000 		.4byte	.LVL239
 8840 07f0 4A000000 		.4byte	.LVL240
ARM GAS  C:\Users\Lenovo\AppData\Local\Temp\ccTXWGea.s 			page 183


 8841 07f4 0100     		.2byte	0x1
 8842 07f6 52       		.byte	0x52
 8843 07f7 4C000000 		.4byte	.LVL241
 8844 07fb 5E000000 		.4byte	.LVL242
 8845 07ff 0100     		.2byte	0x1
 8846 0801 52       		.byte	0x52
 8847 0802 E8000000 		.4byte	.LVL253
 8848 0806 EC000000 		.4byte	.LVL254
 8849 080a 0100     		.2byte	0x1
 8850 080c 52       		.byte	0x52
 8851 080d 00000000 		.4byte	0
 8852 0811 00000000 		.4byte	0
 8853              		.section	.debug_aranges,"",%progbits
 8854 0000 94000000 		.4byte	0x94
 8855 0004 0200     		.2byte	0x2
 8856 0006 00000000 		.4byte	.Ldebug_info0
 8857 000a 04       		.byte	0x4
 8858 000b 00       		.byte	0
 8859 000c 0000     		.2byte	0
 8860 000e 0000     		.2byte	0
 8861 0010 00000000 		.4byte	.LFB36
 8862 0014 1C050000 		.4byte	.LFE36-.LFB36
 8863 0018 00000000 		.4byte	.LFB37
 8864 001c 18000000 		.4byte	.LFE37-.LFB37
 8865 0020 00000000 		.4byte	.LFB42
 8866 0024 18000000 		.4byte	.LFE42-.LFB42
 8867 0028 00000000 		.4byte	.LFB43
 8868 002c 50000000 		.4byte	.LFE43-.LFB43
 8869 0030 00000000 		.4byte	.LFB38
 8870 0034 28000000 		.4byte	.LFE38-.LFB38
 8871 0038 00000000 		.4byte	.LFB39
 8872 003c 24000000 		.4byte	.LFE39-.LFB39
 8873 0040 00000000 		.4byte	.LFB40
 8874 0044 70000000 		.4byte	.LFE40-.LFB40
 8875 0048 00000000 		.4byte	.LFB44
 8876 004c 70000000 		.4byte	.LFE44-.LFB44
 8877 0050 00000000 		.4byte	.LFB41
 8878 0054 B8000000 		.4byte	.LFE41-.LFB41
 8879 0058 00000000 		.4byte	.LFB45
 8880 005c D8000000 		.4byte	.LFE45-.LFB45
 8881 0060 00000000 		.4byte	.LFB46
 8882 0064 64000000 		.4byte	.LFE46-.LFB46
 8883 0068 00000000 		.4byte	.LFB47
 8884 006c AC000000 		.4byte	.LFE47-.LFB47
 8885 0070 00000000 		.4byte	.LFB48
 8886 0074 28010000 		.4byte	.LFE48-.LFB48
 8887 0078 00000000 		.4byte	.LFB49
 8888 007c 60010000 		.4byte	.LFE49-.LFB49
 8889 0080 00000000 		.4byte	.LFB51
 8890 0084 4C000000 		.4byte	.LFE51-.LFB51
 8891 0088 00000000 		.4byte	.LFB52
 8892 008c F0000000 		.4byte	.LFE52-.LFB52
 8893 0090 00000000 		.4byte	0
 8894 0094 00000000 		.4byte	0
 8895              		.section	.debug_ranges,"",%progbits
 8896              	.Ldebug_ranges0:
 8897 0000 00000000 		.4byte	.LFB36
ARM GAS  C:\Users\Lenovo\AppData\Local\Temp\ccTXWGea.s 			page 184


 8898 0004 1C050000 		.4byte	.LFE36
 8899 0008 00000000 		.4byte	.LFB37
 8900 000c 18000000 		.4byte	.LFE37
 8901 0010 00000000 		.4byte	.LFB42
 8902 0014 18000000 		.4byte	.LFE42
 8903 0018 00000000 		.4byte	.LFB43
 8904 001c 50000000 		.4byte	.LFE43
 8905 0020 00000000 		.4byte	.LFB38
 8906 0024 28000000 		.4byte	.LFE38
 8907 0028 00000000 		.4byte	.LFB39
 8908 002c 24000000 		.4byte	.LFE39
 8909 0030 00000000 		.4byte	.LFB40
 8910 0034 70000000 		.4byte	.LFE40
 8911 0038 00000000 		.4byte	.LFB44
 8912 003c 70000000 		.4byte	.LFE44
 8913 0040 00000000 		.4byte	.LFB41
 8914 0044 B8000000 		.4byte	.LFE41
 8915 0048 00000000 		.4byte	.LFB45
 8916 004c D8000000 		.4byte	.LFE45
 8917 0050 00000000 		.4byte	.LFB46
 8918 0054 64000000 		.4byte	.LFE46
 8919 0058 00000000 		.4byte	.LFB47
 8920 005c AC000000 		.4byte	.LFE47
 8921 0060 00000000 		.4byte	.LFB48
 8922 0064 28010000 		.4byte	.LFE48
 8923 0068 00000000 		.4byte	.LFB49
 8924 006c 60010000 		.4byte	.LFE49
 8925 0070 00000000 		.4byte	.LFB51
 8926 0074 4C000000 		.4byte	.LFE51
 8927 0078 00000000 		.4byte	.LFB52
 8928 007c F0000000 		.4byte	.LFE52
 8929 0080 00000000 		.4byte	0
 8930 0084 00000000 		.4byte	0
 8931              		.section	.debug_line,"",%progbits
 8932              	.Ldebug_line0:
 8933 0000 A8050000 		.section	.debug_str,"MS",%progbits,1
 8933      0200AD02 
 8933      00000201 
 8933      FB0E0D00 
 8933      01010101 
 8934              	.LASF422:
 8935 0000 4359424C 		.ascii	"CYBLE_EVT_HPSS_NOTIFICATION_DISABLED\000"
 8935      455F4556 
 8935      545F4850 
 8935      53535F4E 
 8935      4F544946 
 8936              	.LASF105:
 8937 0025 4359424C 		.ascii	"CYBLE_ERROR_L2CAP_PSM_ALREADY_REGISTERED\000"
 8937      455F4552 
 8937      524F525F 
 8937      4C324341 
 8937      505F5053 
 8938              	.LASF364:
 8939 004e 4359424C 		.ascii	"CYBLE_EVT_CSCSS_NOTIFICATION_DISABLED\000"
 8939      455F4556 
 8939      545F4353 
 8939      4353535F 
ARM GAS  C:\Users\Lenovo\AppData\Local\Temp\ccTXWGea.s 			page 185


 8939      4E4F5449 
 8940              	.LASF567:
 8941 0074 6576656E 		.ascii	"event\000"
 8941      7400
 8942              	.LASF90:
 8943 007a 4359424C 		.ascii	"CYBLE_EVT_MAX\000"
 8943      455F4556 
 8943      545F4D41 
 8943      5800
 8944              	.LASF474:
 8945 0088 4359424C 		.ascii	"CYBLE_EVT_PASSS_NOTIFICATION_ENABLED\000"
 8945      455F4556 
 8945      545F5041 
 8945      5353535F 
 8945      4E4F5449 
 8946              	.LASF208:
 8947 00ad 4359424C 		.ascii	"CYBLE_GATT_ERR_INSUFFICIENT_ENC_KEY_SIZE\000"
 8947      455F4741 
 8947      54545F45 
 8947      52525F49 
 8947      4E535546 
 8948              	.LASF648:
 8949 00d6 5F5F6275 		.ascii	"__builtin_putchar\000"
 8949      696C7469 
 8949      6E5F7075 
 8949      74636861 
 8949      7200
 8950              	.LASF627:
 8951 00e8 5357325F 		.ascii	"SW2_Interrupt_ClearPending\000"
 8951      496E7465 
 8951      72727570 
 8951      745F436C 
 8951      65617250 
 8952              	.LASF421:
 8953 0103 4359424C 		.ascii	"CYBLE_EVT_HPSS_NOTIFICATION_ENABLED\000"
 8953      455F4556 
 8953      545F4850 
 8953      53535F4E 
 8953      4F544946 
 8954              	.LASF455:
 8955 0127 4359424C 		.ascii	"CYBLE_EVT_IPSC_WRITE_DESCR_RESPONSE\000"
 8955      455F4556 
 8955      545F4950 
 8955      53435F57 
 8955      52495445 
 8956              	.LASF242:
 8957 014b 67617474 		.ascii	"gattErrorCode\000"
 8957      4572726F 
 8957      72436F64 
 8957      6500
 8958              	.LASF284:
 8959 0159 4359424C 		.ascii	"CYBLE_EVT_AIOSS_CHAR_WRITE\000"
 8959      455F4556 
 8959      545F4149 
 8959      4F53535F 
 8959      43484152 
 8960              	.LASF636:
ARM GAS  C:\Users\Lenovo\AppData\Local\Temp\ccTXWGea.s 			page 186


 8961 0174 41647665 		.ascii	"Advertising_LED_Read\000"
 8961      72746973 
 8961      696E675F 
 8961      4C45445F 
 8961      52656164 
 8962              	.LASF583:
 8963 0189 41646348 		.ascii	"AdcHandler\000"
 8963      616E646C 
 8963      657200
 8964              	.LASF639:
 8965 0194 43794465 		.ascii	"CyDelay\000"
 8965      6C617900 
 8966              	.LASF478:
 8967 019c 4359424C 		.ascii	"CYBLE_EVT_PASSC_READ_CHAR_RESPONSE\000"
 8967      455F4556 
 8967      545F5041 
 8967      5353435F 
 8967      52454144 
 8968              	.LASF367:
 8969 01bf 4359424C 		.ascii	"CYBLE_EVT_CSCSS_INDICATION_CONFIRMATION\000"
 8969      455F4556 
 8969      545F4353 
 8969      4353535F 
 8969      494E4449 
 8970              	.LASF609:
 8971 01e7 70617373 		.ascii	"passkeyPow\000"
 8971      6B657950 
 8971      6F7700
 8972              	.LASF345:
 8973 01f2 4359424C 		.ascii	"CYBLE_EVT_CGMSC_WRITE_CHAR_RESPONSE\000"
 8973      455F4556 
 8973      545F4347 
 8973      4D53435F 
 8973      57524954 
 8974              	.LASF30:
 8975 0216 4359424C 		.ascii	"CYBLE_EVT_GAP_AUTH_COMPLETE\000"
 8975      455F4556 
 8975      545F4741 
 8975      505F4155 
 8975      54485F43 
 8976              	.LASF247:
 8977 0232 4359424C 		.ascii	"CYBLE_AIOS_DIGITAL\000"
 8977      455F4149 
 8977      4F535F44 
 8977      49474954 
 8977      414C00
 8978              	.LASF121:
 8979 0245 4359424C 		.ascii	"CYBLE_ERROR_IND_DISABLED\000"
 8979      455F4552 
 8979      524F525F 
 8979      494E445F 
 8979      44495341 
 8980              	.LASF372:
 8981 025e 4359424C 		.ascii	"CYBLE_EVT_CSCSC_WRITE_CHAR_RESPONSE\000"
 8981      455F4556 
 8981      545F4353 
 8981      4353435F 
ARM GAS  C:\Users\Lenovo\AppData\Local\Temp\ccTXWGea.s 			page 187


 8981      57524954 
 8982              	.LASF518:
 8983 0282 4359424C 		.ascii	"CYBLE_EVT_TPSC_READ_DESCR_RESPONSE\000"
 8983      455F4556 
 8983      545F5450 
 8983      53435F52 
 8983      4541445F 
 8984              	.LASF436:
 8985 02a5 4359424C 		.ascii	"CYBLE_EVT_HRSC_WRITE_DESCR_RESPONSE\000"
 8985      455F4556 
 8985      545F4852 
 8985      53435F57 
 8985      52495445 
 8986              	.LASF91:
 8987 02c9 4359424C 		.ascii	"CYBLE_ERROR_OK\000"
 8987      455F4552 
 8987      524F525F 
 8987      4F4B00
 8988              	.LASF603:
 8989 02d8 6379426C 		.ascii	"cyBle_state\000"
 8989      655F7374 
 8989      61746500 
 8990              	.LASF557:
 8991 02e4 4359424C 		.ascii	"CYBLE_STATE_ADVERTISING\000"
 8991      455F5354 
 8991      4154455F 
 8991      41445645 
 8991      52544953 
 8992              	.LASF279:
 8993 02fc 4359424C 		.ascii	"CYBLE_EVT_AIOSS_NOTIFICATION_ENABLED\000"
 8993      455F4556 
 8993      545F4149 
 8993      4F53535F 
 8993      4E4F5449 
 8994              	.LASF102:
 8995 0321 4359424C 		.ascii	"CYBLE_ERROR_BT_ON_NOT_COMPLETED\000"
 8995      455F4552 
 8995      524F525F 
 8995      42545F4F 
 8995      4E5F4E4F 
 8996              	.LASF384:
 8997 0341 4359424C 		.ascii	"CYBLE_EVT_ESSS_NOTIFICATION_ENABLED\000"
 8997      455F4556 
 8997      545F4553 
 8997      53535F4E 
 8997      4F544946 
 8998              	.LASF659:
 8999 0365 4379426C 		.ascii	"CyBle_Start\000"
 8999      655F5374 
 8999      61727400 
 9000              	.LASF328:
 9001 0371 4359424C 		.ascii	"CYBLE_EVT_BLSC_NOTIFICATION\000"
 9001      455F4556 
 9001      545F424C 
 9001      53435F4E 
 9001      4F544946 
 9002              	.LASF606:
ARM GAS  C:\Users\Lenovo\AppData\Local\Temp\ccTXWGea.s 			page 188


 9003 038d 61757468 		.ascii	"authState\000"
 9003      53746174 
 9003      6500
 9004              	.LASF453:
 9005 0397 4359424C 		.ascii	"CYBLE_EVT_IPSC_WRITE_CHAR_RESPONSE\000"
 9005      455F4556 
 9005      545F4950 
 9005      53435F57 
 9005      52495445 
 9006              	.LASF397:
 9007 03ba 4359424C 		.ascii	"CYBLE_EVT_GLSS_INDICATION_ENABLED\000"
 9007      455F4556 
 9007      545F474C 
 9007      53535F49 
 9007      4E444943 
 9008              	.LASF71:
 9009 03dc 4359424C 		.ascii	"CYBLE_EVT_GATTS_DATA_SIGNED_CMD_REQ\000"
 9009      455F4556 
 9009      545F4741 
 9009      5454535F 
 9009      44415441 
 9010              	.LASF294:
 9011 0400 4359424C 		.ascii	"CYBLE_EVT_ANCSS_NOTIFICATION_DISABLED\000"
 9011      455F4556 
 9011      545F414E 
 9011      4353535F 
 9011      4E4F5449 
 9012              	.LASF291:
 9013 0426 4359424C 		.ascii	"CYBLE_EVT_AIOSC_WRITE_DESCR_RESPONSE\000"
 9013      455F4556 
 9013      545F4149 
 9013      4F53435F 
 9013      57524954 
 9014              	.LASF458:
 9015 044b 4359424C 		.ascii	"CYBLE_EVT_LLSS_WRITE_CHAR_REQ\000"
 9015      455F4556 
 9015      545F4C4C 
 9015      53535F57 
 9015      52495445 
 9016              	.LASF457:
 9017 0469 4359424C 		.ascii	"CYBLE_EVT_IPSC_READ_BLOB_RSP\000"
 9017      455F4556 
 9017      545F4950 
 9017      53435F52 
 9017      4541445F 
 9018              	.LASF572:
 9019 0486 42757474 		.ascii	"ButtonPressInt\000"
 9019      6F6E5072 
 9019      65737349 
 9019      6E7400
 9020              	.LASF20:
 9021 0495 4359424C 		.ascii	"CYBLE_EVT_STACK_ON\000"
 9021      455F4556 
 9021      545F5354 
 9021      41434B5F 
 9021      4F4E00
 9022              	.LASF388:
ARM GAS  C:\Users\Lenovo\AppData\Local\Temp\ccTXWGea.s 			page 189


 9023 04a8 4359424C 		.ascii	"CYBLE_EVT_ESSS_INDICATION_CONFIRMATION\000"
 9023      455F4556 
 9023      545F4553 
 9023      53535F49 
 9023      4E444943 
 9024              	.LASF365:
 9025 04cf 4359424C 		.ascii	"CYBLE_EVT_CSCSS_INDICATION_ENABLED\000"
 9025      455F4556 
 9025      545F4353 
 9025      4353535F 
 9025      494E4449 
 9026              	.LASF248:
 9027 04f2 4359424C 		.ascii	"CYBLE_AIOS_ANALOG\000"
 9027      455F4149 
 9027      4F535F41 
 9027      4E414C4F 
 9027      4700
 9028              	.LASF110:
 9029 0504 4359424C 		.ascii	"CYBLE_ERROR_GATT_DB_INVALID_ATTR_HANDLE\000"
 9029      455F4552 
 9029      524F525F 
 9029      47415454 
 9029      5F44425F 
 9030              	.LASF233:
 9031 052c 4359424C 		.ascii	"CYBLE_GATT_ERR_PROCEDURE_ALREADY_IN_PROGRESS\000"
 9031      455F4741 
 9031      54545F45 
 9031      52525F50 
 9031      524F4345 
 9032              	.LASF624:
 9033 0559 41647665 		.ascii	"Advertising_LED_Write\000"
 9033      72746973 
 9033      696E675F 
 9033      4C45445F 
 9033      57726974 
 9034              	.LASF23:
 9035 056f 4359424C 		.ascii	"CYBLE_EVT_HCI_STATUS\000"
 9035      455F4556 
 9035      545F4843 
 9035      495F5354 
 9035      41545553 
 9036              	.LASF130:
 9037 0584 4359424C 		.ascii	"CYBLE_TO_REASON_CODE_T\000"
 9037      455F544F 
 9037      5F524541 
 9037      534F4E5F 
 9037      434F4445 
 9038              	.LASF28:
 9039 059b 4359424C 		.ascii	"CYBLE_EVT_GAP_PASSKEY_ENTRY_REQUEST\000"
 9039      455F4556 
 9039      545F4741 
 9039      505F5041 
 9039      53534B45 
 9040              	.LASF512:
 9041 05bf 4359424C 		.ascii	"CYBLE_EVT_SCPSC_READ_DESCR_RESPONSE\000"
 9041      455F4556 
 9041      545F5343 
ARM GAS  C:\Users\Lenovo\AppData\Local\Temp\ccTXWGea.s 			page 190


 9041      5053435F 
 9041      52454144 
 9042              	.LASF392:
 9043 05e3 4359424C 		.ascii	"CYBLE_EVT_ESSC_INDICATION\000"
 9043      455F4556 
 9043      545F4553 
 9043      53435F49 
 9043      4E444943 
 9044              	.LASF515:
 9045 05fd 4359424C 		.ascii	"CYBLE_EVT_TPSS_NOTIFICATION_DISABLED\000"
 9045      455F4556 
 9045      545F5450 
 9045      53535F4E 
 9045      4F544946 
 9046              	.LASF377:
 9047 0622 4359424C 		.ascii	"CYBLE_EVT_CTSS_CHAR_WRITE\000"
 9047      455F4556 
 9047      545F4354 
 9047      53535F43 
 9047      4841525F 
 9048              	.LASF593:
 9049 063c 70776D56 		.ascii	"pwmValue\000"
 9049      616C7565 
 9049      00
 9050              	.LASF169:
 9051 0645 4359424C 		.ascii	"CYBLE_GATT_FIND_INFO_REQ\000"
 9051      455F4741 
 9051      54545F46 
 9051      494E445F 
 9051      494E464F 
 9052              	.LASF54:
 9053 065e 4359424C 		.ascii	"CYBLE_EVT_GATTC_XCHNG_MTU_RSP\000"
 9053      455F4556 
 9053      545F4741 
 9053      5454435F 
 9053      5843484E 
 9054              	.LASF222:
 9055 067c 4359424C 		.ascii	"CYBLE_GATTS_ERR_CCCD_IMPROPERLY_CONFIGURED\000"
 9055      455F4741 
 9055      5454535F 
 9055      4552525F 
 9055      43434344 
 9056              	.LASF387:
 9057 06a7 4359424C 		.ascii	"CYBLE_EVT_ESSS_INDICATION_DISABLED\000"
 9057      455F4556 
 9057      545F4553 
 9057      53535F49 
 9057      4E444943 
 9058              	.LASF126:
 9059 06ca 4359424C 		.ascii	"CYBLE_GAP_ADV_MODE_TO\000"
 9059      455F4741 
 9059      505F4144 
 9059      565F4D4F 
 9059      44455F54 
 9060              	.LASF660:
 9061 06e0 41696F73 		.ascii	"AiosInit\000"
 9061      496E6974 
ARM GAS  C:\Users\Lenovo\AppData\Local\Temp\ccTXWGea.s 			page 191


 9061      00
 9062              	.LASF296:
 9063 06e9 4359424C 		.ascii	"CYBLE_EVT_ANCSC_NOTIFICATION\000"
 9063      455F4556 
 9063      545F414E 
 9063      4353435F 
 9063      4E4F5449 
 9064              	.LASF343:
 9065 0706 4359424C 		.ascii	"CYBLE_EVT_CGMSC_NOTIFICATION\000"
 9065      455F4556 
 9065      545F4347 
 9065      4D53435F 
 9065      4E4F5449 
 9066              	.LASF59:
 9067 0723 4359424C 		.ascii	"CYBLE_EVT_GATTC_READ_RSP\000"
 9067      455F4556 
 9067      545F4741 
 9067      5454435F 
 9067      52454144 
 9068              	.LASF310:
 9069 073c 4359424C 		.ascii	"CYBLE_EVT_BASS_NOTIFICATION_DISABLED\000"
 9069      455F4556 
 9069      545F4241 
 9069      53535F4E 
 9069      4F544946 
 9070              	.LASF443:
 9071 0761 4359424C 		.ascii	"CYBLE_EVT_HTSC_NOTIFICATION\000"
 9071      455F4556 
 9071      545F4854 
 9071      53435F4E 
 9071      4F544946 
 9072              	.LASF409:
 9073 077d 4359424C 		.ascii	"CYBLE_EVT_HIDSS_NOTIFICATION_ENABLED\000"
 9073      455F4556 
 9073      545F4849 
 9073      4453535F 
 9073      4E4F5449 
 9074              	.LASF163:
 9075 07a2 636F6E6E 		.ascii	"connLatency\000"
 9075      4C617465 
 9075      6E637900 
 9076              	.LASF439:
 9077 07ae 4359424C 		.ascii	"CYBLE_EVT_HTSS_INDICATION_ENABLED\000"
 9077      455F4556 
 9077      545F4854 
 9077      53535F49 
 9077      4E444943 
 9078              	.LASF677:
 9079 07d0 6D656D63 		.ascii	"memcpy\000"
 9079      707900
 9080              	.LASF587:
 9081 07d7 6F75744F 		.ascii	"outOfRange\000"
 9081      6652616E 
 9081      676500
 9082              	.LASF649:
 9083 07e2 4379426C 		.ascii	"CyBle_AiossGetCharacteristicValue\000"
 9083      655F4169 
ARM GAS  C:\Users\Lenovo\AppData\Local\Temp\ccTXWGea.s 			page 192


 9083      6F737347 
 9083      65744368 
 9083      61726163 
 9084              	.LASF442:
 9085 0804 4359424C 		.ascii	"CYBLE_EVT_HTSS_CHAR_WRITE\000"
 9085      455F4556 
 9085      545F4854 
 9085      53535F43 
 9085      4841525F 
 9086              	.LASF519:
 9087 081e 4359424C 		.ascii	"CYBLE_EVT_TPSC_WRITE_DESCR_RESPONSE\000"
 9087      455F4556 
 9087      545F5450 
 9087      53435F57 
 9087      52495445 
 9088              	.LASF642:
 9089 0842 43617053 		.ascii	"CapSense_IsBusy\000"
 9089      656E7365 
 9089      5F497342 
 9089      75737900 
 9090              	.LASF635:
 9091 0852 5350494D 		.ascii	"SPIM_WriteTxData\000"
 9091      5F577269 
 9091      74655478 
 9091      44617461 
 9091      00
 9092              	.LASF543:
 9093 0863 4359424C 		.ascii	"CYBLE_EVT_WPTSC_READ_CHAR_RESPONSE\000"
 9093      455F4556 
 9093      545F5750 
 9093      5453435F 
 9093      52454144 
 9094              	.LASF44:
 9095 0886 4359424C 		.ascii	"CYBLE_EVT_GAPC_DIRECT_ADV_REPORT\000"
 9095      455F4556 
 9095      545F4741 
 9095      50435F44 
 9095      49524543 
 9096              	.LASF386:
 9097 08a7 4359424C 		.ascii	"CYBLE_EVT_ESSS_INDICATION_ENABLED\000"
 9097      455F4556 
 9097      545F4553 
 9097      53535F49 
 9097      4E444943 
 9098              	.LASF306:
 9099 08c9 4359424C 		.ascii	"CYBLE_EVT_ANSC_WRITE_CHAR_RESPONSE\000"
 9099      455F4556 
 9099      545F414E 
 9099      53435F57 
 9099      52495445 
 9100              	.LASF637:
 9101 08ec 4C45445F 		.ascii	"LED_D_Read\000"
 9101      445F5265 
 9101      616400
 9102              	.LASF9:
 9103 08f7 75696E74 		.ascii	"uint8\000"
 9103      3800
ARM GAS  C:\Users\Lenovo\AppData\Local\Temp\ccTXWGea.s 			page 193


 9104              	.LASF332:
 9105 08fd 4359424C 		.ascii	"CYBLE_EVT_BMSS_WRITE_CHAR\000"
 9105      455F4556 
 9105      545F424D 
 9105      53535F57 
 9105      52495445 
 9106              	.LASF366:
 9107 0917 4359424C 		.ascii	"CYBLE_EVT_CSCSS_INDICATION_DISABLED\000"
 9107      455F4556 
 9107      545F4353 
 9107      4353535F 
 9107      494E4449 
 9108              	.LASF165:
 9109 093b 4359424C 		.ascii	"CYBLE_GAP_CONN_PARAM_UPDATED_IN_CONTROLLER_T\000"
 9109      455F4741 
 9109      505F434F 
 9109      4E4E5F50 
 9109      4152414D 
 9110              	.LASF524:
 9111 0968 4359424C 		.ascii	"CYBLE_EVT_UDSS_NOTIFICATION_DISABLED\000"
 9111      455F4556 
 9111      545F5544 
 9111      53535F4E 
 9111      4F544946 
 9112              	.LASF168:
 9113 098d 4359424C 		.ascii	"CYBLE_GATT_XCHNG_MTU_RSP\000"
 9113      455F4741 
 9113      54545F58 
 9113      43484E47 
 9113      5F4D5455 
 9114              	.LASF631:
 9115 09a6 4379426C 		.ascii	"CyBle_GapAuthReq\000"
 9115      655F4761 
 9115      70417574 
 9115      68526571 
 9115      00
 9116              	.LASF633:
 9117 09b7 4144435F 		.ascii	"ADC_SAR_GetResult16\000"
 9117      5341525F 
 9117      47657452 
 9117      6573756C 
 9117      74313600 
 9118              	.LASF171:
 9119 09cb 4359424C 		.ascii	"CYBLE_GATT_FIND_BY_TYPE_VALUE_REQ\000"
 9119      455F4741 
 9119      54545F46 
 9119      494E445F 
 9119      42595F54 
 9120              	.LASF122:
 9121 09ed 4359424C 		.ascii	"CYBLE_ERROR_CHAR_IS_NOT_DISCOVERED\000"
 9121      455F4552 
 9121      524F525F 
 9121      43484152 
 9121      5F49535F 
 9122              	.LASF427:
 9123 0a10 4359424C 		.ascii	"CYBLE_EVT_HPSC_WRITE_DESCR_RESPONSE\000"
 9123      455F4556 
ARM GAS  C:\Users\Lenovo\AppData\Local\Temp\ccTXWGea.s 			page 194


 9123      545F4850 
 9123      53435F57 
 9123      52495445 
 9124              	.LASF314:
 9125 0a34 4359424C 		.ascii	"CYBLE_EVT_BASC_WRITE_DESCR_RESPONSE\000"
 9125      455F4556 
 9125      545F4241 
 9125      53435F57 
 9125      52495445 
 9126              	.LASF629:
 9127 0a58 55415254 		.ascii	"UART_DEB_SpiUartGetTxBufferSize\000"
 9127      5F444542 
 9127      5F537069 
 9127      55617274 
 9127      47657454 
 9128              	.LASF129:
 9129 0a78 4359424C 		.ascii	"CYBLE_GENERIC_TO\000"
 9129      455F4745 
 9129      4E455249 
 9129      435F544F 
 9129      00
 9130              	.LASF348:
 9131 0a89 4359424C 		.ascii	"CYBLE_EVT_CPSS_NOTIFICATION_ENABLED\000"
 9131      455F4556 
 9131      545F4350 
 9131      53535F4E 
 9131      4F544946 
 9132              	.LASF464:
 9133 0aad 4359424C 		.ascii	"CYBLE_EVT_LNSS_NOTIFICATION_ENABLED\000"
 9133      455F4556 
 9133      545F4C4E 
 9133      53535F4E 
 9133      4F544946 
 9134              	.LASF22:
 9135 0ad1 4359424C 		.ascii	"CYBLE_EVT_HARDWARE_ERROR\000"
 9135      455F4556 
 9135      545F4841 
 9135      52445741 
 9135      52455F45 
 9136              	.LASF338:
 9137 0aea 4359424C 		.ascii	"CYBLE_EVT_CGMSS_INDICATION_CONFIRMED\000"
 9137      455F4556 
 9137      545F4347 
 9137      4D53535F 
 9137      494E4449 
 9138              	.LASF92:
 9139 0b0f 4359424C 		.ascii	"CYBLE_ERROR_INVALID_PARAMETER\000"
 9139      455F4552 
 9139      524F525F 
 9139      494E5641 
 9139      4C49445F 
 9140              	.LASF282:
 9141 0b2d 4359424C 		.ascii	"CYBLE_EVT_AIOSS_INDICATION_DISABLED\000"
 9141      455F4556 
 9141      545F4149 
 9141      4F53535F 
 9141      494E4449 
ARM GAS  C:\Users\Lenovo\AppData\Local\Temp\ccTXWGea.s 			page 195


 9142              	.LASF480:
 9143 0b51 4359424C 		.ascii	"CYBLE_EVT_PASSC_WRITE_DESCR_RESPONSE\000"
 9143      455F4556 
 9143      545F5041 
 9143      5353435F 
 9143      57524954 
 9144              	.LASF472:
 9145 0b76 4359424C 		.ascii	"CYBLE_EVT_LNSC_WRITE_DESCR_RESPONSE\000"
 9145      455F4556 
 9145      545F4C4E 
 9145      53435F57 
 9145      52495445 
 9146              	.LASF592:
 9147 0b9a 70776D50 		.ascii	"pwmPrevValue\000"
 9147      72657656 
 9147      616C7565 
 9147      00
 9148              	.LASF673:
 9149 0ba7 474E5520 		.ascii	"GNU C11 5.4.1 20160609 (release) [ARM/embedded-5-br"
 9149      43313120 
 9149      352E342E 
 9149      31203230 
 9149      31363036 
 9150 0bda 616E6368 		.ascii	"anch revision 237715] -mcpu=cortex-m0 -mthumb -g -O"
 9150      20726576 
 9150      6973696F 
 9150      6E203233 
 9150      37373135 
 9151 0c0d 67202D66 		.ascii	"g -ffunction-sections -ffat-lto-objects\000"
 9151      66756E63 
 9151      74696F6E 
 9151      2D736563 
 9151      74696F6E 
 9152              	.LASF570:
 9153 0c35 41707043 		.ascii	"AppCallBack\000"
 9153      616C6C42 
 9153      61636B00 
 9154              	.LASF274:
 9155 0c41 4359424C 		.ascii	"CYBLE_EVT_GATTC_SRVC_DISCOVERY_COMPLETE\000"
 9155      455F4556 
 9155      545F4741 
 9155      5454435F 
 9155      53525643 
 9156              	.LASF346:
 9157 0c69 4359424C 		.ascii	"CYBLE_EVT_CGMSC_READ_DESCR_RESPONSE\000"
 9157      455F4556 
 9157      545F4347 
 9157      4D53435F 
 9157      52454144 
 9158              	.LASF482:
 9159 0c8d 4359424C 		.ascii	"CYBLE_EVT_PLXSS_NOTIFICATION_ENABLED\000"
 9159      455F4556 
 9159      545F504C 
 9159      5853535F 
 9159      4E4F5449 
 9160              	.LASF77:
 9161 0cb2 4359424C 		.ascii	"CYBLE_EVT_L2CAP_COMMAND_REJ\000"
ARM GAS  C:\Users\Lenovo\AppData\Local\Temp\ccTXWGea.s 			page 196


 9161      455F4556 
 9161      545F4C32 
 9161      4341505F 
 9161      434F4D4D 
 9162              	.LASF535:
 9163 0cce 4359424C 		.ascii	"CYBLE_EVT_WPTSS_NOTIFICATION_DISABLED\000"
 9163      455F4556 
 9163      545F5750 
 9163      5453535F 
 9163      4E4F5449 
 9164              	.LASF467:
 9165 0cf4 4359424C 		.ascii	"CYBLE_EVT_LNSC_INDICATION\000"
 9165      455F4556 
 9165      545F4C4E 
 9165      53435F49 
 9165      4E444943 
 9166              	.LASF373:
 9167 0d0e 4359424C 		.ascii	"CYBLE_EVT_CSCSC_READ_DESCR_RESPONSE\000"
 9167      455F4556 
 9167      545F4353 
 9167      4353435F 
 9167      52454144 
 9168              	.LASF638:
 9169 0d32 4C45445F 		.ascii	"LED_D_Write\000"
 9169      445F5772 
 9169      69746500 
 9170              	.LASF560:
 9171 0d3e 41555448 		.ascii	"AUTHENTICATION_NOT_CONNECTED\000"
 9171      454E5449 
 9171      43415449 
 9171      4F4E5F4E 
 9171      4F545F43 
 9172              	.LASF658:
 9173 0d5b 50574D5F 		.ascii	"PWM_Start\000"
 9173      53746172 
 9173      7400
 9174              	.LASF565:
 9175 0d65 41555448 		.ascii	"AUTHENTICATION_BONDING_COMPLETE\000"
 9175      454E5449 
 9175      43415449 
 9175      4F4E5F42 
 9175      4F4E4449 
 9176              	.LASF253:
 9177 0d85 4359424C 		.ascii	"CYBLE_AIOS_CHAR_USER_DESCRIPTION_DESCR\000"
 9177      455F4149 
 9177      4F535F43 
 9177      4841525F 
 9177      55534552 
 9178              	.LASF88:
 9179 0dac 4359424C 		.ascii	"CYBLE_EVT_HCI_PKT\000"
 9179      455F4556 
 9179      545F4843 
 9179      495F504B 
 9179      5400
 9180              	.LASF616:
 9181 0dbe 4B4F4437 		.ascii	"KOD7\000"
 9181      00
ARM GAS  C:\Users\Lenovo\AppData\Local\Temp\ccTXWGea.s 			page 197


 9182              	.LASF553:
 9183 0dc3 4359424C 		.ascii	"CYBLE_DEBUG_EVT_BLESS_INT\000"
 9183      455F4445 
 9183      4255475F 
 9183      4556545F 
 9183      424C4553 
 9184              	.LASF214:
 9185 0ddd 4359424C 		.ascii	"CYBLE_GATT_ERR_TRIGGER_CODITION_VALUE_NOT_SUPPORTED"
 9185      455F4741 
 9185      54545F45 
 9185      52525F54 
 9185      52494747 
 9186 0e10 00       		.ascii	"\000"
 9187              	.LASF45:
 9188 0e11 4359424C 		.ascii	"CYBLE_EVT_GAP_SMP_NEGOTIATED_AUTH_INFO\000"
 9188      455F4556 
 9188      545F4741 
 9188      505F534D 
 9188      505F4E45 
 9189              	.LASF454:
 9190 0e38 4359424C 		.ascii	"CYBLE_EVT_IPSC_READ_DESCR_RESPONSE\000"
 9190      455F4556 
 9190      545F4950 
 9190      53435F52 
 9190      4541445F 
 9191              	.LASF287:
 9192 0e5b 4359424C 		.ascii	"CYBLE_EVT_AIOSC_INDICATION\000"
 9192      455F4556 
 9192      545F4149 
 9192      4F53435F 
 9192      494E4449 
 9193              	.LASF506:
 9194 0e76 4359424C 		.ascii	"CYBLE_EVT_RTUSS_WRITE_CHAR_CMD\000"
 9194      455F4556 
 9194      545F5254 
 9194      5553535F 
 9194      57524954 
 9195              	.LASF276:
 9196 0e95 4359424C 		.ascii	"CYBLE_EVT_GATTC_CHAR_DISCOVERY_COMPLETE\000"
 9196      455F4556 
 9196      545F4741 
 9196      5454435F 
 9196      43484152 
 9197              	.LASF64:
 9198 0ebd 4359424C 		.ascii	"CYBLE_EVT_GATTS_WRITE_CMD_REQ\000"
 9198      455F4556 
 9198      545F4741 
 9198      5454535F 
 9198      57524954 
 9199              	.LASF646:
 9200 0edb 70757463 		.ascii	"putchar\000"
 9200      68617200 
 9201              	.LASF181:
 9202 0ee3 4359424C 		.ascii	"CYBLE_GATT_READ_BY_GROUP_REQ\000"
 9202      455F4741 
 9202      54545F52 
 9202      4541445F 
ARM GAS  C:\Users\Lenovo\AppData\Local\Temp\ccTXWGea.s 			page 198


 9202      42595F47 
 9203              	.LASF473:
 9204 0f00 4359424C 		.ascii	"CYBLE_EVT_NDCSC_READ_CHAR_RESPONSE\000"
 9204      455F4556 
 9204      545F4E44 
 9204      4353435F 
 9204      52454144 
 9205              	.LASF610:
 9206 0f23 70617373 		.ascii	"passkeyCounter\000"
 9206      6B657943 
 9206      6F756E74 
 9206      657200
 9207              	.LASF61:
 9208 0f32 4359424C 		.ascii	"CYBLE_EVT_GATTC_READ_MULTI_RSP\000"
 9208      455F4556 
 9208      545F4741 
 9208      5454435F 
 9208      52454144 
 9209              	.LASF574:
 9210 0f51 4E5F696E 		.ascii	"N_indyk\000"
 9210      64796B00 
 9211              	.LASF326:
 9212 0f59 4359424C 		.ascii	"CYBLE_EVT_BLSS_NOTIFICATION_DISABLED\000"
 9212      455F4556 
 9212      545F424C 
 9212      53535F4E 
 9212      4F544946 
 9213              	.LASF223:
 9214 0f7e 4359424C 		.ascii	"CYBLE_GATTS_ERR_OPERATION_FAILED\000"
 9214      455F4741 
 9214      5454535F 
 9214      4552525F 
 9214      4F504552 
 9215              	.LASF656:
 9216 0f9f 55415254 		.ascii	"UART_DEB_Start\000"
 9216      5F444542 
 9216      5F537461 
 9216      727400
 9217              	.LASF50:
 9218 0fae 4359424C 		.ascii	"CYBLE_EVT_GATTC_ERROR_RSP\000"
 9218      455F4556 
 9218      545F4741 
 9218      5454435F 
 9218      4552524F 
 9219              	.LASF177:
 9220 0fc8 4359424C 		.ascii	"CYBLE_GATT_READ_BLOB_REQ\000"
 9220      455F4741 
 9220      54545F52 
 9220      4541445F 
 9220      424C4F42 
 9221              	.LASF263:
 9222 0fe1 4359424C 		.ascii	"CYBLE_KEY_EXCHANGE_INFO_REQUEST_REPLY\000"
 9222      455F4B45 
 9222      595F4558 
 9222      4348414E 
 9222      47455F49 
 9223              	.LASF232:
ARM GAS  C:\Users\Lenovo\AppData\Local\Temp\ccTXWGea.s 			page 199


 9224 1007 4359424C 		.ascii	"CYBLE_GATT_ERR_CCCD_IMPROPERLY_CONFIGURED\000"
 9224      455F4741 
 9224      54545F45 
 9224      52525F43 
 9224      4343445F 
 9225              	.LASF640:
 9226 1031 4379426C 		.ascii	"CyBle_AiossSendIndication\000"
 9226      655F4169 
 9226      6F737353 
 9226      656E6449 
 9226      6E646963 
 9227              	.LASF588:
 9228 104b 43617053 		.ascii	"CapSenseHandler\000"
 9228      656E7365 
 9228      48616E64 
 9228      6C657200 
 9229              	.LASF256:
 9230 105b 4359424C 		.ascii	"CYBLE_AIOS_TIME_TRIGGER_SETTINGS\000"
 9230      455F4149 
 9230      4F535F54 
 9230      494D455F 
 9230      54524947 
 9231              	.LASF1:
 9232 107c 756E7369 		.ascii	"unsigned char\000"
 9232      676E6564 
 9232      20636861 
 9232      7200
 9233              	.LASF32:
 9234 108a 4359424C 		.ascii	"CYBLE_EVT_GAPP_ADVERTISEMENT_START_STOP\000"
 9234      455F4556 
 9234      545F4741 
 9234      50505F41 
 9234      44564552 
 9235              	.LASF224:
 9236 10b2 4359424C 		.ascii	"CYBLE_GATT_ERR_INVALID_CRC\000"
 9236      455F4741 
 9236      54545F45 
 9236      52525F49 
 9236      4E56414C 
 9237              	.LASF118:
 9238 10cd 4359424C 		.ascii	"CYBLE_ERROR_CONTROLLER_BUSY\000"
 9238      455F4552 
 9238      524F525F 
 9238      434F4E54 
 9238      524F4C4C 
 9239              	.LASF598:
 9240 10e9 41757468 		.ascii	"AuthenticationHandler\000"
 9240      656E7469 
 9240      63617469 
 9240      6F6E4861 
 9240      6E646C65 
 9241              	.LASF12:
 9242 10ff 666C6F61 		.ascii	"float\000"
 9242      7400
 9243              	.LASF374:
 9244 1105 4359424C 		.ascii	"CYBLE_EVT_CSCSC_WRITE_DESCR_RESPONSE\000"
 9244      455F4556 
ARM GAS  C:\Users\Lenovo\AppData\Local\Temp\ccTXWGea.s 			page 200


 9244      545F4353 
 9244      4353435F 
 9244      57524954 
 9245              	.LASF143:
 9246 112a 4359424C 		.ascii	"CYBLE_GAP_AUTH_ERROR_COMMAND_NOT_SUPPORTED\000"
 9246      455F4741 
 9246      505F4155 
 9246      54485F45 
 9246      52524F52 
 9247              	.LASF420:
 9248 1155 4359424C 		.ascii	"CYBLE_EVT_HIDSC_WRITE_DESCR_RESPONSE\000"
 9248      455F4556 
 9248      545F4849 
 9248      4453435F 
 9248      57524954 
 9249              	.LASF57:
 9250 117a 4359424C 		.ascii	"CYBLE_EVT_GATTC_FIND_INFO_RSP\000"
 9250      455F4556 
 9250      545F4741 
 9250      5454435F 
 9250      46494E44 
 9251              	.LASF486:
 9252 1198 4359424C 		.ascii	"CYBLE_EVT_PLXSS_INDICATION_CONFIRMED\000"
 9252      455F4556 
 9252      545F504C 
 9252      5853535F 
 9252      494E4449 
 9253              	.LASF185:
 9254 11bd 4359424C 		.ascii	"CYBLE_GATT_WRITE_CMD\000"
 9254      455F4741 
 9254      54545F57 
 9254      52495445 
 9254      5F434D44 
 9255              	.LASF78:
 9256 11d2 4359424C 		.ascii	"CYBLE_EVT_L2CAP_CBFC_CONN_IND\000"
 9256      455F4556 
 9256      545F4C32 
 9256      4341505F 
 9256      43424643 
 9257              	.LASF217:
 9258 11f0 4359424C 		.ascii	"CYBLE_GATT_ERR_CPS_INAPPROPRIATE_CONNECTION_PARAMET"
 9258      455F4741 
 9258      54545F45 
 9258      52525F43 
 9258      50535F49 
 9259 1223 45525300 		.ascii	"ERS\000"
 9260              	.LASF297:
 9261 1227 4359424C 		.ascii	"CYBLE_EVT_ANCSC_WRITE_CHAR_RESPONSE\000"
 9261      455F4556 
 9261      545F414E 
 9261      4353435F 
 9261      57524954 
 9262              	.LASF575:
 9263 124b 626C696E 		.ascii	"blinkTime\000"
 9263      6B54696D 
 9263      6500
 9264              	.LASF461:
ARM GAS  C:\Users\Lenovo\AppData\Local\Temp\ccTXWGea.s 			page 201


 9265 1255 4359424C 		.ascii	"CYBLE_EVT_LNSS_INDICATION_ENABLED\000"
 9265      455F4556 
 9265      545F4C4E 
 9265      53535F49 
 9265      4E444943 
 9266              	.LASF80:
 9267 1277 4359424C 		.ascii	"CYBLE_EVT_L2CAP_CBFC_DISCONN_IND\000"
 9267      455F4556 
 9267      545F4C32 
 9267      4341505F 
 9267      43424643 
 9268              	.LASF289:
 9269 1298 4359424C 		.ascii	"CYBLE_EVT_AIOSC_WRITE_CHAR_RESPONSE\000"
 9269      455F4556 
 9269      545F4149 
 9269      4F53435F 
 9269      57524954 
 9270              	.LASF359:
 9271 12bc 4359424C 		.ascii	"CYBLE_EVT_CPSC_WRITE_CHAR_RESPONSE\000"
 9271      455F4556 
 9271      545F4350 
 9271      53435F57 
 9271      52495445 
 9272              	.LASF202:
 9273 12df 4359424C 		.ascii	"CYBLE_GATT_ERR_REQUEST_NOT_SUPPORTED\000"
 9273      455F4741 
 9273      54545F45 
 9273      52525F52 
 9273      45515545 
 9274              	.LASF27:
 9275 1304 4359424C 		.ascii	"CYBLE_EVT_GAP_AUTH_REQ\000"
 9275      455F4556 
 9275      545F4741 
 9275      505F4155 
 9275      54485F52 
 9276              	.LASF200:
 9277 131b 4359424C 		.ascii	"CYBLE_GATT_ERR_INVALID_PDU\000"
 9277      455F4741 
 9277      54545F45 
 9277      52525F49 
 9277      4E56414C 
 9278              	.LASF322:
 9279 1336 4359424C 		.ascii	"CYBLE_EVT_BLSS_INDICATION_ENABLED\000"
 9279      455F4556 
 9279      545F424C 
 9279      53535F49 
 9279      4E444943 
 9280              	.LASF419:
 9281 1358 4359424C 		.ascii	"CYBLE_EVT_HIDSC_READ_DESCR_RESPONSE\000"
 9281      455F4556 
 9281      545F4849 
 9281      4453435F 
 9281      52454144 
 9282              	.LASF231:
 9283 137c 4359424C 		.ascii	"CYBLE_GATT_ERR_ANCS_ACTION_FAILED\000"
 9283      455F4741 
 9283      54545F45 
ARM GAS  C:\Users\Lenovo\AppData\Local\Temp\ccTXWGea.s 			page 202


 9283      52525F41 
 9283      4E43535F 
 9284              	.LASF173:
 9285 139e 4359424C 		.ascii	"CYBLE_GATT_READ_BY_TYPE_REQ\000"
 9285      455F4741 
 9285      54545F52 
 9285      4541445F 
 9285      42595F54 
 9286              	.LASF510:
 9287 13ba 4359424C 		.ascii	"CYBLE_EVT_SCPSS_SCAN_INT_WIN_CHAR_WRITE\000"
 9287      455F4556 
 9287      545F5343 
 9287      5053535F 
 9287      5343414E 
 9288              	.LASF334:
 9289 13e2 4359424C 		.ascii	"CYBLE_EVT_BMSC_WRITE_CHAR_RESPONSE\000"
 9289      455F4556 
 9289      545F424D 
 9289      53435F57 
 9289      52495445 
 9290              	.LASF205:
 9291 1405 4359424C 		.ascii	"CYBLE_GATT_ERR_PREPARE_WRITE_QUEUE_FULL\000"
 9291      455F4741 
 9291      54545F45 
 9291      52525F50 
 9291      52455041 
 9292              	.LASF128:
 9293 142d 4359424C 		.ascii	"CYBLE_GATT_RSP_TO\000"
 9293      455F4741 
 9293      54545F52 
 9293      53505F54 
 9293      4F00
 9294              	.LASF634:
 9295 143f 50696E5F 		.ascii	"Pin_Buttons_ClearInterrupt\000"
 9295      42757474 
 9295      6F6E735F 
 9295      436C6561 
 9295      72496E74 
 9296              	.LASF556:
 9297 145a 4359424C 		.ascii	"CYBLE_STATE_CONNECTED\000"
 9297      455F5354 
 9297      4154455F 
 9297      434F4E4E 
 9297      45435445 
 9298              	.LASF14:
 9299 1470 63686172 		.ascii	"char8\000"
 9299      3800
 9300              	.LASF504:
 9301 1476 4359424C 		.ascii	"CYBLE_EVT_RSCSC_READ_DESCR_RESPONSE\000"
 9301      455F4556 
 9301      545F5253 
 9301      4353435F 
 9301      52454144 
 9302              	.LASF488:
 9303 149a 4359424C 		.ascii	"CYBLE_EVT_PLXSC_INDICATION\000"
 9303      455F4556 
 9303      545F504C 
ARM GAS  C:\Users\Lenovo\AppData\Local\Temp\ccTXWGea.s 			page 203


 9303      5853435F 
 9303      494E4449 
 9304              	.LASF382:
 9305 14b5 4359424C 		.ascii	"CYBLE_EVT_CTSC_WRITE_CHAR_RESPONSE\000"
 9305      455F4556 
 9305      545F4354 
 9305      53435F57 
 9305      52495445 
 9306              	.LASF661:
 9307 14d8 5072696E 		.ascii	"PrintStackVersion\000"
 9307      74537461 
 9307      636B5665 
 9307      7273696F 
 9307      6E00
 9308              	.LASF109:
 9309 14ea 4359424C 		.ascii	"CYBLE_ERROR_L2CAP_PSM_NOT_IN_RANGE\000"
 9309      455F4552 
 9309      524F525F 
 9309      4C324341 
 9309      505F5053 
 9310              	.LASF589:
 9311 150d 736C6964 		.ascii	"sliderPrevPosition\000"
 9311      65725072 
 9311      6576506F 
 9311      73697469 
 9311      6F6E00
 9312              	.LASF577:
 9313 1520 6C656456 		.ascii	"ledValue\000"
 9313      616C7565 
 9313      00
 9314              	.LASF124:
 9315 1529 4359424C 		.ascii	"CYBLE_ERROR_STACK_BUSY\000"
 9315      455F4552 
 9315      524F525F 
 9315      53544143 
 9315      4B5F4255 
 9316              	.LASF534:
 9317 1540 4359424C 		.ascii	"CYBLE_EVT_WPTSS_NOTIFICATION_ENABLED\000"
 9317      455F4556 
 9317      545F5750 
 9317      5453535F 
 9317      4E4F5449 
 9318              	.LASF471:
 9319 1565 4359424C 		.ascii	"CYBLE_EVT_LNSC_READ_DESCR_RESPONSE\000"
 9319      455F4556 
 9319      545F4C4E 
 9319      53435F52 
 9319      4541445F 
 9320              	.LASF647:
 9321 1588 5F5F6275 		.ascii	"__builtin_puts\000"
 9321      696C7469 
 9321      6E5F7075 
 9321      747300
 9322              	.LASF511:
 9323 1597 4359424C 		.ascii	"CYBLE_EVT_SCPSC_NOTIFICATION\000"
 9323      455F4556 
 9323      545F5343 
ARM GAS  C:\Users\Lenovo\AppData\Local\Temp\ccTXWGea.s 			page 204


 9323      5053435F 
 9323      4E4F5449 
 9324              	.LASF513:
 9325 15b4 4359424C 		.ascii	"CYBLE_EVT_SCPSC_WRITE_DESCR_RESPONSE\000"
 9325      455F4556 
 9325      545F5343 
 9325      5053435F 
 9325      57524954 
 9326              	.LASF260:
 9327 15d9 4359424C 		.ascii	"CYBLE_AUTHENTICATION_REQUEST_REPLY\000"
 9327      455F4155 
 9327      5448454E 
 9327      54494341 
 9327      54494F4E 
 9328              	.LASF26:
 9329 15fc 4359424C 		.ascii	"CYBLE_EVT_GAPC_SCAN_PROGRESS_RESULT\000"
 9329      455F4556 
 9329      545F4741 
 9329      50435F53 
 9329      43414E5F 
 9330              	.LASF206:
 9331 1620 4359424C 		.ascii	"CYBLE_GATT_ERR_ATTRIBUTE_NOT_FOUND\000"
 9331      455F4741 
 9331      54545F45 
 9331      52525F41 
 9331      54545249 
 9332              	.LASF527:
 9333 1643 4359424C 		.ascii	"CYBLE_EVT_UDSC_INDICATION\000"
 9333      455F4556 
 9333      545F5544 
 9333      53435F49 
 9333      4E444943 
 9334              	.LASF362:
 9335 165d 4359424C 		.ascii	"CYBLE_EVT_CPSC_SCAN_PROGRESS_RESULT\000"
 9335      455F4556 
 9335      545F4350 
 9335      53435F53 
 9335      43414E5F 
 9336              	.LASF378:
 9337 1681 4359424C 		.ascii	"CYBLE_EVT_CTSC_NOTIFICATION\000"
 9337      455F4556 
 9337      545F4354 
 9337      53435F4E 
 9337      4F544946 
 9338              	.LASF585:
 9339 169d 6F75745F 		.ascii	"out_range_indic\000"
 9339      72616E67 
 9339      655F696E 
 9339      64696300 
 9340              	.LASF651:
 9341 16ad 5357325F 		.ascii	"SW2_Read\000"
 9341      52656164 
 9341      00
 9342              	.LASF493:
 9343 16b6 4359424C 		.ascii	"CYBLE_EVT_PLXSC_TIMEOUT\000"
 9343      455F4556 
 9343      545F504C 
ARM GAS  C:\Users\Lenovo\AppData\Local\Temp\ccTXWGea.s 			page 205


 9343      5853435F 
 9343      54494D45 
 9344              	.LASF170:
 9345 16ce 4359424C 		.ascii	"CYBLE_GATT_FIND_INFO_RSP\000"
 9345      455F4741 
 9345      54545F46 
 9345      494E445F 
 9345      494E464F 
 9346              	.LASF444:
 9347 16e7 4359424C 		.ascii	"CYBLE_EVT_HTSC_INDICATION\000"
 9347      455F4556 
 9347      545F4854 
 9347      53435F49 
 9347      4E444943 
 9348              	.LASF21:
 9349 1701 4359424C 		.ascii	"CYBLE_EVT_TIMEOUT\000"
 9349      455F4556 
 9349      545F5449 
 9349      4D454F55 
 9349      5400
 9350              	.LASF520:
 9351 1713 4359424C 		.ascii	"CYBLE_EVT_UDSS_INDICATION_ENABLED\000"
 9351      455F4556 
 9351      545F5544 
 9351      53535F49 
 9351      4E444943 
 9352              	.LASF152:
 9353 1735 4359424C 		.ascii	"CYBLE_GAP_AUTH_ERROR_AUTHENTICATION_TIMEOUT\000"
 9353      455F4741 
 9353      505F4155 
 9353      54485F45 
 9353      52524F52 
 9354              	.LASF320:
 9355 1761 4359424C 		.ascii	"CYBLE_EVT_BCSC_READ_DESCR_RESPONSE\000"
 9355      455F4556 
 9355      545F4243 
 9355      53435F52 
 9355      4541445F 
 9356              	.LASF492:
 9357 1784 4359424C 		.ascii	"CYBLE_EVT_PLXSC_WRITE_DESCR_RESPONSE\000"
 9357      455F4556 
 9357      545F504C 
 9357      5853435F 
 9357      57524954 
 9358              	.LASF213:
 9359 17a9 4359424C 		.ascii	"CYBLE_GATT_ERR_INSUFFICIENT_RESOURCE\000"
 9359      455F4741 
 9359      54545F45 
 9359      52525F49 
 9359      4E535546 
 9360              	.LASF154:
 9361 17ce 4359424C 		.ascii	"CYBLE_GAP_AUTH_FAILED_REASON_T\000"
 9361      455F4741 
 9361      505F4155 
 9361      54485F46 
 9361      41494C45 
 9362              	.LASF246:
ARM GAS  C:\Users\Lenovo\AppData\Local\Temp\ccTXWGea.s 			page 206


 9363 17ed 4359424C 		.ascii	"CYBLE_GATTC_ERR_RSP_PARAM_T\000"
 9363      455F4741 
 9363      5454435F 
 9363      4552525F 
 9363      5253505F 
 9364              	.LASF237:
 9365 1809 62644861 		.ascii	"bdHandle\000"
 9365      6E646C65 
 9365      00
 9366              	.LASF278:
 9367 1812 4359424C 		.ascii	"CYBLE_EVT_GATTC_DISCOVERY_COMPLETE\000"
 9367      455F4556 
 9367      545F4741 
 9367      5454435F 
 9367      44495343 
 9368              	.LASF269:
 9369 1835 4359424C 		.ascii	"CYBLE_EVT_GATTC_CHAR_DISCOVERY_FAILED\000"
 9369      455F4556 
 9369      545F4741 
 9369      5454435F 
 9369      43484152 
 9370              	.LASF541:
 9371 185b 4359424C 		.ascii	"CYBLE_EVT_WPTSC_INDICATION\000"
 9371      455F4556 
 9371      545F5750 
 9371      5453435F 
 9371      494E4449 
 9372              	.LASF87:
 9373 1876 4359424C 		.ascii	"CYBLE_EVT_LE_PING_AUTH_TIMEOUT\000"
 9373      455F4556 
 9373      545F4C45 
 9373      5F50494E 
 9373      475F4155 
 9374              	.LASF433:
 9375 1895 4359424C 		.ascii	"CYBLE_EVT_HRSC_READ_CHAR_RESPONSE\000"
 9375      455F4556 
 9375      545F4852 
 9375      53435F52 
 9375      4541445F 
 9376              	.LASF99:
 9377 18b7 4359424C 		.ascii	"CYBLE_ERROR_REPEATED_ATTEMPTS\000"
 9377      455F4552 
 9377      524F525F 
 9377      52455045 
 9377      41544544 
 9378              	.LASF295:
 9379 18d5 4359424C 		.ascii	"CYBLE_EVT_ANCSS_WRITE_CHAR\000"
 9379      455F4556 
 9379      545F414E 
 9379      4353535F 
 9379      57524954 
 9380              	.LASF175:
 9381 18f0 4359424C 		.ascii	"CYBLE_GATT_READ_REQ\000"
 9381      455F4741 
 9381      54545F52 
 9381      4541445F 
 9381      52455100 
ARM GAS  C:\Users\Lenovo\AppData\Local\Temp\ccTXWGea.s 			page 207


 9382              	.LASF85:
 9383 1904 4359424C 		.ascii	"CYBLE_EVT_L2CAP_CBFC_DATA_WRITE_IND\000"
 9383      455F4556 
 9383      545F4C32 
 9383      4341505F 
 9383      43424643 
 9384              	.LASF319:
 9385 1928 4359424C 		.ascii	"CYBLE_EVT_BCSC_READ_CHAR_RESPONSE\000"
 9385      455F4556 
 9385      545F4243 
 9385      53435F52 
 9385      4541445F 
 9386              	.LASF68:
 9387 194a 4359424C 		.ascii	"CYBLE_EVT_GATTC_HANDLE_VALUE_NTF\000"
 9387      455F4556 
 9387      545F4741 
 9387      5454435F 
 9387      48414E44 
 9388              	.LASF191:
 9389 196b 4359424C 		.ascii	"CYBLE_GATT_HANDLE_VALUE_IND\000"
 9389      455F4741 
 9389      54545F48 
 9389      414E444C 
 9389      455F5641 
 9390              	.LASF668:
 9391 1987 6973725F 		.ascii	"isr_sar_adc_StartEx\000"
 9391      7361725F 
 9391      6164635F 
 9391      53746172 
 9391      74457800 
 9392              	.LASF500:
 9393 199b 4359424C 		.ascii	"CYBLE_EVT_RSCSC_NOTIFICATION\000"
 9393      455F4556 
 9393      545F5253 
 9393      4353435F 
 9393      4E4F5449 
 9394              	.LASF146:
 9395 19b8 4359424C 		.ascii	"CYBLE_GAP_AUTH_ERROR_INVALID_PARAMETERS\000"
 9395      455F4741 
 9395      505F4155 
 9395      54485F45 
 9395      52524F52 
 9396              	.LASF399:
 9397 19e0 4359424C 		.ascii	"CYBLE_EVT_GLSS_INDICATION_CONFIRMED\000"
 9397      455F4556 
 9397      545F474C 
 9397      53535F49 
 9397      4E444943 
 9398              	.LASF292:
 9399 1a04 4359424C 		.ascii	"CYBLE_EVT_AIOSC_ERROR_RESPONSE\000"
 9399      455F4556 
 9399      545F4149 
 9399      4F53435F 
 9399      4552524F 
 9400              	.LASF655:
 9401 1a23 55415254 		.ascii	"UART_DEB_SpiUartWriteTxData\000"
 9401      5F444542 
ARM GAS  C:\Users\Lenovo\AppData\Local\Temp\ccTXWGea.s 			page 208


 9401      5F537069 
 9401      55617274 
 9401      57726974 
 9402              	.LASF149:
 9403 1a3f 4359424C 		.ascii	"CYBLE_GAP_AUTH_ERROR_BR_EDR_PAIRING_IN_PROGRESS\000"
 9403      455F4741 
 9403      505F4155 
 9403      54485F45 
 9403      52524F52 
 9404              	.LASF490:
 9405 1a6f 4359424C 		.ascii	"CYBLE_EVT_PLXSC_WRITE_CHAR_RESPONSE\000"
 9405      455F4556 
 9405      545F504C 
 9405      5853435F 
 9405      57524954 
 9406              	.LASF526:
 9407 1a93 4359424C 		.ascii	"CYBLE_EVT_UDSS_WRITE_CHAR\000"
 9407      455F4556 
 9407      545F5544 
 9407      53535F57 
 9407      52495445 
 9408              	.LASF280:
 9409 1aad 4359424C 		.ascii	"CYBLE_EVT_AIOSS_NOTIFICATION_DISABLED\000"
 9409      455F4556 
 9409      545F4149 
 9409      4F53535F 
 9409      4E4F5449 
 9410              	.LASF446:
 9411 1ad3 4359424C 		.ascii	"CYBLE_EVT_HTSC_WRITE_CHAR_RESPONSE\000"
 9411      455F4556 
 9411      545F4854 
 9411      53435F57 
 9411      52495445 
 9412              	.LASF120:
 9413 1af6 4359424C 		.ascii	"CYBLE_ERROR_NTF_DISABLED\000"
 9413      455F4552 
 9413      524F525F 
 9413      4E54465F 
 9413      44495341 
 9414              	.LASF136:
 9415 1b0f 4359424C 		.ascii	"CYBLE_GAP_AUTH_ERROR_NONE\000"
 9415      455F4741 
 9415      505F4155 
 9415      54485F45 
 9415      52524F52 
 9416              	.LASF368:
 9417 1b29 4359424C 		.ascii	"CYBLE_EVT_CSCSS_CHAR_WRITE\000"
 9417      455F4556 
 9417      545F4353 
 9417      4353535F 
 9417      43484152 
 9418              	.LASF621:
 9419 1b44 4379426C 		.ascii	"CyBle_GattGetMtuSize\000"
 9419      655F4761 
 9419      74744765 
 9419      744D7475 
 9419      53697A65 
ARM GAS  C:\Users\Lenovo\AppData\Local\Temp\ccTXWGea.s 			page 209


 9420              	.LASF125:
 9421 1b59 4359424C 		.ascii	"CYBLE_API_RESULT_T\000"
 9421      455F4150 
 9421      495F5245 
 9421      53554C54 
 9421      5F5400
 9422              	.LASF167:
 9423 1b6c 4359424C 		.ascii	"CYBLE_GATT_XCNHG_MTU_REQ\000"
 9423      455F4741 
 9423      54545F58 
 9423      434E4847 
 9423      5F4D5455 
 9424              	.LASF452:
 9425 1b85 4359424C 		.ascii	"CYBLE_EVT_IPSC_READ_MULTIPLE_CHAR_RESPONSE\000"
 9425      455F4556 
 9425      545F4950 
 9425      53435F52 
 9425      4541445F 
 9426              	.LASF522:
 9427 1bb0 4359424C 		.ascii	"CYBLE_EVT_UDSS_INDICATION_CONFIRMED\000"
 9427      455F4556 
 9427      545F5544 
 9427      53535F49 
 9427      4E444943 
 9428              	.LASF548:
 9429 1bd4 4359424C 		.ascii	"CYBLE_EVT_WSSS_INDICATION_CONFIRMED\000"
 9429      455F4556 
 9429      545F5753 
 9429      53535F49 
 9429      4E444943 
 9430              	.LASF554:
 9431 1bf8 4359424C 		.ascii	"CYBLE_STATE_STOPPED\000"
 9431      455F5354 
 9431      4154455F 
 9431      53544F50 
 9431      50454400 
 9432              	.LASF270:
 9433 1c0c 4359424C 		.ascii	"CYBLE_EVT_GATTC_DESCR_DISCOVERY_FAILED\000"
 9433      455F4556 
 9433      545F4741 
 9433      5454435F 
 9433      44455343 
 9434              	.LASF42:
 9435 1c33 4359424C 		.ascii	"CYBLE_EVT_GAP_DATA_LENGTH_CHANGE\000"
 9435      455F4556 
 9435      545F4741 
 9435      505F4441 
 9435      54415F4C 
 9436              	.LASF193:
 9437 1c54 4359424C 		.ascii	"CYBLE_GATT_SIGNED_WRITE_CMD\000"
 9437      455F4741 
 9437      54545F53 
 9437      49474E45 
 9437      445F5752 
 9438              	.LASF605:
 9439 1c70 61706952 		.ascii	"apiResult\000"
 9439      6573756C 
ARM GAS  C:\Users\Lenovo\AppData\Local\Temp\ccTXWGea.s 			page 210


 9439      7400
 9440              	.LASF172:
 9441 1c7a 4359424C 		.ascii	"CYBLE_GATT_FIND_BY_TYPE_VALUE_RSP\000"
 9441      455F4741 
 9441      54545F46 
 9441      494E445F 
 9441      42595F54 
 9442              	.LASF82:
 9443 1c9c 4359424C 		.ascii	"CYBLE_EVT_L2CAP_CBFC_DATA_READ\000"
 9443      455F4556 
 9443      545F4C32 
 9443      4341505F 
 9443      43424643 
 9444              	.LASF113:
 9445 1cbb 4359424C 		.ascii	"CYBLE_ERROR_MIC_AUTH_FAILED\000"
 9445      455F4552 
 9445      524F525F 
 9445      4D49435F 
 9445      41555448 
 9446              	.LASF207:
 9447 1cd7 4359424C 		.ascii	"CYBLE_GATT_ERR_ATTRIBUTE_NOT_LONG\000"
 9447      455F4741 
 9447      54545F45 
 9447      52525F41 
 9447      54545249 
 9448              	.LASF612:
 9449 1cf9 636F6D6D 		.ascii	"command\000"
 9449      616E6400 
 9450              	.LASF672:
 9451 1d01 4379426C 		.ascii	"CyBle_StoreBondingData\000"
 9451      655F5374 
 9451      6F726542 
 9451      6F6E6469 
 9451      6E674461 
 9452              	.LASF166:
 9453 1d18 4359424C 		.ascii	"CYBLE_GATT_ERROR_RSP\000"
 9453      455F4741 
 9453      54545F45 
 9453      52524F52 
 9453      5F525350 
 9454              	.LASF148:
 9455 1d2d 4359424C 		.ascii	"CYBLE_GAP_AUTH_ERROR_NUMERIC_COMPARISON_FAILED\000"
 9455      455F4741 
 9455      505F4155 
 9455      54485F45 
 9455      52524F52 
 9456              	.LASF626:
 9457 1d5c 5357325F 		.ascii	"SW2_ClearInterrupt\000"
 9457      436C6561 
 9457      72496E74 
 9457      65727275 
 9457      707400
 9458              	.LASF210:
 9459 1d6f 4359424C 		.ascii	"CYBLE_GATT_ERR_UNLIKELY_ERROR\000"
 9459      455F4741 
 9459      54545F45 
 9459      52525F55 
ARM GAS  C:\Users\Lenovo\AppData\Local\Temp\ccTXWGea.s 			page 211


 9459      4E4C494B 
 9460              	.LASF347:
 9461 1d8d 4359424C 		.ascii	"CYBLE_EVT_CGMSC_WRITE_DESCR_RESPONSE\000"
 9461      455F4556 
 9461      545F4347 
 9461      4D53435F 
 9461      57524954 
 9462              	.LASF623:
 9463 1db2 53746172 		.ascii	"StartAdvertisement\000"
 9463      74416476 
 9463      65727469 
 9463      73656D65 
 9463      6E7400
 9464              	.LASF344:
 9465 1dc5 4359424C 		.ascii	"CYBLE_EVT_CGMSC_READ_CHAR_RESPONSE\000"
 9465      455F4556 
 9465      545F4347 
 9465      4D53435F 
 9465      52454144 
 9466              	.LASF188:
 9467 1de8 4359424C 		.ascii	"CYBLE_GATT_EXECUTE_WRITE_REQ\000"
 9467      455F4741 
 9467      54545F45 
 9467      58454355 
 9467      54455F57 
 9468              	.LASF566:
 9469 1e05 41555448 		.ascii	"AUTHENTICATION_STATE\000"
 9469      454E5449 
 9469      43415449 
 9469      4F4E5F53 
 9469      54415445 
 9470              	.LASF60:
 9471 1e1a 4359424C 		.ascii	"CYBLE_EVT_GATTC_READ_BLOB_RSP\000"
 9471      455F4556 
 9471      545F4741 
 9471      5454435F 
 9471      52454144 
 9472              	.LASF654:
 9473 1e38 4379426C 		.ascii	"CyBle_GapAuthPassKeyReply\000"
 9473      655F4761 
 9473      70417574 
 9473      68506173 
 9473      734B6579 
 9474              	.LASF259:
 9475 1e52 4359424C 		.ascii	"CYBLE_AIOS_DESCR_COUNT\000"
 9475      455F4149 
 9475      4F535F44 
 9475      45534352 
 9475      5F434F55 
 9476              	.LASF408:
 9477 1e69 4359424C 		.ascii	"CYBLE_EVT_GLSC_WRITE_DESCR_RESPONSE\000"
 9477      455F4556 
 9477      545F474C 
 9477      53435F57 
 9477      52495445 
 9478              	.LASF25:
 9479 1e8d 4359424C 		.ascii	"CYBLE_EVT_MEMORY_REQUEST\000"
ARM GAS  C:\Users\Lenovo\AppData\Local\Temp\ccTXWGea.s 			page 212


 9479      455F4556 
 9479      545F4D45 
 9479      4D4F5259 
 9479      5F524551 
 9480              	.LASF157:
 9481 1ea6 656B6579 		.ascii	"ekeySize\000"
 9481      53697A65 
 9481      00
 9482              	.LASF66:
 9483 1eaf 4359424C 		.ascii	"CYBLE_EVT_GATTS_EXEC_WRITE_REQ\000"
 9483      455F4556 
 9483      545F4741 
 9483      5454535F 
 9483      45584543 
 9484              	.LASF325:
 9485 1ece 4359424C 		.ascii	"CYBLE_EVT_BLSS_NOTIFICATION_ENABLED\000"
 9485      455F4556 
 9485      545F424C 
 9485      53535F4E 
 9485      4F544946 
 9486              	.LASF429:
 9487 1ef2 4359424C 		.ascii	"CYBLE_EVT_HRSS_ENERGY_EXPENDED_RESET\000"
 9487      455F4556 
 9487      545F4852 
 9487      53535F45 
 9487      4E455247 
 9488              	.LASF591:
 9489 1f17 50574D48 		.ascii	"PWMHandler\000"
 9489      616E646C 
 9489      657200
 9490              	.LASF225:
 9491 1f22 4359424C 		.ascii	"CYBLE_GATTS_ERR_HPS_INVALID_REQUEST\000"
 9491      455F4741 
 9491      5454535F 
 9491      4552525F 
 9491      4850535F 
 9492              	.LASF293:
 9493 1f46 4359424C 		.ascii	"CYBLE_EVT_ANCSS_NOTIFICATION_ENABLED\000"
 9493      455F4556 
 9493      545F414E 
 9493      4353535F 
 9493      4E4F5449 
 9494              	.LASF111:
 9495 1f6b 4359424C 		.ascii	"CYBLE_ERROR_DEVICE_ALREADY_EXISTS\000"
 9495      455F4552 
 9495      524F525F 
 9495      44455649 
 9495      43455F41 
 9496              	.LASF428:
 9497 1f8d 4359424C 		.ascii	"CYBLE_EVT_HPSC_WRITE_CHAR_RESPONSE\000"
 9497      455F4556 
 9497      545F4850 
 9497      53435F57 
 9497      52495445 
 9498              	.LASF607:
 9499 1fb0 70656572 		.ascii	"peerAuthInfo\000"
 9499      41757468 
ARM GAS  C:\Users\Lenovo\AppData\Local\Temp\ccTXWGea.s 			page 213


 9499      496E666F 
 9499      00
 9500              	.LASF249:
 9501 1fbd 4359424C 		.ascii	"CYBLE_AIOS_AGGREGATE\000"
 9501      455F4149 
 9501      4F535F41 
 9501      47475245 
 9501      47415445 
 9502              	.LASF107:
 9503 1fd2 4359424C 		.ascii	"CYBLE_ERROR_L2CAP_CONNECTION_ENTITY_NOT_FOUND\000"
 9503      455F4552 
 9503      524F525F 
 9503      4C324341 
 9503      505F434F 
 9504              	.LASF664:
 9505 2000 5357325F 		.ascii	"SW2_Interrupt_StartEx\000"
 9505      496E7465 
 9505      72727570 
 9505      745F5374 
 9505      61727445 
 9506              	.LASF100:
 9507 2016 4359424C 		.ascii	"CYBLE_ERROR_GAP_ROLE\000"
 9507      455F4552 
 9507      524F525F 
 9507      4741505F 
 9507      524F4C45 
 9508              	.LASF441:
 9509 202b 4359424C 		.ascii	"CYBLE_EVT_HTSS_INDICATION_CONFIRMED\000"
 9509      455F4556 
 9509      545F4854 
 9509      53535F49 
 9509      4E444943 
 9510              	.LASF580:
 9511 204f 76616C75 		.ascii	"value\000"
 9511      6500
 9512              	.LASF196:
 9513 2055 4359424C 		.ascii	"CYBLE_GATT_ERR_NONE\000"
 9513      455F4741 
 9513      54545F45 
 9513      52525F4E 
 9513      4F4E4500 
 9514              	.LASF532:
 9515 2069 4359424C 		.ascii	"CYBLE_EVT_UDSC_WRITE_DESCR_RESPONSE\000"
 9515      455F4556 
 9515      545F5544 
 9515      53435F57 
 9515      52495445 
 9516              	.LASF547:
 9517 208d 4359424C 		.ascii	"CYBLE_EVT_WSSS_INDICATION_DISABLED\000"
 9517      455F4556 
 9517      545F5753 
 9517      53535F49 
 9517      4E444943 
 9518              	.LASF622:
 9519 20b0 7072696E 		.ascii	"printf\000"
 9519      746600
 9520              	.LASF552:
ARM GAS  C:\Users\Lenovo\AppData\Local\Temp\ccTXWGea.s 			page 214


 9521 20b7 4359424C 		.ascii	"CYBLE_EVT_WSSC_WRITE_DESCR_RESPONSE\000"
 9521      455F4556 
 9521      545F5753 
 9521      53435F57 
 9521      52495445 
 9522              	.LASF335:
 9523 20db 4359424C 		.ascii	"CYBLE_EVT_BMSC_READ_DESCR_RESPONSE\000"
 9523      455F4556 
 9523      545F424D 
 9523      53435F52 
 9523      4541445F 
 9524              	.LASF301:
 9525 20fe 4359424C 		.ascii	"CYBLE_EVT_ANSS_NOTIFICATION_ENABLED\000"
 9525      455F4556 
 9525      545F414E 
 9525      53535F4E 
 9525      4F544946 
 9526              	.LASF558:
 9527 2122 4359424C 		.ascii	"CYBLE_STATE_DISCONNECTED\000"
 9527      455F5354 
 9527      4154455F 
 9527      44495343 
 9527      4F4E4E45 
 9528              	.LASF502:
 9529 213b 4359424C 		.ascii	"CYBLE_EVT_RSCSC_READ_CHAR_RESPONSE\000"
 9529      455F4556 
 9529      545F5253 
 9529      4353435F 
 9529      52454144 
 9530              	.LASF251:
 9531 215e 4359424C 		.ascii	"CYBLE_AIOS_CCCD\000"
 9531      455F4149 
 9531      4F535F43 
 9531      43434400 
 9532              	.LASF52:
 9533 216e 4359424C 		.ascii	"CYBLE_EVT_GATT_DISCONNECT_IND\000"
 9533      455F4556 
 9533      545F4741 
 9533      54545F44 
 9533      4953434F 
 9534              	.LASF380:
 9535 218c 4359424C 		.ascii	"CYBLE_EVT_CTSC_READ_DESCR_RESPONSE\000"
 9535      455F4556 
 9535      545F4354 
 9535      53435F52 
 9535      4541445F 
 9536              	.LASF262:
 9537 21af 4359424C 		.ascii	"CYBLE_LONG_TERM_KEY_REQUEST_REPLY\000"
 9537      455F4C4F 
 9537      4E475F54 
 9537      45524D5F 
 9537      4B45595F 
 9538              	.LASF182:
 9539 21d1 4359424C 		.ascii	"CYBLE_GATT_READ_BY_GROUP_RSP\000"
 9539      455F4741 
 9539      54545F52 
 9539      4541445F 
ARM GAS  C:\Users\Lenovo\AppData\Local\Temp\ccTXWGea.s 			page 215


 9539      42595F47 
 9540              	.LASF485:
 9541 21ee 4359424C 		.ascii	"CYBLE_EVT_PLXSS_INDICATION_DISABLED\000"
 9541      455F4556 
 9541      545F504C 
 9541      5853535F 
 9541      494E4449 
 9542              	.LASF243:
 9543 2212 4359424C 		.ascii	"CYBLE_GATTS_CHAR_VAL_READ_REQ_T\000"
 9543      455F4741 
 9543      5454535F 
 9543      43484152 
 9543      5F56414C 
 9544              	.LASF144:
 9545 2232 4359424C 		.ascii	"CYBLE_GAP_AUTH_ERROR_UNSPECIFIED_REASON\000"
 9545      455F4741 
 9545      505F4155 
 9545      54485F45 
 9545      52524F52 
 9546              	.LASF414:
 9547 225a 4359424C 		.ascii	"CYBLE_EVT_HIDSS_EXIT_SUSPEND\000"
 9547      455F4556 
 9547      545F4849 
 9547      4453535F 
 9547      45584954 
 9548              	.LASF437:
 9549 2277 4359424C 		.ascii	"CYBLE_EVT_HTSS_NOTIFICATION_ENABLED\000"
 9549      455F4556 
 9549      545F4854 
 9549      53535F4E 
 9549      4F544946 
 9550              	.LASF449:
 9551 229b 4359424C 		.ascii	"CYBLE_EVT_IASS_WRITE_CHAR_CMD\000"
 9551      455F4556 
 9551      545F4941 
 9551      53535F57 
 9551      52495445 
 9552              	.LASF135:
 9553 22b9 4359424C 		.ascii	"CYBLE_GAP_SEC_LEVEL_MASK\000"
 9553      455F4741 
 9553      505F5345 
 9553      435F4C45 
 9553      56454C5F 
 9554              	.LASF440:
 9555 22d2 4359424C 		.ascii	"CYBLE_EVT_HTSS_INDICATION_DISABLED\000"
 9555      455F4556 
 9555      545F4854 
 9555      53535F49 
 9555      4E444943 
 9556              	.LASF665:
 9557 22f5 4144435F 		.ascii	"ADC_SAR_Start\000"
 9557      5341525F 
 9557      53746172 
 9557      7400
 9558              	.LASF76:
 9559 2303 4359424C 		.ascii	"CYBLE_EVT_L2CAP_CONN_PARAM_UPDATE_RSP\000"
 9559      455F4556 
ARM GAS  C:\Users\Lenovo\AppData\Local\Temp\ccTXWGea.s 			page 216


 9559      545F4C32 
 9559      4341505F 
 9559      434F4E4E 
 9560              	.LASF430:
 9561 2329 4359424C 		.ascii	"CYBLE_EVT_HRSS_NOTIFICATION_ENABLED\000"
 9561      455F4556 
 9561      545F4852 
 9561      53535F4E 
 9561      4F544946 
 9562              	.LASF178:
 9563 234d 4359424C 		.ascii	"CYBLE_GATT_READ_BLOB_RSP\000"
 9563      455F4741 
 9563      54545F52 
 9563      4541445F 
 9563      424C4F42 
 9564              	.LASF288:
 9565 2366 4359424C 		.ascii	"CYBLE_EVT_AIOSC_READ_CHAR_RESPONSE\000"
 9565      455F4556 
 9565      545F4149 
 9565      4F53435F 
 9565      52454144 
 9566              	.LASF670:
 9567 2389 43795379 		.ascii	"CySysWdtEnableCounterIsr\000"
 9567      73576474 
 9567      456E6162 
 9567      6C65436F 
 9567      756E7465 
 9568              	.LASF456:
 9569 23a2 4359424C 		.ascii	"CYBLE_EVT_IPSC_ERROR_RESPONSE\000"
 9569      455F4556 
 9569      545F4950 
 9569      53435F45 
 9569      52524F52 
 9570              	.LASF349:
 9571 23c0 4359424C 		.ascii	"CYBLE_EVT_CPSS_NOTIFICATION_DISABLED\000"
 9571      455F4556 
 9571      545F4350 
 9571      53535F4E 
 9571      4F544946 
 9572              	.LASF275:
 9573 23e5 4359424C 		.ascii	"CYBLE_EVT_GATTC_INCL_DISCOVERY_COMPLETE\000"
 9573      455F4556 
 9573      545F4741 
 9573      5454435F 
 9573      494E434C 
 9574              	.LASF475:
 9575 240d 4359424C 		.ascii	"CYBLE_EVT_PASSS_NOTIFICATION_DISABLED\000"
 9575      455F4556 
 9575      545F5041 
 9575      5353535F 
 9575      4E4F5449 
 9576              	.LASF613:
 9577 2433 63757374 		.ascii	"customCommand\000"
 9577      6F6D436F 
 9577      6D6D616E 
 9577      6400
 9578              	.LASF307:
ARM GAS  C:\Users\Lenovo\AppData\Local\Temp\ccTXWGea.s 			page 217


 9579 2441 4359424C 		.ascii	"CYBLE_EVT_ANSC_READ_DESCR_RESPONSE\000"
 9579      455F4556 
 9579      545F414E 
 9579      53435F52 
 9579      4541445F 
 9580              	.LASF597:
 9581 2464 62757474 		.ascii	"buttonsPrevState\000"
 9581      6F6E7350 
 9581      72657653 
 9581      74617465 
 9581      00
 9582              	.LASF412:
 9583 2475 4359424C 		.ascii	"CYBLE_EVT_HIDSS_REPORT_MODE_ENTER\000"
 9583      455F4556 
 9583      545F4849 
 9583      4453535F 
 9583      5245504F 
 9584              	.LASF215:
 9585 2497 4359424C 		.ascii	"CYBLE_GATT_ERR_HEART_RATE_CONTROL_POINT_NOT_SUPPORT"
 9585      455F4741 
 9585      54545F45 
 9585      52525F48 
 9585      45415254 
 9586 24ca 454400   		.ascii	"ED\000"
 9587              	.LASF551:
 9588 24cd 4359424C 		.ascii	"CYBLE_EVT_WSSC_READ_DESCR_RESPONSE\000"
 9588      455F4556 
 9588      545F5753 
 9588      53435F52 
 9588      4541445F 
 9589              	.LASF652:
 9590 24f0 50696E5F 		.ascii	"Pin_Buttons_Read\000"
 9590      42757474 
 9590      6F6E735F 
 9590      52656164 
 9590      00
 9591              	.LASF559:
 9592 2501 4359424C 		.ascii	"CYBLE_STATE_T\000"
 9592      455F5354 
 9592      4154455F 
 9592      5400
 9593              	.LASF459:
 9594 250f 4359424C 		.ascii	"CYBLE_EVT_LLSC_READ_CHAR_RESPONSE\000"
 9594      455F4556 
 9594      545F4C4C 
 9594      53435F52 
 9594      4541445F 
 9595              	.LASF426:
 9596 2531 4359424C 		.ascii	"CYBLE_EVT_HPSC_READ_DESCR_RESPONSE\000"
 9596      455F4556 
 9596      545F4850 
 9596      53435F52 
 9596      4541445F 
 9597              	.LASF271:
 9598 2554 4359424C 		.ascii	"CYBLE_EVT_GATTC_SRVC_DUPLICATION\000"
 9598      455F4556 
 9598      545F4741 
ARM GAS  C:\Users\Lenovo\AppData\Local\Temp\ccTXWGea.s 			page 218


 9598      5454435F 
 9598      53525643 
 9599              	.LASF299:
 9600 2575 4359424C 		.ascii	"CYBLE_EVT_ANCSC_WRITE_DESCR_RESPONSE\000"
 9600      455F4556 
 9600      545F414E 
 9600      4353435F 
 9600      57524954 
 9601              	.LASF489:
 9602 259a 4359424C 		.ascii	"CYBLE_EVT_PLXSC_READ_CHAR_RESPONSE\000"
 9602      455F4556 
 9602      545F504C 
 9602      5853435F 
 9602      52454144 
 9603              	.LASF536:
 9604 25bd 4359424C 		.ascii	"CYBLE_EVT_WPTSS_INDICATION_ENABLED\000"
 9604      455F4556 
 9604      545F5750 
 9604      5453535F 
 9604      494E4449 
 9605              	.LASF327:
 9606 25e0 4359424C 		.ascii	"CYBLE_EVT_BLSC_INDICATION\000"
 9606      455F4556 
 9606      545F424C 
 9606      53435F49 
 9606      4E444943 
 9607              	.LASF448:
 9608 25fa 4359424C 		.ascii	"CYBLE_EVT_HTSC_WRITE_DESCR_RESPONSE\000"
 9608      455F4556 
 9608      545F4854 
 9608      53435F57 
 9608      52495445 
 9609              	.LASF620:
 9610 261e 4144435F 		.ascii	"ADC_CHANGE_THRESHOLD\000"
 9610      4348414E 
 9610      47455F54 
 9610      48524553 
 9610      484F4C44 
 9611              	.LASF533:
 9612 2633 4359424C 		.ascii	"CYBLE_EVT_UDSC_ERROR_RESPONSE\000"
 9612      455F4556 
 9612      545F5544 
 9612      53435F45 
 9612      52524F52 
 9613              	.LASF653:
 9614 2651 55415254 		.ascii	"UART_DEB_UartGetChar\000"
 9614      5F444542 
 9614      5F556172 
 9614      74476574 
 9614      43686172 
 9615              	.LASF375:
 9616 2666 4359424C 		.ascii	"CYBLE_EVT_CTSS_NOTIFICATION_ENABLED\000"
 9616      455F4556 
 9616      545F4354 
 9616      53535F4E 
 9616      4F544946 
 9617              	.LASF159:
ARM GAS  C:\Users\Lenovo\AppData\Local\Temp\ccTXWGea.s 			page 219


 9618 268a 70616972 		.ascii	"pairingProperties\000"
 9618      696E6750 
 9618      726F7065 
 9618      72746965 
 9618      7300
 9619              	.LASF586:
 9620 269c 63757272 		.ascii	"curr_val\000"
 9620      5F76616C 
 9620      00
 9621              	.LASF447:
 9622 26a5 4359424C 		.ascii	"CYBLE_EVT_HTSC_READ_DESCR_RESPONSE\000"
 9622      455F4556 
 9622      545F4854 
 9622      53435F52 
 9622      4541445F 
 9623              	.LASF35:
 9624 26c8 4359424C 		.ascii	"CYBLE_EVT_GAP_ENCRYPT_CHANGE\000"
 9624      455F4556 
 9624      545F4741 
 9624      505F454E 
 9624      43525950 
 9625              	.LASF33:
 9626 26e5 4359424C 		.ascii	"CYBLE_EVT_GAP_DEVICE_CONNECTED\000"
 9626      455F4556 
 9626      545F4741 
 9626      505F4445 
 9626      56494345 
 9627              	.LASF174:
 9628 2704 4359424C 		.ascii	"CYBLE_GATT_READ_BY_TYPE_RSP\000"
 9628      455F4741 
 9628      54545F52 
 9628      4541445F 
 9628      42595F54 
 9629              	.LASF245:
 9630 2720 6572726F 		.ascii	"errorCode\000"
 9630      72436F64 
 9630      6500
 9631              	.LASF498:
 9632 272a 4359424C 		.ascii	"CYBLE_EVT_RSCSS_INDICATION_CONFIRMATION\000"
 9632      455F4556 
 9632      545F5253 
 9632      4353535F 
 9632      494E4449 
 9633              	.LASF357:
 9634 2752 4359424C 		.ascii	"CYBLE_EVT_CPSC_INDICATION\000"
 9634      455F4556 
 9634      545F4350 
 9634      53435F49 
 9634      4E444943 
 9635              	.LASF155:
 9636 276c 73656375 		.ascii	"security\000"
 9636      72697479 
 9636      00
 9637              	.LASF645:
 9638 2775 70757473 		.ascii	"puts\000"
 9638      00
 9639              	.LASF203:
ARM GAS  C:\Users\Lenovo\AppData\Local\Temp\ccTXWGea.s 			page 220


 9640 277a 4359424C 		.ascii	"CYBLE_GATT_ERR_INVALID_OFFSET\000"
 9640      455F4741 
 9640      54545F45 
 9640      52525F49 
 9640      4E56414C 
 9641              	.LASF162:
 9642 2798 636F6E6E 		.ascii	"connIntv\000"
 9642      496E7476 
 9642      00
 9643              	.LASF573:
 9644 27a1 6973725F 		.ascii	"isr_100Hz\000"
 9644      31303048 
 9644      7A00
 9645              	.LASF228:
 9646 27ab 4359424C 		.ascii	"CYBLE_GATT_ERR_ANCS_UNKNOWN_COMMAND\000"
 9646      455F4741 
 9646      54545F45 
 9646      52525F41 
 9646      4E43535F 
 9647              	.LASF385:
 9648 27cf 4359424C 		.ascii	"CYBLE_EVT_ESSS_NOTIFICATION_DISABLED\000"
 9648      455F4556 
 9648      545F4553 
 9648      53535F4E 
 9648      4F544946 
 9649              	.LASF596:
 9650 27f4 42757474 		.ascii	"ButtonHandler\000"
 9650      6F6E4861 
 9650      6E646C65 
 9650      7200
 9651              	.LASF204:
 9652 2802 4359424C 		.ascii	"CYBLE_GATT_ERR_INSUFFICIENT_AUTHORIZATION\000"
 9652      455F4741 
 9652      54545F45 
 9652      52525F49 
 9652      4E535546 
 9653              	.LASF16:
 9654 282c 72656733 		.ascii	"reg32\000"
 9654      3200
 9655              	.LASF418:
 9656 2832 4359424C 		.ascii	"CYBLE_EVT_HIDSC_WRITE_CHAR_RESPONSE\000"
 9656      455F4556 
 9656      545F4849 
 9656      4453435F 
 9656      57524954 
 9657              	.LASF86:
 9658 2856 4359424C 		.ascii	"CYBLE_EVT_PENDING_FLASH_WRITE\000"
 9658      455F4556 
 9658      545F5045 
 9658      4E44494E 
 9658      475F464C 
 9659              	.LASF19:
 9660 2874 4359424C 		.ascii	"CYBLE_EVT_HOST_INVALID\000"
 9660      455F4556 
 9660      545F484F 
 9660      53545F49 
 9660      4E56414C 
ARM GAS  C:\Users\Lenovo\AppData\Local\Temp\ccTXWGea.s 			page 221


 9661              	.LASF466:
 9662 288b 4359424C 		.ascii	"CYBLE_EVT_LNSS_WRITE_CHAR\000"
 9662      455F4556 
 9662      545F4C4E 
 9662      53535F57 
 9662      52495445 
 9663              	.LASF252:
 9664 28a5 4359424C 		.ascii	"CYBLE_AIOS_CHAR_PRESENTATION_FORMAT\000"
 9664      455F4149 
 9664      4F535F43 
 9664      4841525F 
 9664      50524553 
 9665              	.LASF3:
 9666 28c9 73686F72 		.ascii	"short unsigned int\000"
 9666      7420756E 
 9666      7369676E 
 9666      65642069 
 9666      6E7400
 9667              	.LASF403:
 9668 28dc 4359424C 		.ascii	"CYBLE_EVT_GLSC_INDICATION\000"
 9668      455F4556 
 9668      545F474C 
 9668      53435F49 
 9668      4E444943 
 9669              	.LASF0:
 9670 28f6 7369676E 		.ascii	"signed char\000"
 9670      65642063 
 9670      68617200 
 9671              	.LASF353:
 9672 2902 4359424C 		.ascii	"CYBLE_EVT_CPSS_BROADCAST_ENABLED\000"
 9672      455F4556 
 9672      545F4350 
 9672      53535F42 
 9672      524F4144 
 9673              	.LASF234:
 9674 2923 4359424C 		.ascii	"CYBLE_GATT_ERR_OUT_OF_RANGE\000"
 9674      455F4741 
 9674      54545F45 
 9674      52525F4F 
 9674      55545F4F 
 9675              	.LASF139:
 9676 293f 4359424C 		.ascii	"CYBLE_GAP_AUTH_ERROR_AUTHENTICATION_REQ_NOT_MET\000"
 9676      455F4741 
 9676      505F4155 
 9676      54485F45 
 9676      52524F52 
 9677              	.LASF317:
 9678 296f 4359424C 		.ascii	"CYBLE_EVT_BCSS_INDICATION_CONFIRMED\000"
 9678      455F4556 
 9678      545F4243 
 9678      53535F49 
 9678      4E444943 
 9679              	.LASF561:
 9680 2993 41555448 		.ascii	"AUTHENTICATION_WAITING_FOR_PASSKEY\000"
 9680      454E5449 
 9680      43415449 
 9680      4F4E5F57 
ARM GAS  C:\Users\Lenovo\AppData\Local\Temp\ccTXWGea.s 			page 222


 9680      41495449 
 9681              	.LASF67:
 9682 29b6 4359424C 		.ascii	"CYBLE_EVT_GATTC_EXEC_WRITE_RSP\000"
 9682      455F4556 
 9682      545F4741 
 9682      5454435F 
 9682      45584543 
 9683              	.LASF161:
 9684 29d5 73746174 		.ascii	"status\000"
 9684      757300
 9685              	.LASF530:
 9686 29dc 4359424C 		.ascii	"CYBLE_EVT_UDSC_WRITE_CHAR_RESPONSE\000"
 9686      455F4556 
 9686      545F5544 
 9686      53435F57 
 9686      52495445 
 9687              	.LASF229:
 9688 29ff 4359424C 		.ascii	"CYBLE_GATT_ERR_ANCS_INVALID_COMMAND\000"
 9688      455F4741 
 9688      54545F45 
 9688      52525F41 
 9688      4E43535F 
 9689              	.LASF358:
 9690 2a23 4359424C 		.ascii	"CYBLE_EVT_CPSC_READ_CHAR_RESPONSE\000"
 9690      455F4556 
 9690      545F4350 
 9690      53435F52 
 9690      4541445F 
 9691              	.LASF151:
 9692 2a45 4359424C 		.ascii	"CYBLE_GAP_AUTH_ERROR_CODE_SPEC_MAX_VALUE\000"
 9692      455F4741 
 9692      505F4155 
 9692      54485F45 
 9692      52524F52 
 9693              	.LASF176:
 9694 2a6e 4359424C 		.ascii	"CYBLE_GATT_READ_RSP\000"
 9694      455F4741 
 9694      54545F52 
 9694      4541445F 
 9694      52535000 
 9695              	.LASF415:
 9696 2a82 4359424C 		.ascii	"CYBLE_EVT_HIDSS_REPORT_CHAR_WRITE\000"
 9696      455F4556 
 9696      545F4849 
 9696      4453535F 
 9696      5245504F 
 9697              	.LASF140:
 9698 2aa4 4359424C 		.ascii	"CYBLE_GAP_AUTH_ERROR_CONFIRM_VALUE_NOT_MATCH\000"
 9698      455F4741 
 9698      505F4155 
 9698      54485F45 
 9698      52524F52 
 9699              	.LASF283:
 9700 2ad1 4359424C 		.ascii	"CYBLE_EVT_AIOSS_INDICATION_CONFIRMED\000"
 9700      455F4556 
 9700      545F4149 
 9700      4F53535F 
ARM GAS  C:\Users\Lenovo\AppData\Local\Temp\ccTXWGea.s 			page 223


 9700      494E4449 
 9701              	.LASF395:
 9702 2af6 4359424C 		.ascii	"CYBLE_EVT_ESSC_READ_DESCR_RESPONSE\000"
 9702      455F4556 
 9702      545F4553 
 9702      53435F52 
 9702      4541445F 
 9703              	.LASF465:
 9704 2b19 4359424C 		.ascii	"CYBLE_EVT_LNSS_NOTIFICATION_DISABLED\000"
 9704      455F4556 
 9704      545F4C4E 
 9704      53535F4E 
 9704      4F544946 
 9705              	.LASF309:
 9706 2b3e 4359424C 		.ascii	"CYBLE_EVT_BASS_NOTIFICATION_ENABLED\000"
 9706      455F4556 
 9706      545F4241 
 9706      53535F4E 
 9706      4F544946 
 9707              	.LASF308:
 9708 2b62 4359424C 		.ascii	"CYBLE_EVT_ANSC_WRITE_DESCR_RESPONSE\000"
 9708      455F4556 
 9708      545F414E 
 9708      53435F57 
 9708      52495445 
 9709              	.LASF183:
 9710 2b86 4359424C 		.ascii	"CYBLE_GATT_WRITE_REQ\000"
 9710      455F4741 
 9710      54545F57 
 9710      52495445 
 9710      5F524551 
 9711              	.LASF406:
 9712 2b9b 4359424C 		.ascii	"CYBLE_EVT_GLSC_WRITE_CHAR_RESPONSE\000"
 9712      455F4556 
 9712      545F474C 
 9712      53435F57 
 9712      52495445 
 9713              	.LASF40:
 9714 2bbe 4359424C 		.ascii	"CYBLE_EVT_GAP_KEYPRESS_NOTIFICATION\000"
 9714      455F4556 
 9714      545F4741 
 9714      505F4B45 
 9714      59505245 
 9715              	.LASF644:
 9716 2be2 43617053 		.ascii	"CapSense_GetCentroidPos\000"
 9716      656E7365 
 9716      5F476574 
 9716      43656E74 
 9716      726F6964 
 9717              	.LASF468:
 9718 2bfa 4359424C 		.ascii	"CYBLE_EVT_LNSC_NOTIFICATION\000"
 9718      455F4556 
 9718      545F4C4E 
 9718      53435F4E 
 9718      4F544946 
 9719              	.LASF311:
 9720 2c16 4359424C 		.ascii	"CYBLE_EVT_BASC_NOTIFICATION\000"
ARM GAS  C:\Users\Lenovo\AppData\Local\Temp\ccTXWGea.s 			page 224


 9720      455F4556 
 9720      545F4241 
 9720      53435F4E 
 9720      4F544946 
 9721              	.LASF628:
 9722 2c32 5357325F 		.ascii	"SW2_Interrupt_Start\000"
 9722      496E7465 
 9722      72727570 
 9722      745F5374 
 9722      61727400 
 9723              	.LASF58:
 9724 2c46 4359424C 		.ascii	"CYBLE_EVT_GATTC_FIND_BY_TYPE_VALUE_RSP\000"
 9724      455F4556 
 9724      545F4741 
 9724      5454435F 
 9724      46494E44 
 9725              	.LASF615:
 9726 2c6d 696E6479 		.ascii	"indyk\000"
 9726      6B00
 9727              	.LASF277:
 9728 2c73 4359424C 		.ascii	"CYBLE_EVT_GATTC_DISC_SKIPPED_SERVICE\000"
 9728      455F4556 
 9728      545F4741 
 9728      5454435F 
 9728      44495343 
 9729              	.LASF123:
 9730 2c98 4359424C 		.ascii	"CYBLE_ERROR_INVALID_STATE\000"
 9730      455F4552 
 9730      524F525F 
 9730      494E5641 
 9730      4C49445F 
 9731              	.LASF549:
 9732 2cb2 4359424C 		.ascii	"CYBLE_EVT_WSSC_INDICATION\000"
 9732      455F4556 
 9732      545F5753 
 9732      53435F49 
 9732      4E444943 
 9733              	.LASF321:
 9734 2ccc 4359424C 		.ascii	"CYBLE_EVT_BCSC_WRITE_DESCR_RESPONSE\000"
 9734      455F4556 
 9734      545F4243 
 9734      53435F57 
 9734      52495445 
 9735              	.LASF432:
 9736 2cf0 4359424C 		.ascii	"CYBLE_EVT_HRSC_NOTIFICATION\000"
 9736      455F4556 
 9736      545F4852 
 9736      53435F4E 
 9736      4F544946 
 9737              	.LASF305:
 9738 2d0c 4359424C 		.ascii	"CYBLE_EVT_ANSC_READ_CHAR_RESPONSE\000"
 9738      455F4556 
 9738      545F414E 
 9738      53435F52 
 9738      4541445F 
 9739              	.LASF4:
 9740 2d2e 6C6F6E67 		.ascii	"long int\000"
ARM GAS  C:\Users\Lenovo\AppData\Local\Temp\ccTXWGea.s 			page 225


 9740      20696E74 
 9740      00
 9741              	.LASF351:
 9742 2d37 4359424C 		.ascii	"CYBLE_EVT_CPSS_INDICATION_DISABLED\000"
 9742      455F4556 
 9742      545F4350 
 9742      53535F49 
 9742      4E444943 
 9743              	.LASF199:
 9744 2d5a 4359424C 		.ascii	"CYBLE_GATT_ERR_WRITE_NOT_PERMITTED\000"
 9744      455F4741 
 9744      54545F45 
 9744      52525F57 
 9744      52495445 
 9745              	.LASF106:
 9746 2d7d 4359424C 		.ascii	"CYBLE_ERROR_L2CAP_PSM_NOT_REGISTERED\000"
 9746      455F4552 
 9746      524F525F 
 9746      4C324341 
 9746      505F5053 
 9747              	.LASF160:
 9748 2da2 4359424C 		.ascii	"CYBLE_GAP_AUTH_INFO_T\000"
 9748      455F4741 
 9748      505F4155 
 9748      54485F49 
 9748      4E464F5F 
 9749              	.LASF303:
 9750 2db8 4359424C 		.ascii	"CYBLE_EVT_ANSS_CHAR_WRITE\000"
 9750      455F4556 
 9750      545F414E 
 9750      53535F43 
 9750      4841525F 
 9751              	.LASF38:
 9752 2dd2 4359424C 		.ascii	"CYBLE_EVT_GAP_KEYINFO_EXCHNGE_CMPLT\000"
 9752      455F4556 
 9752      545F4741 
 9752      505F4B45 
 9752      59494E46 
 9753              	.LASF650:
 9754 2df6 50574D5F 		.ascii	"PWM_WriteCompare\000"
 9754      57726974 
 9754      65436F6D 
 9754      70617265 
 9754      00
 9755              	.LASF563:
 9756 2e07 41555448 		.ascii	"AUTHENTICATION_PASSKEY_YES_NO\000"
 9756      454E5449 
 9756      43415449 
 9756      4F4E5F50 
 9756      4153534B 
 9757              	.LASF189:
 9758 2e25 4359424C 		.ascii	"CYBLE_GATT_EXECUTE_WRITE_RSP\000"
 9758      455F4741 
 9758      54545F45 
 9758      58454355 
 9758      54455F57 
 9759              	.LASF238:
ARM GAS  C:\Users\Lenovo\AppData\Local\Temp\ccTXWGea.s 			page 226


 9760 2e42 61747449 		.ascii	"attId\000"
 9760      6400
 9761              	.LASF396:
 9762 2e48 4359424C 		.ascii	"CYBLE_EVT_ESSC_WRITE_DESCR_RESPONSE\000"
 9762      455F4556 
 9762      545F4553 
 9762      53435F57 
 9762      52495445 
 9763              	.LASF483:
 9764 2e6c 4359424C 		.ascii	"CYBLE_EVT_PLXSS_NOTIFICATION_DISABLED\000"
 9764      455F4556 
 9764      545F504C 
 9764      5853535F 
 9764      4E4F5449 
 9765              	.LASF267:
 9766 2e92 4359424C 		.ascii	"CYBLE_EVT_GATTC_SRVC_DISCOVERY_FAILED\000"
 9766      455F4556 
 9766      545F4741 
 9766      5454435F 
 9766      53525643 
 9767              	.LASF463:
 9768 2eb8 4359424C 		.ascii	"CYBLE_EVT_LNSS_INDICATION_CONFIRMED\000"
 9768      455F4556 
 9768      545F4C4E 
 9768      53535F49 
 9768      4E444943 
 9769              	.LASF95:
 9770 2edc 4359424C 		.ascii	"CYBLE_ERROR_INSUFFICIENT_RESOURCES\000"
 9770      455F4552 
 9770      524F525F 
 9770      494E5355 
 9770      46464943 
 9771              	.LASF24:
 9772 2eff 4359424C 		.ascii	"CYBLE_EVT_STACK_BUSY_STATUS\000"
 9772      455F4556 
 9772      545F5354 
 9772      41434B5F 
 9772      42555359 
 9773              	.LASF381:
 9774 2f1b 4359424C 		.ascii	"CYBLE_EVT_CTSC_WRITE_DESCR_RESPONSE\000"
 9774      455F4556 
 9774      545F4354 
 9774      53435F57 
 9774      52495445 
 9775              	.LASF55:
 9776 2f3f 4359424C 		.ascii	"CYBLE_EVT_GATTC_READ_BY_GROUP_TYPE_RSP\000"
 9776      455F4556 
 9776      545F4741 
 9776      5454435F 
 9776      52454144 
 9777              	.LASF116:
 9778 2f66 4359424C 		.ascii	"CYBLE_ERROR_FLASH_WRITE\000"
 9778      455F4552 
 9778      524F525F 
 9778      464C4153 
 9778      485F5752 
 9779              	.LASF212:
ARM GAS  C:\Users\Lenovo\AppData\Local\Temp\ccTXWGea.s 			page 227


 9780 2f7e 4359424C 		.ascii	"CYBLE_GATT_ERR_UNSUPPORTED_GROUP_TYPE\000"
 9780      455F4741 
 9780      54545F45 
 9780      52525F55 
 9780      4E535550 
 9781              	.LASF94:
 9782 2fa4 4359424C 		.ascii	"CYBLE_ERROR_MEMORY_ALLOCATION_FAILED\000"
 9782      455F4552 
 9782      524F525F 
 9782      4D454D4F 
 9782      52595F41 
 9783              	.LASF333:
 9784 2fc9 4359424C 		.ascii	"CYBLE_EVT_BMSC_READ_CHAR_RESPONSE\000"
 9784      455F4556 
 9784      545F424D 
 9784      53435F52 
 9784      4541445F 
 9785              	.LASF34:
 9786 2feb 4359424C 		.ascii	"CYBLE_EVT_GAP_DEVICE_DISCONNECTED\000"
 9786      455F4556 
 9786      545F4741 
 9786      505F4445 
 9786      56494345 
 9787              	.LASF481:
 9788 300d 4359424C 		.ascii	"CYBLE_EVT_PLXSS_WRITE_CHAR\000"
 9788      455F4556 
 9788      545F504C 
 9788      5853535F 
 9788      57524954 
 9789              	.LASF164:
 9790 3028 73757065 		.ascii	"supervisionTO\000"
 9790      72766973 
 9790      696F6E54 
 9790      4F00
 9791              	.LASF150:
 9792 3036 4359424C 		.ascii	"CYBLE_GAP_AUTH_ERROR_CROSS_TRANSPORT_KEY_GEN_DER_NO"
 9792      455F4741 
 9792      505F4155 
 9792      54485F45 
 9792      52524F52 
 9793 3069 545F414C 		.ascii	"T_ALLOWED\000"
 9793      4C4F5745 
 9793      4400
 9794              	.LASF17:
 9795 3073 6C6F6E67 		.ascii	"long double\000"
 9795      20646F75 
 9795      626C6500 
 9796              	.LASF451:
 9797 307f 4359424C 		.ascii	"CYBLE_EVT_IPSC_READ_CHAR_RESPONSE\000"
 9797      455F4556 
 9797      545F4950 
 9797      53435F52 
 9797      4541445F 
 9798              	.LASF97:
 9799 30a1 4359424C 		.ascii	"CYBLE_ERROR_NO_CONNECTION\000"
 9799      455F4552 
 9799      524F525F 
ARM GAS  C:\Users\Lenovo\AppData\Local\Temp\ccTXWGea.s 			page 228


 9799      4E4F5F43 
 9799      4F4E4E45 
 9800              	.LASF63:
 9801 30bb 4359424C 		.ascii	"CYBLE_EVT_GATTC_WRITE_RSP\000"
 9801      455F4556 
 9801      545F4741 
 9801      5454435F 
 9801      57524954 
 9802              	.LASF10:
 9803 30d5 75696E74 		.ascii	"uint16\000"
 9803      313600
 9804              	.LASF103:
 9805 30dc 4359424C 		.ascii	"CYBLE_ERROR_SEC_FAILED\000"
 9805      455F4552 
 9805      524F525F 
 9805      5345435F 
 9805      4641494C 
 9806              	.LASF521:
 9807 30f3 4359424C 		.ascii	"CYBLE_EVT_UDSS_INDICATION_DISABLED\000"
 9807      455F4556 
 9807      545F5544 
 9807      53535F49 
 9807      4E444943 
 9808              	.LASF416:
 9809 3116 4359424C 		.ascii	"CYBLE_EVT_HIDSC_NOTIFICATION\000"
 9809      455F4556 
 9809      545F4849 
 9809      4453435F 
 9809      4E4F5449 
 9810              	.LASF576:
 9811 3133 4C45445F 		.ascii	"LED_D1_state_upd\000"
 9811      44315F73 
 9811      74617465 
 9811      5F757064 
 9811      00
 9812              	.LASF5:
 9813 3144 6C6F6E67 		.ascii	"long unsigned int\000"
 9813      20756E73 
 9813      69676E65 
 9813      6420696E 
 9813      7400
 9814              	.LASF476:
 9815 3156 4359424C 		.ascii	"CYBLE_EVT_PASSS_WRITE_CHAR\000"
 9815      455F4556 
 9815      545F5041 
 9815      5353535F 
 9815      57524954 
 9816              	.LASF194:
 9817 3171 4359424C 		.ascii	"CYBLE_GATT_UNKNOWN_PDU_IND\000"
 9817      455F4741 
 9817      54545F55 
 9817      4E4B4E4F 
 9817      574E5F50 
 9818              	.LASF72:
 9819 318c 4359424C 		.ascii	"CYBLE_EVT_GATTC_STOP_CMD_COMPLETE\000"
 9819      455F4556 
 9819      545F4741 
ARM GAS  C:\Users\Lenovo\AppData\Local\Temp\ccTXWGea.s 			page 229


 9819      5454435F 
 9819      53544F50 
 9820              	.LASF179:
 9821 31ae 4359424C 		.ascii	"CYBLE_GATT_READ_MULTIPLE_REQ\000"
 9821      455F4741 
 9821      54545F52 
 9821      4541445F 
 9821      4D554C54 
 9822              	.LASF550:
 9823 31cb 4359424C 		.ascii	"CYBLE_EVT_WSSC_READ_CHAR_RESPONSE\000"
 9823      455F4556 
 9823      545F5753 
 9823      53435F52 
 9823      4541445F 
 9824              	.LASF424:
 9825 31ed 4359424C 		.ascii	"CYBLE_EVT_HPSC_NOTIFICATION\000"
 9825      455F4556 
 9825      545F4850 
 9825      53435F4E 
 9825      4F544946 
 9826              	.LASF363:
 9827 3209 4359424C 		.ascii	"CYBLE_EVT_CSCSS_NOTIFICATION_ENABLED\000"
 9827      455F4556 
 9827      545F4353 
 9827      4353535F 
 9827      4E4F5449 
 9828              	.LASF15:
 9829 322e 63686172 		.ascii	"char\000"
 9829      00
 9830              	.LASF618:
 9831 3233 64617461 		.ascii	"data_ready\000"
 9831      5F726561 
 9831      647900
 9832              	.LASF568:
 9833 323e 6576656E 		.ascii	"eventParam\000"
 9833      74506172 
 9833      616D00
 9834              	.LASF330:
 9835 3249 4359424C 		.ascii	"CYBLE_EVT_BLSC_READ_DESCR_RESPONSE\000"
 9835      455F4556 
 9835      545F424C 
 9835      53435F52 
 9835      4541445F 
 9836              	.LASF318:
 9837 326c 4359424C 		.ascii	"CYBLE_EVT_BCSC_INDICATION\000"
 9837      455F4556 
 9837      545F4243 
 9837      53435F49 
 9837      4E444943 
 9838              	.LASF79:
 9839 3286 4359424C 		.ascii	"CYBLE_EVT_L2CAP_CBFC_CONN_CNF\000"
 9839      455F4556 
 9839      545F4C32 
 9839      4341505F 
 9839      43424643 
 9840              	.LASF539:
 9841 32a4 4359424C 		.ascii	"CYBLE_EVT_WPTSS_WRITE_CHAR\000"
ARM GAS  C:\Users\Lenovo\AppData\Local\Temp\ccTXWGea.s 			page 230


 9841      455F4556 
 9841      545F5750 
 9841      5453535F 
 9841      57524954 
 9842              	.LASF244:
 9843 32bf 6F70436F 		.ascii	"opCode\000"
 9843      646500
 9844              	.LASF352:
 9845 32c6 4359424C 		.ascii	"CYBLE_EVT_CPSS_INDICATION_CONFIRMED\000"
 9845      455F4556 
 9845      545F4350 
 9845      53535F49 
 9845      4E444943 
 9846              	.LASF93:
 9847 32ea 4359424C 		.ascii	"CYBLE_ERROR_INVALID_OPERATION\000"
 9847      455F4552 
 9847      524F525F 
 9847      494E5641 
 9847      4C49445F 
 9848              	.LASF11:
 9849 3308 75696E74 		.ascii	"uint32\000"
 9849      333200
 9850              	.LASF315:
 9851 330f 4359424C 		.ascii	"CYBLE_EVT_BCSS_INDICATION_ENABLED\000"
 9851      455F4556 
 9851      545F4243 
 9851      53535F49 
 9851      4E444943 
 9852              	.LASF145:
 9853 3331 4359424C 		.ascii	"CYBLE_GAP_AUTH_ERROR_REPEATED_ATTEMPTS\000"
 9853      455F4741 
 9853      505F4155 
 9853      54485F45 
 9853      52524F52 
 9854              	.LASF98:
 9855 3358 4359424C 		.ascii	"CYBLE_ERROR_NO_DEVICE_ENTITY\000"
 9855      455F4552 
 9855      524F525F 
 9855      4E4F5F44 
 9855      45564943 
 9856              	.LASF81:
 9857 3375 4359424C 		.ascii	"CYBLE_EVT_L2CAP_CBFC_DISCONN_CNF\000"
 9857      455F4556 
 9857      545F4C32 
 9857      4341505F 
 9857      43424643 
 9858              	.LASF398:
 9859 3396 4359424C 		.ascii	"CYBLE_EVT_GLSS_INDICATION_DISABLED\000"
 9859      455F4556 
 9859      545F474C 
 9859      53535F49 
 9859      4E444943 
 9860              	.LASF197:
 9861 33b9 4359424C 		.ascii	"CYBLE_GATT_ERR_INVALID_HANDLE\000"
 9861      455F4741 
 9861      54545F45 
 9861      52525F49 
ARM GAS  C:\Users\Lenovo\AppData\Local\Temp\ccTXWGea.s 			page 231


 9861      4E56414C 
 9862              	.LASF337:
 9863 33d7 4359424C 		.ascii	"CYBLE_EVT_CGMSS_INDICATION_DISABLED\000"
 9863      455F4556 
 9863      545F4347 
 9863      4D53535F 
 9863      494E4449 
 9864              	.LASF499:
 9865 33fb 4359424C 		.ascii	"CYBLE_EVT_RSCSS_CHAR_WRITE\000"
 9865      455F4556 
 9865      545F5253 
 9865      4353535F 
 9865      43484152 
 9866              	.LASF477:
 9867 3416 4359424C 		.ascii	"CYBLE_EVT_PASSC_NOTIFICATION\000"
 9867      455F4556 
 9867      545F5041 
 9867      5353435F 
 9867      4E4F5449 
 9868              	.LASF516:
 9869 3433 4359424C 		.ascii	"CYBLE_EVT_TPSC_NOTIFICATION\000"
 9869      455F4556 
 9869      545F5450 
 9869      53435F4E 
 9869      4F544946 
 9870              	.LASF531:
 9871 344f 4359424C 		.ascii	"CYBLE_EVT_UDSC_READ_DESCR_RESPONSE\000"
 9871      455F4556 
 9871      545F5544 
 9871      53435F52 
 9871      4541445F 
 9872              	.LASF65:
 9873 3472 4359424C 		.ascii	"CYBLE_EVT_GATTS_PREP_WRITE_REQ\000"
 9873      455F4556 
 9873      545F4741 
 9873      5454535F 
 9873      50524550 
 9874              	.LASF405:
 9875 3491 4359424C 		.ascii	"CYBLE_EVT_GLSC_READ_CHAR_RESPONSE\000"
 9875      455F4556 
 9875      545F474C 
 9875      53435F52 
 9875      4541445F 
 9876              	.LASF479:
 9877 34b3 4359424C 		.ascii	"CYBLE_EVT_PASSC_READ_DESCR_RESPONSE\000"
 9877      455F4556 
 9877      545F5041 
 9877      5353435F 
 9877      52454144 
 9878              	.LASF503:
 9879 34d7 4359424C 		.ascii	"CYBLE_EVT_RSCSC_WRITE_CHAR_RESPONSE\000"
 9879      455F4556 
 9879      545F5253 
 9879      4353435F 
 9879      57524954 
 9880              	.LASF323:
 9881 34fb 4359424C 		.ascii	"CYBLE_EVT_BLSS_INDICATION_DISABLED\000"
ARM GAS  C:\Users\Lenovo\AppData\Local\Temp\ccTXWGea.s 			page 232


 9881      455F4556 
 9881      545F424C 
 9881      53535F49 
 9881      4E444943 
 9882              	.LASF569:
 9883 351e 636F6E6E 		.ascii	"connParameters\000"
 9883      50617261 
 9883      6D657465 
 9883      727300
 9884              	.LASF509:
 9885 352d 4359424C 		.ascii	"CYBLE_EVT_SCPSS_NOTIFICATION_DISABLED\000"
 9885      455F4556 
 9885      545F5343 
 9885      5053535F 
 9885      4E4F5449 
 9886              	.LASF611:
 9887 3553 62757474 		.ascii	"buttonState\000"
 9887      6F6E5374 
 9887      61746500 
 9888              	.LASF431:
 9889 355f 4359424C 		.ascii	"CYBLE_EVT_HRSS_NOTIFICATION_DISABLED\000"
 9889      455F4556 
 9889      545F4852 
 9889      53535F4E 
 9889      4F544946 
 9890              	.LASF604:
 9891 3584 6379426C 		.ascii	"cyBle_connHandle\000"
 9891      655F636F 
 9891      6E6E4861 
 9891      6E646C65 
 9891      00
 9892              	.LASF371:
 9893 3595 4359424C 		.ascii	"CYBLE_EVT_CSCSC_READ_CHAR_RESPONSE\000"
 9893      455F4556 
 9893      545F4353 
 9893      4353435F 
 9893      52454144 
 9894              	.LASF470:
 9895 35b8 4359424C 		.ascii	"CYBLE_EVT_LNSC_WRITE_CHAR_RESPONSE\000"
 9895      455F4556 
 9895      545F4C4E 
 9895      53435F57 
 9895      52495445 
 9896              	.LASF227:
 9897 35db 4359424C 		.ascii	"CYBLE_GATT_ERR_ANS_COMMAND_NOT_SUPPORTED\000"
 9897      455F4741 
 9897      54545F45 
 9897      52525F41 
 9897      4E535F43 
 9898              	.LASF383:
 9899 3604 4359424C 		.ascii	"CYBLE_EVT_DISC_READ_CHAR_RESPONSE\000"
 9899      455F4556 
 9899      545F4449 
 9899      53435F52 
 9899      4541445F 
 9900              	.LASF508:
 9901 3626 4359424C 		.ascii	"CYBLE_EVT_SCPSS_NOTIFICATION_ENABLED\000"
ARM GAS  C:\Users\Lenovo\AppData\Local\Temp\ccTXWGea.s 			page 233


 9901      455F4556 
 9901      545F5343 
 9901      5053535F 
 9901      4E4F5449 
 9902              	.LASF494:
 9903 364b 4359424C 		.ascii	"CYBLE_EVT_RSCSS_NOTIFICATION_ENABLED\000"
 9903      455F4556 
 9903      545F5253 
 9903      4353535F 
 9903      4E4F5449 
 9904              	.LASF632:
 9905 3670 5072696E 		.ascii	"PrintApiResult\000"
 9905      74417069 
 9905      52657375 
 9905      6C7400
 9906              	.LASF53:
 9907 367f 4359424C 		.ascii	"CYBLE_EVT_GATTS_XCNHG_MTU_REQ\000"
 9907      455F4556 
 9907      545F4741 
 9907      5454535F 
 9907      58434E48 
 9908              	.LASF119:
 9909 369d 4359424C 		.ascii	"CYBLE_ERROR_MAX\000"
 9909      455F4552 
 9909      524F525F 
 9909      4D415800 
 9910              	.LASF101:
 9911 36ad 4359424C 		.ascii	"CYBLE_ERROR_TX_POWER_READ\000"
 9911      455F4552 
 9911      524F525F 
 9911      54585F50 
 9911      4F574552 
 9912              	.LASF546:
 9913 36c7 4359424C 		.ascii	"CYBLE_EVT_WSSS_INDICATION_ENABLED\000"
 9913      455F4556 
 9913      545F5753 
 9913      53535F49 
 9913      4E444943 
 9914              	.LASF619:
 9915 36e9 61646349 		.ascii	"adcIndicationEnabled\000"
 9915      6E646963 
 9915      6174696F 
 9915      6E456E61 
 9915      626C6564 
 9916              	.LASF186:
 9917 36fe 4359424C 		.ascii	"CYBLE_GATT_PREPARE_WRITE_REQ\000"
 9917      455F4741 
 9917      54545F50 
 9917      52455041 
 9917      52455F57 
 9918              	.LASF273:
 9919 371b 4359424C 		.ascii	"CYBLE_EVT_GATTC_DESCR_DUPLICATION\000"
 9919      455F4556 
 9919      545F4741 
 9919      5454435F 
 9919      44455343 
 9920              	.LASF407:
ARM GAS  C:\Users\Lenovo\AppData\Local\Temp\ccTXWGea.s 			page 234


 9921 373d 4359424C 		.ascii	"CYBLE_EVT_GLSC_READ_DESCR_RESPONSE\000"
 9921      455F4556 
 9921      545F474C 
 9921      53435F52 
 9921      4541445F 
 9922              	.LASF594:
 9923 3760 4F757470 		.ascii	"OutputLedHandler\000"
 9923      75744C65 
 9923      6448616E 
 9923      646C6572 
 9923      00
 9924              	.LASF361:
 9925 3771 4359424C 		.ascii	"CYBLE_EVT_CPSC_WRITE_DESCR_RESPONSE\000"
 9925      455F4556 
 9925      545F4350 
 9925      53435F57 
 9925      52495445 
 9926              	.LASF354:
 9927 3795 4359424C 		.ascii	"CYBLE_EVT_CPSS_BROADCAST_DISABLED\000"
 9927      455F4556 
 9927      545F4350 
 9927      53535F42 
 9927      524F4144 
 9928              	.LASF137:
 9929 37b7 4359424C 		.ascii	"CYBLE_GAP_AUTH_ERROR_PASSKEY_ENTRY_FAILED\000"
 9929      455F4741 
 9929      505F4155 
 9929      54485F45 
 9929      52524F52 
 9930              	.LASF666:
 9931 37e1 4144435F 		.ascii	"ADC_SAR_IRQ_Enable\000"
 9931      5341525F 
 9931      4952515F 
 9931      456E6162 
 9931      6C6500
 9932              	.LASF390:
 9933 37f4 4359424C 		.ascii	"CYBLE_EVT_ESSS_DESCR_WRITE\000"
 9933      455F4556 
 9933      545F4553 
 9933      53535F44 
 9933      45534352 
 9934              	.LASF336:
 9935 380f 4359424C 		.ascii	"CYBLE_EVT_CGMSS_INDICATION_ENABLED\000"
 9935      455F4556 
 9935      545F4347 
 9935      4D53535F 
 9935      494E4449 
 9936              	.LASF239:
 9937 3832 4359424C 		.ascii	"CYBLE_CONN_HANDLE_T\000"
 9937      455F434F 
 9937      4E4E5F48 
 9937      414E444C 
 9937      455F5400 
 9938              	.LASF450:
 9939 3846 4359424C 		.ascii	"CYBLE_EVT_IPSS_WRITE_CHAR\000"
 9939      455F4556 
 9939      545F4950 
ARM GAS  C:\Users\Lenovo\AppData\Local\Temp\ccTXWGea.s 			page 235


 9939      53535F57 
 9939      52495445 
 9940              	.LASF69:
 9941 3860 4359424C 		.ascii	"CYBLE_EVT_GATTC_HANDLE_VALUE_IND\000"
 9941      455F4556 
 9941      545F4741 
 9941      5454435F 
 9941      48414E44 
 9942              	.LASF669:
 9943 3881 43795379 		.ascii	"CySysWdtSetInterruptCallback\000"
 9943      73576474 
 9943      53657449 
 9943      6E746572 
 9943      72757074 
 9944              	.LASF595:
 9945 389e 6C656450 		.ascii	"ledPrevValue\000"
 9945      72657656 
 9945      616C7565 
 9945      00
 9946              	.LASF192:
 9947 38ab 4359424C 		.ascii	"CYBLE_GATT_HANDLE_VALUE_CNF\000"
 9947      455F4741 
 9947      54545F48 
 9947      414E444C 
 9947      455F5641 
 9948              	.LASF401:
 9949 38c7 4359424C 		.ascii	"CYBLE_EVT_GLSS_NOTIFICATION_DISABLED\000"
 9949      455F4556 
 9949      545F474C 
 9949      53535F4E 
 9949      4F544946 
 9950              	.LASF413:
 9951 38ec 4359424C 		.ascii	"CYBLE_EVT_HIDSS_SUSPEND\000"
 9951      455F4556 
 9951      545F4849 
 9951      4453535F 
 9951      53555350 
 9952              	.LASF13:
 9953 3904 646F7562 		.ascii	"double\000"
 9953      6C6500
 9954              	.LASF445:
 9955 390b 4359424C 		.ascii	"CYBLE_EVT_HTSC_READ_CHAR_RESPONSE\000"
 9955      455F4556 
 9955      545F4854 
 9955      53435F52 
 9955      4541445F 
 9956              	.LASF201:
 9957 392d 4359424C 		.ascii	"CYBLE_GATT_ERR_INSUFFICIENT_AUTHENTICATION\000"
 9957      455F4741 
 9957      54545F45 
 9957      52525F49 
 9957      4E535546 
 9958              	.LASF300:
 9959 3958 4359424C 		.ascii	"CYBLE_EVT_ANCSC_ERROR_RESPONSE\000"
 9959      455F4556 
 9959      545F414E 
 9959      4353435F 
ARM GAS  C:\Users\Lenovo\AppData\Local\Temp\ccTXWGea.s 			page 236


 9959      4552524F 
 9960              	.LASF579:
 9961 3977 4144435F 		.ascii	"ADC_INDIC\000"
 9961      494E4449 
 9961      4300
 9962              	.LASF578:
 9963 3981 4C45445F 		.ascii	"LED_D2_blink\000"
 9963      44325F62 
 9963      6C696E6B 
 9963      00
 9964              	.LASF51:
 9965 398e 4359424C 		.ascii	"CYBLE_EVT_GATT_CONNECT_IND\000"
 9965      455F4556 
 9965      545F4741 
 9965      54545F43 
 9965      4F4E4E45 
 9966              	.LASF46:
 9967 39a9 4359424C 		.ascii	"CYBLE_EVT_GAP_CONN_ESTB\000"
 9967      455F4556 
 9967      545F4741 
 9967      505F434F 
 9967      4E4E5F45 
 9968              	.LASF542:
 9969 39c1 4359424C 		.ascii	"CYBLE_EVT_WPTSC_WRITE_CHAR_RESPONSE\000"
 9969      455F4556 
 9969      545F5750 
 9969      5453435F 
 9969      57524954 
 9970              	.LASF393:
 9971 39e5 4359424C 		.ascii	"CYBLE_EVT_ESSC_READ_CHAR_RESPONSE\000"
 9971      455F4556 
 9971      545F4553 
 9971      53435F52 
 9971      4541445F 
 9972              	.LASF49:
 9973 3a07 4359424C 		.ascii	"CYBLE_EVT_GAP_SMP_LOC_P256_KEYS_GEN_AND_SET_COMPLET"
 9973      455F4556 
 9973      545F4741 
 9973      505F534D 
 9973      505F4C4F 
 9974 3a3a 4500     		.ascii	"E\000"
 9975              	.LASF525:
 9976 3a3c 4359424C 		.ascii	"CYBLE_EVT_UDSS_READ_CHAR\000"
 9976      455F4556 
 9976      545F5544 
 9976      53535F52 
 9976      4541445F 
 9977              	.LASF258:
 9978 3a55 4359424C 		.ascii	"CYBLE_AIOS_NUM_OF_DIGITAL_DESCR\000"
 9978      455F4149 
 9978      4F535F4E 
 9978      554D5F4F 
 9978      465F4449 
 9979              	.LASF582:
 9980 3a75 64617461 		.ascii	"data\000"
 9980      00
 9981              	.LASF360:
ARM GAS  C:\Users\Lenovo\AppData\Local\Temp\ccTXWGea.s 			page 237


 9982 3a7a 4359424C 		.ascii	"CYBLE_EVT_CPSC_READ_DESCR_RESPONSE\000"
 9982      455F4556 
 9982      545F4350 
 9982      53435F52 
 9982      4541445F 
 9983              	.LASF272:
 9984 3a9d 4359424C 		.ascii	"CYBLE_EVT_GATTC_CHAR_DUPLICATION\000"
 9984      455F4556 
 9984      545F4741 
 9984      5454435F 
 9984      43484152 
 9985              	.LASF600:
 9986 3abe 70726576 		.ascii	"prevValue\000"
 9986      56616C75 
 9986      6500
 9987              	.LASF496:
 9988 3ac8 4359424C 		.ascii	"CYBLE_EVT_RSCSS_INDICATION_ENABLED\000"
 9988      455F4556 
 9988      545F5253 
 9988      4353535F 
 9988      494E4449 
 9989              	.LASF341:
 9990 3aeb 4359424C 		.ascii	"CYBLE_EVT_CGMSS_WRITE_CHAR\000"
 9990      455F4556 
 9990      545F4347 
 9990      4D53535F 
 9990      57524954 
 9991              	.LASF180:
 9992 3b06 4359424C 		.ascii	"CYBLE_GATT_READ_MULTIPLE_RSP\000"
 9992      455F4741 
 9992      54545F52 
 9992      4541445F 
 9992      4D554C54 
 9993              	.LASF376:
 9994 3b23 4359424C 		.ascii	"CYBLE_EVT_CTSS_NOTIFICATION_DISABLED\000"
 9994      455F4556 
 9994      545F4354 
 9994      53535F4E 
 9994      4F544946 
 9995              	.LASF584:
 9996 3b48 70726576 		.ascii	"prev_ADC_val\000"
 9996      5F414443 
 9996      5F76616C 
 9996      00
 9997              	.LASF18:
 9998 3b55 73697A65 		.ascii	"sizetype\000"
 9998      74797065 
 9998      00
 9999              	.LASF671:
 10000 3b5e 4379426C 		.ascii	"CyBle_ProcessEvents\000"
 10000      655F5072 
 10000      6F636573 
 10000      73457665 
 10000      6E747300 
 10001              	.LASF625:
 10002 3b72 44696774 		.ascii	"Digtal_Output_LED_Write\000"
 10002      616C5F4F 
ARM GAS  C:\Users\Lenovo\AppData\Local\Temp\ccTXWGea.s 			page 238


 10002      75747075 
 10002      745F4C45 
 10002      445F5772 
 10003              	.LASF599:
 10004 3b8a 44697370 		.ascii	"DisplayHandler\000"
 10004      6C617948 
 10004      616E646C 
 10004      657200
 10005              	.LASF195:
 10006 3b99 4359424C 		.ascii	"CYBLE_GATT_PDU_T\000"
 10006      455F4741 
 10006      54545F50 
 10006      44555F54 
 10006      00
 10007              	.LASF675:
 10008 3baa 443A5C55 		.ascii	"D:\\UCU\\POC\\PSoC_Projects_Embedded\\PSoC_LAB4\\la"
 10008      43555C50 
 10008      4F435C50 
 10008      536F435F 
 10008      50726F6A 
 10009 3bd8 62362D70 		.ascii	"b6-psoc-3-shevchuk-lykhanskyi\\Lab_4_1_BLE_Automati"
 10009      736F632D 
 10009      332D7368 
 10009      65766368 
 10009      756B2D6C 
 10010 3c0a 6F6E5F49 		.ascii	"on_IO.cydsn\000"
 10010      4F2E6379 
 10010      64736E00 
 10011              	.LASF230:
 10012 3c16 4359424C 		.ascii	"CYBLE_GATT_ERR_ANCS_INVALID_PARAMETER\000"
 10012      455F4741 
 10012      54545F45 
 10012      52525F41 
 10012      4E43535F 
 10013              	.LASF255:
 10014 3c3c 4359424C 		.ascii	"CYBLE_AIOS_VALUE_TRIGGER_SETTINGS\000"
 10014      455F4149 
 10014      4F535F56 
 10014      414C5545 
 10014      5F545249 
 10015              	.LASF497:
 10016 3c5e 4359424C 		.ascii	"CYBLE_EVT_RSCSS_INDICATION_DISABLED\000"
 10016      455F4556 
 10016      545F5253 
 10016      4353535F 
 10016      494E4449 
 10017              	.LASF313:
 10018 3c82 4359424C 		.ascii	"CYBLE_EVT_BASC_READ_DESCR_RESPONSE\000"
 10018      455F4556 
 10018      545F4241 
 10018      53435F52 
 10018      4541445F 
 10019              	.LASF281:
 10020 3ca5 4359424C 		.ascii	"CYBLE_EVT_AIOSS_INDICATION_ENABLED\000"
 10020      455F4556 
 10020      545F4149 
 10020      4F53535F 
ARM GAS  C:\Users\Lenovo\AppData\Local\Temp\ccTXWGea.s 			page 239


 10020      494E4449 
 10021              	.LASF220:
 10022 3cc8 4359424C 		.ascii	"CYBLE_GATT_ERR_OP_CODE_NOT_SUPPORTED\000"
 10022      455F4741 
 10022      54545F45 
 10022      52525F4F 
 10022      505F434F 
 10023              	.LASF339:
 10024 3ced 4359424C 		.ascii	"CYBLE_EVT_CGMSS_NOTIFICATION_ENABLED\000"
 10024      455F4556 
 10024      545F4347 
 10024      4D53535F 
 10024      4E4F5449 
 10025              	.LASF184:
 10026 3d12 4359424C 		.ascii	"CYBLE_GATT_WRITE_RSP\000"
 10026      455F4741 
 10026      54545F57 
 10026      52495445 
 10026      5F525350 
 10027              	.LASF96:
 10028 3d27 4359424C 		.ascii	"CYBLE_ERROR_OOB_NOT_AVAILABLE\000"
 10028      455F4552 
 10028      524F525F 
 10028      4F4F425F 
 10028      4E4F545F 
 10029              	.LASF507:
 10030 3d45 4359424C 		.ascii	"CYBLE_EVT_RTUSC_READ_CHAR_RESPONSE\000"
 10030      455F4556 
 10030      545F5254 
 10030      5553435F 
 10030      52454144 
 10031              	.LASF462:
 10032 3d68 4359424C 		.ascii	"CYBLE_EVT_LNSS_INDICATION_DISABLED\000"
 10032      455F4556 
 10032      545F4C4E 
 10032      53535F49 
 10032      4E444943 
 10033              	.LASF538:
 10034 3d8b 4359424C 		.ascii	"CYBLE_EVT_WPTSS_INDICATION_CONFIRMED\000"
 10034      455F4556 
 10034      545F5750 
 10034      5453535F 
 10034      494E4449 
 10035              	.LASF302:
 10036 3db0 4359424C 		.ascii	"CYBLE_EVT_ANSS_NOTIFICATION_DISABLED\000"
 10036      455F4556 
 10036      545F414E 
 10036      53535F4E 
 10036      4F544946 
 10037              	.LASF31:
 10038 3dd5 4359424C 		.ascii	"CYBLE_EVT_GAP_AUTH_FAILED\000"
 10038      455F4556 
 10038      545F4741 
 10038      505F4155 
 10038      54485F46 
 10039              	.LASF226:
 10040 3def 4359424C 		.ascii	"CYBLE_GATTS_ERR_NETWORK_NOT_AVAILABLE\000"
ARM GAS  C:\Users\Lenovo\AppData\Local\Temp\ccTXWGea.s 			page 240


 10040      455F4741 
 10040      5454535F 
 10040      4552525F 
 10040      4E455457 
 10041              	.LASF340:
 10042 3e15 4359424C 		.ascii	"CYBLE_EVT_CGMSS_NOTIFICATION_DISABLED\000"
 10042      455F4556 
 10042      545F4347 
 10042      4D53535F 
 10042      4E4F5449 
 10043              	.LASF219:
 10044 3e3b 4359424C 		.ascii	"CYBLE_GATTS_ERR_PROCEDURE_ALREADY_IN_PROGRESS\000"
 10044      455F4741 
 10044      5454535F 
 10044      4552525F 
 10044      50524F43 
 10045              	.LASF400:
 10046 3e69 4359424C 		.ascii	"CYBLE_EVT_GLSS_NOTIFICATION_ENABLED\000"
 10046      455F4556 
 10046      545F474C 
 10046      53535F4E 
 10046      4F544946 
 10047              	.LASF117:
 10048 3e8d 4359424C 		.ascii	"CYBLE_ERROR_LL_SAME_TRANSACTION_COLLISION\000"
 10048      455F4552 
 10048      524F525F 
 10048      4C4C5F53 
 10048      414D455F 
 10049              	.LASF663:
 10050 3eb7 43617053 		.ascii	"CapSense_ScanAllWidgets\000"
 10050      656E7365 
 10050      5F536361 
 10050      6E416C6C 
 10050      57696467 
 10051              	.LASF147:
 10052 3ecf 4359424C 		.ascii	"CYBLE_GAP_AUTH_ERROR_DHKEY_CHECK_FAILED\000"
 10052      455F4741 
 10052      505F4155 
 10052      54485F45 
 10052      52524F52 
 10053              	.LASF73:
 10054 3ef7 4359424C 		.ascii	"CYBLE_EVT_GATTS_READ_CHAR_VAL_ACCESS_REQ\000"
 10054      455F4556 
 10054      545F4741 
 10054      5454535F 
 10054      52454144 
 10055              	.LASF127:
 10056 3f20 4359424C 		.ascii	"CYBLE_GAP_SCAN_TO\000"
 10056      455F4741 
 10056      505F5343 
 10056      414E5F54 
 10056      4F00
 10057              	.LASF630:
 10058 3f32 43795379 		.ascii	"CySysPmHibernate\000"
 10058      73506D48 
 10058      69626572 
 10058      6E617465 
ARM GAS  C:\Users\Lenovo\AppData\Local\Temp\ccTXWGea.s 			page 241


 10058      00
 10059              	.LASF75:
 10060 3f43 4359424C 		.ascii	"CYBLE_EVT_L2CAP_CONN_PARAM_UPDATE_REQ\000"
 10060      455F4556 
 10060      545F4C32 
 10060      4341505F 
 10060      434F4E4E 
 10061              	.LASF484:
 10062 3f69 4359424C 		.ascii	"CYBLE_EVT_PLXSS_INDICATION_ENABLED\000"
 10062      455F4556 
 10062      545F504C 
 10062      5853535F 
 10062      494E4449 
 10063              	.LASF495:
 10064 3f8c 4359424C 		.ascii	"CYBLE_EVT_RSCSS_NOTIFICATION_DISABLED\000"
 10064      455F4556 
 10064      545F5253 
 10064      4353535F 
 10064      4E4F5449 
 10065              	.LASF7:
 10066 3fb2 6C6F6E67 		.ascii	"long long unsigned int\000"
 10066      206C6F6E 
 10066      6720756E 
 10066      7369676E 
 10066      65642069 
 10067              	.LASF304:
 10068 3fc9 4359424C 		.ascii	"CYBLE_EVT_ANSC_NOTIFICATION\000"
 10068      455F4556 
 10068      545F414E 
 10068      53435F4E 
 10068      4F544946 
 10069              	.LASF316:
 10070 3fe5 4359424C 		.ascii	"CYBLE_EVT_BCSS_INDICATION_DISABLED\000"
 10070      455F4556 
 10070      545F4243 
 10070      53535F49 
 10070      4E444943 
 10071              	.LASF434:
 10072 4008 4359424C 		.ascii	"CYBLE_EVT_HRSC_WRITE_CHAR_RESPONSE\000"
 10072      455F4556 
 10072      545F4852 
 10072      53435F57 
 10072      52495445 
 10073              	.LASF153:
 10074 402b 4359424C 		.ascii	"CYBLE_GAP_AUTH_ERROR_LINK_DISCONNECTED\000"
 10074      455F4741 
 10074      505F4155 
 10074      54485F45 
 10074      52524F52 
 10075              	.LASF562:
 10076 4052 41555448 		.ascii	"AUTHENTICATION_PASSKEY_ENTERED\000"
 10076      454E5449 
 10076      43415449 
 10076      4F4E5F50 
 10076      4153534B 
 10077              	.LASF108:
 10078 4071 4359424C 		.ascii	"CYBLE_ERROR_L2CAP_CHANNEL_NOT_FOUND\000"
ARM GAS  C:\Users\Lenovo\AppData\Local\Temp\ccTXWGea.s 			page 242


 10078      455F4552 
 10078      524F525F 
 10078      4C324341 
 10078      505F4348 
 10079              	.LASF523:
 10080 4095 4359424C 		.ascii	"CYBLE_EVT_UDSS_NOTIFICATION_ENABLED\000"
 10080      455F4556 
 10080      545F5544 
 10080      53535F4E 
 10080      4F544946 
 10081              	.LASF404:
 10082 40b9 4359424C 		.ascii	"CYBLE_EVT_GLSC_NOTIFICATION\000"
 10082      455F4556 
 10082      545F474C 
 10082      53435F4E 
 10082      4F544946 
 10083              	.LASF298:
 10084 40d5 4359424C 		.ascii	"CYBLE_EVT_ANCSC_READ_DESCR_RESPONSE\000"
 10084      455F4556 
 10084      545F414E 
 10084      4353435F 
 10084      52454144 
 10085              	.LASF564:
 10086 40f9 41555448 		.ascii	"AUTHENTICATION_COMPLETE_BONDING_REQD\000"
 10086      454E5449 
 10086      43415449 
 10086      4F4E5F43 
 10086      4F4D504C 
 10087              	.LASF601:
 10088 411e 6379426C 		.ascii	"cyBle_authInfo\000"
 10088      655F6175 
 10088      7468496E 
 10088      666F00
 10089              	.LASF47:
 10090 412d 4359424C 		.ascii	"CYBLE_EVT_GAP_SCAN_REQ_RECVD\000"
 10090      455F4556 
 10090      545F4741 
 10090      505F5343 
 10090      414E5F52 
 10091              	.LASF112:
 10092 414a 4359424C 		.ascii	"CYBLE_ERROR_FLASH_WRITE_NOT_PERMITED\000"
 10092      455F4552 
 10092      524F525F 
 10092      464C4153 
 10092      485F5752 
 10093              	.LASF285:
 10094 416f 4359424C 		.ascii	"CYBLE_EVT_AIOSS_DESCR_WRITE\000"
 10094      455F4556 
 10094      545F4149 
 10094      4F53535F 
 10094      44455343 
 10095              	.LASF36:
 10096 418b 4359424C 		.ascii	"CYBLE_EVT_GAP_CONNECTION_UPDATE_COMPLETE\000"
 10096      455F4556 
 10096      545F4741 
 10096      505F434F 
 10096      4E4E4543 
ARM GAS  C:\Users\Lenovo\AppData\Local\Temp\ccTXWGea.s 			page 243


 10097              	.LASF290:
 10098 41b4 4359424C 		.ascii	"CYBLE_EVT_AIOSC_READ_DESCR_RESPONSE\000"
 10098      455F4556 
 10098      545F4149 
 10098      4F53435F 
 10098      52454144 
 10099              	.LASF218:
 10100 41d8 4359424C 		.ascii	"CYBLE_GATT_ERR_HTS_OUT_OF_RANGE\000"
 10100      455F4741 
 10100      54545F45 
 10100      52525F48 
 10100      54535F4F 
 10101              	.LASF487:
 10102 41f8 4359424C 		.ascii	"CYBLE_EVT_PLXSC_NOTIFICATION\000"
 10102      455F4556 
 10102      545F504C 
 10102      5853435F 
 10102      4E4F5449 
 10103              	.LASF369:
 10104 4215 4359424C 		.ascii	"CYBLE_EVT_CSCSC_NOTIFICATION\000"
 10104      455F4556 
 10104      545F4353 
 10104      4353435F 
 10104      4E4F5449 
 10105              	.LASF505:
 10106 4232 4359424C 		.ascii	"CYBLE_EVT_RSCSC_WRITE_DESCR_RESPONSE\000"
 10106      455F4556 
 10106      545F5253 
 10106      4353435F 
 10106      57524954 
 10107              	.LASF356:
 10108 4257 4359424C 		.ascii	"CYBLE_EVT_CPSC_NOTIFICATION\000"
 10108      455F4556 
 10108      545F4350 
 10108      53435F4E 
 10108      4F544946 
 10109              	.LASF602:
 10110 4273 6379426C 		.ascii	"cyBle_pendingFlashWrite\000"
 10110      655F7065 
 10110      6E64696E 
 10110      67466C61 
 10110      73685772 
 10111              	.LASF641:
 10112 428b 4379426C 		.ascii	"CyBle_AiossSetCharacteristicValue\000"
 10112      655F4169 
 10112      6F737353 
 10112      65744368 
 10112      61726163 
 10113              	.LASF469:
 10114 42ad 4359424C 		.ascii	"CYBLE_EVT_LNSC_READ_CHAR_RESPONSE\000"
 10114      455F4556 
 10114      545F4C4E 
 10114      53435F52 
 10114      4541445F 
 10115              	.LASF240:
 10116 42cf 636F6E6E 		.ascii	"connHandle\000"
 10116      48616E64 
ARM GAS  C:\Users\Lenovo\AppData\Local\Temp\ccTXWGea.s 			page 244


 10116      6C6500
 10117              	.LASF266:
 10118 42da 4359424C 		.ascii	"CYBLE_EVT_GATTC_INDICATION\000"
 10118      455F4556 
 10118      545F4741 
 10118      5454435F 
 10118      494E4449 
 10119              	.LASF342:
 10120 42f5 4359424C 		.ascii	"CYBLE_EVT_CGMSC_INDICATION\000"
 10120      455F4556 
 10120      545F4347 
 10120      4D53435F 
 10120      494E4449 
 10121              	.LASF545:
 10122 4310 4359424C 		.ascii	"CYBLE_EVT_WPTSC_WRITE_DESCR_RESPONSE\000"
 10122      455F4556 
 10122      545F5750 
 10122      5453435F 
 10122      57524954 
 10123              	.LASF501:
 10124 4335 4359424C 		.ascii	"CYBLE_EVT_RSCSC_INDICATION\000"
 10124      455F4556 
 10124      545F5253 
 10124      4353435F 
 10124      494E4449 
 10125              	.LASF555:
 10126 4350 4359424C 		.ascii	"CYBLE_STATE_INITIALIZING\000"
 10126      455F5354 
 10126      4154455F 
 10126      494E4954 
 10126      49414C49 
 10127              	.LASF268:
 10128 4369 4359424C 		.ascii	"CYBLE_EVT_GATTC_INCL_DISCOVERY_FAILED\000"
 10128      455F4556 
 10128      545F4741 
 10128      5454435F 
 10128      494E434C 
 10129              	.LASF355:
 10130 438f 4359424C 		.ascii	"CYBLE_EVT_CPSS_CHAR_WRITE\000"
 10130      455F4556 
 10130      545F4350 
 10130      53535F43 
 10130      4841525F 
 10131              	.LASF89:
 10132 43a9 4359424C 		.ascii	"CYBLE_EVT_FLASH_CORRUPT\000"
 10132      455F4556 
 10132      545F464C 
 10132      4153485F 
 10132      434F5252 
 10133              	.LASF389:
 10134 43c1 4359424C 		.ascii	"CYBLE_EVT_ESSS_CHAR_WRITE\000"
 10134      455F4556 
 10134      545F4553 
 10134      53535F43 
 10134      4841525F 
 10135              	.LASF537:
 10136 43db 4359424C 		.ascii	"CYBLE_EVT_WPTSS_INDICATION_DISABLED\000"
ARM GAS  C:\Users\Lenovo\AppData\Local\Temp\ccTXWGea.s 			page 245


 10136      455F4556 
 10136      545F5750 
 10136      5453535F 
 10136      494E4449 
 10137              	.LASF402:
 10138 43ff 4359424C 		.ascii	"CYBLE_EVT_GLSS_WRITE_CHAR\000"
 10138      455F4556 
 10138      545F474C 
 10138      53535F57 
 10138      52495445 
 10139              	.LASF540:
 10140 4419 4359424C 		.ascii	"CYBLE_EVT_WPTSC_NOTIFICATION\000"
 10140      455F4556 
 10140      545F5750 
 10140      5453435F 
 10140      4E4F5449 
 10141              	.LASF158:
 10142 4436 61757468 		.ascii	"authErr\000"
 10142      45727200 
 10143              	.LASF39:
 10144 443e 4359424C 		.ascii	"CYBLE_EVT_GAP_NUMERIC_COMPARISON_REQUEST\000"
 10144      455F4556 
 10144      545F4741 
 10144      505F4E55 
 10144      4D455249 
 10145              	.LASF425:
 10146 4467 4359424C 		.ascii	"CYBLE_EVT_HPSC_READ_CHAR_RESPONSE\000"
 10146      455F4556 
 10146      545F4850 
 10146      53435F52 
 10146      4541445F 
 10147              	.LASF48:
 10148 4489 4359424C 		.ascii	"CYBLE_EVT_GAP_AUTH_REQ_REPLY_ERR\000"
 10148      455F4556 
 10148      545F4741 
 10148      505F4155 
 10148      54485F52 
 10149              	.LASF312:
 10150 44aa 4359424C 		.ascii	"CYBLE_EVT_BASC_READ_CHAR_RESPONSE\000"
 10150      455F4556 
 10150      545F4241 
 10150      53435F52 
 10150      4541445F 
 10151              	.LASF209:
 10152 44cc 4359424C 		.ascii	"CYBLE_GATT_ERR_INVALID_ATTRIBUTE_LEN\000"
 10152      455F4741 
 10152      54545F45 
 10152      52525F49 
 10152      4E56414C 
 10153              	.LASF6:
 10154 44f1 6C6F6E67 		.ascii	"long long int\000"
 10154      206C6F6E 
 10154      6720696E 
 10154      7400
 10155              	.LASF257:
 10156 44ff 4359424C 		.ascii	"CYBLE_AIOS_VRD\000"
 10156      455F4149 
ARM GAS  C:\Users\Lenovo\AppData\Local\Temp\ccTXWGea.s 			page 246


 10156      4F535F56 
 10156      524400
 10157              	.LASF350:
 10158 450e 4359424C 		.ascii	"CYBLE_EVT_CPSS_INDICATION_ENABLED\000"
 10158      455F4556 
 10158      545F4350 
 10158      53535F49 
 10158      4E444943 
 10159              	.LASF264:
 10160 4530 4359424C 		.ascii	"CYBLE_EVT_GATTS_INDICATION_ENABLED\000"
 10160      455F4556 
 10160      545F4741 
 10160      5454535F 
 10160      494E4449 
 10161              	.LASF37:
 10162 4553 4359424C 		.ascii	"CYBLE_EVT_GAPC_SCAN_START_STOP\000"
 10162      455F4556 
 10162      545F4741 
 10162      50435F53 
 10162      43414E5F 
 10163              	.LASF141:
 10164 4572 4359424C 		.ascii	"CYBLE_GAP_AUTH_ERROR_PAIRING_NOT_SUPPORTED\000"
 10164      455F4741 
 10164      505F4155 
 10164      54485F45 
 10164      52524F52 
 10165              	.LASF657:
 10166 459d 5350494D 		.ascii	"SPIM_Start\000"
 10166      5F537461 
 10166      727400
 10167              	.LASF70:
 10168 45a8 4359424C 		.ascii	"CYBLE_EVT_GATTS_HANDLE_VALUE_CNF\000"
 10168      455F4556 
 10168      545F4741 
 10168      5454535F 
 10168      48414E44 
 10169              	.LASF265:
 10170 45c9 4359424C 		.ascii	"CYBLE_EVT_GATTS_INDICATION_DISABLED\000"
 10170      455F4556 
 10170      545F4741 
 10170      5454535F 
 10170      494E4449 
 10171              	.LASF581:
 10172 45ed 6F757437 		.ascii	"out7seg\000"
 10172      73656700 
 10173              	.LASF104:
 10174 45f5 4359424C 		.ascii	"CYBLE_ERROR_L2CAP_PSM_WRONG_ENCODING\000"
 10174      455F4552 
 10174      524F525F 
 10174      4C324341 
 10174      505F5053 
 10175              	.LASF216:
 10176 461a 4359424C 		.ascii	"CYBLE_GATT_ERR_USER_DATA_ACCESS_NOT_PERMITTED\000"
 10176      455F4741 
 10176      54545F45 
 10176      52525F55 
 10176      5345525F 
ARM GAS  C:\Users\Lenovo\AppData\Local\Temp\ccTXWGea.s 			page 247


 10177              	.LASF142:
 10178 4648 4359424C 		.ascii	"CYBLE_GAP_AUTH_ERROR_INSUFFICIENT_ENCRYPTION_KEY_SI"
 10178      455F4741 
 10178      505F4155 
 10178      54485F45 
 10178      52524F52 
 10179 467b 5A4500   		.ascii	"ZE\000"
 10180              	.LASF410:
 10181 467e 4359424C 		.ascii	"CYBLE_EVT_HIDSS_NOTIFICATION_DISABLED\000"
 10181      455F4556 
 10181      545F4849 
 10181      4453535F 
 10181      4E4F5449 
 10182              	.LASF190:
 10183 46a4 4359424C 		.ascii	"CYBLE_GATT_HANDLE_VALUE_NTF\000"
 10183      455F4741 
 10183      54545F48 
 10183      414E444C 
 10183      455F5641 
 10184              	.LASF674:
 10185 46c0 6D61696E 		.ascii	"main.c\000"
 10185      2E6300
 10186              	.LASF156:
 10187 46c7 626F6E64 		.ascii	"bonding\000"
 10187      696E6700 
 10188              	.LASF62:
 10189 46cf 4359424C 		.ascii	"CYBLE_EVT_GATTS_WRITE_REQ\000"
 10189      455F4556 
 10189      545F4741 
 10189      5454535F 
 10189      57524954 
 10190              	.LASF514:
 10191 46e9 4359424C 		.ascii	"CYBLE_EVT_TPSS_NOTIFICATION_ENABLED\000"
 10191      455F4556 
 10191      545F5450 
 10191      53535F4E 
 10191      4F544946 
 10192              	.LASF74:
 10193 470d 4359424C 		.ascii	"CYBLE_EVT_GATTC_LONG_PROCEDURE_END\000"
 10193      455F4556 
 10193      545F4741 
 10193      5454435F 
 10193      4C4F4E47 
 10194              	.LASF329:
 10195 4730 4359424C 		.ascii	"CYBLE_EVT_BLSC_READ_CHAR_RESPONSE\000"
 10195      455F4556 
 10195      545F424C 
 10195      53435F52 
 10195      4541445F 
 10196              	.LASF56:
 10197 4752 4359424C 		.ascii	"CYBLE_EVT_GATTC_READ_BY_TYPE_RSP\000"
 10197      455F4556 
 10197      545F4741 
 10197      5454435F 
 10197      52454144 
 10198              	.LASF114:
 10199 4773 4359424C 		.ascii	"CYBLE_ERROR_HARDWARE_FAILURE\000"
ARM GAS  C:\Users\Lenovo\AppData\Local\Temp\ccTXWGea.s 			page 248


 10199      455F4552 
 10199      524F525F 
 10199      48415244 
 10199      57415245 
 10200              	.LASF83:
 10201 4790 4359424C 		.ascii	"CYBLE_EVT_L2CAP_CBFC_RX_CREDIT_IND\000"
 10201      455F4556 
 10201      545F4C32 
 10201      4341505F 
 10201      43424643 
 10202              	.LASF324:
 10203 47b3 4359424C 		.ascii	"CYBLE_EVT_BLSS_INDICATION_CONFIRMED\000"
 10203      455F4556 
 10203      545F424C 
 10203      53535F49 
 10203      4E444943 
 10204              	.LASF411:
 10205 47d7 4359424C 		.ascii	"CYBLE_EVT_HIDSS_BOOT_MODE_ENTER\000"
 10205      455F4556 
 10205      545F4849 
 10205      4453535F 
 10205      424F4F54 
 10206              	.LASF544:
 10207 47f7 4359424C 		.ascii	"CYBLE_EVT_WPTSC_READ_DESCR_RESPONSE\000"
 10207      455F4556 
 10207      545F5750 
 10207      5453435F 
 10207      52454144 
 10208              	.LASF491:
 10209 481b 4359424C 		.ascii	"CYBLE_EVT_PLXSC_READ_DESCR_RESPONSE\000"
 10209      455F4556 
 10209      545F504C 
 10209      5853435F 
 10209      52454144 
 10210              	.LASF608:
 10211 483f 70617373 		.ascii	"passkeyValue\000"
 10211      6B657956 
 10211      616C7565 
 10211      00
 10212              	.LASF417:
 10213 484c 4359424C 		.ascii	"CYBLE_EVT_HIDSC_READ_CHAR_RESPONSE\000"
 10213      455F4556 
 10213      545F4849 
 10213      4453435F 
 10213      52454144 
 10214              	.LASF41:
 10215 486f 4359424C 		.ascii	"CYBLE_EVT_GAP_OOB_GENERATED_NOTIFICATION\000"
 10215      455F4556 
 10215      545F4741 
 10215      505F4F4F 
 10215      425F4745 
 10216              	.LASF423:
 10217 4898 4359424C 		.ascii	"CYBLE_EVT_HPSS_CHAR_WRITE\000"
 10217      455F4556 
 10217      545F4850 
 10217      53535F43 
 10217      4841525F 
ARM GAS  C:\Users\Lenovo\AppData\Local\Temp\ccTXWGea.s 			page 249


 10218              	.LASF460:
 10219 48b2 4359424C 		.ascii	"CYBLE_EVT_LLSC_WRITE_CHAR_RESPONSE\000"
 10219      455F4556 
 10219      545F4C4C 
 10219      53435F57 
 10219      52495445 
 10220              	.LASF254:
 10221 48d5 4359424C 		.ascii	"CYBLE_AIOS_CHAR_EXTENDED_PROPERTIES\000"
 10221      455F4149 
 10221      4F535F43 
 10221      4841525F 
 10221      45585445 
 10222              	.LASF221:
 10223 48f9 4359424C 		.ascii	"CYBLE_GATT_ERR_MISSING_CRC\000"
 10223      455F4741 
 10223      54545F45 
 10223      52525F4D 
 10223      49535349 
 10224              	.LASF138:
 10225 4914 4359424C 		.ascii	"CYBLE_GAP_AUTH_ERROR_OOB_DATA_NOT_AVAILABLE\000"
 10225      455F4741 
 10225      505F4155 
 10225      54485F45 
 10225      52524F52 
 10226              	.LASF571:
 10227 4940 4144435F 		.ascii	"ADC_Ready\000"
 10227      52656164 
 10227      7900
 10228              	.LASF261:
 10229 494a 4359424C 		.ascii	"CYBLE_PASSKEY_ENTRY_REQUEST_REPLY\000"
 10229      455F5041 
 10229      53534B45 
 10229      595F454E 
 10229      5452595F 
 10230              	.LASF84:
 10231 496c 4359424C 		.ascii	"CYBLE_EVT_L2CAP_CBFC_TX_CREDIT_IND\000"
 10231      455F4556 
 10231      545F4C32 
 10231      4341505F 
 10231      43424643 
 10232              	.LASF286:
 10233 498f 4359424C 		.ascii	"CYBLE_EVT_AIOSC_NOTIFICATION\000"
 10233      455F4556 
 10233      545F4149 
 10233      4F53435F 
 10233      4E4F5449 
 10234              	.LASF241:
 10235 49ac 61747472 		.ascii	"attrHandle\000"
 10235      48616E64 
 10235      6C6500
 10236              	.LASF662:
 10237 49b7 43617053 		.ascii	"CapSense_Start\000"
 10237      656E7365 
 10237      5F537461 
 10237      727400
 10238              	.LASF676:
 10239 49c6 6D61696E 		.ascii	"main\000"
ARM GAS  C:\Users\Lenovo\AppData\Local\Temp\ccTXWGea.s 			page 250


 10239      00
 10240              	.LASF131:
 10241 49cb 4359424C 		.ascii	"CYBLE_GAP_SEC_LEVEL_1\000"
 10241      455F4741 
 10241      505F5345 
 10241      435F4C45 
 10241      56454C5F 
 10242              	.LASF132:
 10243 49e1 4359424C 		.ascii	"CYBLE_GAP_SEC_LEVEL_2\000"
 10243      455F4741 
 10243      505F5345 
 10243      435F4C45 
 10243      56454C5F 
 10244              	.LASF133:
 10245 49f7 4359424C 		.ascii	"CYBLE_GAP_SEC_LEVEL_3\000"
 10245      455F4741 
 10245      505F5345 
 10245      435F4C45 
 10245      56454C5F 
 10246              	.LASF134:
 10247 4a0d 4359424C 		.ascii	"CYBLE_GAP_SEC_LEVEL_4\000"
 10247      455F4741 
 10247      505F5345 
 10247      435F4C45 
 10247      56454C5F 
 10248              	.LASF236:
 10249 4a23 4359424C 		.ascii	"CYBLE_GATT_DB_ATTR_HANDLE_T\000"
 10249      455F4741 
 10249      54545F44 
 10249      425F4154 
 10249      54525F48 
 10250              	.LASF250:
 10251 4a3f 4359424C 		.ascii	"CYBLE_AIOS_CHAR_COUNT\000"
 10251      455F4149 
 10251      4F535F43 
 10251      4841525F 
 10251      434F554E 
 10252              	.LASF517:
 10253 4a55 4359424C 		.ascii	"CYBLE_EVT_TPSC_READ_CHAR_RESPONSE\000"
 10253      455F4556 
 10253      545F5450 
 10253      53435F52 
 10253      4541445F 
 10254              	.LASF617:
 10255 4a77 61646352 		.ascii	"adcResult\000"
 10255      6573756C 
 10255      7400
 10256              	.LASF187:
 10257 4a81 4359424C 		.ascii	"CYBLE_GATT_PREPARE_WRITE_RSP\000"
 10257      455F4741 
 10257      54545F50 
 10257      52455041 
 10257      52455F57 
 10258              	.LASF8:
 10259 4a9e 756E7369 		.ascii	"unsigned int\000"
 10259      676E6564 
 10259      20696E74 
ARM GAS  C:\Users\Lenovo\AppData\Local\Temp\ccTXWGea.s 			page 251


 10259      00
 10260              	.LASF667:
 10261 4aab 4144435F 		.ascii	"ADC_SAR_StartConvert\000"
 10261      5341525F 
 10261      53746172 
 10261      74436F6E 
 10261      76657274 
 10262              	.LASF43:
 10263 4ac0 4359424C 		.ascii	"CYBLE_EVT_GAP_ENHANCE_CONN_COMPLETE\000"
 10263      455F4556 
 10263      545F4741 
 10263      505F454E 
 10263      48414E43 
 10264              	.LASF529:
 10265 4ae4 4359424C 		.ascii	"CYBLE_EVT_UDSC_READ_CHAR_RESPONSE\000"
 10265      455F4556 
 10265      545F5544 
 10265      53435F52 
 10265      4541445F 
 10266              	.LASF614:
 10267 4b06 6C65644D 		.ascii	"ledMask\000"
 10267      61736B00 
 10268              	.LASF211:
 10269 4b0e 4359424C 		.ascii	"CYBLE_GATT_ERR_INSUFFICIENT_ENCRYPTION\000"
 10269      455F4741 
 10269      54545F45 
 10269      52525F49 
 10269      4E535546 
 10270              	.LASF2:
 10271 4b35 73686F72 		.ascii	"short int\000"
 10271      7420696E 
 10271      7400
 10272              	.LASF643:
 10273 4b3f 43617053 		.ascii	"CapSense_ProcessAllWidgets\000"
 10273      656E7365 
 10273      5F50726F 
 10273      63657373 
 10273      416C6C57 
 10274              	.LASF370:
 10275 4b5a 4359424C 		.ascii	"CYBLE_EVT_CSCSC_INDICATION\000"
 10275      455F4556 
 10275      545F4353 
 10275      4353435F 
 10275      494E4449 
 10276              	.LASF198:
 10277 4b75 4359424C 		.ascii	"CYBLE_GATT_ERR_READ_NOT_PERMITTED\000"
 10277      455F4741 
 10277      54545F45 
 10277      52525F52 
 10277      4541445F 
 10278              	.LASF29:
 10279 4b97 4359424C 		.ascii	"CYBLE_EVT_GAP_PASSKEY_DISPLAY_REQUEST\000"
 10279      455F4556 
 10279      545F4741 
 10279      505F5041 
 10279      53534B45 
 10280              	.LASF528:
ARM GAS  C:\Users\Lenovo\AppData\Local\Temp\ccTXWGea.s 			page 252


 10281 4bbd 4359424C 		.ascii	"CYBLE_EVT_UDSC_NOTIFICATION\000"
 10281      455F4556 
 10281      545F5544 
 10281      53435F4E 
 10281      4F544946 
 10282              	.LASF394:
 10283 4bd9 4359424C 		.ascii	"CYBLE_EVT_ESSC_WRITE_CHAR_RESPONSE\000"
 10283      455F4556 
 10283      545F4553 
 10283      53435F57 
 10283      52495445 
 10284              	.LASF235:
 10285 4bfc 4359424C 		.ascii	"CYBLE_GATT_ERR_CODE_T\000"
 10285      455F4741 
 10285      54545F45 
 10285      52525F43 
 10285      4F44455F 
 10286              	.LASF438:
 10287 4c12 4359424C 		.ascii	"CYBLE_EVT_HTSS_NOTIFICATION_DISABLED\000"
 10287      455F4556 
 10287      545F4854 
 10287      53535F4E 
 10287      4F544946 
 10288              	.LASF435:
 10289 4c37 4359424C 		.ascii	"CYBLE_EVT_HRSC_READ_DESCR_RESPONSE\000"
 10289      455F4556 
 10289      545F4852 
 10289      53435F52 
 10289      4541445F 
 10290              	.LASF379:
 10291 4c5a 4359424C 		.ascii	"CYBLE_EVT_CTSC_READ_CHAR_RESPONSE\000"
 10291      455F4556 
 10291      545F4354 
 10291      53435F52 
 10291      4541445F 
 10292              	.LASF391:
 10293 4c7c 4359424C 		.ascii	"CYBLE_EVT_ESSC_NOTIFICATION\000"
 10293      455F4556 
 10293      545F4553 
 10293      53435F4E 
 10293      4F544946 
 10294              	.LASF331:
 10295 4c98 4359424C 		.ascii	"CYBLE_EVT_BLSC_WRITE_DESCR_RESPONSE\000"
 10295      455F4556 
 10295      545F424C 
 10295      53435F57 
 10295      52495445 
 10296              	.LASF590:
 10297 4cbc 736C6964 		.ascii	"sliderPosition\000"
 10297      6572506F 
 10297      73697469 
 10297      6F6E00
 10298              	.LASF115:
 10299 4ccb 4359424C 		.ascii	"CYBLE_ERROR_UNSUPPORTED_FEATURE_OR_PARAMETER_VALUE\000"
 10299      455F4552 
 10299      524F525F 
 10299      554E5355 
ARM GAS  C:\Users\Lenovo\AppData\Local\Temp\ccTXWGea.s 			page 253


 10299      50504F52 
 10300              		.ident	"GCC: (GNU Tools for ARM Embedded Processors) 5.4.1 20160609 (release) [ARM/embedded-5-bran
