Loading plugins phase: Elapsed time ==> 0s.143ms
<CYPRESSTAG name="CyDsfit arguments...">
cydsfit arguments: -.fdsnotice -.fdswarpdepfile=warp_dependencies.txt -.fdselabdepfile=elab_dependencies.txt -.fdsbldfile=generated_files.txt -.fdsreffile=referenced_files.txt -p D:\UCU\POC\PSoC_Projects_Embedded\PSoC_LAB4\lab6-psoc-3-shevchuk-lykhanskyi\Lab_4_1_BLE_Automation_IO.cydsn\Lab_4_1_BLE_Automation_IO.cyprj -d CY8C4248LQI-BL583 -s D:\UCU\POC\PSoC_Projects_Embedded\PSoC_LAB4\lab6-psoc-3-shevchuk-lykhanskyi\Lab_4_1_BLE_Automation_IO.cydsn\Generated_Source\PSoC4 -- -yv2 -q10 -ygs -o2 -v3 -.fftcfgtype=LE
</CYPRESSTAG>
<CYPRESSTAG name="Design elaboration results...">
ADD: sdb.M0061: information: Info from component: ADC_SAR. The actual sample rate (163265 SPS) differs from the desired sample rate (166666 SPS) due to the clock configuration in the DWR.
 * D:\UCU\POC\PSoC_Projects_Embedded\PSoC_LAB4\lab6-psoc-3-shevchuk-lykhanskyi\Lab_4_1_BLE_Automation_IO.cydsn\TopDesign\TopDesign.cysch (Instance:ADC_SAR)

</CYPRESSTAG>
Elaboration phase: Elapsed time ==> 2s.092ms
<CYPRESSTAG name="HDL generation results...">
</CYPRESSTAG>
HDL generation phase: Elapsed time ==> 0s.059ms
<CYPRESSTAG name="Synthesis results...">

     | | | | | | |
   _________________
  -|               |-
  -|               |-
  -|               |-
  -|    CYPRESS    |-
  -|               |-
  -|               |-   Warp Verilog Synthesis Compiler: Version 6.3 IR 41
  -|               |-   Copyright (C) 1991-2001 Cypress Semiconductor
   |_______________|
     | | | | | | |

======================================================================
Compiling:  Lab_4_1_BLE_Automation_IO.v
Program  :   D:\PSoc\PSoC Creator\4.4\PSoC Creator\warp\bin\warp.exe
Options  :    -yv2 -q10 -ygs -o2 -v3 -.fftcfgtype=LE -ya -.fftprj=D:\UCU\POC\PSoC_Projects_Embedded\PSoC_LAB4\lab6-psoc-3-shevchuk-lykhanskyi\Lab_4_1_BLE_Automation_IO.cydsn\Lab_4_1_BLE_Automation_IO.cyprj -dcpsoc3 Lab_4_1_BLE_Automation_IO.v -verilog
======================================================================

======================================================================
Compiling:  Lab_4_1_BLE_Automation_IO.v
Program  :   D:\PSoc\PSoC Creator\4.4\PSoC Creator\warp\bin\warp.exe
Options  :    -yv2 -q10 -ygs -o2 -v3 -.fftcfgtype=LE -ya -.fftprj=D:\UCU\POC\PSoC_Projects_Embedded\PSoC_LAB4\lab6-psoc-3-shevchuk-lykhanskyi\Lab_4_1_BLE_Automation_IO.cydsn\Lab_4_1_BLE_Automation_IO.cyprj -dcpsoc3 Lab_4_1_BLE_Automation_IO.v -verilog
======================================================================

======================================================================
Compiling:  Lab_4_1_BLE_Automation_IO.v
Program  :   vlogfe
Options  :    -yv2 -q10 -ygs -o2 -v3 -.fftcfgtype=LE -ya -.fftprj=D:\UCU\POC\PSoC_Projects_Embedded\PSoC_LAB4\lab6-psoc-3-shevchuk-lykhanskyi\Lab_4_1_BLE_Automation_IO.cydsn\Lab_4_1_BLE_Automation_IO.cyprj -dcpsoc3 -verilog Lab_4_1_BLE_Automation_IO.v
======================================================================

vlogfe V6.3 IR 41:  Verilog parser
Tue Dec 09 14:28:06 2025


======================================================================
Compiling:  Lab_4_1_BLE_Automation_IO.v
Program  :   vpp
Options  :    -yv2 -q10 Lab_4_1_BLE_Automation_IO.v
======================================================================

vpp V6.3 IR 41:  Verilog Pre-Processor
Tue Dec 09 14:28:06 2025

Flattening file 'D:\PSoc\PSoC Creator\4.4\PSoC Creator\psoc\content\CyPrimitives\cyprimitives.cylib\cy_virtualmux_v1_0\cy_virtualmux_v1_0.v'
Flattening file 'D:\PSoc\PSoC Creator\4.4\PSoC Creator\psoc\content\CyPrimitives\cyprimitives.cylib\ZeroTerminal\ZeroTerminal.v'
Flattening file 'D:\PSoc\PSoC Creator\4.4\PSoC Creator\psoc\content\CyPrimitives\cyprimitives.cylib\or_v1_0\or_v1_0.v'
Flattening file 'D:\PSoc\PSoC Creator\4.4\PSoC Creator\psoc\content\CyPrimitives\cyprimitives.cylib\cy_constant_v1_0\cy_constant_v1_0.v'
Flattening file 'D:\PSoc\PSoC Creator\4.4\PSoC Creator\psoc\content\CyPrimitives\cyprimitives.cylib\OneTerminal\OneTerminal.v'
Flattening file 'D:\PSoc\PSoC Creator\4.4\PSoC Creator\psoc\content\CyPrimitives\cyprimitives.cylib\cy_analog_virtualmux_v1_0\cy_analog_virtualmux_v1_0.v'
Flattening file 'D:\PSoc\PSoC Creator\4.4\PSoC Creator\psoc\content\CyComponentLibrary\CyComponentLibrary.cylib\B_SPI_Master_v2_50\B_SPI_Master_v2_50.v'
Flattening file 'D:\PSoc\PSoC Creator\4.4\PSoC Creator\warp\lib\common\cypress.v'
Flattening file 'D:\PSoc\PSoC Creator\4.4\PSoC Creator\warp\lib\common\cy_psoc3_inc.v'
Flattening file 'D:\PSoc\PSoC Creator\4.4\PSoC Creator\psoc\content\CyComponentLibrary\CyComponentLibrary.cylib\B_PWM_v3_30\B_PWM_v3_30.v'
Flattening file 'D:\PSoc\PSoC Creator\4.4\PSoC Creator\warp\lib\common\cypress.v'
Flattening file 'D:\PSoc\PSoC Creator\4.4\PSoC Creator\psoc\content\CyComponentLibrary\CyComponentLibrary.cylib\Bus_Connect_v2_50\Bus_Connect_v2_50.v'
Flattening file 'D:\PSoc\PSoC Creator\4.4\PSoC Creator\warp\lib\common\cypress.v'

vpp:  No errors.

Library 'work' => directory 'lcpsoc3'
General_symbol_table
General_symbol_table
Linking 'D:\PSoc\PSoC Creator\4.4\PSoC Creator\warp\lib\common\std.vhd'.
Linking 'D:\PSoc\PSoC Creator\4.4\PSoC Creator\warp\lib\common\cypress.vhd'.
Linking 'D:\PSoc\PSoC Creator\4.4\PSoC Creator\warp\lib\common\work\cypress.vif'.
Linking 'D:\PSoc\PSoC Creator\4.4\PSoC Creator\warp\lib\ieee\work\stdlogic.vif'.
Linking 'D:\PSoc\PSoC Creator\4.4\PSoC Creator\warp\lib\common\stdlogic\lpmpkg.vif'.
Linking 'D:\PSoc\PSoC Creator\4.4\PSoC Creator\warp\lib\common\stdlogic\rtlpkg.vif'.
Linking 'D:\PSoc\PSoC Creator\4.4\PSoC Creator\warp\lib\common\stdlogic\mod_cnst.vif'.
Linking 'D:\PSoc\PSoC Creator\4.4\PSoC Creator\warp\lib\common\stdlogic\mod_mthv.vif'.
Linking 'D:\PSoc\PSoC Creator\4.4\PSoC Creator\warp\lib\common\stdlogic\mod_genv.vif'.
Using control file 'Lab_4_1_BLE_Automation_IO.ctl'.
D:\PSoc\PSoC Creator\4.4\PSoC Creator\psoc\content\CyComponentLibrary\CyComponentLibrary.cylib\B_PWM_v3_30\B_PWM_v3_30.v (line 947, col 46):  Note: Substituting module 'sub_vi_vv' for '-'.
D:\PSoc\PSoC Creator\4.4\PSoC Creator\psoc\content\CyComponentLibrary\CyComponentLibrary.cylib\B_PWM_v3_30\B_PWM_v3_30.v (line 977, col 46):  Note: Substituting module 'add_vi_vv' for '+'.
Linking 'D:\PSoc\PSoC Creator\4.4\PSoC Creator\warp\lib\common\stdlogic\cy_psoc3pkg.vif'.
Linking 'D:\PSoc\PSoC Creator\4.4\PSoC Creator\warp\lib\common\stdlogic\cy_psoc3.vif'.

vlogfe:  No errors.


======================================================================
Compiling:  Lab_4_1_BLE_Automation_IO.v
Program  :   tovif
Options  :    -yv2 -q10 -ygs -o2 -v3 -.fftcfgtype=LE -ya -.fftprj=D:\UCU\POC\PSoC_Projects_Embedded\PSoC_LAB4\lab6-psoc-3-shevchuk-lykhanskyi\Lab_4_1_BLE_Automation_IO.cydsn\Lab_4_1_BLE_Automation_IO.cyprj -dcpsoc3 -verilog Lab_4_1_BLE_Automation_IO.v
======================================================================

tovif V6.3 IR 41:  High-level synthesis
Tue Dec 09 14:28:07 2025

Linking 'D:\PSoc\PSoC Creator\4.4\PSoC Creator\warp\lib\common\std.vhd'.
Linking 'D:\PSoc\PSoC Creator\4.4\PSoC Creator\warp\lib\common\cypress.vhd'.
Linking 'D:\PSoc\PSoC Creator\4.4\PSoC Creator\warp\lib\common\work\cypress.vif'.
Linking 'D:\PSoc\PSoC Creator\4.4\PSoC Creator\warp\lib\ieee\work\stdlogic.vif'.
Linking 'D:\PSoc\PSoC Creator\4.4\PSoC Creator\warp\lib\common\stdlogic\lpmpkg.vif'.
Linking 'D:\PSoc\PSoC Creator\4.4\PSoC Creator\warp\lib\common\stdlogic\rtlpkg.vif'.
Linking 'D:\PSoc\PSoC Creator\4.4\PSoC Creator\warp\lib\common\stdlogic\mod_cnst.vif'.
Linking 'D:\PSoc\PSoC Creator\4.4\PSoC Creator\warp\lib\common\stdlogic\mod_mthv.vif'.
Linking 'D:\PSoc\PSoC Creator\4.4\PSoC Creator\warp\lib\common\stdlogic\mod_genv.vif'.
Linking 'D:\UCU\POC\PSoC_Projects_Embedded\PSoC_LAB4\lab6-psoc-3-shevchuk-lykhanskyi\Lab_4_1_BLE_Automation_IO.cydsn\codegentemp\Lab_4_1_BLE_Automation_IO.ctl'.
Linking 'D:\PSoc\PSoC Creator\4.4\PSoC Creator\psoc\content\CyPrimitives\cyprimitives.cylib\cy_virtualmux_v1_0\cy_virtualmux_v1_0.v'.
Linking 'D:\UCU\POC\PSoC_Projects_Embedded\PSoC_LAB4\lab6-psoc-3-shevchuk-lykhanskyi\Lab_4_1_BLE_Automation_IO.cydsn\codegentemp\Lab_4_1_BLE_Automation_IO.v'.
Linking 'D:\PSoc\PSoC Creator\4.4\PSoC Creator\psoc\content\CyPrimitives\cyprimitives.cylib\ZeroTerminal\ZeroTerminal.v'.
Linking 'D:\PSoc\PSoC Creator\4.4\PSoC Creator\psoc\content\CyPrimitives\cyprimitives.cylib\or_v1_0\or_v1_0.v'.
Linking 'D:\PSoc\PSoC Creator\4.4\PSoC Creator\psoc\content\CyPrimitives\cyprimitives.cylib\cy_constant_v1_0\cy_constant_v1_0.v'.
Linking 'D:\PSoc\PSoC Creator\4.4\PSoC Creator\psoc\content\CyPrimitives\cyprimitives.cylib\OneTerminal\OneTerminal.v'.
Linking 'D:\PSoc\PSoC Creator\4.4\PSoC Creator\psoc\content\CyPrimitives\cyprimitives.cylib\cy_analog_virtualmux_v1_0\cy_analog_virtualmux_v1_0.v'.
Linking 'D:\PSoc\PSoC Creator\4.4\PSoC Creator\psoc\content\CyComponentLibrary\CyComponentLibrary.cylib\B_SPI_Master_v2_50\B_SPI_Master_v2_50.v'.
Linking 'D:\PSoc\PSoC Creator\4.4\PSoC Creator\warp\lib\common\cypress.v'.
Linking 'D:\PSoc\PSoC Creator\4.4\PSoC Creator\warp\lib\common\cy_psoc3_inc.v'.
Linking 'D:\PSoc\PSoC Creator\4.4\PSoC Creator\psoc\content\CyComponentLibrary\CyComponentLibrary.cylib\B_PWM_v3_30\B_PWM_v3_30.v'.
Linking 'D:\PSoc\PSoC Creator\4.4\PSoC Creator\psoc\content\CyComponentLibrary\CyComponentLibrary.cylib\Bus_Connect_v2_50\Bus_Connect_v2_50.v'.
Linking 'D:\PSoc\PSoC Creator\4.4\PSoC Creator\warp\lib\common\stdlogic\cy_psoc3pkg.vif'.
Linking 'D:\PSoc\PSoC Creator\4.4\PSoC Creator\warp\lib\common\stdlogic\cy_psoc3.vif'.
Linking 'D:\PSoc\PSoC Creator\4.4\PSoC Creator\warp\lib\lcpsoc3\stdlogic\mod_cnst.vif'.

tovif:  No errors.


======================================================================
Compiling:  Lab_4_1_BLE_Automation_IO.v
Program  :   topld
Options  :    -yv2 -q10 -ygs -o2 -v3 -.fftcfgtype=LE -ya -.fftprj=D:\UCU\POC\PSoC_Projects_Embedded\PSoC_LAB4\lab6-psoc-3-shevchuk-lykhanskyi\Lab_4_1_BLE_Automation_IO.cydsn\Lab_4_1_BLE_Automation_IO.cyprj -dcpsoc3 -verilog Lab_4_1_BLE_Automation_IO.v
======================================================================

topld V6.3 IR 41:  Synthesis and optimization
Tue Dec 09 14:28:07 2025

Linking 'D:\PSoc\PSoC Creator\4.4\PSoC Creator\warp\lib\common\std.vhd'.
Linking 'D:\PSoc\PSoC Creator\4.4\PSoC Creator\warp\lib\common\cypress.vhd'.
Linking 'D:\PSoc\PSoC Creator\4.4\PSoC Creator\warp\lib\common\work\cypress.vif'.
Linking 'D:\PSoc\PSoC Creator\4.4\PSoC Creator\warp\lib\ieee\work\stdlogic.vif'.
Linking 'D:\PSoc\PSoC Creator\4.4\PSoC Creator\warp\lib\common\stdlogic\lpmpkg.vif'.
Linking 'D:\PSoc\PSoC Creator\4.4\PSoC Creator\warp\lib\common\stdlogic\rtlpkg.vif'.
Linking 'D:\PSoc\PSoC Creator\4.4\PSoC Creator\warp\lib\common\stdlogic\mod_cnst.vif'.
Linking 'D:\PSoc\PSoC Creator\4.4\PSoC Creator\warp\lib\common\stdlogic\mod_mthv.vif'.
Linking 'D:\PSoc\PSoC Creator\4.4\PSoC Creator\warp\lib\common\stdlogic\mod_genv.vif'.
Linking 'D:\UCU\POC\PSoC_Projects_Embedded\PSoC_LAB4\lab6-psoc-3-shevchuk-lykhanskyi\Lab_4_1_BLE_Automation_IO.cydsn\codegentemp\Lab_4_1_BLE_Automation_IO.ctl'.
Linking 'D:\PSoc\PSoC Creator\4.4\PSoC Creator\psoc\content\CyPrimitives\cyprimitives.cylib\cy_virtualmux_v1_0\cy_virtualmux_v1_0.v'.
Linking 'D:\UCU\POC\PSoC_Projects_Embedded\PSoC_LAB4\lab6-psoc-3-shevchuk-lykhanskyi\Lab_4_1_BLE_Automation_IO.cydsn\codegentemp\Lab_4_1_BLE_Automation_IO.v'.
Linking 'D:\PSoc\PSoC Creator\4.4\PSoC Creator\psoc\content\CyPrimitives\cyprimitives.cylib\ZeroTerminal\ZeroTerminal.v'.
Linking 'D:\PSoc\PSoC Creator\4.4\PSoC Creator\psoc\content\CyPrimitives\cyprimitives.cylib\or_v1_0\or_v1_0.v'.
Linking 'D:\PSoc\PSoC Creator\4.4\PSoC Creator\psoc\content\CyPrimitives\cyprimitives.cylib\cy_constant_v1_0\cy_constant_v1_0.v'.
Linking 'D:\PSoc\PSoC Creator\4.4\PSoC Creator\psoc\content\CyPrimitives\cyprimitives.cylib\OneTerminal\OneTerminal.v'.
Linking 'D:\PSoc\PSoC Creator\4.4\PSoC Creator\psoc\content\CyPrimitives\cyprimitives.cylib\cy_analog_virtualmux_v1_0\cy_analog_virtualmux_v1_0.v'.
Linking 'D:\PSoc\PSoC Creator\4.4\PSoC Creator\psoc\content\CyComponentLibrary\CyComponentLibrary.cylib\B_SPI_Master_v2_50\B_SPI_Master_v2_50.v'.
Linking 'D:\PSoc\PSoC Creator\4.4\PSoC Creator\warp\lib\common\cypress.v'.
Linking 'D:\PSoc\PSoC Creator\4.4\PSoC Creator\warp\lib\common\cy_psoc3_inc.v'.
Linking 'D:\PSoc\PSoC Creator\4.4\PSoC Creator\psoc\content\CyComponentLibrary\CyComponentLibrary.cylib\B_PWM_v3_30\B_PWM_v3_30.v'.
Linking 'D:\PSoc\PSoC Creator\4.4\PSoC Creator\psoc\content\CyComponentLibrary\CyComponentLibrary.cylib\Bus_Connect_v2_50\Bus_Connect_v2_50.v'.
Linking 'D:\PSoc\PSoC Creator\4.4\PSoC Creator\warp\lib\common\stdlogic\cy_psoc3pkg.vif'.
Linking 'D:\PSoc\PSoC Creator\4.4\PSoC Creator\warp\lib\common\stdlogic\cy_psoc3.vif'.
Linking 'D:\PSoc\PSoC Creator\4.4\PSoC Creator\warp\lib\lcpsoc3\stdlogic\mod_cnst.vif'.
Linking 'D:\PSoc\PSoC Creator\4.4\PSoC Creator\warp\lib\lcpsoc3\stdlogic\cpsoc3.vif'.

----------------------------------------------------------
Detecting unused logic.
----------------------------------------------------------
    User names
	\UART_DEB:Net_1257\
	\UART_DEB:uncfg_rx_irq\
	\UART_DEB:Net_1099\
	\UART_DEB:Net_1258\
	Net_228
	Net_229
	Net_230
	Net_231
	Net_232
	Net_233
	Net_219
	Net_239
	Net_234
	Net_236
	Net_241
	\BLE_1:Net_55\
	\CapSense:Net_1664\
	\CapSense:Net_1665\
	Net_253
	\SPIM:BSPIM:mosi_after_ld\
	\SPIM:BSPIM:so_send\
	\SPIM:BSPIM:mosi_fin\
	\SPIM:BSPIM:mosi_cpha_0\
	\SPIM:BSPIM:mosi_cpha_1\
	\SPIM:BSPIM:pre_mosi\
	\SPIM:BSPIM:dpcounter_zero\
	\SPIM:BSPIM:control_7\
	\SPIM:BSPIM:control_6\
	\SPIM:BSPIM:control_5\
	\SPIM:BSPIM:control_4\
	\SPIM:BSPIM:control_3\
	\SPIM:BSPIM:control_2\
	\SPIM:BSPIM:control_1\
	\SPIM:BSPIM:control_0\
	\SPIM:Net_294\
	\PWM:PWMUDB:km_run\
	\PWM:PWMUDB:ctrl_cmpmode2_2\
	\PWM:PWMUDB:ctrl_cmpmode2_1\
	\PWM:PWMUDB:ctrl_cmpmode2_0\
	\PWM:PWMUDB:ctrl_cmpmode1_2\
	\PWM:PWMUDB:ctrl_cmpmode1_1\
	\PWM:PWMUDB:ctrl_cmpmode1_0\
	\PWM:PWMUDB:capt_rising\
	\PWM:PWMUDB:capt_falling\
	\PWM:PWMUDB:trig_rise\
	\PWM:PWMUDB:trig_fall\
	\PWM:PWMUDB:sc_kill\
	\PWM:PWMUDB:min_kill\
	\PWM:PWMUDB:db_tc\
	\PWM:PWMUDB:dith_sel\
	\PWM:PWMUDB:compare2\
	Net_2284
	Net_2285
	Net_2286
	\PWM:PWMUDB:cmp2\
	\PWM:PWMUDB:MODULE_1:b_31\
	\PWM:PWMUDB:MODULE_1:b_30\
	\PWM:PWMUDB:MODULE_1:b_29\
	\PWM:PWMUDB:MODULE_1:b_28\
	\PWM:PWMUDB:MODULE_1:b_27\
	\PWM:PWMUDB:MODULE_1:b_26\
	\PWM:PWMUDB:MODULE_1:b_25\
	\PWM:PWMUDB:MODULE_1:b_24\
	\PWM:PWMUDB:MODULE_1:b_23\
	\PWM:PWMUDB:MODULE_1:b_22\
	\PWM:PWMUDB:MODULE_1:b_21\
	\PWM:PWMUDB:MODULE_1:b_20\
	\PWM:PWMUDB:MODULE_1:b_19\
	\PWM:PWMUDB:MODULE_1:b_18\
	\PWM:PWMUDB:MODULE_1:b_17\
	\PWM:PWMUDB:MODULE_1:b_16\
	\PWM:PWMUDB:MODULE_1:b_15\
	\PWM:PWMUDB:MODULE_1:b_14\
	\PWM:PWMUDB:MODULE_1:b_13\
	\PWM:PWMUDB:MODULE_1:b_12\
	\PWM:PWMUDB:MODULE_1:b_11\
	\PWM:PWMUDB:MODULE_1:b_10\
	\PWM:PWMUDB:MODULE_1:b_9\
	\PWM:PWMUDB:MODULE_1:b_8\
	\PWM:PWMUDB:MODULE_1:b_7\
	\PWM:PWMUDB:MODULE_1:b_6\
	\PWM:PWMUDB:MODULE_1:b_5\
	\PWM:PWMUDB:MODULE_1:b_4\
	\PWM:PWMUDB:MODULE_1:b_3\
	\PWM:PWMUDB:MODULE_1:b_2\
	\PWM:PWMUDB:MODULE_1:b_1\
	\PWM:PWMUDB:MODULE_1:b_0\
	\PWM:PWMUDB:MODULE_1:g2:a0:a_31\
	\PWM:PWMUDB:MODULE_1:g2:a0:a_30\
	\PWM:PWMUDB:MODULE_1:g2:a0:a_29\
	\PWM:PWMUDB:MODULE_1:g2:a0:a_28\
	\PWM:PWMUDB:MODULE_1:g2:a0:a_27\
	\PWM:PWMUDB:MODULE_1:g2:a0:a_26\
	\PWM:PWMUDB:MODULE_1:g2:a0:a_25\
	\PWM:PWMUDB:MODULE_1:g2:a0:a_24\
	\PWM:PWMUDB:MODULE_1:g2:a0:b_31\
	\PWM:PWMUDB:MODULE_1:g2:a0:b_30\
	\PWM:PWMUDB:MODULE_1:g2:a0:b_29\
	\PWM:PWMUDB:MODULE_1:g2:a0:b_28\
	\PWM:PWMUDB:MODULE_1:g2:a0:b_27\
	\PWM:PWMUDB:MODULE_1:g2:a0:b_26\
	\PWM:PWMUDB:MODULE_1:g2:a0:b_25\
	\PWM:PWMUDB:MODULE_1:g2:a0:b_24\
	\PWM:PWMUDB:MODULE_1:g2:a0:b_23\
	\PWM:PWMUDB:MODULE_1:g2:a0:b_22\
	\PWM:PWMUDB:MODULE_1:g2:a0:b_21\
	\PWM:PWMUDB:MODULE_1:g2:a0:b_20\
	\PWM:PWMUDB:MODULE_1:g2:a0:b_19\
	\PWM:PWMUDB:MODULE_1:g2:a0:b_18\
	\PWM:PWMUDB:MODULE_1:g2:a0:b_17\
	\PWM:PWMUDB:MODULE_1:g2:a0:b_16\
	\PWM:PWMUDB:MODULE_1:g2:a0:b_15\
	\PWM:PWMUDB:MODULE_1:g2:a0:b_14\
	\PWM:PWMUDB:MODULE_1:g2:a0:b_13\
	\PWM:PWMUDB:MODULE_1:g2:a0:b_12\
	\PWM:PWMUDB:MODULE_1:g2:a0:b_11\
	\PWM:PWMUDB:MODULE_1:g2:a0:b_10\
	\PWM:PWMUDB:MODULE_1:g2:a0:b_9\
	\PWM:PWMUDB:MODULE_1:g2:a0:b_8\
	\PWM:PWMUDB:MODULE_1:g2:a0:b_7\
	\PWM:PWMUDB:MODULE_1:g2:a0:b_6\
	\PWM:PWMUDB:MODULE_1:g2:a0:b_5\
	\PWM:PWMUDB:MODULE_1:g2:a0:b_4\
	\PWM:PWMUDB:MODULE_1:g2:a0:b_3\
	\PWM:PWMUDB:MODULE_1:g2:a0:b_2\
	\PWM:PWMUDB:MODULE_1:g2:a0:b_1\
	\PWM:PWMUDB:MODULE_1:g2:a0:b_0\
	\PWM:PWMUDB:MODULE_1:g2:a0:s_31\
	\PWM:PWMUDB:MODULE_1:g2:a0:s_30\
	\PWM:PWMUDB:MODULE_1:g2:a0:s_29\
	\PWM:PWMUDB:MODULE_1:g2:a0:s_28\
	\PWM:PWMUDB:MODULE_1:g2:a0:s_27\
	\PWM:PWMUDB:MODULE_1:g2:a0:s_26\
	\PWM:PWMUDB:MODULE_1:g2:a0:s_25\
	\PWM:PWMUDB:MODULE_1:g2:a0:s_24\
	\PWM:PWMUDB:MODULE_1:g2:a0:s_23\
	\PWM:PWMUDB:MODULE_1:g2:a0:s_22\
	\PWM:PWMUDB:MODULE_1:g2:a0:s_21\
	\PWM:PWMUDB:MODULE_1:g2:a0:s_20\
	\PWM:PWMUDB:MODULE_1:g2:a0:s_19\
	\PWM:PWMUDB:MODULE_1:g2:a0:s_18\
	\PWM:PWMUDB:MODULE_1:g2:a0:s_17\
	\PWM:PWMUDB:MODULE_1:g2:a0:s_16\
	\PWM:PWMUDB:MODULE_1:g2:a0:s_15\
	\PWM:PWMUDB:MODULE_1:g2:a0:s_14\
	\PWM:PWMUDB:MODULE_1:g2:a0:s_13\
	\PWM:PWMUDB:MODULE_1:g2:a0:s_12\
	\PWM:PWMUDB:MODULE_1:g2:a0:s_11\
	\PWM:PWMUDB:MODULE_1:g2:a0:s_10\
	\PWM:PWMUDB:MODULE_1:g2:a0:s_9\
	\PWM:PWMUDB:MODULE_1:g2:a0:s_8\
	\PWM:PWMUDB:MODULE_1:g2:a0:s_7\
	\PWM:PWMUDB:MODULE_1:g2:a0:s_6\
	\PWM:PWMUDB:MODULE_1:g2:a0:s_5\
	\PWM:PWMUDB:MODULE_1:g2:a0:s_4\
	\PWM:PWMUDB:MODULE_1:g2:a0:s_3\
	\PWM:PWMUDB:MODULE_1:g2:a0:s_2\
	\PWM:PWMUDB:MODULE_1:g2:a0:g1:z1:s0:g1:u0:c_31\
	\PWM:PWMUDB:MODULE_1:g2:a0:g1:z1:s0:g1:u0:c_30\
	\PWM:PWMUDB:MODULE_1:g2:a0:g1:z1:s0:g1:u0:c_29\
	\PWM:PWMUDB:MODULE_1:g2:a0:g1:z1:s0:g1:u0:c_28\
	\PWM:PWMUDB:MODULE_1:g2:a0:g1:z1:s0:g1:u0:c_27\
	\PWM:PWMUDB:MODULE_1:g2:a0:g1:z1:s0:g1:u0:c_26\
	\PWM:PWMUDB:MODULE_1:g2:a0:g1:z1:s0:g1:u0:c_25\
	\PWM:Net_139\
	\PWM:Net_138\
	\PWM:Net_183\
	\PWM:Net_181\
	\ADC_SAR:Net_3125\
	\ADC_SAR:Net_3126\

    Synthesized names
	\PWM:PWMUDB:add_vi_vv_MODGEN_1_31\
	\PWM:PWMUDB:add_vi_vv_MODGEN_1_30\
	\PWM:PWMUDB:add_vi_vv_MODGEN_1_29\
	\PWM:PWMUDB:add_vi_vv_MODGEN_1_28\
	\PWM:PWMUDB:add_vi_vv_MODGEN_1_27\
	\PWM:PWMUDB:add_vi_vv_MODGEN_1_26\
	\PWM:PWMUDB:add_vi_vv_MODGEN_1_25\
	\PWM:PWMUDB:add_vi_vv_MODGEN_1_24\
	\PWM:PWMUDB:add_vi_vv_MODGEN_1_23\
	\PWM:PWMUDB:add_vi_vv_MODGEN_1_22\
	\PWM:PWMUDB:add_vi_vv_MODGEN_1_21\
	\PWM:PWMUDB:add_vi_vv_MODGEN_1_20\
	\PWM:PWMUDB:add_vi_vv_MODGEN_1_19\
	\PWM:PWMUDB:add_vi_vv_MODGEN_1_18\
	\PWM:PWMUDB:add_vi_vv_MODGEN_1_17\
	\PWM:PWMUDB:add_vi_vv_MODGEN_1_16\
	\PWM:PWMUDB:add_vi_vv_MODGEN_1_15\
	\PWM:PWMUDB:add_vi_vv_MODGEN_1_14\
	\PWM:PWMUDB:add_vi_vv_MODGEN_1_13\
	\PWM:PWMUDB:add_vi_vv_MODGEN_1_12\
	\PWM:PWMUDB:add_vi_vv_MODGEN_1_11\
	\PWM:PWMUDB:add_vi_vv_MODGEN_1_10\
	\PWM:PWMUDB:add_vi_vv_MODGEN_1_9\
	\PWM:PWMUDB:add_vi_vv_MODGEN_1_8\
	\PWM:PWMUDB:add_vi_vv_MODGEN_1_7\
	\PWM:PWMUDB:add_vi_vv_MODGEN_1_6\
	\PWM:PWMUDB:add_vi_vv_MODGEN_1_5\
	\PWM:PWMUDB:add_vi_vv_MODGEN_1_4\
	\PWM:PWMUDB:add_vi_vv_MODGEN_1_3\
	\PWM:PWMUDB:add_vi_vv_MODGEN_1_2\

Deleted 170 User equations/components.
Deleted 30 Synthesized equations/components.

------------------------------------------------------
Alias Detection
------------------------------------------------------
Aliasing \UART_DEB:sclk_s_wire\ to \UART_DEB:select_s_wire\
Aliasing \UART_DEB:mosi_s_wire\ to \UART_DEB:select_s_wire\
Aliasing \UART_DEB:miso_m_wire\ to \UART_DEB:select_s_wire\
Aliasing zero to \UART_DEB:select_s_wire\
Aliasing one to \UART_DEB:tmpOE__tx_net_0\
Aliasing \UART_DEB:tmpOE__rx_net_0\ to \UART_DEB:tmpOE__tx_net_0\
Aliasing \UART_DEB:cts_wire\ to \UART_DEB:select_s_wire\
Aliasing tmpOE__Digtal_Output_LED_net_0 to \UART_DEB:tmpOE__tx_net_0\
Aliasing tmpOE__Advertising_LED_net_0 to \UART_DEB:tmpOE__tx_net_0\
Aliasing \CapSense:Net_1919\ to \UART_DEB:select_s_wire\
Aliasing \CapSense:Net_1921\ to \UART_DEB:select_s_wire\
Aliasing \CapSense:tmpOE__Cmod_net_0\ to \UART_DEB:tmpOE__tx_net_0\
Aliasing \CapSense:tmpOE__Sns_net_4\ to \UART_DEB:tmpOE__tx_net_0\
Aliasing \CapSense:tmpOE__Sns_net_3\ to \UART_DEB:tmpOE__tx_net_0\
Aliasing \CapSense:tmpOE__Sns_net_2\ to \UART_DEB:tmpOE__tx_net_0\
Aliasing \CapSense:tmpOE__Sns_net_1\ to \UART_DEB:tmpOE__tx_net_0\
Aliasing \CapSense:tmpOE__Sns_net_0\ to \UART_DEB:tmpOE__tx_net_0\
Aliasing \CapSense:IDACMod:Net_3\ to \UART_DEB:tmpOE__tx_net_0\
Aliasing tmpOE__SW2_net_0 to \UART_DEB:tmpOE__tx_net_0\
Aliasing tmpOE__Pin_SPI_SCLK_net_0 to \UART_DEB:tmpOE__tx_net_0\
Aliasing tmpOE__Pin_SPI_MOSI_net_0 to \UART_DEB:tmpOE__tx_net_0\
Aliasing \SPIM:BSPIM:pol_supprt\ to \UART_DEB:select_s_wire\
Aliasing \SPIM:BSPIM:tx_status_3\ to \SPIM:BSPIM:load_rx_data\
Aliasing \SPIM:BSPIM:tx_status_6\ to \UART_DEB:select_s_wire\
Aliasing \SPIM:BSPIM:tx_status_5\ to \UART_DEB:select_s_wire\
Aliasing \SPIM:BSPIM:rx_status_3\ to \UART_DEB:select_s_wire\
Aliasing \SPIM:BSPIM:rx_status_2\ to \UART_DEB:select_s_wire\
Aliasing \SPIM:BSPIM:rx_status_1\ to \UART_DEB:select_s_wire\
Aliasing \SPIM:BSPIM:rx_status_0\ to \UART_DEB:select_s_wire\
Aliasing Net_251 to \UART_DEB:select_s_wire\
Aliasing \SPIM:Net_289\ to \UART_DEB:select_s_wire\
Aliasing tmpOE__LED_D_net_3 to \UART_DEB:tmpOE__tx_net_0\
Aliasing tmpOE__LED_D_net_2 to \UART_DEB:tmpOE__tx_net_0\
Aliasing tmpOE__LED_D_net_1 to \UART_DEB:tmpOE__tx_net_0\
Aliasing tmpOE__LED_D_net_0 to \UART_DEB:tmpOE__tx_net_0\
Aliasing Net_643 to \UART_DEB:select_s_wire\
Aliasing tmpOE__Pin_SPI_SS_net_0 to \UART_DEB:tmpOE__tx_net_0\
Aliasing tmpOE__Pin_Buttons_net_2 to \UART_DEB:tmpOE__tx_net_0\
Aliasing tmpOE__Pin_Buttons_net_1 to \UART_DEB:tmpOE__tx_net_0\
Aliasing tmpOE__Pin_Buttons_net_0 to \UART_DEB:tmpOE__tx_net_0\
Aliasing \PWM:Net_180\ to \UART_DEB:select_s_wire\
Aliasing \PWM:PWMUDB:hwCapture\ to \UART_DEB:select_s_wire\
Aliasing \PWM:Net_178\ to \UART_DEB:select_s_wire\
Aliasing \PWM:PWMUDB:trig_out\ to \UART_DEB:tmpOE__tx_net_0\
Aliasing \PWM:PWMUDB:runmode_enable\\S\ to \UART_DEB:select_s_wire\
Aliasing \PWM:Net_179\ to \UART_DEB:tmpOE__tx_net_0\
Aliasing \PWM:PWMUDB:ltch_kill_reg\\R\ to \PWM:PWMUDB:runmode_enable\\R\
Aliasing \PWM:PWMUDB:ltch_kill_reg\\S\ to \UART_DEB:select_s_wire\
Aliasing \PWM:PWMUDB:km_tc\ to \UART_DEB:select_s_wire\
Aliasing \PWM:PWMUDB:min_kill_reg\\R\ to \PWM:PWMUDB:runmode_enable\\R\
Aliasing \PWM:PWMUDB:min_kill_reg\\S\ to \UART_DEB:select_s_wire\
Aliasing \PWM:PWMUDB:final_kill\ to \UART_DEB:tmpOE__tx_net_0\
Aliasing \PWM:PWMUDB:dith_count_1\\R\ to \PWM:PWMUDB:runmode_enable\\R\
Aliasing \PWM:PWMUDB:dith_count_1\\S\ to \UART_DEB:select_s_wire\
Aliasing \PWM:PWMUDB:dith_count_0\\R\ to \PWM:PWMUDB:runmode_enable\\R\
Aliasing \PWM:PWMUDB:dith_count_0\\S\ to \UART_DEB:select_s_wire\
Aliasing \PWM:PWMUDB:cs_addr_0\ to \PWM:PWMUDB:runmode_enable\\R\
Aliasing \PWM:PWMUDB:pwm1_i\ to \UART_DEB:select_s_wire\
Aliasing \PWM:PWMUDB:pwm2_i\ to \UART_DEB:select_s_wire\
Aliasing \PWM:PWMUDB:MODULE_1:g2:a0:a_23\ to \UART_DEB:select_s_wire\
Aliasing \PWM:PWMUDB:MODULE_1:g2:a0:a_22\ to \UART_DEB:select_s_wire\
Aliasing \PWM:PWMUDB:MODULE_1:g2:a0:a_21\ to \UART_DEB:select_s_wire\
Aliasing \PWM:PWMUDB:MODULE_1:g2:a0:a_20\ to \UART_DEB:select_s_wire\
Aliasing \PWM:PWMUDB:MODULE_1:g2:a0:a_19\ to \UART_DEB:select_s_wire\
Aliasing \PWM:PWMUDB:MODULE_1:g2:a0:a_18\ to \UART_DEB:select_s_wire\
Aliasing \PWM:PWMUDB:MODULE_1:g2:a0:a_17\ to \UART_DEB:select_s_wire\
Aliasing \PWM:PWMUDB:MODULE_1:g2:a0:a_16\ to \UART_DEB:select_s_wire\
Aliasing \PWM:PWMUDB:MODULE_1:g2:a0:a_15\ to \UART_DEB:select_s_wire\
Aliasing \PWM:PWMUDB:MODULE_1:g2:a0:a_14\ to \UART_DEB:select_s_wire\
Aliasing \PWM:PWMUDB:MODULE_1:g2:a0:a_13\ to \UART_DEB:select_s_wire\
Aliasing \PWM:PWMUDB:MODULE_1:g2:a0:a_12\ to \UART_DEB:select_s_wire\
Aliasing \PWM:PWMUDB:MODULE_1:g2:a0:a_11\ to \UART_DEB:select_s_wire\
Aliasing \PWM:PWMUDB:MODULE_1:g2:a0:a_10\ to \UART_DEB:select_s_wire\
Aliasing \PWM:PWMUDB:MODULE_1:g2:a0:a_9\ to \UART_DEB:select_s_wire\
Aliasing \PWM:PWMUDB:MODULE_1:g2:a0:a_8\ to \UART_DEB:select_s_wire\
Aliasing \PWM:PWMUDB:MODULE_1:g2:a0:a_7\ to \UART_DEB:select_s_wire\
Aliasing \PWM:PWMUDB:MODULE_1:g2:a0:a_6\ to \UART_DEB:select_s_wire\
Aliasing \PWM:PWMUDB:MODULE_1:g2:a0:a_5\ to \UART_DEB:select_s_wire\
Aliasing \PWM:PWMUDB:MODULE_1:g2:a0:a_4\ to \UART_DEB:select_s_wire\
Aliasing \PWM:PWMUDB:MODULE_1:g2:a0:a_3\ to \UART_DEB:select_s_wire\
Aliasing \PWM:PWMUDB:MODULE_1:g2:a0:a_2\ to \UART_DEB:select_s_wire\
Aliasing \PWM:PWMUDB:MODULE_1:g2:a0:g1:z1:s0:g1:u0:b_0\ to \UART_DEB:tmpOE__tx_net_0\
Aliasing \ADC_SAR:Net_3107\ to \UART_DEB:select_s_wire\
Aliasing \ADC_SAR:Net_3106\ to \UART_DEB:select_s_wire\
Aliasing \ADC_SAR:Net_3105\ to \UART_DEB:select_s_wire\
Aliasing \ADC_SAR:Net_3104\ to \UART_DEB:select_s_wire\
Aliasing \ADC_SAR:Net_3103\ to \UART_DEB:select_s_wire\
Aliasing \ADC_SAR:Net_3207_1\ to \UART_DEB:select_s_wire\
Aliasing \ADC_SAR:Net_3207_0\ to \UART_DEB:select_s_wire\
Aliasing \ADC_SAR:Net_3235\ to \UART_DEB:select_s_wire\
Aliasing tmpOE__Pin_Potentiometr_net_0 to \UART_DEB:tmpOE__tx_net_0\
Aliasing \SPIM:BSPIM:so_send_reg\\D\ to \UART_DEB:select_s_wire\
Aliasing \SPIM:BSPIM:mosi_pre_reg\\D\ to \UART_DEB:select_s_wire\
Aliasing \SPIM:BSPIM:dpcounter_one_reg\\D\ to \SPIM:BSPIM:load_rx_data\
Removing Rhs of wire \UART_DEB:rx_wire\[3] = \UART_DEB:Net_1268\[4]
Removing Lhs of wire \UART_DEB:Net_1170\[7] = \UART_DEB:Net_847\[1]
Removing Lhs of wire \UART_DEB:sclk_s_wire\[8] = \UART_DEB:select_s_wire\[2]
Removing Lhs of wire \UART_DEB:mosi_s_wire\[9] = \UART_DEB:select_s_wire\[2]
Removing Lhs of wire \UART_DEB:miso_m_wire\[10] = \UART_DEB:select_s_wire\[2]
Removing Rhs of wire zero[17] = \UART_DEB:select_s_wire\[2]
Removing Rhs of wire one[18] = \UART_DEB:tmpOE__tx_net_0\[12]
Removing Lhs of wire \UART_DEB:tmpOE__rx_net_0\[23] = one[18]
Removing Lhs of wire \UART_DEB:cts_wire\[27] = zero[17]
Removing Lhs of wire tmpOE__Digtal_Output_LED_net_0[57] = one[18]
Removing Rhs of wire Net_1929[58] = \PWM:PWMUDB:pwm_i_reg\[469]
Removing Lhs of wire tmpOE__Advertising_LED_net_0[65] = one[18]
Removing Lhs of wire \CapSense:Net_1919\[99] = zero[17]
Removing Lhs of wire \CapSense:Net_1921\[103] = zero[17]
Removing Lhs of wire \CapSense:tmpOE__Cmod_net_0\[109] = one[18]
Removing Lhs of wire \CapSense:tmpOE__Sns_net_4\[115] = one[18]
Removing Lhs of wire \CapSense:tmpOE__Sns_net_3\[116] = one[18]
Removing Lhs of wire \CapSense:tmpOE__Sns_net_2\[117] = one[18]
Removing Lhs of wire \CapSense:tmpOE__Sns_net_1\[118] = one[18]
Removing Lhs of wire \CapSense:tmpOE__Sns_net_0\[119] = one[18]
Removing Lhs of wire \CapSense:IDACMod:Net_3\[134] = one[18]
Removing Lhs of wire tmpOE__SW2_net_0[138] = one[18]
Removing Lhs of wire tmpOE__Pin_SPI_SCLK_net_0[151] = one[18]
Removing Lhs of wire tmpOE__Pin_SPI_MOSI_net_0[158] = one[18]
Removing Rhs of wire Net_248[159] = \SPIM:BSPIM:mosi_reg\[177]
Removing Rhs of wire \SPIM:Net_276\[164] = \SPIM:Net_288\[165]
Removing Rhs of wire \SPIM:BSPIM:load_rx_data\[169] = \SPIM:BSPIM:dpcounter_one\[170]
Removing Lhs of wire \SPIM:BSPIM:pol_supprt\[171] = zero[17]
Removing Lhs of wire \SPIM:BSPIM:miso_to_dp\[172] = \SPIM:Net_244\[173]
Removing Lhs of wire \SPIM:Net_244\[173] = zero[17]
Removing Rhs of wire \SPIM:BSPIM:mosi_from_dp\[183] = \SPIM:BSPIM:mosi_from_dpR\[248]
Removing Rhs of wire \SPIM:BSPIM:tx_status_1\[199] = \SPIM:BSPIM:dpMOSI_fifo_empty\[200]
Removing Rhs of wire \SPIM:BSPIM:tx_status_2\[201] = \SPIM:BSPIM:dpMOSI_fifo_not_full\[202]
Removing Lhs of wire \SPIM:BSPIM:tx_status_3\[203] = \SPIM:BSPIM:load_rx_data\[169]
Removing Rhs of wire \SPIM:BSPIM:rx_status_4\[205] = \SPIM:BSPIM:dpMISO_fifo_full\[206]
Removing Rhs of wire \SPIM:BSPIM:rx_status_5\[207] = \SPIM:BSPIM:dpMISO_fifo_not_empty\[208]
Removing Lhs of wire \SPIM:BSPIM:tx_status_6\[210] = zero[17]
Removing Lhs of wire \SPIM:BSPIM:tx_status_5\[211] = zero[17]
Removing Lhs of wire \SPIM:BSPIM:rx_status_3\[212] = zero[17]
Removing Lhs of wire \SPIM:BSPIM:rx_status_2\[213] = zero[17]
Removing Lhs of wire \SPIM:BSPIM:rx_status_1\[214] = zero[17]
Removing Lhs of wire \SPIM:BSPIM:rx_status_0\[215] = zero[17]
Removing Lhs of wire \SPIM:Net_273\[225] = zero[17]
Removing Lhs of wire Net_251[313] = zero[17]
Removing Lhs of wire \SPIM:Net_289\[314] = zero[17]
Removing Lhs of wire tmpOE__LED_D_net_3[334] = one[18]
Removing Lhs of wire tmpOE__LED_D_net_2[335] = one[18]
Removing Lhs of wire tmpOE__LED_D_net_1[336] = one[18]
Removing Lhs of wire tmpOE__LED_D_net_0[337] = one[18]
Removing Lhs of wire Net_643[348] = zero[17]
Removing Lhs of wire tmpOE__Pin_SPI_SS_net_0[352] = one[18]
Removing Lhs of wire tmpOE__Pin_Buttons_net_2[358] = one[18]
Removing Lhs of wire tmpOE__Pin_Buttons_net_1[359] = one[18]
Removing Lhs of wire tmpOE__Pin_Buttons_net_0[360] = one[18]
Removing Lhs of wire \PWM:Net_68\[375] = Net_592[350]
Removing Lhs of wire \PWM:PWMUDB:ctrl_enable\[386] = \PWM:PWMUDB:control_7\[378]
Removing Lhs of wire \PWM:Net_180\[394] = zero[17]
Removing Lhs of wire \PWM:PWMUDB:hwCapture\[397] = zero[17]
Removing Lhs of wire \PWM:PWMUDB:hwEnable\[398] = \PWM:PWMUDB:control_7\[378]
Removing Lhs of wire \PWM:Net_178\[400] = zero[17]
Removing Lhs of wire \PWM:PWMUDB:trig_out\[403] = one[18]
Removing Lhs of wire \PWM:PWMUDB:runmode_enable\\R\[405] = \PWM:Net_186\[406]
Removing Lhs of wire \PWM:Net_186\[406] = zero[17]
Removing Lhs of wire \PWM:PWMUDB:runmode_enable\\S\[407] = zero[17]
Removing Lhs of wire \PWM:PWMUDB:final_enable\[408] = \PWM:PWMUDB:runmode_enable\[404]
Removing Lhs of wire \PWM:Net_179\[411] = one[18]
Removing Lhs of wire \PWM:PWMUDB:ltch_kill_reg\\R\[413] = zero[17]
Removing Lhs of wire \PWM:PWMUDB:ltch_kill_reg\\S\[414] = zero[17]
Removing Lhs of wire \PWM:PWMUDB:km_tc\[415] = zero[17]
Removing Lhs of wire \PWM:PWMUDB:min_kill_reg\\R\[416] = zero[17]
Removing Lhs of wire \PWM:PWMUDB:min_kill_reg\\S\[417] = zero[17]
Removing Lhs of wire \PWM:PWMUDB:final_kill\[420] = one[18]
Removing Lhs of wire \PWM:PWMUDB:add_vi_vv_MODGEN_1_1\[423] = \PWM:PWMUDB:MODULE_1:g2:a0:s_1\[640]
Removing Lhs of wire \PWM:PWMUDB:add_vi_vv_MODGEN_1_0\[425] = \PWM:PWMUDB:MODULE_1:g2:a0:s_0\[641]
Removing Lhs of wire \PWM:PWMUDB:dith_count_1\\R\[426] = zero[17]
Removing Lhs of wire \PWM:PWMUDB:dith_count_1\\S\[427] = zero[17]
Removing Lhs of wire \PWM:PWMUDB:dith_count_0\\R\[428] = zero[17]
Removing Lhs of wire \PWM:PWMUDB:dith_count_0\\S\[429] = zero[17]
Removing Lhs of wire \PWM:PWMUDB:cs_addr_2\[431] = \PWM:PWMUDB:tc_i\[410]
Removing Lhs of wire \PWM:PWMUDB:cs_addr_1\[432] = \PWM:PWMUDB:runmode_enable\[404]
Removing Lhs of wire \PWM:PWMUDB:cs_addr_0\[433] = zero[17]
Removing Lhs of wire \PWM:PWMUDB:compare1\[467] = \PWM:PWMUDB:cmp1_less\[437]
Removing Lhs of wire \PWM:PWMUDB:pwm1_i\[472] = zero[17]
Removing Lhs of wire \PWM:PWMUDB:pwm2_i\[474] = zero[17]
Removing Rhs of wire \PWM:PWMUDB:pwm_temp\[479] = \PWM:PWMUDB:cmp1\[480]
Removing Lhs of wire \PWM:PWMUDB:MODULE_1:g2:a0:a_23\[522] = zero[17]
Removing Lhs of wire \PWM:PWMUDB:MODULE_1:g2:a0:a_22\[523] = zero[17]
Removing Lhs of wire \PWM:PWMUDB:MODULE_1:g2:a0:a_21\[524] = zero[17]
Removing Lhs of wire \PWM:PWMUDB:MODULE_1:g2:a0:a_20\[525] = zero[17]
Removing Lhs of wire \PWM:PWMUDB:MODULE_1:g2:a0:a_19\[526] = zero[17]
Removing Lhs of wire \PWM:PWMUDB:MODULE_1:g2:a0:a_18\[527] = zero[17]
Removing Lhs of wire \PWM:PWMUDB:MODULE_1:g2:a0:a_17\[528] = zero[17]
Removing Lhs of wire \PWM:PWMUDB:MODULE_1:g2:a0:a_16\[529] = zero[17]
Removing Lhs of wire \PWM:PWMUDB:MODULE_1:g2:a0:a_15\[530] = zero[17]
Removing Lhs of wire \PWM:PWMUDB:MODULE_1:g2:a0:a_14\[531] = zero[17]
Removing Lhs of wire \PWM:PWMUDB:MODULE_1:g2:a0:a_13\[532] = zero[17]
Removing Lhs of wire \PWM:PWMUDB:MODULE_1:g2:a0:a_12\[533] = zero[17]
Removing Lhs of wire \PWM:PWMUDB:MODULE_1:g2:a0:a_11\[534] = zero[17]
Removing Lhs of wire \PWM:PWMUDB:MODULE_1:g2:a0:a_10\[535] = zero[17]
Removing Lhs of wire \PWM:PWMUDB:MODULE_1:g2:a0:a_9\[536] = zero[17]
Removing Lhs of wire \PWM:PWMUDB:MODULE_1:g2:a0:a_8\[537] = zero[17]
Removing Lhs of wire \PWM:PWMUDB:MODULE_1:g2:a0:a_7\[538] = zero[17]
Removing Lhs of wire \PWM:PWMUDB:MODULE_1:g2:a0:a_6\[539] = zero[17]
Removing Lhs of wire \PWM:PWMUDB:MODULE_1:g2:a0:a_5\[540] = zero[17]
Removing Lhs of wire \PWM:PWMUDB:MODULE_1:g2:a0:a_4\[541] = zero[17]
Removing Lhs of wire \PWM:PWMUDB:MODULE_1:g2:a0:a_3\[542] = zero[17]
Removing Lhs of wire \PWM:PWMUDB:MODULE_1:g2:a0:a_2\[543] = zero[17]
Removing Lhs of wire \PWM:PWMUDB:MODULE_1:g2:a0:a_1\[544] = \PWM:PWMUDB:MODIN1_1\[545]
Removing Lhs of wire \PWM:PWMUDB:MODIN1_1\[545] = \PWM:PWMUDB:dith_count_1\[422]
Removing Lhs of wire \PWM:PWMUDB:MODULE_1:g2:a0:a_0\[546] = \PWM:PWMUDB:MODIN1_0\[547]
Removing Lhs of wire \PWM:PWMUDB:MODIN1_0\[547] = \PWM:PWMUDB:dith_count_0\[424]
Removing Lhs of wire \PWM:PWMUDB:MODULE_1:g2:a0:g1:z1:s0:g1:u0:c_0\[679] = one[18]
Removing Lhs of wire \PWM:PWMUDB:MODULE_1:g2:a0:g1:z1:s0:g1:u0:b_0\[680] = one[18]
Removing Lhs of wire \ADC_SAR:Net_3107\[767] = zero[17]
Removing Lhs of wire \ADC_SAR:Net_3106\[768] = zero[17]
Removing Lhs of wire \ADC_SAR:Net_3105\[769] = zero[17]
Removing Lhs of wire \ADC_SAR:Net_3104\[770] = zero[17]
Removing Lhs of wire \ADC_SAR:Net_3103\[771] = zero[17]
Removing Lhs of wire \ADC_SAR:Net_17\[813] = \ADC_SAR:Net_1845\[698]
Removing Lhs of wire \ADC_SAR:Net_3207_1\[835] = zero[17]
Removing Lhs of wire \ADC_SAR:Net_3207_0\[836] = zero[17]
Removing Lhs of wire \ADC_SAR:Net_3235\[837] = zero[17]
Removing Lhs of wire tmpOE__Pin_Potentiometr_net_0[906] = one[18]
Removing Lhs of wire \SPIM:BSPIM:so_send_reg\\D\[913] = zero[17]
Removing Lhs of wire \SPIM:BSPIM:mosi_pre_reg\\D\[919] = zero[17]
Removing Lhs of wire \SPIM:BSPIM:dpcounter_one_reg\\D\[921] = \SPIM:BSPIM:load_rx_data\[169]
Removing Lhs of wire \SPIM:BSPIM:mosi_from_dp_reg\\D\[922] = \SPIM:BSPIM:mosi_from_dp\[183]
Removing Lhs of wire \PWM:PWMUDB:prevCapture\\D\[926] = zero[17]
Removing Lhs of wire \PWM:PWMUDB:trig_last\\D\[927] = zero[17]
Removing Lhs of wire \PWM:PWMUDB:pwm_i_reg\\D\[933] = \PWM:PWMUDB:pwm_i\[470]
Removing Lhs of wire \PWM:PWMUDB:pwm1_i_reg\\D\[934] = zero[17]
Removing Lhs of wire \PWM:PWMUDB:pwm2_i_reg\\D\[935] = zero[17]

------------------------------------------------------
Aliased 0 equations, 132 wires.
------------------------------------------------------

----------------------------------------------------------
Circuit simplification
----------------------------------------------------------

Substituting virtuals - pass 1:

Note:  Expanding virtual equation for 'one' (cost = 0):
one <=  ('1') ;

Note:  Expanding virtual equation for 'zero' (cost = 0):
zero <=  ('0') ;

Note:  Expanding virtual equation for '\SPIM:BSPIM:load_rx_data\' (cost = 1):
\SPIM:BSPIM:load_rx_data\ <= ((not \SPIM:BSPIM:count_4\ and not \SPIM:BSPIM:count_3\ and not \SPIM:BSPIM:count_2\ and not \SPIM:BSPIM:count_1\ and \SPIM:BSPIM:count_0\));

Note:  Expanding virtual equation for '\PWM:PWMUDB:pwm_temp\' (cost = 0):
\PWM:PWMUDB:pwm_temp\ <= (\PWM:PWMUDB:cmp1_less\);

Note:  Expanding virtual equation for '\PWM:PWMUDB:MODULE_1:g2:a0:g1:z1:s0:g1:u0:c_1\' (cost = 0):
\PWM:PWMUDB:MODULE_1:g2:a0:g1:z1:s0:g1:u0:c_1\ <= (\PWM:PWMUDB:dith_count_0\);

Note:  Expanding virtual equation for '\PWM:PWMUDB:MODULE_1:g2:a0:s_0\' (cost = 0):
\PWM:PWMUDB:MODULE_1:g2:a0:s_0\ <= (not \PWM:PWMUDB:dith_count_0\);

Note:  Expanding virtual equation for '\PWM:PWMUDB:MODULE_1:g2:a0:g1:z1:s0:g1:u0:c_17\' (cost = 0):
\PWM:PWMUDB:MODULE_1:g2:a0:g1:z1:s0:g1:u0:c_17\ <=  ('0') ;

Note:  Expanding virtual equation for '\PWM:PWMUDB:MODULE_1:g2:a0:g1:z1:s0:g1:u0:c_9\' (cost = 0):
\PWM:PWMUDB:MODULE_1:g2:a0:g1:z1:s0:g1:u0:c_9\ <=  ('0') ;

Note:  Expanding virtual equation for '\PWM:PWMUDB:MODULE_1:g2:a0:g1:z1:s0:g1:u0:c_2\' (cost = 0):
\PWM:PWMUDB:MODULE_1:g2:a0:g1:z1:s0:g1:u0:c_2\ <= ((\PWM:PWMUDB:dith_count_1\ and \PWM:PWMUDB:dith_count_0\));


Substituting virtuals - pass 2:

Note:  Expanding virtual equation for '\PWM:PWMUDB:MODULE_1:g2:a0:s_1\' (cost = 2):
\PWM:PWMUDB:MODULE_1:g2:a0:s_1\ <= ((not \PWM:PWMUDB:dith_count_0\ and \PWM:PWMUDB:dith_count_1\)
	OR (not \PWM:PWMUDB:dith_count_1\ and \PWM:PWMUDB:dith_count_0\));

Note:  Expanding virtual equation for '\PWM:PWMUDB:MODULE_1:g2:a0:g1:z1:s0:g1:u0:c_18\' (cost = 0):
\PWM:PWMUDB:MODULE_1:g2:a0:g1:z1:s0:g1:u0:c_18\ <=  ('0') ;

Note:  Expanding virtual equation for '\PWM:PWMUDB:MODULE_1:g2:a0:g1:z1:s0:g1:u0:c_10\' (cost = 0):
\PWM:PWMUDB:MODULE_1:g2:a0:g1:z1:s0:g1:u0:c_10\ <=  ('0') ;

Note:  Expanding virtual equation for '\PWM:PWMUDB:MODULE_1:g2:a0:g1:z1:s0:g1:u0:c_3\' (cost = 0):
\PWM:PWMUDB:MODULE_1:g2:a0:g1:z1:s0:g1:u0:c_3\ <=  ('0') ;


Substituting virtuals - pass 3:

Note:  Expanding virtual equation for '\PWM:PWMUDB:MODULE_1:g2:a0:g1:z1:s0:g1:u0:c_19\' (cost = 0):
\PWM:PWMUDB:MODULE_1:g2:a0:g1:z1:s0:g1:u0:c_19\ <=  ('0') ;

Note:  Expanding virtual equation for '\PWM:PWMUDB:MODULE_1:g2:a0:g1:z1:s0:g1:u0:c_11\' (cost = 0):
\PWM:PWMUDB:MODULE_1:g2:a0:g1:z1:s0:g1:u0:c_11\ <=  ('0') ;

Note:  Expanding virtual equation for '\PWM:PWMUDB:MODULE_1:g2:a0:g1:z1:s0:g1:u0:c_4\' (cost = 0):
\PWM:PWMUDB:MODULE_1:g2:a0:g1:z1:s0:g1:u0:c_4\ <=  ('0') ;


Substituting virtuals - pass 4:

Note:  Expanding virtual equation for '\PWM:PWMUDB:MODULE_1:g2:a0:g1:z1:s0:g1:u0:c_20\' (cost = 0):
\PWM:PWMUDB:MODULE_1:g2:a0:g1:z1:s0:g1:u0:c_20\ <=  ('0') ;

Note:  Expanding virtual equation for '\PWM:PWMUDB:MODULE_1:g2:a0:g1:z1:s0:g1:u0:c_12\' (cost = 0):
\PWM:PWMUDB:MODULE_1:g2:a0:g1:z1:s0:g1:u0:c_12\ <=  ('0') ;

Note:  Expanding virtual equation for '\PWM:PWMUDB:MODULE_1:g2:a0:g1:z1:s0:g1:u0:c_5\' (cost = 0):
\PWM:PWMUDB:MODULE_1:g2:a0:g1:z1:s0:g1:u0:c_5\ <=  ('0') ;


Substituting virtuals - pass 5:

Note:  Expanding virtual equation for '\PWM:PWMUDB:MODULE_1:g2:a0:g1:z1:s0:g1:u0:c_21\' (cost = 0):
\PWM:PWMUDB:MODULE_1:g2:a0:g1:z1:s0:g1:u0:c_21\ <=  ('0') ;

Note:  Expanding virtual equation for '\PWM:PWMUDB:MODULE_1:g2:a0:g1:z1:s0:g1:u0:c_13\' (cost = 0):
\PWM:PWMUDB:MODULE_1:g2:a0:g1:z1:s0:g1:u0:c_13\ <=  ('0') ;

Note:  Expanding virtual equation for '\PWM:PWMUDB:MODULE_1:g2:a0:g1:z1:s0:g1:u0:c_6\' (cost = 0):
\PWM:PWMUDB:MODULE_1:g2:a0:g1:z1:s0:g1:u0:c_6\ <=  ('0') ;


Substituting virtuals - pass 6:

Note:  Expanding virtual equation for '\PWM:PWMUDB:MODULE_1:g2:a0:g1:z1:s0:g1:u0:c_22\' (cost = 0):
\PWM:PWMUDB:MODULE_1:g2:a0:g1:z1:s0:g1:u0:c_22\ <=  ('0') ;

Note:  Expanding virtual equation for '\PWM:PWMUDB:MODULE_1:g2:a0:g1:z1:s0:g1:u0:c_14\' (cost = 0):
\PWM:PWMUDB:MODULE_1:g2:a0:g1:z1:s0:g1:u0:c_14\ <=  ('0') ;

Note:  Expanding virtual equation for '\PWM:PWMUDB:MODULE_1:g2:a0:g1:z1:s0:g1:u0:c_7\' (cost = 0):
\PWM:PWMUDB:MODULE_1:g2:a0:g1:z1:s0:g1:u0:c_7\ <=  ('0') ;


Substituting virtuals - pass 7:

Note:  Expanding virtual equation for '\PWM:PWMUDB:MODULE_1:g2:a0:g1:z1:s0:g1:u0:c_23\' (cost = 0):
\PWM:PWMUDB:MODULE_1:g2:a0:g1:z1:s0:g1:u0:c_23\ <=  ('0') ;

Note:  Expanding virtual equation for '\PWM:PWMUDB:MODULE_1:g2:a0:g1:z1:s0:g1:u0:c_15\' (cost = 0):
\PWM:PWMUDB:MODULE_1:g2:a0:g1:z1:s0:g1:u0:c_15\ <=  ('0') ;


Substituting virtuals - pass 8:


----------------------------------------------------------
Circuit simplification results:

	Expanded 27 signals.
	Turned 0 signals into soft nodes.
	Maximum default expansion cost was set at 3.
----------------------------------------------------------

------------------------------------------------------
Alias Detection
------------------------------------------------------
Aliasing \PWM:PWMUDB:final_capture\ to zero
Aliasing \PWM:PWMUDB:MODULE_1:g2:a0:g1:z1:s0:g1:u0:b_24\ to zero
Aliasing \PWM:PWMUDB:MODULE_1:g2:a0:g1:z1:s0:g1:u0:b_16\ to zero
Aliasing \PWM:PWMUDB:MODULE_1:g2:a0:g1:z1:s0:g1:u0:b_8\ to zero
Aliasing \PWM:PWMUDB:min_kill_reg\\D\ to one
Aliasing \PWM:PWMUDB:ltch_kill_reg\\D\ to one
Removing Lhs of wire \PWM:PWMUDB:final_capture\[435] = zero[17]
Removing Lhs of wire \PWM:PWMUDB:MODULE_1:g2:a0:g1:z1:s0:g1:u0:b_24\[650] = zero[17]
Removing Lhs of wire \PWM:PWMUDB:MODULE_1:g2:a0:g1:z1:s0:g1:u0:b_16\[660] = zero[17]
Removing Lhs of wire \PWM:PWMUDB:MODULE_1:g2:a0:g1:z1:s0:g1:u0:b_8\[670] = zero[17]
Removing Lhs of wire \PWM:PWMUDB:min_kill_reg\\D\[925] = one[18]
Removing Lhs of wire \PWM:PWMUDB:runmode_enable\\D\[928] = \PWM:PWMUDB:control_7\[378]
Removing Lhs of wire \PWM:PWMUDB:ltch_kill_reg\\D\[930] = one[18]

------------------------------------------------------
Aliased 0 equations, 7 wires.
------------------------------------------------------

----------------------------------------------------------
Circuit simplification
----------------------------------------------------------

Eliminating unused logic - pass 1:


Eliminating unused logic - pass 2:


Substituting virtuals - pass 1:


----------------------------------------------------------
Circuit simplification results:

	Expanded 0 signals.
	Turned 0 signals into soft nodes.
	Maximum default expansion cost was set at 3.
----------------------------------------------------------

topld:  No errors.

CYPRESS_DIR    : D:\PSoc\PSoC Creator\4.4\PSoC Creator\warp
Warp Program   : D:\PSoc\PSoC Creator\4.4\PSoC Creator\warp\bin\warp.exe
Warp Arguments : -yv2 -q10 -ygs -o2 -v3 -.fftcfgtype=LE -ya -.fftprj=D:\UCU\POC\PSoC_Projects_Embedded\PSoC_LAB4\lab6-psoc-3-shevchuk-lykhanskyi\Lab_4_1_BLE_Automation_IO.cydsn\Lab_4_1_BLE_Automation_IO.cyprj -dcpsoc3 Lab_4_1_BLE_Automation_IO.v -verilog
</CYPRESSTAG>
Warp synthesis phase: Elapsed time ==> 0s.823ms
<CYPRESSTAG name="Fitter results...">
<CYPRESSTAG name="Fitter startup details...">
cyp3fit: V4.4.0.80, Family: PSoC3, Started at: Tuesday, 09 December 2025 14:28:07
Options: -yv2 -q10 -ygs -o2 -v3 -.fftcfgtype=LE -ya -.fftprj=D:\UCU\POC\PSoC_Projects_Embedded\PSoC_LAB4\lab6-psoc-3-shevchuk-lykhanskyi\Lab_4_1_BLE_Automation_IO.cydsn\Lab_4_1_BLE_Automation_IO.cyprj -d CY8C4248LQI-BL583 Lab_4_1_BLE_Automation_IO.v -verilog
</CYPRESSTAG>
<CYPRESSTAG name="Design parsing">
Design parsing phase: Elapsed time ==> 0s.010ms
</CYPRESSTAG>
<CYPRESSTAG name="Tech Mapping">
<CYPRESSTAG name="Initial Mapping" icon="FILE_RPT_TECHM">
    Removed wire end \PWM:PWMUDB:MODULE_1:g2:a0:g1:z1:s0:g1:u0:c_24\ kept zero
    Removed wire end \PWM:PWMUDB:MODULE_1:g2:a0:g1:z1:s0:g1:u0:c_16\ kept zero
    Removed wire end \PWM:PWMUDB:MODULE_1:g2:a0:g1:z1:s0:g1:u0:c_8\ kept zero
    Converted constant MacroCell: \SPIM:BSPIM:so_send_reg\ from registered to combinatorial
    Converted constant MacroCell: \SPIM:BSPIM:mosi_pre_reg\ from registered to combinatorial
    Converted constant MacroCell: \PWM:PWMUDB:prevCapture\ from registered to combinatorial
    Converted constant MacroCell: \PWM:PWMUDB:trig_last\ from registered to combinatorial
    Converted constant MacroCell: \PWM:PWMUDB:pwm1_i_reg\ from registered to combinatorial
    Converted constant MacroCell: \PWM:PWMUDB:pwm2_i_reg\ from registered to combinatorial
Assigning clock BLE_1_LFCLK to clock LFCLK because it is a pass-through

Removing unused cells resulting from optimization
Done removing unused cells.
<CYPRESSTAG name="Global Clock Selection" icon="FILE_RPT_TECHM">
    Fixed Function Clock 5: Automatic-assigning  clock 'CapSense_ModClk'. Signal=\CapSense:Net_1946_ff5\
    Fixed Function Clock 4: Automatic-assigning  clock 'CapSense_SnsClk'. Signal=\CapSense:Net_1785_ff4\
    Digital Clock 0: Automatic-assigning  clock 'SPIM_IntClock'. Fanout=1, Signal=\SPIM:Net_276_digital\
    Fixed Function Clock 6: Automatic-assigning  clock 'ADC_SAR_intClock'. Signal=\ADC_SAR:Net_1845_ff6\
    Fixed Function Clock 1: Automatic-assigning  clock 'UART_DEB_SCBCLK'. Signal=\UART_DEB:Net_847_ff1\
    Digital Clock 1: Automatic-assigning  clock 'Clock_1'. Fanout=1, Signal=Net_592_digital
<CYPRESSTAG name="UDB Clock/Enable Remapping Results">
    UDB Clk/Enable \SPIM:BSPIM:ClkEn\: with output requested to be synchronous
        ClockIn: ClockGenBlock:m0s8clockgenblockcell.gen_clk_out_0 was determined to be a global clock that is synchronous to HFCLK
        EnableIn: Constant 1 was determined to be synchronous to ClockIn
        ClockOut: ClockGenBlock:m0s8clockgenblockcell.gen_clk_out_0, EnableOut: Constant 1
    UDB Clk/Enable \PWM:PWMUDB:clock_enable_block\: with output requested to be synchronous
        ClockIn: ClockGenBlock:m0s8clockgenblockcell.gen_clk_out_1 was determined to be a global clock that is synchronous to HFCLK
        EnableIn: Constant 1 was determined to be synchronous to ClockIn
        ClockOut: ClockGenBlock:m0s8clockgenblockcell.gen_clk_out_1, EnableOut: Constant 1
</CYPRESSTAG>
</CYPRESSTAG>

Removing unused cells resulting from optimization
Done removing unused cells.
<CYPRESSTAG name="Duplicate Macrocell detection">
</CYPRESSTAG>
</CYPRESSTAG>
<CYPRESSTAG name="Duplicate Macrocell detection">

Removing unused cells resulting from optimization
Done removing unused cells.
</CYPRESSTAG>
<CYPRESSTAG name="Design Equations" icon="FILE_RPT_EQUATION">

------------------------------------------------------------
Design Equations
------------------------------------------------------------
    <CYPRESSTAG name="Pin listing">

    ------------------------------------------------------------
    Pin listing
    ------------------------------------------------------------

    Pin : Name = \UART_DEB:tx(0)\
        Attributes:
            In Group/Port: True
            In Sync Option: NOSYNC
            Out Sync Option: NOSYNC
            Interrupt generated: False
            Interrupt mode: NONE
            Drive mode: CMOS_OUT
            VTrip: CMOS
            Slew: FAST
            Input Sync needed: False
            Output Sync needed: False
            SC shield enabled: False
            POR State: ANY
            LCD Mode: COMMON
            Register Mode: RegComb
            CaSense Mode: NEITHER
            Treat as pin: True
            Is OE Registered: False
            Uses Analog: False
            Can contain Digital: True
            Is SIO: False
            SIO Output Buf: NONREGULATED
            SIO Input Buf: SINGLE_ENDED
            SIO HiFreq: LOW
            SIO Hyst: DISABLED
            SIO Vtrip: MULTIPLIER_0_5
            SIO Multiplier Index: 0
            SIO RefSel: VCC_IO
            Required Capabilities: DIGITAL
            Initial Value: 1
            IO Voltage: 0
        PORT MAP (
            pa_out => \UART_DEB:tx(0)\__PA ,
            pin_input => \UART_DEB:tx_wire\ ,
            pad => \UART_DEB:tx(0)_PAD\ );
        Properties:
        {
        }

    Pin : Name = \UART_DEB:rx(0)\
        Attributes:
            In Group/Port: True
            In Sync Option: NOSYNC
            Out Sync Option: AUTO
            Interrupt generated: False
            Interrupt mode: NONE
            Drive mode: HI_Z_DIGITAL
            VTrip: CMOS
            Slew: FAST
            Input Sync needed: False
            Output Sync needed: False
            SC shield enabled: False
            POR State: ANY
            LCD Mode: COMMON
            Register Mode: RegComb
            CaSense Mode: NEITHER
            Treat as pin: True
            Is OE Registered: False
            Uses Analog: False
            Can contain Digital: True
            Is SIO: False
            SIO Output Buf: NONREGULATED
            SIO Input Buf: SINGLE_ENDED
            SIO HiFreq: LOW
            SIO Hyst: DISABLED
            SIO Vtrip: MULTIPLIER_0_5
            SIO Multiplier Index: 0
            SIO RefSel: VCC_IO
            Required Capabilities: DIGITAL
            Initial Value: 0
            IO Voltage: 0
        PORT MAP (
            pa_out => \UART_DEB:rx(0)\__PA ,
            fb => \UART_DEB:rx_wire\ ,
            pad => \UART_DEB:rx(0)_PAD\ );
        Properties:
        {
        }

    Pin : Name = Digtal_Output_LED(0)
        Attributes:
            In Group/Port: True
            In Sync Option: AUTO
            Out Sync Option: NOSYNC
            Interrupt generated: False
            Interrupt mode: NONE
            Drive mode: CMOS_OUT
            VTrip: EITHER
            Slew: FAST
            Input Sync needed: False
            Output Sync needed: False
            SC shield enabled: False
            POR State: ANY
            LCD Mode: COMMON
            Register Mode: RegComb
            CaSense Mode: NEITHER
            Treat as pin: True
            Is OE Registered: False
            Uses Analog: False
            Can contain Digital: True
            Is SIO: False
            SIO Output Buf: NONREGULATED
            SIO Input Buf: SINGLE_ENDED
            SIO HiFreq: LOW
            SIO Hyst: DISABLED
            SIO Vtrip: MULTIPLIER_0_5
            SIO Multiplier Index: 0
            SIO RefSel: VCC_IO
            Required Capabilities: DIGITAL, ROUTABLE
            Initial Value: 1
            IO Voltage: 0
        PORT MAP (
            pa_out => Digtal_Output_LED(0)__PA ,
            pin_input => Net_1929 ,
            annotation => Net_2755 ,
            pad => Digtal_Output_LED(0)_PAD );
        Properties:
        {
        }

    Pin : Name = Advertising_LED(0)
        Attributes:
            In Group/Port: True
            In Sync Option: AUTO
            Out Sync Option: NOSYNC
            Interrupt generated: False
            Interrupt mode: NONE
            Drive mode: CMOS_OUT
            VTrip: EITHER
            Slew: FAST
            Input Sync needed: False
            Output Sync needed: False
            SC shield enabled: False
            POR State: ANY
            LCD Mode: COMMON
            Register Mode: RegComb
            CaSense Mode: NEITHER
            Treat as pin: True
            Is OE Registered: False
            Uses Analog: False
            Can contain Digital: True
            Is SIO: False
            SIO Output Buf: NONREGULATED
            SIO Input Buf: SINGLE_ENDED
            SIO HiFreq: LOW
            SIO Hyst: DISABLED
            SIO Vtrip: MULTIPLIER_0_5
            SIO Multiplier Index: 0
            SIO RefSel: VCC_IO
            Required Capabilities: DIGITAL
            Initial Value: 0
            IO Voltage: 0
        PORT MAP (
            pa_out => Advertising_LED(0)__PA ,
            annotation => Net_62 ,
            pad => Advertising_LED(0)_PAD );
        Properties:
        {
        }

    Pin : Name = \CapSense:Cmod(0)\
        Attributes:
            Alias: Cmod
            In Group/Port: True
            In Sync Option: AUTO
            Out Sync Option: AUTO
            Interrupt generated: False
            Interrupt mode: NONE
            Drive mode: HI_Z_ANALOG
            VTrip: EITHER
            Slew: FAST
            Input Sync needed: False
            Output Sync needed: False
            SC shield enabled: False
            POR State: ANY
            LCD Mode: COMMON
            Register Mode: RegComb
            CaSense Mode: NEITHER
            Treat as pin: True
            Is OE Registered: False
            Uses Analog: True
            Can contain Digital: False
            Is SIO: False
            SIO Output Buf: NONREGULATED
            SIO Input Buf: SINGLE_ENDED
            SIO HiFreq: LOW
            SIO Hyst: DISABLED
            SIO Vtrip: MULTIPLIER_0_5
            SIO Multiplier Index: 0
            SIO RefSel: VCC_IO
            Required Capabilities: ANALOG
            Initial Value: 0
            IO Voltage: 0
        PORT MAP (
            pa_out => \CapSense:Cmod(0)\__PA ,
            analog_term => \CapSense:Net_1924\ ,
            pad => \CapSense:Cmod(0)_PAD\ );
        Properties:
        {
        }

    Pin : Name = \CapSense:Sns(0)\
        Attributes:
            Alias: LinearSlider0_Sns0
            In Group/Port: True
            In Sync Option: AUTO
            Out Sync Option: AUTO
            Interrupt generated: False
            Interrupt mode: NONE
            Drive mode: HI_Z_ANALOG
            VTrip: EITHER
            Slew: FAST
            Input Sync needed: False
            Output Sync needed: False
            SC shield enabled: False
            POR State: ANY
            LCD Mode: COMMON
            Register Mode: RegComb
            CaSense Mode: NEITHER
            Treat as pin: True
            Is OE Registered: False
            Uses Analog: True
            Can contain Digital: False
            Is SIO: False
            SIO Output Buf: NONREGULATED
            SIO Input Buf: SINGLE_ENDED
            SIO HiFreq: LOW
            SIO Hyst: DISABLED
            SIO Vtrip: MULTIPLIER_0_5
            SIO Multiplier Index: 0
            SIO RefSel: VCC_IO
            Required Capabilities: ANALOG
            Initial Value: 0
            IO Voltage: 0
        PORT MAP (
            pa_out => \CapSense:Sns(0)\__PA ,
            analog_term => \CapSense:Net_1909_0\ ,
            pad => \CapSense:Sns(0)_PAD\ );
        Properties:
        {
        }

    Pin : Name = \CapSense:Sns(1)\
        Attributes:
            Alias: LinearSlider0_Sns1
            In Group/Port: True
            In Sync Option: AUTO
            Out Sync Option: AUTO
            Interrupt generated: False
            Interrupt mode: NONE
            Drive mode: HI_Z_ANALOG
            VTrip: EITHER
            Slew: FAST
            Input Sync needed: False
            Output Sync needed: False
            SC shield enabled: False
            POR State: ANY
            LCD Mode: COMMON
            Register Mode: RegComb
            CaSense Mode: NEITHER
            Treat as pin: True
            Is OE Registered: False
            Uses Analog: True
            Can contain Digital: False
            Is SIO: False
            SIO Output Buf: NONREGULATED
            SIO Input Buf: SINGLE_ENDED
            SIO HiFreq: LOW
            SIO Hyst: DISABLED
            SIO Vtrip: MULTIPLIER_0_5
            SIO Multiplier Index: 0
            SIO RefSel: VCC_IO
            Required Capabilities: ANALOG
            Initial Value: 1
            IO Voltage: 0
        PORT MAP (
            pa_out => \CapSense:Sns(1)\__PA ,
            analog_term => \CapSense:Net_1909_0\ ,
            pad => \CapSense:Sns(1)_PAD\ );
        Properties:
        {
        }

    Pin : Name = \CapSense:Sns(2)\
        Attributes:
            Alias: LinearSlider0_Sns2
            In Group/Port: True
            In Sync Option: AUTO
            Out Sync Option: AUTO
            Interrupt generated: False
            Interrupt mode: NONE
            Drive mode: HI_Z_ANALOG
            VTrip: EITHER
            Slew: FAST
            Input Sync needed: False
            Output Sync needed: False
            SC shield enabled: False
            POR State: ANY
            LCD Mode: COMMON
            Register Mode: RegComb
            CaSense Mode: NEITHER
            Treat as pin: True
            Is OE Registered: False
            Uses Analog: True
            Can contain Digital: False
            Is SIO: False
            SIO Output Buf: NONREGULATED
            SIO Input Buf: SINGLE_ENDED
            SIO HiFreq: LOW
            SIO Hyst: DISABLED
            SIO Vtrip: MULTIPLIER_0_5
            SIO Multiplier Index: 0
            SIO RefSel: VCC_IO
            Required Capabilities: ANALOG
            Initial Value: 1
            IO Voltage: 0
        PORT MAP (
            pa_out => \CapSense:Sns(2)\__PA ,
            analog_term => \CapSense:Net_1909_0\ ,
            pad => \CapSense:Sns(2)_PAD\ );
        Properties:
        {
        }

    Pin : Name = \CapSense:Sns(3)\
        Attributes:
            Alias: LinearSlider0_Sns3
            In Group/Port: True
            In Sync Option: AUTO
            Out Sync Option: AUTO
            Interrupt generated: False
            Interrupt mode: NONE
            Drive mode: HI_Z_ANALOG
            VTrip: EITHER
            Slew: FAST
            Input Sync needed: False
            Output Sync needed: False
            SC shield enabled: False
            POR State: ANY
            LCD Mode: COMMON
            Register Mode: RegComb
            CaSense Mode: NEITHER
            Treat as pin: True
            Is OE Registered: False
            Uses Analog: True
            Can contain Digital: False
            Is SIO: False
            SIO Output Buf: NONREGULATED
            SIO Input Buf: SINGLE_ENDED
            SIO HiFreq: LOW
            SIO Hyst: DISABLED
            SIO Vtrip: MULTIPLIER_0_5
            SIO Multiplier Index: 0
            SIO RefSel: VCC_IO
            Required Capabilities: ANALOG
            Initial Value: 1
            IO Voltage: 0
        PORT MAP (
            pa_out => \CapSense:Sns(3)\__PA ,
            analog_term => \CapSense:Net_1909_0\ ,
            pad => \CapSense:Sns(3)_PAD\ );
        Properties:
        {
        }

    Pin : Name = \CapSense:Sns(4)\
        Attributes:
            Alias: LinearSlider0_Sns4
            In Group/Port: True
            In Sync Option: AUTO
            Out Sync Option: AUTO
            Interrupt generated: False
            Interrupt mode: NONE
            Drive mode: HI_Z_ANALOG
            VTrip: EITHER
            Slew: FAST
            Input Sync needed: False
            Output Sync needed: False
            SC shield enabled: False
            POR State: ANY
            LCD Mode: COMMON
            Register Mode: RegComb
            CaSense Mode: NEITHER
            Treat as pin: True
            Is OE Registered: False
            Uses Analog: True
            Can contain Digital: False
            Is SIO: False
            SIO Output Buf: NONREGULATED
            SIO Input Buf: SINGLE_ENDED
            SIO HiFreq: LOW
            SIO Hyst: DISABLED
            SIO Vtrip: MULTIPLIER_0_5
            SIO Multiplier Index: 0
            SIO RefSel: VCC_IO
            Required Capabilities: ANALOG
            Initial Value: 1
            IO Voltage: 0
        PORT MAP (
            pa_out => \CapSense:Sns(4)\__PA ,
            analog_term => \CapSense:Net_1909_0\ ,
            pad => \CapSense:Sns(4)_PAD\ );
        Properties:
        {
        }

    Pin : Name = SW2(0)
        Attributes:
            In Group/Port: True
            In Sync Option: NOSYNC
            Out Sync Option: AUTO
            Interrupt generated: True
            Interrupt mode: ON_CHANGE
            Drive mode: RES_PULL_UP
            VTrip: CMOS
            Slew: FAST
            Input Sync needed: False
            Output Sync needed: False
            SC shield enabled: False
            POR State: ANY
            LCD Mode: COMMON
            Register Mode: RegComb
            CaSense Mode: NEITHER
            Treat as pin: False
            Is OE Registered: False
            Uses Analog: False
            Can contain Digital: True
            Is SIO: False
            SIO Output Buf: NONREGULATED
            SIO Input Buf: SINGLE_ENDED
            SIO HiFreq: LOW
            SIO Hyst: DISABLED
            SIO Vtrip: MULTIPLIER_0_5
            SIO Multiplier Index: 0
            SIO RefSel: VCC_IO
            Required Capabilities: DIGITAL, PORT_INTERRUPT
            Initial Value: 1
            IO Voltage: 0
        PORT MAP (
            pa_out => SW2(0)__PA ,
            annotation => Net_174 ,
            pad => SW2(0)_PAD );
        Properties:
        {
        }

    Pin : Name = Pin_SPI_SCLK(0)
        Attributes:
            In Group/Port: True
            In Sync Option: AUTO
            Out Sync Option: NOSYNC
            Interrupt generated: False
            Interrupt mode: NONE
            Drive mode: CMOS_OUT
            VTrip: EITHER
            Slew: FAST
            Input Sync needed: False
            Output Sync needed: False
            SC shield enabled: False
            POR State: ANY
            LCD Mode: COMMON
            Register Mode: RegComb
            CaSense Mode: NEITHER
            Treat as pin: True
            Is OE Registered: False
            Uses Analog: False
            Can contain Digital: True
            Is SIO: False
            SIO Output Buf: NONREGULATED
            SIO Input Buf: SINGLE_ENDED
            SIO HiFreq: LOW
            SIO Hyst: DISABLED
            SIO Vtrip: MULTIPLIER_0_5
            SIO Multiplier Index: 0
            SIO RefSel: VCC_IO
            Required Capabilities: DIGITAL, ROUTABLE
            Initial Value: 1
            IO Voltage: 0
        PORT MAP (
            pa_out => Pin_SPI_SCLK(0)__PA ,
            pin_input => Net_2750 ,
            pad => Pin_SPI_SCLK(0)_PAD );
        Properties:
        {
        }

    Pin : Name = Pin_SPI_MOSI(0)
        Attributes:
            In Group/Port: True
            In Sync Option: AUTO
            Out Sync Option: NOSYNC
            Interrupt generated: False
            Interrupt mode: NONE
            Drive mode: CMOS_OUT
            VTrip: EITHER
            Slew: FAST
            Input Sync needed: False
            Output Sync needed: False
            SC shield enabled: False
            POR State: ANY
            LCD Mode: COMMON
            Register Mode: RegComb
            CaSense Mode: NEITHER
            Treat as pin: True
            Is OE Registered: False
            Uses Analog: False
            Can contain Digital: True
            Is SIO: False
            SIO Output Buf: NONREGULATED
            SIO Input Buf: SINGLE_ENDED
            SIO HiFreq: LOW
            SIO Hyst: DISABLED
            SIO Vtrip: MULTIPLIER_0_5
            SIO Multiplier Index: 0
            SIO RefSel: VCC_IO
            Required Capabilities: DIGITAL, ROUTABLE
            Initial Value: 1
            IO Voltage: 0
        PORT MAP (
            pa_out => Pin_SPI_MOSI(0)__PA ,
            pin_input => Net_248 ,
            pad => Pin_SPI_MOSI(0)_PAD );
        Properties:
        {
        }

    Pin : Name = LED_D(0)
        Attributes:
            In Group/Port: True
            In Sync Option: AUTO
            Out Sync Option: NOSYNC
            Interrupt generated: False
            Interrupt mode: NONE
            Drive mode: CMOS_OUT
            VTrip: EITHER
            Slew: FAST
            Input Sync needed: False
            Output Sync needed: False
            SC shield enabled: False
            POR State: ANY
            LCD Mode: COMMON
            Register Mode: RegComb
            CaSense Mode: NEITHER
            Treat as pin: False
            Is OE Registered: False
            Uses Analog: False
            Can contain Digital: True
            Is SIO: False
            SIO Output Buf: NONREGULATED
            SIO Input Buf: SINGLE_ENDED
            SIO HiFreq: LOW
            SIO Hyst: DISABLED
            SIO Vtrip: MULTIPLIER_0_5
            SIO Multiplier Index: 0
            SIO RefSel: VCC_IO
            Required Capabilities: DIGITAL
            Initial Value: 0
            IO Voltage: 0
        PORT MAP (
            pa_out => LED_D(0)__PA ,
            annotation => Net_99 ,
            pad => LED_D(0)_PAD );
        Properties:
        {
        }

    Pin : Name = LED_D(1)
        Attributes:
            In Group/Port: True
            In Sync Option: AUTO
            Out Sync Option: NOSYNC
            Interrupt generated: False
            Interrupt mode: NONE
            Drive mode: CMOS_OUT
            VTrip: EITHER
            Slew: FAST
            Input Sync needed: False
            Output Sync needed: False
            SC shield enabled: False
            POR State: ANY
            LCD Mode: COMMON
            Register Mode: RegComb
            CaSense Mode: NEITHER
            Treat as pin: False
            Is OE Registered: False
            Uses Analog: False
            Can contain Digital: True
            Is SIO: False
            SIO Output Buf: NONREGULATED
            SIO Input Buf: SINGLE_ENDED
            SIO HiFreq: LOW
            SIO Hyst: DISABLED
            SIO Vtrip: MULTIPLIER_0_5
            SIO Multiplier Index: 0
            SIO RefSel: VCC_IO
            Required Capabilities: DIGITAL
            Initial Value: 0
            IO Voltage: 0
        PORT MAP (
            pa_out => LED_D(1)__PA ,
            annotation => Net_102 ,
            pad => LED_D(1)_PAD );
        Properties:
        {
        }

    Pin : Name = LED_D(2)
        Attributes:
            In Group/Port: True
            In Sync Option: AUTO
            Out Sync Option: NOSYNC
            Interrupt generated: False
            Interrupt mode: NONE
            Drive mode: CMOS_OUT
            VTrip: EITHER
            Slew: FAST
            Input Sync needed: False
            Output Sync needed: False
            SC shield enabled: False
            POR State: ANY
            LCD Mode: COMMON
            Register Mode: RegComb
            CaSense Mode: NEITHER
            Treat as pin: False
            Is OE Registered: False
            Uses Analog: False
            Can contain Digital: True
            Is SIO: False
            SIO Output Buf: NONREGULATED
            SIO Input Buf: SINGLE_ENDED
            SIO HiFreq: LOW
            SIO Hyst: DISABLED
            SIO Vtrip: MULTIPLIER_0_5
            SIO Multiplier Index: 0
            SIO RefSel: VCC_IO
            Required Capabilities: DIGITAL
            Initial Value: 0
            IO Voltage: 0
        PORT MAP (
            pa_out => LED_D(2)__PA ,
            annotation => Net_35 ,
            pad => LED_D(2)_PAD );
        Properties:
        {
        }

    Pin : Name = LED_D(3)
        Attributes:
            In Group/Port: True
            In Sync Option: AUTO
            Out Sync Option: NOSYNC
            Interrupt generated: False
            Interrupt mode: NONE
            Drive mode: CMOS_OUT
            VTrip: EITHER
            Slew: FAST
            Input Sync needed: False
            Output Sync needed: False
            SC shield enabled: False
            POR State: ANY
            LCD Mode: COMMON
            Register Mode: RegComb
            CaSense Mode: NEITHER
            Treat as pin: False
            Is OE Registered: False
            Uses Analog: False
            Can contain Digital: True
            Is SIO: False
            SIO Output Buf: NONREGULATED
            SIO Input Buf: SINGLE_ENDED
            SIO HiFreq: LOW
            SIO Hyst: DISABLED
            SIO Vtrip: MULTIPLIER_0_5
            SIO Multiplier Index: 0
            SIO RefSel: VCC_IO
            Required Capabilities: DIGITAL
            Initial Value: 0
            IO Voltage: 0
        PORT MAP (
            pa_out => LED_D(3)__PA ,
            annotation => Net_36 ,
            pad => LED_D(3)_PAD );
        Properties:
        {
        }

    Pin : Name = Pin_SPI_SS(0)
        Attributes:
            In Group/Port: True
            In Sync Option: AUTO
            Out Sync Option: NOSYNC
            Interrupt generated: False
            Interrupt mode: NONE
            Drive mode: CMOS_OUT
            VTrip: EITHER
            Slew: FAST
            Input Sync needed: False
            Output Sync needed: False
            SC shield enabled: False
            POR State: ANY
            LCD Mode: COMMON
            Register Mode: RegComb
            CaSense Mode: NEITHER
            Treat as pin: True
            Is OE Registered: False
            Uses Analog: False
            Can contain Digital: True
            Is SIO: False
            SIO Output Buf: NONREGULATED
            SIO Input Buf: SINGLE_ENDED
            SIO HiFreq: LOW
            SIO Hyst: DISABLED
            SIO Vtrip: MULTIPLIER_0_5
            SIO Multiplier Index: 0
            SIO RefSel: VCC_IO
            Required Capabilities: DIGITAL, ROUTABLE
            Initial Value: 1
            IO Voltage: 0
        PORT MAP (
            pa_out => Pin_SPI_SS(0)__PA ,
            pin_input => Net_250 ,
            pad => Pin_SPI_SS(0)_PAD );
        Properties:
        {
        }

    Pin : Name = Pin_Buttons(0)
        Attributes:
            In Group/Port: True
            In Sync Option: SYNC
            Out Sync Option: AUTO
            Interrupt generated: True
            Interrupt mode: ON_CHANGE
            Drive mode: HI_Z_DIGITAL
            VTrip: CMOS
            Slew: FAST
            Input Sync needed: True
            Output Sync needed: False
            SC shield enabled: False
            POR State: ANY
            LCD Mode: COMMON
            Register Mode: RegComb
            CaSense Mode: NEITHER
            Treat as pin: False
            Is OE Registered: False
            Uses Analog: False
            Can contain Digital: True
            Is SIO: False
            SIO Output Buf: NONREGULATED
            SIO Input Buf: SINGLE_ENDED
            SIO HiFreq: LOW
            SIO Hyst: DISABLED
            SIO Vtrip: MULTIPLIER_0_5
            SIO Multiplier Index: 0
            SIO RefSel: VCC_IO
            Required Capabilities: DIGITAL, ROUTABLE, PORT_INTERRUPT
            Initial Value: 0
            IO Voltage: 0
        PORT MAP (
            pa_out => Pin_Buttons(0)__PA ,
            annotation => Net_71 ,
            pad => Pin_Buttons(0)_PAD );
        Properties:
        {
        }

    Pin : Name = Pin_Buttons(1)
        Attributes:
            In Group/Port: True
            In Sync Option: SYNC
            Out Sync Option: AUTO
            Interrupt generated: True
            Interrupt mode: ON_CHANGE
            Drive mode: HI_Z_DIGITAL
            VTrip: CMOS
            Slew: FAST
            Input Sync needed: True
            Output Sync needed: False
            SC shield enabled: False
            POR State: ANY
            LCD Mode: COMMON
            Register Mode: RegComb
            CaSense Mode: NEITHER
            Treat as pin: False
            Is OE Registered: False
            Uses Analog: False
            Can contain Digital: True
            Is SIO: False
            SIO Output Buf: NONREGULATED
            SIO Input Buf: SINGLE_ENDED
            SIO HiFreq: LOW
            SIO Hyst: DISABLED
            SIO Vtrip: MULTIPLIER_0_5
            SIO Multiplier Index: 0
            SIO RefSel: VCC_IO
            Required Capabilities: DIGITAL, ROUTABLE, PORT_INTERRUPT
            Initial Value: 0
            IO Voltage: 0
        PORT MAP (
            pa_out => Pin_Buttons(1)__PA ,
            annotation => Net_72 ,
            pad => Pin_Buttons(1)_PAD );
        Properties:
        {
        }

    Pin : Name = Pin_Buttons(2)
        Attributes:
            In Group/Port: True
            In Sync Option: SYNC
            Out Sync Option: AUTO
            Interrupt generated: True
            Interrupt mode: ON_CHANGE
            Drive mode: HI_Z_DIGITAL
            VTrip: CMOS
            Slew: FAST
            Input Sync needed: True
            Output Sync needed: False
            SC shield enabled: False
            POR State: ANY
            LCD Mode: COMMON
            Register Mode: RegComb
            CaSense Mode: NEITHER
            Treat as pin: False
            Is OE Registered: False
            Uses Analog: False
            Can contain Digital: True
            Is SIO: False
            SIO Output Buf: NONREGULATED
            SIO Input Buf: SINGLE_ENDED
            SIO HiFreq: LOW
            SIO Hyst: DISABLED
            SIO Vtrip: MULTIPLIER_0_5
            SIO Multiplier Index: 0
            SIO RefSel: VCC_IO
            Required Capabilities: DIGITAL, ROUTABLE, PORT_INTERRUPT
            Initial Value: 0
            IO Voltage: 0
        PORT MAP (
            pa_out => Pin_Buttons(2)__PA ,
            annotation => Net_73 ,
            pad => Pin_Buttons(2)_PAD );
        Properties:
        {
        }

    Pin : Name = Pin_Potentiometr(0)
        Attributes:
            In Group/Port: True
            In Sync Option: AUTO
            Out Sync Option: AUTO
            Interrupt generated: False
            Interrupt mode: NONE
            Drive mode: HI_Z_ANALOG
            VTrip: EITHER
            Slew: FAST
            Input Sync needed: False
            Output Sync needed: False
            SC shield enabled: False
            POR State: ANY
            LCD Mode: COMMON
            Register Mode: RegComb
            CaSense Mode: NEITHER
            Treat as pin: True
            Is OE Registered: False
            Uses Analog: True
            Can contain Digital: False
            Is SIO: False
            SIO Output Buf: NONREGULATED
            SIO Input Buf: SINGLE_ENDED
            SIO HiFreq: LOW
            SIO Hyst: DISABLED
            SIO Vtrip: MULTIPLIER_0_5
            SIO Multiplier Index: 0
            SIO RefSel: VCC_IO
            Required Capabilities: ANALOG
            Initial Value: 1
            IO Voltage: 0
        PORT MAP (
            pa_out => Pin_Potentiometr(0)__PA ,
            analog_term => Net_2738 ,
            pad => Pin_Potentiometr(0)_PAD );
        Properties:
        {
        }
    </CYPRESSTAG>
    <CYPRESSTAG name="Macrocell listing" icon="FILE_RPT_EQUATION">

    ------------------------------------------------------------
    Macrocell listing
    ------------------------------------------------------------

    MacroCell: Name=\SPIM:BSPIM:load_rx_data\, Mode=(Combinatorial)
        Total # of inputs        : 5
        Total # of product terms : 1
            Clock Enable: True
        Main Equation            : 1 pterm
        (
              !\SPIM:BSPIM:count_4\ * !\SPIM:BSPIM:count_3\ * 
              !\SPIM:BSPIM:count_2\ * !\SPIM:BSPIM:count_1\ * 
              \SPIM:BSPIM:count_0\
        );
        Output = \SPIM:BSPIM:load_rx_data\ (fanout=3)

    MacroCell: Name=\SPIM:BSPIM:tx_status_0\, Mode=(Combinatorial)
        Total # of inputs        : 3
        Total # of product terms : 1
            Clock Enable: True
        Main Equation            : 1 pterm
        (
              \SPIM:BSPIM:state_2\ * !\SPIM:BSPIM:state_1\ * 
              \SPIM:BSPIM:state_0\
        );
        Output = \SPIM:BSPIM:tx_status_0\ (fanout=1)

    MacroCell: Name=\SPIM:BSPIM:tx_status_4\, Mode=(Combinatorial)
        Total # of inputs        : 3
        Total # of product terms : 1
            Clock Enable: True
        Main Equation            : 1 pterm
        (
              !\SPIM:BSPIM:state_2\ * !\SPIM:BSPIM:state_1\ * 
              !\SPIM:BSPIM:state_0\
        );
        Output = \SPIM:BSPIM:tx_status_4\ (fanout=1)

    MacroCell: Name=\SPIM:BSPIM:rx_status_6\, Mode=(Combinatorial)
        Total # of inputs        : 6
        Total # of product terms : 1
            Clock Enable: True
        Main Equation            : 1 pterm
        (
              !\SPIM:BSPIM:count_4\ * !\SPIM:BSPIM:count_3\ * 
              !\SPIM:BSPIM:count_2\ * !\SPIM:BSPIM:count_1\ * 
              \SPIM:BSPIM:count_0\ * \SPIM:BSPIM:rx_status_4\
        );
        Output = \SPIM:BSPIM:rx_status_6\ (fanout=1)

    MacroCell: Name=Net_497, Mode=(Combinatorial)
        Total # of inputs        : 2
        Total # of product terms : 1
            Clock Enable: True
        Main Equation            : 1 pterm
        !(
              !Net_820 * !Net_844
        );
        Output = Net_497 (fanout=1)

    MacroCell: Name=__ONE__, Mode=(Combinatorial)
        Total # of inputs        : 0
        Total # of product terms : 0
            Clock Enable: True
        Main Equation            : 0 pterms
        !(
            0
        );
        Output = __ONE__ (fanout=1)

    MacroCell: Name=Net_2750, Mode=(D-Register)
        Total # of inputs        : 4
        Total # of product terms : 2
        List of special equations: 
            Clock  = (\SPIM:Net_276_digital\) => Global
            Clock Enable: True
        Main Equation            : 2 pterms
        (
              Net_2750 * \SPIM:BSPIM:state_1\ * \SPIM:BSPIM:state_0\
            + !\SPIM:BSPIM:state_2\ * \SPIM:BSPIM:state_1\ * 
              \SPIM:BSPIM:state_0\
        );
        Output = Net_2750 (fanout=2)

    MacroCell: Name=Net_248, Mode=(D-Register)
        Total # of inputs        : 11
        Total # of product terms : 7
        List of special equations: 
            Clock  = (\SPIM:Net_276_digital\) => Global
            Clock Enable: True
        Main Equation            : 7 pterms
        !(
              !Net_248 * !\SPIM:BSPIM:state_2\ * \SPIM:BSPIM:state_0\
            + !\SPIM:BSPIM:state_2\ * !\SPIM:BSPIM:state_1\ * 
              !\SPIM:BSPIM:state_0\
            + !\SPIM:BSPIM:state_2\ * !\SPIM:BSPIM:state_0\ * 
              !\SPIM:BSPIM:count_4\ * !\SPIM:BSPIM:count_3\ * 
              !\SPIM:BSPIM:count_2\ * \SPIM:BSPIM:count_1\ * 
              !\SPIM:BSPIM:count_0\ * !\SPIM:BSPIM:ld_ident\
            + \SPIM:BSPIM:state_2\ * !\SPIM:BSPIM:state_1\ * 
              \SPIM:BSPIM:state_0\
            + \SPIM:BSPIM:state_2\ * \SPIM:BSPIM:state_1\ * 
              !\SPIM:BSPIM:state_0\
            + \SPIM:BSPIM:state_2\ * !\SPIM:BSPIM:mosi_from_dp\
            + !\SPIM:BSPIM:state_0\ * !\SPIM:BSPIM:mosi_from_dp\
        );
        Output = Net_248 (fanout=2)

    MacroCell: Name=\SPIM:BSPIM:state_2\, Mode=(D-Register)
        Total # of inputs        : 10
        Total # of product terms : 3
        List of special equations: 
            Clock  = (\SPIM:Net_276_digital\) => Global
            Clock Enable: True
        Main Equation            : 3 pterms
        (
              !\SPIM:BSPIM:state_2\ * !\SPIM:BSPIM:state_1\ * 
              \SPIM:BSPIM:state_0\
            + !\SPIM:BSPIM:state_2\ * \SPIM:BSPIM:state_1\ * 
              !\SPIM:BSPIM:state_0\ * !\SPIM:BSPIM:count_4\ * 
              !\SPIM:BSPIM:count_3\ * !\SPIM:BSPIM:count_2\ * 
              \SPIM:BSPIM:count_1\ * !\SPIM:BSPIM:count_0\ * 
              !\SPIM:BSPIM:ld_ident\
            + !\SPIM:BSPIM:state_2\ * \SPIM:BSPIM:state_0\ * 
              !\SPIM:BSPIM:count_4\ * !\SPIM:BSPIM:count_3\ * 
              \SPIM:BSPIM:count_2\ * !\SPIM:BSPIM:count_1\ * 
              \SPIM:BSPIM:count_0\ * !\SPIM:BSPIM:tx_status_1\
        );
        Output = \SPIM:BSPIM:state_2\ (fanout=13)

    MacroCell: Name=\SPIM:BSPIM:state_1\, Mode=(T-Register)
        Total # of inputs        : 10
        Total # of product terms : 4
        List of special equations: 
            Clock  = (\SPIM:Net_276_digital\) => Global
            Clock Enable: True
        Main Equation            : 4 pterms
        (
              !\SPIM:BSPIM:state_2\ * !\SPIM:BSPIM:state_1\ * 
              \SPIM:BSPIM:state_0\
            + !\SPIM:BSPIM:state_2\ * \SPIM:BSPIM:state_0\ * 
              !\SPIM:BSPIM:count_4\ * !\SPIM:BSPIM:count_3\ * 
              \SPIM:BSPIM:count_2\ * !\SPIM:BSPIM:count_1\ * 
              \SPIM:BSPIM:count_0\ * !\SPIM:BSPIM:tx_status_1\
            + \SPIM:BSPIM:state_2\ * !\SPIM:BSPIM:state_0\
            + \SPIM:BSPIM:state_1\ * !\SPIM:BSPIM:state_0\ * 
              !\SPIM:BSPIM:count_4\ * !\SPIM:BSPIM:count_3\ * 
              !\SPIM:BSPIM:count_2\ * \SPIM:BSPIM:count_1\ * 
              !\SPIM:BSPIM:count_0\ * !\SPIM:BSPIM:ld_ident\
        );
        Output = \SPIM:BSPIM:state_1\ (fanout=13)

    MacroCell: Name=\SPIM:BSPIM:state_0\, Mode=(T-Register)
        Total # of inputs        : 4
        Total # of product terms : 3
        List of special equations: 
            Clock  = (\SPIM:Net_276_digital\) => Global
            Clock Enable: True
        Main Equation            : 3 pterms
        (
              !\SPIM:BSPIM:state_2\ * \SPIM:BSPIM:state_1\
            + \SPIM:BSPIM:state_2\ * !\SPIM:BSPIM:state_1\
            + !\SPIM:BSPIM:state_1\ * !\SPIM:BSPIM:state_0\ * 
              !\SPIM:BSPIM:tx_status_1\
        );
        Output = \SPIM:BSPIM:state_0\ (fanout=13)

    MacroCell: Name=Net_250, Mode=(D-Register)
        Total # of inputs        : 4
        Total # of product terms : 4
        List of special equations: 
            Clock  = (\SPIM:Net_276_digital\) => Global
            Clock Enable: True
        Main Equation            : 4 pterms
        !(
              !\SPIM:BSPIM:state_2\ * !\SPIM:BSPIM:state_1\ * 
              \SPIM:BSPIM:state_0\
            + !\SPIM:BSPIM:state_2\ * \SPIM:BSPIM:state_1\ * !Net_250
            + \SPIM:BSPIM:state_2\ * !\SPIM:BSPIM:state_1\ * 
              !\SPIM:BSPIM:state_0\ * !Net_250
            + \SPIM:BSPIM:state_1\ * \SPIM:BSPIM:state_0\ * !Net_250
        );
        Output = Net_250 (fanout=2)

    MacroCell: Name=\SPIM:BSPIM:load_cond\, Mode=(T-Register)
        Total # of inputs        : 9
        Total # of product terms : 4
        List of special equations: 
            Clock  = (\SPIM:Net_276_digital\) => Global
            Clock Enable: True
        Main Equation            : 4 pterms
        (
              !\SPIM:BSPIM:state_2\ * !\SPIM:BSPIM:count_4\ * 
              !\SPIM:BSPIM:count_3\ * !\SPIM:BSPIM:count_2\ * 
              !\SPIM:BSPIM:count_1\ * !\SPIM:BSPIM:count_0\ * 
              \SPIM:BSPIM:load_cond\
            + \SPIM:BSPIM:state_2\ * !\SPIM:BSPIM:state_1\ * 
              !\SPIM:BSPIM:state_0\ * !\SPIM:BSPIM:load_cond\
            + \SPIM:BSPIM:state_1\ * !\SPIM:BSPIM:count_4\ * 
              !\SPIM:BSPIM:count_3\ * !\SPIM:BSPIM:count_2\ * 
              !\SPIM:BSPIM:count_1\ * !\SPIM:BSPIM:count_0\ * 
              \SPIM:BSPIM:load_cond\
            + \SPIM:BSPIM:state_0\ * !\SPIM:BSPIM:count_4\ * 
              !\SPIM:BSPIM:count_3\ * !\SPIM:BSPIM:count_2\ * 
              !\SPIM:BSPIM:count_1\ * !\SPIM:BSPIM:count_0\ * 
              \SPIM:BSPIM:load_cond\
        );
        Output = \SPIM:BSPIM:load_cond\ (fanout=1)

    MacroCell: Name=\SPIM:BSPIM:ld_ident\, Mode=(T-Register)
        Total # of inputs        : 9
        Total # of product terms : 3
        List of special equations: 
            Clock  = (\SPIM:Net_276_digital\) => Global
            Clock Enable: True
        Main Equation            : 3 pterms
        (
              \SPIM:BSPIM:state_2\ * !\SPIM:BSPIM:state_1\ * 
              !\SPIM:BSPIM:state_0\ * !\SPIM:BSPIM:ld_ident\
            + \SPIM:BSPIM:state_2\ * \SPIM:BSPIM:state_1\ * 
              !\SPIM:BSPIM:state_0\ * \SPIM:BSPIM:ld_ident\
            + \SPIM:BSPIM:state_1\ * !\SPIM:BSPIM:state_0\ * 
              !\SPIM:BSPIM:count_4\ * !\SPIM:BSPIM:count_3\ * 
              !\SPIM:BSPIM:count_2\ * \SPIM:BSPIM:count_1\ * 
              !\SPIM:BSPIM:count_0\ * \SPIM:BSPIM:ld_ident\
        );
        Output = \SPIM:BSPIM:ld_ident\ (fanout=4)

    MacroCell: Name=\SPIM:BSPIM:cnt_enable\, Mode=(T-Register)
        Total # of inputs        : 4
        Total # of product terms : 4
        List of special equations: 
            Clock  = (\SPIM:Net_276_digital\) => Global
            Clock Enable: True
        Main Equation            : 4 pterms
        (
              !\SPIM:BSPIM:state_2\ * !\SPIM:BSPIM:state_1\ * 
              !\SPIM:BSPIM:state_0\ * \SPIM:BSPIM:cnt_enable\
            + !\SPIM:BSPIM:state_2\ * \SPIM:BSPIM:state_1\ * 
              \SPIM:BSPIM:state_0\ * !\SPIM:BSPIM:cnt_enable\
            + \SPIM:BSPIM:state_2\ * !\SPIM:BSPIM:state_1\ * 
              \SPIM:BSPIM:state_0\ * \SPIM:BSPIM:cnt_enable\
            + \SPIM:BSPIM:state_2\ * \SPIM:BSPIM:state_1\ * 
              !\SPIM:BSPIM:state_0\ * \SPIM:BSPIM:cnt_enable\
        );
        Output = \SPIM:BSPIM:cnt_enable\ (fanout=2)

    MacroCell: Name=\PWM:PWMUDB:runmode_enable\, Mode=(D-Register)
        Total # of inputs        : 1
        Total # of product terms : 1
        List of special equations: 
            Clock  = (Net_592_digital) => Global
            Clock Enable: True
        Main Equation            : 1 pterm
        (
              \PWM:PWMUDB:control_7\
        );
        Output = \PWM:PWMUDB:runmode_enable\ (fanout=2)

    MacroCell: Name=Net_1929, Mode=(D-Register)
        Total # of inputs        : 2
        Total # of product terms : 1
        List of special equations: 
            Clock  = (Net_592_digital) => Global
            Clock Enable: True
        Main Equation            : 1 pterm
        (
              \PWM:PWMUDB:runmode_enable\ * \PWM:PWMUDB:cmp1_less\
        );
        Output = Net_1929 (fanout=1)
    </CYPRESSTAG>
    <CYPRESSTAG name="Datapath listing">

    ------------------------------------------------------------
    Datapath listing
    ------------------------------------------------------------

    datapathcell: Name =\SPIM:BSPIM:sR16:Dp:u0\
        PORT MAP (
            clock => \SPIM:Net_276_digital\ ,
            cs_addr_2 => \SPIM:BSPIM:state_2\ ,
            cs_addr_1 => \SPIM:BSPIM:state_1\ ,
            cs_addr_0 => \SPIM:BSPIM:state_0\ ,
            f1_load => \SPIM:BSPIM:load_rx_data\ ,
            so_comb => \SPIM:BSPIM:mosi_from_dp\ ,
            chain_out => \SPIM:BSPIM:sR16:Dp:carry\ );
        Properties:
        {
            a0_init = "00000000"
            a1_init = "00000000"
            ce0_sync = 1
            ce1_sync = 1
            cl0_sync = 1
            cl1_sync = 1
            cmsb_sync = 1
            co_msb_sync = 1
            cy_dpconfig = "0000000000000000000000001100000000000010010000000001001000010000000000101100000000010010000000000000001001000000000000100100000011111111000000001111111111111111000000000000001101001000011100000000000000000100"
            d0_init = "00000000"
            d1_init = "00000000"
            f0_blk_sync = 1
            f0_bus_sync = 1
            f1_blk_sync = 1
            f1_bus_sync = 1
            ff0_sync = 1
            ff1_sync = 1
            ov_msb_sync = 1
            so_sync = 1
            z0_sync = 1
            z1_sync = 1
        }
        Clock Polarity: Active High
        Clock Enable: True
        Next in chain : \SPIM:BSPIM:sR16:Dp:u1\

    datapathcell: Name =\SPIM:BSPIM:sR16:Dp:u1\
        PORT MAP (
            clock => \SPIM:Net_276_digital\ ,
            cs_addr_2 => \SPIM:BSPIM:state_2\ ,
            cs_addr_1 => \SPIM:BSPIM:state_1\ ,
            cs_addr_0 => \SPIM:BSPIM:state_0\ ,
            f1_load => \SPIM:BSPIM:load_rx_data\ ,
            f0_bus_stat_comb => \SPIM:BSPIM:tx_status_2\ ,
            f0_blk_stat_comb => \SPIM:BSPIM:tx_status_1\ ,
            f1_bus_stat_comb => \SPIM:BSPIM:rx_status_5\ ,
            f1_blk_stat_comb => \SPIM:BSPIM:rx_status_4\ ,
            chain_in => \SPIM:BSPIM:sR16:Dp:carry\ );
        Properties:
        {
            a0_init = "00000000"
            a1_init = "00000000"
            ce0_sync = 1
            ce1_sync = 1
            cl0_sync = 1
            cl1_sync = 1
            cmsb_sync = 1
            co_msb_sync = 1
            cy_dpconfig = "0000000000000000000000001100000000000010010000000001001000010000000000101100000000010010000000000000001001000000000000100100000011111111000000001111111111111111000000000010001001001000111100000000000000000100"
            d0_init = "00000000"
            d1_init = "00000000"
            f0_blk_sync = 1
            f0_bus_sync = 1
            f1_blk_sync = 1
            f1_bus_sync = 1
            ff0_sync = 1
            ff1_sync = 1
            ov_msb_sync = 1
            so_sync = 1
            z0_sync = 1
            z1_sync = 1
        }
        Clock Polarity: Active High
        Clock Enable: True
        Previous in chain : \SPIM:BSPIM:sR16:Dp:u0\

    datapathcell: Name =\PWM:PWMUDB:sP8:pwmdp:u0\
        PORT MAP (
            clock => Net_592_digital ,
            cs_addr_2 => \PWM:PWMUDB:tc_i\ ,
            cs_addr_1 => \PWM:PWMUDB:runmode_enable\ ,
            cl0_comb => \PWM:PWMUDB:cmp1_less\ ,
            z0_comb => \PWM:PWMUDB:tc_i\ );
        Properties:
        {
            a0_init = "00000000"
            a1_init = "00000000"
            ce0_sync = 1
            ce1_sync = 1
            cl0_sync = 1
            cl1_sync = 1
            cmsb_sync = 1
            co_msb_sync = 1
            cy_dpconfig = "0000000001000000000000001100000001000000010000000000000011000000000000001100000000000000110000000000000011000000000000001100000011111111000000001111111111111111101000000000000000000100000000000000000000011000"
            d0_init = "00000000"
            d1_init = "00000000"
            f0_blk_sync = 1
            f0_bus_sync = 1
            f1_blk_sync = 1
            f1_bus_sync = 1
            ff0_sync = 1
            ff1_sync = 1
            ov_msb_sync = 1
            so_sync = 1
            z0_sync = 1
            z1_sync = 1
        }
        Clock Polarity: Active High
        Clock Enable: True
    </CYPRESSTAG>
    <CYPRESSTAG name="Status register listing">
    </CYPRESSTAG>
    <CYPRESSTAG name="StatusI register listing">

    ------------------------------------------------------------
    StatusI register listing
    ------------------------------------------------------------

    statusicell: Name =\SPIM:BSPIM:TxStsReg\
        PORT MAP (
            clock => \SPIM:Net_276_digital\ ,
            status_4 => \SPIM:BSPIM:tx_status_4\ ,
            status_3 => \SPIM:BSPIM:load_rx_data\ ,
            status_2 => \SPIM:BSPIM:tx_status_2\ ,
            status_1 => \SPIM:BSPIM:tx_status_1\ ,
            status_0 => \SPIM:BSPIM:tx_status_0\ );
        Properties:
        {
            cy_force_order = 1
            cy_int_mask = "0000000"
            cy_md_select = "0001001"
        }
        Clock Polarity: Active High
        Clock Enable: True

    statusicell: Name =\SPIM:BSPIM:RxStsReg\
        PORT MAP (
            clock => \SPIM:Net_276_digital\ ,
            status_6 => \SPIM:BSPIM:rx_status_6\ ,
            status_5 => \SPIM:BSPIM:rx_status_5\ ,
            status_4 => \SPIM:BSPIM:rx_status_4\ );
        Properties:
        {
            cy_force_order = 1
            cy_int_mask = "0000000"
            cy_md_select = "1000000"
        }
        Clock Polarity: Active High
        Clock Enable: True
    </CYPRESSTAG>
    <CYPRESSTAG name="Sync listing">
    </CYPRESSTAG>
    <CYPRESSTAG name="Control register listing">

    ------------------------------------------------------------
    Control register listing
    ------------------------------------------------------------

    controlcell: Name =\PWM:PWMUDB:genblk1:ctrlreg\
        PORT MAP (
            clock => Net_592_digital ,
            control_7 => \PWM:PWMUDB:control_7\ ,
            control_6 => \PWM:PWMUDB:control_6\ ,
            control_5 => \PWM:PWMUDB:control_5\ ,
            control_4 => \PWM:PWMUDB:control_4\ ,
            control_3 => \PWM:PWMUDB:control_3\ ,
            control_2 => \PWM:PWMUDB:control_2\ ,
            control_1 => \PWM:PWMUDB:control_1\ ,
            control_0 => \PWM:PWMUDB:control_0\ );
        Properties:
        {
            cy_ctrl_mode_0 = "11111111"
            cy_ctrl_mode_1 = "00000000"
            cy_ext_reset = 0
            cy_force_order = 1
            cy_init_value = "00000000"
        }
        Clock Polarity: Active High
        Clock Enable: True
    </CYPRESSTAG>
    <CYPRESSTAG name="Count7 listing">

    ------------------------------------------------------------
    Count7 listing
    ------------------------------------------------------------

    count7cell: Name =\SPIM:BSPIM:BitCounter\
        PORT MAP (
            clock => \SPIM:Net_276_digital\ ,
            enable => \SPIM:BSPIM:cnt_enable\ ,
            count_6 => \SPIM:BSPIM:count_6\ ,
            count_5 => \SPIM:BSPIM:count_5\ ,
            count_4 => \SPIM:BSPIM:count_4\ ,
            count_3 => \SPIM:BSPIM:count_3\ ,
            count_2 => \SPIM:BSPIM:count_2\ ,
            count_1 => \SPIM:BSPIM:count_1\ ,
            count_0 => \SPIM:BSPIM:count_0\ ,
            tc => \SPIM:BSPIM:cnt_tc\ );
        Properties:
        {
            cy_alt_mode = 0
            cy_init_value = "0000000"
            cy_period = "0011111"
            cy_route_en = 1
            cy_route_ld = 0
        }
        Clock Polarity: Active High
        Clock Enable: True
    </CYPRESSTAG>
    <CYPRESSTAG name="DRQ listing">
    </CYPRESSTAG>
    <CYPRESSTAG name="Interrupt listing">

    ------------------------------------------------------------
    Interrupt listing
    ------------------------------------------------------------

    interrupt: Name =\BLE_1:bless_isr\
        PORT MAP (
            interrupt => \BLE_1:Net_15\ );
        Properties:
        {
            int_type = "10"
            is_nmi = 0
        }

    interrupt: Name =\CapSense:ISR\
        PORT MAP (
            interrupt => \CapSense:Net_815\ );
        Properties:
        {
            int_type = "10"
            is_nmi = 0
        }

    interrupt: Name =SW2_Interrupt
        PORT MAP (
            interrupt => Net_497 );
        Properties:
        {
            int_type = "10"
            is_nmi = 0
        }

    interrupt: Name =\ADC_SAR:IRQ\
        PORT MAP (
            interrupt => \ADC_SAR:Net_3112\ );
        Properties:
        {
            int_type = "10"
            is_nmi = 0
        }

    interrupt: Name =isr_sar_adc
        PORT MAP (
            interrupt => Net_2731 );
        Properties:
        {
            int_type = "00"
            is_nmi = 0
        }
    </CYPRESSTAG>
</CYPRESSTAG>
<CYPRESSTAG name="Technology mapping summary" expanded>

------------------------------------------------------------
Technology mapping summary
------------------------------------------------------------

Resource Type                 : Used : Free :  Max :  % Used
============================================================
Digital Clocks                :    2 :    2 :    4 : 50.00 %
Interrupts                    :    5 :   27 :   32 : 15.63 %
IO                            :   26 :   12 :   38 : 68.42 %
Segment LCD                   :    0 :    1 :    1 :  0.00 %
CapSense                      :    1 :    0 :    1 : 100.00 %
Die Temp                      :    0 :    1 :    1 :  0.00 %
Serial Communication (SCB)    :    1 :    1 :    2 : 50.00 %
BLE                           :    1 :    0 :    1 : 100.00 %
DMA Channels                  :    0 :    8 :    8 :  0.00 %
Timer/Counter/PWM             :    0 :    4 :    4 :  0.00 %
UDB                           :      :      :      :        
  Macrocells                  :   17 :   15 :   32 : 53.13 %
  Unique P-terms              :   36 :   28 :   64 : 56.25 %
  Total P-terms               :   41 :      :      :        
  Datapath Cells              :    3 :    1 :    4 : 75.00 %
  Status Cells                :    3 :    1 :    4 : 75.00 %
    StatusI Registers         :    2 :      :      :        
    Routed Count7 Load/Enable :    1 :      :      :        
  Control Cells               :    2 :    2 :    4 : 50.00 %
    Control Registers         :    1 :      :      :        
    Count7 Cells              :    1 :      :      :        
Comparator/Opamp              :    0 :    4 :    4 :  0.00 %
LP Comparator                 :    0 :    2 :    2 :  0.00 %
SAR ADC                       :    1 :    0 :    1 : 100.00 %
DAC                           :      :      :      :        
  7-bit IDAC                  :    0 :    1 :    1 :  0.00 %
  8-bit IDAC                  :    1 :    0 :    1 : 100.00 %
</CYPRESSTAG>
Technology Mapping: Elapsed time ==> 0s.061ms
Tech Mapping phase: Elapsed time ==> 0s.080ms
</CYPRESSTAG>
<CYPRESSTAG name="Analog Placement">
<CYPRESSTAG name="FFB & IO Pre Placement">
<CYPRESSTAG name="Placement" icon="FILE_RPT_PLACEMENT">

Cell                                : Block                              
=========================================================================
\UART_DEB:tx(0)\                    : [IOP=(1)][IoId=(5)]                
\UART_DEB:rx(0)\                    : [IOP=(1)][IoId=(4)]                
Digtal_Output_LED(0)                : [IOP=(3)][IoId=(7)]                
Advertising_LED(0)                  : [IOP=(3)][IoId=(6)]                
\CapSense:Cmod(0)\                  : [IOP=(4)][IoId=(0)]                
\CapSense:Sns(0)\                   : [IOP=(2)][IoId=(1)]                
\CapSense:Sns(1)\                   : [IOP=(2)][IoId=(2)]                
\CapSense:Sns(2)\                   : [IOP=(2)][IoId=(3)]                
\CapSense:Sns(3)\                   : [IOP=(2)][IoId=(4)]                
\CapSense:Sns(4)\                   : [IOP=(2)][IoId=(5)]                
SW2(0)                              : [IOP=(2)][IoId=(7)]                
Pin_SPI_SCLK(0)                     : [IOP=(1)][IoId=(0)]                
Pin_SPI_MOSI(0)                     : [IOP=(0)][IoId=(5)]                
LED_D(0)                            : [IOP=(0)][IoId=(0)]                
LED_D(1)                            : [IOP=(0)][IoId=(1)]                
LED_D(2)                            : [IOP=(0)][IoId=(2)]                
LED_D(3)                            : [IOP=(0)][IoId=(3)]                
Pin_SPI_SS(0)                       : [IOP=(1)][IoId=(3)]                
Pin_Buttons(0)                      : [IOP=(3)][IoId=(1)]                
Pin_Buttons(1)                      : [IOP=(3)][IoId=(2)]                
Pin_Buttons(2)                      : [IOP=(3)][IoId=(3)]                
Pin_Potentiometr(0)                 : [IOP=(3)][IoId=(0)]                
ClockGenBlock                       : CLK_GEN_[FFB(CLK_GEN,0)]           
\UART_DEB:SCB\                      : SCB_[FFB(SCB,0)]                   
\BLE_1:cy_m0s8_ble\                 : BLE_[FFB(BLE,0)]                   
\CapSense:CSD\                      : CSD_[FFB(CSD,0)]                   
\CapSense:IDACMod:cy_psoc4_idac\    : CSIDAC8_[FFB(CSIDAC8,0)]           
\ADC_SAR:cy_psoc4_sar\              : SARADC_[FFB(SARADC,0)]             

</CYPRESSTAG>
</CYPRESSTAG>
<CYPRESSTAG name="Real Analog Placement">
Elapsed time ==> 0.1281380s
</CYPRESSTAG>
Analog Placement phase: Elapsed time ==> 0s.297ms
</CYPRESSTAG>
<CYPRESSTAG name="Analog Routing">
<CYPRESSTAG name="Analog Routing">
Route success=True, Iterations=1 Elapsed=0.0046391 secs
</CYPRESSTAG>
Analog Routing phase: Elapsed time ==> 0s.016ms
</CYPRESSTAG>
<CYPRESSTAG name="Analog Code Generation">
============ Analog Final Answer Routes ============
Dump of CyAnalogRoutingResultsDB
Map of net to items {
  Net: Net_2738 {
    p3_0
    PASS0_SARMUX0_sw0
    PASS0_sarmux_vplus
  }
  Net: \ADC_SAR:Net_3113\ {
  }
  Net: \ADC_SAR:Net_3227\ {
  }
  Net: \ADC_SAR:mux_bus_minus_0\ {
  }
  Net: \ADC_SAR:mux_bus_minus_1\ {
  }
  Net: \ADC_SAR:mux_bus_plus_1\ {
  }
  Net: \CapSense:Net_1909_0\ {
    source0
    swh_13
    amuxbusa_sar
    P2_P42
    p2_2
    P2_P41
    p2_1
    P2_P43
    p2_3
    P2_P44
    p2_4
    P2_P45
    p2_5
    idac0_out
    swhv_1
    P4_P40
    p4_0
  }
}
Map of item to net {
  p3_0                                             -> Net_2738
  PASS0_SARMUX0_sw0                                -> Net_2738
  PASS0_sarmux_vplus                               -> Net_2738
  source0                                          -> \CapSense:Net_1909_0\
  swh_13                                           -> \CapSense:Net_1909_0\
  amuxbusa_sar                                     -> \CapSense:Net_1909_0\
  P2_P42                                           -> \CapSense:Net_1909_0\
  p2_2                                             -> \CapSense:Net_1909_0\
  P2_P41                                           -> \CapSense:Net_1909_0\
  p2_1                                             -> \CapSense:Net_1909_0\
  P2_P43                                           -> \CapSense:Net_1909_0\
  p2_3                                             -> \CapSense:Net_1909_0\
  P2_P44                                           -> \CapSense:Net_1909_0\
  p2_4                                             -> \CapSense:Net_1909_0\
  P2_P45                                           -> \CapSense:Net_1909_0\
  p2_5                                             -> \CapSense:Net_1909_0\
  idac0_out                                        -> \CapSense:Net_1909_0\
  swhv_1                                           -> \CapSense:Net_1909_0\
  P4_P40                                           -> \CapSense:Net_1909_0\
  p4_0                                             -> \CapSense:Net_1909_0\
}
Mux Info {
}
Analog Code Generation phase: Elapsed time ==> 0s.015ms
</CYPRESSTAG>
<CYPRESSTAG name="Digital Placement">
<CYPRESSTAG name="Detailed placement messages">
I2076: Total run-time: 0.5 sec.

</CYPRESSTAG>
<CYPRESSTAG name="PLD Packing">
<CYPRESSTAG name="PLD Packing Summary" expanded>

------------------------------------------------------------
PLD Packing Summary
------------------------------------------------------------
            Resource Type : Used : Free :  Max :  % Used
    ====================================================
                     PLDs :    8 :    0 :    8 : 100.00%

<CYPRESSTAG name="PLD Statistics">

        PLD Resource Type :     Average/LAB
    =======================================
                   Inputs :            6.13
                   Pterms :            4.75
               Macrocells :            2.13
</CYPRESSTAG>
<CYPRESSTAG name="Packed PLD Contents">
Packed PLD Contents not displayed at this verbose level.</CYPRESSTAG>
</CYPRESSTAG>
PLD Packing: Elapsed time ==> 0s.000ms
</CYPRESSTAG>
<CYPRESSTAG name="Partitioning">
<CYPRESSTAG name="Initial Partitioning Summary">
Initial Partitioning Summary not displayed at this verbose level.</CYPRESSTAG>
<CYPRESSTAG name="Final Partitioning Summary">
Final Partitioning Summary not displayed at this verbose level.</CYPRESSTAG>
Partitioning: Elapsed time ==> 0s.013ms
</CYPRESSTAG>
<CYPRESSTAG name="Final Placement Summary">

------------------------------------------------------------
Final Placement Summary
------------------------------------------------------------

       Resource Type :      Count : Avg Inputs : Avg Outputs
    ========================================================
                 UDB :          4 :       9.25 :       4.25
<CYPRESSTAG name="Final Placement Details">
<CYPRESSTAG name="Component Details">

------------------------------------------------------------
Component Placement Details
------------------------------------------------------------
UDB [UDB=(0,0)] contents:
LAB@[UDB=(0,0)][LB=0] #macrocells=2, #inputs=3, #pterms=2
{
    [McSlotId=0]:     MacroCell: Name=Net_1929, Mode=(D-Register) @ [UDB=(0,0)][LB=0][MC=0]
        Total # of inputs        : 2
        Total # of product terms : 1
        List of special equations: 
            Clock  = (Net_592_digital) => Global
            Clock Enable: True
        Main Equation            : 1 pterm
        (
              \PWM:PWMUDB:runmode_enable\ * \PWM:PWMUDB:cmp1_less\
        );
        Output = Net_1929 (fanout=1)
        Properties               : 
        {
        }

    [McSlotId=1]:     MacroCell: Name=\PWM:PWMUDB:runmode_enable\, Mode=(D-Register) @ [UDB=(0,0)][LB=0][MC=1]
        Total # of inputs        : 1
        Total # of product terms : 1
        List of special equations: 
            Clock  = (Net_592_digital) => Global
            Clock Enable: True
        Main Equation            : 1 pterm
        (
              \PWM:PWMUDB:control_7\
        );
        Output = \PWM:PWMUDB:runmode_enable\ (fanout=2)
        Properties               : 
        {
        }

    [McSlotId=2]: (empty)
    [McSlotId=3]: (empty)
}

LAB@[UDB=(0,0)][LB=1] #macrocells=1, #inputs=4, #pterms=4
{
    [McSlotId=0]: (empty)
    [McSlotId=1]: (empty)
    [McSlotId=2]:     MacroCell: Name=\SPIM:BSPIM:cnt_enable\, Mode=(T-Register) @ [UDB=(0,0)][LB=1][MC=2]
        Total # of inputs        : 4
        Total # of product terms : 4
        List of special equations: 
            Clock  = (\SPIM:Net_276_digital\) => Global
            Clock Enable: True
        Main Equation            : 4 pterms
        (
              !\SPIM:BSPIM:state_2\ * !\SPIM:BSPIM:state_1\ * 
              !\SPIM:BSPIM:state_0\ * \SPIM:BSPIM:cnt_enable\
            + !\SPIM:BSPIM:state_2\ * \SPIM:BSPIM:state_1\ * 
              \SPIM:BSPIM:state_0\ * !\SPIM:BSPIM:cnt_enable\
            + \SPIM:BSPIM:state_2\ * !\SPIM:BSPIM:state_1\ * 
              \SPIM:BSPIM:state_0\ * \SPIM:BSPIM:cnt_enable\
            + \SPIM:BSPIM:state_2\ * \SPIM:BSPIM:state_1\ * 
              !\SPIM:BSPIM:state_0\ * \SPIM:BSPIM:cnt_enable\
        );
        Output = \SPIM:BSPIM:cnt_enable\ (fanout=3)
        Properties               : 
        {
        }

    [McSlotId=3]: (empty)
}

datapathcell: Name =\PWM:PWMUDB:sP8:pwmdp:u0\
    PORT MAP (
        clock => Net_592_digital ,
        cs_addr_2 => \PWM:PWMUDB:tc_i\ ,
        cs_addr_1 => \PWM:PWMUDB:runmode_enable\ ,
        cl0_comb => \PWM:PWMUDB:cmp1_less\ ,
        z0_comb => \PWM:PWMUDB:tc_i\ );
    Properties:
    {
        a0_init = "00000000"
        a1_init = "00000000"
        ce0_sync = 1
        ce1_sync = 1
        cl0_sync = 1
        cl1_sync = 1
        cmsb_sync = 1
        co_msb_sync = 1
        cy_dpconfig = "0000000001000000000000001100000001000000010000000000000011000000000000001100000000000000110000000000000011000000000000001100000011111111000000001111111111111111101000000000000000000100000000000000000000011000"
        d0_init = "00000000"
        d1_init = "00000000"
        f0_blk_sync = 1
        f0_bus_sync = 1
        f1_blk_sync = 1
        f1_bus_sync = 1
        ff0_sync = 1
        ff1_sync = 1
        ov_msb_sync = 1
        so_sync = 1
        z0_sync = 1
        z1_sync = 1
    }
    Clock Polarity: Active High
    Clock Enable: True

controlcell: Name =\PWM:PWMUDB:genblk1:ctrlreg\
    PORT MAP (
        clock => Net_592_digital ,
        control_7 => \PWM:PWMUDB:control_7\ ,
        control_6 => \PWM:PWMUDB:control_6\ ,
        control_5 => \PWM:PWMUDB:control_5\ ,
        control_4 => \PWM:PWMUDB:control_4\ ,
        control_3 => \PWM:PWMUDB:control_3\ ,
        control_2 => \PWM:PWMUDB:control_2\ ,
        control_1 => \PWM:PWMUDB:control_1\ ,
        control_0 => \PWM:PWMUDB:control_0\ );
    Properties:
    {
        cy_ctrl_mode_0 = "11111111"
        cy_ctrl_mode_1 = "00000000"
        cy_ext_reset = 0
        cy_force_order = 1
        cy_init_value = "00000000"
    }
    Clock Polarity: Active High
    Clock Enable: True

UDB [UDB=(0,1)] contents:
LAB@[UDB=(0,1)][LB=0] #macrocells=3, #inputs=11, #pterms=8
{
    [McSlotId=0]:     MacroCell: Name=\SPIM:BSPIM:load_rx_data\, Mode=(Combinatorial) @ [UDB=(0,1)][LB=0][MC=0]
        Total # of inputs        : 5
        Total # of product terms : 1
            Clock Enable: True
        Main Equation            : 1 pterm
        (
              !\SPIM:BSPIM:count_4\ * !\SPIM:BSPIM:count_3\ * 
              !\SPIM:BSPIM:count_2\ * !\SPIM:BSPIM:count_1\ * 
              \SPIM:BSPIM:count_0\
        );
        Output = \SPIM:BSPIM:load_rx_data\ (fanout=3)
        Properties               : 
        {
        }

    [McSlotId=1]:     MacroCell: Name=Net_248, Mode=(D-Register) @ [UDB=(0,1)][LB=0][MC=1]
        Total # of inputs        : 11
        Total # of product terms : 7
        List of special equations: 
            Clock  = (\SPIM:Net_276_digital\) => Global
            Clock Enable: True
        Main Equation            : 7 pterms
        !(
              !Net_248 * !\SPIM:BSPIM:state_2\ * \SPIM:BSPIM:state_0\
            + !\SPIM:BSPIM:state_2\ * !\SPIM:BSPIM:state_1\ * 
              !\SPIM:BSPIM:state_0\
            + !\SPIM:BSPIM:state_2\ * !\SPIM:BSPIM:state_0\ * 
              !\SPIM:BSPIM:count_4\ * !\SPIM:BSPIM:count_3\ * 
              !\SPIM:BSPIM:count_2\ * \SPIM:BSPIM:count_1\ * 
              !\SPIM:BSPIM:count_0\ * !\SPIM:BSPIM:ld_ident\
            + \SPIM:BSPIM:state_2\ * !\SPIM:BSPIM:state_1\ * 
              \SPIM:BSPIM:state_0\
            + \SPIM:BSPIM:state_2\ * \SPIM:BSPIM:state_1\ * 
              !\SPIM:BSPIM:state_0\
            + \SPIM:BSPIM:state_2\ * !\SPIM:BSPIM:mosi_from_dp\
            + !\SPIM:BSPIM:state_0\ * !\SPIM:BSPIM:mosi_from_dp\
        );
        Output = Net_248 (fanout=2)
        Properties               : 
        {
        }

    [McSlotId=2]:     MacroCell: Name=\SPIM:BSPIM:tx_status_0\, Mode=(Combinatorial) @ [UDB=(0,1)][LB=0][MC=2]
        Total # of inputs        : 3
        Total # of product terms : 1
            Clock Enable: True
        Main Equation            : 1 pterm
        (
              \SPIM:BSPIM:state_2\ * !\SPIM:BSPIM:state_1\ * 
              \SPIM:BSPIM:state_0\
        );
        Output = \SPIM:BSPIM:tx_status_0\ (fanout=1)
        Properties               : 
        {
        }

    [McSlotId=3]: (empty)
}

LAB@[UDB=(0,1)][LB=1] #macrocells=3, #inputs=10, #pterms=8
{
    [McSlotId=0]:     MacroCell: Name=\SPIM:BSPIM:state_1\, Mode=(T-Register) @ [UDB=(0,1)][LB=1][MC=0]
        Total # of inputs        : 10
        Total # of product terms : 4
        List of special equations: 
            Clock  = (\SPIM:Net_276_digital\) => Global
            Clock Enable: True
        Main Equation            : 4 pterms
        (
              !\SPIM:BSPIM:state_2\ * !\SPIM:BSPIM:state_1\ * 
              \SPIM:BSPIM:state_0\
            + !\SPIM:BSPIM:state_2\ * \SPIM:BSPIM:state_0\ * 
              !\SPIM:BSPIM:count_4\ * !\SPIM:BSPIM:count_3\ * 
              \SPIM:BSPIM:count_2\ * !\SPIM:BSPIM:count_1\ * 
              \SPIM:BSPIM:count_0\ * !\SPIM:BSPIM:tx_status_1\
            + \SPIM:BSPIM:state_2\ * !\SPIM:BSPIM:state_0\
            + \SPIM:BSPIM:state_1\ * !\SPIM:BSPIM:state_0\ * 
              !\SPIM:BSPIM:count_4\ * !\SPIM:BSPIM:count_3\ * 
              !\SPIM:BSPIM:count_2\ * \SPIM:BSPIM:count_1\ * 
              !\SPIM:BSPIM:count_0\ * !\SPIM:BSPIM:ld_ident\
        );
        Output = \SPIM:BSPIM:state_1\ (fanout=13)
        Properties               : 
        {
        }

    [McSlotId=1]:     MacroCell: Name=\SPIM:BSPIM:state_2\, Mode=(D-Register) @ [UDB=(0,1)][LB=1][MC=1]
        Total # of inputs        : 10
        Total # of product terms : 3
        List of special equations: 
            Clock  = (\SPIM:Net_276_digital\) => Global
            Clock Enable: True
        Main Equation            : 3 pterms
        (
              !\SPIM:BSPIM:state_2\ * !\SPIM:BSPIM:state_1\ * 
              \SPIM:BSPIM:state_0\
            + !\SPIM:BSPIM:state_2\ * \SPIM:BSPIM:state_1\ * 
              !\SPIM:BSPIM:state_0\ * !\SPIM:BSPIM:count_4\ * 
              !\SPIM:BSPIM:count_3\ * !\SPIM:BSPIM:count_2\ * 
              \SPIM:BSPIM:count_1\ * !\SPIM:BSPIM:count_0\ * 
              !\SPIM:BSPIM:ld_ident\
            + !\SPIM:BSPIM:state_2\ * \SPIM:BSPIM:state_0\ * 
              !\SPIM:BSPIM:count_4\ * !\SPIM:BSPIM:count_3\ * 
              \SPIM:BSPIM:count_2\ * !\SPIM:BSPIM:count_1\ * 
              \SPIM:BSPIM:count_0\ * !\SPIM:BSPIM:tx_status_1\
        );
        Output = \SPIM:BSPIM:state_2\ (fanout=13)
        Properties               : 
        {
        }

    [McSlotId=2]:     MacroCell: Name=\SPIM:BSPIM:ld_ident\, Mode=(T-Register) @ [UDB=(0,1)][LB=1][MC=2]
        Total # of inputs        : 9
        Total # of product terms : 3
        List of special equations: 
            Clock  = (\SPIM:Net_276_digital\) => Global
            Clock Enable: True
        Main Equation            : 3 pterms
        (
              \SPIM:BSPIM:state_2\ * !\SPIM:BSPIM:state_1\ * 
              !\SPIM:BSPIM:state_0\ * !\SPIM:BSPIM:ld_ident\
            + \SPIM:BSPIM:state_2\ * \SPIM:BSPIM:state_1\ * 
              !\SPIM:BSPIM:state_0\ * \SPIM:BSPIM:ld_ident\
            + \SPIM:BSPIM:state_1\ * !\SPIM:BSPIM:state_0\ * 
              !\SPIM:BSPIM:count_4\ * !\SPIM:BSPIM:count_3\ * 
              !\SPIM:BSPIM:count_2\ * \SPIM:BSPIM:count_1\ * 
              !\SPIM:BSPIM:count_0\ * \SPIM:BSPIM:ld_ident\
        );
        Output = \SPIM:BSPIM:ld_ident\ (fanout=4)
        Properties               : 
        {
        }

    [McSlotId=3]: (empty)
}

datapathcell: Name =\SPIM:BSPIM:sR16:Dp:u0\
    PORT MAP (
        clock => \SPIM:Net_276_digital\ ,
        cs_addr_2 => \SPIM:BSPIM:state_2\ ,
        cs_addr_1 => \SPIM:BSPIM:state_1\ ,
        cs_addr_0 => \SPIM:BSPIM:state_0\ ,
        f1_load => \SPIM:BSPIM:load_rx_data\ ,
        so_comb => \SPIM:BSPIM:mosi_from_dp\ ,
        chain_out => \SPIM:BSPIM:sR16:Dp:carry\ );
    Properties:
    {
        a0_init = "00000000"
        a1_init = "00000000"
        ce0_sync = 1
        ce1_sync = 1
        cl0_sync = 1
        cl1_sync = 1
        cmsb_sync = 1
        co_msb_sync = 1
        cy_dpconfig = "0000000000000000000000001100000000000010010000000001001000010000000000101100000000010010000000000000001001000000000000100100000011111111000000001111111111111111000000000000001101001000011100000000000000000100"
        d0_init = "00000000"
        d1_init = "00000000"
        f0_blk_sync = 1
        f0_bus_sync = 1
        f1_blk_sync = 1
        f1_bus_sync = 1
        ff0_sync = 1
        ff1_sync = 1
        ov_msb_sync = 1
        so_sync = 1
        z0_sync = 1
        z1_sync = 1
    }
    Clock Polarity: Active High
    Clock Enable: True
    Next in chain : \SPIM:BSPIM:sR16:Dp:u1\

count7cell: Name =\SPIM:BSPIM:BitCounter\
    PORT MAP (
        clock => \SPIM:Net_276_digital\ ,
        enable => \SPIM:BSPIM:cnt_enable\ ,
        count_6 => \SPIM:BSPIM:count_6\ ,
        count_5 => \SPIM:BSPIM:count_5\ ,
        count_4 => \SPIM:BSPIM:count_4\ ,
        count_3 => \SPIM:BSPIM:count_3\ ,
        count_2 => \SPIM:BSPIM:count_2\ ,
        count_1 => \SPIM:BSPIM:count_1\ ,
        count_0 => \SPIM:BSPIM:count_0\ ,
        tc => \SPIM:BSPIM:cnt_tc\ );
    Properties:
    {
        cy_alt_mode = 0
        cy_init_value = "0000000"
        cy_period = "0011111"
        cy_route_en = 1
        cy_route_ld = 0
    }
    Clock Polarity: Active High
    Clock Enable: True

UDB [UDB=(1,0)] contents:
LAB@[UDB=(1,0)][LB=0] #macrocells=2, #inputs=5, #pterms=6
{
    [McSlotId=0]:     MacroCell: Name=Net_250, Mode=(D-Register) @ [UDB=(1,0)][LB=0][MC=0]
        Total # of inputs        : 4
        Total # of product terms : 4
        List of special equations: 
            Clock  = (\SPIM:Net_276_digital\) => Global
            Clock Enable: True
        Main Equation            : 4 pterms
        !(
              !\SPIM:BSPIM:state_2\ * !\SPIM:BSPIM:state_1\ * 
              \SPIM:BSPIM:state_0\
            + !\SPIM:BSPIM:state_2\ * \SPIM:BSPIM:state_1\ * !Net_250
            + \SPIM:BSPIM:state_2\ * !\SPIM:BSPIM:state_1\ * 
              !\SPIM:BSPIM:state_0\ * !Net_250
            + \SPIM:BSPIM:state_1\ * \SPIM:BSPIM:state_0\ * !Net_250
        );
        Output = Net_250 (fanout=2)
        Properties               : 
        {
        }

    [McSlotId=1]:     MacroCell: Name=Net_2750, Mode=(D-Register) @ [UDB=(1,0)][LB=0][MC=1]
        Total # of inputs        : 4
        Total # of product terms : 2
        List of special equations: 
            Clock  = (\SPIM:Net_276_digital\) => Global
            Clock Enable: True
        Main Equation            : 2 pterms
        (
              Net_2750 * \SPIM:BSPIM:state_1\ * \SPIM:BSPIM:state_0\
            + !\SPIM:BSPIM:state_2\ * \SPIM:BSPIM:state_1\ * 
              \SPIM:BSPIM:state_0\
        );
        Output = Net_2750 (fanout=2)
        Properties               : 
        {
        }

    [McSlotId=2]: (empty)
    [McSlotId=3]: (empty)
}

LAB@[UDB=(1,0)][LB=1] #macrocells=2, #inputs=5, #pterms=2
{
    [McSlotId=0]:     MacroCell: Name=Net_497, Mode=(Combinatorial) @ [UDB=(1,0)][LB=1][MC=0]
        Total # of inputs        : 2
        Total # of product terms : 1
            Clock Enable: True
        Main Equation            : 1 pterm
        !(
              !Net_820 * !Net_844
        );
        Output = Net_497 (fanout=1)
        Properties               : 
        {
        }

    [McSlotId=1]: (empty)
    [McSlotId=2]: (empty)
    [McSlotId=3]:     MacroCell: Name=\SPIM:BSPIM:tx_status_4\, Mode=(Combinatorial) @ [UDB=(1,0)][LB=1][MC=3]
        Total # of inputs        : 3
        Total # of product terms : 1
            Clock Enable: True
        Main Equation            : 1 pterm
        (
              !\SPIM:BSPIM:state_2\ * !\SPIM:BSPIM:state_1\ * 
              !\SPIM:BSPIM:state_0\
        );
        Output = \SPIM:BSPIM:tx_status_4\ (fanout=1)
        Properties               : 
        {
        }
}

statusicell: Name =\SPIM:BSPIM:TxStsReg\
    PORT MAP (
        clock => \SPIM:Net_276_digital\ ,
        status_4 => \SPIM:BSPIM:tx_status_4\ ,
        status_3 => \SPIM:BSPIM:load_rx_data\ ,
        status_2 => \SPIM:BSPIM:tx_status_2\ ,
        status_1 => \SPIM:BSPIM:tx_status_1\ ,
        status_0 => \SPIM:BSPIM:tx_status_0\ );
    Properties:
    {
        cy_force_order = 1
        cy_int_mask = "0000000"
        cy_md_select = "0001001"
    }
    Clock Polarity: Active High
    Clock Enable: True

UDB [UDB=(1,1)] contents:
LAB@[UDB=(1,1)][LB=0] #macrocells=3, #inputs=11, #pterms=8
{
    [McSlotId=0]:     MacroCell: Name=\SPIM:BSPIM:rx_status_6\, Mode=(Combinatorial) @ [UDB=(1,1)][LB=0][MC=0]
        Total # of inputs        : 6
        Total # of product terms : 1
            Clock Enable: True
        Main Equation            : 1 pterm
        (
              !\SPIM:BSPIM:count_4\ * !\SPIM:BSPIM:count_3\ * 
              !\SPIM:BSPIM:count_2\ * !\SPIM:BSPIM:count_1\ * 
              \SPIM:BSPIM:count_0\ * \SPIM:BSPIM:rx_status_4\
        );
        Output = \SPIM:BSPIM:rx_status_6\ (fanout=1)
        Properties               : 
        {
        }

    [McSlotId=1]:     MacroCell: Name=\SPIM:BSPIM:load_cond\, Mode=(T-Register) @ [UDB=(1,1)][LB=0][MC=1]
        Total # of inputs        : 9
        Total # of product terms : 4
        List of special equations: 
            Clock  = (\SPIM:Net_276_digital\) => Global
            Clock Enable: True
        Main Equation            : 4 pterms
        (
              !\SPIM:BSPIM:state_2\ * !\SPIM:BSPIM:count_4\ * 
              !\SPIM:BSPIM:count_3\ * !\SPIM:BSPIM:count_2\ * 
              !\SPIM:BSPIM:count_1\ * !\SPIM:BSPIM:count_0\ * 
              \SPIM:BSPIM:load_cond\
            + \SPIM:BSPIM:state_2\ * !\SPIM:BSPIM:state_1\ * 
              !\SPIM:BSPIM:state_0\ * !\SPIM:BSPIM:load_cond\
            + \SPIM:BSPIM:state_1\ * !\SPIM:BSPIM:count_4\ * 
              !\SPIM:BSPIM:count_3\ * !\SPIM:BSPIM:count_2\ * 
              !\SPIM:BSPIM:count_1\ * !\SPIM:BSPIM:count_0\ * 
              \SPIM:BSPIM:load_cond\
            + \SPIM:BSPIM:state_0\ * !\SPIM:BSPIM:count_4\ * 
              !\SPIM:BSPIM:count_3\ * !\SPIM:BSPIM:count_2\ * 
              !\SPIM:BSPIM:count_1\ * !\SPIM:BSPIM:count_0\ * 
              \SPIM:BSPIM:load_cond\
        );
        Output = \SPIM:BSPIM:load_cond\ (fanout=1)
        Properties               : 
        {
        }

    [McSlotId=2]:     MacroCell: Name=\SPIM:BSPIM:state_0\, Mode=(T-Register) @ [UDB=(1,1)][LB=0][MC=2]
        Total # of inputs        : 4
        Total # of product terms : 3
        List of special equations: 
            Clock  = (\SPIM:Net_276_digital\) => Global
            Clock Enable: True
        Main Equation            : 3 pterms
        (
              !\SPIM:BSPIM:state_2\ * \SPIM:BSPIM:state_1\
            + \SPIM:BSPIM:state_2\ * !\SPIM:BSPIM:state_1\
            + !\SPIM:BSPIM:state_1\ * !\SPIM:BSPIM:state_0\ * 
              !\SPIM:BSPIM:tx_status_1\
        );
        Output = \SPIM:BSPIM:state_0\ (fanout=13)
        Properties               : 
        {
        }

    [McSlotId=3]: (empty)
}

LAB@[UDB=(1,1)][LB=1] #macrocells=1, #inputs=0, #pterms=0
{
    [McSlotId=0]:     MacroCell: Name=__ONE__, Mode=(Combinatorial) @ [UDB=(1,1)][LB=1][MC=0]
        Total # of inputs        : 0
        Total # of product terms : 0
            Clock Enable: True
        Main Equation            : 0 pterms
        !(
            0
        );
        Output = __ONE__ (fanout=1)
        Properties               : 
        {
        }

    [McSlotId=1]: (empty)
    [McSlotId=2]: (empty)
    [McSlotId=3]: (empty)
}

datapathcell: Name =\SPIM:BSPIM:sR16:Dp:u1\
    PORT MAP (
        clock => \SPIM:Net_276_digital\ ,
        cs_addr_2 => \SPIM:BSPIM:state_2\ ,
        cs_addr_1 => \SPIM:BSPIM:state_1\ ,
        cs_addr_0 => \SPIM:BSPIM:state_0\ ,
        f1_load => \SPIM:BSPIM:load_rx_data\ ,
        f0_bus_stat_comb => \SPIM:BSPIM:tx_status_2\ ,
        f0_blk_stat_comb => \SPIM:BSPIM:tx_status_1\ ,
        f1_bus_stat_comb => \SPIM:BSPIM:rx_status_5\ ,
        f1_blk_stat_comb => \SPIM:BSPIM:rx_status_4\ ,
        chain_in => \SPIM:BSPIM:sR16:Dp:carry\ );
    Properties:
    {
        a0_init = "00000000"
        a1_init = "00000000"
        ce0_sync = 1
        ce1_sync = 1
        cl0_sync = 1
        cl1_sync = 1
        cmsb_sync = 1
        co_msb_sync = 1
        cy_dpconfig = "0000000000000000000000001100000000000010010000000001001000010000000000101100000000010010000000000000001001000000000000100100000011111111000000001111111111111111000000000010001001001000111100000000000000000100"
        d0_init = "00000000"
        d1_init = "00000000"
        f0_blk_sync = 1
        f0_bus_sync = 1
        f1_blk_sync = 1
        f1_bus_sync = 1
        ff0_sync = 1
        ff1_sync = 1
        ov_msb_sync = 1
        so_sync = 1
        z0_sync = 1
        z1_sync = 1
    }
    Clock Polarity: Active High
    Clock Enable: True
    Previous in chain : \SPIM:BSPIM:sR16:Dp:u0\

statusicell: Name =\SPIM:BSPIM:RxStsReg\
    PORT MAP (
        clock => \SPIM:Net_276_digital\ ,
        status_6 => \SPIM:BSPIM:rx_status_6\ ,
        status_5 => \SPIM:BSPIM:rx_status_5\ ,
        status_4 => \SPIM:BSPIM:rx_status_4\ );
    Properties:
    {
        cy_force_order = 1
        cy_int_mask = "0000000"
        cy_md_select = "1000000"
    }
    Clock Polarity: Active High
    Clock Enable: True

Intr container @ [IntrContainer=(0)]: 
  Intr@ [IntrContainer=(0)][IntrId=(1)] 
    interrupt: Name =SW2_Interrupt
        PORT MAP (
            interrupt => Net_497 );
        Properties:
        {
            int_type = "10"
            is_nmi = 0
        }
  Intr@ [IntrContainer=(0)][IntrId=(2)] 
    interrupt: Name =isr_sar_adc
        PORT MAP (
            interrupt => Net_2731 );
        Properties:
        {
            int_type = "00"
            is_nmi = 0
        }
  Intr@ [IntrContainer=(0)][IntrId=(12)] 
    interrupt: Name =\BLE_1:bless_isr\
        PORT MAP (
            interrupt => \BLE_1:Net_15\ );
        Properties:
        {
            int_type = "10"
            is_nmi = 0
        }
  Intr@ [IntrContainer=(0)][IntrId=(15)] 
    interrupt: Name =\ADC_SAR:IRQ\
        PORT MAP (
            interrupt => \ADC_SAR:Net_3112\ );
        Properties:
        {
            int_type = "10"
            is_nmi = 0
        }
  Intr@ [IntrContainer=(0)][IntrId=(16)] 
    interrupt: Name =\CapSense:ISR\
        PORT MAP (
            interrupt => \CapSense:Net_815\ );
        Properties:
        {
            int_type = "10"
            is_nmi = 0
        }
Drq container @ [DrqContainer=(0)]: empty
Port 0 contains the following IO cells:
[IoId=0]: 
Pin : Name = LED_D(0)
    Attributes:
        In Group/Port: True
        In Sync Option: AUTO
        Out Sync Option: NOSYNC
        Interrupt generated: False
        Interrupt mode: NONE
        Drive mode: CMOS_OUT
        VTrip: EITHER
        Slew: FAST
        Input Sync needed: False
        Output Sync needed: False
        SC shield enabled: False
        POR State: ANY
        LCD Mode: COMMON
        Register Mode: RegComb
        CaSense Mode: NEITHER
        Treat as pin: False
        Is OE Registered: False
        Uses Analog: False
        Can contain Digital: True
        Is SIO: False
        SIO Output Buf: NONREGULATED
        SIO Input Buf: SINGLE_ENDED
        SIO HiFreq: LOW
        SIO Hyst: DISABLED
        SIO Vtrip: MULTIPLIER_0_5
        SIO Multiplier Index: 0
        SIO RefSel: VCC_IO
        Required Capabilities: DIGITAL
        Initial Value: 0
        IO Voltage: 0
    PORT MAP (
        pa_out => LED_D(0)__PA ,
        annotation => Net_99 ,
        pad => LED_D(0)_PAD );
    Properties:
    {
    }

[IoId=1]: 
Pin : Name = LED_D(1)
    Attributes:
        In Group/Port: True
        In Sync Option: AUTO
        Out Sync Option: NOSYNC
        Interrupt generated: False
        Interrupt mode: NONE
        Drive mode: CMOS_OUT
        VTrip: EITHER
        Slew: FAST
        Input Sync needed: False
        Output Sync needed: False
        SC shield enabled: False
        POR State: ANY
        LCD Mode: COMMON
        Register Mode: RegComb
        CaSense Mode: NEITHER
        Treat as pin: False
        Is OE Registered: False
        Uses Analog: False
        Can contain Digital: True
        Is SIO: False
        SIO Output Buf: NONREGULATED
        SIO Input Buf: SINGLE_ENDED
        SIO HiFreq: LOW
        SIO Hyst: DISABLED
        SIO Vtrip: MULTIPLIER_0_5
        SIO Multiplier Index: 0
        SIO RefSel: VCC_IO
        Required Capabilities: DIGITAL
        Initial Value: 0
        IO Voltage: 0
    PORT MAP (
        pa_out => LED_D(1)__PA ,
        annotation => Net_102 ,
        pad => LED_D(1)_PAD );
    Properties:
    {
    }

[IoId=2]: 
Pin : Name = LED_D(2)
    Attributes:
        In Group/Port: True
        In Sync Option: AUTO
        Out Sync Option: NOSYNC
        Interrupt generated: False
        Interrupt mode: NONE
        Drive mode: CMOS_OUT
        VTrip: EITHER
        Slew: FAST
        Input Sync needed: False
        Output Sync needed: False
        SC shield enabled: False
        POR State: ANY
        LCD Mode: COMMON
        Register Mode: RegComb
        CaSense Mode: NEITHER
        Treat as pin: False
        Is OE Registered: False
        Uses Analog: False
        Can contain Digital: True
        Is SIO: False
        SIO Output Buf: NONREGULATED
        SIO Input Buf: SINGLE_ENDED
        SIO HiFreq: LOW
        SIO Hyst: DISABLED
        SIO Vtrip: MULTIPLIER_0_5
        SIO Multiplier Index: 0
        SIO RefSel: VCC_IO
        Required Capabilities: DIGITAL
        Initial Value: 0
        IO Voltage: 0
    PORT MAP (
        pa_out => LED_D(2)__PA ,
        annotation => Net_35 ,
        pad => LED_D(2)_PAD );
    Properties:
    {
    }

[IoId=3]: 
Pin : Name = LED_D(3)
    Attributes:
        In Group/Port: True
        In Sync Option: AUTO
        Out Sync Option: NOSYNC
        Interrupt generated: False
        Interrupt mode: NONE
        Drive mode: CMOS_OUT
        VTrip: EITHER
        Slew: FAST
        Input Sync needed: False
        Output Sync needed: False
        SC shield enabled: False
        POR State: ANY
        LCD Mode: COMMON
        Register Mode: RegComb
        CaSense Mode: NEITHER
        Treat as pin: False
        Is OE Registered: False
        Uses Analog: False
        Can contain Digital: True
        Is SIO: False
        SIO Output Buf: NONREGULATED
        SIO Input Buf: SINGLE_ENDED
        SIO HiFreq: LOW
        SIO Hyst: DISABLED
        SIO Vtrip: MULTIPLIER_0_5
        SIO Multiplier Index: 0
        SIO RefSel: VCC_IO
        Required Capabilities: DIGITAL
        Initial Value: 0
        IO Voltage: 0
    PORT MAP (
        pa_out => LED_D(3)__PA ,
        annotation => Net_36 ,
        pad => LED_D(3)_PAD );
    Properties:
    {
    }

[IoId=5]: 
Pin : Name = Pin_SPI_MOSI(0)
    Attributes:
        In Group/Port: True
        In Sync Option: AUTO
        Out Sync Option: NOSYNC
        Interrupt generated: False
        Interrupt mode: NONE
        Drive mode: CMOS_OUT
        VTrip: EITHER
        Slew: FAST
        Input Sync needed: False
        Output Sync needed: False
        SC shield enabled: False
        POR State: ANY
        LCD Mode: COMMON
        Register Mode: RegComb
        CaSense Mode: NEITHER
        Treat as pin: True
        Is OE Registered: False
        Uses Analog: False
        Can contain Digital: True
        Is SIO: False
        SIO Output Buf: NONREGULATED
        SIO Input Buf: SINGLE_ENDED
        SIO HiFreq: LOW
        SIO Hyst: DISABLED
        SIO Vtrip: MULTIPLIER_0_5
        SIO Multiplier Index: 0
        SIO RefSel: VCC_IO
        Required Capabilities: DIGITAL, ROUTABLE
        Initial Value: 1
        IO Voltage: 0
    PORT MAP (
        pa_out => Pin_SPI_MOSI(0)__PA ,
        pin_input => Net_248 ,
        pad => Pin_SPI_MOSI(0)_PAD );
    Properties:
    {
    }

Port 1 contains the following IO cells:
[IoId=0]: 
Pin : Name = Pin_SPI_SCLK(0)
    Attributes:
        In Group/Port: True
        In Sync Option: AUTO
        Out Sync Option: NOSYNC
        Interrupt generated: False
        Interrupt mode: NONE
        Drive mode: CMOS_OUT
        VTrip: EITHER
        Slew: FAST
        Input Sync needed: False
        Output Sync needed: False
        SC shield enabled: False
        POR State: ANY
        LCD Mode: COMMON
        Register Mode: RegComb
        CaSense Mode: NEITHER
        Treat as pin: True
        Is OE Registered: False
        Uses Analog: False
        Can contain Digital: True
        Is SIO: False
        SIO Output Buf: NONREGULATED
        SIO Input Buf: SINGLE_ENDED
        SIO HiFreq: LOW
        SIO Hyst: DISABLED
        SIO Vtrip: MULTIPLIER_0_5
        SIO Multiplier Index: 0
        SIO RefSel: VCC_IO
        Required Capabilities: DIGITAL, ROUTABLE
        Initial Value: 1
        IO Voltage: 0
    PORT MAP (
        pa_out => Pin_SPI_SCLK(0)__PA ,
        pin_input => Net_2750 ,
        pad => Pin_SPI_SCLK(0)_PAD );
    Properties:
    {
    }

[IoId=3]: 
Pin : Name = Pin_SPI_SS(0)
    Attributes:
        In Group/Port: True
        In Sync Option: AUTO
        Out Sync Option: NOSYNC
        Interrupt generated: False
        Interrupt mode: NONE
        Drive mode: CMOS_OUT
        VTrip: EITHER
        Slew: FAST
        Input Sync needed: False
        Output Sync needed: False
        SC shield enabled: False
        POR State: ANY
        LCD Mode: COMMON
        Register Mode: RegComb
        CaSense Mode: NEITHER
        Treat as pin: True
        Is OE Registered: False
        Uses Analog: False
        Can contain Digital: True
        Is SIO: False
        SIO Output Buf: NONREGULATED
        SIO Input Buf: SINGLE_ENDED
        SIO HiFreq: LOW
        SIO Hyst: DISABLED
        SIO Vtrip: MULTIPLIER_0_5
        SIO Multiplier Index: 0
        SIO RefSel: VCC_IO
        Required Capabilities: DIGITAL, ROUTABLE
        Initial Value: 1
        IO Voltage: 0
    PORT MAP (
        pa_out => Pin_SPI_SS(0)__PA ,
        pin_input => Net_250 ,
        pad => Pin_SPI_SS(0)_PAD );
    Properties:
    {
    }

[IoId=4]: 
Pin : Name = \UART_DEB:rx(0)\
    Attributes:
        In Group/Port: True
        In Sync Option: NOSYNC
        Out Sync Option: AUTO
        Interrupt generated: False
        Interrupt mode: NONE
        Drive mode: HI_Z_DIGITAL
        VTrip: CMOS
        Slew: FAST
        Input Sync needed: False
        Output Sync needed: False
        SC shield enabled: False
        POR State: ANY
        LCD Mode: COMMON
        Register Mode: RegComb
        CaSense Mode: NEITHER
        Treat as pin: True
        Is OE Registered: False
        Uses Analog: False
        Can contain Digital: True
        Is SIO: False
        SIO Output Buf: NONREGULATED
        SIO Input Buf: SINGLE_ENDED
        SIO HiFreq: LOW
        SIO Hyst: DISABLED
        SIO Vtrip: MULTIPLIER_0_5
        SIO Multiplier Index: 0
        SIO RefSel: VCC_IO
        Required Capabilities: DIGITAL
        Initial Value: 0
        IO Voltage: 0
    PORT MAP (
        pa_out => \UART_DEB:rx(0)\__PA ,
        fb => \UART_DEB:rx_wire\ ,
        pad => \UART_DEB:rx(0)_PAD\ );
    Properties:
    {
    }

[IoId=5]: 
Pin : Name = \UART_DEB:tx(0)\
    Attributes:
        In Group/Port: True
        In Sync Option: NOSYNC
        Out Sync Option: NOSYNC
        Interrupt generated: False
        Interrupt mode: NONE
        Drive mode: CMOS_OUT
        VTrip: CMOS
        Slew: FAST
        Input Sync needed: False
        Output Sync needed: False
        SC shield enabled: False
        POR State: ANY
        LCD Mode: COMMON
        Register Mode: RegComb
        CaSense Mode: NEITHER
        Treat as pin: True
        Is OE Registered: False
        Uses Analog: False
        Can contain Digital: True
        Is SIO: False
        SIO Output Buf: NONREGULATED
        SIO Input Buf: SINGLE_ENDED
        SIO HiFreq: LOW
        SIO Hyst: DISABLED
        SIO Vtrip: MULTIPLIER_0_5
        SIO Multiplier Index: 0
        SIO RefSel: VCC_IO
        Required Capabilities: DIGITAL
        Initial Value: 1
        IO Voltage: 0
    PORT MAP (
        pa_out => \UART_DEB:tx(0)\__PA ,
        pin_input => \UART_DEB:tx_wire\ ,
        pad => \UART_DEB:tx(0)_PAD\ );
    Properties:
    {
    }

Port 2 generates interrupt for logical port:
    logicalport: Name =SW2
        PORT MAP (
            in_clock_en => one ,
            in_reset => zero ,
            out_clock_en => one ,
            out_reset => zero ,
            interrupt => Net_820 );
        Properties:
        {
            drive_mode = "010"
            ibuf_enabled = "1"
            id = "44906eef-7414-4079-8114-eb0c25d01ec7"
            init_dr_st = "1"
            input_buffer_sel = "00"
            input_clk_en = 0
            input_sync = "0"
            input_sync_mode = "0"
            intr_mode = "11"
            invert_in_clock = 0
            invert_in_clock_en = 0
            invert_in_reset = 0
            invert_out_clock = 0
            invert_out_clock_en = 0
            invert_out_reset = 0
            io_voltage = ""
            layout_mode = "CONTIGUOUS"
            oe_conn = "0"
            oe_reset = 0
            oe_sync = "0"
            output_clk_en = 0
            output_clock_mode = "0"
            output_conn = "0"
            output_mode = "0"
            output_reset = 0
            output_sync = "0"
            ovt_hyst_trim = "0"
            ovt_needed = "0"
            ovt_slew_control = "00"
            pa_in_clock = -1
            pa_in_clock_en = -1
            pa_in_reset = -1
            pa_out_clock = -1
            pa_out_clock_en = -1
            pa_out_reset = -1
            pin_aliases = ""
            pin_mode = "I"
            por_state = 4
            port_alias_group = ""
            port_alias_required = 0
            sio_group_cnt = 0
            sio_hifreq = "00000000"
            sio_hyst = "1"
            sio_ibuf = "00000000"
            sio_info = "00"
            sio_obuf = "00000000"
            sio_refsel = "00000000"
            sio_vohsel = "00000000"
            sio_vtrip = "00000000"
            slew_rate = "0"
            spanning = 0
            sw_only = 0
            use_annotation = "1"
            vtrip = "00"
            width = 1
        }
    and contains the following IO cells:
[IoId=1]: 
Pin : Name = \CapSense:Sns(0)\
    Attributes:
        Alias: LinearSlider0_Sns0
        In Group/Port: True
        In Sync Option: AUTO
        Out Sync Option: AUTO
        Interrupt generated: False
        Interrupt mode: NONE
        Drive mode: HI_Z_ANALOG
        VTrip: EITHER
        Slew: FAST
        Input Sync needed: False
        Output Sync needed: False
        SC shield enabled: False
        POR State: ANY
        LCD Mode: COMMON
        Register Mode: RegComb
        CaSense Mode: NEITHER
        Treat as pin: True
        Is OE Registered: False
        Uses Analog: True
        Can contain Digital: False
        Is SIO: False
        SIO Output Buf: NONREGULATED
        SIO Input Buf: SINGLE_ENDED
        SIO HiFreq: LOW
        SIO Hyst: DISABLED
        SIO Vtrip: MULTIPLIER_0_5
        SIO Multiplier Index: 0
        SIO RefSel: VCC_IO
        Required Capabilities: ANALOG
        Initial Value: 0
        IO Voltage: 0
    PORT MAP (
        pa_out => \CapSense:Sns(0)\__PA ,
        analog_term => \CapSense:Net_1909_0\ ,
        pad => \CapSense:Sns(0)_PAD\ );
    Properties:
    {
    }

[IoId=2]: 
Pin : Name = \CapSense:Sns(1)\
    Attributes:
        Alias: LinearSlider0_Sns1
        In Group/Port: True
        In Sync Option: AUTO
        Out Sync Option: AUTO
        Interrupt generated: False
        Interrupt mode: NONE
        Drive mode: HI_Z_ANALOG
        VTrip: EITHER
        Slew: FAST
        Input Sync needed: False
        Output Sync needed: False
        SC shield enabled: False
        POR State: ANY
        LCD Mode: COMMON
        Register Mode: RegComb
        CaSense Mode: NEITHER
        Treat as pin: True
        Is OE Registered: False
        Uses Analog: True
        Can contain Digital: False
        Is SIO: False
        SIO Output Buf: NONREGULATED
        SIO Input Buf: SINGLE_ENDED
        SIO HiFreq: LOW
        SIO Hyst: DISABLED
        SIO Vtrip: MULTIPLIER_0_5
        SIO Multiplier Index: 0
        SIO RefSel: VCC_IO
        Required Capabilities: ANALOG
        Initial Value: 1
        IO Voltage: 0
    PORT MAP (
        pa_out => \CapSense:Sns(1)\__PA ,
        analog_term => \CapSense:Net_1909_0\ ,
        pad => \CapSense:Sns(1)_PAD\ );
    Properties:
    {
    }

[IoId=3]: 
Pin : Name = \CapSense:Sns(2)\
    Attributes:
        Alias: LinearSlider0_Sns2
        In Group/Port: True
        In Sync Option: AUTO
        Out Sync Option: AUTO
        Interrupt generated: False
        Interrupt mode: NONE
        Drive mode: HI_Z_ANALOG
        VTrip: EITHER
        Slew: FAST
        Input Sync needed: False
        Output Sync needed: False
        SC shield enabled: False
        POR State: ANY
        LCD Mode: COMMON
        Register Mode: RegComb
        CaSense Mode: NEITHER
        Treat as pin: True
        Is OE Registered: False
        Uses Analog: True
        Can contain Digital: False
        Is SIO: False
        SIO Output Buf: NONREGULATED
        SIO Input Buf: SINGLE_ENDED
        SIO HiFreq: LOW
        SIO Hyst: DISABLED
        SIO Vtrip: MULTIPLIER_0_5
        SIO Multiplier Index: 0
        SIO RefSel: VCC_IO
        Required Capabilities: ANALOG
        Initial Value: 1
        IO Voltage: 0
    PORT MAP (
        pa_out => \CapSense:Sns(2)\__PA ,
        analog_term => \CapSense:Net_1909_0\ ,
        pad => \CapSense:Sns(2)_PAD\ );
    Properties:
    {
    }

[IoId=4]: 
Pin : Name = \CapSense:Sns(3)\
    Attributes:
        Alias: LinearSlider0_Sns3
        In Group/Port: True
        In Sync Option: AUTO
        Out Sync Option: AUTO
        Interrupt generated: False
        Interrupt mode: NONE
        Drive mode: HI_Z_ANALOG
        VTrip: EITHER
        Slew: FAST
        Input Sync needed: False
        Output Sync needed: False
        SC shield enabled: False
        POR State: ANY
        LCD Mode: COMMON
        Register Mode: RegComb
        CaSense Mode: NEITHER
        Treat as pin: True
        Is OE Registered: False
        Uses Analog: True
        Can contain Digital: False
        Is SIO: False
        SIO Output Buf: NONREGULATED
        SIO Input Buf: SINGLE_ENDED
        SIO HiFreq: LOW
        SIO Hyst: DISABLED
        SIO Vtrip: MULTIPLIER_0_5
        SIO Multiplier Index: 0
        SIO RefSel: VCC_IO
        Required Capabilities: ANALOG
        Initial Value: 1
        IO Voltage: 0
    PORT MAP (
        pa_out => \CapSense:Sns(3)\__PA ,
        analog_term => \CapSense:Net_1909_0\ ,
        pad => \CapSense:Sns(3)_PAD\ );
    Properties:
    {
    }

[IoId=5]: 
Pin : Name = \CapSense:Sns(4)\
    Attributes:
        Alias: LinearSlider0_Sns4
        In Group/Port: True
        In Sync Option: AUTO
        Out Sync Option: AUTO
        Interrupt generated: False
        Interrupt mode: NONE
        Drive mode: HI_Z_ANALOG
        VTrip: EITHER
        Slew: FAST
        Input Sync needed: False
        Output Sync needed: False
        SC shield enabled: False
        POR State: ANY
        LCD Mode: COMMON
        Register Mode: RegComb
        CaSense Mode: NEITHER
        Treat as pin: True
        Is OE Registered: False
        Uses Analog: True
        Can contain Digital: False
        Is SIO: False
        SIO Output Buf: NONREGULATED
        SIO Input Buf: SINGLE_ENDED
        SIO HiFreq: LOW
        SIO Hyst: DISABLED
        SIO Vtrip: MULTIPLIER_0_5
        SIO Multiplier Index: 0
        SIO RefSel: VCC_IO
        Required Capabilities: ANALOG
        Initial Value: 1
        IO Voltage: 0
    PORT MAP (
        pa_out => \CapSense:Sns(4)\__PA ,
        analog_term => \CapSense:Net_1909_0\ ,
        pad => \CapSense:Sns(4)_PAD\ );
    Properties:
    {
    }

[IoId=7]: 
Pin : Name = SW2(0)
    Attributes:
        In Group/Port: True
        In Sync Option: NOSYNC
        Out Sync Option: AUTO
        Interrupt generated: True
        Interrupt mode: ON_CHANGE
        Drive mode: RES_PULL_UP
        VTrip: CMOS
        Slew: FAST
        Input Sync needed: False
        Output Sync needed: False
        SC shield enabled: False
        POR State: ANY
        LCD Mode: COMMON
        Register Mode: RegComb
        CaSense Mode: NEITHER
        Treat as pin: False
        Is OE Registered: False
        Uses Analog: False
        Can contain Digital: True
        Is SIO: False
        SIO Output Buf: NONREGULATED
        SIO Input Buf: SINGLE_ENDED
        SIO HiFreq: LOW
        SIO Hyst: DISABLED
        SIO Vtrip: MULTIPLIER_0_5
        SIO Multiplier Index: 0
        SIO RefSel: VCC_IO
        Required Capabilities: DIGITAL, PORT_INTERRUPT
        Initial Value: 1
        IO Voltage: 0
    PORT MAP (
        pa_out => SW2(0)__PA ,
        annotation => Net_174 ,
        pad => SW2(0)_PAD );
    Properties:
    {
    }

Port 3 generates interrupt for logical port:
    logicalport: Name =Pin_Buttons
        PORT MAP (
            in_clock_en => one ,
            in_reset => zero ,
            out_clock_en => one ,
            out_reset => zero ,
            interrupt => Net_844 ,
            in_clock => ClockBlock_HFCLK );
        Properties:
        {
            drive_mode = "001001001"
            ibuf_enabled = "111"
            id = "8d318d8b-cf7b-4b6b-b02c-ab1c5c49d0ba"
            init_dr_st = "000"
            input_buffer_sel = "000000"
            input_clk_en = 0
            input_sync = "111"
            input_sync_mode = "000"
            intr_mode = "111111"
            invert_in_clock = 0
            invert_in_clock_en = 0
            invert_in_reset = 0
            invert_out_clock = 0
            invert_out_clock_en = 0
            invert_out_reset = 0
            io_voltage = ",,"
            layout_mode = "CONTIGUOUS"
            oe_conn = "000"
            oe_reset = 0
            oe_sync = "000"
            output_clk_en = 0
            output_clock_mode = "000"
            output_conn = "000"
            output_mode = "000"
            output_reset = 0
            output_sync = "000"
            ovt_hyst_trim = "000"
            ovt_needed = "000"
            ovt_slew_control = "000000"
            pa_in_clock = -1
            pa_in_clock_en = -1
            pa_in_reset = -1
            pa_out_clock = -1
            pa_out_clock_en = -1
            pa_out_reset = -1
            pin_aliases = ",,"
            pin_mode = "III"
            por_state = 4
            port_alias_group = ""
            port_alias_required = 0
            sio_group_cnt = 0
            sio_hifreq = "00000000"
            sio_hyst = "111"
            sio_ibuf = "00000000"
            sio_info = "000000"
            sio_obuf = "00000000"
            sio_refsel = "00000000"
            sio_vohsel = "00000000"
            sio_vtrip = "00000000"
            slew_rate = "000"
            spanning = 0
            sw_only = 0
            use_annotation = "111"
            vtrip = "000000"
            width = 3
        }
    and contains the following IO cells:
[IoId=0]: 
Pin : Name = Pin_Potentiometr(0)
    Attributes:
        In Group/Port: True
        In Sync Option: AUTO
        Out Sync Option: AUTO
        Interrupt generated: False
        Interrupt mode: NONE
        Drive mode: HI_Z_ANALOG
        VTrip: EITHER
        Slew: FAST
        Input Sync needed: False
        Output Sync needed: False
        SC shield enabled: False
        POR State: ANY
        LCD Mode: COMMON
        Register Mode: RegComb
        CaSense Mode: NEITHER
        Treat as pin: True
        Is OE Registered: False
        Uses Analog: True
        Can contain Digital: False
        Is SIO: False
        SIO Output Buf: NONREGULATED
        SIO Input Buf: SINGLE_ENDED
        SIO HiFreq: LOW
        SIO Hyst: DISABLED
        SIO Vtrip: MULTIPLIER_0_5
        SIO Multiplier Index: 0
        SIO RefSel: VCC_IO
        Required Capabilities: ANALOG
        Initial Value: 1
        IO Voltage: 0
    PORT MAP (
        pa_out => Pin_Potentiometr(0)__PA ,
        analog_term => Net_2738 ,
        pad => Pin_Potentiometr(0)_PAD );
    Properties:
    {
    }

[IoId=1]: 
Pin : Name = Pin_Buttons(0)
    Attributes:
        In Group/Port: True
        In Sync Option: SYNC
        Out Sync Option: AUTO
        Interrupt generated: True
        Interrupt mode: ON_CHANGE
        Drive mode: HI_Z_DIGITAL
        VTrip: CMOS
        Slew: FAST
        Input Sync needed: True
        Output Sync needed: False
        SC shield enabled: False
        POR State: ANY
        LCD Mode: COMMON
        Register Mode: RegComb
        CaSense Mode: NEITHER
        Treat as pin: False
        Is OE Registered: False
        Uses Analog: False
        Can contain Digital: True
        Is SIO: False
        SIO Output Buf: NONREGULATED
        SIO Input Buf: SINGLE_ENDED
        SIO HiFreq: LOW
        SIO Hyst: DISABLED
        SIO Vtrip: MULTIPLIER_0_5
        SIO Multiplier Index: 0
        SIO RefSel: VCC_IO
        Required Capabilities: DIGITAL, ROUTABLE, PORT_INTERRUPT
        Initial Value: 0
        IO Voltage: 0
    PORT MAP (
        pa_out => Pin_Buttons(0)__PA ,
        annotation => Net_71 ,
        pad => Pin_Buttons(0)_PAD );
    Properties:
    {
    }

[IoId=2]: 
Pin : Name = Pin_Buttons(1)
    Attributes:
        In Group/Port: True
        In Sync Option: SYNC
        Out Sync Option: AUTO
        Interrupt generated: True
        Interrupt mode: ON_CHANGE
        Drive mode: HI_Z_DIGITAL
        VTrip: CMOS
        Slew: FAST
        Input Sync needed: True
        Output Sync needed: False
        SC shield enabled: False
        POR State: ANY
        LCD Mode: COMMON
        Register Mode: RegComb
        CaSense Mode: NEITHER
        Treat as pin: False
        Is OE Registered: False
        Uses Analog: False
        Can contain Digital: True
        Is SIO: False
        SIO Output Buf: NONREGULATED
        SIO Input Buf: SINGLE_ENDED
        SIO HiFreq: LOW
        SIO Hyst: DISABLED
        SIO Vtrip: MULTIPLIER_0_5
        SIO Multiplier Index: 0
        SIO RefSel: VCC_IO
        Required Capabilities: DIGITAL, ROUTABLE, PORT_INTERRUPT
        Initial Value: 0
        IO Voltage: 0
    PORT MAP (
        pa_out => Pin_Buttons(1)__PA ,
        annotation => Net_72 ,
        pad => Pin_Buttons(1)_PAD );
    Properties:
    {
    }

[IoId=3]: 
Pin : Name = Pin_Buttons(2)
    Attributes:
        In Group/Port: True
        In Sync Option: SYNC
        Out Sync Option: AUTO
        Interrupt generated: True
        Interrupt mode: ON_CHANGE
        Drive mode: HI_Z_DIGITAL
        VTrip: CMOS
        Slew: FAST
        Input Sync needed: True
        Output Sync needed: False
        SC shield enabled: False
        POR State: ANY
        LCD Mode: COMMON
        Register Mode: RegComb
        CaSense Mode: NEITHER
        Treat as pin: False
        Is OE Registered: False
        Uses Analog: False
        Can contain Digital: True
        Is SIO: False
        SIO Output Buf: NONREGULATED
        SIO Input Buf: SINGLE_ENDED
        SIO HiFreq: LOW
        SIO Hyst: DISABLED
        SIO Vtrip: MULTIPLIER_0_5
        SIO Multiplier Index: 0
        SIO RefSel: VCC_IO
        Required Capabilities: DIGITAL, ROUTABLE, PORT_INTERRUPT
        Initial Value: 0
        IO Voltage: 0
    PORT MAP (
        pa_out => Pin_Buttons(2)__PA ,
        annotation => Net_73 ,
        pad => Pin_Buttons(2)_PAD );
    Properties:
    {
    }

[IoId=6]: 
Pin : Name = Advertising_LED(0)
    Attributes:
        In Group/Port: True
        In Sync Option: AUTO
        Out Sync Option: NOSYNC
        Interrupt generated: False
        Interrupt mode: NONE
        Drive mode: CMOS_OUT
        VTrip: EITHER
        Slew: FAST
        Input Sync needed: False
        Output Sync needed: False
        SC shield enabled: False
        POR State: ANY
        LCD Mode: COMMON
        Register Mode: RegComb
        CaSense Mode: NEITHER
        Treat as pin: True
        Is OE Registered: False
        Uses Analog: False
        Can contain Digital: True
        Is SIO: False
        SIO Output Buf: NONREGULATED
        SIO Input Buf: SINGLE_ENDED
        SIO HiFreq: LOW
        SIO Hyst: DISABLED
        SIO Vtrip: MULTIPLIER_0_5
        SIO Multiplier Index: 0
        SIO RefSel: VCC_IO
        Required Capabilities: DIGITAL
        Initial Value: 0
        IO Voltage: 0
    PORT MAP (
        pa_out => Advertising_LED(0)__PA ,
        annotation => Net_62 ,
        pad => Advertising_LED(0)_PAD );
    Properties:
    {
    }

[IoId=7]: 
Pin : Name = Digtal_Output_LED(0)
    Attributes:
        In Group/Port: True
        In Sync Option: AUTO
        Out Sync Option: NOSYNC
        Interrupt generated: False
        Interrupt mode: NONE
        Drive mode: CMOS_OUT
        VTrip: EITHER
        Slew: FAST
        Input Sync needed: False
        Output Sync needed: False
        SC shield enabled: False
        POR State: ANY
        LCD Mode: COMMON
        Register Mode: RegComb
        CaSense Mode: NEITHER
        Treat as pin: True
        Is OE Registered: False
        Uses Analog: False
        Can contain Digital: True
        Is SIO: False
        SIO Output Buf: NONREGULATED
        SIO Input Buf: SINGLE_ENDED
        SIO HiFreq: LOW
        SIO Hyst: DISABLED
        SIO Vtrip: MULTIPLIER_0_5
        SIO Multiplier Index: 0
        SIO RefSel: VCC_IO
        Required Capabilities: DIGITAL, ROUTABLE
        Initial Value: 1
        IO Voltage: 0
    PORT MAP (
        pa_out => Digtal_Output_LED(0)__PA ,
        pin_input => Net_1929 ,
        annotation => Net_2755 ,
        pad => Digtal_Output_LED(0)_PAD );
    Properties:
    {
    }

Port 4 contains the following IO cells:
[IoId=0]: 
Pin : Name = \CapSense:Cmod(0)\
    Attributes:
        Alias: Cmod
        In Group/Port: True
        In Sync Option: AUTO
        Out Sync Option: AUTO
        Interrupt generated: False
        Interrupt mode: NONE
        Drive mode: HI_Z_ANALOG
        VTrip: EITHER
        Slew: FAST
        Input Sync needed: False
        Output Sync needed: False
        SC shield enabled: False
        POR State: ANY
        LCD Mode: COMMON
        Register Mode: RegComb
        CaSense Mode: NEITHER
        Treat as pin: True
        Is OE Registered: False
        Uses Analog: True
        Can contain Digital: False
        Is SIO: False
        SIO Output Buf: NONREGULATED
        SIO Input Buf: SINGLE_ENDED
        SIO HiFreq: LOW
        SIO Hyst: DISABLED
        SIO Vtrip: MULTIPLIER_0_5
        SIO Multiplier Index: 0
        SIO RefSel: VCC_IO
        Required Capabilities: ANALOG
        Initial Value: 0
        IO Voltage: 0
    PORT MAP (
        pa_out => \CapSense:Cmod(0)\__PA ,
        analog_term => \CapSense:Net_1909_0\ ,
        pad => \CapSense:Cmod(0)_PAD\ );
    Properties:
    {
    }

Port 5 contains the following IO cells:
Port 6 contains the following IO cells:
ARM group 0: empty
Clock group 0: 
    Clock Block @ F(Clock,0): 
    m0s8clockblockcell: Name =ClockBlock
        PORT MAP (
            hfclk => ClockBlock_HFCLK ,
            imo => ClockBlock_IMO ,
            ext => ClockBlock_EXTCLK ,
            sysclk => ClockBlock_SYSCLK ,
            eco => ClockBlock_ECO ,
            ilo => ClockBlock_ILO ,
            lfclk => ClockBlock_LFCLK ,
            wco => ClockBlock_WCO ,
            dsi_in_0 => ClockBlock_Routed1 ,
            ff_div_5 => \CapSense:Net_1946_ff5\ ,
            ff_div_4 => \CapSense:Net_1785_ff4\ ,
            udb_div_0 => dclk_to_genclk ,
            ff_div_6 => \ADC_SAR:Net_1845_ff6\ ,
            ff_div_1 => \UART_DEB:Net_847_ff1\ ,
            udb_div_1 => dclk_to_genclk_1 );
        Properties:
        {
        }
LCD group 0: empty
PICU group 0: empty
LPCOMP group 0: empty
SCB group 0: 
    SCB Block @ F(SCB,0): 
    m0s8scbcell: Name =\UART_DEB:SCB\
        PORT MAP (
            clock => \UART_DEB:Net_847_ff1\ ,
            interrupt => Net_220 ,
            uart_rx => \UART_DEB:rx_wire\ ,
            uart_tx => \UART_DEB:tx_wire\ ,
            uart_rts => \UART_DEB:rts_wire\ ,
            mosi_m => \UART_DEB:mosi_m_wire\ ,
            select_m_3 => \UART_DEB:select_m_wire_3\ ,
            select_m_2 => \UART_DEB:select_m_wire_2\ ,
            select_m_1 => \UART_DEB:select_m_wire_1\ ,
            select_m_0 => \UART_DEB:select_m_wire_0\ ,
            sclk_m => \UART_DEB:sclk_m_wire\ ,
            miso_s => \UART_DEB:miso_s_wire\ ,
            tr_tx_req => Net_223 ,
            tr_rx_req => Net_222 );
        Properties:
        {
            cy_registers = ""
            scb_mode = 2
        }
CSD group 0: 
    CapSense @ F(CSD,0): 
    p4csdcell: Name =\CapSense:CSD\
        PORT MAP (
            source => \CapSense:Net_1909_0\ ,
            shield => \CapSense:Net_817\ ,
            csh => \CapSense:Net_2084\ ,
            cmod => \CapSense:Net_804\ ,
            sense_out => \CapSense:Net_1913\ ,
            sample_out => \CapSense:Net_1911\ ,
            clk1 => \CapSense:Net_1785_ff4\ ,
            clk2 => \CapSense:Net_1946_ff5\ ,
            irq => \CapSense:Net_815\ );
        Properties:
        {
            cy_registers = ""
            ganged_csx = 0
            is_capsense = 1
            is_cmod_charge = 0
            is_csh_charge = 0
            is_mutual = 0
            rx_count = 1
            sense_as_shield = 0
            sensors_count = 5
            shield_as_sense = 0
            shield_count = 1
            tx_count = 1
        }
CSIDAC8 group 0: 
    8-bit IDAC @ F(CSIDAC8,0): 
    p4csidac8cell: Name =\CapSense:IDACMod:cy_psoc4_idac\
        PORT MAP (
            iout => \CapSense:Net_1909_0\ ,
            en => __ONE__ );
        Properties:
        {
            cy_registers = ""
            resolution = 8
        }
CSIDAC7 group 0: empty
TCPWM group 0: empty
OA group 0: empty
TEMP group 0: empty
SARADC group 0: 
    SAR ADC @ F(SARADC,0): 
    p4sarcell: Name =\ADC_SAR:cy_psoc4_sar\
        PORT MAP (
            vplus => Net_2738 ,
            vminus => \ADC_SAR:mux_bus_minus_0\ ,
            vref => \ADC_SAR:Net_3113\ ,
            ext_vref => \ADC_SAR:Net_3227\ ,
            clock => \ADC_SAR:Net_1845_ff6\ ,
            sample_done => Net_2732 ,
            chan_id_valid => \ADC_SAR:Net_3108\ ,
            chan_id_3 => \ADC_SAR:Net_3109_3\ ,
            chan_id_2 => \ADC_SAR:Net_3109_2\ ,
            chan_id_1 => \ADC_SAR:Net_3109_1\ ,
            chan_id_0 => \ADC_SAR:Net_3109_0\ ,
            data_valid => \ADC_SAR:Net_3110\ ,
            data_11 => \ADC_SAR:Net_3111_11\ ,
            data_10 => \ADC_SAR:Net_3111_10\ ,
            data_9 => \ADC_SAR:Net_3111_9\ ,
            data_8 => \ADC_SAR:Net_3111_8\ ,
            data_7 => \ADC_SAR:Net_3111_7\ ,
            data_6 => \ADC_SAR:Net_3111_6\ ,
            data_5 => \ADC_SAR:Net_3111_5\ ,
            data_4 => \ADC_SAR:Net_3111_4\ ,
            data_3 => \ADC_SAR:Net_3111_3\ ,
            data_2 => \ADC_SAR:Net_3111_2\ ,
            data_1 => \ADC_SAR:Net_3111_1\ ,
            data_0 => \ADC_SAR:Net_3111_0\ ,
            tr_sar_out => Net_2731 ,
            irq => \ADC_SAR:Net_3112\ );
        Properties:
        {
            cy_registers = ""
        }
CLK_GEN group 0: 
    M0S8 Clock Gen Block @ F(CLK_GEN,0): 
    m0s8clockgenblockcell: Name =ClockGenBlock
        PORT MAP (
            gen_clk_out_0 => \SPIM:Net_276_digital\ ,
            gen_clk_in_0 => dclk_to_genclk ,
            gen_clk_out_1 => Net_592_digital ,
            gen_clk_in_1 => dclk_to_genclk_1 );
        Properties:
        {
        }
LPCOMPBLOCK group 0: empty
PASSBLOCK group 0: empty
BLE group 0: 
    BLE Block @ F(BLE,0): 
    p4blecell: Name =\BLE_1:cy_m0s8_ble\
        PORT MAP (
            interrupt => \BLE_1:Net_15\ ,
            rfctrl_extpa_en => Net_242 );
        Properties:
        {
            cy_registers = ""
        }
WCO group 0: empty
SRSS group 0: empty
CPUSS group 0: empty
IOSS group 0: empty
EXCO group 0: empty
</CYPRESSTAG>
<CYPRESSTAG name="Port Configuration Details">

------------------------------------------------------------
Port Configuration report
------------------------------------------------------------
     |     |       | Interrupt |                  |                      | 
Port | Pin | Fixed |      Type |       Drive Mode |                 Name | Connections
-----+-----+-------+-----------+------------------+----------------------+------------------------------
   0 |   0 |     * |      NONE |         CMOS_OUT |             LED_D(0) | 
     |   1 |     * |      NONE |         CMOS_OUT |             LED_D(1) | 
     |   2 |     * |      NONE |         CMOS_OUT |             LED_D(2) | 
     |   3 |     * |      NONE |         CMOS_OUT |             LED_D(3) | 
     |   5 |     * |      NONE |         CMOS_OUT |      Pin_SPI_MOSI(0) | In(Net_248)
-----+-----+-------+-----------+------------------+----------------------+------------------------------
   1 |   0 |     * |      NONE |         CMOS_OUT |      Pin_SPI_SCLK(0) | In(Net_2750)
     |   3 |     * |      NONE |         CMOS_OUT |        Pin_SPI_SS(0) | In(Net_250)
     |   4 |     * |      NONE |     HI_Z_DIGITAL |     \UART_DEB:rx(0)\ | FB(\UART_DEB:rx_wire\)
     |   5 |     * |      NONE |         CMOS_OUT |     \UART_DEB:tx(0)\ | In(\UART_DEB:tx_wire\)
-----+-----+-------+-----------+------------------+----------------------+------------------------------
   2 |   1 |     * |      NONE |      HI_Z_ANALOG |    \CapSense:Sns(0)\ | Analog(\CapSense:Net_1909_0\)
     |   2 |     * |      NONE |      HI_Z_ANALOG |    \CapSense:Sns(1)\ | Analog(\CapSense:Net_1909_0\)
     |   3 |     * |      NONE |      HI_Z_ANALOG |    \CapSense:Sns(2)\ | Analog(\CapSense:Net_1909_0\)
     |   4 |     * |      NONE |      HI_Z_ANALOG |    \CapSense:Sns(3)\ | Analog(\CapSense:Net_1909_0\)
     |   5 |     * |      NONE |      HI_Z_ANALOG |    \CapSense:Sns(4)\ | Analog(\CapSense:Net_1909_0\)
     |   7 |     * | ON_CHANGE |      RES_PULL_UP |               SW2(0) | 
-----+-----+-------+-----------+------------------+----------------------+------------------------------
   3 |   0 |     * |      NONE |      HI_Z_ANALOG |  Pin_Potentiometr(0) | Analog(Net_2738)
     |   1 |     * | ON_CHANGE |     HI_Z_DIGITAL |       Pin_Buttons(0) | 
     |   2 |     * | ON_CHANGE |     HI_Z_DIGITAL |       Pin_Buttons(1) | 
     |   3 |     * | ON_CHANGE |     HI_Z_DIGITAL |       Pin_Buttons(2) | 
     |   6 |     * |      NONE |         CMOS_OUT |   Advertising_LED(0) | 
     |   7 |     * |      NONE |         CMOS_OUT | Digtal_Output_LED(0) | In(Net_1929)
-----+-----+-------+-----------+------------------+----------------------+------------------------------
   4 |   0 |     * |      NONE |      HI_Z_ANALOG |   \CapSense:Cmod(0)\ | Analog(\CapSense:Net_1909_0\)
--------------------------------------------------------------------------------------------------------
</CYPRESSTAG>
</CYPRESSTAG>
</CYPRESSTAG>
Digital component placer commit/Report: Elapsed time ==> 0s.030ms
Digital Placement phase: Elapsed time ==> 0s.634ms
</CYPRESSTAG>
<CYPRESSTAG name="Digital Routing">
"D:\PSoc\PSoC Creator\4.4\PSoC Creator\bin/sjrouter.exe" --xml-path "D:\PSoc\PSoC Creator\4.4\PSoC Creator\dev\psoc4/3/256dma/route_arch-rrg.cydata" --vh2-path "Lab_4_1_BLE_Automation_IO_r.vh2" --pcf-path "Lab_4_1_BLE_Automation_IO.pco" --des-name "Lab_4_1_BLE_Automation_IO" --dsf-path "Lab_4_1_BLE_Automation_IO.dsf" --sdc-path "Lab_4_1_BLE_Automation_IO.sdc" --lib-path "Lab_4_1_BLE_Automation_IO_r.lib"
Routing successful.
Digital Routing phase: Elapsed time ==> 0s.513ms
</CYPRESSTAG>
<CYPRESSTAG name="Bitstream Generation">
Bitstream Generation phase: Elapsed time ==> 0s.163ms
</CYPRESSTAG>
<CYPRESSTAG name="Bitstream Verification">
Bitstream Verification phase: Elapsed time ==> 0s.009ms
</CYPRESSTAG>
<CYPRESSTAG name="Static timing analysis">
Timing report is in Lab_4_1_BLE_Automation_IO_timing.html.
Static timing analysis phase: Elapsed time ==> 0s.204ms
</CYPRESSTAG>
<CYPRESSTAG name="Data reporting">
Data reporting phase: Elapsed time ==> 0s.000ms
</CYPRESSTAG>
<CYPRESSTAG name="Database update...">
Design database save phase: Elapsed time ==> 0s.222ms
</CYPRESSTAG>
cydsfit: Elapsed time ==> 2s.354ms
</CYPRESSTAG>
Fitter phase: Elapsed time ==> 2s.354ms
API generation phase: Elapsed time ==> 2s.418ms
Dependency generation phase: Elapsed time ==> 0s.017ms
Cleanup phase: Elapsed time ==> 0s.000ms
